date,1y,2y,3y,4y,5y,6y,7y,8y,9y,10y,15y,20y,25y,30y,40y
2013-01-04,0.101,0.097,0.097,0.148,0.203,0.321,0.474,0.609,0.737,0.835,1.39,1.777,1.9,1.984,2.149
2013-01-07,0.101,0.096,0.1,0.148,0.204,0.316,0.459,0.599,0.728,0.835,1.397,1.786,1.909,1.992,2.156
2013-01-08,0.101,0.096,0.099,0.153,0.21,0.316,0.461,0.6,0.728,0.825,1.392,1.786,1.912,1.996,2.158
2013-01-09,0.1,0.096,0.098,0.148,0.204,0.313,0.461,0.601,0.728,0.825,1.388,1.782,1.908,1.992,2.154
2013-01-10,0.1,0.096,0.098,0.144,0.196,0.305,0.456,0.596,0.729,0.825,1.388,1.782,1.909,1.987,2.154
2013-01-11,0.089,0.08,0.083,0.129,0.173,0.279,0.43,0.571,0.711,0.816,1.379,1.782,1.918,2.001,2.169
2013-01-15,0.08,0.08,0.078,0.124,0.163,0.253,0.392,0.532,0.666,0.773,1.341,1.756,1.896,1.989,2.158
2013-01-16,0.08,0.08,0.08,0.125,0.165,0.247,0.377,0.513,0.642,0.754,1.314,1.73,1.864,1.956,2.127
2013-01-17,0.08,0.08,0.08,0.12,0.161,0.243,0.371,0.503,0.631,0.742,1.315,1.735,1.873,1.964,2.139
2013-01-18,0.079,0.075,0.075,0.115,0.155,0.248,0.383,0.518,0.649,0.759,1.337,1.761,1.9,1.989,2.167
2013-01-21,0.079,0.075,0.075,0.116,0.155,0.239,0.369,0.505,0.634,0.745,1.309,1.735,1.873,1.958,2.145
2013-01-22,0.078,0.075,0.077,0.111,0.151,0.234,0.364,0.5,0.629,0.742,1.304,1.74,1.873,1.963,2.151
2013-01-23,0.088,0.085,0.086,0.121,0.162,0.245,0.375,0.51,0.635,0.741,1.304,1.73,1.859,1.953,2.138
2013-01-24,0.087,0.085,0.085,0.116,0.155,0.24,0.368,0.5,0.63,0.742,1.315,1.753,1.882,1.967,2.154
2013-01-25,0.08,0.079,0.08,0.111,0.151,0.235,0.358,0.49,0.621,0.733,1.315,1.766,1.895,1.985,2.172
2013-01-28,0.086,0.08,0.081,0.121,0.163,0.256,0.385,0.517,0.646,0.758,1.33,1.766,1.896,1.985,2.17
2013-01-29,0.086,0.08,0.081,0.121,0.164,0.266,0.409,0.541,0.667,0.777,1.35,1.771,1.899,1.985,2.167
2013-01-30,0.085,0.08,0.082,0.122,0.163,0.262,0.409,0.548,0.671,0.787,1.36,1.779,1.91,1.994,2.173
2013-01-31,0.075,0.067,0.07,0.111,0.152,0.243,0.383,0.523,0.647,0.763,1.336,1.766,1.893,1.975,2.157
2013-02-01,0.075,0.067,0.074,0.11,0.153,0.256,0.406,0.549,0.672,0.783,1.348,1.771,1.892,1.977,2.159
2013-02-04,0.073,0.067,0.076,0.125,0.169,0.288,0.446,0.59,0.713,0.817,1.378,1.789,1.911,1.994,2.175
2013-02-05,0.073,0.067,0.074,0.12,0.164,0.278,0.428,0.57,0.696,0.803,1.369,1.78,1.906,1.99,2.171
2013-02-06,0.063,0.051,0.06,0.11,0.153,0.263,0.414,0.555,0.682,0.784,1.36,1.78,1.908,1.99,2.171
2013-02-07,0.06,0.032,0.047,0.101,0.143,0.253,0.399,0.541,0.672,0.775,1.355,1.78,1.91,1.989,2.171
2013-02-08,0.059,0.032,0.046,0.101,0.143,0.254,0.395,0.531,0.668,0.769,1.346,1.771,1.901,1.982,2.162
2013-02-12,0.06,0.031,0.047,0.101,0.145,0.253,0.392,0.522,0.66,0.76,1.332,1.758,1.883,1.964,2.141
2013-02-13,0.06,0.03,0.046,0.102,0.145,0.246,0.381,0.512,0.65,0.751,1.323,1.749,1.874,1.957,2.133
2013-02-14,0.06,0.04,0.058,0.112,0.155,0.266,0.418,0.548,0.681,0.779,1.338,1.753,1.869,1.953,2.125
2013-02-15,0.07,0.045,0.053,0.107,0.151,0.253,0.399,0.528,0.658,0.761,1.319,1.74,1.851,1.936,2.109
2013-02-18,0.068,0.045,0.054,0.107,0.151,0.25,0.395,0.526,0.654,0.757,1.315,1.735,1.832,1.92,2.091
2013-02-19,0.067,0.045,0.053,0.103,0.14,0.24,0.385,0.516,0.645,0.754,1.315,1.739,1.828,1.916,2.078
2013-02-20,0.067,0.045,0.054,0.103,0.139,0.235,0.389,0.521,0.65,0.759,1.315,1.752,1.841,1.927,2.088
2013-02-21,0.066,0.045,0.054,0.103,0.139,0.23,0.381,0.517,0.645,0.754,1.314,1.757,1.854,1.94,2.092
2013-02-22,0.065,0.045,0.053,0.103,0.138,0.227,0.376,0.513,0.635,0.744,1.296,1.736,1.832,1.92,2.071
2013-02-25,0.063,0.045,0.055,0.097,0.129,0.215,0.361,0.494,0.617,0.724,1.277,1.723,1.818,1.907,2.059
2013-02-26,0.063,0.045,0.055,0.097,0.123,0.205,0.344,0.472,0.593,0.7,1.248,1.7,1.794,1.882,2.037
2013-02-27,0.062,0.045,0.055,0.097,0.124,0.197,0.329,0.458,0.579,0.686,1.219,1.676,1.777,1.867,2.021
2013-02-28,0.062,0.045,0.054,0.097,0.123,0.198,0.324,0.453,0.572,0.681,1.184,1.634,1.74,1.833,1.99
2013-03-01,0.061,0.045,0.054,0.096,0.124,0.196,0.325,0.448,0.568,0.678,1.174,1.603,1.703,1.794,1.95
2013-03-04,0.049,0.04,0.047,0.081,0.101,0.171,0.295,0.409,0.52,0.63,1.121,1.53,1.623,1.716,1.87
2013-03-05,0.048,0.04,0.047,0.09,0.117,0.193,0.331,0.444,0.556,0.656,1.164,1.577,1.671,1.762,1.903
2013-03-06,0.047,0.04,0.046,0.091,0.112,0.184,0.325,0.445,0.56,0.662,1.182,1.602,1.698,1.785,1.923
2013-03-07,0.046,0.04,0.046,0.091,0.111,0.179,0.321,0.45,0.565,0.666,1.206,1.634,1.726,1.813,1.937
2013-03-08,0.046,0.04,0.046,0.091,0.111,0.169,0.301,0.434,0.545,0.647,1.192,1.625,1.69,1.762,1.893
2013-03-11,0.043,0.04,0.047,0.095,0.115,0.175,0.303,0.442,0.553,0.652,1.207,1.656,1.722,1.783,1.915
2013-03-12,0.043,0.04,0.047,0.1,0.12,0.181,0.288,0.426,0.533,0.632,1.178,1.63,1.694,1.758,1.891
2013-03-13,0.042,0.04,0.046,0.1,0.12,0.185,0.293,0.422,0.529,0.623,1.148,1.604,1.675,1.744,1.878
2013-03-14,0.041,0.04,0.046,0.095,0.12,0.185,0.289,0.418,0.525,0.618,1.143,1.618,1.708,1.775,1.903
2013-03-15,0.05,0.045,0.046,0.097,0.12,0.186,0.289,0.418,0.525,0.615,1.133,1.606,1.703,1.771,1.891
2013-03-18,0.049,0.045,0.048,0.092,0.11,0.173,0.268,0.393,0.495,0.585,1.099,1.574,1.68,1.746,1.857
2013-03-19,0.049,0.045,0.047,0.097,0.116,0.172,0.275,0.398,0.501,0.591,1.099,1.561,1.666,1.733,1.843
2013-03-21,0.048,0.045,0.046,0.097,0.12,0.167,0.26,0.378,0.486,0.577,1.084,1.529,1.628,1.697,1.802
2013-03-22,0.048,0.045,0.049,0.097,0.12,0.16,0.245,0.363,0.471,0.562,1.069,1.497,1.58,1.651,1.757
2013-03-25,0.047,0.039,0.048,0.097,0.12,0.163,0.25,0.363,0.472,0.558,1.052,1.457,1.528,1.589,1.702
2013-03-26,0.046,0.039,0.047,0.097,0.116,0.153,0.24,0.349,0.456,0.544,1.055,1.474,1.561,1.62,1.735
2013-03-27,0.046,0.039,0.044,0.092,0.11,0.147,0.235,0.339,0.435,0.519,1.029,1.453,1.552,1.612,1.73
2013-03-28,0.046,0.046,0.05,0.096,0.117,0.151,0.235,0.339,0.435,0.514,1.008,1.426,1.532,1.594,1.711
2013-03-29,0.056,0.057,0.066,0.107,0.131,0.184,0.282,0.395,0.491,0.564,1.016,1.406,1.499,1.555,1.669
2013-04-01,0.06,0.055,0.069,0.116,0.137,0.184,0.283,0.391,0.487,0.565,1.059,1.44,1.532,1.586,1.699
2013-04-02,0.06,0.056,0.075,0.121,0.141,0.189,0.289,0.395,0.489,0.565,1.045,1.408,1.499,1.55,1.668
2013-04-03,0.06,0.056,0.075,0.123,0.137,0.174,0.274,0.385,0.474,0.555,1.037,1.413,1.508,1.559,1.671
2013-04-04,0.06,0.058,0.078,0.118,0.131,0.148,0.221,0.305,0.373,0.442,0.829,1.176,1.237,1.291,1.405
2013-04-05,0.08,0.082,0.107,0.162,0.18,0.246,0.379,0.456,0.491,0.534,0.852,1.17,1.233,1.279,1.368
2013-04-08,0.09,0.094,0.116,0.17,0.184,0.226,0.352,0.447,0.483,0.525,0.898,1.26,1.336,1.375,1.441
2013-04-09,0.1,0.108,0.133,0.184,0.198,0.207,0.322,0.44,0.484,0.531,0.951,1.326,1.41,1.438,1.487
2013-04-10,0.118,0.123,0.176,0.246,0.27,0.277,0.383,0.505,0.539,0.585,1.017,1.386,1.474,1.497,1.533
2013-04-11,0.109,0.119,0.149,0.188,0.205,0.221,0.322,0.462,0.509,0.555,1.039,1.432,1.532,1.545,1.566
2013-04-12,0.118,0.129,0.167,0.23,0.256,0.303,0.421,0.561,0.592,0.623,1.09,1.476,1.576,1.584,1.599
2013-04-15,0.11,0.13,0.174,0.242,0.271,0.335,0.445,0.58,0.617,0.648,1.126,1.528,1.631,1.64,1.652
2013-04-16,0.11,0.13,0.168,0.227,0.263,0.314,0.404,0.525,0.563,0.595,1.09,1.501,1.614,1.633,1.648
2013-04-17,0.11,0.13,0.163,0.212,0.249,0.305,0.406,0.525,0.569,0.604,1.11,1.533,1.647,1.668,1.696
2013-04-18,0.111,0.13,0.16,0.204,0.239,0.281,0.376,0.484,0.546,0.589,1.071,1.501,1.609,1.633,1.666
2013-04-19,0.111,0.125,0.147,0.193,0.224,0.271,0.366,0.458,0.534,0.584,1.025,1.442,1.552,1.581,1.625
2013-04-22,0.112,0.125,0.147,0.199,0.23,0.291,0.392,0.484,0.559,0.612,1.062,1.482,1.6,1.628,1.676
2013-04-23,0.112,0.12,0.146,0.197,0.226,0.275,0.366,0.459,0.534,0.589,1.037,1.454,1.574,1.606,1.659
2013-04-24,0.113,0.12,0.148,0.201,0.229,0.279,0.371,0.47,0.544,0.6,1.053,1.485,1.6,1.629,1.683
2013-04-25,0.113,0.123,0.152,0.206,0.237,0.278,0.362,0.455,0.529,0.585,1.038,1.486,1.605,1.637,1.697
2013-04-26,0.113,0.124,0.156,0.216,0.248,0.289,0.37,0.464,0.538,0.594,1.045,1.483,1.598,1.631,1.693
2013-04-30,0.115,0.122,0.156,0.217,0.25,0.298,0.383,0.475,0.549,0.611,1.06,1.49,1.592,1.623,1.687
2013-05-01,0.115,0.115,0.143,0.202,0.235,0.278,0.361,0.455,0.529,0.591,1.04,1.468,1.572,1.611,1.672
2013-05-02,0.105,0.111,0.132,0.185,0.217,0.247,0.326,0.42,0.5,0.563,1.025,1.458,1.568,1.611,1.672
2013-05-07,0.107,0.112,0.135,0.193,0.233,0.275,0.365,0.458,0.535,0.598,1.057,1.49,1.601,1.647,1.701
2013-05-08,0.108,0.113,0.135,0.188,0.229,0.271,0.365,0.459,0.535,0.598,1.062,1.504,1.611,1.66,1.714
2013-05-09,0.108,0.113,0.135,0.188,0.23,0.272,0.365,0.459,0.535,0.599,1.067,1.51,1.625,1.682,1.734
2013-05-10,0.109,0.113,0.16,0.237,0.287,0.351,0.47,0.565,0.64,0.7,1.144,1.563,1.672,1.725,1.779
2013-05-13,0.11,0.125,0.188,0.278,0.339,0.419,0.547,0.646,0.719,0.778,1.222,1.615,1.719,1.767,1.82
2013-05-14,0.11,0.135,0.235,0.338,0.405,0.498,0.632,0.736,0.8,0.853,1.285,1.646,1.742,1.784,1.845
2013-05-15,0.11,0.135,0.245,0.358,0.431,0.523,0.658,0.764,0.824,0.868,1.311,1.655,1.746,1.787,1.862
2013-05-16,0.11,0.13,0.223,0.328,0.404,0.494,0.623,0.729,0.794,0.843,1.299,1.655,1.751,1.792,1.876
2013-05-17,0.111,0.13,0.202,0.308,0.377,0.455,0.578,0.688,0.751,0.806,1.28,1.652,1.751,1.793,1.891
2013-05-20,0.111,0.131,0.209,0.328,0.41,0.496,0.638,0.751,0.806,0.849,1.316,1.678,1.779,1.818,1.911
2013-05-21,0.112,0.131,0.209,0.331,0.421,0.515,0.661,0.775,0.836,0.882,1.341,1.691,1.798,1.839,1.948
2013-05-22,0.112,0.125,0.199,0.312,0.412,0.511,0.661,0.775,0.84,0.886,1.361,1.704,1.824,1.868,1.974
2013-05-23,0.112,0.12,0.171,0.271,0.366,0.458,0.597,0.716,0.786,0.835,1.316,1.673,1.793,1.843,1.951
2013-05-24,0.113,0.125,0.176,0.277,0.377,0.474,0.617,0.736,0.797,0.842,1.312,1.668,1.785,1.835,1.943
2013-05-27,0.114,0.125,0.172,0.27,0.367,0.461,0.608,0.732,0.792,0.84,1.293,1.65,1.762,1.814,1.918
2013-05-28,0.114,0.131,0.197,0.31,0.414,0.516,0.666,0.797,0.861,0.905,1.342,1.681,1.785,1.832,1.934
2013-05-29,0.114,0.142,0.21,0.334,0.44,0.547,0.693,0.83,0.894,0.937,1.362,1.684,1.781,1.826,1.921
2013-05-30,0.115,0.143,0.203,0.306,0.403,0.506,0.635,0.775,0.845,0.889,1.332,1.666,1.753,1.805,1.897
2013-05-31,0.115,0.139,0.189,0.279,0.369,0.486,0.62,0.752,0.821,0.865,1.294,1.626,1.702,1.76,1.848
2013-06-03,0.11,0.129,0.161,0.232,0.314,0.423,0.548,0.688,0.758,0.809,1.24,1.586,1.663,1.728,1.814
2013-06-04,0.11,0.124,0.163,0.254,0.339,0.457,0.607,0.738,0.811,0.869,1.31,1.658,1.739,1.801,1.893
2013-06-05,0.1,0.119,0.136,0.224,0.312,0.427,0.577,0.714,0.792,0.85,1.305,1.667,1.758,1.822,1.913
2013-06-06,0.1,0.119,0.144,0.232,0.314,0.412,0.554,0.689,0.773,0.831,1.276,1.641,1.739,1.818,1.897
2013-06-07,0.1,0.12,0.144,0.222,0.305,0.408,0.548,0.694,0.786,0.846,1.281,1.632,1.725,1.801,1.883
2013-06-10,0.1,0.125,0.147,0.223,0.3,0.399,0.54,0.685,0.776,0.833,1.282,1.644,1.735,1.807,1.882
2013-06-11,0.1,0.125,0.16,0.248,0.328,0.439,0.579,0.72,0.811,0.866,1.323,1.674,1.753,1.819,1.89
2013-06-12,0.1,0.125,0.166,0.268,0.35,0.465,0.605,0.74,0.817,0.872,1.332,1.683,1.763,1.828,1.89
2013-06-13,0.1,0.13,0.17,0.273,0.358,0.465,0.605,0.736,0.802,0.858,1.318,1.67,1.749,1.819,1.874
2013-06-14,0.1,0.13,0.157,0.244,0.33,0.426,0.561,0.691,0.759,0.814,1.293,1.667,1.74,1.811,1.866
2013-06-17,0.101,0.13,0.156,0.244,0.327,0.432,0.572,0.702,0.779,0.834,1.309,1.68,1.748,1.816,1.869
2013-06-18,0.101,0.13,0.153,0.235,0.317,0.414,0.552,0.683,0.759,0.82,1.294,1.678,1.749,1.816,1.868
2013-06-19,0.101,0.13,0.153,0.235,0.317,0.413,0.546,0.673,0.755,0.81,1.289,1.692,1.776,1.841,1.892
2013-06-20,0.102,0.129,0.156,0.25,0.337,0.438,0.582,0.708,0.785,0.834,1.319,1.727,1.807,1.866,1.917
2013-06-21,0.102,0.134,0.163,0.261,0.356,0.468,0.623,0.752,0.823,0.872,1.349,1.749,1.829,1.883,1.933
2013-06-24,0.103,0.134,0.162,0.252,0.349,0.464,0.62,0.754,0.829,0.878,1.369,1.766,1.848,1.9,1.949
2013-06-25,0.103,0.134,0.162,0.242,0.339,0.459,0.615,0.744,0.814,0.864,1.335,1.727,1.802,1.859,1.912
2013-06-26,0.104,0.139,0.162,0.242,0.339,0.459,0.617,0.744,0.814,0.864,1.321,1.709,1.778,1.837,1.892
2013-06-27,0.104,0.142,0.158,0.227,0.313,0.424,0.577,0.71,0.785,0.836,1.301,1.692,1.769,1.829,1.887
2013-06-28,0.104,0.137,0.151,0.222,0.309,0.419,0.578,0.715,0.789,0.845,1.305,1.696,1.778,1.837,1.898
2013-07-01,0.105,0.138,0.164,0.243,0.334,0.452,0.614,0.755,0.824,0.879,1.337,1.732,1.815,1.876,1.938
2013-07-02,0.106,0.138,0.164,0.238,0.33,0.447,0.615,0.76,0.835,0.889,1.352,1.745,1.838,1.9,1.966
2013-07-03,0.106,0.133,0.157,0.233,0.32,0.438,0.607,0.754,0.826,0.88,1.351,1.75,1.838,1.901,1.966
2013-07-04,0.106,0.133,0.164,0.239,0.324,0.432,0.597,0.74,0.811,0.861,1.323,1.724,1.797,1.854,1.93
2013-07-05,0.107,0.133,0.164,0.234,0.32,0.427,0.592,0.735,0.807,0.855,1.319,1.728,1.81,1.863,1.942
2013-07-08,0.108,0.134,0.163,0.245,0.331,0.447,0.621,0.766,0.831,0.879,1.344,1.75,1.833,1.884,1.962
2013-07-09,0.108,0.129,0.16,0.235,0.321,0.436,0.607,0.75,0.816,0.867,1.325,1.732,1.819,1.871,1.953
2013-07-10,0.109,0.129,0.153,0.23,0.311,0.421,0.585,0.731,0.803,0.851,1.31,1.732,1.819,1.871,1.952
2013-07-11,0.109,0.125,0.15,0.22,0.296,0.388,0.54,0.692,0.768,0.818,1.275,1.71,1.796,1.851,1.932
2013-07-12,0.109,0.125,0.149,0.225,0.3,0.39,0.535,0.693,0.769,0.818,1.276,1.715,1.801,1.854,1.936
2013-07-16,0.11,0.13,0.149,0.226,0.307,0.395,0.542,0.698,0.775,0.824,1.282,1.719,1.806,1.859,1.942
2013-07-17,0.11,0.13,0.147,0.217,0.297,0.386,0.533,0.689,0.769,0.818,1.272,1.707,1.787,1.842,1.926
2013-07-18,0.11,0.13,0.151,0.211,0.291,0.371,0.519,0.673,0.756,0.805,1.273,1.711,1.787,1.842,1.926
2013-07-19,0.11,0.13,0.155,0.212,0.29,0.366,0.514,0.668,0.752,0.804,1.277,1.716,1.792,1.846,1.926
2013-07-22,0.11,0.13,0.154,0.204,0.276,0.347,0.496,0.65,0.733,0.792,1.264,1.707,1.783,1.838,1.918
2013-07-23,0.11,0.13,0.155,0.204,0.276,0.342,0.492,0.639,0.724,0.78,1.269,1.716,1.796,1.851,1.926
2013-07-24,0.11,0.13,0.155,0.207,0.275,0.337,0.482,0.631,0.718,0.777,1.269,1.716,1.802,1.859,1.93
2013-07-25,0.11,0.129,0.157,0.223,0.296,0.364,0.512,0.656,0.744,0.801,1.299,1.73,1.81,1.867,1.93
2013-07-26,0.11,0.129,0.157,0.223,0.29,0.358,0.504,0.647,0.734,0.792,1.29,1.708,1.784,1.839,1.902
2013-07-29,0.11,0.129,0.157,0.229,0.297,0.363,0.509,0.647,0.735,0.797,1.296,1.708,1.779,1.837,1.898
2013-07-30,0.106,0.119,0.149,0.225,0.291,0.363,0.509,0.648,0.735,0.797,1.291,1.703,1.769,1.826,1.886
2013-07-31,0.1,0.119,0.142,0.22,0.292,0.363,0.51,0.648,0.735,0.797,1.291,1.707,1.769,1.825,1.882
2013-08-01,0.1,0.119,0.142,0.22,0.292,0.363,0.516,0.648,0.735,0.797,1.291,1.703,1.769,1.826,1.884
2013-08-02,0.1,0.119,0.144,0.23,0.308,0.384,0.542,0.674,0.755,0.811,1.306,1.712,1.779,1.834,1.892
2013-08-05,0.1,0.114,0.138,0.216,0.288,0.354,0.508,0.639,0.722,0.778,1.282,1.699,1.768,1.826,1.885
2013-08-06,0.1,0.114,0.138,0.217,0.292,0.36,0.514,0.649,0.732,0.788,1.295,1.721,1.792,1.851,1.909
2013-08-07,0.1,0.109,0.135,0.209,0.282,0.337,0.481,0.615,0.703,0.76,1.276,1.712,1.782,1.838,1.897
2013-08-08,0.1,0.109,0.136,0.213,0.288,0.342,0.481,0.616,0.703,0.76,1.258,1.686,1.755,1.812,1.872
2013-08-09,0.1,0.109,0.136,0.213,0.288,0.343,0.482,0.616,0.703,0.759,1.254,1.681,1.751,1.808,1.867
2013-08-12,0.1,0.11,0.138,0.217,0.293,0.346,0.483,0.614,0.699,0.754,1.245,1.664,1.736,1.796,1.854
2013-08-13,0.1,0.11,0.134,0.209,0.278,0.334,0.473,0.601,0.684,0.74,1.236,1.65,1.719,1.779,1.837
2013-08-14,0.1,0.11,0.145,0.218,0.289,0.349,0.494,0.622,0.705,0.761,1.263,1.668,1.737,1.796,1.858
2013-08-15,0.1,0.11,0.142,0.212,0.279,0.339,0.485,0.612,0.695,0.752,1.269,1.682,1.758,1.817,1.886
2013-08-16,0.1,0.11,0.144,0.219,0.286,0.355,0.505,0.632,0.71,0.767,1.279,1.692,1.768,1.825,1.898
2013-08-19,0.1,0.11,0.147,0.225,0.291,0.366,0.517,0.643,0.717,0.773,1.284,1.692,1.764,1.825,1.902
2013-08-20,0.1,0.11,0.147,0.22,0.286,0.351,0.492,0.618,0.698,0.754,1.266,1.679,1.75,1.818,1.911
2013-08-21,0.1,0.11,0.147,0.22,0.285,0.346,0.482,0.608,0.688,0.744,1.256,1.683,1.75,1.817,1.911
2013-08-22,0.1,0.111,0.15,0.23,0.301,0.362,0.504,0.628,0.703,0.759,1.271,1.696,1.755,1.822,1.907
2013-08-23,0.1,0.111,0.15,0.241,0.309,0.38,0.524,0.649,0.717,0.774,1.285,1.704,1.764,1.83,1.911
2013-08-26,0.1,0.111,0.153,0.236,0.307,0.378,0.524,0.65,0.718,0.775,1.282,1.7,1.76,1.826,1.907
2013-08-27,0.1,0.111,0.148,0.226,0.295,0.363,0.5,0.626,0.699,0.756,1.263,1.687,1.749,1.813,1.895
2013-08-28,0.1,0.111,0.138,0.213,0.28,0.343,0.471,0.6,0.675,0.731,1.234,1.66,1.723,1.788,1.87
2013-08-29,0.1,0.114,0.138,0.203,0.272,0.333,0.461,0.585,0.664,0.72,1.215,1.642,1.7,1.766,1.85
2013-08-30,0.1,0.115,0.138,0.203,0.267,0.338,0.467,0.591,0.668,0.735,1.226,1.652,1.713,1.779,1.858
2013-09-02,0.1,0.116,0.14,0.209,0.274,0.353,0.488,0.611,0.689,0.756,1.241,1.666,1.728,1.792,1.87
2013-09-03,0.1,0.116,0.14,0.214,0.279,0.364,0.505,0.623,0.699,0.764,1.256,1.693,1.756,1.818,1.891
2013-09-04,0.1,0.116,0.14,0.214,0.284,0.369,0.509,0.628,0.705,0.768,1.262,1.703,1.765,1.826,1.899
2013-09-05,0.1,0.117,0.14,0.214,0.284,0.37,0.51,0.628,0.705,0.768,1.262,1.695,1.765,1.826,1.903
2013-09-06,0.1,0.117,0.143,0.225,0.299,0.38,0.517,0.647,0.724,0.784,1.277,1.713,1.784,1.843,1.919
2013-09-09,0.1,0.118,0.137,0.208,0.28,0.346,0.473,0.608,0.686,0.75,1.243,1.685,1.761,1.822,1.904
2013-09-10,0.1,0.118,0.137,0.203,0.267,0.331,0.448,0.589,0.667,0.731,1.219,1.663,1.738,1.8,1.888
2013-09-11,0.1,0.119,0.14,0.208,0.273,0.331,0.449,0.589,0.667,0.736,1.224,1.672,1.747,1.805,1.894
2013-09-12,0.1,0.119,0.14,0.204,0.261,0.326,0.449,0.579,0.657,0.724,1.215,1.663,1.738,1.796,1.877
2013-09-13,0.1,0.119,0.139,0.204,0.265,0.327,0.45,0.579,0.657,0.722,1.215,1.668,1.745,1.8,1.873
2013-09-17,0.1,0.115,0.142,0.199,0.261,0.318,0.447,0.575,0.649,0.712,1.202,1.656,1.733,1.787,1.857
2013-09-18,0.1,0.115,0.142,0.199,0.261,0.313,0.441,0.57,0.643,0.708,1.197,1.655,1.733,1.787,1.857
2013-09-19,0.1,0.11,0.132,0.192,0.243,0.288,0.412,0.541,0.613,0.674,1.153,1.606,1.692,1.749,1.82
2013-09-20,0.1,0.1,0.126,0.197,0.256,0.304,0.428,0.561,0.635,0.694,1.163,1.607,1.691,1.746,1.814
2013-09-24,0.097,0.096,0.119,0.183,0.242,0.286,0.405,0.538,0.612,0.675,1.14,1.58,1.665,1.72,1.789
2013-09-25,0.097,0.101,0.119,0.178,0.236,0.285,0.405,0.533,0.611,0.675,1.135,1.567,1.646,1.702,1.779
2013-09-26,0.097,0.101,0.122,0.181,0.242,0.297,0.42,0.548,0.631,0.695,1.155,1.59,1.665,1.72,1.789
2013-09-27,0.096,0.1,0.121,0.176,0.236,0.287,0.411,0.538,0.621,0.685,1.149,1.585,1.66,1.715,1.79
2013-09-30,0.095,0.107,0.134,0.184,0.243,0.292,0.417,0.538,0.622,0.685,1.146,1.581,1.655,1.716,1.792
2013-10-01,0.095,0.108,0.134,0.184,0.242,0.282,0.407,0.524,0.603,0.662,1.126,1.563,1.637,1.698,1.776
2013-10-02,0.09,0.1,0.127,0.174,0.232,0.273,0.398,0.513,0.588,0.647,1.097,1.531,1.598,1.66,1.731
2013-10-03,0.084,0.097,0.123,0.163,0.218,0.257,0.383,0.499,0.578,0.642,1.082,1.513,1.58,1.642,1.715
2013-10-04,0.084,0.097,0.127,0.168,0.222,0.262,0.389,0.512,0.593,0.657,1.097,1.522,1.589,1.651,1.719
2013-10-07,0.083,0.096,0.129,0.164,0.219,0.258,0.381,0.504,0.585,0.648,1.108,1.53,1.599,1.664,1.731
2013-10-08,0.083,0.096,0.13,0.169,0.223,0.262,0.388,0.513,0.595,0.657,1.123,1.541,1.613,1.68,1.748
2013-10-09,0.082,0.096,0.13,0.177,0.229,0.268,0.391,0.514,0.595,0.657,1.113,1.527,1.594,1.664,1.736
2013-10-10,0.08,0.091,0.124,0.175,0.229,0.268,0.392,0.515,0.595,0.657,1.117,1.527,1.59,1.652,1.728
2013-10-11,0.08,0.091,0.124,0.175,0.233,0.273,0.393,0.515,0.596,0.658,1.119,1.532,1.604,1.664,1.74
2013-10-15,0.08,0.095,0.125,0.181,0.24,0.285,0.405,0.525,0.607,0.668,1.135,1.551,1.627,1.686,1.762
2013-10-16,0.08,0.095,0.125,0.171,0.223,0.27,0.39,0.505,0.585,0.644,1.11,1.529,1.604,1.665,1.74
2013-10-17,0.08,0.1,0.128,0.171,0.219,0.265,0.38,0.495,0.576,0.635,1.095,1.529,1.604,1.661,1.736
2013-10-18,0.08,0.1,0.129,0.169,0.213,0.255,0.364,0.477,0.562,0.625,1.071,1.506,1.584,1.639,1.715
2013-10-21,0.08,0.1,0.131,0.17,0.209,0.26,0.37,0.483,0.568,0.63,1.076,1.515,1.595,1.648,1.724
2013-10-22,0.08,0.101,0.129,0.17,0.209,0.256,0.365,0.478,0.563,0.626,1.072,1.498,1.58,1.635,1.707
2013-10-23,0.08,0.101,0.13,0.165,0.203,0.25,0.354,0.463,0.549,0.611,1.057,1.48,1.557,1.608,1.682
2013-10-24,0.08,0.101,0.13,0.165,0.203,0.256,0.359,0.468,0.554,0.616,1.062,1.493,1.581,1.629,1.703
2013-10-25,0.087,0.102,0.133,0.17,0.209,0.262,0.365,0.473,0.559,0.621,1.068,1.507,1.604,1.651,1.725
2013-10-28,0.086,0.102,0.135,0.17,0.21,0.263,0.365,0.474,0.559,0.622,1.068,1.507,1.6,1.647,1.724
2013-10-29,0.086,0.098,0.129,0.165,0.203,0.253,0.356,0.464,0.552,0.616,1.073,1.521,1.614,1.66,1.732
2013-10-30,0.09,0.097,0.129,0.163,0.199,0.237,0.339,0.439,0.532,0.597,1.054,1.502,1.591,1.639,1.712
2013-10-31,0.09,0.097,0.129,0.163,0.199,0.239,0.342,0.444,0.532,0.603,1.059,1.511,1.599,1.651,1.72
2013-11-01,0.09,0.097,0.129,0.164,0.195,0.239,0.342,0.445,0.533,0.603,1.064,1.526,1.614,1.666,1.736
2013-11-05,0.09,0.096,0.131,0.164,0.2,0.249,0.354,0.456,0.544,0.614,1.076,1.527,1.618,1.669,1.741
2013-11-06,0.09,0.096,0.131,0.169,0.205,0.261,0.366,0.466,0.554,0.619,1.076,1.524,1.613,1.665,1.736
2013-11-07,0.09,0.091,0.126,0.164,0.201,0.248,0.344,0.446,0.535,0.599,1.056,1.505,1.599,1.652,1.725
2013-11-08,0.09,0.091,0.129,0.164,0.201,0.248,0.346,0.447,0.53,0.594,1.041,1.487,1.581,1.634,1.712
2013-11-11,0.09,0.09,0.129,0.166,0.205,0.253,0.353,0.449,0.531,0.595,1.039,1.487,1.58,1.63,1.711
2013-11-12,0.09,0.09,0.128,0.167,0.205,0.26,0.361,0.459,0.541,0.604,1.049,1.501,1.594,1.643,1.716
2013-11-13,0.09,0.09,0.128,0.167,0.21,0.259,0.367,0.465,0.546,0.609,1.05,1.51,1.604,1.647,1.72
2013-11-14,0.09,0.095,0.124,0.162,0.201,0.249,0.357,0.458,0.541,0.605,1.04,1.511,1.607,1.652,1.729
2013-11-15,0.09,0.095,0.124,0.172,0.212,0.269,0.391,0.493,0.576,0.639,1.07,1.529,1.628,1.674,1.75
2013-11-18,0.09,0.095,0.123,0.172,0.213,0.273,0.384,0.488,0.574,0.64,1.074,1.529,1.628,1.674,1.75
2013-11-19,0.09,0.095,0.123,0.167,0.205,0.264,0.366,0.47,0.554,0.627,1.07,1.529,1.629,1.678,1.754
2013-11-20,0.09,0.095,0.123,0.162,0.201,0.259,0.37,0.47,0.555,0.622,1.059,1.516,1.62,1.674,1.754
2013-11-21,0.09,0.095,0.123,0.162,0.201,0.268,0.384,0.486,0.569,0.636,1.07,1.528,1.629,1.682,1.762
2013-11-22,0.09,0.095,0.123,0.162,0.201,0.269,0.384,0.487,0.57,0.636,1.07,1.53,1.63,1.682,1.762
2013-11-25,0.09,0.095,0.123,0.163,0.206,0.275,0.391,0.498,0.58,0.646,1.081,1.545,1.649,1.7,1.783
2013-11-26,0.09,0.095,0.12,0.158,0.198,0.255,0.368,0.474,0.557,0.626,1.062,1.526,1.624,1.674,1.758
2013-11-27,0.09,0.096,0.118,0.153,0.191,0.245,0.356,0.458,0.541,0.611,1.042,1.503,1.595,1.648,1.733
2013-11-28,0.09,0.088,0.112,0.148,0.185,0.244,0.357,0.459,0.541,0.611,1.047,1.508,1.6,1.652,1.737
2013-11-29,0.086,0.083,0.108,0.148,0.185,0.246,0.357,0.459,0.541,0.611,1.047,1.509,1.61,1.661,1.75
2013-12-02,0.08,0.082,0.107,0.148,0.186,0.252,0.364,0.466,0.552,0.622,1.058,1.519,1.624,1.674,1.763
2013-12-03,0.08,0.082,0.11,0.153,0.191,0.261,0.384,0.486,0.572,0.643,1.072,1.529,1.638,1.687,1.775
2013-12-04,0.08,0.082,0.112,0.153,0.191,0.263,0.385,0.486,0.573,0.642,1.063,1.521,1.628,1.678,1.767
2013-12-05,0.08,0.082,0.112,0.153,0.192,0.268,0.39,0.487,0.573,0.643,1.058,1.516,1.624,1.674,1.763
2013-12-06,0.08,0.086,0.116,0.163,0.21,0.293,0.421,0.522,0.598,0.667,1.084,1.544,1.652,1.7,1.787
2013-12-09,0.08,0.086,0.112,0.159,0.201,0.274,0.401,0.503,0.584,0.653,1.07,1.534,1.643,1.691,1.779
2013-12-10,0.08,0.086,0.117,0.161,0.206,0.28,0.402,0.508,0.594,0.663,1.085,1.553,1.652,1.703,1.784
2013-12-11,0.08,0.091,0.117,0.162,0.203,0.27,0.387,0.5,0.584,0.653,1.085,1.566,1.666,1.716,1.795
2013-12-12,0.08,0.09,0.117,0.162,0.199,0.27,0.388,0.5,0.584,0.653,1.076,1.557,1.664,1.713,1.791
2013-12-13,0.08,0.095,0.12,0.167,0.209,0.291,0.417,0.529,0.613,0.682,1.101,1.574,1.682,1.73,1.805
2013-12-16,0.08,0.095,0.12,0.167,0.21,0.292,0.419,0.53,0.614,0.682,1.102,1.576,1.682,1.734,1.806
2013-12-17,0.08,0.095,0.116,0.157,0.2,0.278,0.399,0.506,0.59,0.66,1.082,1.56,1.666,1.721,1.792
2013-12-18,0.08,0.1,0.116,0.157,0.2,0.273,0.395,0.501,0.585,0.653,1.057,1.529,1.628,1.683,1.755
2013-12-19,0.08,0.1,0.119,0.165,0.214,0.292,0.415,0.521,0.605,0.673,1.078,1.542,1.638,1.688,1.758
2013-12-20,0.08,0.1,0.123,0.167,0.21,0.294,0.421,0.526,0.61,0.678,1.083,1.542,1.638,1.683,1.751
2013-12-24,0.08,0.1,0.122,0.163,0.207,0.29,0.413,0.517,0.602,0.674,1.079,1.543,1.638,1.684,1.751
2013-12-25,0.08,0.098,0.122,0.168,0.211,0.3,0.428,0.532,0.617,0.689,1.094,1.548,1.643,1.688,1.751
2013-12-26,0.08,0.098,0.122,0.173,0.221,0.316,0.443,0.552,0.635,0.707,1.104,1.557,1.652,1.696,1.759
2013-12-27,0.08,0.098,0.122,0.173,0.221,0.314,0.439,0.553,0.639,0.708,1.115,1.566,1.662,1.709,1.767
2013-12-30,0.08,0.098,0.128,0.184,0.238,0.337,0.471,0.583,0.67,0.736,1.135,1.584,1.68,1.726,1.781
2014-01-06,0.08,0.091,0.124,0.175,0.229,0.324,0.459,0.57,0.658,0.725,1.123,1.572,1.671,1.718,1.772
2014-01-07,0.08,0.091,0.12,0.165,0.219,0.309,0.434,0.546,0.629,0.696,1.103,1.554,1.657,1.705,1.759
2014-01-08,0.08,0.091,0.12,0.165,0.22,0.314,0.44,0.551,0.634,0.701,1.095,1.545,1.65,1.699,1.751
2014-01-09,0.08,0.091,0.12,0.165,0.22,0.314,0.436,0.546,0.629,0.696,1.089,1.541,1.646,1.697,1.747
2014-01-10,0.08,0.091,0.12,0.16,0.214,0.311,0.43,0.542,0.626,0.696,1.089,1.541,1.641,1.693,1.75
2014-01-14,0.08,0.09,0.115,0.15,0.196,0.274,0.386,0.497,0.581,0.653,1.055,1.515,1.613,1.67,1.723
2014-01-15,0.09,0.09,0.116,0.156,0.199,0.279,0.396,0.508,0.592,0.662,1.061,1.524,1.618,1.675,1.727
2014-01-16,0.09,0.09,0.119,0.161,0.21,0.285,0.401,0.513,0.601,0.673,1.071,1.537,1.632,1.688,1.739
2014-01-17,0.089,0.09,0.119,0.161,0.21,0.285,0.401,0.513,0.602,0.674,1.081,1.551,1.646,1.701,1.752
2014-01-20,0.089,0.091,0.121,0.16,0.205,0.276,0.393,0.505,0.588,0.664,1.067,1.543,1.637,1.693,1.744
2014-01-21,0.088,0.091,0.121,0.168,0.214,0.292,0.416,0.53,0.612,0.689,1.087,1.556,1.656,1.709,1.76
2014-01-22,0.088,0.091,0.115,0.167,0.215,0.286,0.405,0.52,0.603,0.679,1.077,1.552,1.646,1.701,1.752
2014-01-23,0.088,0.091,0.115,0.163,0.21,0.27,0.39,0.5,0.584,0.661,1.053,1.511,1.607,1.666,1.718
2014-01-24,0.087,0.091,0.116,0.158,0.199,0.255,0.367,0.475,0.559,0.636,1.027,1.476,1.573,1.633,1.685
2014-01-27,0.086,0.091,0.116,0.158,0.199,0.256,0.369,0.476,0.557,0.637,1.039,1.485,1.583,1.638,1.696
2014-01-28,0.086,0.091,0.116,0.156,0.195,0.251,0.364,0.471,0.553,0.631,1.039,1.498,1.601,1.654,1.724
2014-01-29,0.086,0.091,0.116,0.163,0.203,0.258,0.375,0.481,0.563,0.641,1.044,1.499,1.601,1.654,1.723
2014-01-30,0.085,0.088,0.117,0.158,0.198,0.241,0.357,0.466,0.548,0.622,1.025,1.481,1.582,1.64,1.71
2014-01-31,0.085,0.085,0.113,0.158,0.198,0.242,0.357,0.467,0.552,0.627,1.03,1.482,1.587,1.646,1.714
2014-02-03,0.084,0.082,0.113,0.154,0.194,0.237,0.354,0.463,0.546,0.622,1.02,1.468,1.573,1.634,1.702
2014-02-04,0.084,0.082,0.113,0.154,0.194,0.238,0.349,0.458,0.537,0.607,1.006,1.45,1.55,1.612,1.681
2014-02-05,0.083,0.082,0.113,0.154,0.194,0.238,0.346,0.453,0.532,0.603,0.996,1.437,1.535,1.598,1.668
2014-02-06,0.083,0.081,0.113,0.159,0.199,0.249,0.354,0.459,0.541,0.613,1.006,1.446,1.54,1.604,1.675
2014-02-07,0.08,0.076,0.109,0.154,0.2,0.254,0.365,0.469,0.552,0.622,1.027,1.478,1.578,1.633,1.713
2014-02-10,0.071,0.071,0.104,0.151,0.195,0.245,0.353,0.455,0.538,0.609,1.027,1.485,1.592,1.645,1.727
2014-02-12,0.071,0.07,0.103,0.152,0.196,0.25,0.359,0.461,0.544,0.615,1.033,1.493,1.602,1.654,1.735
2014-02-13,0.07,0.07,0.103,0.147,0.19,0.241,0.35,0.451,0.534,0.605,1.017,1.478,1.583,1.638,1.719
2014-02-14,0.07,0.075,0.103,0.147,0.185,0.23,0.34,0.441,0.525,0.595,1.004,1.464,1.564,1.621,1.702
2014-02-17,0.07,0.07,0.105,0.147,0.189,0.236,0.351,0.451,0.535,0.61,1.014,1.474,1.573,1.63,1.711
2014-02-18,0.079,0.075,0.109,0.148,0.19,0.236,0.351,0.452,0.536,0.611,1.02,1.479,1.581,1.634,1.714
2014-02-19,0.08,0.085,0.109,0.144,0.186,0.231,0.347,0.447,0.536,0.612,1.03,1.494,1.607,1.656,1.735
2014-02-20,0.08,0.08,0.104,0.139,0.183,0.223,0.332,0.433,0.521,0.598,1.01,1.48,1.593,1.638,1.719
2014-02-21,0.08,0.08,0.104,0.144,0.187,0.228,0.34,0.442,0.531,0.608,1.021,1.49,1.606,1.656,1.735
2014-02-24,0.08,0.08,0.105,0.144,0.187,0.223,0.336,0.438,0.527,0.603,1.017,1.486,1.602,1.651,1.731
2014-02-25,0.08,0.08,0.105,0.144,0.187,0.219,0.332,0.433,0.522,0.598,1.002,1.473,1.588,1.639,1.711
2014-02-26,0.08,0.08,0.105,0.145,0.185,0.219,0.329,0.433,0.523,0.598,1.002,1.474,1.592,1.642,1.714
2014-02-27,0.076,0.073,0.102,0.145,0.185,0.219,0.333,0.434,0.523,0.599,1.002,1.477,1.607,1.656,1.735
2014-02-28,0.076,0.073,0.099,0.14,0.182,0.219,0.333,0.431,0.518,0.594,0.987,1.465,1.597,1.652,1.728
2014-03-03,0.07,0.072,0.099,0.141,0.177,0.22,0.325,0.426,0.514,0.589,0.973,1.45,1.579,1.635,1.711
2014-03-04,0.07,0.072,0.101,0.145,0.182,0.226,0.331,0.431,0.518,0.593,0.978,1.449,1.578,1.631,1.708
2014-03-05,0.07,0.072,0.101,0.15,0.186,0.23,0.341,0.442,0.529,0.607,0.998,1.465,1.593,1.643,1.719
2014-03-06,0.07,0.072,0.101,0.145,0.185,0.226,0.336,0.442,0.529,0.607,1.009,1.47,1.607,1.661,1.732
2014-03-07,0.07,0.072,0.101,0.147,0.189,0.232,0.341,0.452,0.539,0.617,1.025,1.484,1.625,1.674,1.744
2014-03-10,0.062,0.071,0.101,0.145,0.19,0.232,0.337,0.452,0.54,0.618,1.026,1.482,1.625,1.675,1.744
2014-03-11,0.062,0.071,0.101,0.15,0.194,0.237,0.343,0.458,0.545,0.623,1.031,1.486,1.633,1.683,1.753
2014-03-12,0.062,0.076,0.104,0.152,0.194,0.238,0.343,0.458,0.545,0.623,1.031,1.491,1.64,1.692,1.761
2014-03-13,0.06,0.081,0.111,0.162,0.206,0.252,0.36,0.473,0.56,0.637,1.047,1.513,1.658,1.708,1.778
2014-03-14,0.06,0.08,0.107,0.157,0.195,0.242,0.344,0.458,0.545,0.619,1.032,1.504,1.649,1.7,1.769
2014-03-17,0.06,0.08,0.107,0.157,0.196,0.243,0.346,0.459,0.545,0.619,1.033,1.508,1.649,1.7,1.769
2014-03-18,0.051,0.08,0.107,0.157,0.196,0.244,0.34,0.454,0.542,0.615,1.038,1.518,1.657,1.709,1.778
2014-03-19,0.051,0.075,0.104,0.152,0.192,0.239,0.33,0.445,0.532,0.605,1.024,1.496,1.64,1.692,1.764
2014-03-20,0.051,0.075,0.103,0.147,0.186,0.233,0.32,0.435,0.517,0.595,1.003,1.469,1.616,1.675,1.747
2014-03-24,0.052,0.074,0.103,0.151,0.192,0.241,0.332,0.445,0.528,0.605,1.014,1.483,1.634,1.692,1.765
2014-03-25,0.053,0.074,0.103,0.151,0.193,0.243,0.332,0.445,0.528,0.605,1.014,1.483,1.633,1.691,1.765
2014-03-26,0.053,0.079,0.103,0.154,0.197,0.253,0.353,0.466,0.548,0.626,1.03,1.492,1.643,1.696,1.773
2014-03-27,0.053,0.08,0.103,0.154,0.197,0.255,0.353,0.466,0.548,0.626,1.034,1.497,1.648,1.7,1.78
2014-03-28,0.063,0.088,0.109,0.154,0.197,0.253,0.348,0.461,0.548,0.626,1.03,1.493,1.644,1.696,1.781
2014-03-31,0.075,0.087,0.109,0.154,0.197,0.265,0.365,0.477,0.563,0.641,1.046,1.507,1.653,1.707,1.79
2014-04-01,0.075,0.082,0.109,0.149,0.193,0.255,0.349,0.457,0.54,0.617,1.015,1.471,1.614,1.671,1.754
2014-04-02,0.08,0.082,0.109,0.149,0.193,0.257,0.355,0.467,0.549,0.627,1.031,1.485,1.625,1.679,1.761
2014-04-03,0.08,0.082,0.109,0.149,0.198,0.265,0.375,0.485,0.564,0.642,1.046,1.498,1.638,1.689,1.769
2014-04-04,0.08,0.082,0.109,0.149,0.198,0.266,0.376,0.488,0.564,0.642,1.041,1.494,1.635,1.684,1.765
2014-04-07,0.08,0.081,0.108,0.143,0.188,0.242,0.346,0.455,0.536,0.614,1.019,1.481,1.621,1.671,1.753
2014-04-08,0.08,0.081,0.108,0.143,0.188,0.243,0.351,0.459,0.541,0.619,1.032,1.499,1.639,1.691,1.77
2014-04-09,0.08,0.081,0.108,0.143,0.188,0.238,0.347,0.455,0.536,0.614,1.033,1.503,1.644,1.701,1.778
2014-04-10,0.08,0.081,0.108,0.145,0.188,0.236,0.343,0.45,0.531,0.609,1.029,1.495,1.639,1.697,1.778
2014-04-11,0.08,0.081,0.108,0.145,0.188,0.237,0.337,0.445,0.527,0.605,1.029,1.491,1.635,1.692,1.777
2014-04-14,0.08,0.09,0.11,0.146,0.194,0.233,0.334,0.444,0.527,0.605,1.03,1.487,1.63,1.688,1.774
2014-04-15,0.08,0.09,0.109,0.145,0.188,0.232,0.333,0.44,0.528,0.606,1.035,1.488,1.63,1.688,1.774
2014-04-16,0.08,0.09,0.109,0.145,0.188,0.233,0.338,0.446,0.533,0.611,1.028,1.479,1.621,1.68,1.771
2014-04-17,0.08,0.09,0.109,0.145,0.189,0.233,0.339,0.444,0.528,0.606,1.024,1.478,1.625,1.688,1.774
2014-04-18,0.08,0.09,0.109,0.145,0.189,0.234,0.339,0.44,0.523,0.602,1.019,1.47,1.621,1.683,1.769
2014-04-21,0.08,0.09,0.109,0.145,0.189,0.234,0.341,0.446,0.529,0.607,1.028,1.475,1.629,1.693,1.778
2014-04-22,0.08,0.09,0.109,0.145,0.189,0.234,0.337,0.445,0.529,0.607,1.029,1.479,1.631,1.693,1.781
2014-04-23,0.08,0.09,0.108,0.145,0.196,0.245,0.348,0.456,0.539,0.618,1.035,1.488,1.639,1.701,1.789
2014-04-24,0.08,0.089,0.109,0.146,0.196,0.245,0.348,0.457,0.539,0.618,1.03,1.484,1.634,1.693,1.782
2014-04-25,0.08,0.088,0.109,0.146,0.196,0.252,0.359,0.467,0.55,0.628,1.041,1.489,1.64,1.697,1.786
2014-04-28,0.08,0.088,0.108,0.147,0.196,0.248,0.349,0.457,0.54,0.619,1.037,1.485,1.64,1.697,1.791
2014-04-30,0.08,0.088,0.108,0.147,0.196,0.249,0.355,0.463,0.546,0.623,1.042,1.49,1.649,1.705,1.805
2014-05-01,0.08,0.085,0.106,0.147,0.196,0.248,0.351,0.458,0.546,0.624,1.037,1.485,1.644,1.703,1.799
2014-05-02,0.08,0.085,0.106,0.147,0.19,0.242,0.341,0.448,0.536,0.614,1.027,1.481,1.644,1.706,1.799
2014-05-07,0.08,0.085,0.107,0.146,0.19,0.238,0.333,0.439,0.528,0.606,1.018,1.469,1.635,1.697,1.791
2014-05-08,0.08,0.085,0.107,0.147,0.191,0.243,0.339,0.444,0.533,0.611,1.023,1.469,1.635,1.697,1.791
2014-05-09,0.08,0.081,0.103,0.144,0.191,0.244,0.339,0.444,0.533,0.611,1.034,1.479,1.645,1.703,1.799
2014-05-12,0.08,0.081,0.102,0.142,0.192,0.245,0.345,0.449,0.539,0.616,1.045,1.492,1.654,1.71,1.807
2014-05-13,0.08,0.08,0.102,0.142,0.195,0.249,0.35,0.451,0.539,0.617,1.045,1.492,1.654,1.706,1.808
2014-05-14,0.08,0.085,0.102,0.143,0.193,0.246,0.346,0.445,0.534,0.611,1.04,1.488,1.649,1.702,1.803
2014-05-15,0.08,0.085,0.102,0.143,0.188,0.241,0.341,0.441,0.524,0.602,1.031,1.48,1.64,1.693,1.795
2014-05-16,0.08,0.085,0.102,0.143,0.188,0.236,0.332,0.431,0.515,0.593,1.021,1.475,1.635,1.69,1.797
2014-05-19,0.08,0.085,0.103,0.143,0.193,0.242,0.339,0.436,0.52,0.598,1.016,1.471,1.63,1.69,1.796
2014-05-20,0.08,0.085,0.103,0.143,0.193,0.243,0.34,0.436,0.52,0.599,1.021,1.471,1.631,1.692,1.798
2014-05-21,0.08,0.085,0.103,0.144,0.193,0.246,0.34,0.441,0.525,0.603,1.021,1.463,1.627,1.69,1.798
2014-05-22,0.08,0.085,0.103,0.144,0.194,0.252,0.346,0.447,0.531,0.609,1.031,1.468,1.632,1.695,1.797
2014-05-23,0.079,0.085,0.103,0.144,0.189,0.243,0.336,0.437,0.521,0.6,1.022,1.462,1.631,1.692,1.795
2014-05-26,0.079,0.085,0.103,0.144,0.191,0.243,0.336,0.438,0.521,0.602,1.028,1.464,1.633,1.693,1.796
2014-05-27,0.079,0.085,0.103,0.144,0.19,0.246,0.342,0.443,0.527,0.606,1.032,1.464,1.633,1.693,1.786
2014-05-28,0.078,0.091,0.103,0.144,0.185,0.239,0.326,0.428,0.517,0.598,1.023,1.455,1.624,1.685,1.779
2014-05-29,0.078,0.088,0.106,0.145,0.184,0.232,0.318,0.414,0.507,0.584,1.012,1.447,1.614,1.677,1.77
2014-05-30,0.078,0.088,0.101,0.14,0.179,0.233,0.318,0.418,0.508,0.589,1.012,1.456,1.623,1.685,1.779
2014-06-02,0.082,0.087,0.1,0.14,0.185,0.243,0.329,0.429,0.518,0.598,1.018,1.465,1.634,1.699,1.791
2014-06-03,0.082,0.087,0.1,0.141,0.185,0.244,0.33,0.429,0.518,0.601,1.014,1.46,1.628,1.696,1.784
2014-06-04,0.082,0.087,0.1,0.14,0.186,0.244,0.336,0.434,0.524,0.606,1.024,1.469,1.637,1.704,1.787
2014-06-05,0.082,0.087,0.1,0.14,0.186,0.244,0.336,0.44,0.528,0.612,1.034,1.479,1.651,1.713,1.799
2014-06-06,0.082,0.086,0.101,0.14,0.178,0.234,0.32,0.42,0.509,0.592,1.019,1.465,1.635,1.7,1.787
2014-06-09,0.082,0.086,0.1,0.14,0.186,0.24,0.326,0.426,0.514,0.593,1.021,1.466,1.639,1.704,1.791
2014-06-10,0.081,0.086,0.1,0.14,0.185,0.235,0.316,0.421,0.51,0.589,1.016,1.462,1.639,1.704,1.791
2014-06-11,0.081,0.081,0.1,0.14,0.19,0.241,0.327,0.431,0.52,0.598,1.031,1.476,1.647,1.709,1.795
2014-06-12,0.081,0.081,0.1,0.142,0.185,0.231,0.317,0.421,0.513,0.594,1.027,1.463,1.629,1.693,1.775
2014-06-13,0.081,0.081,0.1,0.142,0.185,0.236,0.323,0.426,0.519,0.599,1.037,1.467,1.619,1.684,1.764
2014-06-16,0.08,0.085,0.1,0.142,0.181,0.237,0.323,0.426,0.518,0.595,1.032,1.462,1.606,1.67,1.744
2014-06-17,0.08,0.085,0.103,0.142,0.182,0.232,0.313,0.418,0.511,0.585,1.028,1.455,1.601,1.666,1.74
2014-06-18,0.08,0.085,0.103,0.142,0.182,0.233,0.318,0.423,0.516,0.59,1.028,1.455,1.601,1.666,1.736
2014-06-19,0.08,0.085,0.097,0.137,0.176,0.228,0.314,0.418,0.511,0.585,1.028,1.469,1.63,1.713,1.783
2014-06-20,0.08,0.085,0.096,0.132,0.172,0.221,0.304,0.408,0.502,0.576,1.018,1.46,1.626,1.708,1.779
2014-06-23,0.08,0.084,0.096,0.137,0.176,0.226,0.31,0.413,0.507,0.582,1.018,1.456,1.627,1.709,1.783
2014-06-24,0.08,0.084,0.096,0.131,0.172,0.218,0.305,0.408,0.498,0.577,1.008,1.452,1.627,1.713,1.791
2014-06-25,0.08,0.084,0.096,0.131,0.172,0.213,0.296,0.4,0.492,0.572,0.999,1.439,1.614,1.704,1.791
2014-06-26,0.077,0.083,0.093,0.126,0.166,0.207,0.286,0.39,0.484,0.567,0.984,1.425,1.584,1.69,1.786
2014-06-27,0.07,0.075,0.086,0.124,0.162,0.202,0.276,0.38,0.474,0.558,0.974,1.421,1.563,1.682,1.779
2014-06-30,0.075,0.073,0.086,0.123,0.163,0.207,0.287,0.39,0.484,0.564,0.984,1.43,1.568,1.688,1.783
2014-07-01,0.065,0.067,0.086,0.123,0.163,0.209,0.281,0.385,0.474,0.554,0.98,1.431,1.564,1.676,1.775
2014-07-02,0.07,0.072,0.086,0.123,0.163,0.209,0.287,0.39,0.48,0.562,0.985,1.431,1.573,1.676,1.772
2014-07-03,0.07,0.072,0.086,0.123,0.163,0.209,0.293,0.397,0.484,0.565,0.99,1.436,1.582,1.683,1.775
2014-07-04,0.07,0.072,0.089,0.123,0.163,0.208,0.297,0.397,0.485,0.565,0.99,1.436,1.592,1.697,1.787
2014-07-07,0.07,0.071,0.082,0.118,0.157,0.204,0.294,0.392,0.485,0.565,0.992,1.446,1.606,1.71,1.799
2014-07-08,0.063,0.065,0.078,0.113,0.153,0.198,0.284,0.382,0.475,0.555,0.982,1.432,1.597,1.701,1.792
2014-07-09,0.06,0.061,0.072,0.11,0.147,0.188,0.274,0.372,0.465,0.546,0.972,1.428,1.597,1.702,1.795
2014-07-10,0.062,0.061,0.072,0.11,0.147,0.189,0.273,0.372,0.464,0.547,0.978,1.432,1.606,1.714,1.811
2014-07-11,0.062,0.061,0.072,0.11,0.15,0.188,0.265,0.363,0.455,0.536,0.968,1.419,1.601,1.71,1.811
2014-07-14,0.061,0.06,0.078,0.115,0.154,0.194,0.274,0.37,0.462,0.542,0.973,1.415,1.592,1.701,1.807
2014-07-15,0.06,0.065,0.078,0.115,0.154,0.194,0.274,0.369,0.462,0.542,0.974,1.416,1.592,1.698,1.807
2014-07-16,0.059,0.065,0.079,0.12,0.158,0.2,0.28,0.374,0.467,0.548,0.979,1.421,1.592,1.698,1.807
2014-07-17,0.049,0.065,0.079,0.116,0.154,0.195,0.27,0.364,0.458,0.537,0.967,1.406,1.569,1.673,1.779
2014-07-18,0.049,0.065,0.079,0.114,0.154,0.2,0.279,0.369,0.463,0.543,0.977,1.411,1.569,1.669,1.775
2014-07-22,0.048,0.07,0.082,0.116,0.155,0.201,0.282,0.37,0.464,0.544,0.984,1.421,1.583,1.682,1.783
2014-07-23,0.048,0.07,0.084,0.111,0.149,0.196,0.272,0.363,0.456,0.54,0.976,1.408,1.579,1.677,1.771
2014-07-24,0.048,0.07,0.084,0.111,0.149,0.191,0.266,0.358,0.446,0.53,0.965,1.391,1.56,1.656,1.752
2014-07-25,0.048,0.07,0.084,0.111,0.149,0.191,0.278,0.364,0.455,0.536,0.971,1.4,1.569,1.664,1.755
2014-07-28,0.048,0.075,0.087,0.11,0.149,0.191,0.273,0.36,0.451,0.531,0.967,1.396,1.563,1.655,1.744
2014-07-29,0.048,0.068,0.089,0.11,0.149,0.185,0.268,0.359,0.451,0.531,0.968,1.401,1.573,1.664,1.752
2014-07-30,0.048,0.068,0.089,0.11,0.149,0.187,0.269,0.363,0.455,0.537,0.968,1.406,1.578,1.672,1.763
2014-07-31,0.048,0.067,0.089,0.114,0.155,0.191,0.274,0.368,0.461,0.542,0.973,1.415,1.582,1.681,1.775
2014-08-01,0.048,0.067,0.089,0.11,0.149,0.19,0.274,0.367,0.456,0.543,0.969,1.411,1.582,1.685,1.784
2014-08-04,0.048,0.067,0.088,0.111,0.15,0.187,0.27,0.364,0.452,0.538,0.964,1.407,1.583,1.691,1.79
2014-08-05,0.048,0.067,0.09,0.112,0.15,0.184,0.265,0.358,0.446,0.529,0.955,1.401,1.574,1.682,1.784
2014-08-06,0.048,0.066,0.09,0.112,0.15,0.185,0.267,0.359,0.447,0.529,0.955,1.401,1.576,1.685,1.787
2014-08-07,0.051,0.066,0.09,0.114,0.157,0.189,0.277,0.37,0.457,0.538,0.962,1.406,1.588,1.693,1.796
2014-08-08,0.051,0.066,0.085,0.108,0.15,0.179,0.26,0.349,0.438,0.519,0.942,1.385,1.569,1.68,1.784
2014-08-11,0.051,0.066,0.088,0.113,0.156,0.185,0.267,0.356,0.443,0.525,0.958,1.395,1.574,1.69,1.787
2014-08-12,0.051,0.066,0.09,0.115,0.156,0.185,0.262,0.351,0.438,0.52,0.954,1.386,1.565,1.672,1.773
2014-08-13,0.05,0.065,0.09,0.115,0.156,0.186,0.262,0.351,0.438,0.52,0.954,1.386,1.561,1.665,1.769
2014-08-14,0.05,0.065,0.089,0.112,0.15,0.181,0.257,0.346,0.434,0.516,0.945,1.386,1.561,1.668,1.776
2014-08-15,0.06,0.07,0.091,0.112,0.15,0.18,0.257,0.347,0.434,0.516,0.942,1.386,1.561,1.673,1.784
2014-08-18,0.059,0.07,0.091,0.113,0.151,0.181,0.253,0.342,0.43,0.511,0.936,1.376,1.552,1.665,1.78
2014-08-19,0.059,0.07,0.091,0.118,0.156,0.185,0.258,0.348,0.43,0.511,0.937,1.368,1.547,1.661,1.776
2014-08-20,0.058,0.075,0.094,0.123,0.161,0.195,0.274,0.363,0.445,0.526,0.953,1.377,1.552,1.665,1.78
2014-08-21,0.058,0.075,0.094,0.128,0.167,0.21,0.295,0.379,0.465,0.541,0.97,1.395,1.566,1.678,1.792
2014-08-22,0.058,0.081,0.094,0.122,0.162,0.2,0.275,0.36,0.446,0.522,0.95,1.377,1.547,1.661,1.78
2014-08-25,0.057,0.081,0.095,0.124,0.162,0.201,0.275,0.36,0.446,0.522,0.946,1.369,1.538,1.648,1.768
2014-08-26,0.057,0.081,0.095,0.124,0.161,0.196,0.265,0.35,0.436,0.512,0.941,1.36,1.532,1.64,1.764
2014-08-27,0.056,0.081,0.094,0.124,0.161,0.196,0.261,0.345,0.432,0.508,0.934,1.355,1.537,1.648,1.772
2014-08-28,0.056,0.073,0.091,0.119,0.155,0.191,0.257,0.341,0.426,0.503,0.93,1.35,1.529,1.641,1.772
2014-08-29,0.055,0.073,0.09,0.124,0.162,0.196,0.262,0.347,0.432,0.508,0.93,1.35,1.524,1.637,1.766
2014-09-01,0.054,0.072,0.09,0.125,0.163,0.197,0.263,0.347,0.43,0.509,0.931,1.355,1.529,1.641,1.77
2014-09-02,0.054,0.072,0.09,0.125,0.163,0.201,0.268,0.352,0.438,0.52,0.94,1.364,1.542,1.653,1.778
2014-09-03,0.06,0.077,0.09,0.125,0.163,0.202,0.268,0.352,0.438,0.52,0.942,1.365,1.548,1.658,1.781
2014-09-04,0.06,0.077,0.09,0.124,0.164,0.202,0.268,0.356,0.438,0.521,0.947,1.366,1.557,1.667,1.786
2014-09-05,0.06,0.076,0.091,0.129,0.167,0.207,0.279,0.368,0.448,0.531,0.953,1.371,1.562,1.671,1.786
2014-09-08,0.059,0.072,0.087,0.124,0.162,0.198,0.269,0.359,0.439,0.521,0.949,1.362,1.556,1.667,1.782
2014-09-09,0.06,0.071,0.087,0.124,0.162,0.198,0.265,0.356,0.439,0.522,0.949,1.368,1.566,1.682,1.794
2014-09-10,0.06,0.071,0.087,0.129,0.165,0.207,0.279,0.372,0.455,0.537,0.965,1.381,1.581,1.686,1.801
2014-09-11,0.049,0.075,0.09,0.134,0.181,0.223,0.3,0.398,0.479,0.561,0.99,1.408,1.604,1.699,1.814
2014-09-12,0.049,0.075,0.09,0.134,0.181,0.223,0.301,0.4,0.485,0.567,0.995,1.415,1.6,1.692,1.806
2014-09-16,0.04,0.08,0.09,0.137,0.181,0.228,0.306,0.404,0.491,0.572,1.002,1.427,1.609,1.7,1.811
2014-09-17,0.04,0.075,0.086,0.132,0.175,0.214,0.287,0.38,0.465,0.548,0.976,1.404,1.586,1.679,1.795
2014-09-18,0.032,0.075,0.086,0.132,0.182,0.224,0.307,0.4,0.481,0.563,0.992,1.413,1.6,1.692,1.806
2014-09-19,0.031,0.07,0.083,0.127,0.176,0.219,0.298,0.39,0.471,0.554,0.987,1.409,1.6,1.696,1.811
2014-09-22,0.032,0.069,0.08,0.117,0.166,0.211,0.283,0.372,0.452,0.535,0.963,1.387,1.578,1.675,1.791
2014-09-24,0.033,0.064,0.076,0.112,0.162,0.206,0.273,0.362,0.443,0.526,0.948,1.374,1.564,1.662,1.779
2014-09-25,0.032,0.064,0.076,0.112,0.166,0.205,0.267,0.358,0.438,0.521,0.939,1.361,1.549,1.65,1.767
2014-09-26,0.04,0.064,0.076,0.112,0.166,0.205,0.264,0.358,0.433,0.517,0.928,1.352,1.535,1.632,1.752
2014-09-29,0.06,0.08,0.093,0.127,0.177,0.216,0.27,0.363,0.439,0.522,0.929,1.352,1.526,1.624,1.747
2014-09-30,0.065,0.078,0.093,0.122,0.167,0.211,0.27,0.363,0.439,0.522,0.934,1.353,1.522,1.62,1.745
2014-10-01,0.05,0.07,0.086,0.117,0.159,0.207,0.27,0.364,0.444,0.527,0.939,1.366,1.536,1.637,1.76
2014-10-02,0.04,0.065,0.083,0.112,0.153,0.202,0.265,0.359,0.44,0.522,0.935,1.367,1.537,1.642,1.763
2014-10-03,0.035,0.06,0.08,0.109,0.147,0.192,0.261,0.354,0.435,0.519,0.935,1.362,1.541,1.65,1.772
2014-10-06,0.037,0.06,0.08,0.109,0.147,0.192,0.261,0.355,0.436,0.519,0.936,1.354,1.532,1.642,1.764
2014-10-07,0.03,0.059,0.078,0.109,0.147,0.187,0.253,0.349,0.431,0.514,0.931,1.354,1.537,1.646,1.766
2014-10-08,0.03,0.05,0.072,0.103,0.139,0.178,0.246,0.34,0.421,0.504,0.921,1.345,1.527,1.642,1.761
2014-10-09,0.03,0.049,0.068,0.103,0.139,0.171,0.236,0.325,0.406,0.49,0.906,1.331,1.513,1.634,1.753
2014-10-10,0.03,0.049,0.072,0.113,0.149,0.182,0.248,0.341,0.422,0.502,0.921,1.35,1.532,1.651,1.773
2014-10-14,0.03,0.045,0.067,0.109,0.149,0.182,0.247,0.336,0.418,0.496,0.922,1.351,1.533,1.651,1.78
2014-10-15,0.03,0.045,0.064,0.104,0.143,0.177,0.241,0.326,0.408,0.49,0.912,1.337,1.523,1.638,1.772
2014-10-16,0.03,0.045,0.064,0.105,0.15,0.18,0.242,0.326,0.408,0.491,0.907,1.337,1.523,1.643,1.784
2014-10-17,0.01,0.015,0.044,0.086,0.129,0.161,0.222,0.307,0.388,0.472,0.892,1.324,1.514,1.634,1.78
2014-10-20,0.019,0.025,0.047,0.092,0.133,0.173,0.239,0.328,0.409,0.492,0.913,1.343,1.533,1.652,1.796
2014-10-21,0.018,0.025,0.047,0.092,0.133,0.167,0.23,0.318,0.4,0.483,0.903,1.329,1.517,1.63,1.776
2014-10-22,0.018,0.03,0.047,0.092,0.134,0.174,0.235,0.323,0.404,0.489,0.908,1.329,1.517,1.625,1.768
2014-10-23,0.018,0.03,0.044,0.087,0.129,0.165,0.23,0.318,0.4,0.484,0.909,1.33,1.523,1.634,1.776
2014-10-24,0.01,0.019,0.029,0.072,0.115,0.15,0.215,0.308,0.39,0.473,0.899,1.321,1.514,1.625,1.768
2014-10-27,0.016,0.024,0.032,0.073,0.113,0.15,0.222,0.309,0.391,0.474,0.903,1.321,1.519,1.63,1.773
2014-10-28,0.016,0.018,0.034,0.072,0.119,0.146,0.211,0.299,0.381,0.465,0.894,1.312,1.519,1.634,1.78
2014-10-29,0.015,0.02,0.039,0.077,0.123,0.151,0.217,0.304,0.386,0.471,0.9,1.317,1.522,1.639,1.784
2014-10-30,0.015,0.02,0.039,0.072,0.119,0.151,0.217,0.304,0.392,0.475,0.905,1.331,1.542,1.658,1.808
2014-10-31,0.025,0.03,0.05,0.082,0.13,0.158,0.221,0.305,0.382,0.466,0.874,1.289,1.476,1.591,1.741
2014-11-04,0.013,0.02,0.035,0.069,0.114,0.144,0.206,0.289,0.362,0.449,0.819,1.214,1.369,1.473,1.624
2014-11-05,0.013,0.02,0.039,0.079,0.125,0.164,0.231,0.316,0.388,0.475,0.85,1.257,1.427,1.53,1.676
2014-11-06,0.012,0.03,0.043,0.079,0.125,0.162,0.232,0.317,0.389,0.476,0.865,1.266,1.442,1.547,1.692
2014-11-07,0.012,0.03,0.044,0.084,0.131,0.167,0.237,0.322,0.396,0.482,0.874,1.271,1.448,1.548,1.693
2014-11-10,0.011,0.025,0.039,0.079,0.125,0.158,0.222,0.308,0.381,0.467,0.856,1.251,1.424,1.525,1.673
2014-11-11,0.011,0.03,0.047,0.096,0.139,0.178,0.254,0.338,0.41,0.492,0.877,1.268,1.429,1.53,1.677
2014-11-12,0.021,0.045,0.069,0.121,0.166,0.214,0.294,0.378,0.451,0.531,0.927,1.318,1.476,1.565,1.709
2014-11-13,0.01,0.03,0.056,0.111,0.158,0.197,0.269,0.353,0.427,0.507,0.898,1.291,1.438,1.525,1.672
2014-11-14,0.01,0.02,0.044,0.096,0.141,0.181,0.254,0.337,0.41,0.486,0.877,1.272,1.394,1.473,1.624
2014-11-17,0.009,0.015,0.037,0.091,0.137,0.176,0.25,0.334,0.406,0.481,0.868,1.263,1.381,1.459,1.599
2014-11-18,0.009,0.015,0.039,0.096,0.148,0.195,0.274,0.359,0.436,0.512,0.909,1.305,1.424,1.499,1.636
2014-11-19,0.009,0.01,0.018,0.072,0.123,0.17,0.248,0.334,0.408,0.484,0.873,1.261,1.376,1.454,1.581
2014-11-20,0.009,0.009,0.014,0.067,0.117,0.164,0.243,0.33,0.403,0.48,0.858,1.245,1.35,1.427,1.546
2014-11-21,0.008,0.009,0.014,0.067,0.118,0.154,0.233,0.319,0.393,0.471,0.858,1.259,1.378,1.459,1.592
2014-11-25,0.007,0.009,0.014,0.066,0.12,0.149,0.221,0.306,0.383,0.461,0.849,1.247,1.366,1.449,1.584
2014-11-26,0.01,0.008,0.016,0.057,0.111,0.14,0.211,0.291,0.368,0.447,0.833,1.233,1.357,1.441,1.572
2014-11-27,0.009,0.008,0.016,0.058,0.109,0.131,0.196,0.278,0.358,0.436,0.818,1.216,1.345,1.428,1.555
2014-11-28,0.01,0.01,0.015,0.053,0.105,0.127,0.195,0.276,0.353,0.431,0.813,1.211,1.346,1.428,1.555
2014-12-01,0.01,0.007,0.015,0.049,0.102,0.127,0.196,0.282,0.359,0.436,0.809,1.202,1.333,1.415,1.538
2014-12-02,0.004,0.002,0.006,0.039,0.092,0.117,0.19,0.277,0.355,0.445,0.809,1.202,1.333,1.415,1.534
2014-12-03,0.004,-0.003,-0.004,0.02,0.074,0.096,0.168,0.262,0.34,0.426,0.799,1.198,1.339,1.426,1.543
2014-12-04,0.004,-0.003,0.003,0.024,0.077,0.096,0.161,0.261,0.34,0.427,0.815,1.217,1.363,1.457,1.572
2014-12-05,0.003,-0.003,0.003,0.024,0.076,0.097,0.156,0.252,0.33,0.417,0.81,1.213,1.364,1.457,1.576
2014-12-08,0.002,-0.004,0.011,0.039,0.092,0.112,0.172,0.269,0.346,0.433,0.821,1.221,1.369,1.461,1.581
2014-12-09,0.002,-0.004,0.002,0.025,0.077,0.095,0.148,0.248,0.326,0.414,0.8,1.198,1.335,1.425,1.543
2014-12-10,0.002,0.001,0.012,0.035,0.082,0.097,0.148,0.243,0.321,0.405,0.78,1.174,1.306,1.391,1.505
2014-12-11,0.001,0.001,0.012,0.035,0.082,0.098,0.147,0.244,0.317,0.405,0.78,1.184,1.311,1.391,1.505
2014-12-12,0.001,0.005,0.018,0.04,0.081,0.098,0.143,0.234,0.307,0.395,0.78,1.19,1.321,1.404,1.514
2014-12-15,0,0.01,0.017,0.035,0.075,0.093,0.133,0.219,0.293,0.376,0.76,1.167,1.306,1.392,1.505
2014-12-16,0,0.005,0.001,0.015,0.052,0.072,0.113,0.199,0.273,0.356,0.734,1.152,1.297,1.387,1.499
2014-12-17,-0.001,0.005,0,0.015,0.046,0.067,0.113,0.199,0.273,0.357,0.724,1.142,1.282,1.374,1.493
2014-12-18,-0.011,-0.01,-0.01,0.005,0.036,0.057,0.109,0.194,0.263,0.348,0.714,1.127,1.262,1.353,1.473
2014-12-19,-0.032,-0.035,-0.017,0,0.032,0.056,0.114,0.2,0.269,0.353,0.714,1.118,1.252,1.343,1.46
2014-12-22,-0.032,-0.031,-0.014,0.007,0.036,0.052,0.099,0.188,0.258,0.338,0.704,1.109,1.243,1.33,1.442
2014-12-24,-0.036,-0.036,-0.014,0.007,0.036,0.048,0.094,0.185,0.255,0.334,0.698,1.096,1.223,1.308,1.426
2014-12-25,-0.033,-0.026,-0.015,0.007,0.036,0.043,0.09,0.17,0.24,0.314,0.677,1.063,1.188,1.277,1.394
2014-12-26,-0.034,-0.028,-0.015,0.007,0.042,0.047,0.105,0.186,0.255,0.329,0.689,1.077,1.208,1.295,1.41
2014-12-29,-0.033,-0.033,-0.018,-0.003,0.032,0.038,0.096,0.177,0.246,0.324,0.685,1.077,1.208,1.295,1.413
2014-12-30,-0.02,-0.028,-0.018,-0.003,0.026,0.033,0.097,0.177,0.246,0.325,0.674,1.065,1.189,1.269,1.386
2015-01-05,-0.017,-0.027,-0.019,-0.005,0.022,0.029,0.093,0.173,0.246,0.326,0.67,1.06,1.194,1.272,1.392
2015-01-06,-0.018,-0.026,-0.02,-0.015,0.012,0.017,0.072,0.147,0.217,0.289,0.61,0.985,1.114,1.2,1.323
2015-01-07,-0.012,-0.025,-0.013,-0.008,0.016,0.023,0.083,0.158,0.227,0.299,0.611,0.973,1.103,1.191,1.306
2015-01-08,-0.013,-0.02,-0.014,-0.008,0.016,0.017,0.073,0.148,0.216,0.284,0.589,0.938,1.063,1.15,1.26
2015-01-09,-0.016,-0.029,-0.016,-0.012,0.012,0.012,0.066,0.142,0.212,0.279,0.606,0.97,1.104,1.191,1.293
2015-01-13,-0.019,-0.03,-0.02,-0.013,0.007,0.001,0.057,0.134,0.198,0.265,0.591,0.948,1.079,1.164,1.266
2015-01-14,-0.02,-0.03,-0.018,-0.014,0.008,0.001,0.048,0.124,0.187,0.256,0.581,0.939,1.064,1.145,1.248
2015-01-15,-0.02,-0.025,-0.014,-0.004,0.018,0.01,0.053,0.125,0.188,0.25,0.581,0.934,1.059,1.133,1.231
2015-01-16,-0.02,-0.025,-0.012,-0.004,0.018,0.009,0.048,0.117,0.178,0.241,0.575,0.929,1.054,1.13,1.226
2015-01-19,-0.021,-0.026,-0.013,-0.009,0.011,0,0.027,0.093,0.148,0.206,0.54,0.896,1.034,1.113,1.218
2015-01-20,-0.022,-0.031,-0.019,-0.019,0.001,0.004,0.044,0.108,0.164,0.221,0.54,0.892,1.034,1.113,1.218
2015-01-21,-0.022,-0.031,-0.018,-0.005,0.017,0.027,0.074,0.139,0.194,0.251,0.572,0.926,1.069,1.145,1.253
2015-01-22,-0.014,-0.02,0.001,0.026,0.057,0.078,0.134,0.205,0.265,0.321,0.696,1.075,1.238,1.301,1.409
2015-01-23,-0.015,-0.015,-0.008,0,0.018,0.016,0.054,0.119,0.185,0.244,0.647,1.068,1.256,1.331,1.44
2015-01-26,-0.017,-0.016,-0.007,-0.003,0.011,0.005,0.04,0.104,0.17,0.229,0.627,1.06,1.249,1.331,1.441
2015-01-27,-0.008,-0.005,0.005,0.015,0.037,0.041,0.083,0.151,0.21,0.269,0.658,1.065,1.25,1.332,1.445
2015-01-28,0.006,0.003,0.022,0.035,0.058,0.062,0.105,0.176,0.236,0.293,0.667,1.056,1.225,1.309,1.424
2015-01-29,0.005,0.005,0.021,0.035,0.051,0.057,0.099,0.171,0.236,0.293,0.666,1.064,1.23,1.313,1.428
2015-01-30,0.009,0.01,0.023,0.032,0.046,0.045,0.081,0.156,0.225,0.288,0.656,1.054,1.216,1.299,1.415
2015-02-02,0.01,0.01,0.029,0.045,0.056,0.055,0.093,0.166,0.226,0.293,0.646,1.045,1.206,1.295,1.406
2015-02-03,0.02,0.02,0.044,0.071,0.096,0.104,0.158,0.232,0.297,0.363,0.709,1.102,1.266,1.362,1.473
2015-02-04,0.019,0.03,0.05,0.081,0.1,0.109,0.163,0.245,0.314,0.382,0.761,1.167,1.338,1.437,1.541
2015-02-05,0.019,0.043,0.065,0.091,0.105,0.106,0.158,0.238,0.299,0.362,0.732,1.129,1.275,1.372,1.483
2015-02-06,0.013,0.035,0.048,0.071,0.085,0.087,0.143,0.223,0.283,0.343,0.715,1.106,1.24,1.338,1.454
2015-02-09,0.012,0.045,0.057,0.081,0.1,0.098,0.154,0.238,0.302,0.362,0.751,1.158,1.295,1.385,1.5
2015-02-10,0.011,0.045,0.063,0.089,0.121,0.122,0.185,0.272,0.337,0.397,0.789,1.199,1.335,1.424,1.538
2015-02-12,0.011,0.04,0.059,0.089,0.121,0.119,0.18,0.267,0.333,0.398,0.79,1.208,1.34,1.43,1.547
2015-02-13,0.01,0.04,0.064,0.098,0.138,0.134,0.201,0.287,0.358,0.423,0.827,1.244,1.378,1.467,1.583
2015-02-16,0.01,0.045,0.064,0.102,0.144,0.145,0.221,0.308,0.387,0.454,0.882,1.303,1.445,1.536,1.652
2015-02-17,0.01,0.035,0.055,0.085,0.123,0.119,0.177,0.263,0.337,0.399,0.818,1.228,1.369,1.473,1.588
2015-02-18,0.01,0.04,0.055,0.09,0.129,0.128,0.198,0.283,0.357,0.417,0.829,1.232,1.373,1.477,1.593
2015-02-19,0.01,0.035,0.051,0.083,0.118,0.114,0.174,0.264,0.338,0.398,0.807,1.203,1.33,1.43,1.546
2015-02-20,0.01,0.034,0.044,0.079,0.112,0.109,0.168,0.259,0.333,0.393,0.813,1.217,1.354,1.456,1.579
2015-02-23,0.012,0.033,0.04,0.074,0.107,0.101,0.159,0.25,0.324,0.389,0.806,1.205,1.34,1.439,1.567
2015-02-24,0.01,0.029,0.04,0.071,0.102,0.098,0.154,0.245,0.314,0.381,0.793,1.192,1.325,1.422,1.542
2015-02-25,0.01,0.023,0.03,0.059,0.091,0.082,0.119,0.209,0.279,0.347,0.746,1.151,1.298,1.399,1.517
2015-02-26,0.01,0.025,0.03,0.059,0.091,0.081,0.12,0.209,0.28,0.348,0.757,1.17,1.334,1.439,1.558
2015-02-27,0.006,0.015,0.016,0.042,0.071,0.073,0.115,0.204,0.274,0.349,0.755,1.166,1.329,1.434,1.554
2015-03-02,0.01,0.015,0.015,0.044,0.07,0.073,0.116,0.21,0.28,0.354,0.763,1.177,1.342,1.448,1.567
2015-03-03,0.01,0.02,0.022,0.059,0.092,0.093,0.146,0.24,0.314,0.395,0.805,1.219,1.398,1.499,1.616
2015-03-04,0.01,0.015,0.015,0.058,0.092,0.093,0.146,0.241,0.316,0.4,0.812,1.225,1.406,1.506,1.628
2015-03-05,0.01,0.007,0.014,0.059,0.092,0.093,0.15,0.244,0.316,0.395,0.794,1.196,1.364,1.461,1.585
2015-03-06,0.01,0.007,0.014,0.056,0.089,0.089,0.141,0.231,0.302,0.376,0.777,1.18,1.345,1.441,1.571
2015-03-09,0.01,0.016,0.029,0.074,0.121,0.125,0.183,0.277,0.348,0.422,0.828,1.226,1.396,1.49,1.61
2015-03-10,0.01,0.03,0.045,0.094,0.147,0.156,0.219,0.317,0.387,0.462,0.873,1.271,1.441,1.53,1.649
2015-03-11,0.01,0.03,0.042,0.079,0.131,0.126,0.169,0.267,0.337,0.413,0.833,1.241,1.408,1.5,1.62
2015-03-12,0.001,0.016,0.026,0.059,0.115,0.104,0.148,0.237,0.302,0.374,0.797,1.209,1.374,1.47,1.595
2015-03-13,0.001,0.016,0.032,0.074,0.13,0.129,0.175,0.267,0.337,0.408,0.827,1.231,1.388,1.483,1.608
2015-03-16,0,0.015,0.031,0.072,0.126,0.134,0.18,0.275,0.343,0.414,0.828,1.226,1.379,1.47,1.592
2015-03-17,0.009,0.015,0.028,0.067,0.12,0.131,0.18,0.273,0.339,0.41,0.812,1.213,1.364,1.457,1.58
2015-03-18,0.009,0.005,0.011,0.045,0.096,0.1,0.136,0.228,0.29,0.361,0.739,1.136,1.272,1.361,1.484
2015-03-19,0.009,0.004,0.007,0.033,0.082,0.073,0.104,0.192,0.254,0.322,0.683,1.073,1.197,1.281,1.396
2015-03-20,0.009,0.01,0.01,0.032,0.076,0.072,0.104,0.193,0.254,0.322,0.708,1.104,1.242,1.321,1.437
2015-03-23,0.008,0.019,0.022,0.042,0.082,0.066,0.092,0.179,0.239,0.307,0.694,1.104,1.247,1.334,1.451
2015-03-24,0.017,0.024,0.025,0.045,0.082,0.073,0.098,0.184,0.245,0.307,0.679,1.081,1.212,1.296,1.412
2015-03-25,0.017,0.03,0.035,0.052,0.086,0.084,0.11,0.194,0.259,0.328,0.689,1.081,1.212,1.294,1.412
2015-03-26,0.02,0.03,0.041,0.057,0.092,0.088,0.11,0.194,0.259,0.328,0.688,1.073,1.202,1.285,1.404
2015-03-27,0.019,0.035,0.054,0.08,0.121,0.128,0.152,0.24,0.304,0.373,0.756,1.142,1.296,1.383,1.497
2015-03-30,0.02,0.035,0.053,0.083,0.121,0.128,0.151,0.236,0.301,0.368,0.742,1.119,1.267,1.352,1.468
2015-03-31,0.03,0.037,0.057,0.093,0.131,0.149,0.173,0.261,0.326,0.398,0.758,1.133,1.272,1.357,1.464
2015-04-01,0.025,0.025,0.042,0.073,0.107,0.124,0.151,0.236,0.301,0.378,0.742,1.124,1.272,1.365,1.48
2015-04-02,0.02,0.02,0.032,0.063,0.097,0.109,0.131,0.206,0.271,0.339,0.711,1.097,1.242,1.339,1.455
2015-04-03,0.02,0.015,0.029,0.058,0.097,0.111,0.137,0.221,0.287,0.354,0.736,1.129,1.282,1.383,1.501
2015-04-06,0.02,0.015,0.028,0.053,0.089,0.099,0.126,0.206,0.272,0.34,0.736,1.134,1.291,1.392,1.514
2015-04-07,0.023,0.015,0.028,0.058,0.093,0.11,0.137,0.223,0.287,0.36,0.744,1.139,1.297,1.4,1.521
2015-04-08,0.023,0.015,0.034,0.063,0.097,0.115,0.144,0.228,0.293,0.36,0.744,1.134,1.292,1.392,1.514
2015-04-09,0.012,0.011,0.027,0.063,0.097,0.116,0.144,0.228,0.293,0.361,0.753,1.144,1.302,1.398,1.522
2015-04-10,0.012,0.006,0.024,0.058,0.097,0.106,0.129,0.207,0.273,0.341,0.733,1.126,1.282,1.382,1.505
2015-04-13,0.001,0.005,0.019,0.055,0.093,0.1,0.13,0.208,0.273,0.342,0.735,1.135,1.292,1.397,1.522
2015-04-14,0,0.005,0.008,0.045,0.077,0.085,0.115,0.193,0.258,0.327,0.71,1.112,1.268,1.379,1.505
2015-04-15,0,0.005,0.008,0.045,0.077,0.085,0.115,0.193,0.258,0.328,0.705,1.099,1.253,1.362,1.489
2015-04-16,0,0.005,0.008,0.045,0.084,0.095,0.125,0.202,0.263,0.332,0.699,1.085,1.237,1.34,1.468
2015-04-17,0.009,0.005,0.006,0.04,0.073,0.08,0.105,0.183,0.243,0.307,0.678,1.062,1.208,1.309,1.438
2015-04-20,0.009,0.004,0.007,0.04,0.077,0.085,0.111,0.189,0.249,0.313,0.68,1.062,1.203,1.301,1.43
2015-04-21,0.008,0.004,0.007,0.04,0.077,0.086,0.112,0.189,0.249,0.313,0.691,1.076,1.223,1.323,1.442
2015-04-22,-0.002,-0.001,0.004,0.029,0.067,0.078,0.102,0.179,0.243,0.309,0.691,1.081,1.223,1.323,1.442
2015-04-23,-0.003,-0.001,0.003,0.033,0.073,0.085,0.112,0.189,0.253,0.319,0.696,1.086,1.234,1.331,1.451
2015-04-24,-0.013,-0.016,-0.009,0.015,0.053,0.062,0.087,0.164,0.229,0.294,0.674,1.068,1.223,1.323,1.443
2015-04-27,-0.004,-0.001,0.006,0.025,0.064,0.073,0.098,0.18,0.245,0.31,0.696,1.086,1.244,1.345,1.463
2015-04-28,0,0,0.006,0.025,0.064,0.072,0.091,0.175,0.239,0.306,0.691,1.083,1.244,1.349,1.471
2015-04-30,0,0,0.008,0.034,0.079,0.098,0.122,0.205,0.27,0.336,0.718,1.106,1.264,1.362,1.484
2015-05-01,0,0.002,0.014,0.047,0.096,0.121,0.162,0.242,0.305,0.37,0.751,1.134,1.288,1.384,1.505
2015-05-07,0.01,0.016,0.029,0.074,0.127,0.171,0.233,0.313,0.376,0.44,0.825,1.2,1.356,1.445,1.562
2015-05-08,0.003,0.006,0.014,0.055,0.109,0.151,0.213,0.293,0.356,0.421,0.807,1.191,1.35,1.446,1.562
2015-05-11,0.002,0.001,0.009,0.046,0.098,0.134,0.19,0.274,0.337,0.402,0.787,1.177,1.34,1.441,1.558
2015-05-12,0.001,0.001,0.023,0.075,0.132,0.179,0.249,0.334,0.397,0.461,0.844,1.228,1.394,1.493,1.606
2015-05-13,0.001,0.001,0.019,0.075,0.132,0.178,0.248,0.334,0.398,0.466,0.849,1.24,1.4,1.503,1.613
2015-05-14,0.001,-0.005,0.01,0.065,0.121,0.164,0.233,0.325,0.388,0.457,0.839,1.232,1.391,1.491,1.606
2015-05-15,-0.01,-0.01,-0.004,0.045,0.102,0.129,0.184,0.275,0.336,0.402,0.781,1.173,1.333,1.438,1.563
2015-05-18,-0.001,-0.01,-0.004,0.044,0.1,0.119,0.175,0.262,0.323,0.387,0.758,1.151,1.309,1.413,1.538
2015-05-19,-0.001,-0.01,-0.004,0.045,0.101,0.121,0.176,0.268,0.328,0.393,0.768,1.164,1.319,1.417,1.546
2015-05-20,-0.001,-0.011,-0.002,0.045,0.102,0.126,0.184,0.278,0.338,0.403,0.794,1.196,1.353,1.447,1.577
2015-05-21,-0.002,-0.006,0,0.051,0.106,0.136,0.194,0.289,0.354,0.418,0.81,1.212,1.372,1.469,1.598
2015-05-22,-0.002,-0.006,0.002,0.05,0.113,0.143,0.2,0.294,0.359,0.423,0.815,1.217,1.377,1.473,1.603
2015-05-25,-0.003,-0.001,0.006,0.058,0.113,0.148,0.202,0.3,0.364,0.433,0.82,1.222,1.382,1.477,1.604
2015-05-26,-0.003,-0.001,0.005,0.055,0.114,0.148,0.198,0.295,0.36,0.431,0.826,1.221,1.386,1.482,1.603
2015-05-27,-0.004,-0.001,0.002,0.046,0.1,0.128,0.162,0.26,0.33,0.4,0.796,1.196,1.363,1.465,1.591
2015-05-28,-0.004,-0.008,-0.002,0.042,0.095,0.133,0.163,0.265,0.34,0.411,0.817,1.222,1.393,1.497,1.619
2015-05-29,0,-0.008,-0.003,0.042,0.095,0.132,0.16,0.261,0.335,0.406,0.791,1.199,1.365,1.473,1.595
2015-06-01,-0.005,-0.007,-0.004,0.044,0.096,0.138,0.171,0.267,0.341,0.412,0.807,1.218,1.383,1.491,1.61
2015-06-02,-0.006,-0.007,-0.004,0.044,0.097,0.138,0.177,0.272,0.35,0.429,0.812,1.218,1.383,1.491,1.611
2015-06-03,-0.002,-0.002,0.006,0.049,0.106,0.148,0.196,0.298,0.376,0.455,0.848,1.246,1.411,1.512,1.63
2015-06-04,-0.002,-0.002,0.015,0.063,0.123,0.173,0.232,0.332,0.411,0.484,0.879,1.269,1.434,1.53,1.646
2015-06-05,-0.003,-0.005,0.011,0.059,0.119,0.168,0.222,0.327,0.405,0.475,0.879,1.274,1.439,1.532,1.65
2015-06-08,-0.005,-0.005,0.011,0.059,0.119,0.172,0.228,0.337,0.415,0.486,0.889,1.284,1.452,1.544,1.661
2015-06-09,-0.006,-0.005,0.004,0.044,0.103,0.144,0.193,0.299,0.373,0.443,0.837,1.234,1.401,1.497,1.619
2015-06-10,-0.006,-0.005,0.016,0.064,0.128,0.183,0.254,0.355,0.422,0.491,0.873,1.257,1.416,1.501,1.626
2015-06-11,-0.007,-0.005,0.023,0.079,0.145,0.209,0.295,0.394,0.461,0.524,0.91,1.285,1.435,1.51,1.634
2015-06-12,0.001,-0.004,0.016,0.064,0.128,0.183,0.264,0.364,0.433,0.497,0.882,1.267,1.426,1.51,1.635
2015-06-15,0,-0.005,0.015,0.064,0.127,0.179,0.259,0.366,0.433,0.498,0.878,1.263,1.421,1.505,1.632
2015-06-16,0,0,0.012,0.059,0.119,0.169,0.25,0.356,0.428,0.493,0.872,1.264,1.421,1.505,1.628
2015-06-17,-0.001,0,0.011,0.057,0.116,0.154,0.23,0.336,0.408,0.473,0.856,1.25,1.411,1.497,1.62
2015-06-18,0.009,0.005,0.008,0.047,0.106,0.135,0.195,0.295,0.369,0.434,0.816,1.218,1.388,1.479,1.595
2015-06-19,0.008,0.005,0.004,0.045,0.106,0.134,0.185,0.28,0.353,0.415,0.79,1.188,1.359,1.461,1.579
2015-06-22,0.006,0.005,0.006,0.05,0.11,0.143,0.191,0.291,0.364,0.425,0.789,1.178,1.338,1.44,1.559
2015-06-23,0.005,0.005,0.012,0.062,0.127,0.168,0.23,0.33,0.399,0.465,0.826,1.214,1.371,1.471,1.587
2015-06-24,0.007,0.004,0.012,0.058,0.117,0.16,0.22,0.316,0.39,0.455,0.831,1.219,1.371,1.471,1.588
2015-06-25,0.007,0.003,0.012,0.058,0.117,0.161,0.228,0.327,0.404,0.47,0.848,1.237,1.39,1.48,1.6
2015-06-26,0,-0.002,0.011,0.058,0.121,0.166,0.232,0.328,0.4,0.47,0.842,1.229,1.386,1.475,1.596
2015-06-29,0,-0.002,0.01,0.053,0.107,0.142,0.192,0.288,0.366,0.437,0.807,1.197,1.352,1.449,1.571
2015-06-30,0,-0.003,0.016,0.058,0.111,0.151,0.211,0.308,0.381,0.451,0.822,1.202,1.357,1.449,1.572
2015-07-01,0.005,-0.003,0.017,0.063,0.118,0.167,0.233,0.328,0.401,0.471,0.843,1.225,1.381,1.471,1.588
2015-07-02,0.005,0,0.026,0.078,0.134,0.192,0.275,0.374,0.441,0.511,0.88,1.258,1.409,1.497,1.608
2015-07-03,0.01,0.01,0.025,0.068,0.118,0.172,0.249,0.344,0.411,0.482,0.853,1.239,1.393,1.484,1.596
2015-07-06,0.01,0.01,0.024,0.058,0.108,0.158,0.225,0.32,0.387,0.462,0.838,1.228,1.384,1.48,1.591
2015-07-07,0.003,0.005,0.027,0.058,0.108,0.152,0.221,0.315,0.383,0.453,0.834,1.225,1.383,1.484,1.596
2015-07-08,0.003,0.005,0.026,0.052,0.098,0.125,0.183,0.275,0.348,0.415,0.792,1.184,1.341,1.44,1.556
2015-07-09,0.002,0.009,0.027,0.058,0.104,0.132,0.2,0.3,0.376,0.448,0.822,1.207,1.365,1.458,1.575
2015-07-10,0.002,0.005,0.027,0.059,0.101,0.125,0.191,0.29,0.363,0.434,0.819,1.208,1.365,1.462,1.58
2015-07-13,0.001,0.005,0.033,0.069,0.112,0.136,0.202,0.301,0.373,0.445,0.831,1.223,1.38,1.48,1.596
2015-07-14,0.001,0.005,0.034,0.074,0.118,0.151,0.217,0.316,0.388,0.46,0.841,1.222,1.38,1.48,1.588
2015-07-15,0,0.01,0.034,0.076,0.123,0.15,0.213,0.311,0.384,0.454,0.832,1.218,1.37,1.467,1.572
2015-07-16,0,0.005,0.027,0.071,0.113,0.14,0.203,0.302,0.373,0.445,0.827,1.218,1.375,1.471,1.58
2015-07-17,0.009,0.005,0.026,0.066,0.108,0.13,0.186,0.282,0.355,0.426,0.805,1.208,1.365,1.468,1.577
2015-07-21,0.008,0.005,0.025,0.061,0.103,0.125,0.183,0.278,0.351,0.423,0.804,1.203,1.356,1.454,1.565
2015-07-22,0.008,0.004,0.022,0.056,0.099,0.12,0.173,0.268,0.346,0.416,0.791,1.177,1.328,1.423,1.541
2015-07-23,0.008,0.004,0.019,0.062,0.103,0.126,0.178,0.273,0.349,0.417,0.791,1.178,1.326,1.419,1.537
2015-07-24,0.007,0.004,0.019,0.062,0.103,0.126,0.176,0.268,0.344,0.412,0.783,1.178,1.324,1.424,1.54
2015-07-27,0.006,0.004,0.018,0.062,0.103,0.125,0.181,0.269,0.345,0.414,0.787,1.183,1.333,1.433,1.548
2015-07-28,0.006,0.005,0.018,0.058,0.099,0.122,0.172,0.264,0.339,0.408,0.782,1.178,1.328,1.428,1.545
2015-07-29,0.006,0.005,0.017,0.058,0.099,0.121,0.168,0.259,0.335,0.409,0.781,1.179,1.333,1.437,1.552
2015-07-30,0.006,0.005,0.018,0.058,0.099,0.127,0.18,0.269,0.345,0.419,0.792,1.185,1.338,1.442,1.557
2015-07-31,0.005,0.005,0.018,0.056,0.096,0.121,0.174,0.264,0.34,0.414,0.787,1.175,1.328,1.433,1.55
2015-08-03,0.004,0.005,0.017,0.056,0.096,0.121,0.176,0.265,0.343,0.42,0.792,1.186,1.338,1.442,1.557
2015-08-04,0.004,0.005,0.01,0.047,0.086,0.108,0.153,0.24,0.318,0.395,0.772,1.167,1.319,1.424,1.541
2015-08-05,0.004,0.005,0.01,0.05,0.09,0.115,0.163,0.251,0.328,0.406,0.783,1.181,1.333,1.437,1.553
2015-08-06,0.003,0.005,0.011,0.061,0.101,0.134,0.189,0.276,0.354,0.43,0.813,1.209,1.367,1.468,1.581
2015-08-07,0.003,0.005,0.008,0.057,0.097,0.128,0.184,0.271,0.348,0.425,0.803,1.2,1.355,1.458,1.573
2015-08-10,0.002,0.005,0.009,0.055,0.092,0.121,0.171,0.261,0.334,0.411,0.794,1.192,1.345,1.451,1.566
2015-08-11,0.002,0.001,0.007,0.052,0.092,0.12,0.167,0.257,0.33,0.407,0.793,1.191,1.349,1.455,1.569
2015-08-12,0.001,0.001,0.004,0.046,0.085,0.103,0.137,0.222,0.295,0.367,0.753,1.159,1.315,1.424,1.542
2015-08-13,0.001,0.001,0.003,0.052,0.087,0.114,0.155,0.242,0.315,0.388,0.779,1.178,1.334,1.442,1.561
2015-08-14,0.001,0,0.005,0.047,0.081,0.111,0.154,0.237,0.31,0.388,0.774,1.173,1.33,1.433,1.558
2015-08-17,0.009,0.005,0.004,0.047,0.088,0.117,0.165,0.253,0.325,0.403,0.786,1.183,1.34,1.442,1.566
2015-08-18,0.009,0.005,0.003,0.042,0.079,0.106,0.146,0.233,0.306,0.384,0.768,1.165,1.32,1.424,1.55
2015-08-19,0.009,0.004,0.003,0.042,0.077,0.107,0.146,0.233,0.306,0.384,0.773,1.169,1.325,1.424,1.554
2015-08-20,0.008,0.004,0.005,0.037,0.073,0.099,0.133,0.219,0.29,0.369,0.753,1.151,1.306,1.402,1.534
2015-08-21,0.008,0.004,0.005,0.037,0.073,0.102,0.133,0.219,0.287,0.364,0.744,1.143,1.3,1.399,1.525
2015-08-24,0.007,0.004,0.005,0.038,0.074,0.102,0.134,0.219,0.282,0.36,0.743,1.142,1.296,1.394,1.52
2015-08-25,0.007,0.004,0.008,0.045,0.078,0.111,0.149,0.238,0.307,0.385,0.763,1.161,1.315,1.412,1.532
2015-08-26,0.007,0.004,0.011,0.045,0.078,0.112,0.144,0.235,0.308,0.385,0.764,1.162,1.315,1.412,1.528
2015-08-27,0.006,0.008,0.015,0.05,0.085,0.117,0.158,0.251,0.322,0.4,0.785,1.18,1.335,1.43,1.544
2015-08-28,0.006,0.008,0.01,0.045,0.078,0.111,0.155,0.246,0.318,0.396,0.774,1.167,1.325,1.421,1.54
2015-08-31,0.005,0.007,0.011,0.04,0.075,0.107,0.15,0.241,0.314,0.392,0.775,1.168,1.326,1.426,1.544
2015-09-01,0.004,0.007,0.01,0.04,0.074,0.102,0.14,0.231,0.302,0.381,0.76,1.164,1.326,1.426,1.548
2015-09-02,0.004,0.01,0.016,0.045,0.078,0.106,0.148,0.236,0.309,0.386,0.766,1.169,1.33,1.436,1.557
2015-09-03,0.004,0.012,0.02,0.05,0.084,0.113,0.154,0.241,0.315,0.391,0.766,1.17,1.326,1.431,1.552
2015-09-04,0.003,0.012,0.016,0.045,0.072,0.096,0.13,0.217,0.285,0.362,0.741,1.147,1.302,1.408,1.528
2015-09-07,0.002,0.011,0.016,0.045,0.073,0.097,0.13,0.212,0.285,0.363,0.741,1.146,1.302,1.404,1.524
2015-09-08,0.002,0.011,0.015,0.045,0.07,0.087,0.119,0.202,0.276,0.355,0.732,1.136,1.293,1.395,1.513
2015-09-09,0.002,0.011,0.018,0.045,0.07,0.088,0.12,0.207,0.281,0.359,0.742,1.147,1.302,1.399,1.52
2015-09-10,0.001,0.011,0.018,0.04,0.059,0.077,0.106,0.192,0.267,0.349,0.732,1.142,1.307,1.404,1.529
2015-09-11,0.001,0.01,0.021,0.035,0.056,0.073,0.101,0.187,0.261,0.344,0.737,1.148,1.317,1.412,1.54
2015-09-14,0,0.01,0.024,0.045,0.066,0.083,0.111,0.198,0.272,0.355,0.743,1.15,1.321,1.413,1.541
2015-09-15,0.01,0.02,0.03,0.055,0.082,0.098,0.127,0.214,0.287,0.37,0.754,1.159,1.331,1.417,1.545
2015-09-16,0.01,0.02,0.03,0.055,0.082,0.098,0.122,0.209,0.283,0.365,0.759,1.164,1.336,1.421,1.549
2015-09-17,0.01,0.015,0.03,0.057,0.076,0.096,0.117,0.204,0.278,0.36,0.749,1.154,1.327,1.413,1.54
2015-09-18,0.01,0.014,0.02,0.037,0.056,0.076,0.092,0.174,0.248,0.331,0.708,1.117,1.284,1.374,1.505
2015-09-24,0.01,0.013,0.022,0.037,0.056,0.073,0.089,0.17,0.244,0.328,0.703,1.11,1.275,1.366,1.494
2015-09-25,0.007,0.009,0.016,0.032,0.052,0.067,0.086,0.166,0.239,0.323,0.699,1.105,1.27,1.362,1.485
2015-09-28,0.01,0.008,0.018,0.037,0.056,0.084,0.108,0.189,0.265,0.348,0.726,1.129,1.294,1.388,1.51
2015-09-29,0.01,0.012,0.017,0.037,0.056,0.074,0.098,0.176,0.255,0.334,0.711,1.115,1.28,1.375,1.498
2015-09-30,0.01,0.015,0.018,0.037,0.062,0.083,0.109,0.186,0.265,0.348,0.731,1.133,1.299,1.397,1.518
2015-10-01,0.005,0.007,0.011,0.032,0.052,0.073,0.095,0.172,0.25,0.329,0.711,1.115,1.28,1.379,1.502
2015-10-02,0.004,0.002,0.008,0.027,0.046,0.068,0.09,0.166,0.241,0.319,0.696,1.097,1.261,1.365,1.49
2015-10-05,0.003,0.002,0.006,0.022,0.042,0.058,0.081,0.157,0.236,0.316,0.69,1.092,1.256,1.362,1.486
2015-10-06,0.003,0.001,0.007,0.026,0.046,0.064,0.09,0.168,0.247,0.325,0.701,1.102,1.261,1.371,1.494
2015-10-07,0.003,0.001,0.013,0.032,0.056,0.073,0.102,0.177,0.252,0.33,0.706,1.107,1.266,1.371,1.494
2015-10-08,0.002,0.005,0.016,0.042,0.066,0.078,0.106,0.182,0.257,0.331,0.702,1.103,1.261,1.358,1.486
2015-10-09,0.002,0.005,0.019,0.037,0.062,0.073,0.102,0.177,0.251,0.326,0.692,1.094,1.251,1.349,1.478
2015-10-13,0.001,0.005,0.018,0.039,0.062,0.073,0.097,0.173,0.247,0.322,0.688,1.085,1.246,1.345,1.474
2015-10-14,0,0.005,0.014,0.033,0.052,0.068,0.091,0.163,0.237,0.313,0.677,1.081,1.245,1.345,1.478
2015-10-15,0,0.01,0.02,0.038,0.057,0.079,0.1,0.173,0.247,0.323,0.693,1.095,1.261,1.358,1.492
2015-10-16,0,0.01,0.02,0.038,0.057,0.079,0.1,0.174,0.247,0.323,0.688,1.09,1.252,1.35,1.486
2015-10-19,0,0.009,0.024,0.043,0.063,0.084,0.106,0.179,0.253,0.329,0.693,1.095,1.261,1.358,1.494
2015-10-20,-0.001,0.009,0.023,0.038,0.056,0.074,0.097,0.169,0.243,0.319,0.689,1.091,1.262,1.358,1.494
2015-10-21,-0.001,0.014,0.024,0.038,0.056,0.077,0.099,0.17,0.248,0.324,0.699,1.101,1.271,1.367,1.502
2015-10-22,-0.001,0.01,0.02,0.032,0.053,0.07,0.092,0.16,0.238,0.314,0.689,1.087,1.257,1.354,1.491
2015-10-23,-0.001,0.009,0.015,0.027,0.049,0.064,0.087,0.155,0.232,0.309,0.684,1.082,1.247,1.346,1.483
2015-10-26,-0.001,0.013,0.019,0.033,0.053,0.075,0.098,0.166,0.244,0.32,0.695,1.097,1.262,1.359,1.495
2015-10-27,-0.001,0.008,0.015,0.028,0.049,0.065,0.086,0.155,0.231,0.309,0.685,1.088,1.252,1.35,1.483
2015-10-28,-0.001,0.003,0.013,0.017,0.038,0.054,0.076,0.147,0.221,0.3,0.675,1.079,1.247,1.346,1.479
2015-10-29,-0.001,0.003,0.013,0.019,0.039,0.055,0.076,0.147,0.221,0.3,0.675,1.079,1.252,1.35,1.479
2015-10-30,-0.001,0.002,0.013,0.019,0.039,0.059,0.082,0.152,0.227,0.306,0.68,1.08,1.253,1.35,1.479
2015-11-02,-0.001,0.002,0.012,0.025,0.043,0.065,0.092,0.163,0.238,0.316,0.691,1.089,1.262,1.363,1.491
2015-11-04,0.003,0.002,0.011,0.025,0.043,0.069,0.097,0.169,0.243,0.322,0.7,1.098,1.267,1.368,1.495
2015-11-05,0.003,0.001,0.011,0.025,0.043,0.069,0.097,0.169,0.244,0.321,0.699,1.095,1.267,1.368,1.495
2015-11-06,0.003,0,0.011,0.025,0.043,0.07,0.1,0.174,0.248,0.327,0.702,1.1,1.272,1.377,1.503
2015-11-09,0.002,-0.004,0.01,0.03,0.05,0.08,0.116,0.19,0.264,0.343,0.723,1.116,1.296,1.398,1.523
2015-11-10,0.001,-0.004,0.005,0.014,0.035,0.06,0.096,0.17,0.244,0.323,0.703,1.097,1.277,1.385,1.511
2015-11-11,0.001,-0.005,0.008,0.024,0.043,0.065,0.101,0.175,0.249,0.328,0.709,1.106,1.287,1.394,1.519
2015-11-12,0.001,-0.005,0.006,0.019,0.039,0.061,0.091,0.166,0.239,0.319,0.698,1.1,1.282,1.389,1.519
2015-11-13,0,-0.005,0.006,0.019,0.039,0.06,0.091,0.165,0.235,0.314,0.693,1.095,1.283,1.394,1.527
2015-11-16,-0.01,-0.005,0.007,0.019,0.043,0.06,0.091,0.165,0.236,0.314,0.689,1.092,1.279,1.385,1.519
2015-11-17,-0.011,-0.01,0.002,0.015,0.035,0.055,0.086,0.161,0.231,0.309,0.687,1.093,1.284,1.394,1.527
2015-11-18,-0.011,-0.015,-0.004,0.015,0.035,0.055,0.086,0.161,0.231,0.309,0.687,1.093,1.284,1.398,1.535
2015-11-19,-0.021,-0.021,-0.005,0.015,0.035,0.056,0.087,0.161,0.231,0.309,0.686,1.089,1.275,1.385,1.523
2015-11-20,-0.022,-0.026,-0.005,0.019,0.039,0.066,0.102,0.177,0.246,0.325,0.7,1.099,1.284,1.399,1.535
2015-11-24,-0.003,-0.001,0.006,0.025,0.046,0.071,0.106,0.182,0.252,0.33,0.705,1.106,1.284,1.399,1.535
2015-11-25,-0.003,-0.006,0,0.02,0.039,0.061,0.092,0.168,0.238,0.314,0.69,1.09,1.269,1.39,1.527
2015-11-26,-0.004,-0.006,0,0.02,0.039,0.056,0.084,0.158,0.233,0.31,0.684,1.081,1.26,1.381,1.516
2015-11-27,-0.014,-0.008,-0.001,0.02,0.04,0.061,0.09,0.163,0.238,0.316,0.685,1.081,1.26,1.381,1.512
2015-11-30,-0.01,-0.008,-0.001,0.02,0.04,0.061,0.09,0.164,0.238,0.317,0.686,1.086,1.263,1.382,1.512
2015-12-01,-0.015,-0.012,-0.001,0.02,0.04,0.061,0.09,0.159,0.234,0.315,0.686,1.086,1.263,1.382,1.512
2015-12-02,-0.016,-0.015,-0.001,0.015,0.036,0.062,0.09,0.159,0.234,0.315,0.686,1.092,1.273,1.396,1.516
2015-12-03,-0.016,-0.02,-0.004,0.015,0.036,0.061,0.09,0.158,0.23,0.311,0.681,1.082,1.263,1.391,1.516
2015-12-04,-0.026,-0.025,-0.004,0.02,0.045,0.071,0.105,0.174,0.244,0.323,0.691,1.092,1.273,1.404,1.528
2015-12-07,-0.027,-0.025,-0.004,0.02,0.046,0.071,0.105,0.175,0.245,0.323,0.687,1.088,1.273,1.404,1.528
2015-12-08,-0.028,-0.03,-0.008,0.015,0.039,0.061,0.09,0.161,0.231,0.309,0.672,1.074,1.259,1.391,1.516
2015-12-09,-0.036,-0.035,-0.015,0.01,0.036,0.056,0.086,0.156,0.226,0.303,0.66,1.059,1.245,1.374,1.501
2015-12-10,-0.037,-0.035,-0.015,0.015,0.035,0.057,0.086,0.155,0.222,0.303,0.661,1.054,1.235,1.365,1.493
2015-12-11,-0.029,-0.03,-0.006,0.02,0.046,0.061,0.091,0.16,0.227,0.308,0.666,1.063,1.24,1.365,1.493
2015-12-14,-0.03,-0.03,-0.006,0.015,0.043,0.052,0.081,0.147,0.217,0.295,0.657,1.059,1.235,1.365,1.486
2015-12-15,-0.03,-0.03,-0.009,0.01,0.036,0.047,0.077,0.142,0.212,0.29,0.652,1.049,1.228,1.361,1.481
2015-12-16,-0.03,-0.025,-0.003,0.015,0.042,0.052,0.082,0.147,0.217,0.295,0.648,1.044,1.223,1.357,1.481
2015-12-17,-0.031,-0.03,-0.003,0.015,0.042,0.051,0.077,0.142,0.212,0.295,0.642,1.037,1.213,1.348,1.473
2015-12-18,-0.041,-0.05,-0.013,0.01,0.036,0.036,0.061,0.122,0.187,0.265,0.61,0.995,1.164,1.291,1.417
2015-12-21,-0.043,-0.035,-0.013,0.013,0.036,0.041,0.068,0.127,0.193,0.271,0.61,0.996,1.154,1.282,1.405
2015-12-22,-0.045,-0.042,-0.014,0.013,0.036,0.043,0.068,0.129,0.193,0.271,0.611,1,1.154,1.282,1.397
2015-12-24,-0.045,-0.04,-0.014,0.013,0.036,0.047,0.073,0.134,0.199,0.276,0.616,1.006,1.159,1.282,1.397
2015-12-25,-0.045,-0.039,-0.015,0.013,0.042,0.048,0.073,0.134,0.199,0.277,0.616,1.01,1.159,1.282,1.397
2015-12-28,-0.048,-0.036,-0.015,0.008,0.036,0.041,0.063,0.124,0.189,0.267,0.607,1.001,1.154,1.282,1.398
2015-12-29,-0.049,-0.035,-0.013,0.008,0.032,0.036,0.063,0.124,0.189,0.267,0.607,1.002,1.159,1.286,1.406
2015-12-30,-0.043,-0.033,-0.013,0.008,0.032,0.037,0.064,0.124,0.19,0.267,0.603,0.997,1.155,1.282,1.406
2016-01-04,-0.042,-0.028,-0.014,0.003,0.026,0.036,0.059,0.12,0.186,0.264,0.599,0.986,1.15,1.282,1.402
2016-01-05,-0.043,-0.03,-0.014,0.003,0.026,0.036,0.059,0.12,0.181,0.259,0.588,0.971,1.135,1.264,1.386
2016-01-06,-0.044,-0.029,-0.014,0.002,0.022,0.032,0.055,0.115,0.176,0.253,0.583,0.967,1.131,1.26,1.382
2016-01-07,-0.045,-0.028,-0.014,-0.003,0.016,0.027,0.049,0.11,0.171,0.245,0.573,0.958,1.116,1.238,1.363
2016-01-08,-0.045,-0.031,-0.018,-0.003,0.016,0.022,0.039,0.101,0.161,0.23,0.557,0.939,1.096,1.22,1.346
2016-01-12,-0.048,-0.028,-0.018,-0.003,0.017,0.016,0.034,0.097,0.157,0.221,0.548,0.93,1.086,1.207,1.338
2016-01-13,-0.049,-0.036,-0.019,-0.008,0.011,0.011,0.024,0.086,0.147,0.21,0.537,0.921,1.081,1.202,1.333
2016-01-14,-0.049,-0.031,-0.016,-0.003,0.018,0.022,0.036,0.101,0.163,0.231,0.574,0.963,1.131,1.252,1.378
2016-01-15,-0.05,-0.03,-0.013,-0.003,0.017,0.017,0.028,0.091,0.154,0.221,0.564,0.956,1.129,1.252,1.382
2016-01-18,-0.041,-0.025,-0.013,-0.004,0.012,0.012,0.017,0.077,0.138,0.206,0.542,0.928,1.1,1.221,1.362
2016-01-19,-0.042,-0.02,-0.009,0.001,0.018,0.016,0.027,0.087,0.149,0.216,0.553,0.936,1.11,1.23,1.37
2016-01-20,-0.012,-0.011,-0.002,0.006,0.017,0.012,0.024,0.082,0.144,0.216,0.547,0.932,1.105,1.221,1.362
2016-01-21,-0.012,-0.011,0.001,0.011,0.021,0.018,0.032,0.091,0.154,0.227,0.552,0.927,1.095,1.212,1.35
2016-01-22,-0.022,-0.021,-0.003,0.006,0.017,0.016,0.034,0.097,0.16,0.237,0.557,0.932,1.096,1.208,1.342
2016-01-25,-0.023,-0.026,-0.006,0.001,0.011,0.015,0.032,0.092,0.154,0.228,0.553,0.933,1.097,1.208,1.334
2016-01-26,-0.024,-0.026,-0.008,0.002,0.011,0.007,0.027,0.088,0.149,0.224,0.548,0.927,1.087,1.194,1.322
2016-01-27,-0.024,-0.027,-0.014,-0.003,0.006,0.003,0.025,0.083,0.146,0.218,0.543,0.918,1.072,1.177,1.302
2016-01-28,-0.024,-0.026,-0.015,-0.003,0.011,0.006,0.03,0.09,0.151,0.229,0.554,0.934,1.092,1.199,1.326
2016-01-29,-0.068,-0.083,-0.072,-0.069,-0.071,-0.075,-0.055,-0.008,0.043,0.104,0.436,0.833,0.985,1.103,1.235
2016-02-01,-0.141,-0.16,-0.139,-0.114,-0.11,-0.109,-0.076,-0.038,0.013,0.068,0.393,0.787,0.939,1.057,1.193
2016-02-02,-0.137,-0.152,-0.134,-0.111,-0.105,-0.104,-0.07,-0.027,0.028,0.085,0.428,0.826,0.996,1.113,1.243
2016-02-03,-0.174,-0.182,-0.181,-0.154,-0.139,-0.133,-0.094,-0.048,0.009,0.067,0.402,0.803,0.98,1.108,1.239
2016-02-04,-0.175,-0.178,-0.188,-0.168,-0.149,-0.148,-0.108,-0.064,-0.002,0.064,0.392,0.794,0.975,1.104,1.239
2016-02-05,-0.183,-0.193,-0.21,-0.198,-0.186,-0.185,-0.151,-0.104,-0.037,0.036,0.37,0.785,0.971,1.11,1.243
2016-02-08,-0.18,-0.192,-0.204,-0.192,-0.18,-0.18,-0.141,-0.094,-0.027,0.046,0.376,0.781,0.971,1.109,1.243
2016-02-09,-0.23,-0.241,-0.261,-0.261,-0.255,-0.258,-0.23,-0.165,-0.095,-0.02,0.327,0.743,0.945,1.091,1.227
2016-02-10,-0.205,-0.217,-0.236,-0.235,-0.224,-0.222,-0.195,-0.133,-0.059,0.015,0.349,0.758,0.97,1.109,1.248
2016-02-12,-0.177,-0.164,-0.181,-0.17,-0.147,-0.144,-0.12,-0.061,0.013,0.086,0.42,0.824,1.042,1.177,1.31
2016-02-15,-0.16,-0.145,-0.156,-0.144,-0.122,-0.123,-0.109,-0.051,0.024,0.098,0.442,0.843,1.057,1.191,1.322
2016-02-16,-0.17,-0.16,-0.171,-0.159,-0.144,-0.149,-0.144,-0.092,-0.022,0.052,0.377,0.772,0.976,1.109,1.248
2016-02-17,-0.16,-0.151,-0.156,-0.141,-0.124,-0.127,-0.119,-0.076,-0.013,0.058,0.374,0.761,0.956,1.076,1.214
2016-02-18,-0.19,-0.186,-0.189,-0.169,-0.149,-0.153,-0.145,-0.102,-0.04,0.027,0.356,0.747,0.94,1.062,1.206
2016-02-19,-0.201,-0.212,-0.215,-0.189,-0.169,-0.169,-0.155,-0.112,-0.05,0.016,0.341,0.738,0.94,1.062,1.21
2016-02-22,-0.194,-0.213,-0.219,-0.202,-0.178,-0.18,-0.165,-0.122,-0.06,0.006,0.315,0.709,0.905,1.034,1.177
2016-02-23,-0.193,-0.204,-0.209,-0.195,-0.173,-0.176,-0.165,-0.122,-0.06,0.006,0.309,0.696,0.894,1.025,1.155
2016-02-24,-0.196,-0.214,-0.219,-0.216,-0.198,-0.2,-0.2,-0.161,-0.106,-0.046,0.254,0.633,0.832,0.964,1.099
2016-02-25,-0.206,-0.212,-0.231,-0.216,-0.199,-0.206,-0.205,-0.166,-0.115,-0.056,0.211,0.573,0.758,0.888,1.025
2016-02-26,-0.217,-0.236,-0.251,-0.235,-0.218,-0.215,-0.211,-0.171,-0.115,-0.055,0.216,0.58,0.778,0.907,1.043
2016-02-29,-0.175,-0.245,-0.26,-0.244,-0.228,-0.221,-0.217,-0.175,-0.115,-0.055,0.216,0.573,0.774,0.902,1.034
2016-03-01,-0.188,-0.236,-0.252,-0.236,-0.224,-0.218,-0.216,-0.176,-0.12,-0.049,0.183,0.518,0.715,0.838,0.971
2016-03-02,-0.19,-0.226,-0.236,-0.22,-0.204,-0.201,-0.201,-0.162,-0.115,-0.044,0.188,0.512,0.71,0.833,0.966
2016-03-03,-0.187,-0.211,-0.211,-0.189,-0.174,-0.17,-0.164,-0.125,-0.084,-0.023,0.205,0.497,0.689,0.815,0.944
2016-03-04,-0.183,-0.203,-0.211,-0.195,-0.184,-0.19,-0.185,-0.145,-0.103,-0.042,0.184,0.467,0.646,0.777,0.902
2016-03-07,-0.188,-0.212,-0.221,-0.211,-0.205,-0.206,-0.201,-0.16,-0.118,-0.052,0.173,0.451,0.619,0.742,0.857
2016-03-08,-0.186,-0.23,-0.241,-0.235,-0.23,-0.238,-0.237,-0.197,-0.158,-0.103,0.088,0.331,0.446,0.532,0.642
2016-03-09,-0.141,-0.183,-0.185,-0.174,-0.163,-0.164,-0.159,-0.119,-0.076,-0.022,0.236,0.502,0.645,0.718,0.829
2016-03-10,-0.142,-0.173,-0.176,-0.169,-0.154,-0.165,-0.164,-0.123,-0.081,-0.025,0.231,0.522,0.672,0.762,0.865
2016-03-11,-0.134,-0.163,-0.163,-0.162,-0.149,-0.153,-0.152,-0.113,-0.072,-0.016,0.257,0.557,0.704,0.791,0.893
2016-03-14,-0.138,-0.169,-0.177,-0.177,-0.174,-0.175,-0.177,-0.138,-0.097,-0.049,0.185,0.503,0.649,0.745,0.848
2016-03-15,-0.14,-0.155,-0.154,-0.148,-0.145,-0.143,-0.143,-0.107,-0.066,-0.025,0.191,0.486,0.618,0.702,0.796
2016-03-16,-0.141,-0.175,-0.174,-0.176,-0.174,-0.176,-0.178,-0.144,-0.101,-0.054,0.159,0.462,0.591,0.675,0.772
2016-03-17,-0.144,-0.199,-0.194,-0.191,-0.184,-0.184,-0.178,-0.144,-0.102,-0.054,0.157,0.429,0.543,0.61,0.715
2016-03-18,-0.146,-0.22,-0.224,-0.225,-0.22,-0.222,-0.22,-0.186,-0.144,-0.101,0.095,0.347,0.431,0.475,0.578
2016-03-22,-0.154,-0.215,-0.226,-0.224,-0.22,-0.221,-0.219,-0.189,-0.146,-0.1,0.086,0.342,0.42,0.435,0.523
2016-03-23,-0.15,-0.224,-0.236,-0.234,-0.236,-0.24,-0.235,-0.2,-0.158,-0.111,0.085,0.347,0.437,0.459,0.538
2016-03-24,-0.153,-0.214,-0.233,-0.229,-0.225,-0.236,-0.231,-0.194,-0.147,-0.094,0.124,0.397,0.503,0.533,0.615
2016-03-25,-0.156,-0.224,-0.244,-0.239,-0.237,-0.246,-0.241,-0.199,-0.152,-0.1,0.12,0.391,0.487,0.523,0.606
2016-03-28,-0.165,-0.226,-0.248,-0.24,-0.235,-0.246,-0.24,-0.2,-0.152,-0.094,0.124,0.404,0.493,0.528,0.607
2016-03-29,-0.164,-0.224,-0.249,-0.235,-0.231,-0.237,-0.229,-0.194,-0.146,-0.089,0.13,0.41,0.499,0.528,0.607
2016-03-30,-0.166,-0.226,-0.252,-0.238,-0.23,-0.242,-0.235,-0.199,-0.152,-0.094,0.126,0.406,0.493,0.518,0.602
2016-03-31,-0.154,-0.206,-0.229,-0.205,-0.19,-0.2,-0.183,-0.147,-0.104,-0.049,0.176,0.441,0.526,0.547,0.632
2016-04-01,-0.157,-0.214,-0.233,-0.22,-0.214,-0.22,-0.203,-0.163,-0.12,-0.065,0.13,0.373,0.42,0.43,0.484
2016-04-04,-0.175,-0.225,-0.24,-0.229,-0.225,-0.233,-0.218,-0.183,-0.14,-0.083,0.113,0.353,0.407,0.42,0.476
2016-04-05,-0.179,-0.22,-0.234,-0.219,-0.211,-0.216,-0.203,-0.167,-0.125,-0.068,0.125,0.358,0.42,0.44,0.496
2016-04-06,-0.192,-0.232,-0.244,-0.224,-0.215,-0.214,-0.198,-0.162,-0.119,-0.063,0.131,0.368,0.442,0.469,0.526
2016-04-07,-0.195,-0.236,-0.244,-0.224,-0.215,-0.209,-0.187,-0.153,-0.11,-0.058,0.125,0.353,0.415,0.44,0.496
2016-04-08,-0.208,-0.241,-0.251,-0.234,-0.232,-0.231,-0.214,-0.177,-0.135,-0.083,0.099,0.329,0.402,0.44,0.503
2016-04-11,-0.217,-0.247,-0.252,-0.234,-0.23,-0.231,-0.216,-0.177,-0.138,-0.088,0.093,0.32,0.385,0.42,0.482
2016-04-12,-0.22,-0.252,-0.259,-0.24,-0.237,-0.24,-0.224,-0.188,-0.149,-0.097,0.088,0.315,0.381,0.42,0.482
2016-04-13,-0.205,-0.243,-0.25,-0.23,-0.221,-0.228,-0.212,-0.178,-0.139,-0.088,0.099,0.325,0.391,0.425,0.487
2016-04-14,-0.198,-0.258,-0.252,-0.228,-0.221,-0.227,-0.218,-0.183,-0.144,-0.093,0.093,0.32,0.387,0.42,0.48
2016-04-15,-0.2,-0.254,-0.258,-0.238,-0.231,-0.242,-0.239,-0.204,-0.164,-0.113,0.077,0.311,0.375,0.41,0.481
2016-04-18,-0.197,-0.254,-0.26,-0.239,-0.232,-0.242,-0.239,-0.203,-0.166,-0.117,0.066,0.296,0.357,0.385,0.45
2016-04-19,-0.209,-0.259,-0.267,-0.25,-0.245,-0.252,-0.248,-0.214,-0.174,-0.129,0.054,0.281,0.33,0.349,0.413
2016-04-20,-0.212,-0.264,-0.27,-0.256,-0.252,-0.258,-0.254,-0.219,-0.178,-0.134,0.038,0.261,0.295,0.309,0.36
2016-04-21,-0.214,-0.265,-0.264,-0.251,-0.245,-0.247,-0.243,-0.209,-0.168,-0.123,0.049,0.261,0.288,0.288,0.339
2016-04-22,-0.237,-0.28,-0.285,-0.271,-0.272,-0.263,-0.258,-0.216,-0.168,-0.123,0.078,0.297,0.346,0.354,0.398
2016-04-25,-0.234,-0.27,-0.261,-0.238,-0.23,-0.223,-0.211,-0.167,-0.118,-0.071,0.134,0.356,0.415,0.425,0.475
2016-04-26,-0.237,-0.265,-0.264,-0.243,-0.241,-0.245,-0.232,-0.193,-0.149,-0.102,0.086,0.307,0.347,0.354,0.396
2016-04-27,-0.236,-0.249,-0.243,-0.217,-0.211,-0.209,-0.191,-0.152,-0.111,-0.067,0.121,0.34,0.386,0.394,0.443
2016-04-28,-0.238,-0.244,-0.239,-0.212,-0.206,-0.209,-0.193,-0.161,-0.125,-0.082,0.087,0.297,0.335,0.349,0.407
2016-05-02,-0.248,-0.244,-0.247,-0.23,-0.227,-0.235,-0.224,-0.193,-0.154,-0.112,0.042,0.248,0.278,0.304,0.356
2016-05-06,-0.258,-0.247,-0.251,-0.24,-0.238,-0.245,-0.234,-0.2,-0.158,-0.117,0.036,0.234,0.267,0.288,0.345
2016-05-09,-0.262,-0.248,-0.249,-0.239,-0.237,-0.239,-0.227,-0.189,-0.148,-0.107,0.048,0.244,0.278,0.299,0.35
2016-05-10,-0.267,-0.248,-0.251,-0.241,-0.236,-0.239,-0.221,-0.184,-0.137,-0.096,0.07,0.269,0.313,0.329,0.382
2016-05-11,-0.27,-0.248,-0.248,-0.236,-0.232,-0.242,-0.23,-0.195,-0.147,-0.1,0.059,0.26,0.301,0.323,0.366
2016-05-12,-0.272,-0.253,-0.248,-0.241,-0.236,-0.247,-0.236,-0.2,-0.157,-0.11,0.048,0.261,0.313,0.335,0.376
2016-05-13,-0.274,-0.253,-0.248,-0.24,-0.235,-0.247,-0.235,-0.2,-0.157,-0.11,0.06,0.276,0.342,0.365,0.419
2016-05-16,-0.27,-0.254,-0.246,-0.24,-0.237,-0.247,-0.236,-0.199,-0.157,-0.11,0.058,0.279,0.347,0.375,0.434
2016-05-17,-0.271,-0.255,-0.246,-0.235,-0.232,-0.244,-0.235,-0.199,-0.157,-0.109,0.052,0.27,0.336,0.37,0.429
2016-05-18,-0.272,-0.246,-0.241,-0.23,-0.226,-0.233,-0.224,-0.189,-0.147,-0.097,0.064,0.28,0.336,0.375,0.434
2016-05-19,-0.263,-0.226,-0.223,-0.206,-0.202,-0.202,-0.195,-0.163,-0.118,-0.072,0.095,0.294,0.335,0.363,0.424
2016-05-20,-0.265,-0.236,-0.241,-0.231,-0.225,-0.232,-0.223,-0.189,-0.146,-0.102,0.064,0.269,0.313,0.344,0.403
2016-05-23,-0.265,-0.238,-0.242,-0.23,-0.223,-0.227,-0.218,-0.182,-0.141,-0.097,0.069,0.267,0.318,0.349,0.408
2016-05-24,-0.266,-0.239,-0.242,-0.235,-0.226,-0.236,-0.223,-0.188,-0.146,-0.102,0.064,0.271,0.318,0.35,0.408
2016-05-25,-0.267,-0.234,-0.236,-0.23,-0.22,-0.232,-0.217,-0.182,-0.141,-0.094,0.07,0.274,0.324,0.36,0.419
2016-05-26,-0.271,-0.239,-0.242,-0.235,-0.232,-0.242,-0.233,-0.198,-0.156,-0.108,0.058,0.26,0.307,0.34,0.386
2016-05-27,-0.272,-0.24,-0.241,-0.235,-0.236,-0.247,-0.243,-0.208,-0.161,-0.113,0.048,0.249,0.295,0.326,0.372
2016-05-30,-0.254,-0.231,-0.241,-0.231,-0.234,-0.247,-0.243,-0.208,-0.16,-0.112,0.054,0.259,0.307,0.334,0.386
2016-05-31,-0.265,-0.239,-0.251,-0.239,-0.239,-0.247,-0.243,-0.207,-0.16,-0.112,0.048,0.249,0.29,0.31,0.363
2016-06-01,-0.266,-0.242,-0.25,-0.241,-0.24,-0.248,-0.246,-0.207,-0.16,-0.111,0.058,0.26,0.313,0.34,0.399
2016-06-02,-0.262,-0.24,-0.245,-0.23,-0.227,-0.237,-0.238,-0.198,-0.155,-0.103,0.06,0.255,0.307,0.33,0.391
2016-06-03,-0.262,-0.24,-0.245,-0.235,-0.231,-0.242,-0.238,-0.202,-0.16,-0.108,0.054,0.254,0.307,0.33,0.386
2016-06-06,-0.261,-0.251,-0.253,-0.24,-0.243,-0.253,-0.253,-0.221,-0.18,-0.127,0.038,0.236,0.29,0.315,0.373
2016-06-07,-0.255,-0.25,-0.25,-0.241,-0.244,-0.252,-0.254,-0.223,-0.18,-0.127,0.032,0.225,0.273,0.299,0.35
2016-06-08,-0.256,-0.241,-0.241,-0.231,-0.228,-0.237,-0.238,-0.207,-0.165,-0.117,0.048,0.235,0.284,0.305,0.355
2016-06-09,-0.264,-0.246,-0.254,-0.25,-0.249,-0.251,-0.253,-0.222,-0.18,-0.133,0.032,0.226,0.279,0.305,0.355
2016-06-10,-0.273,-0.271,-0.276,-0.27,-0.269,-0.273,-0.279,-0.248,-0.206,-0.158,0.005,0.195,0.245,0.271,0.319
2016-06-13,-0.268,-0.277,-0.275,-0.276,-0.276,-0.277,-0.284,-0.253,-0.21,-0.167,-0.006,0.18,0.222,0.242,0.283
2016-06-14,-0.268,-0.278,-0.282,-0.281,-0.28,-0.283,-0.289,-0.259,-0.22,-0.172,-0.012,0.17,0.214,0.232,0.273
2016-06-15,-0.279,-0.284,-0.289,-0.296,-0.296,-0.304,-0.311,-0.283,-0.245,-0.197,-0.034,0.15,0.192,0.208,0.244
2016-06-16,-0.271,-0.284,-0.289,-0.291,-0.29,-0.304,-0.31,-0.288,-0.251,-0.208,-0.066,0.103,0.134,0.148,0.194
2016-06-17,-0.271,-0.255,-0.263,-0.255,-0.249,-0.262,-0.263,-0.241,-0.203,-0.157,0,0.174,0.222,0.232,0.272
2016-06-20,-0.265,-0.251,-0.258,-0.251,-0.246,-0.262,-0.262,-0.241,-0.203,-0.151,0.012,0.201,0.25,0.266,0.3
2016-06-21,-0.266,-0.247,-0.255,-0.243,-0.24,-0.257,-0.257,-0.231,-0.195,-0.146,0.017,0.21,0.256,0.266,0.306
2016-06-22,-0.267,-0.242,-0.249,-0.244,-0.24,-0.256,-0.258,-0.231,-0.194,-0.15,0.017,0.205,0.238,0.252,0.286
2016-06-23,-0.268,-0.238,-0.246,-0.241,-0.237,-0.255,-0.257,-0.231,-0.188,-0.146,0.006,0.186,0.204,0.207,0.237
2016-06-24,-0.319,-0.289,-0.296,-0.291,-0.29,-0.308,-0.31,-0.284,-0.245,-0.201,-0.055,0.112,0.128,0.133,0.164
2016-06-27,-0.315,-0.284,-0.29,-0.287,-0.287,-0.304,-0.304,-0.278,-0.245,-0.202,-0.072,0.082,0.092,0.098,0.13
2016-06-28,-0.323,-0.293,-0.304,-0.305,-0.307,-0.325,-0.327,-0.305,-0.276,-0.233,-0.106,0.041,0.047,0.052,0.071
2016-06-29,-0.323,-0.298,-0.311,-0.318,-0.321,-0.335,-0.336,-0.314,-0.287,-0.242,-0.111,0.048,0.083,0.088,0.106
2016-06-30,-0.325,-0.299,-0.306,-0.311,-0.317,-0.329,-0.331,-0.309,-0.281,-0.237,-0.094,0.067,0.113,0.128,0.157
2016-07-01,-0.351,-0.329,-0.336,-0.348,-0.361,-0.366,-0.367,-0.34,-0.307,-0.262,-0.123,0.043,0.084,0.103,0.133
2016-07-04,-0.344,-0.325,-0.331,-0.341,-0.354,-0.366,-0.367,-0.34,-0.306,-0.257,-0.121,0.043,0.072,0.077,0.103
2016-07-05,-0.335,-0.32,-0.325,-0.336,-0.346,-0.361,-0.363,-0.34,-0.306,-0.257,-0.127,0.032,0.053,0.057,0.081
2016-07-06,-0.347,-0.334,-0.342,-0.352,-0.362,-0.377,-0.378,-0.356,-0.322,-0.278,-0.145,0.022,0.036,0.042,0.067
2016-07-07,-0.348,-0.343,-0.349,-0.357,-0.369,-0.387,-0.388,-0.366,-0.331,-0.283,-0.14,0.037,0.06,0.067,0.091
2016-07-08,-0.357,-0.354,-0.363,-0.365,-0.374,-0.394,-0.396,-0.376,-0.342,-0.293,-0.15,0.043,0.075,0.088,0.111
2016-07-11,-0.353,-0.351,-0.357,-0.361,-0.363,-0.383,-0.389,-0.366,-0.332,-0.282,-0.132,0.054,0.089,0.098,0.121
2016-07-12,-0.355,-0.351,-0.355,-0.361,-0.364,-0.389,-0.396,-0.372,-0.337,-0.287,-0.125,0.069,0.116,0.133,0.16
2016-07-13,-0.356,-0.357,-0.356,-0.356,-0.358,-0.387,-0.39,-0.365,-0.332,-0.287,-0.127,0.064,0.111,0.123,0.156
2016-07-14,-0.357,-0.357,-0.352,-0.352,-0.35,-0.373,-0.374,-0.349,-0.316,-0.266,-0.104,0.089,0.135,0.142,0.18
2016-07-15,-0.339,-0.333,-0.335,-0.326,-0.317,-0.341,-0.34,-0.313,-0.283,-0.234,-0.064,0.134,0.181,0.188,0.226
2016-07-19,-0.342,-0.331,-0.333,-0.326,-0.317,-0.342,-0.343,-0.312,-0.284,-0.233,-0.058,0.139,0.181,0.193,0.23
2016-07-20,-0.334,-0.327,-0.335,-0.336,-0.33,-0.352,-0.356,-0.323,-0.293,-0.242,-0.058,0.149,0.187,0.208,0.251
2016-07-21,-0.335,-0.327,-0.335,-0.331,-0.332,-0.347,-0.35,-0.316,-0.284,-0.234,-0.035,0.179,0.235,0.262,0.314
2016-07-22,-0.336,-0.333,-0.34,-0.336,-0.338,-0.346,-0.35,-0.316,-0.279,-0.229,-0.035,0.179,0.231,0.257,0.315
2016-07-25,-0.339,-0.335,-0.342,-0.345,-0.347,-0.363,-0.368,-0.331,-0.294,-0.242,-0.035,0.18,0.237,0.267,0.327
2016-07-26,-0.34,-0.336,-0.34,-0.341,-0.348,-0.367,-0.38,-0.347,-0.309,-0.257,-0.046,0.17,0.226,0.263,0.324
2016-07-27,-0.371,-0.372,-0.374,-0.376,-0.384,-0.405,-0.423,-0.389,-0.35,-0.297,-0.074,0.161,0.221,0.268,0.333
2016-07-28,-0.362,-0.345,-0.357,-0.356,-0.363,-0.384,-0.404,-0.372,-0.331,-0.279,-0.068,0.15,0.204,0.248,0.315
2016-07-29,-0.275,-0.251,-0.263,-0.257,-0.261,-0.276,-0.292,-0.267,-0.228,-0.178,-0.002,0.184,0.233,0.263,0.328
2016-08-01,-0.266,-0.237,-0.241,-0.231,-0.233,-0.244,-0.257,-0.231,-0.192,-0.136,0.042,0.214,0.262,0.286,0.357
2016-08-02,-0.226,-0.165,-0.166,-0.153,-0.149,-0.161,-0.174,-0.148,-0.11,-0.06,0.105,0.253,0.301,0.32,0.377
2016-08-03,-0.226,-0.177,-0.186,-0.175,-0.176,-0.186,-0.201,-0.175,-0.138,-0.085,0.075,0.262,0.324,0.354,0.419
2016-08-04,-0.227,-0.178,-0.185,-0.17,-0.17,-0.174,-0.183,-0.159,-0.125,-0.075,0.093,0.3,0.364,0.401,0.477
2016-08-05,-0.226,-0.193,-0.2,-0.189,-0.19,-0.194,-0.204,-0.179,-0.143,-0.096,0.071,0.285,0.341,0.383,0.46
2016-08-08,-0.21,-0.172,-0.175,-0.161,-0.16,-0.158,-0.162,-0.133,-0.097,-0.049,0.111,0.321,0.375,0.411,0.485
2016-08-09,-0.22,-0.187,-0.198,-0.189,-0.188,-0.19,-0.199,-0.168,-0.127,-0.081,0.088,0.306,0.375,0.419,0.5
2016-08-10,-0.22,-0.202,-0.208,-0.2,-0.194,-0.203,-0.215,-0.189,-0.147,-0.106,0.055,0.263,0.33,0.378,0.463
2016-08-12,-0.219,-0.197,-0.2,-0.19,-0.185,-0.197,-0.207,-0.188,-0.147,-0.106,0.045,0.25,0.307,0.35,0.434
2016-08-15,-0.21,-0.184,-0.184,-0.172,-0.163,-0.172,-0.182,-0.163,-0.124,-0.084,0.066,0.254,0.314,0.34,0.412
2016-08-16,-0.21,-0.19,-0.195,-0.181,-0.172,-0.183,-0.196,-0.177,-0.136,-0.094,0.065,0.271,0.331,0.359,0.426
2016-08-17,-0.21,-0.185,-0.183,-0.169,-0.158,-0.166,-0.181,-0.16,-0.12,-0.079,0.079,0.279,0.331,0.353,0.425
2016-08-18,-0.221,-0.196,-0.193,-0.182,-0.175,-0.173,-0.186,-0.161,-0.121,-0.079,0.08,0.282,0.331,0.348,0.422
2016-08-19,-0.222,-0.206,-0.202,-0.187,-0.184,-0.178,-0.191,-0.165,-0.125,-0.084,0.073,0.269,0.312,0.323,0.394
2016-08-22,-0.216,-0.202,-0.196,-0.175,-0.169,-0.164,-0.176,-0.15,-0.11,-0.069,0.096,0.292,0.336,0.349,0.411
2016-08-23,-0.217,-0.207,-0.2,-0.187,-0.183,-0.183,-0.196,-0.171,-0.13,-0.089,0.068,0.258,0.297,0.309,0.376
2016-08-24,-0.215,-0.193,-0.191,-0.175,-0.174,-0.173,-0.186,-0.16,-0.12,-0.078,0.079,0.263,0.302,0.324,0.385
2016-08-25,-0.216,-0.188,-0.19,-0.179,-0.178,-0.188,-0.196,-0.165,-0.125,-0.084,0.069,0.259,0.302,0.324,0.385
2016-08-26,-0.207,-0.178,-0.184,-0.174,-0.174,-0.183,-0.19,-0.154,-0.115,-0.068,0.08,0.274,0.319,0.343,0.409
2016-08-29,-0.209,-0.185,-0.188,-0.179,-0.181,-0.19,-0.187,-0.15,-0.109,-0.061,0.096,0.3,0.352,0.371,0.439
2016-08-30,-0.219,-0.197,-0.198,-0.189,-0.19,-0.194,-0.196,-0.156,-0.117,-0.068,0.1,0.314,0.364,0.392,0.459
2016-08-31,-0.22,-0.197,-0.195,-0.185,-0.18,-0.184,-0.186,-0.145,-0.108,-0.058,0.114,0.334,0.386,0.41,0.479
2016-09-01,-0.221,-0.187,-0.179,-0.17,-0.166,-0.173,-0.17,-0.133,-0.093,-0.047,0.136,0.358,0.409,0.433,0.5
2016-09-02,-0.227,-0.187,-0.174,-0.159,-0.156,-0.163,-0.154,-0.118,-0.076,-0.027,0.163,0.396,0.459,0.494,0.562
2016-09-05,-0.23,-0.193,-0.181,-0.165,-0.16,-0.169,-0.16,-0.124,-0.083,-0.027,0.163,0.405,0.47,0.508,0.577
2016-09-06,-0.231,-0.189,-0.175,-0.16,-0.157,-0.169,-0.16,-0.124,-0.083,-0.027,0.174,0.409,0.459,0.49,0.557
2016-09-07,-0.242,-0.199,-0.191,-0.18,-0.177,-0.19,-0.191,-0.155,-0.113,-0.061,0.131,0.355,0.392,0.42,0.485
2016-09-08,-0.243,-0.199,-0.186,-0.175,-0.164,-0.175,-0.175,-0.134,-0.093,-0.041,0.159,0.387,0.43,0.448,0.513
2016-09-09,-0.244,-0.204,-0.186,-0.17,-0.16,-0.164,-0.159,-0.114,-0.073,-0.02,0.197,0.431,0.486,0.509,0.568
2016-09-12,-0.277,-0.249,-0.22,-0.195,-0.174,-0.175,-0.165,-0.118,-0.077,-0.02,0.208,0.455,0.508,0.532,0.596
2016-09-13,-0.268,-0.244,-0.22,-0.195,-0.174,-0.175,-0.165,-0.124,-0.083,-0.021,0.197,0.442,0.489,0.509,0.576
2016-09-14,-0.288,-0.274,-0.25,-0.222,-0.205,-0.191,-0.175,-0.133,-0.082,-0.021,0.219,0.477,0.541,0.569,0.637
2016-09-15,-0.289,-0.274,-0.25,-0.225,-0.21,-0.2,-0.186,-0.148,-0.106,-0.045,0.187,0.447,0.508,0.542,0.615
2016-09-16,-0.29,-0.269,-0.244,-0.22,-0.206,-0.194,-0.185,-0.143,-0.102,-0.04,0.187,0.452,0.513,0.551,0.618
2016-09-20,-0.294,-0.266,-0.248,-0.223,-0.21,-0.205,-0.205,-0.163,-0.123,-0.06,0.144,0.41,0.47,0.504,0.572
2016-09-21,-0.255,-0.226,-0.209,-0.189,-0.175,-0.164,-0.164,-0.122,-0.08,-0.03,0.169,0.419,0.481,0.51,0.58
2016-09-23,-0.247,-0.222,-0.21,-0.199,-0.189,-0.189,-0.19,-0.148,-0.106,-0.054,0.133,0.375,0.431,0.467,0.542
2016-09-26,-0.257,-0.229,-0.217,-0.21,-0.199,-0.2,-0.2,-0.156,-0.116,-0.063,0.134,0.38,0.448,0.486,0.558
2016-09-27,-0.295,-0.268,-0.257,-0.249,-0.239,-0.231,-0.226,-0.182,-0.137,-0.079,0.133,0.385,0.454,0.5,0.566
2016-09-28,-0.31,-0.293,-0.278,-0.259,-0.245,-0.246,-0.246,-0.198,-0.155,-0.094,0.105,0.351,0.409,0.458,0.529
2016-09-29,-0.307,-0.275,-0.276,-0.255,-0.239,-0.241,-0.241,-0.193,-0.151,-0.089,0.107,0.346,0.393,0.439,0.506
2016-09-30,-0.318,-0.289,-0.286,-0.265,-0.249,-0.246,-0.241,-0.193,-0.145,-0.084,0.118,0.361,0.409,0.457,0.522
2016-10-03,-0.313,-0.281,-0.274,-0.256,-0.236,-0.23,-0.225,-0.178,-0.131,-0.073,0.123,0.356,0.409,0.454,0.518
2016-10-04,-0.314,-0.281,-0.271,-0.25,-0.23,-0.226,-0.22,-0.177,-0.131,-0.073,0.124,0.356,0.41,0.459,0.518
2016-10-05,-0.315,-0.285,-0.271,-0.248,-0.23,-0.225,-0.215,-0.171,-0.125,-0.063,0.14,0.386,0.443,0.496,0.558
2016-10-06,-0.317,-0.28,-0.264,-0.239,-0.22,-0.219,-0.209,-0.167,-0.12,-0.063,0.14,0.387,0.447,0.496,0.558
2016-10-07,-0.318,-0.28,-0.264,-0.239,-0.221,-0.221,-0.208,-0.166,-0.124,-0.068,0.141,0.391,0.458,0.505,0.572
2016-10-11,-0.324,-0.264,-0.249,-0.22,-0.199,-0.2,-0.188,-0.149,-0.11,-0.051,0.157,0.402,0.475,0.525,0.592
2016-10-12,-0.316,-0.263,-0.249,-0.22,-0.199,-0.199,-0.194,-0.156,-0.118,-0.062,0.147,0.387,0.459,0.501,0.565
2016-10-13,-0.316,-0.263,-0.245,-0.22,-0.199,-0.2,-0.193,-0.156,-0.119,-0.062,0.135,0.377,0.443,0.482,0.554
2016-10-14,-0.328,-0.273,-0.253,-0.23,-0.21,-0.203,-0.193,-0.15,-0.114,-0.056,0.141,0.387,0.46,0.496,0.566
2016-10-17,-0.321,-0.275,-0.254,-0.228,-0.21,-0.203,-0.192,-0.15,-0.114,-0.055,0.142,0.393,0.465,0.501,0.569
2016-10-18,-0.312,-0.275,-0.252,-0.228,-0.21,-0.203,-0.192,-0.15,-0.109,-0.05,0.147,0.397,0.46,0.496,0.566
2016-10-19,-0.313,-0.27,-0.252,-0.228,-0.215,-0.208,-0.195,-0.155,-0.114,-0.055,0.142,0.397,0.46,0.501,0.57
2016-10-20,-0.314,-0.266,-0.249,-0.228,-0.215,-0.209,-0.197,-0.157,-0.118,-0.064,0.126,0.392,0.455,0.501,0.566
2016-10-21,-0.305,-0.256,-0.233,-0.214,-0.205,-0.198,-0.188,-0.151,-0.113,-0.056,0.12,0.387,0.449,0.496,0.562
2016-10-24,-0.295,-0.248,-0.222,-0.207,-0.195,-0.189,-0.182,-0.146,-0.108,-0.055,0.12,0.382,0.438,0.491,0.558
2016-10-25,-0.306,-0.254,-0.233,-0.219,-0.205,-0.2,-0.193,-0.156,-0.119,-0.064,0.115,0.373,0.438,0.487,0.558
2016-10-26,-0.307,-0.254,-0.233,-0.217,-0.206,-0.2,-0.193,-0.156,-0.117,-0.064,0.11,0.364,0.427,0.478,0.55
2016-10-27,-0.307,-0.254,-0.24,-0.217,-0.199,-0.194,-0.188,-0.149,-0.112,-0.054,0.126,0.384,0.449,0.497,0.566
2016-10-28,-0.308,-0.248,-0.234,-0.207,-0.189,-0.183,-0.172,-0.133,-0.097,-0.045,0.138,0.394,0.465,0.516,0.577
2016-10-31,-0.31,-0.247,-0.238,-0.213,-0.193,-0.19,-0.177,-0.138,-0.103,-0.049,0.127,0.384,0.454,0.505,0.574
2016-11-01,-0.311,-0.249,-0.237,-0.213,-0.198,-0.19,-0.177,-0.138,-0.102,-0.048,0.127,0.384,0.453,0.505,0.574
2016-11-02,-0.317,-0.259,-0.246,-0.221,-0.204,-0.2,-0.187,-0.148,-0.112,-0.058,0.111,0.369,0.432,0.487,0.565
2016-11-04,-0.319,-0.264,-0.25,-0.223,-0.209,-0.204,-0.192,-0.153,-0.112,-0.059,0.115,0.369,0.432,0.487,0.566
2016-11-07,-0.322,-0.259,-0.244,-0.216,-0.201,-0.194,-0.182,-0.143,-0.102,-0.048,0.128,0.38,0.446,0.497,0.573
2016-11-08,-0.323,-0.263,-0.244,-0.222,-0.203,-0.198,-0.187,-0.148,-0.111,-0.063,0.111,0.37,0.443,0.497,0.573
2016-11-09,-0.333,-0.278,-0.254,-0.233,-0.213,-0.21,-0.199,-0.157,-0.122,-0.073,0.1,0.36,0.426,0.479,0.555
2016-11-10,-0.325,-0.263,-0.231,-0.202,-0.183,-0.179,-0.162,-0.122,-0.085,-0.043,0.134,0.394,0.46,0.511,0.595
2016-11-11,-0.315,-0.248,-0.217,-0.188,-0.174,-0.16,-0.143,-0.104,-0.07,-0.027,0.149,0.405,0.476,0.526,0.608
2016-11-14,-0.308,-0.219,-0.193,-0.172,-0.153,-0.14,-0.122,-0.084,-0.054,-0.013,0.167,0.422,0.498,0.544,0.623
2016-11-15,-0.299,-0.184,-0.158,-0.136,-0.118,-0.105,-0.091,-0.058,-0.03,0.007,0.189,0.444,0.526,0.567,0.649
2016-11-16,-0.279,-0.11,-0.087,-0.069,-0.057,-0.055,-0.048,-0.027,-0.006,0.023,0.205,0.453,0.532,0.572,0.653
2016-11-17,-0.309,-0.155,-0.132,-0.112,-0.101,-0.092,-0.08,-0.047,-0.022,0.013,0.2,0.449,0.521,0.557,0.646
2016-11-18,-0.31,-0.166,-0.135,-0.108,-0.09,-0.067,-0.041,-0.011,0.013,0.044,0.238,0.483,0.559,0.594,0.679
2016-11-21,-0.292,-0.171,-0.138,-0.113,-0.096,-0.081,-0.05,-0.021,0.003,0.033,0.233,0.489,0.564,0.604,0.69
2016-11-22,-0.291,-0.162,-0.134,-0.109,-0.091,-0.083,-0.055,-0.021,0.003,0.032,0.233,0.493,0.575,0.619,0.708
2016-11-24,-0.283,-0.162,-0.132,-0.109,-0.091,-0.081,-0.055,-0.021,0.007,0.037,0.239,0.498,0.586,0.632,0.726
2016-11-25,-0.263,-0.142,-0.118,-0.094,-0.081,-0.071,-0.049,-0.017,0.012,0.039,0.234,0.483,0.554,0.599,0.686
2016-11-28,-0.255,-0.153,-0.127,-0.109,-0.096,-0.092,-0.068,-0.038,-0.012,0.016,0.207,0.459,0.525,0.562,0.651
2016-11-29,-0.259,-0.164,-0.144,-0.115,-0.1,-0.092,-0.068,-0.036,-0.011,0.016,0.202,0.45,0.519,0.559,0.638
2016-11-30,-0.26,-0.167,-0.145,-0.115,-0.1,-0.086,-0.063,-0.031,-0.006,0.021,0.207,0.455,0.525,0.567,0.642
2016-12-01,-0.271,-0.174,-0.151,-0.116,-0.099,-0.082,-0.058,-0.026,0,0.029,0.228,0.48,0.552,0.586,0.66
2016-12-02,-0.281,-0.179,-0.152,-0.121,-0.1,-0.081,-0.053,-0.021,0.004,0.034,0.234,0.485,0.557,0.589,0.668
2016-12-05,-0.293,-0.189,-0.162,-0.125,-0.107,-0.092,-0.066,-0.031,-0.005,0.024,0.224,0.476,0.546,0.58,0.661
2016-12-06,-0.294,-0.189,-0.156,-0.115,-0.096,-0.077,-0.048,-0.011,0.013,0.044,0.256,0.51,0.584,0.616,0.698
2016-12-07,-0.294,-0.194,-0.162,-0.12,-0.101,-0.086,-0.062,-0.025,-0.001,0.029,0.257,0.515,0.59,0.621,0.701
2016-12-08,-0.295,-0.189,-0.152,-0.111,-0.09,-0.08,-0.057,-0.021,0.005,0.039,0.268,0.529,0.606,0.646,0.727
2016-12-09,-0.293,-0.189,-0.152,-0.104,-0.086,-0.077,-0.057,-0.016,0.01,0.05,0.295,0.567,0.645,0.691,0.777
2016-12-12,-0.296,-0.189,-0.145,-0.099,-0.079,-0.065,-0.041,0,0.025,0.07,0.348,0.639,0.731,0.781,0.874
2016-12-13,-0.297,-0.184,-0.136,-0.089,-0.064,-0.046,-0.02,0.019,0.041,0.08,0.359,0.649,0.736,0.785,0.874
2016-12-14,-0.308,-0.199,-0.149,-0.104,-0.089,-0.066,-0.04,0.004,0.023,0.055,0.322,0.604,0.679,0.718,0.809
2016-12-15,-0.309,-0.199,-0.146,-0.099,-0.079,-0.05,-0.021,0.026,0.046,0.075,0.338,0.614,0.679,0.705,0.794
2016-12-16,-0.3,-0.18,-0.129,-0.084,-0.063,-0.035,-0.005,0.036,0.055,0.076,0.306,0.571,0.625,0.66,0.745
2016-12-19,-0.3,-0.181,-0.133,-0.092,-0.074,-0.04,-0.004,0.036,0.056,0.076,0.317,0.591,0.652,0.687,0.763
2016-12-20,-0.301,-0.186,-0.139,-0.097,-0.08,-0.05,-0.014,0.026,0.045,0.066,0.302,0.567,0.626,0.66,0.741
2016-12-21,-0.302,-0.181,-0.139,-0.102,-0.084,-0.055,-0.025,0.016,0.035,0.056,0.286,0.558,0.615,0.651,0.735
2016-12-22,-0.302,-0.181,-0.14,-0.107,-0.09,-0.061,-0.029,0.011,0.03,0.051,0.29,0.567,0.628,0.664,0.748
2016-12-26,-0.294,-0.178,-0.133,-0.103,-0.084,-0.055,-0.024,0.016,0.036,0.056,0.297,0.577,0.639,0.678,0.759
2016-12-27,-0.294,-0.169,-0.134,-0.103,-0.084,-0.056,-0.024,0.016,0.035,0.061,0.292,0.572,0.633,0.674,0.756
2016-12-28,-0.294,-0.174,-0.138,-0.108,-0.09,-0.066,-0.038,0.006,0.026,0.057,0.293,0.592,0.657,0.705,0.792
2016-12-29,-0.295,-0.182,-0.148,-0.118,-0.104,-0.084,-0.063,-0.018,0.006,0.042,0.276,0.578,0.647,0.696,0.785
2016-12-30,-0.295,-0.187,-0.154,-0.123,-0.114,-0.089,-0.063,-0.02,0.006,0.043,0.272,0.573,0.646,0.701,0.788
2017-01-04,-0.297,-0.193,-0.151,-0.123,-0.109,-0.075,-0.042,0.002,0.027,0.064,0.299,0.598,0.677,0.729,0.82
2017-01-05,-0.303,-0.203,-0.162,-0.134,-0.118,-0.084,-0.052,-0.009,0.017,0.058,0.31,0.611,0.689,0.747,0.84
2017-01-06,-0.314,-0.213,-0.168,-0.139,-0.125,-0.088,-0.052,-0.008,0.016,0.053,0.299,0.592,0.668,0.724,0.816
2017-01-10,-0.335,-0.243,-0.185,-0.149,-0.129,-0.093,-0.055,-0.008,0.017,0.058,0.31,0.602,0.678,0.733,0.823
2017-01-11,-0.336,-0.248,-0.188,-0.154,-0.133,-0.098,-0.058,-0.008,0.016,0.059,0.321,0.616,0.694,0.747,0.841
2017-01-12,-0.308,-0.223,-0.176,-0.144,-0.129,-0.098,-0.062,-0.019,0.007,0.043,0.305,0.597,0.673,0.724,0.822
2017-01-13,-0.308,-0.224,-0.179,-0.147,-0.132,-0.095,-0.056,-0.014,0.012,0.049,0.306,0.593,0.668,0.719,0.821
2017-01-16,-0.31,-0.224,-0.18,-0.147,-0.129,-0.095,-0.057,-0.013,0.013,0.054,0.312,0.596,0.673,0.724,0.824
2017-01-17,-0.311,-0.23,-0.18,-0.147,-0.127,-0.1,-0.065,-0.018,0.008,0.049,0.306,0.589,0.674,0.724,0.824
2017-01-18,-0.321,-0.235,-0.18,-0.147,-0.123,-0.094,-0.059,-0.013,0.013,0.054,0.307,0.585,0.668,0.719,0.821
2017-01-19,-0.322,-0.23,-0.176,-0.137,-0.106,-0.08,-0.038,0.008,0.034,0.074,0.334,0.613,0.7,0.751,0.852
2017-01-20,-0.324,-0.235,-0.187,-0.153,-0.126,-0.089,-0.048,-0.002,0.024,0.065,0.339,0.633,0.727,0.778,0.879
2017-01-23,-0.327,-0.241,-0.191,-0.156,-0.132,-0.095,-0.053,-0.008,0.017,0.055,0.329,0.623,0.716,0.769,0.873
2017-01-24,-0.328,-0.246,-0.194,-0.163,-0.143,-0.105,-0.066,-0.019,0.007,0.045,0.319,0.618,0.711,0.774,0.876
2017-01-25,-0.299,-0.216,-0.165,-0.131,-0.106,-0.073,-0.034,0.008,0.033,0.071,0.329,0.628,0.722,0.787,0.886
2017-01-26,-0.29,-0.201,-0.15,-0.115,-0.09,-0.053,-0.011,0.032,0.054,0.09,0.356,0.657,0.753,0.818,0.916
2017-01-27,-0.285,-0.2,-0.152,-0.122,-0.101,-0.068,-0.026,0.02,0.045,0.08,0.351,0.653,0.748,0.814,0.913
2017-01-30,-0.294,-0.209,-0.157,-0.121,-0.1,-0.063,-0.018,0.026,0.054,0.086,0.357,0.653,0.748,0.814,0.913
2017-01-31,-0.29,-0.209,-0.151,-0.116,-0.094,-0.057,-0.013,0.032,0.058,0.087,0.362,0.657,0.749,0.805,0.903
2017-02-01,-0.301,-0.227,-0.163,-0.125,-0.1,-0.055,-0.005,0.043,0.068,0.096,0.374,0.667,0.759,0.813,0.902
2017-02-02,-0.302,-0.226,-0.16,-0.122,-0.096,-0.049,0.003,0.053,0.078,0.11,0.39,0.687,0.785,0.84,0.926
2017-02-03,-0.298,-0.231,-0.16,-0.122,-0.096,-0.05,-0.002,0.048,0.068,0.102,0.385,0.686,0.779,0.84,0.926
2017-02-06,-0.301,-0.221,-0.147,-0.106,-0.079,-0.03,0.019,0.064,0.084,0.106,0.411,0.715,0.811,0.872,0.963
2017-02-07,-0.302,-0.221,-0.15,-0.111,-0.084,-0.038,0.01,0.056,0.078,0.102,0.407,0.715,0.81,0.872,0.963
2017-02-08,-0.29,-0.21,-0.147,-0.11,-0.085,-0.043,0.005,0.051,0.074,0.097,0.402,0.715,0.811,0.876,0.966
2017-02-09,-0.284,-0.209,-0.149,-0.116,-0.094,-0.057,-0.018,0.036,0.063,0.086,0.372,0.681,0.774,0.845,0.944
2017-02-10,-0.275,-0.214,-0.149,-0.111,-0.088,-0.051,-0.013,0.042,0.064,0.086,0.366,0.667,0.759,0.827,0.928
2017-02-13,-0.268,-0.214,-0.143,-0.107,-0.08,-0.047,-0.007,0.047,0.069,0.092,0.378,0.676,0.769,0.837,0.934
2017-02-14,-0.268,-0.224,-0.15,-0.117,-0.088,-0.047,-0.007,0.048,0.074,0.098,0.398,0.696,0.795,0.863,0.96
2017-02-15,-0.269,-0.234,-0.16,-0.126,-0.097,-0.052,-0.012,0.043,0.069,0.092,0.388,0.696,0.795,0.863,0.96
2017-02-16,-0.261,-0.239,-0.16,-0.123,-0.093,-0.046,-0.007,0.048,0.074,0.097,0.393,0.701,0.806,0.877,0.974
2017-02-17,-0.262,-0.244,-0.163,-0.128,-0.097,-0.051,-0.011,0.043,0.069,0.093,0.392,0.705,0.811,0.886,0.98
2017-02-20,-0.258,-0.239,-0.159,-0.124,-0.093,-0.052,-0.015,0.038,0.069,0.099,0.397,0.706,0.811,0.886,0.98
2017-02-21,-0.258,-0.24,-0.162,-0.126,-0.094,-0.053,-0.015,0.038,0.069,0.099,0.399,0.706,0.811,0.886,0.98
2017-02-22,-0.261,-0.26,-0.182,-0.146,-0.112,-0.068,-0.026,0.029,0.059,0.089,0.388,0.692,0.796,0.867,0.964
2017-02-23,-0.263,-0.26,-0.182,-0.146,-0.113,-0.073,-0.03,0.023,0.052,0.081,0.372,0.658,0.759,0.828,0.928
2017-02-24,-0.264,-0.265,-0.19,-0.155,-0.131,-0.088,-0.049,0.003,0.037,0.067,0.362,0.65,0.754,0.823,0.925
2017-02-27,-0.264,-0.264,-0.191,-0.161,-0.138,-0.102,-0.067,-0.015,0.024,0.054,0.341,0.625,0.723,0.786,0.884
2017-02-28,-0.266,-0.262,-0.193,-0.161,-0.137,-0.102,-0.068,-0.015,0.024,0.059,0.338,0.629,0.722,0.783,0.881
2017-03-01,-0.268,-0.259,-0.181,-0.15,-0.128,-0.091,-0.057,-0.007,0.034,0.069,0.353,0.653,0.749,0.815,0.918
2017-03-02,-0.285,-0.276,-0.195,-0.16,-0.139,-0.099,-0.058,-0.007,0.035,0.078,0.373,0.68,0.775,0.841,0.945
2017-03-03,-0.302,-0.291,-0.202,-0.172,-0.149,-0.108,-0.068,-0.012,0.028,0.068,0.358,0.661,0.754,0.828,0.936
2017-03-06,-0.318,-0.295,-0.205,-0.169,-0.15,-0.107,-0.068,-0.01,0.029,0.069,0.352,0.645,0.738,0.814,0.919
2017-03-07,-0.321,-0.295,-0.208,-0.17,-0.151,-0.113,-0.076,-0.015,0.024,0.064,0.357,0.656,0.758,0.835,0.94
2017-03-08,-0.323,-0.29,-0.202,-0.165,-0.144,-0.103,-0.067,-0.011,0.029,0.069,0.369,0.671,0.775,0.849,0.952
2017-03-09,-0.318,-0.269,-0.182,-0.141,-0.114,-0.077,-0.042,0.01,0.045,0.084,0.38,0.672,0.775,0.845,0.952
2017-03-10,-0.328,-0.264,-0.179,-0.146,-0.119,-0.081,-0.045,0.015,0.051,0.085,0.386,0.681,0.785,0.858,0.962
2017-03-13,-0.325,-0.259,-0.175,-0.141,-0.115,-0.077,-0.041,0.02,0.054,0.085,0.386,0.677,0.785,0.863,0.964
2017-03-14,-0.327,-0.259,-0.175,-0.143,-0.119,-0.08,-0.045,0.015,0.05,0.085,0.381,0.672,0.785,0.863,0.968
2017-03-15,-0.329,-0.254,-0.169,-0.139,-0.115,-0.075,-0.035,0.02,0.055,0.09,0.381,0.667,0.78,0.854,0.961
2017-03-16,-0.329,-0.264,-0.185,-0.158,-0.135,-0.097,-0.055,0,0.035,0.07,0.354,0.644,0.754,0.828,0.943
2017-03-17,-0.329,-0.265,-0.188,-0.164,-0.135,-0.095,-0.055,0,0.035,0.071,0.355,0.653,0.759,0.832,0.949
2017-03-21,-0.32,-0.263,-0.199,-0.174,-0.145,-0.106,-0.066,-0.01,0.025,0.061,0.344,0.648,0.754,0.832,0.953
2017-03-22,-0.321,-0.268,-0.209,-0.184,-0.155,-0.116,-0.078,-0.023,0.016,0.056,0.335,0.639,0.744,0.823,0.938
2017-03-23,-0.323,-0.273,-0.219,-0.189,-0.165,-0.121,-0.085,-0.03,0.011,0.051,0.334,0.644,0.739,0.828,0.938
2017-03-24,-0.313,-0.264,-0.213,-0.179,-0.155,-0.112,-0.075,-0.02,0.021,0.061,0.343,0.644,0.739,0.832,0.946
2017-03-27,-0.308,-0.265,-0.213,-0.182,-0.159,-0.115,-0.08,-0.024,0.016,0.057,0.339,0.639,0.733,0.831,0.946
2017-03-28,-0.308,-0.26,-0.206,-0.18,-0.153,-0.116,-0.08,-0.024,0.016,0.057,0.336,0.631,0.723,0.823,0.94
2017-03-29,-0.289,-0.25,-0.197,-0.17,-0.144,-0.111,-0.076,-0.024,0.016,0.052,0.33,0.621,0.718,0.819,0.937
2017-03-30,-0.273,-0.215,-0.188,-0.158,-0.134,-0.101,-0.065,-0.015,0.022,0.062,0.334,0.63,0.734,0.828,0.946
2017-03-31,-0.254,-0.204,-0.179,-0.148,-0.124,-0.093,-0.058,-0.009,0.026,0.067,0.341,0.635,0.744,0.841,0.96
2017-04-03,-0.223,-0.175,-0.153,-0.128,-0.108,-0.079,-0.049,-0.003,0.032,0.072,0.341,0.64,0.749,0.842,0.962
2017-04-04,-0.225,-0.188,-0.163,-0.143,-0.124,-0.094,-0.067,-0.018,0.022,0.062,0.337,0.64,0.755,0.851,0.976
2017-04-05,-0.226,-0.201,-0.173,-0.153,-0.138,-0.099,-0.071,-0.018,0.022,0.062,0.342,0.648,0.76,0.86,0.99
2017-04-06,-0.217,-0.211,-0.177,-0.158,-0.139,-0.099,-0.072,-0.018,0.018,0.058,0.331,0.631,0.739,0.837,0.967
2017-04-07,-0.219,-0.219,-0.187,-0.168,-0.152,-0.11,-0.087,-0.033,0.008,0.048,0.32,0.621,0.729,0.828,0.961
2017-04-10,-0.223,-0.219,-0.191,-0.169,-0.152,-0.108,-0.081,-0.028,0.008,0.048,0.326,0.627,0.734,0.841,0.967
2017-04-11,-0.223,-0.224,-0.198,-0.174,-0.157,-0.119,-0.091,-0.038,-0.002,0.038,0.316,0.617,0.723,0.833,0.961
2017-04-12,-0.224,-0.229,-0.201,-0.179,-0.163,-0.13,-0.109,-0.058,-0.017,0.018,0.294,0.594,0.703,0.81,0.938
2017-04-13,-0.225,-0.224,-0.198,-0.177,-0.163,-0.13,-0.108,-0.057,-0.016,0.023,0.294,0.588,0.692,0.792,0.921
2017-04-14,-0.218,-0.224,-0.197,-0.179,-0.165,-0.138,-0.123,-0.073,-0.028,0.013,0.284,0.569,0.671,0.765,0.897
2017-04-17,-0.212,-0.22,-0.194,-0.178,-0.169,-0.141,-0.129,-0.077,-0.037,0.003,0.27,0.555,0.655,0.741,0.881
2017-04-18,-0.213,-0.215,-0.191,-0.178,-0.163,-0.136,-0.119,-0.067,-0.027,0.013,0.289,0.578,0.682,0.77,0.908
2017-04-19,-0.214,-0.221,-0.203,-0.193,-0.177,-0.148,-0.129,-0.077,-0.036,0.004,0.279,0.565,0.672,0.761,0.897
2017-04-20,-0.215,-0.221,-0.203,-0.193,-0.177,-0.144,-0.127,-0.072,-0.026,0.014,0.285,0.556,0.666,0.751,0.894
2017-04-21,-0.216,-0.222,-0.204,-0.191,-0.173,-0.141,-0.122,-0.067,-0.026,0.014,0.285,0.555,0.666,0.761,0.898
2017-04-24,-0.208,-0.212,-0.191,-0.179,-0.157,-0.13,-0.112,-0.056,-0.016,0.024,0.291,0.571,0.682,0.775,0.915
2017-04-25,-0.21,-0.208,-0.191,-0.179,-0.158,-0.135,-0.119,-0.064,-0.021,0.019,0.281,0.566,0.683,0.78,0.918
2017-04-26,-0.201,-0.203,-0.187,-0.171,-0.156,-0.129,-0.113,-0.059,-0.02,0.021,0.286,0.581,0.698,0.793,0.928
2017-04-27,-0.191,-0.193,-0.177,-0.162,-0.148,-0.125,-0.11,-0.059,-0.021,0.021,0.286,0.58,0.698,0.797,0.93
2017-04-28,-0.203,-0.207,-0.192,-0.177,-0.162,-0.134,-0.115,-0.064,-0.025,0.016,0.278,0.562,0.683,0.78,0.921
2017-05-01,-0.205,-0.207,-0.192,-0.177,-0.163,-0.135,-0.115,-0.063,-0.025,0.016,0.279,0.567,0.688,0.789,0.925
2017-05-02,-0.207,-0.202,-0.187,-0.172,-0.156,-0.129,-0.107,-0.055,-0.019,0.022,0.284,0.572,0.694,0.794,0.927
2017-05-08,-0.202,-0.198,-0.18,-0.166,-0.146,-0.119,-0.096,-0.045,-0.008,0.032,0.298,0.588,0.71,0.808,0.937
2017-05-09,-0.193,-0.188,-0.172,-0.157,-0.137,-0.114,-0.092,-0.04,-0.004,0.038,0.309,0.597,0.723,0.822,0.954
2017-05-10,-0.184,-0.183,-0.162,-0.147,-0.126,-0.103,-0.081,-0.029,0.007,0.042,0.315,0.602,0.729,0.822,0.954
2017-05-11,-0.185,-0.182,-0.155,-0.141,-0.12,-0.093,-0.07,-0.018,0.017,0.053,0.331,0.617,0.745,0.836,0.974
2017-05-12,-0.176,-0.178,-0.156,-0.142,-0.12,-0.098,-0.078,-0.024,0.011,0.046,0.326,0.612,0.741,0.836,0.977
2017-05-15,-0.18,-0.174,-0.151,-0.14,-0.121,-0.099,-0.078,-0.028,0.007,0.041,0.316,0.598,0.729,0.827,0.971
2017-05-16,-0.17,-0.17,-0.146,-0.137,-0.117,-0.093,-0.07,-0.023,0.012,0.047,0.321,0.608,0.739,0.836,0.978
2017-05-17,-0.161,-0.16,-0.139,-0.133,-0.111,-0.088,-0.069,-0.023,0.012,0.047,0.316,0.603,0.735,0.832,0.974
2017-05-18,-0.162,-0.151,-0.134,-0.128,-0.107,-0.082,-0.064,-0.018,0.013,0.048,0.306,0.58,0.714,0.808,0.952
2017-05-19,-0.172,-0.161,-0.143,-0.138,-0.121,-0.092,-0.069,-0.023,0.009,0.043,0.295,0.569,0.703,0.794,0.943
2017-05-22,-0.173,-0.168,-0.143,-0.138,-0.119,-0.087,-0.066,-0.018,0.019,0.054,0.306,0.58,0.714,0.809,0.952
2017-05-23,-0.165,-0.167,-0.144,-0.138,-0.122,-0.092,-0.07,-0.023,0.014,0.049,0.301,0.575,0.709,0.799,0.943
2017-05-24,-0.166,-0.163,-0.141,-0.133,-0.115,-0.087,-0.064,-0.018,0.019,0.054,0.306,0.581,0.714,0.804,0.946
2017-05-25,-0.166,-0.168,-0.141,-0.133,-0.115,-0.088,-0.064,-0.018,0.019,0.054,0.307,0.585,0.725,0.814,0.959
2017-05-26,-0.167,-0.168,-0.144,-0.138,-0.123,-0.098,-0.079,-0.032,0.005,0.044,0.291,0.566,0.703,0.795,0.942
2017-05-29,-0.165,-0.171,-0.145,-0.136,-0.117,-0.096,-0.074,-0.027,0.009,0.045,0.296,0.575,0.711,0.804,0.951
2017-05-30,-0.159,-0.165,-0.146,-0.14,-0.12,-0.102,-0.078,-0.032,0.004,0.045,0.291,0.57,0.706,0.8,0.946
2017-05-31,-0.16,-0.162,-0.14,-0.135,-0.116,-0.092,-0.073,-0.027,0.009,0.05,0.302,0.575,0.705,0.8,0.946
2017-06-01,-0.161,-0.16,-0.14,-0.135,-0.116,-0.092,-0.075,-0.026,0.009,0.049,0.307,0.586,0.722,0.814,0.963
2017-06-02,-0.156,-0.155,-0.134,-0.13,-0.108,-0.092,-0.076,-0.026,0.01,0.047,0.302,0.581,0.716,0.809,0.963
2017-06-05,-0.153,-0.146,-0.13,-0.125,-0.105,-0.091,-0.076,-0.026,0.008,0.044,0.297,0.576,0.706,0.803,0.959
2017-06-06,-0.154,-0.142,-0.13,-0.125,-0.105,-0.091,-0.082,-0.031,0.005,0.039,0.292,0.571,0.701,0.803,0.964
2017-06-07,-0.13,-0.117,-0.114,-0.11,-0.089,-0.082,-0.077,-0.031,0.005,0.04,0.287,0.563,0.69,0.794,0.955
2017-06-08,-0.13,-0.103,-0.097,-0.093,-0.074,-0.057,-0.051,-0.006,0.03,0.065,0.319,0.597,0.729,0.835,1
2017-06-09,-0.13,-0.108,-0.104,-0.098,-0.08,-0.065,-0.066,-0.021,0.015,0.05,0.298,0.576,0.706,0.818,0.986
2017-06-12,-0.13,-0.114,-0.105,-0.098,-0.08,-0.06,-0.056,-0.011,0.024,0.055,0.304,0.582,0.711,0.823,0.995
2017-06-13,-0.13,-0.109,-0.098,-0.094,-0.074,-0.051,-0.046,-0.005,0.03,0.06,0.304,0.58,0.707,0.814,0.981
2017-06-14,-0.13,-0.114,-0.099,-0.094,-0.074,-0.05,-0.045,-0.001,0.031,0.06,0.303,0.571,0.701,0.805,0.972
2017-06-15,-0.13,-0.12,-0.102,-0.099,-0.08,-0.057,-0.052,-0.01,0.021,0.05,0.288,0.557,0.685,0.791,0.96
2017-06-16,-0.13,-0.12,-0.102,-0.099,-0.08,-0.055,-0.048,-0.01,0.021,0.05,0.289,0.562,0.7,0.805,0.973
2017-06-19,-0.131,-0.116,-0.103,-0.099,-0.08,-0.055,-0.05,-0.01,0.021,0.051,0.289,0.562,0.707,0.809,0.978
2017-06-20,-0.13,-0.112,-0.1,-0.095,-0.08,-0.055,-0.045,-0.005,0.021,0.051,0.289,0.557,0.695,0.8,0.969
2017-06-21,-0.12,-0.102,-0.09,-0.09,-0.074,-0.055,-0.045,-0.005,0.021,0.055,0.289,0.558,0.686,0.791,0.96
2017-06-22,-0.12,-0.102,-0.087,-0.087,-0.074,-0.056,-0.045,-0.004,0.021,0.051,0.284,0.553,0.679,0.782,0.953
2017-06-23,-0.12,-0.103,-0.087,-0.09,-0.08,-0.061,-0.051,-0.009,0.016,0.051,0.285,0.563,0.692,0.796,0.966
2017-06-26,-0.12,-0.104,-0.087,-0.088,-0.08,-0.062,-0.05,-0.014,0.011,0.051,0.286,0.563,0.697,0.805,0.98
2017-06-27,-0.13,-0.117,-0.101,-0.103,-0.094,-0.075,-0.06,-0.024,0.006,0.046,0.279,0.559,0.692,0.8,0.975
2017-06-28,-0.124,-0.12,-0.102,-0.103,-0.09,-0.071,-0.054,-0.015,0.014,0.056,0.29,0.568,0.702,0.814,0.987
2017-06-29,-0.124,-0.12,-0.101,-0.098,-0.084,-0.065,-0.048,-0.009,0.021,0.057,0.291,0.564,0.702,0.81,0.983
2017-06-30,-0.115,-0.115,-0.091,-0.084,-0.068,-0.039,-0.018,0.02,0.046,0.086,0.323,0.592,0.738,0.842,1.017
2017-07-03,-0.122,-0.121,-0.098,-0.089,-0.074,-0.045,-0.023,0.016,0.045,0.082,0.323,0.597,0.744,0.846,1.021
2017-07-04,-0.122,-0.126,-0.098,-0.084,-0.068,-0.045,-0.022,0.016,0.042,0.078,0.324,0.598,0.744,0.851,1.026
2017-07-05,-0.113,-0.116,-0.088,-0.074,-0.058,-0.032,-0.007,0.032,0.057,0.082,0.329,0.602,0.75,0.86,1.034
2017-07-06,-0.097,-0.102,-0.071,-0.059,-0.044,-0.017,0.009,0.052,0.075,0.098,0.348,0.617,0.769,0.878,1.055
2017-07-07,-0.097,-0.102,-0.071,-0.059,-0.042,-0.017,0.007,0.047,0.066,0.088,0.344,0.616,0.77,0.878,1.055
2017-07-10,-0.096,-0.099,-0.065,-0.049,-0.032,-0.012,0.012,0.047,0.072,0.093,0.35,0.622,0.776,0.883,1.06
2017-07-11,-0.098,-0.104,-0.072,-0.055,-0.038,-0.013,0.012,0.048,0.072,0.093,0.358,0.636,0.79,0.896,1.073
2017-07-12,-0.107,-0.109,-0.078,-0.06,-0.042,-0.022,0.003,0.039,0.067,0.088,0.346,0.627,0.776,0.883,1.064
2017-07-13,-0.108,-0.114,-0.082,-0.065,-0.049,-0.032,-0.007,0.027,0.057,0.078,0.329,0.599,0.745,0.852,1.033
2017-07-14,-0.109,-0.109,-0.076,-0.062,-0.049,-0.033,-0.008,0.028,0.057,0.078,0.324,0.599,0.749,0.861,1.042
2017-07-18,-0.111,-0.106,-0.079,-0.065,-0.053,-0.042,-0.018,0.013,0.044,0.068,0.314,0.587,0.74,0.856,1.038
2017-07-19,-0.111,-0.111,-0.083,-0.068,-0.057,-0.037,-0.014,0.017,0.049,0.074,0.319,0.591,0.745,0.856,1.042
2017-07-20,-0.112,-0.111,-0.083,-0.069,-0.057,-0.039,-0.012,0.018,0.049,0.074,0.316,0.591,0.745,0.856,1.042
2017-07-21,-0.114,-0.116,-0.086,-0.074,-0.063,-0.044,-0.019,0.011,0.041,0.068,0.31,0.591,0.745,0.857,1.042
2017-07-24,-0.113,-0.118,-0.087,-0.074,-0.067,-0.046,-0.023,0.008,0.039,0.069,0.311,0.592,0.745,0.861,1.051
2017-07-25,-0.106,-0.112,-0.08,-0.069,-0.068,-0.046,-0.023,0.007,0.039,0.069,0.309,0.586,0.735,0.848,1.038
2017-07-26,-0.107,-0.107,-0.077,-0.064,-0.058,-0.036,-0.011,0.018,0.05,0.08,0.319,0.596,0.745,0.857,1.046
2017-07-27,-0.118,-0.115,-0.083,-0.069,-0.064,-0.041,-0.016,0.008,0.039,0.07,0.311,0.587,0.739,0.853,1.048
2017-07-28,-0.118,-0.117,-0.083,-0.069,-0.064,-0.041,-0.016,0.013,0.044,0.074,0.312,0.588,0.745,0.857,1.057
2017-07-31,-0.11,-0.117,-0.085,-0.069,-0.062,-0.04,-0.015,0.013,0.047,0.078,0.317,0.592,0.751,0.867,1.066
2017-08-01,-0.11,-0.117,-0.083,-0.069,-0.062,-0.036,-0.01,0.018,0.048,0.075,0.317,0.593,0.756,0.871,1.071
2017-08-02,-0.111,-0.118,-0.085,-0.07,-0.062,-0.038,-0.014,0.017,0.045,0.075,0.312,0.584,0.751,0.87,1.071
2017-08-03,-0.112,-0.118,-0.09,-0.075,-0.068,-0.043,-0.017,0.013,0.04,0.07,0.307,0.578,0.741,0.862,1.062
2017-08-04,-0.112,-0.113,-0.088,-0.069,-0.062,-0.043,-0.02,0.008,0.036,0.065,0.302,0.578,0.741,0.862,1.062
2017-08-07,-0.107,-0.108,-0.085,-0.067,-0.058,-0.038,-0.016,0.013,0.041,0.07,0.308,0.583,0.746,0.871,1.071
2017-08-08,-0.107,-0.109,-0.086,-0.069,-0.057,-0.037,-0.017,0.013,0.041,0.07,0.308,0.583,0.746,0.866,1.071
2017-08-09,-0.116,-0.119,-0.096,-0.079,-0.065,-0.048,-0.028,0.003,0.031,0.06,0.295,0.569,0.731,0.853,1.054
2017-08-10,-0.116,-0.114,-0.096,-0.079,-0.066,-0.049,-0.032,-0.002,0.03,0.06,0.295,0.569,0.731,0.843,1.045
2017-08-14,-0.119,-0.114,-0.098,-0.082,-0.072,-0.053,-0.037,-0.007,0.026,0.056,0.29,0.565,0.726,0.839,1.036
2017-08-15,-0.12,-0.115,-0.104,-0.087,-0.076,-0.057,-0.047,-0.013,0.021,0.052,0.29,0.566,0.726,0.843,1.039
2017-08-16,-0.11,-0.12,-0.103,-0.092,-0.076,-0.063,-0.057,-0.024,0.012,0.042,0.288,0.575,0.736,0.857,1.057
2017-08-17,-0.111,-0.115,-0.104,-0.095,-0.08,-0.058,-0.048,-0.015,0.017,0.047,0.293,0.575,0.736,0.852,1.052
2017-08-18,-0.122,-0.131,-0.114,-0.105,-0.096,-0.074,-0.058,-0.026,0.007,0.043,0.288,0.571,0.73,0.848,1.044
2017-08-21,-0.124,-0.131,-0.116,-0.108,-0.103,-0.079,-0.063,-0.032,0.002,0.038,0.279,0.561,0.72,0.839,1.035
2017-08-22,-0.124,-0.131,-0.116,-0.108,-0.098,-0.077,-0.057,-0.027,0.008,0.043,0.278,0.551,0.71,0.83,1.026
2017-08-23,-0.125,-0.132,-0.117,-0.108,-0.096,-0.082,-0.062,-0.031,0.002,0.038,0.274,0.551,0.705,0.826,1.021
2017-08-24,-0.126,-0.143,-0.13,-0.125,-0.117,-0.098,-0.077,-0.045,-0.007,0.028,0.269,0.546,0.7,0.821,1.019
2017-08-25,-0.139,-0.157,-0.144,-0.14,-0.131,-0.114,-0.093,-0.058,-0.017,0.018,0.268,0.552,0.711,0.83,1.028
2017-08-28,-0.142,-0.158,-0.145,-0.14,-0.132,-0.119,-0.101,-0.063,-0.021,0.013,0.269,0.554,0.711,0.831,1.027
2017-08-29,-0.143,-0.158,-0.148,-0.146,-0.143,-0.124,-0.107,-0.073,-0.031,0.009,0.263,0.553,0.711,0.827,1.023
2017-08-30,-0.14,-0.155,-0.146,-0.138,-0.138,-0.119,-0.097,-0.063,-0.027,0.009,0.264,0.553,0.711,0.827,1.024
2017-08-31,-0.145,-0.162,-0.155,-0.148,-0.142,-0.123,-0.098,-0.063,-0.021,0.008,0.258,0.549,0.706,0.822,1.019
2017-09-01,-0.146,-0.165,-0.159,-0.154,-0.146,-0.129,-0.107,-0.073,-0.031,0.005,0.253,0.544,0.706,0.822,1.019
2017-09-04,-0.149,-0.161,-0.157,-0.149,-0.142,-0.128,-0.107,-0.073,-0.034,0.001,0.248,0.534,0.696,0.813,1.012
2017-09-05,-0.15,-0.156,-0.15,-0.144,-0.135,-0.122,-0.107,-0.072,-0.03,0.009,0.248,0.532,0.69,0.805,1.003
2017-09-06,-0.151,-0.152,-0.15,-0.145,-0.136,-0.123,-0.107,-0.073,-0.035,0.004,0.249,0.532,0.69,0.81,1.01
2017-09-07,-0.152,-0.157,-0.154,-0.145,-0.139,-0.123,-0.107,-0.071,-0.03,0.009,0.26,0.553,0.712,0.826,1.022
2017-09-08,-0.156,-0.162,-0.161,-0.154,-0.155,-0.139,-0.128,-0.098,-0.056,-0.012,0.244,0.535,0.691,0.804,1.003
2017-09-11,-0.158,-0.158,-0.152,-0.145,-0.14,-0.126,-0.113,-0.087,-0.046,-0.006,0.255,0.54,0.696,0.804,1.003
2017-09-12,-0.148,-0.144,-0.135,-0.123,-0.115,-0.106,-0.093,-0.065,-0.025,0.015,0.272,0.555,0.712,0.818,1.017
2017-09-13,-0.149,-0.144,-0.139,-0.124,-0.119,-0.103,-0.091,-0.061,-0.02,0.02,0.277,0.56,0.717,0.827,1.026
2017-09-14,-0.139,-0.139,-0.129,-0.112,-0.105,-0.087,-0.072,-0.045,-0.001,0.035,0.297,0.566,0.733,0.84,1.04
2017-09-15,-0.15,-0.15,-0.142,-0.129,-0.125,-0.104,-0.092,-0.061,-0.019,0.015,0.277,0.547,0.712,0.823,1.022
2017-09-19,-0.143,-0.141,-0.139,-0.119,-0.115,-0.091,-0.071,-0.042,-0.005,0.026,0.289,0.557,0.723,0.832,1.031
2017-09-20,-0.143,-0.131,-0.133,-0.114,-0.109,-0.091,-0.071,-0.045,-0.004,0.026,0.284,0.552,0.718,0.828,1.027
2017-09-21,-0.135,-0.126,-0.13,-0.11,-0.104,-0.091,-0.07,-0.045,-0.004,0.026,0.278,0.548,0.712,0.819,1.024
2017-09-22,-0.144,-0.137,-0.14,-0.12,-0.116,-0.101,-0.08,-0.05,-0.01,0.021,0.268,0.543,0.707,0.814,1.021
2017-09-25,-0.147,-0.138,-0.137,-0.123,-0.12,-0.102,-0.081,-0.049,-0.009,0.021,0.268,0.548,0.713,0.819,1.025
2017-09-26,-0.147,-0.138,-0.134,-0.12,-0.114,-0.096,-0.075,-0.044,-0.004,0.026,0.274,0.553,0.718,0.823,1.023
2017-09-27,-0.144,-0.129,-0.117,-0.103,-0.094,-0.075,-0.054,-0.024,0.016,0.047,0.296,0.573,0.744,0.846,1.045
2017-09-28,-0.134,-0.115,-0.097,-0.083,-0.068,-0.05,-0.024,0.006,0.041,0.069,0.322,0.597,0.77,0.873,1.077
2017-09-29,-0.134,-0.12,-0.105,-0.093,-0.078,-0.06,-0.035,-0.004,0.031,0.062,0.307,0.578,0.749,0.855,1.057
2017-10-02,-0.136,-0.11,-0.095,-0.083,-0.068,-0.044,-0.019,0.011,0.046,0.073,0.319,0.593,0.76,0.864,1.066
2017-10-03,-0.136,-0.115,-0.101,-0.088,-0.072,-0.05,-0.024,0.006,0.042,0.073,0.318,0.596,0.766,0.873,1.075
2017-10-04,-0.146,-0.135,-0.122,-0.108,-0.099,-0.074,-0.05,-0.018,0.016,0.053,0.298,0.579,0.75,0.86,1.061
2017-10-05,-0.146,-0.14,-0.128,-0.113,-0.103,-0.08,-0.054,-0.023,0.012,0.043,0.292,0.574,0.745,0.855,1.054
2017-10-06,-0.143,-0.14,-0.125,-0.108,-0.099,-0.07,-0.045,-0.009,0.022,0.053,0.308,0.593,0.761,0.873,1.07
2017-10-10,-0.146,-0.145,-0.128,-0.109,-0.099,-0.07,-0.044,-0.009,0.022,0.059,0.314,0.594,0.761,0.874,1.075
2017-10-11,-0.147,-0.144,-0.121,-0.104,-0.093,-0.065,-0.038,-0.003,0.028,0.063,0.315,0.594,0.756,0.869,1.07
2017-10-12,-0.148,-0.144,-0.118,-0.099,-0.089,-0.063,-0.039,-0.003,0.028,0.063,0.315,0.589,0.751,0.86,1.062
2017-10-13,-0.149,-0.144,-0.121,-0.099,-0.089,-0.062,-0.039,-0.003,0.029,0.063,0.32,0.594,0.756,0.865,1.065
2017-10-16,-0.141,-0.145,-0.12,-0.097,-0.09,-0.062,-0.039,-0.003,0.029,0.064,0.321,0.594,0.756,0.869,1.07
2017-10-17,-0.141,-0.14,-0.114,-0.092,-0.084,-0.056,-0.034,0.002,0.034,0.069,0.325,0.594,0.756,0.869,1.07
2017-10-18,-0.142,-0.13,-0.112,-0.092,-0.079,-0.054,-0.034,0.003,0.034,0.069,0.324,0.595,0.762,0.874,1.074
2017-10-19,-0.152,-0.141,-0.115,-0.097,-0.087,-0.058,-0.034,0.003,0.034,0.064,0.322,0.6,0.767,0.879,1.079
2017-10-20,-0.152,-0.136,-0.109,-0.092,-0.084,-0.052,-0.028,0.008,0.04,0.074,0.327,0.604,0.772,0.879,1.079
2017-10-23,-0.145,-0.137,-0.109,-0.092,-0.083,-0.052,-0.033,0.003,0.034,0.069,0.327,0.605,0.767,0.874,1.075
2017-10-24,-0.146,-0.137,-0.109,-0.093,-0.083,-0.053,-0.033,0.003,0.034,0.069,0.322,0.601,0.761,0.866,1.064
2017-10-25,-0.146,-0.137,-0.109,-0.093,-0.083,-0.051,-0.031,0.003,0.034,0.07,0.322,0.596,0.756,0.862,1.06
2017-10-26,-0.154,-0.147,-0.119,-0.1,-0.093,-0.057,-0.03,0.003,0.035,0.07,0.323,0.601,0.761,0.861,1.06
2017-10-27,-0.158,-0.149,-0.122,-0.103,-0.091,-0.059,-0.032,0.003,0.035,0.07,0.323,0.601,0.761,0.865,1.058
2017-10-30,-0.16,-0.155,-0.124,-0.103,-0.091,-0.059,-0.036,-0.002,0.035,0.07,0.322,0.597,0.76,0.866,1.061
2017-10-31,-0.16,-0.16,-0.132,-0.106,-0.097,-0.064,-0.039,-0.004,0.03,0.071,0.323,0.597,0.761,0.861,1.055
2017-11-01,-0.166,-0.16,-0.132,-0.106,-0.098,-0.06,-0.038,-0.005,0.03,0.06,0.318,0.593,0.751,0.847,1.038
2017-11-02,-0.167,-0.163,-0.131,-0.106,-0.097,-0.064,-0.043,-0.01,0.026,0.055,0.313,0.592,0.745,0.843,1.037
2017-11-06,-0.184,-0.183,-0.151,-0.131,-0.123,-0.094,-0.079,-0.044,-0.004,0.026,0.293,0.573,0.725,0.816,1.005
2017-11-07,-0.195,-0.193,-0.162,-0.139,-0.131,-0.099,-0.079,-0.044,-0.004,0.032,0.289,0.568,0.72,0.816,1.005
2017-11-08,-0.205,-0.207,-0.168,-0.147,-0.137,-0.104,-0.086,-0.049,-0.009,0.027,0.288,0.563,0.715,0.803,0.987
2017-11-09,-0.204,-0.198,-0.158,-0.137,-0.126,-0.094,-0.078,-0.044,-0.004,0.032,0.303,0.577,0.724,0.799,0.971
2017-11-10,-0.187,-0.179,-0.142,-0.121,-0.113,-0.083,-0.069,-0.034,0.007,0.042,0.304,0.578,0.72,0.803,0.964
2017-11-13,-0.188,-0.174,-0.135,-0.113,-0.1,-0.073,-0.059,-0.023,0.017,0.052,0.316,0.588,0.735,0.821,0.987
2017-11-14,-0.189,-0.184,-0.142,-0.119,-0.105,-0.073,-0.059,-0.018,0.017,0.053,0.321,0.593,0.74,0.826,0.992
2017-11-15,-0.2,-0.189,-0.151,-0.125,-0.109,-0.08,-0.065,-0.023,0.011,0.048,0.316,0.583,0.73,0.817,0.983
2017-11-16,-0.191,-0.19,-0.156,-0.131,-0.116,-0.083,-0.066,-0.023,0.012,0.048,0.316,0.588,0.734,0.817,0.983
2017-11-17,-0.191,-0.195,-0.16,-0.136,-0.121,-0.093,-0.08,-0.032,0.002,0.038,0.311,0.58,0.724,0.823,0.987
2017-11-20,-0.194,-0.196,-0.16,-0.141,-0.125,-0.097,-0.082,-0.036,0.003,0.039,0.306,0.575,0.72,0.817,0.983
2017-11-21,-0.196,-0.196,-0.164,-0.145,-0.131,-0.102,-0.086,-0.042,-0.002,0.033,0.301,0.575,0.715,0.813,0.983
2017-11-22,-0.195,-0.197,-0.166,-0.15,-0.136,-0.113,-0.096,-0.053,-0.012,0.029,0.29,0.57,0.709,0.808,0.974
2017-11-24,-0.186,-0.188,-0.158,-0.144,-0.132,-0.101,-0.086,-0.043,-0.005,0.035,0.296,0.576,0.725,0.826,0.997
2017-11-27,-0.178,-0.179,-0.149,-0.137,-0.119,-0.092,-0.076,-0.032,0.004,0.041,0.302,0.585,0.736,0.836,1.006
2017-11-28,-0.174,-0.175,-0.145,-0.134,-0.119,-0.092,-0.08,-0.032,0.004,0.046,0.308,0.59,0.741,0.84,1.016
2017-11-29,-0.169,-0.174,-0.145,-0.138,-0.125,-0.097,-0.091,-0.042,-0.001,0.035,0.297,0.575,0.722,0.827,1.002
2017-11-30,-0.16,-0.16,-0.137,-0.129,-0.115,-0.085,-0.077,-0.032,0.004,0.04,0.298,0.575,0.722,0.823,0.997
2017-12-01,-0.16,-0.16,-0.137,-0.129,-0.119,-0.091,-0.086,-0.037,0.004,0.04,0.299,0.581,0.727,0.831,1.006
2017-12-04,-0.153,-0.148,-0.125,-0.119,-0.11,-0.084,-0.076,-0.029,0.009,0.045,0.31,0.587,0.733,0.836,1.011
2017-12-05,-0.143,-0.138,-0.115,-0.11,-0.1,-0.077,-0.071,-0.025,0.014,0.053,0.315,0.591,0.738,0.841,1.015
2017-12-06,-0.144,-0.143,-0.121,-0.115,-0.106,-0.08,-0.075,-0.03,0.009,0.049,0.31,0.587,0.732,0.836,1.007
2017-12-07,-0.144,-0.143,-0.122,-0.115,-0.106,-0.082,-0.075,-0.03,0.009,0.049,0.31,0.585,0.727,0.827,0.993
2017-12-08,-0.155,-0.153,-0.128,-0.121,-0.113,-0.087,-0.076,-0.035,0.005,0.044,0.3,0.575,0.717,0.813,0.972
2017-12-11,-0.157,-0.154,-0.129,-0.114,-0.113,-0.081,-0.071,-0.033,0.005,0.044,0.3,0.578,0.722,0.814,0.978
2017-12-12,-0.158,-0.154,-0.135,-0.119,-0.115,-0.086,-0.075,-0.039,-0.001,0.04,0.295,0.573,0.712,0.809,0.97
2017-12-13,-0.159,-0.159,-0.135,-0.123,-0.119,-0.09,-0.072,-0.039,0.003,0.045,0.3,0.578,0.712,0.809,0.97
2017-12-14,-0.159,-0.159,-0.132,-0.123,-0.115,-0.09,-0.071,-0.035,0.004,0.045,0.3,0.571,0.709,0.805,0.966
2017-12-15,-0.15,-0.155,-0.132,-0.119,-0.115,-0.09,-0.071,-0.036,0.004,0.04,0.295,0.567,0.705,0.805,0.966
2017-12-18,-0.152,-0.15,-0.132,-0.119,-0.119,-0.096,-0.081,-0.043,-0.002,0.036,0.29,0.567,0.701,0.805,0.966
2017-12-19,-0.152,-0.151,-0.133,-0.117,-0.115,-0.094,-0.077,-0.046,-0.005,0.036,0.29,0.562,0.697,0.795,0.961
2017-12-20,-0.153,-0.146,-0.123,-0.109,-0.105,-0.075,-0.059,-0.025,0.013,0.051,0.302,0.572,0.707,0.809,0.971
2017-12-21,-0.154,-0.146,-0.123,-0.107,-0.104,-0.074,-0.055,-0.02,0.021,0.056,0.307,0.577,0.713,0.814,0.975
2017-12-22,-0.154,-0.147,-0.123,-0.11,-0.108,-0.085,-0.06,-0.025,0.012,0.046,0.296,0.568,0.708,0.814,0.979
2017-12-25,-0.149,-0.147,-0.124,-0.11,-0.11,-0.091,-0.071,-0.035,0.001,0.036,0.286,0.563,0.702,0.81,0.98
2017-12-26,-0.147,-0.145,-0.121,-0.105,-0.104,-0.085,-0.064,-0.027,0.007,0.041,0.291,0.564,0.707,0.81,0.98
2017-12-27,-0.148,-0.143,-0.118,-0.098,-0.1,-0.075,-0.054,-0.019,0.016,0.052,0.3,0.568,0.71,0.813,0.98
2017-12-28,-0.138,-0.138,-0.115,-0.098,-0.1,-0.075,-0.054,-0.019,0.016,0.052,0.303,0.573,0.711,0.814,0.98
2017-12-29,-0.139,-0.14,-0.115,-0.103,-0.104,-0.08,-0.06,-0.023,0.012,0.047,0.297,0.568,0.7,0.805,0.97
2018-01-04,-0.143,-0.138,-0.109,-0.099,-0.099,-0.075,-0.053,-0.018,0.017,0.052,0.303,0.574,0.705,0.81,0.975
2018-01-05,-0.144,-0.138,-0.109,-0.099,-0.099,-0.074,-0.053,-0.017,0.022,0.057,0.309,0.577,0.707,0.815,0.98
2018-01-09,-0.136,-0.139,-0.103,-0.095,-0.093,-0.068,-0.043,-0.007,0.031,0.067,0.321,0.589,0.722,0.828,0.999
2018-01-10,-0.127,-0.129,-0.089,-0.079,-0.077,-0.049,-0.022,0.012,0.051,0.083,0.337,0.603,0.739,0.842,1.01
2018-01-11,-0.127,-0.134,-0.096,-0.084,-0.083,-0.059,-0.032,0.003,0.041,0.068,0.325,0.594,0.73,0.837,1.01
2018-01-12,-0.137,-0.134,-0.096,-0.085,-0.083,-0.059,-0.033,0.007,0.046,0.073,0.325,0.589,0.723,0.828,0.988
2018-01-15,-0.14,-0.14,-0.092,-0.078,-0.079,-0.058,-0.032,0.009,0.048,0.074,0.326,0.594,0.725,0.828,0.988
2018-01-16,-0.131,-0.14,-0.096,-0.083,-0.09,-0.056,-0.026,0.014,0.052,0.079,0.332,0.597,0.728,0.828,0.988
2018-01-17,-0.131,-0.13,-0.09,-0.078,-0.078,-0.047,-0.017,0.019,0.058,0.084,0.332,0.598,0.73,0.828,0.983
2018-01-18,-0.132,-0.13,-0.093,-0.078,-0.077,-0.049,-0.021,0.014,0.052,0.079,0.333,0.602,0.735,0.833,0.988
2018-01-19,-0.132,-0.136,-0.096,-0.083,-0.083,-0.05,-0.021,0.01,0.05,0.079,0.327,0.594,0.725,0.824,0.978
2018-01-22,-0.134,-0.136,-0.096,-0.084,-0.083,-0.052,-0.021,0.009,0.05,0.079,0.328,0.593,0.72,0.82,0.974
2018-01-23,-0.135,-0.142,-0.1,-0.089,-0.087,-0.057,-0.03,0.004,0.044,0.074,0.323,0.589,0.715,0.815,0.969
2018-01-24,-0.136,-0.137,-0.094,-0.084,-0.083,-0.053,-0.025,0.009,0.05,0.079,0.328,0.594,0.72,0.82,0.975
2018-01-25,-0.126,-0.132,-0.09,-0.079,-0.078,-0.046,-0.017,0.015,0.054,0.084,0.333,0.595,0.72,0.82,0.975
2018-01-26,-0.127,-0.132,-0.09,-0.079,-0.085,-0.051,-0.022,0.005,0.045,0.074,0.322,0.582,0.709,0.811,0.963
2018-01-29,-0.129,-0.128,-0.087,-0.074,-0.079,-0.041,-0.012,0.015,0.054,0.085,0.324,0.581,0.705,0.807,0.959
2018-01-30,-0.13,-0.13,-0.084,-0.069,-0.072,-0.029,0.001,0.028,0.065,0.095,0.339,0.6,0.72,0.816,0.968
2018-01-31,-0.13,-0.137,-0.092,-0.082,-0.082,-0.045,-0.012,0.016,0.054,0.085,0.329,0.59,0.71,0.811,0.959
2018-02-01,-0.121,-0.128,-0.084,-0.074,-0.071,-0.03,0,0.03,0.067,0.095,0.339,0.6,0.719,0.816,0.959
2018-02-02,-0.132,-0.131,-0.087,-0.079,-0.078,-0.035,-0.009,0.022,0.058,0.085,0.329,0.592,0.715,0.816,0.959
2018-02-05,-0.134,-0.137,-0.091,-0.082,-0.082,-0.039,-0.013,0.021,0.058,0.086,0.329,0.591,0.715,0.816,0.959
2018-02-06,-0.144,-0.142,-0.098,-0.088,-0.086,-0.046,-0.027,0.011,0.048,0.075,0.324,0.587,0.71,0.812,0.95
2018-02-07,-0.145,-0.144,-0.098,-0.089,-0.082,-0.044,-0.027,0.012,0.049,0.075,0.325,0.587,0.71,0.812,0.95
2018-02-08,-0.146,-0.148,-0.098,-0.087,-0.08,-0.041,-0.022,0.017,0.054,0.081,0.335,0.596,0.719,0.816,0.955
2018-02-09,-0.146,-0.149,-0.102,-0.091,-0.086,-0.051,-0.027,0.007,0.045,0.071,0.325,0.586,0.709,0.807,0.949
2018-02-13,-0.149,-0.154,-0.102,-0.094,-0.086,-0.055,-0.032,0.003,0.042,0.071,0.315,0.577,0.7,0.798,0.94
2018-02-14,-0.149,-0.154,-0.108,-0.1,-0.091,-0.059,-0.037,-0.003,0.037,0.066,0.308,0.567,0.69,0.789,0.93
2018-02-15,-0.15,-0.159,-0.113,-0.105,-0.097,-0.064,-0.042,-0.005,0.033,0.066,0.307,0.567,0.69,0.789,0.934
2018-02-16,-0.15,-0.16,-0.117,-0.107,-0.102,-0.069,-0.047,-0.012,0.027,0.062,0.304,0.568,0.69,0.789,0.934
2018-02-19,-0.153,-0.151,-0.114,-0.105,-0.097,-0.067,-0.045,-0.007,0.031,0.061,0.309,0.568,0.69,0.789,0.93
2018-02-20,-0.153,-0.151,-0.114,-0.103,-0.098,-0.065,-0.041,-0.002,0.037,0.066,0.314,0.573,0.695,0.789,0.931
2018-02-21,-0.154,-0.151,-0.117,-0.107,-0.102,-0.068,-0.046,-0.007,0.032,0.058,0.305,0.569,0.688,0.78,0.921
2018-02-22,-0.155,-0.151,-0.118,-0.108,-0.102,-0.073,-0.052,-0.012,0.028,0.058,0.305,0.559,0.68,0.771,0.911
2018-02-23,-0.153,-0.153,-0.121,-0.113,-0.107,-0.078,-0.056,-0.017,0.023,0.053,0.3,0.554,0.67,0.758,0.901
2018-02-26,-0.154,-0.154,-0.128,-0.118,-0.112,-0.083,-0.062,-0.021,0.018,0.054,0.301,0.559,0.675,0.762,0.901
2018-02-27,-0.158,-0.162,-0.138,-0.124,-0.118,-0.088,-0.066,-0.026,0.014,0.049,0.296,0.555,0.67,0.762,0.901
2018-02-28,-0.159,-0.16,-0.136,-0.12,-0.112,-0.082,-0.061,-0.021,0.016,0.054,0.291,0.551,0.665,0.762,0.901
2018-03-01,-0.159,-0.16,-0.136,-0.12,-0.112,-0.082,-0.061,-0.026,0.01,0.048,0.29,0.551,0.664,0.758,0.896
2018-03-02,-0.15,-0.155,-0.124,-0.108,-0.099,-0.065,-0.038,-0.005,0.03,0.063,0.307,0.565,0.676,0.767,0.91
2018-03-05,-0.168,-0.173,-0.143,-0.13,-0.127,-0.097,-0.071,-0.036,0.005,0.038,0.282,0.541,0.653,0.749,0.892
2018-03-06,-0.163,-0.166,-0.137,-0.121,-0.119,-0.086,-0.061,-0.026,0.015,0.049,0.286,0.546,0.658,0.749,0.892
2018-03-07,-0.164,-0.162,-0.133,-0.118,-0.117,-0.087,-0.065,-0.029,0.009,0.044,0.281,0.542,0.655,0.745,0.887
2018-03-08,-0.154,-0.157,-0.13,-0.118,-0.116,-0.082,-0.06,-0.026,0.015,0.049,0.286,0.547,0.66,0.754,0.897
2018-03-09,-0.155,-0.157,-0.127,-0.12,-0.115,-0.082,-0.06,-0.029,0.009,0.044,0.281,0.547,0.66,0.759,0.907
2018-03-12,-0.157,-0.153,-0.128,-0.118,-0.116,-0.081,-0.061,-0.03,0.007,0.044,0.281,0.542,0.655,0.759,0.907
2018-03-13,-0.148,-0.154,-0.128,-0.118,-0.109,-0.081,-0.061,-0.025,0.01,0.045,0.283,0.547,0.66,0.759,0.907
2018-03-14,-0.149,-0.149,-0.125,-0.113,-0.105,-0.081,-0.061,-0.025,0.01,0.045,0.278,0.542,0.66,0.759,0.907
2018-03-15,-0.14,-0.145,-0.118,-0.111,-0.105,-0.081,-0.065,-0.03,0.006,0.04,0.271,0.538,0.658,0.759,0.911
2018-03-16,-0.141,-0.15,-0.125,-0.119,-0.115,-0.091,-0.071,-0.039,0,0.031,0.266,0.533,0.659,0.759,0.911
2018-03-19,-0.152,-0.151,-0.126,-0.122,-0.115,-0.091,-0.07,-0.04,0,0.036,0.267,0.529,0.656,0.755,0.911
2018-03-20,-0.153,-0.156,-0.133,-0.124,-0.115,-0.091,-0.07,-0.04,0,0.036,0.266,0.534,0.655,0.754,0.911
2018-03-22,-0.154,-0.157,-0.133,-0.127,-0.119,-0.097,-0.075,-0.045,-0.004,0.031,0.267,0.529,0.653,0.755,0.911
2018-03-23,-0.155,-0.157,-0.133,-0.132,-0.125,-0.107,-0.086,-0.054,-0.014,0.016,0.256,0.515,0.64,0.741,0.905
2018-03-26,-0.157,-0.158,-0.134,-0.132,-0.124,-0.104,-0.081,-0.049,-0.009,0.022,0.256,0.515,0.639,0.741,0.906
2018-03-27,-0.147,-0.153,-0.128,-0.125,-0.114,-0.095,-0.07,-0.039,0.001,0.032,0.263,0.52,0.641,0.741,0.897
2018-03-28,-0.148,-0.154,-0.128,-0.123,-0.114,-0.095,-0.07,-0.039,-0.002,0.032,0.258,0.516,0.635,0.736,0.887
2018-03-29,-0.139,-0.14,-0.122,-0.118,-0.11,-0.09,-0.07,-0.037,0.002,0.037,0.263,0.521,0.64,0.741,0.892
2018-03-30,-0.134,-0.137,-0.118,-0.118,-0.108,-0.086,-0.063,-0.028,0.009,0.043,0.268,0.525,0.64,0.741,0.892
2018-04-02,-0.127,-0.135,-0.119,-0.118,-0.108,-0.085,-0.063,-0.032,0.006,0.042,0.269,0.526,0.64,0.746,0.893
2018-04-03,-0.133,-0.141,-0.126,-0.128,-0.125,-0.099,-0.076,-0.048,-0.008,0.022,0.248,0.507,0.619,0.723,0.876
2018-04-04,-0.129,-0.136,-0.12,-0.124,-0.119,-0.094,-0.069,-0.043,-0.003,0.027,0.252,0.502,0.617,0.718,0.868
2018-04-05,-0.13,-0.133,-0.116,-0.118,-0.115,-0.086,-0.062,-0.033,0.006,0.037,0.269,0.517,0.635,0.737,0.887
2018-04-06,-0.141,-0.143,-0.123,-0.118,-0.115,-0.088,-0.063,-0.033,0.006,0.038,0.274,0.522,0.645,0.746,0.893
2018-04-09,-0.141,-0.147,-0.126,-0.12,-0.119,-0.09,-0.069,-0.037,0.002,0.033,0.269,0.517,0.64,0.742,0.888
2018-04-10,-0.153,-0.154,-0.133,-0.125,-0.123,-0.094,-0.07,-0.041,-0.002,0.033,0.264,0.513,0.635,0.737,0.883
2018-04-11,-0.154,-0.158,-0.132,-0.125,-0.123,-0.095,-0.074,-0.046,-0.007,0.028,0.254,0.504,0.625,0.728,0.873
2018-04-12,-0.157,-0.158,-0.127,-0.12,-0.119,-0.089,-0.069,-0.041,-0.002,0.033,0.259,0.507,0.619,0.714,0.863
2018-04-13,-0.157,-0.159,-0.126,-0.113,-0.113,-0.084,-0.064,-0.037,0.001,0.033,0.259,0.504,0.614,0.705,0.848
2018-04-16,-0.15,-0.155,-0.123,-0.114,-0.109,-0.079,-0.059,-0.032,0.007,0.039,0.265,0.508,0.62,0.71,0.854
2018-04-17,-0.151,-0.155,-0.124,-0.118,-0.113,-0.078,-0.058,-0.032,0.007,0.039,0.265,0.509,0.625,0.714,0.858
2018-04-18,-0.152,-0.15,-0.122,-0.119,-0.113,-0.084,-0.064,-0.037,0.002,0.034,0.26,0.503,0.614,0.705,0.849
2018-04-19,-0.142,-0.141,-0.119,-0.114,-0.107,-0.079,-0.058,-0.032,0.008,0.039,0.27,0.509,0.62,0.71,0.854
2018-04-20,-0.133,-0.131,-0.105,-0.099,-0.093,-0.056,-0.033,-0.007,0.028,0.059,0.296,0.533,0.646,0.733,0.878
2018-04-23,-0.135,-0.132,-0.108,-0.099,-0.093,-0.06,-0.038,-0.011,0.028,0.06,0.292,0.533,0.651,0.742,0.888
2018-04-24,-0.143,-0.136,-0.119,-0.106,-0.104,-0.066,-0.043,-0.015,0.022,0.055,0.288,0.533,0.655,0.747,0.888
2018-04-25,-0.136,-0.135,-0.118,-0.106,-0.097,-0.059,-0.033,-0.005,0.028,0.06,0.293,0.538,0.657,0.747,0.884
2018-04-26,-0.137,-0.131,-0.116,-0.106,-0.097,-0.061,-0.033,-0.005,0.028,0.06,0.294,0.543,0.662,0.752,0.888
2018-04-27,-0.138,-0.137,-0.119,-0.112,-0.102,-0.066,-0.038,-0.01,0.022,0.055,0.287,0.533,0.655,0.747,0.884
2018-05-01,-0.14,-0.142,-0.128,-0.121,-0.119,-0.086,-0.059,-0.03,0.005,0.04,0.266,0.515,0.631,0.724,0.86
2018-05-02,-0.135,-0.138,-0.124,-0.115,-0.109,-0.08,-0.053,-0.024,0.01,0.045,0.272,0.52,0.637,0.733,0.87
2018-05-07,-0.137,-0.137,-0.127,-0.117,-0.112,-0.081,-0.055,-0.026,0.01,0.046,0.273,0.52,0.637,0.733,0.878
2018-05-08,-0.127,-0.132,-0.122,-0.111,-0.108,-0.075,-0.052,-0.024,0.016,0.05,0.278,0.529,0.647,0.743,0.893
2018-05-09,-0.128,-0.133,-0.117,-0.106,-0.104,-0.073,-0.05,-0.024,0.016,0.051,0.278,0.525,0.642,0.738,0.888
2018-05-10,-0.136,-0.138,-0.12,-0.106,-0.104,-0.073,-0.051,-0.024,0.017,0.052,0.278,0.525,0.644,0.743,0.893
2018-05-11,-0.137,-0.138,-0.122,-0.11,-0.108,-0.075,-0.053,-0.024,0.012,0.047,0.278,0.525,0.645,0.743,0.893
2018-05-14,-0.139,-0.139,-0.123,-0.106,-0.104,-0.069,-0.048,-0.019,0.018,0.052,0.284,0.53,0.65,0.748,0.898
2018-05-15,-0.13,-0.135,-0.118,-0.101,-0.098,-0.063,-0.038,-0.013,0.024,0.058,0.295,0.535,0.656,0.753,0.907
2018-05-16,-0.131,-0.14,-0.119,-0.101,-0.098,-0.064,-0.039,-0.014,0.024,0.058,0.295,0.54,0.661,0.758,0.912
2018-05-17,-0.131,-0.14,-0.119,-0.103,-0.101,-0.063,-0.037,-0.011,0.028,0.062,0.301,0.545,0.671,0.767,0.925
2018-05-18,-0.132,-0.135,-0.119,-0.105,-0.101,-0.063,-0.039,-0.014,0.027,0.062,0.296,0.545,0.671,0.766,0.918
2018-05-21,-0.134,-0.136,-0.12,-0.104,-0.101,-0.063,-0.037,-0.013,0.027,0.059,0.296,0.541,0.667,0.762,0.913
2018-05-22,-0.136,-0.141,-0.123,-0.109,-0.105,-0.068,-0.043,-0.018,0.023,0.053,0.29,0.536,0.662,0.762,0.913
2018-05-23,-0.137,-0.141,-0.125,-0.115,-0.111,-0.072,-0.048,-0.023,0.018,0.048,0.28,0.526,0.657,0.757,0.905
2018-05-24,-0.138,-0.142,-0.125,-0.115,-0.111,-0.073,-0.047,-0.023,0.018,0.048,0.28,0.526,0.656,0.752,0.9
2018-05-25,-0.136,-0.143,-0.128,-0.12,-0.116,-0.078,-0.055,-0.028,0.013,0.043,0.275,0.522,0.648,0.748,0.898
2018-05-28,-0.138,-0.144,-0.128,-0.119,-0.117,-0.078,-0.056,-0.027,0.014,0.043,0.275,0.52,0.647,0.743,0.895
2018-05-29,-0.139,-0.144,-0.129,-0.119,-0.116,-0.082,-0.062,-0.032,0.008,0.038,0.268,0.513,0.632,0.724,0.859
2018-05-30,-0.144,-0.148,-0.135,-0.124,-0.119,-0.087,-0.066,-0.038,0.002,0.033,0.263,0.503,0.622,0.711,0.846
2018-05-31,-0.145,-0.144,-0.136,-0.123,-0.119,-0.081,-0.061,-0.031,0.008,0.039,0.27,0.513,0.632,0.72,0.855
2018-06-01,-0.141,-0.145,-0.126,-0.114,-0.108,-0.072,-0.051,-0.021,0.015,0.05,0.276,0.517,0.638,0.725,0.859
2018-06-04,-0.139,-0.135,-0.124,-0.109,-0.104,-0.066,-0.046,-0.016,0.02,0.056,0.287,0.527,0.643,0.735,0.868
2018-06-05,-0.133,-0.131,-0.12,-0.105,-0.098,-0.069,-0.046,-0.016,0.02,0.056,0.284,0.522,0.638,0.73,0.864
2018-06-06,-0.134,-0.131,-0.12,-0.108,-0.1,-0.071,-0.046,-0.016,0.02,0.056,0.288,0.528,0.648,0.737,0.872
2018-06-07,-0.135,-0.131,-0.121,-0.11,-0.097,-0.071,-0.046,-0.016,0.02,0.055,0.283,0.523,0.638,0.727,0.864
2018-06-08,-0.125,-0.127,-0.117,-0.11,-0.096,-0.07,-0.045,-0.021,0.015,0.051,0.278,0.518,0.633,0.722,0.855
2018-06-11,-0.127,-0.133,-0.121,-0.113,-0.098,-0.071,-0.045,-0.021,0.015,0.051,0.283,0.523,0.638,0.731,0.864
2018-06-12,-0.128,-0.133,-0.121,-0.111,-0.099,-0.068,-0.04,-0.016,0.02,0.057,0.288,0.528,0.644,0.735,0.868
2018-06-13,-0.128,-0.133,-0.118,-0.111,-0.103,-0.07,-0.045,-0.015,0.02,0.057,0.284,0.528,0.644,0.735,0.868
2018-06-14,-0.139,-0.138,-0.125,-0.119,-0.108,-0.081,-0.055,-0.03,0.01,0.046,0.273,0.518,0.639,0.73,0.868
2018-06-15,-0.14,-0.138,-0.125,-0.119,-0.108,-0.08,-0.056,-0.033,0.005,0.041,0.268,0.509,0.628,0.721,0.86
2018-06-18,-0.132,-0.14,-0.123,-0.119,-0.108,-0.081,-0.055,-0.035,0.005,0.041,0.268,0.509,0.628,0.721,0.86
2018-06-19,-0.132,-0.135,-0.123,-0.119,-0.113,-0.086,-0.064,-0.04,0,0.037,0.263,0.505,0.623,0.716,0.851
2018-06-20,-0.133,-0.135,-0.123,-0.117,-0.109,-0.08,-0.058,-0.034,0.006,0.042,0.273,0.509,0.628,0.721,0.856
2018-06-21,-0.134,-0.136,-0.123,-0.117,-0.108,-0.08,-0.061,-0.035,0.006,0.043,0.273,0.508,0.628,0.721,0.86
2018-06-22,-0.134,-0.136,-0.123,-0.117,-0.114,-0.085,-0.065,-0.04,0.001,0.039,0.268,0.504,0.623,0.716,0.856
2018-06-25,-0.136,-0.137,-0.124,-0.12,-0.115,-0.086,-0.065,-0.039,0.001,0.04,0.268,0.508,0.628,0.717,0.856
2018-06-26,-0.137,-0.137,-0.124,-0.115,-0.11,-0.08,-0.06,-0.034,0.006,0.045,0.273,0.513,0.634,0.721,0.86
2018-06-27,-0.127,-0.133,-0.124,-0.113,-0.11,-0.08,-0.06,-0.034,0.006,0.046,0.274,0.514,0.634,0.723,0.86
2018-06-28,-0.128,-0.128,-0.124,-0.113,-0.111,-0.085,-0.064,-0.039,0.001,0.04,0.268,0.505,0.629,0.718,0.856
2018-06-29,-0.129,-0.129,-0.124,-0.113,-0.112,-0.085,-0.064,-0.039,0.001,0.04,0.269,0.505,0.629,0.718,0.852
2018-07-02,-0.131,-0.135,-0.125,-0.119,-0.115,-0.089,-0.07,-0.044,-0.005,0.035,0.264,0.5,0.624,0.713,0.847
2018-07-03,-0.132,-0.13,-0.128,-0.119,-0.115,-0.086,-0.065,-0.041,-0.001,0.037,0.267,0.5,0.624,0.713,0.843
2018-07-04,-0.132,-0.131,-0.128,-0.119,-0.115,-0.088,-0.066,-0.046,-0.007,0.032,0.263,0.495,0.613,0.703,0.834
2018-07-05,-0.133,-0.131,-0.128,-0.124,-0.12,-0.09,-0.066,-0.048,-0.008,0.032,0.258,0.485,0.6,0.682,0.815
2018-07-06,-0.127,-0.132,-0.122,-0.12,-0.116,-0.09,-0.068,-0.048,-0.008,0.027,0.258,0.486,0.602,0.681,0.809
2018-07-09,-0.125,-0.132,-0.122,-0.12,-0.115,-0.09,-0.07,-0.048,-0.007,0.028,0.257,0.481,0.596,0.678,0.799
2018-07-10,-0.126,-0.127,-0.118,-0.115,-0.109,-0.085,-0.063,-0.042,-0.002,0.038,0.264,0.487,0.602,0.687,0.808
2018-07-11,-0.127,-0.133,-0.116,-0.115,-0.109,-0.085,-0.064,-0.042,-0.002,0.038,0.269,0.492,0.607,0.692,0.813
2018-07-12,-0.127,-0.133,-0.116,-0.115,-0.109,-0.084,-0.065,-0.042,-0.002,0.038,0.264,0.488,0.602,0.683,0.804
2018-07-13,-0.128,-0.133,-0.116,-0.115,-0.109,-0.084,-0.064,-0.041,-0.001,0.038,0.264,0.488,0.602,0.683,0.804
2018-07-17,-0.131,-0.135,-0.117,-0.114,-0.109,-0.082,-0.061,-0.042,-0.001,0.039,0.264,0.483,0.596,0.678,0.795
2018-07-18,-0.132,-0.13,-0.113,-0.109,-0.103,-0.079,-0.055,-0.037,0.003,0.044,0.266,0.488,0.602,0.683,0.8
2018-07-19,-0.132,-0.13,-0.117,-0.114,-0.107,-0.084,-0.06,-0.042,-0.001,0.039,0.26,0.484,0.598,0.683,0.804
2018-07-20,-0.132,-0.127,-0.117,-0.114,-0.107,-0.086,-0.065,-0.047,-0.006,0.034,0.255,0.479,0.598,0.683,0.809
2018-07-23,-0.113,-0.107,-0.097,-0.087,-0.077,-0.048,-0.028,-0.001,0.04,0.086,0.321,0.559,0.682,0.771,0.899
2018-07-24,-0.123,-0.123,-0.107,-0.099,-0.086,-0.053,-0.033,-0.001,0.039,0.085,0.336,0.589,0.709,0.793,0.925
2018-07-25,-0.126,-0.126,-0.117,-0.112,-0.107,-0.073,-0.053,-0.02,0.024,0.07,0.314,0.561,0.683,0.77,0.905
2018-07-26,-0.117,-0.119,-0.113,-0.104,-0.097,-0.061,-0.038,0,0.044,0.091,0.335,0.581,0.704,0.793,0.927
2018-07-27,-0.117,-0.118,-0.111,-0.099,-0.091,-0.058,-0.033,0.005,0.053,0.101,0.347,0.586,0.709,0.802,0.931
2018-07-30,-0.119,-0.119,-0.112,-0.095,-0.086,-0.048,-0.023,0.015,0.06,0.106,0.368,0.6,0.73,0.82,0.948
2018-07-31,-0.12,-0.119,-0.114,-0.105,-0.097,-0.064,-0.046,-0.017,0.016,0.05,0.3,0.533,0.655,0.742,0.864
2018-08-01,-0.091,-0.09,-0.076,-0.061,-0.046,0,0.033,0.062,0.09,0.129,0.368,0.596,0.72,0.797,0.915
2018-08-02,-0.101,-0.105,-0.087,-0.074,-0.06,-0.018,0.013,0.048,0.075,0.121,0.374,0.61,0.735,0.82,0.94
2018-08-03,-0.112,-0.11,-0.098,-0.086,-0.074,-0.029,0.005,0.041,0.068,0.11,0.368,0.618,0.745,0.833,0.957
2018-08-06,-0.114,-0.111,-0.098,-0.086,-0.077,-0.029,0.006,0.038,0.069,0.105,0.36,0.613,0.736,0.833,0.957
2018-08-07,-0.107,-0.112,-0.096,-0.086,-0.075,-0.029,0.006,0.038,0.071,0.11,0.361,0.614,0.736,0.838,0.961
2018-08-08,-0.107,-0.107,-0.093,-0.081,-0.071,-0.024,0.011,0.043,0.076,0.11,0.372,0.623,0.746,0.847,0.974
2018-08-09,-0.108,-0.112,-0.09,-0.076,-0.064,-0.019,0.017,0.048,0.081,0.115,0.374,0.619,0.741,0.839,0.968
2018-08-10,-0.116,-0.117,-0.095,-0.084,-0.075,-0.034,-0.002,0.032,0.066,0.105,0.358,0.609,0.731,0.829,0.961
2018-08-13,-0.118,-0.118,-0.097,-0.088,-0.082,-0.044,-0.012,0.022,0.057,0.103,0.348,0.598,0.72,0.816,0.953
2018-08-14,-0.119,-0.118,-0.094,-0.085,-0.075,-0.039,-0.006,0.027,0.065,0.106,0.359,0.609,0.736,0.83,0.966
2018-08-15,-0.12,-0.118,-0.101,-0.09,-0.082,-0.044,-0.013,0.017,0.056,0.097,0.357,0.609,0.736,0.83,0.967
2018-08-16,-0.12,-0.124,-0.101,-0.086,-0.076,-0.038,-0.008,0.023,0.063,0.104,0.363,0.616,0.741,0.834,0.972
2018-08-17,-0.131,-0.129,-0.109,-0.096,-0.085,-0.047,-0.017,0.017,0.057,0.099,0.363,0.615,0.742,0.834,0.972
2018-08-20,-0.132,-0.127,-0.112,-0.099,-0.089,-0.052,-0.021,0.012,0.053,0.1,0.363,0.615,0.742,0.835,0.972
2018-08-21,-0.132,-0.127,-0.11,-0.095,-0.086,-0.052,-0.021,0.012,0.052,0.094,0.353,0.601,0.726,0.819,0.956
2018-08-22,-0.125,-0.12,-0.106,-0.09,-0.079,-0.047,-0.017,0.017,0.057,0.1,0.358,0.612,0.742,0.83,0.967
2018-08-23,-0.123,-0.123,-0.106,-0.09,-0.079,-0.047,-0.016,0.017,0.057,0.1,0.358,0.612,0.742,0.83,0.962
2018-08-24,-0.116,-0.116,-0.1,-0.085,-0.076,-0.041,-0.016,0.018,0.058,0.106,0.359,0.61,0.737,0.826,0.958
2018-08-27,-0.117,-0.116,-0.1,-0.085,-0.074,-0.046,-0.021,0.013,0.053,0.101,0.354,0.603,0.727,0.817,0.949
2018-08-28,-0.118,-0.116,-0.1,-0.085,-0.074,-0.047,-0.02,0.018,0.053,0.101,0.359,0.609,0.732,0.825,0.954
2018-08-29,-0.119,-0.117,-0.1,-0.085,-0.074,-0.042,-0.016,0.023,0.058,0.107,0.361,0.609,0.737,0.826,0.958
2018-08-30,-0.116,-0.114,-0.094,-0.08,-0.069,-0.031,-0.002,0.034,0.073,0.115,0.371,0.625,0.753,0.835,0.97
2018-08-31,-0.115,-0.119,-0.1,-0.085,-0.073,-0.036,-0.007,0.029,0.069,0.11,0.37,0.62,0.747,0.834,0.966
2018-09-03,-0.112,-0.11,-0.091,-0.076,-0.062,-0.025,0.004,0.043,0.082,0.127,0.381,0.625,0.753,0.839,0.97
2018-09-04,-0.117,-0.116,-0.097,-0.078,-0.062,-0.025,0.003,0.038,0.083,0.125,0.381,0.626,0.753,0.843,0.974
2018-09-05,-0.117,-0.116,-0.1,-0.083,-0.066,-0.03,-0.001,0.033,0.078,0.121,0.375,0.617,0.743,0.835,0.962
2018-09-06,-0.117,-0.116,-0.097,-0.084,-0.069,-0.035,-0.006,0.029,0.073,0.116,0.371,0.613,0.738,0.83,0.958
2018-09-07,-0.118,-0.112,-0.097,-0.084,-0.07,-0.036,-0.006,0.029,0.074,0.116,0.371,0.613,0.737,0.83,0.958
2018-09-10,-0.117,-0.112,-0.095,-0.079,-0.064,-0.031,-0.001,0.034,0.079,0.121,0.373,0.619,0.743,0.835,0.962
2018-09-11,-0.118,-0.112,-0.095,-0.079,-0.064,-0.036,-0.005,0.029,0.073,0.116,0.367,0.612,0.732,0.822,0.95
2018-09-12,-0.118,-0.112,-0.095,-0.079,-0.064,-0.035,-0.005,0.029,0.074,0.116,0.366,0.614,0.733,0.822,0.95
2018-09-13,-0.119,-0.113,-0.095,-0.079,-0.067,-0.035,-0.006,0.03,0.074,0.116,0.367,0.614,0.738,0.826,0.954
2018-09-14,-0.119,-0.113,-0.092,-0.079,-0.064,-0.032,-0.006,0.031,0.075,0.117,0.367,0.615,0.738,0.826,0.954
2018-09-18,-0.112,-0.114,-0.093,-0.077,-0.063,-0.025,0,0.036,0.081,0.123,0.373,0.62,0.744,0.836,0.963
2018-09-19,-0.112,-0.109,-0.09,-0.075,-0.057,-0.02,0.001,0.041,0.085,0.128,0.379,0.624,0.749,0.84,0.967
2018-09-20,-0.113,-0.104,-0.09,-0.075,-0.057,-0.02,0,0.041,0.085,0.128,0.38,0.624,0.749,0.84,0.971
2018-09-21,-0.114,-0.104,-0.083,-0.07,-0.053,-0.01,0.011,0.051,0.096,0.14,0.401,0.646,0.779,0.871,1.012
2018-09-25,-0.116,-0.105,-0.084,-0.068,-0.05,-0.009,0.017,0.057,0.097,0.141,0.412,0.656,0.795,0.889,1.033
2018-09-26,-0.117,-0.11,-0.087,-0.073,-0.056,-0.014,0.009,0.048,0.087,0.135,0.401,0.652,0.79,0.889,1.033
2018-09-27,-0.124,-0.118,-0.094,-0.083,-0.066,-0.024,0.001,0.042,0.082,0.13,0.391,0.641,0.775,0.877,1.016
2018-09-28,-0.128,-0.114,-0.094,-0.083,-0.065,-0.019,0.012,0.052,0.092,0.134,0.402,0.656,0.79,0.89,1.033
2018-10-01,-0.125,-0.115,-0.095,-0.078,-0.06,-0.018,0.012,0.056,0.097,0.139,0.402,0.662,0.801,0.904,1.049
2018-10-02,-0.121,-0.115,-0.095,-0.078,-0.06,-0.018,0.007,0.053,0.097,0.137,0.402,0.659,0.796,0.9,1.045
2018-10-03,-0.122,-0.115,-0.092,-0.078,-0.061,-0.019,0.008,0.052,0.092,0.137,0.403,0.659,0.796,0.898,1.041
2018-10-04,-0.122,-0.11,-0.088,-0.068,-0.05,-0.004,0.028,0.073,0.112,0.157,0.434,0.69,0.831,0.93,1.069
2018-10-05,-0.133,-0.121,-0.095,-0.076,-0.058,-0.014,0.018,0.063,0.102,0.148,0.422,0.675,0.816,0.922,1.064
2018-10-09,-0.136,-0.116,-0.092,-0.073,-0.055,-0.007,0.024,0.069,0.112,0.158,0.435,0.685,0.824,0.926,1.067
2018-10-10,-0.137,-0.117,-0.095,-0.076,-0.055,-0.011,0.017,0.064,0.108,0.152,0.43,0.68,0.816,0.921,1.062
2018-10-11,-0.137,-0.117,-0.1,-0.081,-0.058,-0.02,0.008,0.054,0.098,0.144,0.415,0.668,0.801,0.901,1.046
2018-10-12,-0.138,-0.117,-0.096,-0.078,-0.056,-0.017,0.013,0.059,0.103,0.149,0.42,0.673,0.807,0.906,1.051
2018-10-15,-0.14,-0.118,-0.097,-0.082,-0.059,-0.021,0.008,0.054,0.098,0.144,0.416,0.672,0.811,0.91,1.054
2018-10-16,-0.14,-0.118,-0.096,-0.077,-0.052,-0.016,0.013,0.059,0.103,0.149,0.42,0.677,0.816,0.915,1.054
2018-10-17,-0.141,-0.12,-0.097,-0.078,-0.053,-0.019,0.008,0.054,0.098,0.147,0.42,0.674,0.812,0.911,1.05
2018-10-18,-0.141,-0.12,-0.098,-0.078,-0.051,-0.016,0.011,0.059,0.103,0.153,0.425,0.684,0.817,0.91,1.049
2018-10-19,-0.142,-0.119,-0.101,-0.08,-0.055,-0.018,0.008,0.054,0.099,0.15,0.424,0.684,0.817,0.91,1.046
2018-10-22,-0.144,-0.114,-0.101,-0.082,-0.055,-0.014,0.014,0.059,0.104,0.154,0.426,0.691,0.822,0.915,1.05
2018-10-23,-0.145,-0.114,-0.101,-0.082,-0.056,-0.021,0.008,0.054,0.099,0.149,0.421,0.685,0.817,0.911,1.046
2018-10-24,-0.146,-0.115,-0.101,-0.088,-0.062,-0.031,-0.003,0.039,0.084,0.135,0.405,0.666,0.799,0.895,1.03
2018-10-25,-0.146,-0.119,-0.112,-0.099,-0.076,-0.048,-0.023,0.019,0.064,0.115,0.382,0.642,0.772,0.866,0.997
2018-10-26,-0.154,-0.124,-0.117,-0.105,-0.082,-0.053,-0.028,0.014,0.061,0.115,0.38,0.638,0.772,0.866,0.997
2018-10-29,-0.155,-0.124,-0.117,-0.107,-0.086,-0.059,-0.034,0.01,0.059,0.11,0.375,0.634,0.771,0.861,0.993
2018-10-30,-0.15,-0.125,-0.119,-0.106,-0.08,-0.052,-0.025,0.02,0.066,0.121,0.386,0.643,0.776,0.861,0.997
2018-10-31,-0.15,-0.125,-0.117,-0.106,-0.08,-0.048,-0.021,0.025,0.071,0.127,0.396,0.653,0.787,0.875,1.006
2018-11-01,-0.146,-0.125,-0.119,-0.106,-0.079,-0.05,-0.02,0.025,0.07,0.127,0.396,0.656,0.787,0.875,1.006
2018-11-02,-0.146,-0.13,-0.116,-0.103,-0.077,-0.051,-0.019,0.028,0.075,0.132,0.402,0.662,0.792,0.879,1.006
2018-11-05,-0.147,-0.131,-0.116,-0.105,-0.081,-0.054,-0.025,0.024,0.074,0.132,0.403,0.666,0.797,0.884,1.01
2018-11-06,-0.155,-0.131,-0.11,-0.101,-0.077,-0.049,-0.02,0.028,0.075,0.132,0.404,0.668,0.797,0.889,1.014
2018-11-07,-0.155,-0.126,-0.11,-0.101,-0.076,-0.055,-0.025,0.024,0.071,0.128,0.405,0.668,0.797,0.889,1.018
2018-11-08,-0.156,-0.132,-0.117,-0.106,-0.082,-0.055,-0.025,0.024,0.071,0.129,0.408,0.672,0.802,0.894,1.022
2018-11-09,-0.156,-0.137,-0.117,-0.107,-0.082,-0.055,-0.024,0.024,0.071,0.129,0.403,0.669,0.797,0.889,1.018
2018-11-12,-0.158,-0.138,-0.115,-0.107,-0.081,-0.057,-0.029,0.02,0.066,0.124,0.398,0.665,0.792,0.884,1.014
2018-11-13,-0.158,-0.137,-0.114,-0.107,-0.082,-0.058,-0.032,0.015,0.062,0.119,0.393,0.655,0.782,0.878,1.005
2018-11-14,-0.159,-0.143,-0.121,-0.112,-0.087,-0.064,-0.037,0.01,0.056,0.114,0.383,0.646,0.772,0.871,0.998
2018-11-15,-0.16,-0.138,-0.118,-0.108,-0.087,-0.064,-0.037,0.007,0.056,0.114,0.378,0.641,0.767,0.866,0.998
2018-11-16,-0.16,-0.144,-0.125,-0.115,-0.09,-0.069,-0.042,0,0.052,0.11,0.378,0.641,0.767,0.862,0.995
2018-11-19,-0.162,-0.145,-0.131,-0.125,-0.1,-0.081,-0.057,-0.015,0.041,0.1,0.362,0.621,0.747,0.844,0.978
2018-11-20,-0.162,-0.142,-0.125,-0.12,-0.096,-0.073,-0.047,-0.004,0.051,0.11,0.373,0.631,0.757,0.853,0.986
2018-11-21,-0.162,-0.142,-0.131,-0.125,-0.1,-0.079,-0.051,-0.009,0.043,0.102,0.362,0.619,0.742,0.835,0.969
2018-11-22,-0.162,-0.142,-0.131,-0.125,-0.1,-0.079,-0.052,-0.008,0.043,0.102,0.362,0.617,0.741,0.83,0.957
2018-11-26,-0.157,-0.142,-0.134,-0.131,-0.105,-0.083,-0.056,-0.012,0.038,0.097,0.358,0.608,0.733,0.821,0.953
2018-11-27,-0.158,-0.142,-0.132,-0.124,-0.101,-0.081,-0.056,-0.012,0.038,0.098,0.358,0.607,0.726,0.817,0.941
2018-11-28,-0.148,-0.132,-0.122,-0.114,-0.09,-0.071,-0.046,-0.002,0.048,0.108,0.369,0.622,0.742,0.835,0.957
2018-11-29,-0.159,-0.139,-0.135,-0.129,-0.105,-0.087,-0.062,-0.017,0.032,0.091,0.348,0.603,0.727,0.821,0.952
2018-11-30,-0.145,-0.135,-0.129,-0.124,-0.102,-0.082,-0.058,-0.017,0.033,0.097,0.349,0.6,0.727,0.821,0.953
2018-12-03,-0.142,-0.13,-0.129,-0.129,-0.106,-0.087,-0.066,-0.021,0.027,0.093,0.347,0.598,0.727,0.821,0.953
2018-12-04,-0.142,-0.13,-0.129,-0.129,-0.111,-0.101,-0.086,-0.041,0.015,0.077,0.327,0.574,0.701,0.793,0.928
2018-12-05,-0.153,-0.136,-0.13,-0.132,-0.111,-0.102,-0.082,-0.036,0.018,0.078,0.338,0.583,0.711,0.803,0.936
2018-12-06,-0.17,-0.151,-0.15,-0.15,-0.126,-0.117,-0.101,-0.052,0.004,0.063,0.327,0.579,0.706,0.798,0.932
2018-12-07,-0.162,-0.141,-0.146,-0.145,-0.124,-0.115,-0.096,-0.049,0.006,0.068,0.342,0.594,0.723,0.817,0.949
2018-12-10,-0.165,-0.147,-0.151,-0.15,-0.138,-0.132,-0.117,-0.072,-0.016,0.048,0.323,0.575,0.707,0.803,0.937
2018-12-11,-0.166,-0.142,-0.144,-0.145,-0.131,-0.127,-0.112,-0.067,-0.011,0.053,0.323,0.571,0.707,0.803,0.937
2018-12-12,-0.167,-0.142,-0.138,-0.136,-0.119,-0.116,-0.101,-0.059,-0.001,0.064,0.328,0.575,0.707,0.803,0.937
2018-12-13,-0.168,-0.147,-0.142,-0.133,-0.117,-0.116,-0.1,-0.059,-0.001,0.064,0.334,0.579,0.712,0.808,0.937
2018-12-14,-0.179,-0.153,-0.155,-0.143,-0.132,-0.133,-0.117,-0.081,-0.021,0.043,0.317,0.564,0.696,0.794,0.918
2018-12-17,-0.181,-0.157,-0.155,-0.149,-0.139,-0.137,-0.121,-0.086,-0.024,0.043,0.313,0.559,0.687,0.785,0.908
2018-12-18,-0.181,-0.157,-0.159,-0.154,-0.15,-0.147,-0.136,-0.101,-0.035,0.04,0.308,0.55,0.671,0.771,0.895
2018-12-19,-0.172,-0.151,-0.153,-0.149,-0.146,-0.142,-0.135,-0.096,-0.03,0.046,0.318,0.555,0.675,0.771,0.891
2018-12-20,-0.163,-0.146,-0.149,-0.144,-0.139,-0.142,-0.136,-0.1,-0.034,0.041,0.308,0.531,0.645,0.738,0.853
2018-12-21,-0.162,-0.143,-0.14,-0.137,-0.124,-0.126,-0.118,-0.084,-0.024,0.053,0.324,0.55,0.666,0.757,0.869
2018-12-25,-0.167,-0.147,-0.15,-0.153,-0.14,-0.142,-0.141,-0.105,-0.047,0.029,0.294,0.522,0.635,0.724,0.84
2018-12-26,-0.147,-0.124,-0.138,-0.14,-0.126,-0.131,-0.13,-0.093,-0.04,0.036,0.294,0.526,0.637,0.729,0.848
2018-12-27,-0.144,-0.124,-0.138,-0.14,-0.126,-0.131,-0.127,-0.093,-0.039,0.037,0.296,0.532,0.646,0.743,0.861
2018-12-28,-0.148,-0.139,-0.155,-0.158,-0.152,-0.151,-0.145,-0.114,-0.058,0.013,0.269,0.507,0.625,0.724,0.845
2019-01-04,-0.173,-0.176,-0.187,-0.192,-0.188,-0.187,-0.18,-0.144,-0.092,-0.023,0.226,0.463,0.577,0.677,0.792
2019-01-07,-0.162,-0.166,-0.178,-0.18,-0.173,-0.172,-0.165,-0.122,-0.068,0,0.253,0.49,0.605,0.701,0.814
2019-01-08,-0.146,-0.147,-0.158,-0.16,-0.148,-0.152,-0.146,-0.102,-0.049,0.014,0.269,0.5,0.614,0.706,0.818
2019-01-09,-0.144,-0.147,-0.154,-0.152,-0.142,-0.141,-0.136,-0.092,-0.033,0.029,0.286,0.519,0.631,0.72,0.827
2019-01-10,-0.147,-0.148,-0.154,-0.155,-0.149,-0.146,-0.146,-0.102,-0.036,0.024,0.279,0.505,0.621,0.71,0.812
2019-01-11,-0.148,-0.153,-0.157,-0.155,-0.15,-0.152,-0.15,-0.107,-0.046,0.014,0.269,0.488,0.605,0.696,0.798
2019-01-15,-0.16,-0.153,-0.154,-0.149,-0.143,-0.146,-0.146,-0.105,-0.045,0.014,0.269,0.486,0.605,0.696,0.798
2019-01-16,-0.161,-0.164,-0.161,-0.159,-0.154,-0.156,-0.156,-0.111,-0.05,0.006,0.258,0.48,0.6,0.692,0.798
2019-01-17,-0.172,-0.169,-0.168,-0.165,-0.161,-0.16,-0.155,-0.114,-0.054,0.007,0.256,0.48,0.6,0.695,0.801
2019-01-18,-0.173,-0.17,-0.168,-0.165,-0.159,-0.155,-0.15,-0.11,-0.048,0.01,0.261,0.486,0.6,0.692,0.798
2019-01-21,-0.174,-0.167,-0.163,-0.163,-0.159,-0.154,-0.15,-0.111,-0.053,0.004,0.255,0.48,0.6,0.692,0.798
2019-01-22,-0.174,-0.167,-0.164,-0.165,-0.159,-0.156,-0.154,-0.116,-0.057,-0.001,0.25,0.475,0.59,0.683,0.784
2019-01-23,-0.175,-0.168,-0.165,-0.165,-0.16,-0.155,-0.15,-0.111,-0.056,0.004,0.25,0.469,0.584,0.674,0.776
2019-01-24,-0.176,-0.162,-0.158,-0.16,-0.156,-0.151,-0.146,-0.109,-0.052,0.009,0.253,0.47,0.578,0.665,0.763
2019-01-25,-0.187,-0.168,-0.168,-0.17,-0.164,-0.162,-0.157,-0.122,-0.063,-0.001,0.243,0.46,0.571,0.66,0.758
2019-01-28,-0.178,-0.164,-0.169,-0.169,-0.164,-0.162,-0.157,-0.126,-0.066,0.001,0.244,0.46,0.567,0.655,0.754
2019-01-29,-0.179,-0.159,-0.163,-0.164,-0.16,-0.156,-0.153,-0.121,-0.062,0.006,0.245,0.46,0.567,0.655,0.754
2019-01-30,-0.179,-0.159,-0.163,-0.164,-0.16,-0.157,-0.154,-0.121,-0.062,0.007,0.246,0.461,0.571,0.66,0.758
2019-01-31,-0.18,-0.169,-0.17,-0.17,-0.164,-0.162,-0.158,-0.126,-0.066,0.006,0.239,0.453,0.562,0.651,0.75
2019-02-01,-0.191,-0.179,-0.18,-0.18,-0.179,-0.178,-0.176,-0.146,-0.085,-0.019,0.207,0.417,0.517,0.604,0.705
2019-02-04,-0.183,-0.171,-0.168,-0.17,-0.169,-0.164,-0.162,-0.131,-0.075,-0.009,0.223,0.423,0.527,0.614,0.71
2019-02-05,-0.18,-0.166,-0.165,-0.164,-0.164,-0.161,-0.157,-0.13,-0.075,-0.009,0.218,0.422,0.521,0.604,0.701
2019-02-06,-0.174,-0.161,-0.163,-0.165,-0.165,-0.163,-0.16,-0.13,-0.079,-0.014,0.218,0.422,0.522,0.604,0.701
2019-02-07,-0.172,-0.156,-0.159,-0.16,-0.157,-0.157,-0.151,-0.12,-0.072,-0.008,0.229,0.437,0.538,0.619,0.71
2019-02-08,-0.183,-0.166,-0.169,-0.169,-0.169,-0.173,-0.172,-0.14,-0.088,-0.024,0.204,0.413,0.512,0.589,0.674
2019-02-12,-0.178,-0.163,-0.163,-0.161,-0.157,-0.159,-0.157,-0.124,-0.071,-0.006,0.222,0.431,0.533,0.609,0.696
2019-02-13,-0.188,-0.168,-0.167,-0.164,-0.156,-0.158,-0.156,-0.123,-0.066,-0.001,0.232,0.443,0.544,0.624,0.71
2019-02-14,-0.189,-0.168,-0.168,-0.171,-0.166,-0.168,-0.167,-0.135,-0.072,-0.006,0.224,0.438,0.544,0.624,0.71
2019-02-15,-0.19,-0.169,-0.174,-0.174,-0.17,-0.172,-0.171,-0.14,-0.08,-0.016,0.208,0.42,0.523,0.6,0.687
2019-02-18,-0.192,-0.176,-0.178,-0.182,-0.176,-0.176,-0.173,-0.14,-0.081,-0.016,0.209,0.422,0.523,0.6,0.688
2019-02-19,-0.191,-0.183,-0.181,-0.187,-0.181,-0.178,-0.177,-0.145,-0.085,-0.026,0.205,0.418,0.518,0.595,0.683
2019-02-20,-0.193,-0.182,-0.185,-0.187,-0.181,-0.179,-0.177,-0.147,-0.09,-0.031,0.202,0.413,0.512,0.591,0.678
2019-02-21,-0.194,-0.182,-0.185,-0.185,-0.182,-0.179,-0.176,-0.149,-0.093,-0.037,0.197,0.408,0.504,0.576,0.66
2019-02-22,-0.195,-0.178,-0.182,-0.185,-0.182,-0.178,-0.176,-0.149,-0.094,-0.037,0.197,0.406,0.509,0.586,0.669
2019-02-25,-0.187,-0.174,-0.18,-0.181,-0.176,-0.173,-0.172,-0.143,-0.089,-0.03,0.203,0.413,0.514,0.591,0.674
2019-02-26,-0.178,-0.169,-0.173,-0.176,-0.171,-0.172,-0.171,-0.138,-0.08,-0.02,0.214,0.428,0.532,0.61,0.694
2019-02-27,-0.178,-0.164,-0.168,-0.173,-0.165,-0.166,-0.167,-0.136,-0.078,-0.018,0.219,0.429,0.534,0.615,0.701
2019-02-28,-0.159,-0.154,-0.164,-0.168,-0.158,-0.162,-0.161,-0.133,-0.078,-0.019,0.219,0.428,0.529,0.61,0.697
2019-03-01,-0.16,-0.15,-0.158,-0.165,-0.154,-0.154,-0.151,-0.122,-0.065,-0.004,0.23,0.439,0.545,0.628,0.719
2019-03-04,-0.152,-0.146,-0.152,-0.159,-0.149,-0.147,-0.14,-0.112,-0.054,0.007,0.243,0.454,0.561,0.643,0.737
2019-03-05,-0.142,-0.141,-0.148,-0.154,-0.144,-0.145,-0.14,-0.107,-0.05,0.011,0.247,0.459,0.566,0.647,0.737
2019-03-06,-0.143,-0.146,-0.152,-0.159,-0.151,-0.152,-0.15,-0.117,-0.062,0.001,0.237,0.448,0.556,0.633,0.724
2019-03-07,-0.144,-0.147,-0.152,-0.159,-0.151,-0.151,-0.15,-0.122,-0.067,-0.004,0.23,0.435,0.54,0.624,0.71
2019-03-08,-0.144,-0.147,-0.156,-0.164,-0.154,-0.162,-0.166,-0.141,-0.087,-0.028,0.203,0.405,0.508,0.591,0.674
2019-03-11,-0.145,-0.147,-0.16,-0.165,-0.158,-0.161,-0.162,-0.141,-0.087,-0.03,0.205,0.405,0.505,0.591,0.675
2019-03-12,-0.147,-0.153,-0.163,-0.168,-0.16,-0.166,-0.166,-0.141,-0.086,-0.025,0.211,0.415,0.513,0.598,0.679
2019-03-13,-0.157,-0.158,-0.167,-0.175,-0.17,-0.176,-0.176,-0.151,-0.097,-0.04,0.195,0.401,0.498,0.582,0.656
2019-03-14,-0.158,-0.163,-0.168,-0.175,-0.17,-0.177,-0.176,-0.151,-0.096,-0.033,0.195,0.402,0.498,0.577,0.652
2019-03-15,-0.16,-0.165,-0.168,-0.175,-0.171,-0.177,-0.171,-0.146,-0.091,-0.028,0.201,0.407,0.503,0.582,0.656
2019-03-18,-0.161,-0.161,-0.169,-0.173,-0.171,-0.176,-0.171,-0.146,-0.09,-0.028,0.201,0.407,0.507,0.587,0.661
2019-03-19,-0.162,-0.161,-0.169,-0.174,-0.171,-0.176,-0.179,-0.151,-0.096,-0.037,0.19,0.393,0.491,0.567,0.638
2019-03-20,-0.163,-0.162,-0.169,-0.174,-0.17,-0.172,-0.171,-0.146,-0.089,-0.027,0.199,0.403,0.503,0.577,0.651
2019-03-22,-0.184,-0.178,-0.186,-0.194,-0.188,-0.192,-0.197,-0.175,-0.121,-0.061,0.164,0.363,0.46,0.535,0.61
2019-03-25,-0.188,-0.182,-0.194,-0.202,-0.194,-0.201,-0.205,-0.185,-0.134,-0.076,0.147,0.348,0.444,0.517,0.592
2019-03-26,-0.177,-0.169,-0.177,-0.19,-0.177,-0.182,-0.186,-0.166,-0.115,-0.056,0.169,0.374,0.471,0.55,0.624
2019-03-27,-0.177,-0.17,-0.178,-0.19,-0.178,-0.187,-0.191,-0.167,-0.116,-0.056,0.169,0.374,0.471,0.545,0.62
2019-03-28,-0.178,-0.178,-0.188,-0.205,-0.199,-0.208,-0.217,-0.196,-0.144,-0.086,0.137,0.339,0.432,0.507,0.578
2019-03-29,-0.178,-0.183,-0.195,-0.211,-0.202,-0.207,-0.213,-0.195,-0.143,-0.082,0.143,0.344,0.439,0.513,0.582
2019-04-01,-0.171,-0.174,-0.186,-0.199,-0.193,-0.198,-0.201,-0.18,-0.128,-0.07,0.165,0.359,0.455,0.532,0.601
2019-04-02,-0.156,-0.16,-0.169,-0.179,-0.172,-0.178,-0.181,-0.159,-0.11,-0.053,0.176,0.368,0.462,0.533,0.591
2019-04-03,-0.152,-0.16,-0.167,-0.177,-0.172,-0.176,-0.175,-0.159,-0.109,-0.053,0.17,0.369,0.459,0.53,0.578
2019-04-04,-0.153,-0.156,-0.163,-0.172,-0.166,-0.168,-0.166,-0.149,-0.097,-0.041,0.181,0.374,0.466,0.529,0.578
2019-04-05,-0.153,-0.156,-0.159,-0.165,-0.158,-0.161,-0.16,-0.139,-0.088,-0.032,0.192,0.385,0.476,0.542,0.592
2019-04-08,-0.155,-0.157,-0.164,-0.17,-0.17,-0.177,-0.176,-0.154,-0.105,-0.047,0.171,0.365,0.46,0.529,0.583
2019-04-09,-0.156,-0.163,-0.168,-0.173,-0.17,-0.177,-0.174,-0.152,-0.106,-0.046,0.176,0.371,0.466,0.534,0.587
2019-04-10,-0.166,-0.168,-0.174,-0.181,-0.176,-0.182,-0.181,-0.159,-0.117,-0.057,0.166,0.361,0.455,0.524,0.573
2019-04-11,-0.167,-0.168,-0.175,-0.181,-0.176,-0.182,-0.176,-0.155,-0.117,-0.062,0.159,0.355,0.441,0.51,0.553
2019-04-12,-0.168,-0.169,-0.175,-0.181,-0.174,-0.176,-0.171,-0.149,-0.112,-0.051,0.166,0.365,0.451,0.515,0.555
2019-04-15,-0.17,-0.165,-0.162,-0.169,-0.162,-0.158,-0.153,-0.129,-0.091,-0.031,0.188,0.385,0.472,0.539,0.581
2019-04-16,-0.17,-0.155,-0.153,-0.159,-0.15,-0.144,-0.139,-0.119,-0.081,-0.021,0.193,0.378,0.471,0.539,0.583
2019-04-17,-0.161,-0.15,-0.149,-0.15,-0.138,-0.134,-0.129,-0.105,-0.065,-0.009,0.209,0.398,0.496,0.566,0.618
2019-04-18,-0.171,-0.156,-0.159,-0.16,-0.154,-0.151,-0.144,-0.118,-0.08,-0.026,0.188,0.383,0.478,0.552,0.606
2019-04-19,-0.162,-0.151,-0.153,-0.159,-0.155,-0.149,-0.144,-0.118,-0.08,-0.026,0.192,0.393,0.496,0.578,0.643
2019-04-22,-0.164,-0.152,-0.154,-0.16,-0.155,-0.149,-0.145,-0.119,-0.08,-0.027,0.189,0.393,0.49,0.575,0.639
2019-04-23,-0.164,-0.148,-0.154,-0.16,-0.155,-0.151,-0.149,-0.124,-0.082,-0.03,0.183,0.384,0.48,0.566,0.629
2019-04-24,-0.158,-0.152,-0.156,-0.165,-0.159,-0.158,-0.155,-0.132,-0.09,-0.037,0.177,0.374,0.471,0.557,0.62
2019-04-25,-0.159,-0.147,-0.156,-0.165,-0.16,-0.16,-0.153,-0.13,-0.085,-0.031,0.188,0.389,0.488,0.576,0.643
2019-04-26,-0.157,-0.153,-0.167,-0.174,-0.17,-0.171,-0.164,-0.137,-0.096,-0.045,0.173,0.374,0.468,0.557,0.625
2019-05-07,-0.161,-0.156,-0.167,-0.176,-0.169,-0.172,-0.163,-0.141,-0.097,-0.049,0.169,0.365,0.452,0.539,0.607
2019-05-08,-0.162,-0.156,-0.165,-0.175,-0.169,-0.172,-0.164,-0.14,-0.097,-0.049,0.164,0.36,0.447,0.53,0.592
2019-05-09,-0.155,-0.158,-0.163,-0.169,-0.164,-0.167,-0.163,-0.135,-0.092,-0.044,0.169,0.365,0.452,0.535,0.589
2019-05-10,-0.156,-0.158,-0.164,-0.169,-0.17,-0.166,-0.163,-0.135,-0.092,-0.044,0.169,0.37,0.458,0.535,0.588
2019-05-13,-0.158,-0.159,-0.163,-0.169,-0.164,-0.167,-0.163,-0.135,-0.09,-0.043,0.175,0.375,0.463,0.539,0.592
2019-05-14,-0.159,-0.159,-0.163,-0.17,-0.164,-0.167,-0.163,-0.135,-0.094,-0.048,0.17,0.365,0.456,0.534,0.588
2019-05-15,-0.16,-0.16,-0.163,-0.17,-0.165,-0.167,-0.163,-0.135,-0.094,-0.048,0.17,0.365,0.453,0.53,0.588
2019-05-16,-0.16,-0.166,-0.174,-0.179,-0.175,-0.177,-0.169,-0.145,-0.104,-0.058,0.154,0.35,0.437,0.511,0.567
2019-05-17,-0.161,-0.164,-0.169,-0.175,-0.169,-0.172,-0.161,-0.137,-0.099,-0.053,0.165,0.356,0.447,0.525,0.582
2019-05-20,-0.155,-0.154,-0.165,-0.171,-0.164,-0.161,-0.151,-0.127,-0.087,-0.042,0.176,0.371,0.464,0.54,0.601
2019-05-21,-0.156,-0.154,-0.165,-0.169,-0.165,-0.161,-0.15,-0.127,-0.087,-0.042,0.171,0.366,0.458,0.534,0.593
2019-05-22,-0.154,-0.152,-0.158,-0.164,-0.164,-0.164,-0.156,-0.132,-0.091,-0.048,0.16,0.351,0.443,0.52,0.574
2019-05-23,-0.154,-0.153,-0.162,-0.169,-0.171,-0.17,-0.162,-0.138,-0.097,-0.058,0.155,0.343,0.432,0.513,0.571
2019-05-24,-0.16,-0.155,-0.169,-0.174,-0.174,-0.177,-0.172,-0.149,-0.108,-0.068,0.144,0.336,0.421,0.502,0.56
2019-05-27,-0.153,-0.156,-0.17,-0.174,-0.174,-0.172,-0.167,-0.143,-0.102,-0.062,0.15,0.338,0.427,0.508,0.565
2019-05-28,-0.154,-0.162,-0.173,-0.18,-0.179,-0.177,-0.174,-0.15,-0.11,-0.066,0.139,0.327,0.415,0.493,0.542
2019-05-29,-0.166,-0.173,-0.189,-0.195,-0.196,-0.195,-0.197,-0.172,-0.133,-0.089,0.118,0.307,0.394,0.47,0.518
2019-05-30,-0.157,-0.169,-0.18,-0.185,-0.186,-0.187,-0.186,-0.162,-0.123,-0.077,0.131,0.318,0.408,0.483,0.528
2019-05-31,-0.158,-0.179,-0.193,-0.199,-0.201,-0.202,-0.201,-0.177,-0.138,-0.092,0.113,0.298,0.384,0.456,0.503
2019-06-03,-0.161,-0.18,-0.194,-0.2,-0.201,-0.201,-0.197,-0.173,-0.133,-0.088,0.123,0.308,0.395,0.465,0.513
2019-06-04,-0.162,-0.186,-0.204,-0.21,-0.211,-0.213,-0.21,-0.183,-0.142,-0.097,0.11,0.293,0.379,0.445,0.492
2019-06-05,-0.183,-0.221,-0.243,-0.249,-0.25,-0.247,-0.237,-0.211,-0.168,-0.123,0.086,0.268,0.351,0.422,0.465
2019-06-06,-0.183,-0.207,-0.227,-0.24,-0.24,-0.238,-0.232,-0.209,-0.163,-0.116,0.091,0.268,0.345,0.412,0.456
2019-06-07,-0.173,-0.197,-0.221,-0.235,-0.229,-0.231,-0.222,-0.202,-0.157,-0.112,0.097,0.268,0.345,0.403,0.444
2019-06-10,-0.176,-0.199,-0.225,-0.238,-0.234,-0.239,-0.232,-0.207,-0.163,-0.117,0.087,0.243,0.314,0.36,0.395
2019-06-11,-0.176,-0.194,-0.212,-0.226,-0.221,-0.228,-0.226,-0.201,-0.152,-0.107,0.097,0.253,0.323,0.358,0.394
2019-06-12,-0.177,-0.195,-0.213,-0.224,-0.226,-0.228,-0.226,-0.202,-0.152,-0.107,0.092,0.252,0.313,0.348,0.385
2019-06-13,-0.178,-0.2,-0.216,-0.229,-0.231,-0.228,-0.222,-0.202,-0.152,-0.108,0.095,0.263,0.328,0.37,0.405
2019-06-14,-0.178,-0.206,-0.22,-0.234,-0.235,-0.233,-0.232,-0.212,-0.167,-0.122,0.081,0.248,0.318,0.371,0.412
2019-06-17,-0.175,-0.196,-0.214,-0.23,-0.229,-0.228,-0.227,-0.207,-0.164,-0.122,0.082,0.244,0.319,0.371,0.413
2019-06-18,-0.181,-0.203,-0.221,-0.233,-0.23,-0.233,-0.231,-0.212,-0.167,-0.122,0.077,0.238,0.307,0.362,0.404
2019-06-19,-0.191,-0.214,-0.232,-0.245,-0.24,-0.243,-0.242,-0.222,-0.177,-0.133,0.06,0.226,0.287,0.343,0.379
2019-06-20,-0.212,-0.235,-0.245,-0.265,-0.266,-0.269,-0.268,-0.248,-0.204,-0.163,0.022,0.182,0.241,0.299,0.336
2019-06-21,-0.219,-0.239,-0.255,-0.275,-0.277,-0.273,-0.268,-0.248,-0.207,-0.162,0.032,0.203,0.269,0.329,0.367
2019-06-24,-0.219,-0.232,-0.243,-0.266,-0.268,-0.264,-0.257,-0.237,-0.196,-0.146,0.054,0.224,0.291,0.353,0.398
2019-06-25,-0.221,-0.228,-0.244,-0.267,-0.266,-0.264,-0.257,-0.242,-0.196,-0.147,0.056,0.224,0.291,0.354,0.398
2019-06-26,-0.212,-0.217,-0.234,-0.26,-0.261,-0.258,-0.252,-0.237,-0.186,-0.14,0.072,0.243,0.313,0.373,0.416
2019-06-27,-0.205,-0.213,-0.225,-0.25,-0.253,-0.253,-0.248,-0.233,-0.183,-0.134,0.081,0.254,0.33,0.393,0.44
2019-06-28,-0.196,-0.222,-0.228,-0.255,-0.262,-0.263,-0.262,-0.251,-0.201,-0.156,0.061,0.229,0.302,0.363,0.413
2019-07-01,-0.2,-0.224,-0.229,-0.246,-0.252,-0.252,-0.247,-0.237,-0.184,-0.14,0.078,0.244,0.319,0.382,0.432
2019-07-02,-0.2,-0.22,-0.223,-0.239,-0.244,-0.246,-0.241,-0.231,-0.18,-0.135,0.078,0.249,0.325,0.388,0.432
2019-07-03,-0.201,-0.225,-0.233,-0.252,-0.263,-0.266,-0.266,-0.254,-0.206,-0.16,0.051,0.225,0.292,0.354,0.395
2019-07-04,-0.201,-0.221,-0.223,-0.247,-0.26,-0.263,-0.263,-0.252,-0.206,-0.16,0.046,0.215,0.282,0.345,0.379
2019-07-05,-0.193,-0.211,-0.221,-0.245,-0.26,-0.264,-0.267,-0.257,-0.215,-0.17,0.035,0.205,0.275,0.334,0.367
2019-07-08,-0.185,-0.202,-0.211,-0.231,-0.242,-0.249,-0.251,-0.24,-0.199,-0.154,0.052,0.221,0.292,0.352,0.384
2019-07-09,-0.186,-0.197,-0.204,-0.221,-0.232,-0.239,-0.243,-0.231,-0.189,-0.144,0.052,0.216,0.282,0.342,0.374
2019-07-10,-0.177,-0.188,-0.194,-0.209,-0.216,-0.223,-0.228,-0.215,-0.174,-0.128,0.073,0.241,0.308,0.367,0.398
2019-07-11,-0.186,-0.194,-0.202,-0.219,-0.226,-0.233,-0.237,-0.227,-0.186,-0.143,0.057,0.23,0.298,0.358,0.389
2019-07-12,-0.176,-0.184,-0.189,-0.207,-0.21,-0.212,-0.216,-0.206,-0.168,-0.118,0.084,0.256,0.325,0.386,0.416
2019-07-16,-0.179,-0.191,-0.193,-0.211,-0.215,-0.218,-0.222,-0.21,-0.172,-0.123,0.08,0.251,0.32,0.381,0.412
2019-07-17,-0.179,-0.186,-0.191,-0.211,-0.215,-0.218,-0.222,-0.21,-0.172,-0.128,0.078,0.24,0.31,0.372,0.407
2019-07-18,-0.19,-0.197,-0.201,-0.221,-0.231,-0.233,-0.232,-0.221,-0.182,-0.138,0.064,0.228,0.304,0.362,0.402
2019-07-19,-0.191,-0.203,-0.208,-0.228,-0.236,-0.237,-0.235,-0.223,-0.182,-0.138,0.064,0.234,0.309,0.372,0.412
2019-07-22,-0.183,-0.204,-0.21,-0.23,-0.236,-0.238,-0.237,-0.226,-0.181,-0.138,0.064,0.234,0.309,0.377,0.416
2019-07-23,-0.183,-0.205,-0.216,-0.236,-0.241,-0.243,-0.247,-0.235,-0.191,-0.148,0.053,0.224,0.304,0.367,0.416
2019-07-24,-0.184,-0.206,-0.216,-0.236,-0.237,-0.244,-0.247,-0.235,-0.191,-0.148,0.048,0.221,0.293,0.357,0.409
2019-07-25,-0.192,-0.207,-0.222,-0.239,-0.241,-0.249,-0.252,-0.238,-0.196,-0.153,0.042,0.214,0.284,0.353,0.4
2019-07-26,-0.195,-0.212,-0.222,-0.24,-0.241,-0.249,-0.252,-0.235,-0.196,-0.153,0.043,0.214,0.293,0.358,0.405
2019-07-29,-0.187,-0.213,-0.221,-0.241,-0.235,-0.244,-0.247,-0.23,-0.19,-0.148,0.048,0.223,0.304,0.367,0.419
2019-07-30,-0.188,-0.213,-0.226,-0.249,-0.246,-0.254,-0.252,-0.241,-0.201,-0.153,0.043,0.215,0.299,0.363,0.409
2019-07-31,-0.189,-0.209,-0.223,-0.249,-0.247,-0.254,-0.257,-0.242,-0.203,-0.157,0.038,0.204,0.288,0.353,0.4
2019-08-01,-0.18,-0.189,-0.203,-0.228,-0.227,-0.233,-0.232,-0.217,-0.177,-0.131,0.059,0.224,0.304,0.366,0.411
2019-08-02,-0.19,-0.205,-0.229,-0.254,-0.258,-0.268,-0.267,-0.251,-0.213,-0.167,0.021,0.185,0.26,0.328,0.37
2019-08-05,-0.193,-0.216,-0.241,-0.273,-0.284,-0.295,-0.293,-0.276,-0.238,-0.197,-0.009,0.152,0.223,0.29,0.329
2019-08-06,-0.194,-0.221,-0.245,-0.273,-0.279,-0.29,-0.288,-0.269,-0.227,-0.181,0.009,0.171,0.246,0.309,0.351
2019-08-07,-0.205,-0.237,-0.26,-0.288,-0.294,-0.307,-0.308,-0.293,-0.245,-0.198,-0.01,0.145,0.216,0.28,0.323
2019-08-08,-0.206,-0.243,-0.261,-0.286,-0.289,-0.305,-0.31,-0.294,-0.246,-0.191,-0.013,0.135,0.207,0.267,0.309
2019-08-09,-0.219,-0.273,-0.284,-0.306,-0.309,-0.328,-0.337,-0.322,-0.272,-0.22,-0.046,0.099,0.163,0.222,0.258
2019-08-13,-0.241,-0.291,-0.299,-0.32,-0.326,-0.348,-0.357,-0.339,-0.289,-0.237,-0.066,0.074,0.132,0.187,0.22
2019-08-14,-0.232,-0.277,-0.284,-0.306,-0.311,-0.334,-0.342,-0.324,-0.273,-0.221,-0.043,0.095,0.152,0.201,0.236
2019-08-15,-0.243,-0.282,-0.294,-0.319,-0.326,-0.352,-0.358,-0.344,-0.29,-0.238,-0.069,0.07,0.116,0.161,0.186
2019-08-16,-0.239,-0.279,-0.293,-0.319,-0.326,-0.347,-0.351,-0.339,-0.288,-0.236,-0.059,0.085,0.139,0.186,0.216
2019-08-19,-0.247,-0.285,-0.299,-0.323,-0.33,-0.347,-0.35,-0.339,-0.284,-0.231,-0.047,0.101,0.156,0.206,0.241
2019-08-20,-0.253,-0.295,-0.31,-0.334,-0.34,-0.356,-0.356,-0.344,-0.29,-0.236,-0.053,0.096,0.15,0.2,0.231
2019-08-21,-0.265,-0.305,-0.315,-0.339,-0.346,-0.361,-0.358,-0.349,-0.294,-0.241,-0.058,0.086,0.139,0.186,0.216
2019-08-22,-0.27,-0.313,-0.319,-0.343,-0.345,-0.363,-0.363,-0.354,-0.299,-0.241,-0.058,0.091,0.145,0.196,0.226
2019-08-23,-0.267,-0.301,-0.309,-0.333,-0.335,-0.352,-0.353,-0.347,-0.294,-0.235,-0.047,0.104,0.161,0.211,0.241
2019-08-26,-0.291,-0.323,-0.339,-0.362,-0.366,-0.383,-0.393,-0.388,-0.335,-0.276,-0.091,0.06,0.116,0.162,0.191
2019-08-27,-0.273,-0.303,-0.323,-0.348,-0.35,-0.368,-0.377,-0.373,-0.321,-0.265,-0.08,0.07,0.121,0.166,0.191
2019-08-28,-0.274,-0.304,-0.324,-0.348,-0.351,-0.371,-0.381,-0.378,-0.328,-0.271,-0.082,0.069,0.12,0.163,0.189
2019-08-29,-0.277,-0.317,-0.333,-0.358,-0.368,-0.387,-0.394,-0.393,-0.343,-0.286,-0.101,0.049,0.099,0.14,0.161
2019-08-30,-0.268,-0.307,-0.326,-0.353,-0.362,-0.378,-0.385,-0.383,-0.333,-0.275,-0.095,0.05,0.104,0.146,0.166
2019-09-02,-0.26,-0.299,-0.322,-0.347,-0.36,-0.374,-0.379,-0.377,-0.323,-0.266,-0.088,0.06,0.11,0.151,0.171
2019-09-03,-0.251,-0.295,-0.319,-0.343,-0.352,-0.38,-0.384,-0.383,-0.333,-0.274,-0.1,0.039,0.086,0.12,0.141
2019-09-04,-0.262,-0.305,-0.329,-0.352,-0.361,-0.387,-0.39,-0.388,-0.343,-0.286,-0.105,0.034,0.075,0.115,0.131
2019-09-05,-0.263,-0.296,-0.314,-0.338,-0.348,-0.369,-0.37,-0.372,-0.328,-0.269,-0.083,0.059,0.102,0.136,0.155
2019-09-06,-0.274,-0.302,-0.318,-0.338,-0.347,-0.361,-0.36,-0.351,-0.302,-0.243,-0.045,0.107,0.167,0.206,0.237
2019-09-09,-0.287,-0.319,-0.335,-0.349,-0.354,-0.372,-0.37,-0.364,-0.312,-0.253,-0.05,0.107,0.175,0.223,0.258
2019-09-10,-0.268,-0.294,-0.312,-0.327,-0.324,-0.342,-0.34,-0.336,-0.281,-0.221,-0.016,0.153,0.224,0.28,0.316
2019-09-11,-0.259,-0.279,-0.294,-0.301,-0.302,-0.315,-0.314,-0.31,-0.259,-0.201,0.004,0.163,0.235,0.29,0.325
2019-09-12,-0.27,-0.285,-0.297,-0.308,-0.312,-0.326,-0.324,-0.315,-0.265,-0.207,-0.001,0.161,0.234,0.295,0.33
2019-09-13,-0.237,-0.251,-0.259,-0.262,-0.264,-0.274,-0.268,-0.258,-0.209,-0.15,0.048,0.206,0.279,0.341,0.377
2019-09-17,-0.24,-0.248,-0.261,-0.26,-0.265,-0.275,-0.267,-0.258,-0.203,-0.145,0.054,0.216,0.286,0.352,0.389
2019-09-18,-0.251,-0.269,-0.284,-0.292,-0.296,-0.311,-0.304,-0.294,-0.234,-0.178,0.027,0.196,0.263,0.333,0.371
2019-09-19,-0.277,-0.305,-0.321,-0.332,-0.342,-0.351,-0.344,-0.337,-0.283,-0.22,-0.006,0.172,0.24,0.32,0.36
2019-09-20,-0.288,-0.31,-0.324,-0.337,-0.345,-0.35,-0.339,-0.333,-0.274,-0.209,0.011,0.193,0.269,0.355,0.403
2019-09-24,-0.292,-0.324,-0.346,-0.358,-0.365,-0.372,-0.364,-0.361,-0.299,-0.231,0.001,0.188,0.263,0.349,0.403
2019-09-25,-0.313,-0.346,-0.369,-0.382,-0.389,-0.398,-0.395,-0.381,-0.319,-0.246,-0.01,0.185,0.274,0.36,0.429
2019-09-26,-0.304,-0.331,-0.36,-0.37,-0.377,-0.388,-0.384,-0.37,-0.309,-0.236,-0.004,0.179,0.258,0.342,0.406
2019-09-27,-0.305,-0.321,-0.357,-0.361,-0.368,-0.383,-0.379,-0.364,-0.303,-0.224,-0.001,0.175,0.249,0.326,0.389
2019-09-30,-0.299,-0.323,-0.355,-0.361,-0.363,-0.367,-0.364,-0.349,-0.287,-0.206,0.023,0.204,0.285,0.361,0.429
2019-10-01,-0.279,-0.294,-0.306,-0.299,-0.299,-0.298,-0.287,-0.277,-0.215,-0.139,0.092,0.253,0.341,0.406,0.485
2019-10-02,-0.299,-0.309,-0.326,-0.33,-0.333,-0.337,-0.329,-0.312,-0.251,-0.169,0.062,0.233,0.324,0.391,0.467
2019-10-03,-0.31,-0.325,-0.347,-0.355,-0.36,-0.365,-0.36,-0.343,-0.276,-0.194,0.029,0.197,0.28,0.356,0.42
2019-10-04,-0.311,-0.335,-0.357,-0.37,-0.376,-0.383,-0.375,-0.359,-0.296,-0.215,0.013,0.187,0.269,0.353,0.415
2019-10-07,-0.313,-0.338,-0.362,-0.379,-0.385,-0.394,-0.385,-0.369,-0.31,-0.23,0.002,0.183,0.271,0.357,0.422
2019-10-08,-0.295,-0.323,-0.342,-0.357,-0.364,-0.368,-0.36,-0.346,-0.285,-0.203,0.029,0.208,0.292,0.377,0.438
2019-10-09,-0.296,-0.324,-0.342,-0.357,-0.365,-0.373,-0.364,-0.353,-0.29,-0.208,0.03,0.208,0.292,0.377,0.443
2019-10-10,-0.295,-0.315,-0.33,-0.346,-0.354,-0.368,-0.362,-0.352,-0.291,-0.214,0.024,0.198,0.281,0.362,0.413
2019-10-11,-0.286,-0.295,-0.306,-0.311,-0.319,-0.332,-0.325,-0.317,-0.256,-0.183,0.046,0.218,0.306,0.386,0.437
2019-10-15,-0.272,-0.281,-0.291,-0.297,-0.304,-0.317,-0.309,-0.301,-0.244,-0.171,0.052,0.219,0.304,0.386,0.437
2019-10-16,-0.264,-0.267,-0.282,-0.285,-0.291,-0.306,-0.299,-0.291,-0.233,-0.162,0.057,0.224,0.309,0.386,0.439
2019-10-17,-0.25,-0.254,-0.272,-0.28,-0.281,-0.302,-0.294,-0.286,-0.228,-0.157,0.063,0.229,0.312,0.386,0.439
2019-10-18,-0.241,-0.244,-0.262,-0.271,-0.271,-0.291,-0.289,-0.28,-0.222,-0.151,0.074,0.239,0.324,0.401,0.452
2019-10-21,-0.243,-0.245,-0.261,-0.27,-0.272,-0.28,-0.278,-0.265,-0.205,-0.136,0.09,0.259,0.346,0.415,0.461
2019-10-23,-0.244,-0.252,-0.267,-0.276,-0.276,-0.286,-0.284,-0.27,-0.21,-0.138,0.085,0.26,0.341,0.411,0.452
2019-10-24,-0.242,-0.256,-0.272,-0.281,-0.283,-0.291,-0.29,-0.275,-0.217,-0.145,0.077,0.244,0.319,0.389,0.428
2019-10-25,-0.225,-0.243,-0.256,-0.265,-0.271,-0.282,-0.279,-0.269,-0.211,-0.145,0.079,0.249,0.324,0.392,0.426
2019-10-28,-0.207,-0.219,-0.242,-0.25,-0.258,-0.266,-0.263,-0.254,-0.196,-0.129,0.091,0.254,0.33,0.396,0.429
2019-10-29,-0.198,-0.208,-0.226,-0.235,-0.242,-0.248,-0.242,-0.234,-0.174,-0.108,0.112,0.274,0.352,0.419,0.455
2019-10-30,-0.199,-0.218,-0.235,-0.241,-0.247,-0.259,-0.252,-0.243,-0.183,-0.12,0.097,0.254,0.335,0.41,0.448
2019-10-31,-0.219,-0.239,-0.257,-0.26,-0.267,-0.279,-0.272,-0.263,-0.205,-0.139,0.075,0.229,0.308,0.386,0.427
2019-11-01,-0.239,-0.274,-0.292,-0.304,-0.313,-0.32,-0.314,-0.301,-0.246,-0.179,0.032,0.194,0.264,0.343,0.379
2019-11-05,-0.223,-0.241,-0.257,-0.267,-0.271,-0.275,-0.268,-0.253,-0.2,-0.133,0.081,0.23,0.302,0.373,0.404
2019-11-06,-0.173,-0.192,-0.203,-0.211,-0.217,-0.215,-0.206,-0.194,-0.143,-0.083,0.124,0.264,0.337,0.401,0.426
2019-11-07,-0.173,-0.192,-0.203,-0.209,-0.212,-0.215,-0.204,-0.189,-0.143,-0.083,0.119,0.268,0.344,0.406,0.434
2019-11-08,-0.174,-0.177,-0.185,-0.19,-0.185,-0.189,-0.179,-0.159,-0.112,-0.058,0.147,0.299,0.382,0.444,0.474
2019-11-11,-0.186,-0.194,-0.199,-0.2,-0.196,-0.199,-0.189,-0.169,-0.117,-0.062,0.141,0.297,0.382,0.448,0.484
2019-11-12,-0.177,-0.174,-0.171,-0.169,-0.165,-0.165,-0.153,-0.133,-0.087,-0.032,0.167,0.322,0.409,0.476,0.508
2019-11-13,-0.188,-0.195,-0.186,-0.184,-0.181,-0.182,-0.168,-0.146,-0.097,-0.043,0.157,0.316,0.398,0.467,0.501
2019-11-14,-0.198,-0.205,-0.2,-0.199,-0.196,-0.202,-0.197,-0.175,-0.127,-0.067,0.13,0.297,0.371,0.443,0.48
2019-11-15,-0.199,-0.2,-0.193,-0.192,-0.188,-0.193,-0.191,-0.17,-0.125,-0.066,0.135,0.302,0.377,0.451,0.487
2019-11-18,-0.206,-0.206,-0.21,-0.204,-0.2,-0.208,-0.207,-0.185,-0.14,-0.082,0.12,0.287,0.361,0.439,0.48
2019-11-19,-0.212,-0.208,-0.216,-0.209,-0.212,-0.217,-0.211,-0.195,-0.146,-0.087,0.115,0.283,0.355,0.429,0.466
2019-11-20,-0.213,-0.214,-0.223,-0.219,-0.222,-0.232,-0.226,-0.21,-0.164,-0.106,0.094,0.259,0.334,0.41,0.452
2019-11-21,-0.193,-0.199,-0.214,-0.21,-0.212,-0.222,-0.222,-0.205,-0.165,-0.107,0.084,0.245,0.314,0.392,0.427
2019-11-22,-0.187,-0.191,-0.2,-0.195,-0.192,-0.201,-0.196,-0.18,-0.136,-0.077,0.121,0.278,0.351,0.425,0.46
2019-11-25,-0.185,-0.191,-0.2,-0.198,-0.196,-0.206,-0.202,-0.184,-0.14,-0.081,0.121,0.279,0.357,0.433,0.474
2019-11-26,-0.178,-0.194,-0.203,-0.204,-0.201,-0.213,-0.212,-0.194,-0.148,-0.092,0.105,0.259,0.335,0.411,0.448
2019-11-27,-0.179,-0.2,-0.216,-0.216,-0.219,-0.233,-0.235,-0.215,-0.165,-0.106,0.08,0.235,0.308,0.387,0.422
2019-11-28,-0.159,-0.179,-0.195,-0.19,-0.193,-0.21,-0.211,-0.194,-0.144,-0.086,0.1,0.254,0.325,0.401,0.444
2019-11-29,-0.158,-0.179,-0.209,-0.189,-0.187,-0.202,-0.2,-0.183,-0.133,-0.075,0.105,0.255,0.324,0.406,0.453
2019-12-02,-0.16,-0.17,-0.196,-0.172,-0.159,-0.167,-0.161,-0.147,-0.097,-0.039,0.143,0.277,0.35,0.425,0.465
2019-12-03,-0.15,-0.156,-0.18,-0.15,-0.135,-0.146,-0.14,-0.121,-0.072,-0.014,0.159,0.295,0.368,0.439,0.477
2019-12-04,-0.151,-0.156,-0.187,-0.157,-0.151,-0.166,-0.161,-0.138,-0.087,-0.029,0.14,0.275,0.351,0.429,0.466
2019-12-05,-0.152,-0.152,-0.191,-0.16,-0.158,-0.171,-0.166,-0.145,-0.093,-0.035,0.132,0.27,0.34,0.415,0.448
2019-12-06,-0.143,-0.132,-0.165,-0.136,-0.121,-0.136,-0.132,-0.113,-0.062,-0.009,0.159,0.293,0.362,0.434,0.466
2019-12-09,-0.135,-0.117,-0.151,-0.121,-0.105,-0.115,-0.115,-0.095,-0.052,0.001,0.166,0.298,0.367,0.44,0.471
2019-12-10,-0.133,-0.118,-0.144,-0.121,-0.111,-0.126,-0.127,-0.105,-0.062,-0.016,0.149,0.283,0.351,0.421,0.449
2019-12-11,-0.126,-0.108,-0.138,-0.109,-0.1,-0.105,-0.1,-0.081,-0.036,0.004,0.171,0.297,0.362,0.43,0.462
2019-12-12,-0.137,-0.129,-0.164,-0.141,-0.128,-0.137,-0.125,-0.109,-0.062,-0.015,0.16,0.294,0.357,0.43,0.458
2019-12-13,-0.137,-0.13,-0.165,-0.141,-0.131,-0.135,-0.12,-0.104,-0.061,-0.014,0.16,0.293,0.351,0.425,0.453
2019-12-16,-0.145,-0.137,-0.165,-0.139,-0.131,-0.136,-0.122,-0.11,-0.065,-0.019,0.155,0.283,0.339,0.406,0.435
2019-12-17,-0.14,-0.125,-0.146,-0.122,-0.11,-0.116,-0.105,-0.094,-0.05,-0.004,0.17,0.286,0.346,0.407,0.427
2019-12-18,-0.136,-0.127,-0.142,-0.124,-0.11,-0.118,-0.11,-0.1,-0.055,-0.009,0.166,0.287,0.352,0.412,0.434
2019-12-19,-0.131,-0.113,-0.119,-0.105,-0.097,-0.1,-0.095,-0.086,-0.045,0,0.171,0.293,0.352,0.412,0.435
2019-12-20,-0.121,-0.103,-0.103,-0.09,-0.08,-0.086,-0.075,-0.065,-0.024,0.014,0.187,0.312,0.373,0.439,0.466
2019-12-23,-0.121,-0.098,-0.104,-0.095,-0.084,-0.089,-0.08,-0.064,-0.024,0.008,0.182,0.313,0.373,0.442,0.467
2019-12-24,-0.111,-0.097,-0.104,-0.1,-0.091,-0.093,-0.084,-0.068,-0.024,0.008,0.187,0.317,0.384,0.452,0.476
2019-12-25,-0.118,-0.113,-0.118,-0.12,-0.111,-0.121,-0.109,-0.094,-0.049,-0.011,0.161,0.293,0.362,0.432,0.453
2019-12-26,-0.128,-0.119,-0.124,-0.125,-0.12,-0.126,-0.11,-0.094,-0.049,-0.012,0.161,0.298,0.368,0.437,0.46
2019-12-27,-0.128,-0.124,-0.128,-0.125,-0.12,-0.121,-0.105,-0.089,-0.044,-0.007,0.158,0.293,0.363,0.426,0.449
2019-12-30,-0.129,-0.134,-0.139,-0.133,-0.13,-0.13,-0.115,-0.099,-0.053,-0.015,0.141,0.279,0.346,0.41,0.436
2020-01-06,-0.124,-0.136,-0.145,-0.144,-0.14,-0.144,-0.129,-0.109,-0.063,-0.025,0.131,0.27,0.336,0.401,0.426
2020-01-07,-0.113,-0.121,-0.124,-0.124,-0.115,-0.119,-0.11,-0.089,-0.048,-0.008,0.158,0.295,0.364,0.43,0.458
2020-01-08,-0.114,-0.127,-0.131,-0.13,-0.117,-0.124,-0.114,-0.093,-0.053,-0.013,0.142,0.28,0.348,0.416,0.449
2020-01-09,-0.115,-0.132,-0.134,-0.127,-0.116,-0.119,-0.104,-0.083,-0.043,-0.003,0.153,0.29,0.359,0.429,0.471
2020-01-10,-0.118,-0.137,-0.137,-0.129,-0.109,-0.11,-0.099,-0.078,-0.037,-0.003,0.158,0.296,0.364,0.438,0.48
2020-01-14,-0.118,-0.129,-0.123,-0.108,-0.087,-0.088,-0.079,-0.057,-0.017,0.012,0.174,0.31,0.375,0.448,0.485
2020-01-15,-0.119,-0.124,-0.124,-0.108,-0.09,-0.099,-0.089,-0.067,-0.027,0.008,0.174,0.309,0.379,0.448,0.486
2020-01-16,-0.124,-0.128,-0.127,-0.113,-0.094,-0.099,-0.089,-0.067,-0.027,0.008,0.174,0.315,0.386,0.453,0.489
2020-01-17,-0.13,-0.135,-0.132,-0.119,-0.104,-0.109,-0.098,-0.077,-0.037,-0.002,0.164,0.308,0.383,0.453,0.489
2020-01-20,-0.122,-0.126,-0.128,-0.114,-0.098,-0.101,-0.089,-0.067,-0.026,0.008,0.175,0.321,0.397,0.467,0.502
2020-01-21,-0.123,-0.126,-0.135,-0.125,-0.109,-0.119,-0.108,-0.082,-0.041,-0.007,0.154,0.292,0.365,0.439,0.476
2020-01-22,-0.123,-0.121,-0.131,-0.125,-0.109,-0.118,-0.108,-0.077,-0.036,-0.002,0.154,0.297,0.37,0.439,0.475
2020-01-23,-0.134,-0.132,-0.143,-0.14,-0.125,-0.136,-0.129,-0.102,-0.059,-0.023,0.133,0.272,0.343,0.411,0.449
2020-01-24,-0.135,-0.133,-0.141,-0.14,-0.125,-0.135,-0.125,-0.102,-0.061,-0.022,0.133,0.267,0.338,0.406,0.444
2020-01-27,-0.137,-0.144,-0.158,-0.157,-0.144,-0.156,-0.149,-0.121,-0.081,-0.047,0.107,0.238,0.305,0.373,0.405
2020-01-28,-0.129,-0.136,-0.148,-0.148,-0.134,-0.145,-0.144,-0.116,-0.076,-0.037,0.118,0.243,0.311,0.377,0.409
2020-01-29,-0.138,-0.134,-0.148,-0.15,-0.134,-0.146,-0.144,-0.116,-0.076,-0.037,0.113,0.238,0.304,0.373,0.4
2020-01-30,-0.149,-0.149,-0.167,-0.17,-0.154,-0.166,-0.163,-0.136,-0.096,-0.056,0.097,0.228,0.292,0.358,0.386
2020-01-31,-0.14,-0.159,-0.18,-0.18,-0.167,-0.176,-0.173,-0.146,-0.1,-0.061,0.1,0.233,0.303,0.368,0.395
2020-02-03,-0.141,-0.165,-0.184,-0.185,-0.175,-0.182,-0.178,-0.151,-0.106,-0.06,0.11,0.243,0.315,0.383,0.414
2020-02-04,-0.142,-0.15,-0.177,-0.176,-0.159,-0.17,-0.169,-0.141,-0.095,-0.049,0.121,0.253,0.325,0.393,0.422
2020-02-05,-0.142,-0.141,-0.165,-0.16,-0.145,-0.156,-0.154,-0.125,-0.08,-0.033,0.137,0.268,0.342,0.417,0.445
2020-02-06,-0.143,-0.131,-0.154,-0.146,-0.125,-0.136,-0.128,-0.1,-0.059,-0.014,0.153,0.277,0.349,0.421,0.449
2020-02-07,-0.154,-0.147,-0.164,-0.157,-0.141,-0.153,-0.148,-0.12,-0.08,-0.035,0.127,0.253,0.325,0.392,0.422
2020-02-10,-0.156,-0.158,-0.173,-0.172,-0.156,-0.166,-0.166,-0.14,-0.095,-0.055,0.111,0.233,0.303,0.368,0.4
2020-02-12,-0.157,-0.153,-0.163,-0.157,-0.142,-0.152,-0.148,-0.123,-0.079,-0.04,0.127,0.248,0.32,0.378,0.408
2020-02-13,-0.158,-0.154,-0.162,-0.153,-0.136,-0.147,-0.143,-0.119,-0.074,-0.029,0.137,0.258,0.33,0.387,0.418
2020-02-14,-0.149,-0.144,-0.154,-0.151,-0.132,-0.142,-0.137,-0.114,-0.068,-0.03,0.141,0.258,0.33,0.387,0.418
2020-02-17,-0.146,-0.147,-0.154,-0.151,-0.137,-0.148,-0.146,-0.124,-0.075,-0.034,0.127,0.243,0.308,0.372,0.4
2020-02-18,-0.151,-0.151,-0.165,-0.163,-0.152,-0.166,-0.166,-0.139,-0.095,-0.049,0.111,0.228,0.288,0.354,0.382
2020-02-19,-0.152,-0.156,-0.165,-0.161,-0.152,-0.162,-0.156,-0.134,-0.089,-0.043,0.117,0.238,0.301,0.368,0.395
2020-02-20,-0.147,-0.153,-0.158,-0.156,-0.148,-0.157,-0.15,-0.128,-0.079,-0.039,0.119,0.238,0.302,0.358,0.386
2020-02-21,-0.157,-0.165,-0.173,-0.172,-0.167,-0.177,-0.175,-0.154,-0.105,-0.06,0.104,0.224,0.285,0.343,0.372
2020-02-25,-0.186,-0.201,-0.214,-0.216,-0.218,-0.226,-0.227,-0.199,-0.149,-0.098,0.078,0.209,0.269,0.334,0.363
2020-02-26,-0.187,-0.201,-0.209,-0.209,-0.204,-0.217,-0.216,-0.189,-0.14,-0.088,0.091,0.22,0.285,0.344,0.373
2020-02-27,-0.197,-0.21,-0.219,-0.221,-0.219,-0.236,-0.246,-0.215,-0.16,-0.102,0.08,0.215,0.283,0.349,0.377
2020-02-28,-0.218,-0.258,-0.278,-0.27,-0.268,-0.282,-0.283,-0.255,-0.204,-0.153,0.026,0.157,0.226,0.286,0.315
2020-03-02,-0.22,-0.264,-0.275,-0.266,-0.257,-0.267,-0.264,-0.239,-0.185,-0.133,0.042,0.156,0.226,0.284,0.309
2020-03-03,-0.211,-0.25,-0.26,-0.251,-0.239,-0.256,-0.253,-0.225,-0.164,-0.106,0.08,0.191,0.259,0.319,0.35
2020-03-04,-0.242,-0.28,-0.289,-0.283,-0.273,-0.292,-0.293,-0.263,-0.195,-0.136,0.059,0.178,0.246,0.313,0.34
2020-03-05,-0.233,-0.251,-0.26,-0.25,-0.239,-0.261,-0.267,-0.239,-0.17,-0.104,0.096,0.216,0.291,0.349,0.375
2020-03-06,-0.264,-0.287,-0.296,-0.286,-0.281,-0.318,-0.332,-0.291,-0.206,-0.128,0.064,0.185,0.258,0.314,0.34
2020-03-09,-0.297,-0.314,-0.323,-0.316,-0.315,-0.37,-0.395,-0.353,-0.242,-0.141,0.043,0.149,0.214,0.261,0.286
2020-03-10,-0.248,-0.248,-0.236,-0.222,-0.216,-0.286,-0.311,-0.266,-0.139,-0.033,0.147,0.22,0.276,0.305,0.323
2020-03-11,-0.236,-0.234,-0.236,-0.227,-0.227,-0.297,-0.329,-0.291,-0.165,-0.057,0.139,0.215,0.265,0.299,0.312
2020-03-12,-0.234,-0.225,-0.223,-0.212,-0.208,-0.251,-0.256,-0.264,-0.144,-0.046,0.171,0.245,0.286,0.309,0.316
2020-03-13,-0.225,-0.205,-0.2,-0.161,-0.134,-0.171,-0.181,-0.181,-0.077,0.007,0.252,0.29,0.328,0.325,0.318
2020-03-16,-0.229,-0.195,-0.195,-0.151,-0.11,-0.145,-0.155,-0.15,-0.056,0.024,0.276,0.294,0.337,0.342,0.335
2020-03-17,-0.24,-0.191,-0.198,-0.141,-0.108,-0.14,-0.14,-0.131,-0.052,0.02,0.239,0.278,0.33,0.358,0.355
2020-03-18,-0.221,-0.165,-0.162,-0.104,-0.075,-0.086,-0.075,-0.065,-0.005,0.064,0.26,0.302,0.364,0.405,0.408
2020-03-19,-0.226,-0.165,-0.143,-0.08,-0.049,-0.04,-0.003,0.031,0.051,0.104,0.299,0.332,0.399,0.437,0.44
2020-03-23,-0.247,-0.21,-0.173,-0.105,-0.069,-0.07,-0.038,0.001,0.028,0.078,0.276,0.318,0.39,0.434,0.443
2020-03-24,-0.255,-0.23,-0.196,-0.135,-0.11,-0.115,-0.099,-0.056,-0.004,0.049,0.261,0.313,0.382,0.429,0.445
2020-03-25,-0.245,-0.241,-0.186,-0.122,-0.099,-0.1,-0.094,-0.059,-0.005,0.048,0.261,0.3,0.368,0.415,0.441
2020-03-26,-0.246,-0.241,-0.186,-0.125,-0.111,-0.122,-0.141,-0.106,-0.043,0.019,0.251,0.298,0.368,0.419,0.452
2020-03-27,-0.189,-0.177,-0.157,-0.113,-0.101,-0.108,-0.12,-0.092,-0.033,0.024,0.261,0.298,0.368,0.419,0.45
2020-03-30,-0.179,-0.174,-0.164,-0.128,-0.123,-0.134,-0.152,-0.116,-0.048,0.021,0.256,0.293,0.358,0.396,0.423
2020-03-31,-0.15,-0.13,-0.148,-0.119,-0.115,-0.125,-0.141,-0.105,-0.038,0.031,0.267,0.314,0.377,0.418,0.438
2020-04-01,-0.15,-0.14,-0.162,-0.131,-0.125,-0.139,-0.152,-0.116,-0.048,0.018,0.232,0.294,0.363,0.41,0.433
2020-04-02,-0.14,-0.135,-0.165,-0.133,-0.129,-0.144,-0.155,-0.129,-0.06,-0.002,0.204,0.272,0.342,0.39,0.41
2020-04-03,-0.141,-0.14,-0.162,-0.123,-0.122,-0.144,-0.15,-0.134,-0.068,-0.011,0.204,0.278,0.346,0.391,0.409
2020-04-06,-0.143,-0.131,-0.152,-0.11,-0.102,-0.116,-0.114,-0.099,-0.042,0.003,0.219,0.298,0.368,0.42,0.427
2020-04-07,-0.152,-0.132,-0.152,-0.112,-0.104,-0.119,-0.119,-0.097,-0.042,0.004,0.225,0.313,0.385,0.443,0.457
2020-04-08,-0.154,-0.132,-0.149,-0.107,-0.099,-0.115,-0.114,-0.085,-0.027,0.013,0.236,0.318,0.389,0.438,0.454
2020-04-09,-0.157,-0.147,-0.156,-0.118,-0.104,-0.12,-0.114,-0.088,-0.031,0.012,0.248,0.333,0.405,0.447,0.47
2020-04-10,-0.178,-0.177,-0.184,-0.144,-0.13,-0.14,-0.13,-0.104,-0.046,-0.001,0.236,0.324,0.4,0.438,0.463
2020-04-13,-0.178,-0.18,-0.184,-0.144,-0.124,-0.135,-0.118,-0.092,-0.036,0.004,0.241,0.33,0.406,0.443,0.467
2020-04-14,-0.178,-0.17,-0.174,-0.132,-0.111,-0.125,-0.114,-0.086,-0.027,0.013,0.251,0.343,0.417,0.452,0.476
2020-04-15,-0.169,-0.16,-0.162,-0.121,-0.101,-0.115,-0.104,-0.077,-0.02,0.019,0.257,0.347,0.417,0.457,0.481
2020-04-16,-0.169,-0.16,-0.169,-0.133,-0.115,-0.131,-0.125,-0.095,-0.035,0.003,0.247,0.342,0.417,0.461,0.48
2020-04-17,-0.155,-0.146,-0.153,-0.121,-0.105,-0.12,-0.112,-0.085,-0.025,0.013,0.262,0.361,0.444,0.489,0.509
2020-04-20,-0.152,-0.135,-0.148,-0.115,-0.1,-0.117,-0.113,-0.084,-0.024,0.014,0.257,0.356,0.433,0.476,0.49
2020-04-21,-0.146,-0.133,-0.147,-0.115,-0.099,-0.109,-0.108,-0.081,-0.021,0.018,0.247,0.343,0.423,0.466,0.486
2020-04-22,-0.153,-0.142,-0.158,-0.134,-0.122,-0.135,-0.132,-0.104,-0.047,-0.006,0.21,0.317,0.389,0.433,0.455
2020-04-23,-0.161,-0.148,-0.165,-0.144,-0.129,-0.135,-0.131,-0.104,-0.046,-0.006,0.205,0.308,0.373,0.414,0.428
2020-04-24,-0.182,-0.168,-0.186,-0.168,-0.154,-0.16,-0.156,-0.127,-0.068,-0.02,0.2,0.307,0.378,0.417,0.432
2020-04-27,-0.187,-0.174,-0.191,-0.181,-0.164,-0.17,-0.165,-0.14,-0.083,-0.034,0.195,0.314,0.39,0.429,0.444
2020-04-28,-0.196,-0.179,-0.194,-0.187,-0.17,-0.175,-0.171,-0.146,-0.088,-0.045,0.179,0.294,0.369,0.415,0.433
2020-04-30,-0.188,-0.184,-0.19,-0.182,-0.16,-0.171,-0.166,-0.142,-0.084,-0.036,0.184,0.304,0.379,0.423,0.441
2020-05-01,-0.18,-0.164,-0.174,-0.167,-0.144,-0.15,-0.15,-0.126,-0.073,-0.024,0.19,0.314,0.385,0.429,0.445
2020-05-07,-0.174,-0.152,-0.158,-0.15,-0.124,-0.124,-0.121,-0.095,-0.046,0.002,0.211,0.334,0.407,0.448,0.462
2020-05-08,-0.176,-0.172,-0.173,-0.162,-0.133,-0.135,-0.126,-0.1,-0.051,0.002,0.214,0.339,0.412,0.454,0.467
2020-05-11,-0.176,-0.173,-0.171,-0.15,-0.117,-0.12,-0.11,-0.084,-0.036,0.013,0.227,0.344,0.427,0.471,0.48
2020-05-12,-0.177,-0.169,-0.171,-0.152,-0.121,-0.125,-0.12,-0.095,-0.047,-0.003,0.206,0.329,0.409,0.452,0.467
2020-05-13,-0.178,-0.169,-0.166,-0.148,-0.117,-0.12,-0.115,-0.089,-0.044,0.003,0.212,0.334,0.413,0.457,0.472
2020-05-14,-0.178,-0.17,-0.166,-0.147,-0.118,-0.124,-0.12,-0.093,-0.044,-0.003,0.207,0.334,0.411,0.452,0.471
2020-05-15,-0.173,-0.169,-0.167,-0.147,-0.118,-0.126,-0.12,-0.095,-0.045,0.001,0.217,0.347,0.429,0.471,0.494
2020-05-18,-0.181,-0.176,-0.178,-0.161,-0.136,-0.141,-0.136,-0.109,-0.055,-0.007,0.212,0.345,0.424,0.466,0.49
2020-05-19,-0.171,-0.161,-0.165,-0.146,-0.123,-0.123,-0.115,-0.088,-0.039,0.008,0.222,0.35,0.429,0.471,0.494
2020-05-20,-0.172,-0.166,-0.165,-0.146,-0.123,-0.125,-0.115,-0.088,-0.038,0.009,0.217,0.335,0.418,0.456,0.481
2020-05-21,-0.179,-0.176,-0.179,-0.156,-0.133,-0.136,-0.125,-0.098,-0.046,0.004,0.211,0.319,0.402,0.437,0.462
2020-05-22,-0.19,-0.181,-0.188,-0.166,-0.143,-0.146,-0.135,-0.109,-0.052,-0.001,0.207,0.32,0.407,0.442,0.465
2020-05-25,-0.183,-0.172,-0.18,-0.156,-0.131,-0.135,-0.125,-0.098,-0.044,0.01,0.223,0.345,0.433,0.47,0.49
2020-05-26,-0.174,-0.162,-0.173,-0.153,-0.131,-0.135,-0.125,-0.098,-0.044,0.01,0.223,0.345,0.434,0.475,0.506
2020-05-27,-0.157,-0.155,-0.164,-0.146,-0.128,-0.13,-0.12,-0.093,-0.042,0.007,0.218,0.333,0.423,0.465,0.499
2020-05-28,-0.167,-0.169,-0.177,-0.154,-0.133,-0.132,-0.121,-0.093,-0.042,0.005,0.218,0.335,0.424,0.475,0.511
2020-05-29,-0.158,-0.164,-0.171,-0.147,-0.128,-0.126,-0.111,-0.087,-0.037,0.009,0.229,0.354,0.44,0.495,0.529
2020-06-01,-0.17,-0.169,-0.175,-0.15,-0.131,-0.121,-0.106,-0.082,-0.031,0.014,0.229,0.355,0.442,0.509,0.547
2020-06-02,-0.17,-0.17,-0.175,-0.15,-0.131,-0.121,-0.109,-0.082,-0.031,0.013,0.229,0.36,0.445,0.509,0.551
2020-06-03,-0.171,-0.17,-0.168,-0.145,-0.12,-0.109,-0.096,-0.072,-0.021,0.018,0.234,0.366,0.45,0.509,0.547
2020-06-04,-0.172,-0.166,-0.159,-0.135,-0.104,-0.09,-0.071,-0.047,-0.001,0.034,0.255,0.386,0.472,0.532,0.569
2020-06-05,-0.162,-0.151,-0.143,-0.116,-0.083,-0.07,-0.05,-0.026,0.019,0.049,0.271,0.4,0.488,0.551,0.583
2020-06-08,-0.164,-0.152,-0.144,-0.116,-0.084,-0.075,-0.061,-0.026,0.018,0.05,0.272,0.406,0.499,0.559,0.587
2020-06-09,-0.165,-0.162,-0.154,-0.131,-0.105,-0.1,-0.091,-0.056,-0.011,0.025,0.244,0.382,0.468,0.526,0.553
2020-06-10,-0.165,-0.157,-0.15,-0.126,-0.097,-0.095,-0.085,-0.055,-0.01,0.031,0.245,0.377,0.467,0.526,0.551
2020-06-11,-0.169,-0.162,-0.154,-0.138,-0.112,-0.115,-0.106,-0.079,-0.029,0.017,0.229,0.361,0.451,0.509,0.533
2020-06-12,-0.167,-0.158,-0.154,-0.136,-0.106,-0.115,-0.106,-0.076,-0.026,0.021,0.24,0.376,0.467,0.523,0.547
2020-06-15,-0.169,-0.17,-0.158,-0.141,-0.118,-0.125,-0.12,-0.091,-0.036,0.011,0.23,0.367,0.451,0.508,0.533
2020-06-16,-0.169,-0.165,-0.152,-0.129,-0.105,-0.111,-0.098,-0.07,-0.02,0.028,0.251,0.392,0.478,0.531,0.551
2020-06-17,-0.17,-0.165,-0.155,-0.132,-0.107,-0.112,-0.101,-0.075,-0.024,0.027,0.251,0.396,0.483,0.541,0.562
2020-06-18,-0.171,-0.165,-0.159,-0.139,-0.111,-0.116,-0.105,-0.081,-0.03,0.022,0.246,0.396,0.488,0.551,0.574
2020-06-19,-0.161,-0.161,-0.152,-0.134,-0.107,-0.109,-0.101,-0.075,-0.027,0.022,0.248,0.397,0.489,0.555,0.583
2020-06-22,-0.163,-0.162,-0.153,-0.135,-0.11,-0.114,-0.105,-0.079,-0.03,0.02,0.247,0.392,0.483,0.555,0.583
2020-06-23,-0.164,-0.157,-0.153,-0.137,-0.11,-0.12,-0.109,-0.084,-0.03,0.02,0.247,0.397,0.489,0.56,0.592
2020-06-24,-0.165,-0.152,-0.15,-0.135,-0.103,-0.115,-0.105,-0.079,-0.024,0.025,0.247,0.397,0.494,0.569,0.606
2020-06-25,-0.173,-0.145,-0.144,-0.13,-0.102,-0.113,-0.104,-0.074,-0.024,0.025,0.246,0.396,0.489,0.567,0.604
2020-06-26,-0.176,-0.142,-0.144,-0.133,-0.106,-0.12,-0.109,-0.079,-0.029,0.02,0.241,0.398,0.494,0.574,0.604
2020-06-29,-0.18,-0.148,-0.144,-0.133,-0.107,-0.12,-0.11,-0.079,-0.024,0.025,0.242,0.402,0.494,0.574,0.605
2020-06-30,-0.18,-0.14,-0.144,-0.128,-0.102,-0.11,-0.094,-0.064,-0.008,0.042,0.266,0.417,0.51,0.589,0.618
2020-07-01,-0.18,-0.145,-0.145,-0.123,-0.091,-0.095,-0.074,-0.043,0.012,0.062,0.29,0.443,0.536,0.616,0.649
2020-07-02,-0.18,-0.14,-0.145,-0.123,-0.088,-0.089,-0.074,-0.043,0.002,0.042,0.284,0.448,0.547,0.628,0.663
2020-07-03,-0.181,-0.145,-0.149,-0.128,-0.099,-0.101,-0.094,-0.064,-0.018,0.022,0.258,0.425,0.521,0.606,0.642
2020-07-06,-0.171,-0.137,-0.142,-0.121,-0.088,-0.084,-0.074,-0.046,-0.003,0.043,0.279,0.447,0.536,0.615,0.646
2020-07-07,-0.172,-0.132,-0.143,-0.123,-0.09,-0.089,-0.084,-0.053,-0.008,0.036,0.274,0.441,0.537,0.61,0.631
2020-07-08,-0.173,-0.133,-0.149,-0.129,-0.095,-0.1,-0.099,-0.067,-0.023,0.018,0.243,0.403,0.495,0.568,0.586
2020-07-09,-0.173,-0.138,-0.154,-0.136,-0.109,-0.104,-0.104,-0.072,-0.026,0.018,0.238,0.399,0.489,0.554,0.571
2020-07-10,-0.173,-0.143,-0.158,-0.143,-0.113,-0.115,-0.114,-0.082,-0.032,0.018,0.238,0.403,0.499,0.563,0.585
2020-07-13,-0.174,-0.139,-0.149,-0.133,-0.103,-0.1,-0.099,-0.067,-0.016,0.029,0.259,0.433,0.531,0.596,0.616
2020-07-14,-0.175,-0.145,-0.155,-0.136,-0.11,-0.11,-0.109,-0.077,-0.026,0.024,0.254,0.428,0.526,0.591,0.616
2020-07-15,-0.169,-0.144,-0.155,-0.136,-0.11,-0.114,-0.109,-0.077,-0.025,0.024,0.259,0.438,0.537,0.605,0.631
2020-07-16,-0.17,-0.15,-0.163,-0.148,-0.123,-0.13,-0.124,-0.092,-0.035,0.014,0.249,0.428,0.526,0.596,0.622
2020-07-17,-0.17,-0.15,-0.162,-0.147,-0.124,-0.132,-0.128,-0.097,-0.04,0.014,0.245,0.413,0.51,0.582,0.609
2020-07-20,-0.166,-0.142,-0.154,-0.143,-0.118,-0.127,-0.125,-0.092,-0.034,0.025,0.26,0.425,0.526,0.596,0.619
2020-07-21,-0.167,-0.143,-0.154,-0.143,-0.124,-0.132,-0.134,-0.097,-0.041,0.016,0.249,0.412,0.505,0.577,0.597
2020-07-22,-0.163,-0.136,-0.155,-0.143,-0.125,-0.13,-0.129,-0.095,-0.036,0.016,0.249,0.407,0.503,0.573,0.591
2020-07-27,-0.158,-0.135,-0.149,-0.138,-0.119,-0.125,-0.122,-0.09,-0.03,0.021,0.255,0.412,0.505,0.573,0.586
2020-07-28,-0.159,-0.135,-0.149,-0.139,-0.113,-0.121,-0.118,-0.086,-0.03,0.027,0.255,0.407,0.5,0.564,0.577
2020-07-29,-0.158,-0.133,-0.15,-0.136,-0.113,-0.122,-0.122,-0.091,-0.035,0.023,0.244,0.389,0.478,0.54,0.551
2020-07-30,-0.158,-0.134,-0.149,-0.136,-0.117,-0.12,-0.12,-0.091,-0.035,0.023,0.244,0.393,0.479,0.545,0.559
2020-07-31,-0.159,-0.144,-0.161,-0.147,-0.129,-0.129,-0.127,-0.096,-0.038,0.018,0.245,0.383,0.463,0.529,0.541
2020-08-03,-0.151,-0.14,-0.149,-0.139,-0.112,-0.115,-0.113,-0.081,-0.024,0.029,0.256,0.398,0.485,0.554,0.564
2020-08-04,-0.152,-0.136,-0.149,-0.147,-0.12,-0.125,-0.124,-0.09,-0.035,0.019,0.245,0.393,0.479,0.554,0.569
2020-08-05,-0.152,-0.131,-0.15,-0.147,-0.117,-0.128,-0.127,-0.095,-0.04,0.014,0.239,0.383,0.469,0.544,0.559
2020-08-06,-0.143,-0.126,-0.14,-0.138,-0.107,-0.115,-0.112,-0.08,-0.03,0.024,0.245,0.384,0.474,0.553,0.569
2020-08-07,-0.144,-0.126,-0.133,-0.135,-0.106,-0.118,-0.118,-0.085,-0.038,0.014,0.24,0.384,0.469,0.549,0.566
2020-08-11,-0.126,-0.118,-0.123,-0.12,-0.093,-0.099,-0.092,-0.06,-0.014,0.034,0.256,0.399,0.49,0.569,0.586
2020-08-12,-0.12,-0.112,-0.118,-0.112,-0.083,-0.084,-0.075,-0.043,0.001,0.048,0.272,0.419,0.511,0.596,0.608
2020-08-13,-0.127,-0.123,-0.126,-0.118,-0.082,-0.09,-0.081,-0.049,-0.004,0.04,0.267,0.418,0.508,0.592,0.604
2020-08-14,-0.122,-0.117,-0.114,-0.107,-0.071,-0.07,-0.057,-0.029,0.011,0.054,0.283,0.437,0.532,0.615,0.631
2020-08-17,-0.12,-0.119,-0.12,-0.111,-0.076,-0.08,-0.068,-0.039,0.007,0.05,0.278,0.433,0.527,0.615,0.626
2020-08-18,-0.126,-0.124,-0.125,-0.12,-0.086,-0.09,-0.084,-0.048,0,0.044,0.273,0.428,0.522,0.615,0.626
2020-08-19,-0.127,-0.119,-0.125,-0.12,-0.086,-0.094,-0.088,-0.053,-0.01,0.034,0.268,0.418,0.511,0.602,0.617
2020-08-20,-0.122,-0.115,-0.121,-0.115,-0.087,-0.09,-0.086,-0.049,-0.008,0.034,0.278,0.428,0.522,0.606,0.617
2020-08-21,-0.123,-0.115,-0.116,-0.11,-0.08,-0.085,-0.082,-0.046,-0.003,0.039,0.283,0.433,0.527,0.615,0.631
2020-08-24,-0.125,-0.117,-0.119,-0.121,-0.091,-0.095,-0.092,-0.058,-0.012,0.03,0.268,0.414,0.511,0.601,0.613
2020-08-25,-0.118,-0.114,-0.116,-0.114,-0.086,-0.089,-0.082,-0.047,-0.004,0.038,0.268,0.409,0.501,0.587,0.599
2020-08-26,-0.116,-0.112,-0.109,-0.109,-0.079,-0.08,-0.067,-0.035,0.008,0.05,0.282,0.419,0.516,0.602,0.613
2020-08-27,-0.127,-0.115,-0.117,-0.109,-0.083,-0.081,-0.067,-0.038,0.008,0.05,0.289,0.419,0.512,0.597,0.609
2020-08-28,-0.127,-0.115,-0.11,-0.101,-0.067,-0.061,-0.041,-0.012,0.028,0.065,0.305,0.439,0.533,0.619,0.631
2020-08-31,-0.129,-0.115,-0.11,-0.101,-0.072,-0.071,-0.053,-0.021,0.018,0.056,0.291,0.425,0.517,0.606,0.617
2020-09-01,-0.13,-0.12,-0.113,-0.106,-0.076,-0.078,-0.066,-0.031,0.008,0.051,0.288,0.425,0.518,0.611,0.622
2020-09-02,-0.121,-0.12,-0.113,-0.106,-0.077,-0.083,-0.071,-0.036,0.008,0.05,0.289,0.425,0.521,0.613,0.626
2020-09-03,-0.132,-0.12,-0.12,-0.115,-0.086,-0.095,-0.081,-0.05,-0.002,0.04,0.284,0.419,0.517,0.602,0.613
2020-09-04,-0.133,-0.125,-0.123,-0.118,-0.081,-0.09,-0.075,-0.047,0.003,0.045,0.289,0.425,0.522,0.607,0.617
2020-09-07,-0.135,-0.126,-0.124,-0.12,-0.078,-0.085,-0.07,-0.036,0.008,0.051,0.295,0.433,0.53,0.619,0.631
2020-09-08,-0.136,-0.131,-0.125,-0.12,-0.085,-0.09,-0.075,-0.044,0.004,0.045,0.285,0.418,0.517,0.61,0.617
2020-09-09,-0.137,-0.131,-0.125,-0.121,-0.091,-0.095,-0.085,-0.056,-0.006,0.034,0.27,0.408,0.507,0.598,0.608
2020-09-10,-0.138,-0.132,-0.128,-0.121,-0.09,-0.09,-0.085,-0.055,-0.006,0.033,0.27,0.414,0.507,0.598,0.608
2020-09-11,-0.139,-0.142,-0.134,-0.126,-0.094,-0.095,-0.09,-0.061,-0.011,0.029,0.259,0.398,0.491,0.578,0.586
2020-09-14,-0.142,-0.143,-0.135,-0.129,-0.1,-0.1,-0.095,-0.065,-0.015,0.027,0.259,0.398,0.491,0.578,0.586
2020-09-15,-0.143,-0.143,-0.135,-0.129,-0.102,-0.106,-0.098,-0.065,-0.017,0.027,0.254,0.393,0.486,0.584,0.591
2020-09-16,-0.144,-0.143,-0.139,-0.134,-0.105,-0.106,-0.1,-0.065,-0.02,0.028,0.255,0.399,0.491,0.592,0.6
2020-09-17,-0.145,-0.144,-0.142,-0.139,-0.109,-0.111,-0.105,-0.07,-0.025,0.022,0.25,0.394,0.491,0.588,0.604
2020-09-18,-0.146,-0.144,-0.149,-0.144,-0.116,-0.116,-0.105,-0.07,-0.025,0.023,0.25,0.396,0.491,0.588,0.604
2020-09-23,-0.158,-0.148,-0.153,-0.155,-0.123,-0.129,-0.115,-0.079,-0.03,0.02,0.24,0.397,0.492,0.592,0.604
2020-09-24,-0.16,-0.148,-0.15,-0.15,-0.118,-0.124,-0.109,-0.078,-0.03,0.019,0.242,0.397,0.497,0.596,0.609
2020-09-25,-0.154,-0.156,-0.147,-0.15,-0.118,-0.124,-0.109,-0.078,-0.029,0.02,0.24,0.398,0.497,0.606,0.622
2020-09-28,-0.157,-0.145,-0.135,-0.133,-0.101,-0.11,-0.099,-0.069,-0.014,0.036,0.256,0.413,0.513,0.62,0.643
2020-09-29,-0.158,-0.144,-0.135,-0.133,-0.109,-0.115,-0.105,-0.074,-0.018,0.031,0.251,0.408,0.508,0.611,0.634
2020-09-30,-0.149,-0.14,-0.135,-0.134,-0.11,-0.115,-0.104,-0.074,-0.024,0.027,0.251,0.403,0.503,0.595,0.62
2020-10-01,-0.14,-0.13,-0.129,-0.129,-0.109,-0.11,-0.1,-0.069,-0.023,0.022,0.256,0.408,0.508,0.611,0.629
2020-10-02,-0.141,-0.14,-0.135,-0.134,-0.114,-0.115,-0.11,-0.078,-0.028,0.017,0.251,0.398,0.498,0.606,0.624
2020-10-05,-0.142,-0.136,-0.133,-0.134,-0.108,-0.109,-0.104,-0.073,-0.023,0.023,0.256,0.408,0.508,0.62,0.634
2020-10-06,-0.133,-0.126,-0.123,-0.118,-0.095,-0.094,-0.089,-0.057,-0.012,0.033,0.267,0.419,0.524,0.637,0.651
2020-10-07,-0.134,-0.126,-0.123,-0.119,-0.094,-0.089,-0.084,-0.052,-0.008,0.038,0.267,0.414,0.519,0.634,0.642
2020-10-08,-0.134,-0.132,-0.129,-0.129,-0.105,-0.094,-0.088,-0.053,-0.007,0.037,0.267,0.409,0.514,0.629,0.635
2020-10-09,-0.135,-0.127,-0.13,-0.124,-0.099,-0.093,-0.089,-0.052,-0.013,0.032,0.262,0.409,0.519,0.629,0.644
2020-10-12,-0.137,-0.138,-0.134,-0.129,-0.103,-0.099,-0.094,-0.057,-0.017,0.029,0.262,0.416,0.519,0.634,0.648
2020-10-13,-0.138,-0.144,-0.144,-0.139,-0.109,-0.099,-0.09,-0.057,-0.011,0.028,0.263,0.415,0.524,0.638,0.658
2020-10-14,-0.138,-0.139,-0.141,-0.137,-0.103,-0.099,-0.093,-0.057,-0.011,0.03,0.26,0.421,0.524,0.638,0.653
2020-10-15,-0.139,-0.145,-0.147,-0.142,-0.113,-0.11,-0.104,-0.067,-0.02,0.023,0.248,0.416,0.519,0.629,0.644
2020-10-16,-0.14,-0.145,-0.148,-0.145,-0.113,-0.115,-0.109,-0.072,-0.025,0.024,0.247,0.411,0.509,0.619,0.631
2020-10-19,-0.142,-0.141,-0.149,-0.148,-0.113,-0.114,-0.103,-0.067,-0.021,0.025,0.252,0.409,0.514,0.62,0.631
2020-10-20,-0.142,-0.141,-0.151,-0.152,-0.113,-0.117,-0.108,-0.072,-0.025,0.024,0.247,0.397,0.499,0.606,0.617
2020-10-21,-0.133,-0.131,-0.14,-0.138,-0.103,-0.104,-0.094,-0.056,-0.015,0.034,0.258,0.407,0.514,0.623,0.635
2020-10-22,-0.134,-0.137,-0.14,-0.138,-0.103,-0.102,-0.093,-0.056,-0.015,0.034,0.253,0.407,0.514,0.629,0.64
2020-10-23,-0.134,-0.131,-0.133,-0.134,-0.097,-0.092,-0.078,-0.046,-0.006,0.04,0.258,0.412,0.525,0.639,0.653
2020-10-26,-0.126,-0.133,-0.134,-0.133,-0.097,-0.1,-0.088,-0.056,-0.011,0.035,0.253,0.408,0.525,0.639,0.653
2020-10-27,-0.135,-0.13,-0.135,-0.133,-0.098,-0.105,-0.096,-0.06,-0.015,0.03,0.248,0.408,0.52,0.63,0.644
2020-10-28,-0.136,-0.13,-0.135,-0.135,-0.108,-0.11,-0.103,-0.067,-0.021,0.025,0.248,0.408,0.52,0.63,0.644
2020-10-29,-0.137,-0.13,-0.139,-0.134,-0.108,-0.108,-0.098,-0.063,-0.015,0.031,0.248,0.407,0.515,0.626,0.64
2020-10-30,-0.138,-0.125,-0.131,-0.124,-0.098,-0.098,-0.083,-0.048,0,0.041,0.264,0.417,0.525,0.64,0.656
2020-11-02,-0.13,-0.125,-0.131,-0.121,-0.092,-0.093,-0.078,-0.044,0.002,0.046,0.264,0.413,0.522,0.635,0.653
2020-11-04,-0.132,-0.121,-0.133,-0.122,-0.098,-0.1,-0.091,-0.055,-0.007,0.042,0.262,0.408,0.52,0.64,0.657
2020-11-05,-0.142,-0.136,-0.147,-0.135,-0.113,-0.115,-0.108,-0.07,-0.024,0.023,0.238,0.384,0.498,0.612,0.626
2020-11-06,-0.143,-0.146,-0.151,-0.142,-0.118,-0.12,-0.112,-0.074,-0.027,0.022,0.237,0.394,0.505,0.626,0.644
2020-11-09,-0.145,-0.147,-0.152,-0.143,-0.117,-0.12,-0.112,-0.074,-0.027,0.022,0.239,0.389,0.505,0.626,0.644
2020-11-10,-0.136,-0.143,-0.135,-0.126,-0.103,-0.099,-0.088,-0.054,-0.01,0.038,0.254,0.409,0.526,0.645,0.661
2020-11-11,-0.136,-0.138,-0.13,-0.122,-0.092,-0.089,-0.078,-0.048,-0.004,0.043,0.254,0.409,0.531,0.649,0.67
2020-11-12,-0.147,-0.143,-0.138,-0.132,-0.103,-0.099,-0.091,-0.059,-0.014,0.033,0.244,0.409,0.531,0.649,0.67
2020-11-13,-0.147,-0.149,-0.145,-0.142,-0.11,-0.109,-0.103,-0.069,-0.02,0.027,0.239,0.41,0.531,0.654,0.674
2020-11-16,-0.149,-0.149,-0.144,-0.144,-0.117,-0.11,-0.102,-0.069,-0.02,0.027,0.237,0.41,0.531,0.654,0.677
2020-11-17,-0.151,-0.15,-0.144,-0.143,-0.111,-0.11,-0.101,-0.069,-0.02,0.027,0.239,0.405,0.526,0.644,0.666
2020-11-18,-0.151,-0.15,-0.149,-0.146,-0.118,-0.115,-0.111,-0.074,-0.03,0.023,0.229,0.39,0.505,0.625,0.648
2020-11-19,-0.152,-0.145,-0.143,-0.145,-0.117,-0.115,-0.11,-0.073,-0.03,0.017,0.224,0.386,0.511,0.63,0.653
2020-11-20,-0.152,-0.151,-0.153,-0.155,-0.127,-0.121,-0.112,-0.078,-0.035,0.018,0.219,0.38,0.5,0.625,0.644
2020-11-24,-0.152,-0.145,-0.149,-0.147,-0.113,-0.112,-0.102,-0.067,-0.024,0.028,0.229,0.391,0.511,0.639,0.657
2020-11-25,-0.146,-0.148,-0.154,-0.147,-0.113,-0.111,-0.106,-0.07,-0.026,0.023,0.224,0.389,0.511,0.645,0.666
2020-11-26,-0.146,-0.153,-0.163,-0.146,-0.111,-0.106,-0.102,-0.067,-0.022,0.029,0.232,0.394,0.516,0.65,0.675
2020-11-27,-0.137,-0.13,-0.156,-0.141,-0.105,-0.1,-0.096,-0.062,-0.017,0.035,0.244,0.401,0.516,0.651,0.678
2020-11-30,-0.129,-0.13,-0.152,-0.135,-0.101,-0.099,-0.096,-0.062,-0.018,0.034,0.239,0.401,0.516,0.646,0.674
2020-12-01,-0.13,-0.13,-0.152,-0.14,-0.105,-0.104,-0.101,-0.071,-0.027,0.025,0.229,0.397,0.517,0.651,0.675
2020-12-02,-0.121,-0.13,-0.148,-0.138,-0.099,-0.099,-0.091,-0.062,-0.018,0.029,0.224,0.397,0.517,0.651,0.674
2020-12-03,-0.122,-0.125,-0.148,-0.136,-0.1,-0.1,-0.091,-0.062,-0.017,0.028,0.225,0.392,0.515,0.647,0.67
2020-12-04,-0.132,-0.131,-0.143,-0.14,-0.105,-0.1,-0.091,-0.062,-0.021,0.029,0.225,0.398,0.526,0.651,0.679
2020-12-07,-0.134,-0.137,-0.143,-0.141,-0.105,-0.1,-0.089,-0.061,-0.021,0.029,0.22,0.393,0.522,0.647,0.674
2020-12-08,-0.134,-0.137,-0.15,-0.146,-0.114,-0.11,-0.1,-0.071,-0.027,0.023,0.21,0.383,0.507,0.633,0.661
2020-12-09,-0.135,-0.137,-0.144,-0.141,-0.111,-0.11,-0.1,-0.071,-0.027,0.026,0.21,0.382,0.496,0.623,0.648
2020-12-10,-0.128,-0.137,-0.15,-0.146,-0.116,-0.111,-0.106,-0.072,-0.028,0.022,0.215,0.382,0.491,0.614,0.635
2020-12-11,-0.129,-0.142,-0.147,-0.15,-0.125,-0.115,-0.106,-0.071,-0.027,0.022,0.221,0.382,0.491,0.614,0.638
2020-12-14,-0.132,-0.143,-0.148,-0.151,-0.125,-0.116,-0.11,-0.076,-0.031,0.023,0.231,0.393,0.502,0.628,0.656
2020-12-15,-0.133,-0.144,-0.148,-0.148,-0.127,-0.121,-0.116,-0.081,-0.036,0.012,0.216,0.388,0.496,0.623,0.655
2020-12-16,-0.124,-0.134,-0.139,-0.143,-0.114,-0.115,-0.109,-0.076,-0.03,0.017,0.221,0.393,0.502,0.628,0.661
2020-12-17,-0.125,-0.134,-0.139,-0.144,-0.115,-0.111,-0.105,-0.074,-0.03,0.016,0.216,0.387,0.501,0.626,0.658
2020-12-18,-0.126,-0.139,-0.142,-0.154,-0.124,-0.116,-0.105,-0.074,-0.03,0.017,0.216,0.387,0.502,0.624,0.654
2020-12-21,-0.124,-0.132,-0.14,-0.144,-0.12,-0.114,-0.105,-0.074,-0.03,0.022,0.214,0.392,0.513,0.638,0.662
2020-12-22,-0.124,-0.137,-0.14,-0.144,-0.119,-0.114,-0.111,-0.079,-0.034,0.016,0.206,0.386,0.505,0.628,0.653
2020-12-23,-0.124,-0.138,-0.143,-0.145,-0.123,-0.119,-0.109,-0.079,-0.034,0.017,0.206,0.382,0.497,0.613,0.635
2020-12-24,-0.125,-0.13,-0.14,-0.135,-0.112,-0.11,-0.099,-0.069,-0.024,0.028,0.211,0.391,0.503,0.623,0.644
2020-12-25,-0.126,-0.13,-0.134,-0.13,-0.109,-0.105,-0.095,-0.064,-0.019,0.027,0.222,0.4,0.516,0.637,0.653
2020-12-28,-0.126,-0.13,-0.135,-0.128,-0.109,-0.105,-0.093,-0.064,-0.018,0.028,0.223,0.4,0.518,0.642,0.658
2020-12-29,-0.118,-0.124,-0.135,-0.128,-0.109,-0.105,-0.093,-0.064,-0.018,0.035,0.228,0.405,0.524,0.647,0.666
2020-12-30,-0.119,-0.125,-0.135,-0.124,-0.102,-0.1,-0.093,-0.064,-0.018,0.035,0.237,0.402,0.518,0.647,0.666
2021-01-04,-0.112,-0.121,-0.132,-0.124,-0.102,-0.099,-0.089,-0.058,-0.013,0.033,0.239,0.408,0.524,0.655,0.671
2021-01-05,-0.112,-0.126,-0.139,-0.135,-0.113,-0.109,-0.1,-0.074,-0.027,0.021,0.223,0.398,0.514,0.64,0.662
2021-01-06,-0.113,-0.121,-0.129,-0.125,-0.104,-0.099,-0.089,-0.063,-0.018,0.027,0.228,0.403,0.524,0.65,0.671
2021-01-07,-0.114,-0.117,-0.122,-0.12,-0.098,-0.092,-0.078,-0.051,-0.007,0.037,0.239,0.413,0.534,0.653,0.671
2021-01-08,-0.114,-0.122,-0.122,-0.12,-0.106,-0.093,-0.078,-0.053,-0.007,0.038,0.25,0.423,0.54,0.65,0.662
2021-01-12,-0.117,-0.128,-0.126,-0.125,-0.111,-0.099,-0.084,-0.057,-0.012,0.033,0.245,0.424,0.54,0.65,0.662
2021-01-13,-0.124,-0.13,-0.126,-0.124,-0.109,-0.099,-0.089,-0.062,-0.017,0.028,0.235,0.414,0.53,0.636,0.645
2021-01-14,-0.128,-0.124,-0.123,-0.119,-0.103,-0.092,-0.083,-0.052,-0.012,0.033,0.235,0.42,0.535,0.645,0.661
2021-01-15,-0.129,-0.129,-0.123,-0.119,-0.104,-0.102,-0.087,-0.057,-0.011,0.033,0.23,0.425,0.54,0.65,0.67
2021-01-18,-0.121,-0.13,-0.121,-0.114,-0.098,-0.093,-0.077,-0.042,0.004,0.049,0.256,0.448,0.561,0.66,0.679
2021-01-19,-0.122,-0.125,-0.121,-0.12,-0.108,-0.104,-0.087,-0.047,-0.001,0.044,0.261,0.45,0.565,0.66,0.674
2021-01-20,-0.132,-0.131,-0.127,-0.125,-0.114,-0.109,-0.093,-0.056,-0.011,0.04,0.256,0.45,0.569,0.665,0.682
2021-01-21,-0.133,-0.136,-0.131,-0.13,-0.118,-0.113,-0.097,-0.062,-0.016,0.034,0.246,0.435,0.551,0.651,0.666
2021-01-22,-0.134,-0.137,-0.131,-0.13,-0.114,-0.106,-0.087,-0.051,-0.006,0.04,0.265,0.45,0.561,0.655,0.674
2021-01-25,-0.126,-0.138,-0.134,-0.135,-0.118,-0.107,-0.086,-0.055,-0.011,0.04,0.262,0.45,0.566,0.66,0.679
2021-01-26,-0.126,-0.138,-0.134,-0.135,-0.119,-0.112,-0.093,-0.06,-0.015,0.035,0.251,0.435,0.556,0.651,0.677
2021-01-27,-0.127,-0.133,-0.128,-0.13,-0.113,-0.107,-0.091,-0.055,-0.011,0.041,0.262,0.445,0.561,0.651,0.679
2021-01-28,-0.128,-0.129,-0.128,-0.129,-0.113,-0.107,-0.091,-0.055,-0.01,0.041,0.257,0.445,0.556,0.649,0.67
2021-01-29,-0.118,-0.129,-0.129,-0.129,-0.113,-0.102,-0.081,-0.04,0.005,0.056,0.281,0.459,0.566,0.66,0.683
2021-02-01,-0.12,-0.125,-0.124,-0.124,-0.108,-0.098,-0.075,-0.034,0.016,0.061,0.298,0.47,0.576,0.67,0.688
2021-02-02,-0.111,-0.125,-0.125,-0.119,-0.102,-0.093,-0.075,-0.034,0.01,0.057,0.289,0.474,0.579,0.67,0.688
2021-02-03,-0.112,-0.125,-0.132,-0.125,-0.106,-0.092,-0.075,-0.034,0.01,0.062,0.286,0.465,0.576,0.67,0.683
2021-02-04,-0.122,-0.131,-0.137,-0.125,-0.106,-0.087,-0.07,-0.029,0.016,0.061,0.283,0.455,0.567,0.66,0.678
2021-02-05,-0.123,-0.131,-0.137,-0.125,-0.106,-0.087,-0.065,-0.024,0.018,0.061,0.283,0.45,0.562,0.656,0.674
2021-02-08,-0.125,-0.127,-0.13,-0.119,-0.096,-0.077,-0.052,-0.011,0.028,0.071,0.288,0.46,0.577,0.67,0.686
2021-02-09,-0.125,-0.127,-0.131,-0.119,-0.095,-0.076,-0.051,-0.009,0.031,0.072,0.294,0.465,0.582,0.675,0.692
2021-02-10,-0.116,-0.123,-0.122,-0.109,-0.092,-0.071,-0.049,-0.004,0.037,0.082,0.294,0.471,0.582,0.67,0.687
2021-02-12,-0.127,-0.133,-0.136,-0.124,-0.11,-0.086,-0.066,-0.024,0.021,0.067,0.284,0.466,0.577,0.67,0.687
2021-02-15,-0.125,-0.13,-0.13,-0.115,-0.1,-0.076,-0.05,-0.008,0.037,0.083,0.299,0.481,0.59,0.68,0.692
2021-02-16,-0.126,-0.131,-0.125,-0.11,-0.097,-0.077,-0.05,-0.008,0.037,0.083,0.299,0.48,0.587,0.679,0.692
2021-02-17,-0.121,-0.119,-0.113,-0.094,-0.077,-0.053,-0.027,0.012,0.057,0.104,0.325,0.495,0.602,0.689,0.701
2021-02-18,-0.126,-0.126,-0.122,-0.1,-0.081,-0.061,-0.033,0.007,0.052,0.099,0.319,0.489,0.592,0.679,0.692
2021-02-19,-0.122,-0.12,-0.115,-0.095,-0.076,-0.05,-0.021,0.022,0.063,0.108,0.33,0.499,0.597,0.68,0.696
2021-02-22,-0.117,-0.112,-0.109,-0.085,-0.064,-0.036,-0.008,0.038,0.077,0.124,0.345,0.522,0.616,0.697,0.717
2021-02-24,-0.118,-0.113,-0.11,-0.085,-0.064,-0.036,-0.012,0.033,0.078,0.125,0.35,0.532,0.631,0.712,0.73
2021-02-25,-0.117,-0.1,-0.1,-0.07,-0.048,-0.02,0.008,0.053,0.098,0.149,0.37,0.552,0.658,0.744,0.764
2021-02-26,-0.117,-0.114,-0.107,-0.075,-0.047,-0.006,0.032,0.078,0.123,0.168,0.384,0.557,0.667,0.751,0.776
2021-03-01,-0.12,-0.12,-0.113,-0.085,-0.057,-0.016,0.016,0.063,0.108,0.16,0.366,0.533,0.645,0.725,0.752
2021-03-02,-0.12,-0.125,-0.121,-0.098,-0.073,-0.036,-0.011,0.033,0.084,0.135,0.34,0.509,0.621,0.706,0.73
2021-03-03,-0.121,-0.115,-0.115,-0.095,-0.069,-0.036,-0.011,0.028,0.079,0.123,0.325,0.49,0.597,0.678,0.7
2021-03-04,-0.122,-0.121,-0.115,-0.091,-0.062,-0.026,-0.001,0.043,0.094,0.143,0.35,0.52,0.626,0.711,0.726
2021-03-05,-0.132,-0.131,-0.131,-0.11,-0.088,-0.066,-0.046,-0.002,0.044,0.095,0.301,0.476,0.587,0.673,0.692
2021-03-08,-0.125,-0.122,-0.115,-0.089,-0.071,-0.035,-0.011,0.028,0.07,0.12,0.321,0.492,0.602,0.683,0.701
2021-03-09,-0.123,-0.118,-0.109,-0.084,-0.061,-0.03,-0.005,0.038,0.084,0.137,0.341,0.515,0.622,0.702,0.717
2021-03-10,-0.116,-0.117,-0.115,-0.089,-0.065,-0.035,-0.011,0.034,0.08,0.131,0.336,0.514,0.617,0.692,0.709
2021-03-11,-0.124,-0.124,-0.118,-0.099,-0.076,-0.05,-0.024,0.024,0.065,0.11,0.317,0.486,0.583,0.655,0.675
2021-03-12,-0.127,-0.128,-0.118,-0.099,-0.075,-0.045,-0.024,0.029,0.075,0.121,0.326,0.496,0.593,0.669,0.679
2021-03-15,-0.129,-0.139,-0.135,-0.114,-0.082,-0.055,-0.024,0.026,0.071,0.116,0.327,0.496,0.598,0.678,0.692
2021-03-16,-0.14,-0.15,-0.145,-0.124,-0.094,-0.065,-0.034,0.014,0.061,0.107,0.312,0.486,0.583,0.669,0.683
2021-03-17,-0.13,-0.145,-0.139,-0.119,-0.09,-0.065,-0.034,0.01,0.055,0.102,0.31,0.486,0.579,0.664,0.679
2021-03-18,-0.131,-0.14,-0.139,-0.119,-0.089,-0.06,-0.03,0.021,0.065,0.111,0.317,0.491,0.584,0.664,0.679
2021-03-19,-0.121,-0.136,-0.132,-0.109,-0.079,-0.05,-0.02,0.031,0.075,0.123,0.332,0.511,0.597,0.674,0.688
2021-03-22,-0.133,-0.142,-0.14,-0.12,-0.092,-0.07,-0.044,0.001,0.041,0.088,0.292,0.467,0.56,0.638,0.657
2021-03-23,-0.124,-0.137,-0.133,-0.115,-0.086,-0.065,-0.042,0.001,0.041,0.088,0.286,0.453,0.55,0.629,0.653
2021-03-24,-0.132,-0.141,-0.14,-0.125,-0.097,-0.078,-0.058,-0.008,0.031,0.078,0.273,0.446,0.545,0.629,0.662
2021-03-25,-0.115,-0.133,-0.127,-0.12,-0.093,-0.07,-0.049,0.002,0.044,0.092,0.293,0.462,0.56,0.637,0.656
2021-03-26,-0.116,-0.138,-0.134,-0.123,-0.096,-0.07,-0.052,-0.003,0.042,0.088,0.288,0.463,0.564,0.656,0.67
2021-03-29,-0.118,-0.139,-0.135,-0.123,-0.097,-0.077,-0.062,-0.013,0.032,0.079,0.279,0.454,0.555,0.638,0.652
2021-03-30,-0.128,-0.126,-0.139,-0.123,-0.089,-0.063,-0.039,0.007,0.046,0.099,0.294,0.464,0.565,0.648,0.666
2021-03-31,-0.129,-0.13,-0.136,-0.118,-0.083,-0.058,-0.033,0.017,0.056,0.104,0.308,0.483,0.584,0.669,0.688
2021-04-01,-0.13,-0.125,-0.126,-0.108,-0.072,-0.043,-0.013,0.037,0.077,0.122,0.328,0.503,0.604,0.697,0.716
2021-04-02,-0.12,-0.125,-0.122,-0.108,-0.072,-0.043,-0.017,0.032,0.072,0.117,0.323,0.498,0.599,0.697,0.718
2021-04-05,-0.123,-0.12,-0.119,-0.103,-0.075,-0.048,-0.022,0.027,0.067,0.117,0.319,0.498,0.599,0.697,0.722
2021-04-06,-0.123,-0.121,-0.123,-0.108,-0.08,-0.058,-0.035,0.014,0.057,0.107,0.309,0.483,0.585,0.682,0.705
2021-04-07,-0.124,-0.121,-0.13,-0.114,-0.087,-0.063,-0.041,0.003,0.047,0.098,0.299,0.463,0.565,0.654,0.679
2021-04-08,-0.124,-0.126,-0.134,-0.118,-0.099,-0.068,-0.042,0.003,0.047,0.099,0.299,0.472,0.575,0.673,0.696
2021-04-09,-0.125,-0.126,-0.134,-0.119,-0.092,-0.063,-0.033,0.008,0.054,0.102,0.31,0.477,0.579,0.678,0.696
2021-04-12,-0.12,-0.126,-0.135,-0.119,-0.092,-0.063,-0.032,0.008,0.054,0.108,0.31,0.488,0.584,0.682,0.692
2021-04-13,-0.128,-0.132,-0.138,-0.122,-0.098,-0.063,-0.031,0.008,0.055,0.103,0.305,0.477,0.574,0.673,0.685
2021-04-14,-0.128,-0.132,-0.138,-0.127,-0.102,-0.073,-0.047,-0.007,0.04,0.089,0.291,0.462,0.555,0.65,0.669
2021-04-15,-0.13,-0.133,-0.139,-0.127,-0.098,-0.068,-0.042,-0.002,0.04,0.089,0.291,0.462,0.555,0.654,0.67
2021-04-16,-0.13,-0.133,-0.143,-0.132,-0.102,-0.073,-0.042,-0.002,0.04,0.089,0.291,0.458,0.552,0.655,0.67
2021-04-19,-0.127,-0.132,-0.144,-0.133,-0.095,-0.074,-0.047,-0.006,0.035,0.084,0.286,0.453,0.548,0.655,0.67
2021-04-20,-0.122,-0.129,-0.14,-0.128,-0.095,-0.071,-0.045,-0.006,0.035,0.084,0.286,0.444,0.54,0.646,0.658
2021-04-21,-0.133,-0.134,-0.143,-0.133,-0.102,-0.082,-0.061,-0.022,0.023,0.075,0.271,0.434,0.527,0.631,0.649
2021-04-22,-0.134,-0.135,-0.149,-0.138,-0.106,-0.087,-0.066,-0.027,0.019,0.07,0.267,0.434,0.532,0.636,0.653
2021-04-23,-0.134,-0.135,-0.146,-0.138,-0.106,-0.087,-0.061,-0.021,0.02,0.07,0.262,0.434,0.537,0.641,0.657
2021-04-26,-0.126,-0.136,-0.142,-0.133,-0.102,-0.083,-0.055,-0.012,0.029,0.075,0.267,0.439,0.542,0.651,0.666
2021-04-27,-0.127,-0.136,-0.142,-0.133,-0.102,-0.08,-0.05,-0.008,0.034,0.086,0.272,0.449,0.546,0.646,0.661
2021-04-28,-0.127,-0.13,-0.137,-0.127,-0.092,-0.069,-0.04,0.002,0.047,0.095,0.287,0.459,0.561,0.655,0.675
2021-04-30,-0.119,-0.13,-0.137,-0.127,-0.092,-0.07,-0.04,0.002,0.047,0.095,0.283,0.459,0.557,0.66,0.679
2021-05-06,-0.123,-0.126,-0.137,-0.128,-0.091,-0.072,-0.045,-0.002,0.042,0.091,0.278,0.454,0.553,0.655,0.679
2021-05-07,-0.124,-0.131,-0.142,-0.131,-0.095,-0.072,-0.049,-0.007,0.039,0.086,0.279,0.454,0.556,0.655,0.679
2021-05-10,-0.126,-0.132,-0.14,-0.128,-0.091,-0.071,-0.045,-0.003,0.04,0.087,0.279,0.45,0.552,0.651,0.671
2021-05-11,-0.126,-0.132,-0.141,-0.131,-0.095,-0.075,-0.051,-0.009,0.031,0.077,0.269,0.44,0.543,0.641,0.666
2021-05-12,-0.127,-0.127,-0.141,-0.127,-0.089,-0.071,-0.044,-0.004,0.036,0.082,0.274,0.44,0.538,0.641,0.663
2021-05-13,-0.128,-0.127,-0.136,-0.117,-0.085,-0.061,-0.028,0.012,0.052,0.098,0.289,0.464,0.561,0.673,0.692
2021-05-14,-0.128,-0.128,-0.136,-0.122,-0.096,-0.072,-0.039,0.002,0.042,0.087,0.278,0.446,0.547,0.655,0.679
2021-05-17,-0.126,-0.13,-0.135,-0.121,-0.096,-0.077,-0.043,-0.003,0.037,0.082,0.275,0.445,0.543,0.654,0.678
2021-05-18,-0.121,-0.129,-0.135,-0.121,-0.096,-0.077,-0.043,-0.003,0.037,0.082,0.275,0.446,0.547,0.66,0.686
2021-05-19,-0.122,-0.129,-0.135,-0.121,-0.096,-0.077,-0.049,-0.008,0.032,0.077,0.274,0.445,0.548,0.66,0.688
2021-05-20,-0.122,-0.129,-0.131,-0.116,-0.089,-0.066,-0.038,-0.002,0.037,0.088,0.28,0.451,0.557,0.669,0.697
2021-05-21,-0.123,-0.129,-0.131,-0.116,-0.089,-0.066,-0.043,-0.003,0.037,0.086,0.28,0.456,0.562,0.678,0.705
2021-05-24,-0.125,-0.13,-0.129,-0.122,-0.094,-0.071,-0.047,-0.007,0.033,0.083,0.275,0.452,0.561,0.675,0.705
2021-05-25,-0.125,-0.13,-0.129,-0.122,-0.094,-0.076,-0.053,-0.012,0.03,0.078,0.271,0.447,0.557,0.674,0.705
2021-05-26,-0.126,-0.13,-0.129,-0.122,-0.094,-0.076,-0.053,-0.012,0.031,0.077,0.271,0.447,0.557,0.675,0.705
2021-05-27,-0.127,-0.136,-0.135,-0.129,-0.1,-0.081,-0.057,-0.017,0.027,0.079,0.271,0.446,0.557,0.67,0.711
2021-05-28,-0.127,-0.136,-0.129,-0.124,-0.089,-0.071,-0.042,-0.007,0.037,0.089,0.281,0.457,0.565,0.675,0.711
2021-05-31,-0.119,-0.125,-0.13,-0.124,-0.093,-0.071,-0.045,-0.006,0.035,0.084,0.276,0.453,0.562,0.675,0.711
2021-06-01,-0.12,-0.125,-0.13,-0.124,-0.092,-0.071,-0.047,-0.006,0.036,0.085,0.276,0.453,0.566,0.683,0.72
2021-06-02,-0.121,-0.125,-0.13,-0.124,-0.092,-0.071,-0.046,-0.006,0.037,0.084,0.281,0.462,0.574,0.69,0.725
2021-06-03,-0.122,-0.12,-0.13,-0.124,-0.092,-0.071,-0.046,-0.006,0.038,0.09,0.286,0.463,0.576,0.687,0.72
2021-06-04,-0.123,-0.12,-0.13,-0.125,-0.092,-0.068,-0.041,-0.001,0.043,0.092,0.291,0.463,0.577,0.692,0.725
2021-06-07,-0.126,-0.12,-0.131,-0.125,-0.092,-0.076,-0.05,-0.006,0.038,0.084,0.287,0.463,0.58,0.692,0.725
2021-06-08,-0.127,-0.121,-0.134,-0.13,-0.097,-0.081,-0.055,-0.011,0.034,0.08,0.28,0.452,0.568,0.683,0.719
2021-06-09,-0.125,-0.121,-0.134,-0.13,-0.098,-0.086,-0.065,-0.021,0.024,0.075,0.268,0.439,0.553,0.67,0.71
2021-06-10,-0.119,-0.126,-0.137,-0.135,-0.11,-0.101,-0.081,-0.04,0.004,0.056,0.253,0.429,0.544,0.664,0.707
2021-06-11,-0.119,-0.126,-0.138,-0.138,-0.115,-0.109,-0.091,-0.055,-0.011,0.04,0.239,0.419,0.535,0.661,0.705
2021-06-14,-0.122,-0.126,-0.138,-0.138,-0.111,-0.105,-0.085,-0.05,-0.005,0.045,0.244,0.425,0.54,0.661,0.707
2021-06-15,-0.123,-0.127,-0.138,-0.134,-0.108,-0.101,-0.079,-0.045,0.005,0.056,0.254,0.44,0.554,0.675,0.72
2021-06-16,-0.12,-0.128,-0.135,-0.131,-0.102,-0.096,-0.077,-0.04,0.005,0.056,0.259,0.45,0.563,0.686,0.738
2021-06-17,-0.12,-0.123,-0.126,-0.119,-0.095,-0.079,-0.058,-0.025,0.025,0.07,0.268,0.456,0.567,0.691,0.743
2021-06-18,-0.121,-0.123,-0.129,-0.124,-0.099,-0.084,-0.065,-0.035,0.015,0.066,0.259,0.441,0.553,0.677,0.733
2021-06-21,-0.117,-0.121,-0.13,-0.127,-0.104,-0.099,-0.08,-0.05,0.001,0.053,0.25,0.435,0.549,0.678,0.738
2021-06-22,-0.117,-0.115,-0.123,-0.12,-0.096,-0.09,-0.07,-0.038,0.011,0.063,0.259,0.44,0.554,0.678,0.738
2021-06-23,-0.117,-0.116,-0.123,-0.12,-0.095,-0.086,-0.07,-0.039,0.011,0.063,0.26,0.436,0.549,0.668,0.73
2021-06-24,-0.118,-0.116,-0.123,-0.12,-0.092,-0.085,-0.064,-0.035,0.012,0.064,0.255,0.434,0.549,0.672,0.73
2021-06-25,-0.118,-0.116,-0.127,-0.125,-0.1,-0.09,-0.07,-0.039,0.006,0.059,0.25,0.438,0.554,0.682,0.743
2021-06-28,-0.117,-0.115,-0.124,-0.121,-0.092,-0.085,-0.064,-0.034,0.012,0.07,0.255,0.443,0.563,0.691,0.752
2021-06-29,-0.118,-0.114,-0.128,-0.123,-0.092,-0.09,-0.07,-0.033,0.012,0.07,0.255,0.447,0.563,0.691,0.752
2021-06-30,-0.109,-0.115,-0.128,-0.128,-0.098,-0.09,-0.07,-0.033,0.015,0.07,0.26,0.451,0.571,0.691,0.761
2021-07-01,-0.11,-0.12,-0.135,-0.133,-0.107,-0.1,-0.084,-0.049,0.001,0.052,0.241,0.437,0.559,0.682,0.748
2021-07-02,-0.11,-0.12,-0.135,-0.133,-0.107,-0.1,-0.09,-0.054,-0.005,0.042,0.231,0.427,0.55,0.672,0.734
2021-07-05,-0.112,-0.116,-0.136,-0.134,-0.114,-0.109,-0.104,-0.069,-0.017,0.032,0.227,0.422,0.55,0.678,0.739
2021-07-06,-0.103,-0.111,-0.13,-0.129,-0.105,-0.102,-0.094,-0.058,-0.007,0.043,0.232,0.428,0.555,0.673,0.739
2021-07-07,-0.103,-0.111,-0.131,-0.134,-0.109,-0.115,-0.111,-0.073,-0.022,0.033,0.227,0.422,0.55,0.674,0.739
2021-07-08,-0.112,-0.117,-0.135,-0.139,-0.119,-0.124,-0.125,-0.087,-0.032,0.028,0.222,0.417,0.538,0.658,0.721
2021-07-09,-0.113,-0.117,-0.134,-0.139,-0.119,-0.12,-0.114,-0.078,-0.026,0.029,0.232,0.426,0.546,0.669,0.734
2021-07-12,-0.107,-0.117,-0.134,-0.14,-0.119,-0.12,-0.114,-0.076,-0.026,0.028,0.227,0.423,0.542,0.669,0.734
2021-07-13,-0.117,-0.122,-0.138,-0.14,-0.12,-0.121,-0.116,-0.081,-0.031,0.023,0.222,0.407,0.537,0.669,0.739
2021-07-14,-0.118,-0.128,-0.145,-0.143,-0.123,-0.125,-0.12,-0.087,-0.036,0.019,0.213,0.402,0.528,0.669,0.739
2021-07-15,-0.119,-0.128,-0.145,-0.144,-0.127,-0.13,-0.126,-0.094,-0.041,0.014,0.203,0.382,0.51,0.641,0.717
2021-07-16,-0.119,-0.128,-0.141,-0.139,-0.123,-0.125,-0.119,-0.091,-0.036,0.019,0.213,0.397,0.518,0.646,0.717
2021-07-19,-0.131,-0.134,-0.144,-0.144,-0.128,-0.134,-0.127,-0.096,-0.04,0.018,0.211,0.397,0.519,0.651,0.721
2021-07-20,-0.132,-0.134,-0.144,-0.149,-0.134,-0.141,-0.136,-0.105,-0.048,0.014,0.203,0.393,0.51,0.645,0.717
2021-07-21,-0.132,-0.134,-0.143,-0.15,-0.134,-0.138,-0.13,-0.1,-0.047,0.015,0.213,0.402,0.522,0.661,0.734
2021-07-26,-0.136,-0.135,-0.144,-0.151,-0.134,-0.14,-0.131,-0.1,-0.044,0.015,0.209,0.398,0.52,0.652,0.73
2021-07-27,-0.126,-0.13,-0.137,-0.146,-0.128,-0.13,-0.121,-0.091,-0.038,0.02,0.218,0.403,0.524,0.656,0.739
2021-07-28,-0.127,-0.13,-0.138,-0.144,-0.128,-0.131,-0.125,-0.094,-0.043,0.016,0.214,0.398,0.52,0.647,0.73
2021-07-29,-0.127,-0.125,-0.139,-0.145,-0.128,-0.13,-0.123,-0.091,-0.038,0.022,0.214,0.394,0.515,0.642,0.722
2021-07-30,-0.128,-0.125,-0.137,-0.142,-0.123,-0.13,-0.123,-0.091,-0.038,0.022,0.204,0.393,0.511,0.642,0.72
2021-08-02,-0.13,-0.13,-0.139,-0.142,-0.123,-0.131,-0.124,-0.09,-0.038,0.022,0.204,0.393,0.511,0.642,0.727
2021-08-03,-0.131,-0.125,-0.139,-0.144,-0.129,-0.136,-0.133,-0.1,-0.048,0.012,0.194,0.384,0.497,0.638,0.726
2021-08-04,-0.132,-0.13,-0.144,-0.149,-0.133,-0.141,-0.138,-0.105,-0.052,0.007,0.19,0.379,0.488,0.634,0.723
2021-08-05,-0.132,-0.136,-0.144,-0.15,-0.133,-0.136,-0.128,-0.1,-0.048,0.012,0.196,0.385,0.497,0.639,0.729
2021-08-06,-0.133,-0.136,-0.141,-0.145,-0.128,-0.129,-0.123,-0.093,-0.04,0.017,0.205,0.394,0.507,0.643,0.728
2021-08-10,-0.128,-0.131,-0.136,-0.139,-0.123,-0.119,-0.107,-0.079,-0.031,0.028,0.215,0.404,0.516,0.648,0.733
2021-08-11,-0.129,-0.131,-0.131,-0.136,-0.118,-0.112,-0.098,-0.064,-0.017,0.044,0.23,0.415,0.521,0.657,0.737
2021-08-12,-0.13,-0.131,-0.131,-0.136,-0.123,-0.122,-0.111,-0.079,-0.031,0.028,0.22,0.408,0.512,0.648,0.724
2021-08-13,-0.131,-0.136,-0.133,-0.133,-0.124,-0.122,-0.11,-0.079,-0.031,0.029,0.22,0.409,0.517,0.653,0.733
2021-08-16,-0.134,-0.136,-0.139,-0.139,-0.128,-0.13,-0.126,-0.094,-0.043,0.018,0.211,0.4,0.512,0.648,0.728
2021-08-17,-0.135,-0.142,-0.139,-0.139,-0.134,-0.135,-0.13,-0.099,-0.047,0.012,0.206,0.398,0.508,0.643,0.724
2021-08-18,-0.136,-0.142,-0.139,-0.139,-0.134,-0.132,-0.125,-0.094,-0.042,0.018,0.211,0.404,0.512,0.652,0.728
2021-08-19,-0.137,-0.142,-0.139,-0.139,-0.128,-0.131,-0.125,-0.093,-0.042,0.018,0.216,0.405,0.516,0.652,0.724
2021-08-20,-0.138,-0.142,-0.14,-0.139,-0.129,-0.136,-0.13,-0.1,-0.047,0.013,0.211,0.4,0.512,0.652,0.724
2021-08-23,-0.135,-0.139,-0.133,-0.135,-0.124,-0.13,-0.121,-0.093,-0.039,0.025,0.216,0.405,0.517,0.653,0.728
2021-08-24,-0.135,-0.139,-0.134,-0.13,-0.118,-0.125,-0.118,-0.093,-0.039,0.025,0.216,0.411,0.526,0.658,0.729
2021-08-25,-0.133,-0.138,-0.134,-0.13,-0.119,-0.121,-0.114,-0.088,-0.036,0.026,0.222,0.411,0.527,0.653,0.728
2021-08-26,-0.134,-0.133,-0.132,-0.131,-0.117,-0.12,-0.111,-0.088,-0.035,0.024,0.217,0.406,0.522,0.643,0.719
2021-08-27,-0.135,-0.133,-0.13,-0.124,-0.115,-0.111,-0.104,-0.078,-0.03,0.029,0.222,0.412,0.527,0.648,0.724
2021-08-30,-0.138,-0.128,-0.13,-0.129,-0.118,-0.12,-0.111,-0.082,-0.035,0.025,0.217,0.406,0.522,0.653,0.729
2021-08-31,-0.129,-0.13,-0.13,-0.129,-0.118,-0.117,-0.106,-0.077,-0.033,0.03,0.222,0.406,0.518,0.654,0.733
2021-09-01,-0.13,-0.13,-0.124,-0.124,-0.107,-0.109,-0.096,-0.067,-0.023,0.035,0.227,0.412,0.518,0.654,0.733
2021-09-02,-0.121,-0.13,-0.124,-0.124,-0.107,-0.109,-0.096,-0.067,-0.023,0.04,0.227,0.41,0.509,0.647,0.724
2021-09-03,-0.122,-0.125,-0.124,-0.119,-0.104,-0.102,-0.091,-0.062,-0.018,0.046,0.233,0.418,0.515,0.654,0.734
2021-09-06,-0.114,-0.12,-0.121,-0.115,-0.097,-0.091,-0.081,-0.052,-0.006,0.051,0.241,0.425,0.528,0.664,0.738
2021-09-07,-0.115,-0.125,-0.121,-0.115,-0.097,-0.095,-0.085,-0.057,-0.012,0.046,0.238,0.426,0.531,0.664,0.743
2021-09-08,-0.116,-0.125,-0.118,-0.115,-0.096,-0.091,-0.08,-0.051,-0.006,0.053,0.243,0.436,0.542,0.671,0.747
2021-09-09,-0.117,-0.125,-0.121,-0.12,-0.1,-0.096,-0.081,-0.056,-0.011,0.047,0.243,0.43,0.537,0.662,0.738
2021-09-10,-0.118,-0.125,-0.124,-0.121,-0.101,-0.096,-0.081,-0.054,-0.006,0.051,0.243,0.431,0.533,0.657,0.734
2021-09-13,-0.121,-0.126,-0.125,-0.119,-0.101,-0.089,-0.079,-0.05,-0.005,0.051,0.244,0.431,0.533,0.657,0.729
2021-09-14,-0.122,-0.126,-0.125,-0.119,-0.101,-0.089,-0.075,-0.05,-0.005,0.051,0.239,0.425,0.532,0.65,0.725
2021-09-15,-0.123,-0.131,-0.129,-0.124,-0.108,-0.101,-0.085,-0.06,-0.015,0.041,0.229,0.42,0.533,0.65,0.725
2021-09-16,-0.119,-0.127,-0.125,-0.119,-0.1,-0.094,-0.079,-0.055,-0.005,0.052,0.239,0.426,0.538,0.652,0.725
2021-09-17,-0.12,-0.127,-0.119,-0.114,-0.095,-0.089,-0.075,-0.047,0,0.057,0.249,0.436,0.542,0.657,0.729
2021-09-21,-0.123,-0.133,-0.123,-0.12,-0.102,-0.094,-0.084,-0.055,-0.01,0.047,0.245,0.431,0.538,0.657,0.734
2021-09-22,-0.124,-0.133,-0.123,-0.12,-0.108,-0.099,-0.085,-0.057,-0.014,0.044,0.24,0.431,0.538,0.657,0.734
2021-09-24,-0.125,-0.128,-0.117,-0.11,-0.091,-0.085,-0.064,-0.037,0.006,0.063,0.255,0.446,0.557,0.676,0.752
2021-09-27,-0.117,-0.129,-0.117,-0.108,-0.091,-0.085,-0.064,-0.035,0.006,0.063,0.259,0.456,0.567,0.685,0.762
2021-09-28,-0.118,-0.129,-0.114,-0.103,-0.081,-0.074,-0.044,-0.013,0.026,0.084,0.279,0.467,0.58,0.695,0.775
2021-09-29,-0.119,-0.125,-0.114,-0.103,-0.08,-0.076,-0.048,-0.018,0.022,0.08,0.27,0.457,0.567,0.681,0.76
2021-09-30,-0.109,-0.115,-0.114,-0.103,-0.079,-0.072,-0.044,-0.013,0.022,0.081,0.27,0.452,0.559,0.677,0.753
2021-10-01,-0.12,-0.125,-0.125,-0.113,-0.095,-0.09,-0.058,-0.028,0.007,0.064,0.25,0.433,0.543,0.663,0.743
2021-10-04,-0.113,-0.12,-0.122,-0.113,-0.096,-0.088,-0.064,-0.033,0.003,0.059,0.246,0.433,0.548,0.672,0.753
2021-10-05,-0.114,-0.12,-0.122,-0.108,-0.09,-0.079,-0.054,-0.023,0.013,0.062,0.254,0.442,0.553,0.681,0.762
2021-10-06,-0.113,-0.116,-0.119,-0.098,-0.079,-0.063,-0.037,-0.003,0.033,0.083,0.275,0.456,0.562,0.688,0.766
2021-10-07,-0.114,-0.121,-0.122,-0.104,-0.083,-0.068,-0.044,-0.013,0.023,0.073,0.267,0.451,0.558,0.682,0.766
2021-10-08,-0.114,-0.116,-0.119,-0.099,-0.079,-0.063,-0.038,-0.006,0.033,0.083,0.277,0.465,0.567,0.69,0.775
2021-10-11,-0.116,-0.116,-0.113,-0.093,-0.076,-0.058,-0.03,0.003,0.044,0.093,0.283,0.474,0.577,0.7,0.78
2021-10-12,-0.117,-0.116,-0.113,-0.093,-0.073,-0.059,-0.033,0.003,0.044,0.093,0.283,0.476,0.575,0.696,0.771
2021-10-13,-0.118,-0.117,-0.113,-0.093,-0.073,-0.059,-0.033,0.002,0.04,0.088,0.277,0.47,0.567,0.691,0.765
2021-10-14,-0.119,-0.117,-0.113,-0.097,-0.079,-0.064,-0.043,-0.007,0.032,0.084,0.273,0.462,0.563,0.688,0.758
2021-10-15,-0.119,-0.117,-0.117,-0.102,-0.083,-0.069,-0.048,-0.012,0.029,0.079,0.273,0.468,0.568,0.688,0.758
2021-10-18,-0.116,-0.119,-0.113,-0.097,-0.072,-0.059,-0.033,0.004,0.044,0.094,0.287,0.478,0.577,0.697,0.767
2021-10-19,-0.117,-0.12,-0.113,-0.097,-0.073,-0.064,-0.038,-0.001,0.039,0.09,0.287,0.474,0.577,0.693,0.762
2021-10-20,-0.117,-0.114,-0.107,-0.097,-0.073,-0.062,-0.034,0.004,0.043,0.095,0.293,0.484,0.589,0.697,0.759
2021-10-21,-0.117,-0.114,-0.107,-0.097,-0.073,-0.068,-0.04,-0.006,0.034,0.09,0.289,0.479,0.587,0.693,0.755
2021-10-22,-0.117,-0.114,-0.101,-0.093,-0.067,-0.062,-0.036,-0.001,0.039,0.095,0.294,0.488,0.601,0.702,0.764
2021-10-25,-0.116,-0.108,-0.097,-0.088,-0.068,-0.061,-0.03,0.004,0.045,0.1,0.299,0.493,0.601,0.707,0.764
2021-10-26,-0.108,-0.11,-0.091,-0.082,-0.057,-0.052,-0.021,0.013,0.052,0.104,0.304,0.494,0.601,0.697,0.751
2021-10-27,-0.109,-0.101,-0.094,-0.085,-0.063,-0.057,-0.03,0.004,0.047,0.101,0.307,0.494,0.601,0.693,0.738
2021-10-28,-0.109,-0.105,-0.1,-0.093,-0.074,-0.067,-0.042,-0.005,0.036,0.091,0.294,0.474,0.583,0.684,0.731
2021-10-29,-0.109,-0.105,-0.1,-0.093,-0.073,-0.062,-0.033,0,0.042,0.101,0.299,0.474,0.569,0.674,0.71
2021-11-01,-0.11,-0.105,-0.099,-0.094,-0.077,-0.068,-0.046,-0.01,0.037,0.097,0.292,0.474,0.562,0.674,0.71
2021-11-02,-0.1,-0.105,-0.102,-0.096,-0.084,-0.073,-0.055,-0.019,0.028,0.087,0.283,0.469,0.564,0.684,0.724
2021-11-04,-0.102,-0.1,-0.105,-0.096,-0.084,-0.073,-0.055,-0.024,0.023,0.081,0.277,0.459,0.56,0.683,0.728
2021-11-05,-0.112,-0.11,-0.115,-0.111,-0.098,-0.096,-0.075,-0.04,0.008,0.067,0.262,0.445,0.55,0.679,0.727
2021-11-08,-0.112,-0.117,-0.12,-0.111,-0.099,-0.1,-0.08,-0.044,0.004,0.062,0.266,0.45,0.555,0.679,0.724
2021-11-09,-0.105,-0.116,-0.119,-0.109,-0.092,-0.094,-0.079,-0.044,0.009,0.068,0.274,0.46,0.567,0.684,0.728
2021-11-10,-0.106,-0.116,-0.119,-0.112,-0.092,-0.099,-0.085,-0.049,0.004,0.062,0.271,0.455,0.569,0.67,0.71
2021-11-11,-0.107,-0.116,-0.114,-0.107,-0.087,-0.091,-0.073,-0.039,0.014,0.072,0.277,0.461,0.574,0.684,0.719
2021-11-12,-0.117,-0.116,-0.109,-0.102,-0.079,-0.082,-0.062,-0.029,0.019,0.078,0.282,0.47,0.579,0.679,0.719
2021-11-15,-0.125,-0.123,-0.113,-0.107,-0.083,-0.088,-0.071,-0.039,0.012,0.072,0.277,0.465,0.575,0.68,0.724
2021-11-16,-0.131,-0.125,-0.113,-0.102,-0.079,-0.082,-0.061,-0.031,0.02,0.078,0.282,0.47,0.575,0.68,0.726
2021-11-17,-0.136,-0.128,-0.119,-0.107,-0.082,-0.08,-0.056,-0.029,0.02,0.079,0.287,0.475,0.579,0.685,0.733
2021-11-18,-0.131,-0.125,-0.117,-0.102,-0.072,-0.071,-0.048,-0.019,0.031,0.089,0.292,0.471,0.579,0.685,0.738
2021-11-19,-0.136,-0.129,-0.123,-0.106,-0.078,-0.076,-0.061,-0.028,0.024,0.083,0.282,0.465,0.57,0.675,0.729
2021-11-22,-0.137,-0.135,-0.13,-0.11,-0.087,-0.081,-0.065,-0.033,0.021,0.079,0.283,0.466,0.575,0.685,0.738
2021-11-24,-0.138,-0.13,-0.125,-0.105,-0.082,-0.071,-0.055,-0.023,0.026,0.091,0.293,0.481,0.584,0.689,0.744
2021-11-25,-0.138,-0.125,-0.118,-0.1,-0.071,-0.066,-0.05,-0.017,0.032,0.09,0.296,0.481,0.584,0.683,0.737
2021-11-26,-0.14,-0.132,-0.124,-0.105,-0.081,-0.08,-0.065,-0.032,0.021,0.079,0.288,0.471,0.58,0.678,0.728
2021-11-29,-0.139,-0.131,-0.125,-0.105,-0.081,-0.08,-0.066,-0.037,0.017,0.081,0.289,0.477,0.585,0.688,0.737
2021-11-30,-0.13,-0.12,-0.123,-0.11,-0.093,-0.095,-0.085,-0.056,-0.001,0.067,0.269,0.457,0.566,0.671,0.728
2021-12-01,-0.13,-0.12,-0.123,-0.111,-0.086,-0.09,-0.08,-0.052,0.006,0.072,0.274,0.463,0.571,0.671,0.728
2021-12-02,-0.12,-0.12,-0.119,-0.11,-0.093,-0.1,-0.086,-0.057,0.002,0.066,0.274,0.463,0.575,0.675,0.732
2021-12-03,-0.121,-0.115,-0.119,-0.11,-0.099,-0.11,-0.099,-0.072,-0.013,0.063,0.264,0.458,0.566,0.67,0.714
2021-12-06,-0.123,-0.116,-0.12,-0.11,-0.104,-0.116,-0.115,-0.086,-0.023,0.048,0.259,0.453,0.562,0.666,0.709
2021-12-07,-0.124,-0.116,-0.114,-0.105,-0.094,-0.1,-0.096,-0.067,-0.002,0.063,0.275,0.468,0.572,0.679,0.714
2021-12-08,-0.124,-0.111,-0.114,-0.105,-0.094,-0.103,-0.1,-0.071,-0.007,0.058,0.27,0.463,0.567,0.673,0.718
2021-12-09,-0.115,-0.106,-0.117,-0.104,-0.087,-0.1,-0.096,-0.067,-0.007,0.058,0.268,0.458,0.566,0.676,0.726
2021-12-10,-0.113,-0.107,-0.114,-0.099,-0.087,-0.09,-0.085,-0.06,-0.002,0.063,0.27,0.463,0.563,0.675,0.722
2021-12-13,-0.114,-0.107,-0.115,-0.104,-0.093,-0.095,-0.086,-0.06,-0.006,0.058,0.271,0.458,0.557,0.667,0.717
2021-12-14,-0.119,-0.112,-0.119,-0.109,-0.099,-0.101,-0.093,-0.065,-0.011,0.06,0.263,0.459,0.558,0.668,0.718
2021-12-15,-0.119,-0.112,-0.119,-0.109,-0.1,-0.105,-0.1,-0.071,-0.011,0.059,0.264,0.459,0.562,0.668,0.718
2021-12-16,-0.116,-0.113,-0.119,-0.109,-0.102,-0.107,-0.105,-0.076,-0.015,0.054,0.26,0.448,0.553,0.658,0.709
2021-12-17,-0.11,-0.112,-0.119,-0.109,-0.101,-0.109,-0.103,-0.075,-0.015,0.06,0.266,0.453,0.558,0.659,0.709
2021-12-20,-0.112,-0.113,-0.123,-0.114,-0.109,-0.114,-0.111,-0.083,-0.02,0.05,0.257,0.447,0.553,0.658,0.709
2021-12-21,-0.113,-0.107,-0.113,-0.105,-0.1,-0.099,-0.095,-0.069,-0.01,0.067,0.271,0.457,0.563,0.664,0.723
2021-12-22,-0.104,-0.103,-0.103,-0.1,-0.09,-0.09,-0.082,-0.054,0.001,0.072,0.281,0.468,0.572,0.669,0.723
2021-12-23,-0.104,-0.097,-0.1,-0.1,-0.09,-0.088,-0.08,-0.049,0.002,0.078,0.287,0.473,0.577,0.678,0.732
2021-12-24,-0.098,-0.099,-0.097,-0.1,-0.088,-0.085,-0.074,-0.048,0.006,0.079,0.292,0.477,0.577,0.679,0.737
2021-12-27,-0.099,-0.095,-0.098,-0.093,-0.084,-0.085,-0.08,-0.054,0.002,0.078,0.287,0.472,0.573,0.675,0.74
2021-12-28,-0.099,-0.095,-0.098,-0.093,-0.084,-0.083,-0.079,-0.05,0.002,0.078,0.287,0.477,0.58,0.684,0.749
2021-12-29,-0.098,-0.1,-0.098,-0.093,-0.084,-0.085,-0.08,-0.049,0.003,0.073,0.288,0.472,0.578,0.684,0.75
2021-12-30,-0.089,-0.095,-0.095,-0.088,-0.075,-0.068,-0.055,-0.028,0.021,0.089,0.303,0.48,0.587,0.693,0.759
2022-01-04,-0.091,-0.085,-0.09,-0.083,-0.067,-0.058,-0.039,-0.013,0.038,0.104,0.313,0.492,0.59,0.693,0.759
2022-01-05,-0.091,-0.086,-0.09,-0.083,-0.067,-0.058,-0.039,-0.013,0.038,0.098,0.308,0.493,0.591,0.697,0.764
2022-01-06,-0.1,-0.081,-0.083,-0.073,-0.049,-0.038,-0.018,0.018,0.064,0.118,0.329,0.511,0.61,0.71,0.773
2022-01-07,-0.1,-0.076,-0.076,-0.063,-0.037,-0.023,-0.004,0.033,0.074,0.133,0.344,0.525,0.615,0.709,0.768
2022-01-11,-0.108,-0.078,-0.073,-0.052,-0.023,-0.003,0.017,0.053,0.095,0.153,0.359,0.535,0.629,0.714,0.769
2022-01-12,-0.108,-0.083,-0.077,-0.063,-0.043,-0.028,-0.01,0.023,0.069,0.129,0.331,0.51,0.61,0.7,0.759
2022-01-13,-0.107,-0.083,-0.077,-0.063,-0.038,-0.028,-0.01,0.023,0.069,0.129,0.335,0.509,0.61,0.704,0.759
2022-01-14,-0.107,-0.073,-0.067,-0.048,-0.016,-0.008,0.012,0.043,0.094,0.15,0.364,0.535,0.633,0.719,0.769
2022-01-17,-0.107,-0.074,-0.068,-0.046,-0.022,-0.008,0.012,0.044,0.09,0.145,0.355,0.53,0.625,0.71,0.756
2022-01-18,-0.106,-0.075,-0.067,-0.046,-0.022,-0.005,0.018,0.049,0.096,0.15,0.355,0.53,0.626,0.71,0.76
2022-01-19,-0.106,-0.08,-0.078,-0.062,-0.038,-0.023,0.002,0.037,0.08,0.139,0.345,0.526,0.62,0.705,0.761
2022-01-20,-0.105,-0.075,-0.074,-0.057,-0.027,-0.013,0.007,0.044,0.086,0.145,0.35,0.535,0.625,0.714,0.77
2022-01-21,-0.105,-0.076,-0.074,-0.062,-0.032,-0.023,-0.003,0.03,0.076,0.135,0.341,0.525,0.616,0.709,0.765
2022-01-24,-0.093,-0.071,-0.068,-0.057,-0.028,-0.021,0.002,0.034,0.081,0.141,0.343,0.526,0.62,0.719,0.77
2022-01-25,-0.093,-0.071,-0.068,-0.057,-0.028,-0.022,-0.002,0.035,0.081,0.141,0.341,0.526,0.625,0.718,0.774
2022-01-26,-0.093,-0.071,-0.063,-0.051,-0.022,-0.022,-0.002,0.035,0.081,0.141,0.341,0.521,0.621,0.719,0.779
2022-01-27,-0.082,-0.055,-0.049,-0.037,-0.012,-0.002,0.017,0.055,0.102,0.161,0.363,0.544,0.639,0.736,0.788
2022-01-28,-0.082,-0.055,-0.052,-0.042,-0.017,-0.002,0.017,0.055,0.107,0.172,0.374,0.55,0.657,0.751,0.81
2022-01-31,-0.08,-0.055,-0.053,-0.042,-0.017,-0.002,0.023,0.06,0.117,0.177,0.393,0.56,0.679,0.768,0.824
2022-02-01,-0.08,-0.05,-0.043,-0.032,0,0.013,0.038,0.075,0.128,0.187,0.405,0.574,0.687,0.782,0.833
2022-02-02,-0.08,-0.05,-0.047,-0.037,-0.006,0.008,0.028,0.065,0.123,0.182,0.4,0.578,0.686,0.791,0.842
2022-02-03,-0.081,-0.05,-0.047,-0.037,-0.006,0.008,0.028,0.065,0.124,0.182,0.4,0.574,0.686,0.778,0.825
2022-02-04,-0.081,-0.045,-0.03,-0.022,0.008,0.032,0.058,0.096,0.148,0.203,0.424,0.597,0.71,0.792,0.843
2022-02-07,-0.082,-0.045,-0.03,-0.022,0.008,0.032,0.058,0.096,0.149,0.202,0.439,0.613,0.727,0.814,0.869
2022-02-08,-0.082,-0.04,-0.024,-0.012,0.019,0.046,0.078,0.116,0.16,0.213,0.457,0.636,0.756,0.841,0.896
2022-02-09,-0.083,-0.04,-0.025,-0.012,0.019,0.045,0.074,0.111,0.159,0.212,0.45,0.622,0.742,0.818,0.865
2022-02-10,-0.08,-0.031,-0.015,0.003,0.035,0.056,0.084,0.125,0.173,0.233,0.477,0.65,0.773,0.854,0.904
2022-02-14,-0.074,-0.029,-0.011,0.01,0.039,0.061,0.084,0.127,0.173,0.223,0.478,0.663,0.784,0.867,0.918
2022-02-15,-0.075,-0.024,-0.006,0.015,0.044,0.064,0.084,0.127,0.173,0.219,0.487,0.677,0.799,0.877,0.927
2022-02-16,-0.075,-0.019,0.004,0.025,0.055,0.074,0.097,0.137,0.181,0.223,0.498,0.693,0.825,0.906,0.945
2022-02-17,-0.065,-0.008,0.014,0.03,0.061,0.079,0.098,0.137,0.185,0.227,0.517,0.725,0.866,0.959,0.989
2022-02-18,-0.066,-0.008,0.011,0.03,0.054,0.069,0.088,0.127,0.175,0.223,0.497,0.689,0.821,0.911,0.946
2022-02-21,-0.07,-0.015,0.004,0.022,0.044,0.059,0.079,0.117,0.166,0.213,0.474,0.661,0.789,0.872,0.911
2022-02-22,-0.07,-0.026,-0.006,0.005,0.025,0.039,0.059,0.104,0.15,0.197,0.454,0.64,0.761,0.845,0.884
2022-02-24,-0.07,-0.026,-0.009,0,0.025,0.031,0.049,0.093,0.142,0.193,0.455,0.646,0.771,0.859,0.898
2022-02-25,-0.07,-0.025,-0.005,0.011,0.035,0.049,0.069,0.111,0.162,0.214,0.479,0.678,0.804,0.898,0.934
2022-02-28,-0.07,-0.035,-0.015,-0.01,0.012,0.03,0.045,0.084,0.132,0.191,0.445,0.649,0.779,0.867,0.906
2022-03-01,-0.07,-0.035,-0.019,-0.015,0.01,0.029,0.04,0.074,0.126,0.186,0.445,0.655,0.79,0.876,0.915
2022-03-02,-0.07,-0.045,-0.039,-0.035,-0.022,-0.019,-0.018,0.013,0.077,0.144,0.406,0.613,0.748,0.84,0.88
2022-03-03,-0.071,-0.035,-0.025,-0.015,0.003,0.01,0.02,0.053,0.112,0.178,0.441,0.632,0.767,0.841,0.88
2022-03-04,-0.081,-0.04,-0.029,-0.016,0.003,0.001,0.01,0.045,0.097,0.164,0.426,0.617,0.744,0.823,0.863
2022-03-07,-0.082,-0.05,-0.039,-0.03,-0.012,-0.014,-0.01,0.029,0.088,0.153,0.411,0.608,0.73,0.813,0.851
2022-03-08,-0.083,-0.045,-0.033,-0.025,-0.008,0,0.006,0.044,0.098,0.165,0.436,0.638,0.766,0.859,0.894
2022-03-09,-0.073,-0.04,-0.029,-0.02,-0.001,0.01,0.02,0.055,0.108,0.174,0.436,0.633,0.758,0.85,0.885
2022-03-10,-0.073,-0.03,-0.013,-0.005,0.02,0.035,0.05,0.085,0.139,0.198,0.457,0.656,0.772,0.859,0.889
2022-03-11,-0.074,-0.03,-0.019,-0.005,0.019,0.03,0.045,0.08,0.134,0.193,0.456,0.656,0.772,0.859,0.889
2022-03-14,-0.064,-0.03,-0.013,0.005,0.03,0.04,0.061,0.096,0.145,0.204,0.462,0.66,0.772,0.849,0.872
2022-03-15,-0.065,-0.025,-0.006,0.017,0.04,0.056,0.081,0.115,0.16,0.219,0.482,0.689,0.805,0.885,0.908
2022-03-16,-0.065,-0.025,-0.013,0.012,0.034,0.052,0.075,0.11,0.154,0.213,0.472,0.675,0.791,0.876,0.898
2022-03-17,-0.065,-0.025,-0.013,0.012,0.033,0.052,0.071,0.11,0.154,0.213,0.472,0.666,0.786,0.875,0.897
2022-03-18,-0.06,-0.018,-0.01,0.015,0.04,0.057,0.075,0.115,0.16,0.218,0.477,0.671,0.786,0.873,0.894
2022-03-22,-0.062,-0.018,-0.007,0.015,0.049,0.067,0.092,0.13,0.175,0.229,0.492,0.691,0.809,0.895,0.918
2022-03-23,-0.062,-0.023,-0.013,0.015,0.05,0.072,0.098,0.141,0.18,0.234,0.497,0.703,0.823,0.913,0.936
2022-03-24,-0.063,-0.023,-0.013,0.02,0.055,0.082,0.106,0.151,0.19,0.243,0.508,0.708,0.828,0.912,0.933
2022-03-25,-0.063,-0.023,-0.013,0.02,0.056,0.092,0.121,0.166,0.205,0.248,0.522,0.728,0.851,0.938,0.961
2022-03-28,-0.054,-0.018,-0.007,0.031,0.067,0.106,0.147,0.196,0.23,0.263,0.547,0.774,0.896,0.982,1.011
2022-03-29,-0.055,-0.021,-0.003,0.036,0.076,0.117,0.162,0.203,0.234,0.255,0.552,0.801,0.935,1.029,1.083
2022-03-30,-0.065,-0.031,-0.017,0.011,0.05,0.083,0.117,0.162,0.195,0.224,0.509,0.757,0.883,0.969,1.021
2022-03-31,-0.075,-0.03,-0.031,-0.002,0.036,0.068,0.102,0.147,0.186,0.218,0.46,0.697,0.819,0.906,0.946
2022-04-01,-0.075,-0.04,-0.045,-0.012,0.026,0.063,0.102,0.147,0.186,0.226,0.469,0.701,0.824,0.918,0.963
2022-04-04,-0.076,-0.04,-0.048,-0.016,0.022,0.058,0.098,0.142,0.182,0.223,0.48,0.706,0.829,0.928,0.972
2022-04-05,-0.076,-0.04,-0.041,-0.011,0.027,0.063,0.102,0.142,0.182,0.212,0.48,0.716,0.847,0.94,0.989
2022-04-06,-0.075,-0.035,-0.03,0.004,0.047,0.099,0.145,0.186,0.221,0.238,0.515,0.761,0.892,0.991,1.047
2022-04-07,-0.077,-0.04,-0.032,0.004,0.041,0.084,0.128,0.168,0.207,0.232,0.505,0.758,0.892,0.99,1.052
2022-04-08,-0.097,-0.08,-0.052,-0.016,0.024,0.069,0.123,0.166,0.202,0.227,0.481,0.738,0.874,0.969,1.036
2022-04-11,-0.105,-0.086,-0.047,-0.006,0.036,0.085,0.14,0.182,0.217,0.236,0.491,0.764,0.902,0.996,1.057
2022-04-12,-0.108,-0.08,-0.047,-0.01,0.028,0.085,0.145,0.193,0.222,0.241,0.501,0.773,0.906,0.996,1.053
2022-04-13,-0.099,-0.065,-0.041,-0.006,0.034,0.085,0.14,0.188,0.217,0.236,0.491,0.757,0.888,0.982,1.029
2022-04-14,-0.095,-0.061,-0.041,-0.011,0.028,0.075,0.124,0.178,0.213,0.237,0.482,0.741,0.862,0.947,0.994
2022-04-15,-0.095,-0.061,-0.04,-0.016,0.029,0.075,0.13,0.183,0.217,0.242,0.49,0.731,0.847,0.938,0.984
2022-04-18,-0.085,-0.056,-0.035,-0.016,0.029,0.081,0.14,0.188,0.222,0.242,0.491,0.746,0.861,0.961,1.01
2022-04-19,-0.085,-0.046,-0.032,-0.012,0.03,0.081,0.142,0.19,0.228,0.244,0.492,0.754,0.87,0.97,1.019
2022-04-20,-0.075,-0.046,-0.031,-0.007,0.037,0.097,0.158,0.203,0.242,0.253,0.512,0.78,0.898,0.984,1.028
2022-04-21,-0.081,-0.049,-0.04,-0.022,0.021,0.086,0.156,0.2,0.236,0.249,0.512,0.78,0.898,0.988,1.028
2022-04-22,-0.085,-0.057,-0.042,-0.022,0.021,0.086,0.16,0.211,0.242,0.25,0.537,0.798,0.916,1.015,1.053
2022-04-25,-0.085,-0.052,-0.043,-0.022,0.017,0.077,0.143,0.202,0.237,0.25,0.523,0.776,0.898,1.002,1.049
2022-04-26,-0.085,-0.057,-0.043,-0.022,0.016,0.076,0.139,0.194,0.232,0.251,0.52,0.767,0.889,0.988,1.036
2022-04-27,-0.085,-0.056,-0.043,-0.022,0.017,0.076,0.139,0.195,0.232,0.25,0.516,0.762,0.885,0.979,1.028
2022-04-28,-0.085,-0.06,-0.047,-0.027,0.005,0.057,0.109,0.17,0.209,0.22,0.502,0.748,0.871,0.974,1.02
2022-05-02,-0.075,-0.05,-0.04,-0.022,0.017,0.075,0.135,0.19,0.222,0.231,0.517,0.758,0.885,0.989,1.036
2022-05-06,-0.075,-0.045,-0.037,-0.011,0.024,0.091,0.155,0.21,0.241,0.247,0.537,0.777,0.906,1.012,1.058
2022-05-09,-0.075,-0.046,-0.037,-0.011,0.023,0.098,0.166,0.22,0.245,0.253,0.545,0.791,0.926,1.03,1.075
2022-05-10,-0.075,-0.046,-0.037,-0.011,0.023,0.092,0.156,0.216,0.243,0.253,0.541,0.781,0.916,1.029,1.079
2022-05-11,-0.075,-0.046,-0.037,-0.011,0.023,0.084,0.146,0.206,0.238,0.253,0.537,0.777,0.912,1.021,1.079
2022-05-12,-0.086,-0.051,-0.041,-0.016,0.018,0.074,0.134,0.194,0.23,0.251,0.528,0.767,0.903,1.007,1.075
2022-05-13,-0.092,-0.057,-0.046,-0.021,0.012,0.069,0.129,0.188,0.225,0.247,0.518,0.753,0.89,0.998,1.061
2022-05-16,-0.086,-0.056,-0.044,-0.021,0.019,0.075,0.135,0.191,0.231,0.247,0.524,0.758,0.894,1.002,1.07
2022-05-17,-0.086,-0.056,-0.044,-0.021,0.019,0.075,0.135,0.191,0.231,0.247,0.532,0.772,0.908,1.016,1.087
2022-05-18,-0.086,-0.056,-0.041,-0.016,0.022,0.07,0.13,0.189,0.232,0.246,0.532,0.777,0.912,1.021,1.087
2022-05-19,-0.085,-0.056,-0.041,-0.016,0.022,0.068,0.126,0.181,0.226,0.246,0.527,0.768,0.903,1.007,1.075
2022-05-20,-0.096,-0.056,-0.045,-0.021,0.018,0.06,0.11,0.167,0.216,0.243,0.514,0.744,0.885,0.989,1.062
2022-05-23,-0.095,-0.062,-0.045,-0.021,0.019,0.066,0.116,0.167,0.217,0.244,0.51,0.734,0.881,0.989,1.062
2022-05-24,-0.095,-0.067,-0.05,-0.026,0.008,0.057,0.101,0.152,0.207,0.239,0.499,0.73,0.868,0.97,1.045
2022-05-25,-0.098,-0.075,-0.054,-0.036,-0.008,0.037,0.081,0.132,0.182,0.215,0.481,0.712,0.854,0.962,1.033
2022-05-26,-0.095,-0.062,-0.045,-0.021,0.008,0.057,0.102,0.152,0.206,0.24,0.519,0.76,0.903,1.002,1.078
2022-05-27,-0.095,-0.067,-0.051,-0.026,0.004,0.052,0.096,0.147,0.196,0.236,0.505,0.741,0.886,0.989,1.061
2022-05-30,-0.095,-0.068,-0.048,-0.026,0.008,0.052,0.101,0.148,0.196,0.241,0.511,0.752,0.895,1.001,1.07
2022-05-31,-0.085,-0.07,-0.049,-0.026,0.01,0.064,0.122,0.173,0.213,0.246,0.521,0.766,0.909,1.021,1.092
2022-06-01,-0.085,-0.075,-0.059,-0.033,-0.001,0.052,0.114,0.168,0.208,0.242,0.526,0.766,0.918,1.034,1.11
2022-06-02,-0.085,-0.07,-0.055,-0.031,0.006,0.058,0.122,0.178,0.217,0.251,0.535,0.779,0.931,1.038,1.122
2022-06-03,-0.086,-0.07,-0.059,-0.036,-0.001,0.048,0.106,0.163,0.206,0.241,0.521,0.756,0.916,1.025,1.101
2022-06-06,-0.086,-0.065,-0.055,-0.03,0.006,0.058,0.123,0.179,0.218,0.252,0.531,0.766,0.926,1.029,1.106
2022-06-07,-0.087,-0.07,-0.055,-0.03,0.009,0.068,0.143,0.199,0.229,0.257,0.541,0.781,0.944,1.052,1.123
2022-06-08,-0.087,-0.07,-0.059,-0.035,0.003,0.063,0.138,0.199,0.229,0.257,0.541,0.775,0.94,1.055,1.127
2022-06-09,-0.087,-0.075,-0.065,-0.04,0.003,0.058,0.128,0.199,0.233,0.255,0.544,0.785,0.953,1.074,1.144
2022-06-10,-0.088,-0.081,-0.069,-0.041,0.007,0.073,0.138,0.213,0.245,0.261,0.56,0.798,0.962,1.079,1.153
2022-06-13,-0.085,-0.051,-0.039,-0.006,0.047,0.119,0.189,0.253,0.263,0.264,0.613,0.862,1.033,1.163,1.241
2022-06-14,-0.085,-0.05,-0.02,0.029,0.092,0.184,0.271,0.323,0.31,0.264,0.639,0.875,1.042,1.157,1.237
2022-06-15,-0.095,-0.06,-0.026,0.024,0.087,0.174,0.261,0.314,0.314,0.271,0.693,0.93,1.095,1.211,1.286
2022-06-16,-0.114,-0.084,-0.053,-0.01,0.046,0.131,0.22,0.28,0.294,0.269,0.656,0.872,1.038,1.148,1.225
2022-06-17,-0.105,-0.071,-0.043,0,0.062,0.135,0.209,0.259,0.272,0.239,0.657,0.886,1.051,1.152,1.225
2022-06-20,-0.101,-0.059,-0.03,0.02,0.082,0.15,0.209,0.259,0.269,0.248,0.667,0.916,1.086,1.188,1.254
2022-06-21,-0.105,-0.066,-0.027,0.02,0.096,0.155,0.215,0.268,0.273,0.252,0.658,0.918,1.108,1.217,1.282
2022-06-22,-0.122,-0.079,-0.037,0.01,0.087,0.156,0.22,0.27,0.273,0.255,0.644,0.922,1.113,1.226,1.291
2022-06-23,-0.132,-0.085,-0.047,-0.007,0.066,0.131,0.191,0.248,0.258,0.246,0.628,0.901,1.091,1.203,1.275
2022-06-24,-0.133,-0.079,-0.047,-0.017,0.049,0.106,0.157,0.22,0.244,0.24,0.634,0.897,1.099,1.211,1.284
2022-06-27,-0.115,-0.066,-0.037,-0.007,0.061,0.121,0.176,0.24,0.258,0.252,0.659,0.922,1.13,1.25,1.32
2022-06-28,-0.114,-0.045,-0.027,0.003,0.068,0.126,0.182,0.245,0.263,0.252,0.664,0.929,1.135,1.257,1.337
2022-06-29,-0.114,-0.05,-0.034,-0.002,0.056,0.116,0.167,0.23,0.254,0.246,0.65,0.911,1.118,1.24,1.325
2022-06-30,-0.105,-0.065,-0.057,-0.022,0.042,0.107,0.167,0.235,0.253,0.242,0.634,0.891,1.083,1.213,1.294
2022-07-01,-0.105,-0.07,-0.074,-0.032,0.026,0.088,0.148,0.211,0.239,0.229,0.602,0.873,1.066,1.205,1.29
2022-07-04,-0.106,-0.065,-0.071,-0.032,0.031,0.089,0.149,0.212,0.239,0.235,0.608,0.885,1.084,1.228,1.315
2022-07-05,-0.106,-0.06,-0.068,-0.031,0.031,0.089,0.149,0.212,0.239,0.253,0.623,0.904,1.11,1.255,1.351
2022-07-06,-0.106,-0.065,-0.072,-0.036,0.025,0.074,0.119,0.187,0.224,0.248,0.613,0.898,1.098,1.237,1.339
2022-07-07,-0.115,-0.071,-0.072,-0.036,0.024,0.069,0.112,0.182,0.22,0.249,0.608,0.903,1.097,1.235,1.339
2022-07-08,-0.117,-0.07,-0.071,-0.03,0.035,0.084,0.13,0.192,0.229,0.248,0.614,0.928,1.118,1.249,1.351
2022-07-11,-0.118,-0.07,-0.065,-0.02,0.045,0.1,0.149,0.206,0.234,0.244,0.619,0.949,1.145,1.283,1.384
2022-07-12,-0.118,-0.07,-0.069,-0.03,0.039,0.089,0.135,0.196,0.227,0.244,0.619,0.945,1.15,1.301,1.412
2022-07-13,-0.125,-0.076,-0.076,-0.04,0.025,0.075,0.129,0.191,0.219,0.235,0.602,0.915,1.127,1.267,1.381
2022-07-14,-0.109,-0.06,-0.063,-0.03,0.036,0.087,0.141,0.2,0.224,0.235,0.599,0.898,1.115,1.249,1.36
2022-07-15,-0.126,-0.061,-0.063,-0.029,0.032,0.084,0.136,0.197,0.223,0.235,0.59,0.875,1.089,1.213,1.32
2022-07-19,-0.135,-0.077,-0.07,-0.034,0.026,0.081,0.136,0.197,0.225,0.238,0.611,0.907,1.128,1.267,1.381
2022-07-20,-0.145,-0.077,-0.077,-0.034,0.03,0.086,0.147,0.206,0.234,0.244,0.621,0.917,1.137,1.276,1.394
2022-07-21,-0.152,-0.075,-0.084,-0.044,0.02,0.076,0.132,0.194,0.225,0.239,0.611,0.903,1.124,1.263,1.387
2022-07-22,-0.145,-0.077,-0.085,-0.054,0.01,0.049,0.098,0.163,0.198,0.222,0.578,0.866,1.085,1.237,1.373
2022-07-25,-0.142,-0.075,-0.083,-0.06,0.002,0.036,0.07,0.129,0.166,0.208,0.573,0.857,1.072,1.222,1.363
2022-07-26,-0.135,-0.077,-0.083,-0.06,0.002,0.033,0.061,0.123,0.16,0.215,0.569,0.844,1.05,1.188,1.307
2022-07-27,-0.135,-0.078,-0.079,-0.06,0.002,0.028,0.055,0.115,0.15,0.211,0.563,0.829,1.038,1.174,1.287
2022-07-28,-0.134,-0.076,-0.084,-0.066,-0.008,0.023,0.056,0.115,0.152,0.209,0.574,0.863,1.068,1.218,1.326
2022-07-29,-0.144,-0.09,-0.094,-0.076,-0.025,0.003,0.034,0.095,0.132,0.185,0.551,0.847,1.047,1.204,1.304
2022-08-01,-0.145,-0.09,-0.094,-0.076,-0.018,0.008,0.039,0.101,0.138,0.19,0.571,0.868,1.07,1.238,1.336
2022-08-02,-0.135,-0.09,-0.098,-0.081,-0.024,-0.002,0.025,0.085,0.123,0.18,0.542,0.83,1.035,1.202,1.293
2022-08-03,-0.136,-0.085,-0.097,-0.076,-0.013,0.008,0.037,0.096,0.135,0.195,0.557,0.854,1.056,1.22,1.314
2022-08-04,-0.146,-0.095,-0.107,-0.084,-0.024,-0.007,0.023,0.078,0.12,0.181,0.542,0.835,1.038,1.197,1.29
2022-08-05,-0.146,-0.1,-0.11,-0.089,-0.033,-0.017,0.017,0.07,0.11,0.172,0.523,0.811,1.012,1.17,1.261
2022-08-08,-0.147,-0.101,-0.107,-0.084,-0.028,-0.012,0.031,0.081,0.118,0.182,0.525,0.812,1.008,1.162,1.257
2022-08-09,-0.148,-0.101,-0.107,-0.084,-0.033,-0.022,0.022,0.071,0.112,0.172,0.515,0.797,0.986,1.135,1.22
2022-08-10,-0.138,-0.09,-0.091,-0.064,-0.008,0.013,0.051,0.101,0.143,0.202,0.524,0.797,0.986,1.13,1.209
2022-08-12,-0.139,-0.086,-0.086,-0.059,-0.003,0.019,0.058,0.106,0.143,0.197,0.522,0.792,0.977,1.12,1.195
2022-08-15,-0.134,-0.085,-0.087,-0.058,0.003,0.019,0.053,0.102,0.138,0.197,0.52,0.798,0.982,1.135,1.216
2022-08-16,-0.134,-0.09,-0.09,-0.062,-0.007,0.006,0.029,0.081,0.118,0.178,0.506,0.773,0.955,1.102,1.187
2022-08-17,-0.135,-0.09,-0.087,-0.057,-0.003,0.015,0.04,0.097,0.133,0.192,0.514,0.768,0.949,1.088,1.174
2022-08-18,-0.131,-0.086,-0.08,-0.053,0.008,0.029,0.06,0.117,0.15,0.208,0.535,0.789,0.981,1.121,1.204
2022-08-19,-0.131,-0.086,-0.08,-0.057,0.005,0.029,0.069,0.123,0.155,0.208,0.532,0.779,0.964,1.098,1.179
2022-08-22,-0.122,-0.081,-0.077,-0.048,0.022,0.062,0.113,0.172,0.183,0.235,0.567,0.827,1.009,1.149,1.23
2022-08-23,-0.132,-0.086,-0.086,-0.054,0.016,0.054,0.108,0.172,0.179,0.231,0.571,0.84,1.027,1.172,1.255
2022-08-24,-0.133,-0.086,-0.086,-0.054,0.028,0.064,0.118,0.182,0.188,0.236,0.577,0.842,1.027,1.168,1.251
2022-08-25,-0.133,-0.087,-0.084,-0.054,0.035,0.078,0.134,0.197,0.204,0.241,0.595,0.861,1.04,1.172,1.256
2022-08-26,-0.133,-0.087,-0.084,-0.053,0.023,0.068,0.124,0.187,0.195,0.23,0.586,0.847,1.036,1.168,1.247
2022-08-29,-0.133,-0.079,-0.075,-0.043,0.041,0.093,0.164,0.222,0.231,0.254,0.615,0.885,1.075,1.213,1.289
2022-08-30,-0.134,-0.09,-0.088,-0.058,0.019,0.068,0.134,0.198,0.21,0.234,0.605,0.881,1.071,1.213,1.298
2022-08-31,-0.135,-0.085,-0.088,-0.058,0.019,0.068,0.135,0.193,0.207,0.235,0.587,0.862,1.058,1.204,1.285
2022-09-01,-0.135,-0.08,-0.085,-0.053,0.03,0.078,0.145,0.203,0.215,0.25,0.606,0.89,1.089,1.236,1.318
2022-09-02,-0.135,-0.085,-0.085,-0.053,0.038,0.083,0.155,0.217,0.224,0.25,0.625,0.914,1.115,1.273,1.364
2022-09-05,-0.136,-0.085,-0.095,-0.06,0.026,0.068,0.136,0.199,0.215,0.245,0.611,0.901,1.097,1.254,1.353
2022-09-06,-0.135,-0.081,-0.088,-0.053,0.037,0.078,0.152,0.218,0.226,0.253,0.621,0.915,1.11,1.263,1.362
2022-09-07,-0.135,-0.081,-0.089,-0.05,0.043,0.088,0.165,0.237,0.24,0.263,0.649,0.948,1.154,1.307,1.412
2022-09-08,-0.135,-0.081,-0.085,-0.05,0.046,0.089,0.147,0.228,0.24,0.263,0.651,0.948,1.154,1.303,1.404
2022-09-09,-0.136,-0.081,-0.076,-0.038,0.063,0.104,0.153,0.233,0.246,0.265,0.67,0.957,1.167,1.316,1.417
2022-09-12,-0.146,-0.076,-0.069,-0.037,0.067,0.109,0.154,0.234,0.249,0.265,0.656,0.934,1.142,1.289,1.393
2022-09-13,-0.146,-0.076,-0.069,-0.041,0.047,0.091,0.125,0.209,0.225,0.26,0.618,0.882,1.09,1.236,1.34
2022-09-14,-0.155,-0.076,-0.063,-0.031,0.059,0.106,0.159,0.234,0.244,0.27,0.613,0.863,1.06,1.199,1.299
2022-09-15,-0.156,-0.076,-0.063,-0.026,0.063,0.114,0.174,0.248,0.25,0.272,0.656,0.934,1.129,1.262,1.35
2022-09-16,-0.156,-0.071,-0.06,-0.021,0.069,0.119,0.174,0.248,0.259,0.273,0.671,0.958,1.155,1.293,1.381
2022-09-20,-0.141,-0.07,-0.06,-0.02,0.069,0.12,0.181,0.254,0.264,0.274,0.682,0.968,1.168,1.317,1.406
2022-09-21,-0.136,-0.055,-0.043,-0.002,0.085,0.13,0.191,0.27,0.277,0.287,0.701,0.972,1.173,1.321,1.41
2022-09-22,-0.136,-0.066,-0.053,-0.017,0.064,0.109,0.161,0.239,0.258,0.27,0.682,0.957,1.164,1.312,1.406
2022-09-26,-0.125,-0.056,-0.044,0.004,0.092,0.146,0.207,0.279,0.289,0.287,0.72,0.995,1.219,1.379,1.474
2022-09-27,-0.125,-0.045,-0.033,0.021,0.114,0.167,0.225,0.295,0.303,0.294,0.754,1.033,1.266,1.427,1.54
2022-09-28,-0.125,-0.04,-0.034,0.017,0.1,0.152,0.211,0.285,0.293,0.284,0.758,1.047,1.287,1.462,1.587
2022-09-29,-0.125,-0.05,-0.034,0.017,0.095,0.147,0.207,0.275,0.285,0.283,0.731,1.006,1.237,1.396,1.51
2022-09-30,-0.115,-0.05,-0.037,0.007,0.088,0.136,0.192,0.259,0.275,0.277,0.726,1.01,1.233,1.391,1.497
2022-10-03,-0.115,-0.055,-0.048,-0.001,0.072,0.122,0.179,0.251,0.264,0.267,0.694,0.975,1.187,1.33,1.439
2022-10-04,-0.126,-0.06,-0.052,-0.011,0.056,0.1,0.148,0.221,0.245,0.249,0.67,0.957,1.174,1.325,1.43
2022-10-05,-0.135,-0.065,-0.057,-0.011,0.056,0.098,0.149,0.216,0.242,0.249,0.661,0.957,1.183,1.344,1.442
2022-10-06,-0.137,-0.07,-0.061,-0.011,0.056,0.098,0.155,0.221,0.242,0.249,0.671,0.965,1.187,1.358,1.462
2022-10-07,-0.135,-0.065,-0.058,-0.005,0.066,0.112,0.173,0.241,0.259,0.25,0.69,0.976,1.191,1.369,1.474
2022-10-11,-0.128,-0.054,-0.044,0.008,0.082,0.128,0.192,0.26,0.275,0.256,0.732,1.035,1.248,1.435,1.545
2022-10-12,-0.128,-0.054,-0.041,0.009,0.08,0.123,0.183,0.255,0.27,0.257,0.751,1.063,1.281,1.468,1.592
2022-10-13,-0.126,-0.05,-0.037,0.015,0.09,0.133,0.193,0.266,0.279,0.252,0.762,1.071,1.288,1.465,1.584
2022-10-14,-0.126,-0.05,-0.037,0.015,0.086,0.138,0.197,0.271,0.282,0.253,0.762,1.066,1.281,1.456,1.573
2022-10-17,-0.126,-0.05,-0.03,0.021,0.097,0.149,0.209,0.281,0.298,0.259,0.786,1.104,1.319,1.495,1.615
2022-10-18,-0.126,-0.05,-0.031,0.025,0.097,0.149,0.208,0.281,0.297,0.259,0.786,1.118,1.332,1.499,1.624
2022-10-19,-0.115,-0.034,-0.016,0.04,0.112,0.164,0.221,0.29,0.303,0.259,0.787,1.123,1.34,1.495,1.62
2022-10-20,-0.1,-0.021,-0.004,0.06,0.132,0.188,0.236,0.301,0.311,0.261,0.823,1.155,1.365,1.507,1.621
2022-10-21,-0.095,-0.003,0.008,0.068,0.142,0.197,0.241,0.315,0.326,0.261,0.861,1.191,1.414,1.558,1.676
2022-10-24,-0.088,0.001,0.008,0.069,0.143,0.199,0.237,0.311,0.321,0.263,0.899,1.236,1.466,1.617,1.732
2022-10-25,-0.095,-0.008,-0.002,0.053,0.123,0.189,0.235,0.309,0.32,0.263,0.877,1.191,1.415,1.549,1.669
2022-10-26,-0.105,-0.019,-0.017,0.034,0.098,0.167,0.215,0.291,0.299,0.264,0.868,1.186,1.402,1.528,1.642
2022-10-27,-0.114,-0.044,-0.044,0.005,0.07,0.137,0.185,0.254,0.265,0.265,0.809,1.114,1.333,1.469,1.587
2022-10-28,-0.114,-0.049,-0.044,0.005,0.077,0.132,0.181,0.244,0.256,0.254,0.763,1.087,1.292,1.438,1.558
2022-10-31,-0.105,-0.045,-0.038,0.011,0.082,0.133,0.182,0.244,0.256,0.253,0.735,1.059,1.267,1.417,1.531
2022-11-01,-0.105,-0.045,-0.04,0.006,0.078,0.128,0.179,0.244,0.255,0.264,0.763,1.1,1.309,1.482,1.598
2022-11-02,-0.095,-0.04,-0.038,0.006,0.082,0.128,0.184,0.244,0.255,0.258,0.768,1.119,1.333,1.518,1.632
2022-11-04,-0.095,-0.04,-0.037,0.012,0.094,0.143,0.212,0.276,0.28,0.263,0.806,1.151,1.363,1.54,1.655
2022-11-07,-0.095,-0.04,-0.039,0.011,0.094,0.14,0.211,0.276,0.279,0.265,0.814,1.165,1.379,1.556,1.678
2022-11-08,-0.095,-0.04,-0.044,0.008,0.095,0.144,0.214,0.281,0.289,0.267,0.844,1.193,1.404,1.57,1.697
2022-11-09,-0.105,-0.05,-0.054,-0.009,0.08,0.123,0.183,0.252,0.262,0.267,0.804,1.129,1.343,1.497,1.622
2022-11-10,-0.105,-0.05,-0.055,-0.008,0.075,0.113,0.165,0.232,0.242,0.263,0.794,1.129,1.343,1.506,1.633
2022-11-11,-0.105,-0.056,-0.058,-0.018,0.054,0.086,0.132,0.195,0.208,0.252,0.747,1.06,1.272,1.437,1.564
2022-11-14,-0.105,-0.05,-0.048,-0.005,0.068,0.104,0.153,0.211,0.224,0.259,0.78,1.106,1.31,1.485,1.618
2022-11-15,-0.101,-0.047,-0.048,-0.004,0.074,0.103,0.139,0.201,0.214,0.259,0.77,1.079,1.285,1.454,1.584
2022-11-16,-0.1,-0.042,-0.043,-0.002,0.075,0.103,0.145,0.206,0.218,0.26,0.77,1.065,1.273,1.437,1.568
2022-11-17,-0.1,-0.041,-0.039,0.005,0.077,0.092,0.13,0.191,0.206,0.261,0.758,1.042,1.248,1.402,1.534
2022-11-18,-0.095,-0.019,-0.013,0.024,0.091,0.109,0.145,0.205,0.218,0.267,0.762,1.056,1.261,1.41,1.537
2022-11-21,-0.095,-0.014,-0.008,0.028,0.091,0.109,0.146,0.206,0.218,0.263,0.763,1.075,1.279,1.445,1.571
2022-11-22,-0.095,-0.019,-0.014,0.025,0.086,0.107,0.149,0.212,0.222,0.263,0.764,1.071,1.282,1.455,1.591
2022-11-24,-0.095,-0.024,-0.017,0.021,0.08,0.105,0.147,0.207,0.222,0.268,0.764,1.072,1.283,1.446,1.597
2022-11-25,-0.095,-0.018,-0.008,0.036,0.104,0.139,0.184,0.246,0.262,0.275,0.795,1.1,1.312,1.474,1.613
2022-11-28,-0.095,-0.019,-0.009,0.037,0.104,0.138,0.18,0.242,0.257,0.278,0.807,1.109,1.321,1.479,1.618
2022-11-29,-0.095,-0.03,-0.009,0.042,0.12,0.153,0.201,0.262,0.274,0.278,0.835,1.137,1.352,1.509,1.648
2022-11-30,-0.075,-0.03,-0.006,0.047,0.12,0.152,0.21,0.271,0.282,0.276,0.827,1.133,1.346,1.5,1.649
2022-12-01,-0.085,-0.03,-0.01,0.042,0.109,0.14,0.191,0.256,0.267,0.276,0.804,1.124,1.341,1.505,1.66
2022-12-02,-0.075,-0.025,-0.01,0.043,0.116,0.139,0.192,0.257,0.267,0.279,0.797,1.104,1.321,1.482,1.645
2022-12-05,-0.075,-0.02,-0.003,0.053,0.126,0.153,0.202,0.272,0.282,0.281,0.809,1.109,1.322,1.478,1.642
2022-12-06,-0.075,-0.01,0.007,0.069,0.14,0.163,0.208,0.286,0.296,0.282,0.831,1.122,1.326,1.473,1.632
2022-12-07,-0.075,-0.009,0.007,0.069,0.133,0.149,0.185,0.266,0.279,0.281,0.814,1.107,1.313,1.466,1.615
2022-12-08,-0.075,-0.009,0.007,0.069,0.134,0.154,0.189,0.262,0.278,0.278,0.801,1.093,1.293,1.44,1.584
2022-12-09,-0.083,-0.015,0,0.06,0.126,0.154,0.193,0.252,0.269,0.277,0.782,1.076,1.264,1.401,1.543
2022-12-12,-0.075,-0.014,0.007,0.065,0.135,0.164,0.213,0.263,0.275,0.28,0.797,1.103,1.288,1.43,1.564
2022-12-13,-0.081,-0.015,0,0.066,0.136,0.164,0.214,0.273,0.284,0.278,0.796,1.095,1.276,1.403,1.537
2022-12-14,-0.081,-0.015,-0.003,0.061,0.131,0.159,0.21,0.268,0.279,0.277,0.78,1.075,1.261,1.395,1.525
2022-12-15,-0.081,-0.015,-0.003,0.061,0.139,0.175,0.219,0.282,0.289,0.281,0.817,1.114,1.29,1.417,1.533
2022-12-16,-0.085,-0.019,-0.013,0.056,0.139,0.175,0.219,0.283,0.289,0.28,0.826,1.142,1.327,1.466,1.592
2022-12-19,-0.075,-0.009,0,0.07,0.154,0.185,0.229,0.288,0.294,0.282,0.86,1.178,1.365,1.51,1.639
2022-12-20,-0.059,0.011,0.027,0.098,0.195,0.28,0.339,0.418,0.42,0.432,0.92,1.222,1.413,1.553,1.683
2022-12-21,-0.065,-0.009,0.027,0.146,0.261,0.348,0.407,0.483,0.487,0.517,0.936,1.218,1.406,1.528,1.659
2022-12-22,-0.065,0.002,0.027,0.136,0.235,0.296,0.348,0.414,0.409,0.431,0.915,1.204,1.394,1.52,1.65
2022-12-23,-0.055,0.014,0.036,0.122,0.217,0.289,0.359,0.43,0.418,0.424,0.937,1.216,1.378,1.495,1.621
2022-12-26,-0.037,0.033,0.056,0.151,0.257,0.326,0.394,0.468,0.459,0.482,0.958,1.221,1.382,1.495,1.629
2022-12-27,-0.029,0.038,0.063,0.159,0.262,0.34,0.414,0.493,0.483,0.501,0.972,1.239,1.406,1.52,1.652
2022-12-28,-0.026,0.039,0.066,0.165,0.262,0.345,0.424,0.497,0.482,0.493,0.995,1.265,1.431,1.549,1.682
2022-12-29,0.011,0.039,0.073,0.17,0.262,0.354,0.433,0.504,0.487,0.489,1.044,1.308,1.471,1.586,1.723
2022-12-30,0.013,0.03,0.063,0.158,0.253,0.341,0.428,0.499,0.472,0.454,1.019,1.29,1.463,1.578,1.742
2023-01-04,0.005,0.025,0.057,0.152,0.246,0.352,0.445,0.524,0.504,0.491,1.056,1.328,1.497,1.61,1.771
2023-01-05,-0.005,0.015,0.043,0.132,0.234,0.339,0.431,0.51,0.494,0.508,1.033,1.295,1.476,1.586,1.752
2023-01-06,-0.006,0.011,0.036,0.121,0.23,0.328,0.416,0.504,0.495,0.508,1.024,1.282,1.465,1.573,1.74
2023-01-10,-0.004,0.026,0.047,0.148,0.258,0.353,0.443,0.529,0.527,0.509,1.066,1.326,1.505,1.617,1.779
2023-01-11,-0.004,0.026,0.047,0.153,0.262,0.357,0.448,0.535,0.531,0.509,1.057,1.316,1.49,1.609,1.764
2023-01-12,-0.002,0.041,0.066,0.18,0.302,0.411,0.487,0.585,0.598,0.509,1.116,1.38,1.541,1.649,1.802
2023-01-13,-0.005,0.032,0.069,0.185,0.328,0.431,0.502,0.619,0.636,0.508,1.112,1.365,1.525,1.61,1.768
2023-01-16,-0.005,0.032,0.063,0.18,0.319,0.422,0.493,0.599,0.594,0.51,1.09,1.344,1.487,1.559,1.714
2023-01-17,0,0.041,0.077,0.197,0.329,0.43,0.506,0.604,0.598,0.512,1.103,1.344,1.481,1.546,1.673
2023-01-18,-0.025,0.006,0.029,0.13,0.238,0.341,0.411,0.518,0.516,0.43,1.072,1.33,1.469,1.534,1.662
2023-01-19,-0.039,-0.001,0.021,0.119,0.223,0.314,0.379,0.477,0.473,0.422,1.045,1.312,1.469,1.555,1.697
2023-01-20,-0.045,-0.004,0.014,0.102,0.198,0.276,0.337,0.427,0.422,0.418,1.01,1.294,1.469,1.56,1.712
2023-01-23,-0.045,-0.015,-0.001,0.076,0.168,0.231,0.281,0.369,0.36,0.396,0.965,1.272,1.456,1.561,1.72
2023-01-24,-0.045,-0.005,0.004,0.085,0.185,0.252,0.305,0.391,0.377,0.427,0.979,1.281,1.456,1.542,1.701
2023-01-25,-0.045,-0.01,0.004,0.083,0.189,0.257,0.317,0.424,0.415,0.457,1.001,1.299,1.464,1.535,1.69
2023-01-26,-0.055,-0.009,0.006,0.083,0.189,0.252,0.311,0.429,0.432,0.483,1.021,1.313,1.47,1.526,1.671
2023-01-27,-0.055,0.001,0.014,0.095,0.2,0.283,0.364,0.485,0.51,0.497,1.087,1.377,1.518,1.574,1.697
2023-01-30,-0.055,-0.004,0.011,0.087,0.187,0.273,0.361,0.472,0.493,0.497,1.09,1.386,1.534,1.596,1.725
2023-01-31,-0.055,-0.01,0.021,0.098,0.198,0.3,0.398,0.514,0.535,0.511,1.114,1.387,1.534,1.6,1.736
2023-02-01,-0.065,-0.02,0.016,0.094,0.192,0.292,0.378,0.491,0.506,0.5,1.071,1.35,1.505,1.57,1.702
2023-02-02,-0.065,-0.02,0.01,0.092,0.192,0.292,0.374,0.479,0.487,0.515,1.039,1.314,1.471,1.531,1.656
2023-02-03,-0.076,-0.03,-0.01,0.066,0.167,0.262,0.344,0.446,0.45,0.503,1.007,1.296,1.455,1.531,1.656
2023-02-06,-0.075,-0.025,-0.003,0.072,0.179,0.278,0.365,0.47,0.473,0.511,1.04,1.324,1.474,1.539,1.663
2023-02-07,-0.077,-0.029,-0.003,0.077,0.19,0.289,0.375,0.482,0.487,0.511,1.041,1.329,1.479,1.561,1.69
2023-02-08,-0.077,-0.029,0.007,0.093,0.2,0.297,0.381,0.484,0.488,0.511,1.041,1.319,1.463,1.544,1.676
2023-02-09,-0.085,-0.035,0.006,0.101,0.214,0.313,0.392,0.495,0.498,0.511,1.046,1.324,1.459,1.544,1.672
2023-02-10,-0.095,-0.045,-0.001,0.096,0.215,0.318,0.401,0.51,0.509,0.514,1.06,1.346,1.479,1.562,1.694
2023-02-13,-0.105,-0.055,-0.011,0.087,0.202,0.309,0.393,0.507,0.509,0.524,1.046,1.314,1.443,1.509,1.641
2023-02-14,-0.111,-0.056,-0.01,0.093,0.208,0.31,0.38,0.498,0.501,0.524,1.033,1.301,1.435,1.505,1.637
2023-02-15,-0.111,-0.051,-0.004,0.099,0.208,0.314,0.382,0.494,0.491,0.525,1.021,1.292,1.422,1.482,1.612
2023-02-16,-0.115,-0.047,0,0.104,0.226,0.32,0.396,0.512,0.514,0.526,1.046,1.309,1.435,1.486,1.606
2023-02-17,-0.115,-0.047,-0.003,0.105,0.227,0.326,0.405,0.527,0.533,0.528,1.072,1.324,1.452,1.503,1.613
2023-02-20,-0.112,-0.043,0,0.111,0.235,0.331,0.407,0.527,0.533,0.53,1.092,1.333,1.457,1.507,1.611
2023-02-21,-0.105,-0.029,0.017,0.126,0.255,0.356,0.432,0.551,0.555,0.531,1.097,1.328,1.449,1.504,1.61
2023-02-22,-0.104,-0.029,0.023,0.132,0.261,0.365,0.442,0.552,0.56,0.531,1.089,1.315,1.425,1.473,1.568
2023-02-24,-0.101,-0.029,0.015,0.118,0.238,0.336,0.416,0.527,0.531,0.53,1.053,1.293,1.411,1.464,1.564
2023-02-27,-0.087,-0.028,0.018,0.125,0.245,0.347,0.432,0.538,0.54,0.532,1.05,1.279,1.396,1.455,1.561
2023-02-28,-0.066,-0.026,0.007,0.116,0.229,0.329,0.413,0.523,0.52,0.524,0.952,1.209,1.326,1.393,1.473
2023-03-01,-0.065,-0.035,-0.003,0.106,0.219,0.323,0.407,0.519,0.52,0.525,0.96,1.205,1.314,1.389,1.466
2023-03-02,-0.075,-0.035,-0.008,0.101,0.216,0.323,0.416,0.534,0.542,0.527,0.992,1.232,1.339,1.416,1.502
2023-03-03,-0.076,-0.04,-0.012,0.089,0.213,0.309,0.393,0.523,0.54,0.527,0.993,1.25,1.356,1.443,1.538
2023-03-06,-0.077,-0.039,-0.008,0.103,0.229,0.325,0.4,0.543,0.569,0.53,0.998,1.251,1.36,1.439,1.531
2023-03-07,-0.078,-0.039,-0.017,0.091,0.219,0.316,0.395,0.529,0.555,0.528,0.992,1.261,1.372,1.448,1.547
2023-03-08,-0.087,-0.04,-0.017,0.091,0.224,0.316,0.399,0.529,0.555,0.529,1.002,1.272,1.389,1.475,1.583
2023-03-09,-0.077,-0.019,0.015,0.128,0.247,0.34,0.429,0.563,0.589,0.53,1.025,1.286,1.396,1.475,1.591
2023-03-10,-0.085,-0.03,0.003,0.104,0.212,0.283,0.344,0.463,0.483,0.428,0.952,1.229,1.347,1.423,1.542
2023-03-13,-0.085,-0.025,0,0.089,0.192,0.256,0.312,0.415,0.424,0.342,0.871,1.142,1.261,1.335,1.454
2023-03-14,-0.095,-0.04,-0.029,0.044,0.135,0.17,0.208,0.292,0.301,0.314,0.76,1.023,1.128,1.206,1.327
2023-03-15,-0.106,-0.051,-0.035,0.049,0.145,0.185,0.224,0.326,0.33,0.36,0.818,1.11,1.229,1.323,1.454
2023-03-16,-0.119,-0.07,-0.055,0.029,0.121,0.148,0.168,0.263,0.275,0.325,0.78,1.076,1.216,1.312,1.446
2023-03-17,-0.13,-0.075,-0.065,0.019,0.116,0.145,0.173,0.264,0.275,0.317,0.806,1.095,1.236,1.33,1.465
2023-03-20,-0.136,-0.077,-0.072,0,0.071,0.097,0.12,0.205,0.216,0.281,0.757,1.024,1.185,1.277,1.422
2023-03-22,-0.125,-0.056,-0.048,0.028,0.114,0.14,0.175,0.27,0.279,0.378,0.822,1.101,1.249,1.34,1.479
2023-03-23,-0.129,-0.063,-0.058,0.013,0.092,0.125,0.157,0.245,0.258,0.339,0.799,1.092,1.249,1.347,1.495
2023-03-24,-0.136,-0.067,-0.062,-0.002,0.077,0.116,0.151,0.235,0.253,0.321,0.79,1.089,1.249,1.357,1.515
2023-03-27,-0.135,-0.067,-0.062,0.004,0.084,0.121,0.156,0.246,0.259,0.33,0.796,1.108,1.266,1.376,1.552
2023-03-28,-0.134,-0.059,-0.058,0.014,0.094,0.128,0.166,0.257,0.278,0.337,0.767,1.061,1.203,1.292,1.451
2023-03-29,-0.134,-0.07,-0.062,0.014,0.091,0.117,0.156,0.247,0.26,0.335,0.724,1.009,1.148,1.243,1.381
2023-03-30,-0.134,-0.061,-0.052,0.024,0.101,0.135,0.187,0.276,0.286,0.362,0.743,1.028,1.165,1.258,1.385
2023-03-31,-0.115,-0.061,-0.052,0.024,0.104,0.147,0.212,0.303,0.301,0.389,0.784,1.044,1.189,1.274,1.389
2023-04-03,-0.095,-0.04,-0.031,0.05,0.138,0.183,0.252,0.341,0.347,0.422,0.834,1.104,1.244,1.335,1.446
2023-04-04,-0.096,-0.025,-0.017,0.075,0.17,0.212,0.278,0.373,0.394,0.478,0.871,1.14,1.279,1.38,1.494
2023-04-05,-0.096,-0.03,-0.016,0.085,0.178,0.217,0.274,0.369,0.391,0.473,0.881,1.143,1.283,1.377,1.501
2023-04-06,-0.116,-0.045,-0.03,0.077,0.168,0.212,0.266,0.357,0.378,0.472,0.876,1.125,1.267,1.348,1.48
2023-04-07,-0.117,-0.06,-0.039,0.072,0.168,0.208,0.268,0.352,0.386,0.462,0.853,1.092,1.225,1.318,1.437
2023-04-10,-0.108,-0.045,-0.035,0.077,0.174,0.217,0.276,0.36,0.398,0.468,0.857,1.096,1.234,1.334,1.457
2023-04-11,-0.106,-0.046,-0.034,0.068,0.155,0.198,0.259,0.342,0.377,0.459,0.849,1.096,1.231,1.335,1.457
2023-04-12,-0.109,-0.045,-0.031,0.068,0.159,0.204,0.266,0.348,0.387,0.469,0.854,1.105,1.235,1.331,1.444
2023-04-13,-0.116,-0.05,-0.028,0.068,0.159,0.204,0.265,0.348,0.384,0.465,0.841,1.081,1.211,1.305,1.42
2023-04-14,-0.115,-0.04,-0.028,0.063,0.156,0.204,0.265,0.353,0.388,0.465,0.847,1.096,1.221,1.313,1.433
2023-04-17,-0.115,-0.035,-0.018,0.078,0.17,0.227,0.297,0.388,0.426,0.489,0.88,1.13,1.251,1.343,1.461
2023-04-18,-0.115,-0.04,-0.018,0.077,0.17,0.221,0.293,0.381,0.418,0.48,0.868,1.122,1.245,1.343,1.466
2023-04-19,-0.115,-0.04,-0.017,0.08,0.17,0.221,0.293,0.388,0.423,0.48,0.864,1.11,1.239,1.326,1.459
2023-04-20,-0.115,-0.04,-0.017,0.08,0.17,0.217,0.289,0.384,0.42,0.48,0.868,1.127,1.259,1.353,1.479
2023-04-21,-0.115,-0.035,-0.018,0.07,0.162,0.203,0.273,0.365,0.403,0.47,0.848,1.121,1.26,1.344,1.466
2023-04-24,-0.123,-0.038,-0.018,0.071,0.163,0.205,0.269,0.37,0.41,0.476,0.866,1.132,1.272,1.361,1.486
2023-04-25,-0.115,-0.035,-0.018,0.073,0.168,0.21,0.273,0.37,0.415,0.486,0.857,1.117,1.26,1.348,1.476
2023-04-26,-0.117,-0.04,-0.028,0.055,0.153,0.191,0.248,0.341,0.386,0.466,0.825,1.086,1.23,1.325,1.446
2023-04-27,-0.107,-0.04,-0.027,0.056,0.153,0.191,0.247,0.336,0.383,0.466,0.825,1.09,1.239,1.342,1.462
2023-04-28,-0.106,-0.045,-0.04,0.013,0.109,0.147,0.2,0.281,0.324,0.403,0.751,1.003,1.147,1.247,1.366
2023-05-01,-0.105,-0.045,-0.033,0.021,0.113,0.153,0.208,0.285,0.33,0.413,0.77,1.027,1.168,1.279,1.408
2023-05-02,-0.115,-0.035,-0.029,0.029,0.13,0.167,0.221,0.301,0.345,0.428,0.784,1.041,1.185,1.292,1.416
2023-05-08,-0.115,-0.035,-0.032,0.027,0.124,0.155,0.203,0.282,0.331,0.424,0.772,1.037,1.177,1.279,1.4
2023-05-09,-0.115,-0.03,-0.029,0.035,0.135,0.171,0.222,0.302,0.346,0.435,0.786,1.051,1.193,1.287,1.412
2023-05-10,-0.126,-0.04,-0.039,0.02,0.125,0.161,0.213,0.293,0.336,0.425,0.771,1.037,1.182,1.278,1.404
2023-05-11,-0.125,-0.045,-0.044,0.012,0.115,0.141,0.186,0.268,0.315,0.399,0.735,1,1.143,1.233,1.363
2023-05-12,-0.135,-0.055,-0.049,0.007,0.11,0.132,0.176,0.258,0.31,0.396,0.749,1.02,1.165,1.262,1.389
2023-05-15,-0.129,-0.049,-0.039,0.022,0.127,0.152,0.201,0.286,0.337,0.421,0.764,1.033,1.178,1.277,1.405
2023-05-16,-0.129,-0.054,-0.042,0.018,0.116,0.142,0.192,0.274,0.322,0.406,0.754,1.02,1.161,1.256,1.388
2023-05-17,-0.135,-0.066,-0.053,0.004,0.1,0.117,0.165,0.244,0.298,0.375,0.716,0.977,1.121,1.224,1.37
2023-05-18,-0.125,-0.061,-0.048,0.009,0.106,0.137,0.189,0.269,0.323,0.395,0.731,0.991,1.139,1.246,1.384
2023-05-19,-0.125,-0.061,-0.041,0.014,0.112,0.147,0.208,0.293,0.343,0.415,0.741,1.005,1.154,1.256,1.4
2023-05-22,-0.125,-0.066,-0.046,0.008,0.103,0.133,0.193,0.275,0.324,0.397,0.723,0.982,1.132,1.238,1.372
2023-05-23,-0.125,-0.061,-0.041,0.015,0.107,0.145,0.209,0.293,0.338,0.41,0.741,1.004,1.153,1.252,1.38
2023-05-24,-0.125,-0.066,-0.041,0.015,0.112,0.148,0.214,0.298,0.348,0.421,0.756,1.02,1.17,1.269,1.397
2023-05-25,-0.125,-0.066,-0.041,0.02,0.13,0.163,0.229,0.318,0.368,0.441,0.788,1.043,1.191,1.292,1.428
2023-05-26,-0.125,-0.066,-0.046,0.007,0.115,0.148,0.218,0.308,0.359,0.432,0.78,1.025,1.171,1.265,1.404
2023-05-29,-0.125,-0.061,-0.045,0.008,0.112,0.159,0.233,0.324,0.374,0.453,0.795,1.044,1.183,1.278,1.416
2023-05-30,-0.124,-0.055,-0.046,0.008,0.112,0.154,0.224,0.319,0.369,0.448,0.789,1.03,1.171,1.264,1.404
2023-05-31,-0.125,-0.06,-0.049,0.002,0.097,0.148,0.219,0.309,0.364,0.448,0.781,1.03,1.171,1.273,1.412
2023-06-01,-0.125,-0.065,-0.059,-0.003,0.093,0.141,0.209,0.3,0.355,0.434,0.772,1.03,1.171,1.277,1.422
2023-06-02,-0.135,-0.075,-0.069,-0.013,0.088,0.134,0.2,0.295,0.35,0.43,0.772,1.036,1.179,1.286,1.435
2023-06-05,-0.136,-0.065,-0.059,0.002,0.107,0.158,0.226,0.321,0.375,0.45,0.796,1.05,1.188,1.287,1.439
2023-06-06,-0.136,-0.065,-0.059,-0.003,0.098,0.148,0.211,0.305,0.361,0.44,0.781,1.03,1.176,1.273,1.423
2023-06-07,-0.136,-0.06,-0.056,-0.003,0.092,0.138,0.201,0.296,0.355,0.434,0.763,1.024,1.159,1.269,1.423
2023-06-08,-0.137,-0.06,-0.049,0.002,0.102,0.153,0.222,0.32,0.376,0.455,0.785,1.039,1.176,1.287,1.443
2023-06-09,-0.145,-0.065,-0.049,0.002,0.098,0.147,0.212,0.311,0.37,0.451,0.779,1.03,1.168,1.278,1.432
2023-06-12,-0.138,-0.07,-0.055,-0.002,0.094,0.142,0.208,0.307,0.367,0.446,0.783,1.035,1.18,1.282,1.432
2023-06-13,-0.149,-0.075,-0.059,-0.007,0.086,0.132,0.193,0.292,0.352,0.438,0.765,1.022,1.164,1.26,1.403
2023-06-14,-0.145,-0.071,-0.055,0.003,0.097,0.149,0.209,0.307,0.367,0.447,0.771,1.026,1.168,1.259,1.388
2023-06-15,-0.139,-0.064,-0.049,0.004,0.103,0.144,0.214,0.308,0.367,0.447,0.765,1.02,1.163,1.256,1.38
2023-06-16,-0.139,-0.065,-0.055,-0.001,0.093,0.13,0.194,0.288,0.348,0.422,0.747,1.008,1.152,1.252,1.375
2023-06-19,-0.135,-0.066,-0.055,0,0.093,0.125,0.185,0.278,0.339,0.413,0.738,0.994,1.139,1.239,1.367
2023-06-20,-0.135,-0.066,-0.055,0,0.092,0.12,0.181,0.273,0.333,0.406,0.724,0.985,1.126,1.225,1.358
2023-06-21,-0.141,-0.069,-0.055,0.003,0.087,0.115,0.169,0.259,0.319,0.393,0.724,0.99,1.133,1.226,1.358
2023-06-22,-0.145,-0.071,-0.058,-0.002,0.085,0.11,0.164,0.25,0.314,0.395,0.732,0.995,1.139,1.24,1.375
2023-06-23,-0.152,-0.074,-0.065,-0.012,0.073,0.1,0.16,0.245,0.31,0.39,0.725,0.986,1.131,1.235,1.37
2023-06-26,-0.151,-0.077,-0.068,-0.022,0.066,0.092,0.142,0.227,0.29,0.378,0.706,0.963,1.106,1.208,1.344
2023-06-27,-0.144,-0.074,-0.062,-0.016,0.075,0.101,0.157,0.246,0.311,0.398,0.725,0.977,1.119,1.213,1.343
2023-06-28,-0.144,-0.064,-0.058,-0.011,0.089,0.116,0.177,0.261,0.326,0.414,0.739,0.986,1.128,1.226,1.36
2023-06-29,-0.134,-0.07,-0.062,-0.016,0.085,0.111,0.173,0.256,0.32,0.409,0.73,0.982,1.123,1.231,1.366
2023-06-30,-0.125,-0.075,-0.068,-0.021,0.08,0.116,0.183,0.27,0.33,0.426,0.758,1.014,1.161,1.262,1.404
2023-07-03,-0.125,-0.065,-0.068,-0.021,0.084,0.117,0.189,0.276,0.335,0.432,0.76,1.015,1.162,1.262,1.403
2023-07-04,-0.125,-0.07,-0.068,-0.021,0.078,0.107,0.174,0.256,0.312,0.4,0.735,1.001,1.149,1.255,1.405
2023-07-05,-0.126,-0.07,-0.068,-0.02,0.072,0.107,0.169,0.252,0.302,0.384,0.723,0.988,1.132,1.227,1.384
2023-07-06,-0.116,-0.06,-0.058,-0.01,0.089,0.128,0.19,0.273,0.326,0.409,0.741,1.002,1.141,1.227,1.375
2023-07-07,-0.106,-0.039,-0.031,0.018,0.123,0.174,0.233,0.312,0.369,0.439,0.783,1.043,1.176,1.266,1.409
2023-07-10,-0.107,-0.029,-0.017,0.045,0.157,0.213,0.279,0.365,0.42,0.468,0.835,1.098,1.23,1.309,1.447
2023-07-11,-0.118,-0.039,-0.03,0.021,0.122,0.193,0.259,0.347,0.405,0.454,0.821,1.075,1.209,1.292,1.434
2023-07-12,-0.118,-0.034,-0.021,0.035,0.143,0.219,0.296,0.384,0.438,0.48,0.858,1.11,1.239,1.322,1.459
2023-07-13,-0.119,-0.034,-0.027,0.03,0.132,0.204,0.276,0.371,0.425,0.47,0.854,1.093,1.239,1.331,1.475
2023-07-14,-0.129,-0.038,-0.03,0.025,0.133,0.21,0.298,0.395,0.444,0.48,0.867,1.12,1.267,1.365,1.508
2023-07-18,-0.12,-0.033,-0.031,0.026,0.139,0.211,0.295,0.398,0.449,0.485,0.882,1.139,1.293,1.395,1.545
2023-07-19,-0.126,-0.037,-0.041,0.011,0.118,0.185,0.259,0.364,0.425,0.466,0.85,1.108,1.265,1.361,1.512
2023-07-20,-0.127,-0.037,-0.042,0.008,0.114,0.181,0.259,0.359,0.42,0.465,0.84,1.093,1.248,1.339,1.488
2023-07-21,-0.127,-0.026,-0.03,0.012,0.128,0.186,0.264,0.359,0.427,0.481,0.846,1.107,1.256,1.34,1.484
2023-07-24,-0.139,-0.036,-0.04,0.003,0.108,0.161,0.233,0.324,0.39,0.461,0.8,1.061,1.215,1.304,1.45
2023-07-25,-0.132,-0.038,-0.04,0.003,0.109,0.161,0.234,0.326,0.39,0.466,0.808,1.071,1.228,1.323,1.471
2023-07-26,-0.123,-0.038,-0.04,0.002,0.1,0.15,0.217,0.304,0.371,0.451,0.79,1.053,1.21,1.301,1.46
2023-07-27,-0.121,-0.04,-0.04,0.002,0.1,0.146,0.215,0.299,0.361,0.443,0.778,1.05,1.203,1.292,1.448
2023-07-28,-0.104,-0.015,-0.01,0.043,0.162,0.23,0.311,0.399,0.466,0.551,0.863,1.127,1.27,1.356,1.506
2023-07-31,-0.085,0,0.016,0.069,0.19,0.277,0.368,0.458,0.526,0.605,0.954,1.223,1.37,1.458,1.603
2023-08-01,-0.095,0,0.016,0.07,0.182,0.258,0.347,0.439,0.513,0.596,0.963,1.246,1.397,1.491,1.64
2023-08-02,-0.085,0.01,0.025,0.08,0.2,0.279,0.373,0.474,0.547,0.63,0.99,1.269,1.417,1.503,1.662
2023-08-03,-0.085,0.02,0.04,0.105,0.225,0.321,0.418,0.517,0.585,0.654,1.036,1.298,1.448,1.532,1.688
2023-08-04,-0.085,0.021,0.041,0.105,0.226,0.322,0.416,0.513,0.581,0.643,1.041,1.317,1.466,1.553,1.719
2023-08-07,-0.087,0.017,0.036,0.101,0.216,0.305,0.395,0.489,0.558,0.625,1.033,1.304,1.455,1.541,1.699
2023-08-08,-0.087,0.012,0.036,0.096,0.205,0.295,0.386,0.48,0.548,0.61,1.006,1.273,1.419,1.499,1.656
2023-08-09,-0.095,0.006,0.026,0.081,0.184,0.261,0.346,0.436,0.505,0.572,0.951,1.219,1.371,1.458,1.608
2023-08-10,-0.088,0.012,0.036,0.096,0.199,0.28,0.366,0.456,0.525,0.591,0.978,1.252,1.404,1.495,1.654
2023-08-14,-0.085,0.017,0.042,0.108,0.218,0.306,0.399,0.49,0.555,0.621,1.011,1.293,1.439,1.532,1.687
2023-08-15,-0.091,0.016,0.042,0.108,0.223,0.306,0.401,0.495,0.559,0.632,1.02,1.305,1.444,1.537,1.688
2023-08-16,-0.091,0.017,0.046,0.114,0.223,0.306,0.397,0.491,0.56,0.631,1.011,1.288,1.427,1.52,1.672
2023-08-17,-0.075,0.028,0.06,0.129,0.239,0.331,0.427,0.52,0.585,0.657,1.057,1.345,1.484,1.577,1.722
2023-08-18,-0.081,0.022,0.055,0.122,0.227,0.31,0.402,0.491,0.56,0.632,1.03,1.327,1.468,1.565,1.71
2023-08-21,-0.075,0.029,0.071,0.139,0.242,0.327,0.422,0.512,0.58,0.657,1.053,1.357,1.5,1.586,1.733
2023-08-22,-0.075,0.025,0.082,0.15,0.252,0.332,0.427,0.521,0.594,0.673,1.071,1.376,1.516,1.598,1.741
2023-08-23,-0.079,0.024,0.082,0.155,0.259,0.337,0.429,0.526,0.599,0.682,1.089,1.388,1.529,1.61,1.752
2023-08-24,-0.085,0.01,0.072,0.14,0.237,0.313,0.395,0.497,0.57,0.654,1.058,1.353,1.497,1.582,1.718
2023-08-25,-0.085,0.01,0.072,0.145,0.248,0.318,0.404,0.508,0.58,0.663,1.063,1.358,1.502,1.589,1.721
2023-08-28,-0.085,0.011,0.073,0.146,0.248,0.319,0.406,0.509,0.581,0.669,1.068,1.363,1.503,1.593,1.724
2023-08-29,-0.085,0.019,0.068,0.142,0.241,0.304,0.385,0.484,0.561,0.65,1.046,1.34,1.487,1.581,1.716
2023-08-30,-0.076,0.029,0.074,0.147,0.247,0.309,0.396,0.494,0.572,0.661,1.06,1.359,1.503,1.594,1.727
2023-08-31,-0.075,0.025,0.068,0.138,0.238,0.304,0.391,0.489,0.562,0.657,1.06,1.359,1.503,1.598,1.736
2023-09-01,-0.075,0.02,0.058,0.128,0.222,0.286,0.372,0.47,0.548,0.636,1.028,1.325,1.475,1.569,1.712
2023-09-04,-0.075,0.016,0.059,0.129,0.235,0.295,0.388,0.485,0.563,0.652,1.042,1.343,1.492,1.582,1.732
2023-09-05,-0.076,0.016,0.059,0.138,0.243,0.309,0.407,0.505,0.578,0.666,1.056,1.356,1.5,1.586,1.738
2023-09-06,-0.076,0.017,0.059,0.139,0.243,0.304,0.397,0.5,0.573,0.662,1.048,1.352,1.488,1.574,1.723
2023-09-07,-0.086,0.012,0.056,0.134,0.239,0.306,0.399,0.51,0.582,0.667,1.056,1.368,1.499,1.581,1.727
2023-09-08,-0.097,0.007,0.046,0.129,0.234,0.296,0.388,0.495,0.568,0.658,1.057,1.373,1.512,1.593,1.738
2023-09-11,-0.065,0.043,0.1,0.187,0.3,0.367,0.458,0.559,0.631,0.715,1.116,1.426,1.557,1.63,1.774
2023-09-12,-0.065,0.033,0.09,0.178,0.297,0.357,0.458,0.564,0.637,0.716,1.125,1.43,1.569,1.637,1.775
2023-09-13,-0.065,0.028,0.09,0.178,0.297,0.356,0.459,0.564,0.637,0.715,1.117,1.408,1.542,1.605,1.741
2023-09-14,-0.065,0.029,0.09,0.178,0.296,0.352,0.453,0.56,0.638,0.715,1.109,1.404,1.537,1.601,1.73
2023-09-15,-0.059,0.03,0.091,0.179,0.29,0.348,0.446,0.555,0.633,0.715,1.104,1.399,1.533,1.598,1.734
2023-09-19,-0.055,0.035,0.092,0.185,0.301,0.358,0.464,0.571,0.648,0.727,1.122,1.421,1.554,1.622,1.758
2023-09-20,-0.061,0.026,0.085,0.183,0.301,0.358,0.46,0.57,0.648,0.731,1.123,1.421,1.554,1.618,1.758
2023-09-21,-0.055,0.035,0.099,0.201,0.332,0.384,0.484,0.59,0.667,0.758,1.141,1.428,1.553,1.607,1.738
2023-09-22,-0.055,0.035,0.096,0.201,0.324,0.383,0.485,0.59,0.667,0.754,1.137,1.428,1.555,1.611,1.751
2023-09-25,-0.063,0.033,0.093,0.192,0.318,0.375,0.472,0.577,0.654,0.738,1.129,1.425,1.551,1.612,1.75
2023-09-26,-0.063,0.034,0.093,0.193,0.317,0.379,0.49,0.596,0.669,0.752,1.133,1.429,1.555,1.619,1.75
2023-09-27,-0.064,0.034,0.09,0.188,0.313,0.374,0.488,0.596,0.669,0.747,1.129,1.432,1.559,1.627,1.753
2023-09-28,-0.055,0.044,0.104,0.209,0.331,0.395,0.507,0.615,0.692,0.765,1.142,1.441,1.567,1.634,1.76
2023-09-29,-0.064,0.044,0.108,0.219,0.341,0.409,0.521,0.63,0.703,0.774,1.165,1.456,1.575,1.649,1.776
2023-10-02,-0.055,0.055,0.119,0.23,0.359,0.42,0.533,0.644,0.713,0.779,1.184,1.481,1.603,1.672,1.803
2023-10-03,-0.065,0.051,0.116,0.221,0.351,0.411,0.523,0.632,0.703,0.764,1.18,1.485,1.607,1.676,1.807
2023-10-04,-0.064,0.061,0.124,0.237,0.371,0.442,0.572,0.684,0.755,0.808,1.237,1.534,1.655,1.711,1.842
2023-10-05,-0.064,0.061,0.12,0.229,0.355,0.426,0.553,0.67,0.741,0.803,1.234,1.547,1.662,1.741,1.858
2023-10-06,-0.064,0.061,0.121,0.232,0.358,0.421,0.544,0.661,0.737,0.802,1.232,1.547,1.669,1.75,1.871
2023-10-10,-0.065,0.058,0.112,0.216,0.333,0.398,0.512,0.629,0.71,0.776,1.208,1.527,1.656,1.737,1.867
2023-10-11,-0.065,0.058,0.111,0.212,0.335,0.392,0.505,0.623,0.705,0.776,1.195,1.515,1.64,1.716,1.848
2023-10-12,-0.072,0.047,0.101,0.197,0.315,0.373,0.476,0.595,0.682,0.756,1.166,1.478,1.608,1.682,1.81
2023-10-13,-0.075,0.044,0.101,0.199,0.322,0.379,0.493,0.606,0.69,0.765,1.178,1.492,1.627,1.699,1.828
2023-10-16,-0.071,0.043,0.096,0.195,0.316,0.369,0.484,0.597,0.683,0.757,1.179,1.5,1.64,1.716,1.845
2023-10-17,-0.071,0.059,0.11,0.208,0.326,0.385,0.504,0.621,0.707,0.787,1.21,1.545,1.679,1.755,1.887
2023-10-18,-0.06,0.07,0.127,0.23,0.351,0.411,0.533,0.651,0.735,0.811,1.242,1.571,1.706,1.767,1.893
2023-10-19,-0.06,0.081,0.139,0.247,0.372,0.441,0.57,0.688,0.773,0.845,1.28,1.607,1.737,1.8,1.915
2023-10-20,-0.06,0.075,0.133,0.242,0.366,0.436,0.565,0.687,0.769,0.841,1.281,1.616,1.748,1.817,1.929
2023-10-23,-0.048,0.087,0.144,0.253,0.378,0.452,0.586,0.713,0.793,0.865,1.317,1.66,1.794,1.868,1.98
2023-10-24,-0.058,0.082,0.134,0.242,0.364,0.433,0.56,0.69,0.775,0.846,1.296,1.634,1.775,1.847,1.965
2023-10-25,-0.058,0.077,0.135,0.242,0.364,0.436,0.565,0.7,0.784,0.856,1.297,1.621,1.758,1.826,1.943
2023-10-26,-0.047,0.093,0.155,0.266,0.394,0.477,0.607,0.74,0.828,0.884,1.327,1.651,1.777,1.844,1.955
2023-10-27,-0.047,0.094,0.156,0.262,0.386,0.467,0.595,0.727,0.822,0.875,1.324,1.647,1.769,1.831,1.94
2023-10-30,-0.036,0.119,0.177,0.283,0.41,0.488,0.616,0.746,0.838,0.895,1.342,1.664,1.785,1.848,1.948
2023-10-31,-0.006,0.149,0.22,0.339,0.475,0.545,0.668,0.794,0.885,0.952,1.385,1.699,1.811,1.864,1.952
2023-11-01,-0.005,0.155,0.234,0.357,0.489,0.554,0.674,0.798,0.889,0.959,1.386,1.708,1.822,1.88,1.969
2023-11-02,-0.025,0.135,0.213,0.333,0.46,0.528,0.636,0.764,0.852,0.92,1.35,1.672,1.792,1.851,1.949
2023-11-06,-0.024,0.127,0.198,0.31,0.432,0.498,0.603,0.729,0.815,0.876,1.306,1.621,1.747,1.814,1.912
2023-11-07,-0.023,0.127,0.199,0.311,0.441,0.508,0.614,0.736,0.82,0.882,1.307,1.616,1.74,1.81,1.911
2023-11-08,-0.033,0.117,0.184,0.295,0.423,0.486,0.584,0.709,0.787,0.852,1.265,1.577,1.701,1.773,1.873
2023-11-09,-0.043,0.107,0.175,0.286,0.413,0.48,0.578,0.698,0.778,0.843,1.227,1.536,1.664,1.726,1.826
2023-11-10,-0.042,0.108,0.18,0.298,0.427,0.498,0.597,0.713,0.792,0.859,1.254,1.555,1.68,1.743,1.834
2023-11-13,-0.051,0.103,0.18,0.307,0.44,0.513,0.617,0.733,0.811,0.879,1.276,1.577,1.7,1.773,1.865
2023-11-14,-0.061,0.093,0.164,0.288,0.414,0.485,0.596,0.705,0.785,0.86,1.257,1.565,1.688,1.763,1.862
2023-11-15,-0.075,0.069,0.134,0.251,0.369,0.434,0.536,0.648,0.734,0.807,1.205,1.511,1.642,1.717,1.82
2023-11-16,-0.081,0.057,0.127,0.242,0.37,0.431,0.532,0.639,0.725,0.798,1.206,1.52,1.65,1.729,1.83
2023-11-17,-0.09,0.046,0.102,0.211,0.33,0.392,0.493,0.605,0.687,0.765,1.17,1.484,1.619,1.694,1.794
2023-11-20,-0.089,0.046,0.094,0.203,0.32,0.383,0.484,0.593,0.677,0.756,1.154,1.471,1.608,1.685,1.781
2023-11-21,-0.089,0.036,0.079,0.173,0.284,0.334,0.44,0.545,0.629,0.712,1.1,1.413,1.553,1.622,1.72
2023-11-22,-0.078,0.052,0.099,0.193,0.324,0.366,0.467,0.577,0.664,0.742,1.145,1.463,1.604,1.669,1.773
2023-11-24,-0.058,0.068,0.122,0.222,0.367,0.402,0.502,0.614,0.698,0.786,1.19,1.498,1.632,1.699,1.796
2023-11-27,-0.056,0.068,0.124,0.223,0.361,0.397,0.501,0.614,0.699,0.787,1.199,1.512,1.647,1.716,1.819
2023-11-28,-0.055,0.065,0.117,0.209,0.338,0.382,0.487,0.598,0.683,0.768,1.187,1.508,1.647,1.719,1.83
2023-11-29,-0.055,0.048,0.083,0.163,0.276,0.314,0.414,0.523,0.612,0.695,1.112,1.436,1.584,1.656,1.791
2023-11-30,-0.036,0.049,0.081,0.165,0.271,0.324,0.428,0.528,0.608,0.691,1.116,1.445,1.601,1.683,1.811
2023-12-01,-0.055,0.04,0.075,0.17,0.281,0.339,0.444,0.553,0.636,0.72,1.133,1.449,1.602,1.683,1.81
2023-12-04,-0.055,0.031,0.063,0.156,0.271,0.319,0.425,0.536,0.621,0.712,1.139,1.454,1.606,1.688,1.816
2023-12-05,-0.046,0.036,0.058,0.151,0.271,0.305,0.407,0.519,0.605,0.687,1.126,1.446,1.598,1.683,1.807
2023-12-06,-0.055,0.036,0.055,0.147,0.26,0.293,0.392,0.504,0.585,0.667,1.083,1.397,1.543,1.626,1.748
2023-12-07,-0.024,0.087,0.121,0.223,0.356,0.392,0.49,0.606,0.687,0.771,1.185,1.5,1.631,1.709,1.816
2023-12-08,-0.023,0.092,0.134,0.233,0.372,0.408,0.505,0.62,0.702,0.791,1.223,1.544,1.681,1.759,1.86
2023-12-11,-0.022,0.088,0.129,0.234,0.373,0.412,0.511,0.626,0.707,0.798,1.224,1.544,1.687,1.763,1.87
2023-12-12,-0.032,0.067,0.099,0.195,0.33,0.38,0.488,0.598,0.675,0.758,1.184,1.509,1.659,1.738,1.849
2023-12-13,-0.045,0.048,0.073,0.168,0.284,0.332,0.43,0.545,0.625,0.709,1.128,1.442,1.598,1.67,1.778
2023-12-14,-0.031,0.057,0.09,0.183,0.293,0.331,0.418,0.531,0.612,0.693,1.107,1.423,1.572,1.642,1.752
2023-12-15,-0.017,0.087,0.12,0.216,0.327,0.367,0.457,0.564,0.65,0.728,1.129,1.443,1.583,1.652,1.757
2023-12-18,-0.02,0.079,0.105,0.196,0.297,0.337,0.426,0.531,0.617,0.689,1.106,1.421,1.565,1.635,1.748
2023-12-19,-0.019,0.068,0.095,0.182,0.283,0.322,0.401,0.507,0.588,0.663,1.076,1.38,1.522,1.592,1.695
2023-12-20,-0.045,0.033,0.055,0.127,0.214,0.25,0.323,0.426,0.506,0.581,0.977,1.288,1.445,1.522,1.634
2023-12-21,-0.049,0.037,0.062,0.137,0.241,0.27,0.354,0.455,0.536,0.61,1.009,1.318,1.475,1.558,1.671
2023-12-22,-0.042,0.046,0.076,0.157,0.268,0.294,0.383,0.489,0.574,0.651,1.07,1.384,1.534,1.619,1.732
2023-12-25,-0.048,0.038,0.066,0.148,0.252,0.279,0.369,0.475,0.561,0.637,1.068,1.378,1.531,1.614,1.728
2023-12-26,-0.037,0.065,0.076,0.158,0.262,0.29,0.382,0.494,0.578,0.657,1.087,1.396,1.546,1.627,1.743
2023-12-27,-0.039,0.05,0.056,0.13,0.226,0.256,0.35,0.46,0.542,0.624,1.056,1.359,1.511,1.587,1.708
2023-12-28,-0.046,0.037,0.045,0.118,0.208,0.239,0.33,0.442,0.527,0.616,1.056,1.373,1.541,1.628,1.759
2023-12-29,-0.026,0.048,0.056,0.134,0.233,0.265,0.36,0.472,0.562,0.647,1.083,1.404,1.574,1.662,1.793
2024-01-04,-0.025,0.05,0.057,0.132,0.23,0.261,0.352,0.468,0.557,0.649,1.084,1.401,1.574,1.666,1.801
2024-01-05,-0.045,0.035,0.044,0.117,0.217,0.251,0.344,0.459,0.547,0.634,1.067,1.383,1.551,1.64,1.773
2024-01-09,-0.055,0.025,0.033,0.108,0.207,0.243,0.335,0.445,0.53,0.614,1.044,1.365,1.536,1.626,1.763
2024-01-10,-0.055,0.025,0.033,0.108,0.214,0.247,0.34,0.449,0.533,0.621,1.04,1.36,1.529,1.618,1.75
2024-01-11,-0.075,0.015,0.018,0.098,0.202,0.232,0.321,0.431,0.518,0.605,1.023,1.341,1.52,1.615,1.744
2024-01-12,-0.085,0.005,0.014,0.094,0.196,0.222,0.31,0.412,0.505,0.591,1.015,1.336,1.513,1.61,1.745
2024-01-15,-0.085,-0.001,0.007,0.084,0.175,0.203,0.286,0.387,0.477,0.563,0.983,1.305,1.483,1.58,1.715
2024-01-16,-0.065,0.02,0.024,0.099,0.203,0.226,0.32,0.417,0.506,0.596,1.01,1.329,1.501,1.597,1.735
2024-01-17,-0.065,0.025,0.024,0.105,0.21,0.231,0.328,0.432,0.521,0.612,1.024,1.339,1.516,1.619,1.767
2024-01-18,-0.065,0.036,0.035,0.127,0.249,0.273,0.378,0.481,0.57,0.656,1.092,1.42,1.592,1.699,1.849
2024-01-19,-0.065,0.031,0.035,0.127,0.256,0.279,0.38,0.491,0.582,0.671,1.12,1.454,1.632,1.745,1.907
2024-01-22,-0.065,0.025,0.029,0.125,0.245,0.26,0.363,0.473,0.563,0.657,1.1,1.439,1.625,1.741,1.904
2024-01-23,-0.065,0.025,0.029,0.12,0.239,0.256,0.354,0.463,0.552,0.643,1.076,1.413,1.599,1.712,1.862
2024-01-24,-0.028,0.07,0.077,0.185,0.316,0.335,0.435,0.545,0.634,0.721,1.162,1.492,1.671,1.775,1.928
2024-01-25,-0.035,0.067,0.083,0.2,0.332,0.355,0.456,0.57,0.659,0.75,1.205,1.532,1.701,1.795,1.943
2024-01-26,-0.045,0.052,0.068,0.175,0.3,0.321,0.418,0.535,0.627,0.721,1.166,1.506,1.682,1.782,1.924
2024-01-29,-0.045,0.063,0.077,0.182,0.308,0.331,0.428,0.542,0.634,0.727,1.183,1.524,1.698,1.799,1.932
2024-01-30,-0.045,0.074,0.071,0.179,0.291,0.316,0.41,0.523,0.615,0.714,1.162,1.498,1.681,1.774,1.906
2024-01-31,-0.035,0.094,0.089,0.198,0.312,0.336,0.43,0.544,0.639,0.737,1.184,1.516,1.696,1.79,1.921
2024-02-01,-0.045,0.085,0.073,0.177,0.286,0.302,0.391,0.506,0.6,0.699,1.146,1.476,1.666,1.757,1.894
2024-02-02,-0.025,0.1,0.084,0.177,0.282,0.29,0.366,0.477,0.568,0.667,1.107,1.441,1.624,1.723,1.856
2024-02-05,-0.005,0.111,0.108,0.208,0.323,0.341,0.426,0.533,0.625,0.725,1.16,1.49,1.663,1.762,1.895
2024-02-06,-0.005,0.106,0.102,0.202,0.317,0.336,0.421,0.53,0.621,0.725,1.157,1.486,1.655,1.753,1.895
2024-02-07,-0.013,0.101,0.104,0.202,0.317,0.331,0.418,0.525,0.617,0.714,1.143,1.468,1.637,1.74,1.876
2024-02-08,-0.015,0.101,0.099,0.196,0.307,0.326,0.41,0.515,0.607,0.706,1.134,1.459,1.633,1.741,1.864
2024-02-09,-0.002,0.116,0.118,0.218,0.332,0.346,0.435,0.54,0.633,0.731,1.165,1.49,1.656,1.758,1.876
2024-02-13,0.005,0.128,0.129,0.23,0.343,0.355,0.438,0.545,0.638,0.736,1.166,1.491,1.66,1.761,1.88
2024-02-14,-0.001,0.143,0.144,0.25,0.369,0.386,0.475,0.579,0.672,0.764,1.184,1.508,1.672,1.774,1.896
2024-02-15,0,0.137,0.127,0.226,0.34,0.356,0.443,0.546,0.638,0.736,1.171,1.504,1.668,1.77,1.896
2024-02-16,0,0.143,0.139,0.241,0.354,0.367,0.448,0.551,0.64,0.737,1.167,1.491,1.649,1.75,1.869
2024-02-19,0.005,0.15,0.145,0.243,0.359,0.371,0.448,0.552,0.64,0.738,1.168,1.492,1.646,1.749,1.861
2024-02-20,0.005,0.151,0.147,0.249,0.366,0.376,0.454,0.556,0.645,0.742,1.159,1.474,1.625,1.725,1.834
2024-02-21,0.012,0.155,0.154,0.253,0.367,0.378,0.454,0.552,0.641,0.732,1.146,1.46,1.609,1.707,1.817
2024-02-22,0.03,0.158,0.168,0.259,0.366,0.379,0.45,0.547,0.636,0.727,1.129,1.443,1.596,1.699,1.817
2024-02-26,0.033,0.159,0.164,0.249,0.349,0.359,0.425,0.518,0.608,0.699,1.104,1.411,1.565,1.666,1.787
2024-02-27,0.034,0.173,0.18,0.259,0.355,0.365,0.431,0.521,0.608,0.704,1.108,1.421,1.573,1.675,1.794
2024-02-28,0.034,0.166,0.18,0.266,0.354,0.365,0.436,0.526,0.618,0.709,1.121,1.439,1.596,1.709,1.826
2024-02-29,0.054,0.19,0.193,0.288,0.372,0.384,0.45,0.545,0.629,0.724,1.131,1.452,1.611,1.734,1.857
2024-03-01,0.035,0.18,0.19,0.29,0.377,0.384,0.446,0.548,0.632,0.728,1.126,1.444,1.599,1.722,1.845
2024-03-04,0.036,0.176,0.184,0.284,0.371,0.375,0.437,0.54,0.629,0.725,1.135,1.458,1.615,1.743,1.869
2024-03-05,0.027,0.175,0.184,0.28,0.361,0.362,0.426,0.526,0.618,0.714,1.127,1.449,1.611,1.738,1.869
2024-03-06,0.026,0.186,0.194,0.29,0.376,0.377,0.438,0.536,0.628,0.725,1.132,1.448,1.607,1.73,1.865
2024-03-07,0.028,0.191,0.204,0.301,0.388,0.391,0.457,0.559,0.644,0.741,1.149,1.466,1.615,1.738,1.882
2024-03-08,0.037,0.202,0.211,0.302,0.388,0.391,0.457,0.561,0.649,0.746,1.162,1.483,1.633,1.759,1.9
2024-03-11,0.048,0.202,0.211,0.303,0.386,0.397,0.473,0.58,0.668,0.777,1.198,1.521,1.66,1.785,1.928
2024-03-12,0.051,0.197,0.209,0.298,0.385,0.405,0.482,0.585,0.679,0.783,1.203,1.518,1.664,1.789,1.935
2024-03-13,0.052,0.197,0.206,0.293,0.38,0.4,0.478,0.575,0.664,0.773,1.186,1.506,1.653,1.776,1.919
2024-03-14,0.059,0.198,0.206,0.294,0.384,0.416,0.502,0.606,0.689,0.792,1.208,1.533,1.683,1.801,1.939
2024-03-15,0.059,0.193,0.206,0.299,0.393,0.426,0.513,0.615,0.698,0.802,1.217,1.542,1.7,1.812,1.956
2024-03-18,0.081,0.188,0.2,0.29,0.381,0.407,0.488,0.586,0.67,0.774,1.188,1.512,1.668,1.78,1.924
2024-03-19,0.06,0.178,0.19,0.28,0.367,0.392,0.47,0.563,0.646,0.744,1.162,1.486,1.657,1.772,1.92
2024-03-21,0.061,0.205,0.214,0.306,0.401,0.423,0.496,0.587,0.666,0.762,1.171,1.492,1.657,1.781,1.92
2024-03-22,0.071,0.206,0.231,0.314,0.41,0.425,0.495,0.588,0.667,0.762,1.171,1.492,1.661,1.786,1.932
2024-03-25,0.063,0.206,0.221,0.307,0.401,0.417,0.486,0.573,0.653,0.752,1.163,1.493,1.664,1.796,1.944
2024-03-26,0.063,0.207,0.221,0.302,0.396,0.418,0.491,0.577,0.657,0.757,1.168,1.497,1.662,1.791,1.94
2024-03-27,0.055,0.204,0.211,0.287,0.384,0.404,0.472,0.556,0.638,0.738,1.145,1.472,1.632,1.763,1.921
2024-03-28,0.054,0.196,0.205,0.277,0.368,0.389,0.457,0.541,0.624,0.73,1.124,1.458,1.617,1.75,1.904
2024-03-29,0.054,0.189,0.202,0.277,0.372,0.394,0.473,0.559,0.644,0.75,1.15,1.484,1.654,1.789,1.939
2024-04-01,0.035,0.195,0.206,0.288,0.389,0.409,0.487,0.574,0.659,0.765,1.173,1.511,1.67,1.806,1.96
2024-04-02,0.025,0.2,0.206,0.289,0.395,0.419,0.498,0.588,0.669,0.77,1.181,1.53,1.688,1.821,1.982
2024-04-03,0.016,0.191,0.196,0.278,0.386,0.409,0.499,0.588,0.669,0.77,1.178,1.52,1.684,1.813,1.979
2024-04-04,0.026,0.196,0.197,0.284,0.399,0.423,0.508,0.6,0.679,0.78,1.187,1.529,1.692,1.81,1.979
2024-04-05,0.036,0.211,0.217,0.297,0.404,0.425,0.504,0.595,0.674,0.771,1.178,1.52,1.685,1.806,1.967
2024-04-08,0.047,0.228,0.231,0.309,0.41,0.444,0.523,0.616,0.69,0.792,1.196,1.538,1.703,1.823,1.984
2024-04-09,0.037,0.223,0.228,0.309,0.414,0.444,0.519,0.612,0.69,0.786,1.192,1.535,1.707,1.836,1.995
2024-04-10,0.048,0.233,0.239,0.321,0.431,0.455,0.538,0.626,0.703,0.801,1.214,1.556,1.722,1.857,2.017
2024-04-11,0.068,0.27,0.28,0.37,0.485,0.508,0.592,0.68,0.757,0.854,1.289,1.625,1.78,1.907,2.065
2024-04-12,0.079,0.281,0.288,0.378,0.496,0.524,0.61,0.697,0.772,0.864,1.298,1.635,1.782,1.894,2.056
2024-04-15,0.084,0.275,0.285,0.373,0.486,0.515,0.607,0.693,0.772,0.864,1.295,1.635,1.783,1.894,2.058
2024-04-16,0.095,0.281,0.296,0.38,0.49,0.517,0.613,0.699,0.778,0.87,1.295,1.644,1.794,1.907,2.071
2024-04-17,0.1,0.288,0.303,0.385,0.496,0.536,0.633,0.723,0.801,0.889,1.317,1.662,1.816,1.92,2.079
2024-04-18,0.101,0.278,0.296,0.376,0.476,0.514,0.605,0.696,0.777,0.871,1.291,1.626,1.787,1.894,2.055
2024-04-19,0.091,0.263,0.286,0.361,0.457,0.495,0.58,0.67,0.75,0.837,1.26,1.595,1.759,1.869,2.027
2024-04-22,0.102,0.29,0.312,0.393,0.497,0.536,0.628,0.719,0.799,0.885,1.305,1.643,1.798,1.907,2.066
2024-04-23,0.099,0.297,0.315,0.396,0.499,0.536,0.629,0.718,0.798,0.886,1.318,1.658,1.819,1.927,2.094
2024-04-24,0.1,0.298,0.314,0.396,0.499,0.535,0.629,0.725,0.803,0.891,1.319,1.654,1.816,1.927,2.099
2024-04-25,0.101,0.298,0.315,0.398,0.503,0.543,0.634,0.729,0.808,0.896,1.327,1.658,1.816,1.927,2.094
2024-04-26,0.101,0.298,0.319,0.402,0.514,0.56,0.656,0.75,0.834,0.925,1.362,1.681,1.833,1.936,2.103
2024-04-30,0.095,0.275,0.31,0.379,0.478,0.517,0.603,0.703,0.782,0.879,1.322,1.646,1.81,1.911,2.073
2024-05-01,0.105,0.29,0.32,0.393,0.493,0.537,0.623,0.722,0.802,0.898,1.337,1.668,1.828,1.94,2.102
2024-05-02,0.095,0.29,0.321,0.393,0.494,0.538,0.628,0.727,0.807,0.908,1.343,1.682,1.838,1.952,2.12
2024-05-07,0.097,0.282,0.313,0.385,0.479,0.512,0.594,0.691,0.781,0.881,1.318,1.66,1.827,1.945,2.119
2024-05-08,0.107,0.288,0.317,0.39,0.489,0.516,0.604,0.701,0.785,0.887,1.322,1.656,1.822,1.937,2.114
2024-05-09,0.12,0.313,0.348,0.42,0.523,0.546,0.633,0.73,0.814,0.916,1.352,1.678,1.838,1.944,2.125
2024-05-10,0.128,0.319,0.356,0.43,0.526,0.546,0.636,0.73,0.814,0.917,1.361,1.691,1.853,1.965,2.144
2024-05-13,0.143,0.335,0.373,0.446,0.55,0.576,0.667,0.759,0.846,0.946,1.396,1.73,1.878,1.99,2.17
2024-05-14,0.153,0.346,0.394,0.47,0.571,0.592,0.678,0.774,0.865,0.969,1.413,1.753,1.902,2.01,2.2
2024-05-15,0.164,0.341,0.392,0.467,0.56,0.587,0.674,0.769,0.855,0.962,1.4,1.744,1.901,2.01,2.204
2024-05-16,0.155,0.326,0.377,0.445,0.539,0.557,0.64,0.736,0.827,0.934,1.375,1.717,1.882,1.993,2.194
2024-05-17,0.166,0.337,0.389,0.457,0.555,0.574,0.659,0.756,0.85,0.957,1.401,1.744,1.904,2.011,2.215
2024-05-20,0.167,0.349,0.404,0.477,0.585,0.604,0.693,0.786,0.879,0.987,1.423,1.766,1.925,2.034,2.237
2024-05-21,0.168,0.349,0.405,0.478,0.585,0.605,0.693,0.79,0.879,0.992,1.427,1.776,1.932,2.039,2.237
2024-05-22,0.172,0.356,0.408,0.481,0.595,0.615,0.703,0.799,0.889,1.007,1.452,1.809,1.97,2.084,2.301
2024-05-23,0.169,0.345,0.406,0.477,0.591,0.611,0.694,0.8,0.894,1.011,1.481,1.827,1.991,2.1,2.316
2024-05-24,0.17,0.345,0.407,0.481,0.596,0.62,0.709,0.81,0.903,1.016,1.482,1.835,1.997,2.104,2.302
2024-05-27,0.172,0.357,0.411,0.492,0.606,0.631,0.719,0.825,0.919,1.031,1.491,1.836,2.002,2.108,2.303
2024-05-28,0.173,0.357,0.412,0.492,0.602,0.631,0.723,0.83,0.928,1.047,1.488,1.832,2.005,2.12,2.312
2024-05-29,0.202,0.387,0.442,0.527,0.642,0.67,0.762,0.868,0.966,1.084,1.525,1.858,2.033,2.148,2.342
2024-05-30,0.214,0.399,0.44,0.528,0.641,0.669,0.753,0.854,0.947,1.066,1.515,1.841,2.024,2.132,2.326
2024-05-31,0.234,0.399,0.45,0.539,0.647,0.681,0.774,0.873,0.963,1.08,1.533,1.85,2.043,2.155,2.346
2024-06-03,0.227,0.401,0.449,0.537,0.64,0.671,0.76,0.86,0.953,1.071,1.527,1.855,2.042,2.168,2.373
2024-06-04,0.218,0.386,0.426,0.513,0.61,0.642,0.726,0.831,0.926,1.043,1.506,1.841,2.025,2.149,2.353
2024-06-05,0.198,0.356,0.393,0.48,0.576,0.608,0.693,0.804,0.898,1.014,1.473,1.816,1.992,2.112,2.314
2024-06-06,0.179,0.336,0.373,0.458,0.548,0.574,0.662,0.762,0.855,0.972,1.411,1.747,1.927,2.039,2.232
2024-06-07,0.181,0.351,0.387,0.474,0.559,0.59,0.679,0.785,0.874,0.986,1.428,1.761,1.937,2.043,2.237
2024-06-10,0.202,0.383,0.429,0.521,0.608,0.643,0.732,0.843,0.932,1.045,1.495,1.821,2.005,2.118,2.314
2024-06-11,0.195,0.372,0.419,0.516,0.601,0.639,0.728,0.838,0.927,1.035,1.483,1.81,1.992,2.111,2.311
2024-06-12,0.182,0.343,0.387,0.481,0.568,0.606,0.694,0.8,0.895,1,1.455,1.784,1.972,2.084,2.283
2024-06-13,0.173,0.332,0.377,0.474,0.556,0.596,0.675,0.777,0.876,0.982,1.439,1.762,1.948,2.063,2.247
2024-06-14,0.154,0.302,0.344,0.439,0.527,0.552,0.632,0.738,0.838,0.95,1.415,1.732,1.925,2.044,2.227
2024-06-17,0.145,0.291,0.335,0.43,0.516,0.538,0.619,0.726,0.83,0.947,1.43,1.755,1.949,2.068,2.271
2024-06-18,0.141,0.288,0.329,0.43,0.523,0.549,0.633,0.739,0.844,0.963,1.446,1.777,1.97,2.089,2.292
2024-06-19,0.137,0.286,0.33,0.421,0.518,0.544,0.629,0.731,0.835,0.955,1.43,1.758,1.946,2.071,2.271
2024-06-20,0.138,0.292,0.337,0.426,0.527,0.558,0.644,0.75,0.855,0.973,1.446,1.769,1.949,2.068,2.259
2024-06-21,0.148,0.313,0.351,0.444,0.557,0.574,0.664,0.77,0.878,0.999,1.468,1.792,1.967,2.086,2.275
2024-06-24,0.15,0.309,0.352,0.446,0.558,0.579,0.675,0.779,0.888,1.01,1.494,1.811,1.99,2.108,2.3
2024-06-25,0.149,0.306,0.35,0.446,0.565,0.589,0.684,0.789,0.898,1.02,1.498,1.824,2.001,2.121,2.312
2024-06-26,0.15,0.312,0.357,0.451,0.573,0.604,0.704,0.813,0.921,1.044,1.524,1.851,2.031,2.155,2.352
2024-06-27,0.18,0.372,0.401,0.498,0.617,0.657,0.756,0.862,0.97,1.092,1.56,1.881,2.064,2.188,2.383
2024-06-28,0.172,0.353,0.384,0.483,0.602,0.641,0.742,0.842,0.941,1.062,1.524,1.848,2.04,2.153,2.349
2024-07-01,0.175,0.36,0.39,0.492,0.615,0.662,0.762,0.862,0.962,1.083,1.549,1.873,2.058,2.163,2.351
2024-07-02,0.176,0.365,0.401,0.508,0.63,0.679,0.786,0.89,0.985,1.104,1.573,1.894,2.075,2.174,2.352
2024-07-03,0.166,0.35,0.391,0.493,0.613,0.664,0.778,0.886,0.984,1.1,1.579,1.908,2.088,2.185,2.364
2024-07-04,0.148,0.34,0.382,0.482,0.599,0.645,0.754,0.863,0.967,1.086,1.571,1.908,2.092,2.188,2.364
2024-07-05,0.148,0.346,0.382,0.483,0.598,0.635,0.745,0.85,0.958,1.072,1.566,1.902,2.098,2.2,2.379
2024-07-08,0.15,0.362,0.398,0.499,0.616,0.655,0.764,0.869,0.974,1.092,1.576,1.907,2.099,2.2,2.385
2024-07-09,0.14,0.353,0.391,0.484,0.61,0.64,0.748,0.856,0.96,1.079,1.573,1.911,2.103,2.205,2.398
2024-07-10,0.131,0.343,0.387,0.48,0.605,0.649,0.756,0.865,0.969,1.093,1.586,1.924,2.115,2.22,2.415
2024-07-11,0.131,0.343,0.392,0.485,0.611,0.654,0.756,0.864,0.969,1.089,1.585,1.912,2.112,2.221,2.419
2024-07-12,0.122,0.333,0.378,0.47,0.586,0.624,0.723,0.831,0.936,1.055,1.539,1.873,2.073,2.177,2.387
2024-07-16,0.111,0.32,0.363,0.456,0.566,0.606,0.705,0.809,0.914,1.032,1.524,1.86,2.061,2.168,2.375
2024-07-17,0.115,0.33,0.374,0.467,0.577,0.62,0.72,0.824,0.924,1.042,1.528,1.861,2.055,2.173,2.376
2024-07-18,0.121,0.347,0.389,0.482,0.591,0.632,0.729,0.833,0.929,1.047,1.528,1.852,2.041,2.16,2.361
2024-07-19,0.141,0.352,0.394,0.487,0.598,0.643,0.739,0.843,0.938,1.053,1.524,1.843,2.028,2.148,2.345
2024-07-22,0.132,0.348,0.391,0.484,0.598,0.643,0.741,0.844,0.945,1.063,1.541,1.865,2.048,2.177,2.377
2024-07-23,0.149,0.362,0.402,0.492,0.607,0.654,0.755,0.854,0.954,1.073,1.55,1.865,2.057,2.181,2.385
2024-07-24,0.16,0.379,0.416,0.508,0.623,0.664,0.765,0.865,0.968,1.084,1.555,1.869,2.071,2.197,2.414
2024-07-25,0.189,0.403,0.441,0.532,0.637,0.679,0.775,0.874,0.967,1.078,1.543,1.847,2.052,2.168,2.381
2024-07-26,0.19,0.408,0.442,0.534,0.631,0.674,0.769,0.863,0.959,1.068,1.522,1.835,2.032,2.154,2.369
2024-07-29,0.182,0.394,0.425,0.511,0.607,0.651,0.74,0.836,0.931,1.041,1.497,1.814,2.009,2.13,2.346
2024-07-30,0.184,0.374,0.41,0.498,0.592,0.629,0.718,0.813,0.907,1.012,1.478,1.801,2.003,2.131,2.36
2024-07-31,0.275,0.45,0.49,0.579,0.671,0.704,0.783,0.875,0.965,1.07,1.527,1.844,2.043,2.176,2.396
2024-08-01,0.286,0.46,0.498,0.577,0.658,0.69,0.762,0.851,0.941,1.046,1.494,1.809,2.016,2.152,2.36
2024-08-02,0.256,0.41,0.439,0.511,0.583,0.613,0.682,0.775,0.87,0.974,1.432,1.746,1.969,2.098,2.302
2024-08-05,0.167,0.265,0.271,0.312,0.37,0.403,0.462,0.557,0.661,0.781,1.259,1.576,1.833,1.956,2.157
2024-08-06,0.187,0.29,0.306,0.364,0.436,0.493,0.574,0.673,0.783,0.908,1.393,1.734,1.967,2.118,2.318
2024-08-07,0.167,0.27,0.28,0.344,0.421,0.476,0.567,0.667,0.775,0.899,1.409,1.766,2.024,2.189,2.401
2024-08-08,0.17,0.269,0.279,0.339,0.411,0.458,0.531,0.63,0.735,0.855,1.352,1.704,1.96,2.107,2.306
2024-08-09,0.198,0.301,0.311,0.369,0.445,0.483,0.556,0.655,0.759,0.881,1.369,1.722,1.954,2.081,2.274
2024-08-13,0.203,0.3,0.311,0.368,0.444,0.469,0.54,0.639,0.741,0.869,1.357,1.714,1.951,2.081,2.282
2024-08-14,0.2,0.296,0.306,0.358,0.431,0.45,0.52,0.615,0.716,0.833,1.323,1.674,1.91,2.051,2.255
2024-08-15,0.224,0.321,0.333,0.384,0.451,0.47,0.544,0.638,0.741,0.861,1.336,1.684,1.913,2.051,2.255
2024-08-16,0.245,0.357,0.375,0.43,0.494,0.514,0.585,0.679,0.78,0.898,1.377,1.719,1.938,2.068,2.275
2024-08-19,0.257,0.374,0.39,0.445,0.509,0.529,0.599,0.69,0.791,0.914,1.405,1.75,1.971,2.093,2.304
2024-08-20,0.247,0.363,0.38,0.436,0.499,0.519,0.593,0.685,0.787,0.916,1.414,1.76,1.982,2.118,2.327
2024-08-21,0.248,0.352,0.367,0.416,0.481,0.504,0.575,0.67,0.772,0.896,1.395,1.733,1.962,2.102,2.319
2024-08-22,0.259,0.363,0.378,0.426,0.491,0.509,0.583,0.675,0.777,0.9,1.39,1.72,1.945,2.086,2.298
2024-08-23,0.256,0.372,0.387,0.437,0.507,0.529,0.608,0.695,0.797,0.919,1.403,1.733,1.952,2.086,2.298
2024-08-26,0.251,0.364,0.376,0.425,0.497,0.52,0.594,0.685,0.783,0.91,1.391,1.726,1.952,2.093,2.31
2024-08-27,0.261,0.367,0.377,0.425,0.504,0.521,0.594,0.687,0.783,0.906,1.386,1.716,1.939,2.077,2.296
2024-08-28,0.263,0.38,0.387,0.435,0.512,0.535,0.61,0.701,0.798,0.921,1.395,1.718,1.936,2.073,2.294
2024-08-29,0.253,0.368,0.377,0.426,0.503,0.526,0.6,0.697,0.793,0.917,1.404,1.738,1.956,2.097,2.317
2024-08-30,0.254,0.363,0.378,0.43,0.502,0.526,0.604,0.697,0.793,0.922,1.409,1.742,1.96,2.111,2.343
2024-09-02,0.247,0.37,0.383,0.44,0.518,0.541,0.617,0.712,0.813,0.936,1.423,1.755,1.974,2.124,2.362
2024-09-03,0.257,0.39,0.402,0.46,0.536,0.56,0.634,0.73,0.829,0.952,1.43,1.756,1.971,2.116,2.35
2024-09-04,0.249,0.375,0.389,0.441,0.512,0.53,0.596,0.693,0.794,0.917,1.401,1.729,1.951,2.091,2.324
2024-09-05,0.25,0.375,0.387,0.437,0.507,0.522,0.583,0.679,0.781,0.904,1.387,1.717,1.941,2.07,2.301
2024-09-06,0.262,0.38,0.387,0.432,0.499,0.507,0.563,0.656,0.757,0.88,1.365,1.694,1.92,2.045,2.27
2024-09-09,0.265,0.396,0.408,0.453,0.521,0.537,0.604,0.695,0.796,0.925,1.399,1.726,1.947,2.076,2.299
2024-09-10,0.267,0.396,0.409,0.458,0.528,0.538,0.603,0.695,0.796,0.926,1.403,1.736,1.955,2.09,2.314
2024-09-11,0.258,0.38,0.389,0.428,0.498,0.499,0.561,0.656,0.759,0.886,1.37,1.704,1.935,2.077,2.31
2024-09-12,0.259,0.391,0.399,0.441,0.513,0.514,0.578,0.667,0.772,0.896,1.383,1.708,1.935,2.074,2.314
2024-09-13,0.247,0.392,0.396,0.433,0.503,0.503,0.564,0.648,0.754,0.878,1.358,1.676,1.904,2.045,2.286
2024-09-17,0.241,0.387,0.388,0.424,0.494,0.495,0.552,0.634,0.741,0.863,1.349,1.662,1.884,2.019,2.258
2024-09-18,0.221,0.38,0.384,0.419,0.484,0.491,0.553,0.634,0.741,0.86,1.354,1.677,1.888,2.023,2.258
2024-09-19,0.227,0.389,0.392,0.43,0.498,0.515,0.575,0.658,0.765,0.889,1.391,1.722,1.936,2.082,2.327
2024-09-20,0.228,0.395,0.399,0.44,0.515,0.529,0.591,0.673,0.78,0.898,1.395,1.732,1.955,2.103,2.362
2024-09-24,0.2,0.35,0.356,0.396,0.469,0.477,0.533,0.617,0.724,0.848,1.351,1.695,1.937,2.083,2.341
2024-09-25,0.201,0.355,0.36,0.401,0.473,0.486,0.544,0.625,0.729,0.852,1.34,1.677,1.92,2.061,2.318
2024-09-26,0.192,0.349,0.346,0.399,0.474,0.491,0.554,0.64,0.745,0.872,1.369,1.709,1.947,2.101,2.363
2024-09-27,0.172,0.323,0.323,0.373,0.449,0.462,0.524,0.612,0.721,0.849,1.357,1.708,1.96,2.122,2.381
2024-09-30,0.234,0.394,0.385,0.437,0.508,0.517,0.578,0.661,0.766,0.894,1.375,1.709,1.947,2.092,2.35
2024-10-01,0.225,0.39,0.382,0.435,0.508,0.517,0.573,0.657,0.766,0.894,1.371,1.71,1.944,2.094,2.35
2024-10-02,0.206,0.365,0.365,0.417,0.489,0.491,0.545,0.628,0.732,0.859,1.346,1.687,1.931,2.087,2.346
2024-10-03,0.207,0.365,0.366,0.417,0.489,0.497,0.555,0.638,0.742,0.867,1.35,1.692,1.942,2.1,2.357
2024-10-04,0.208,0.37,0.373,0.428,0.506,0.521,0.58,0.663,0.761,0.886,1.363,1.701,1.942,2.1,2.353
2024-10-07,0.231,0.407,0.412,0.477,0.555,0.565,0.624,0.705,0.805,0.926,1.408,1.743,1.972,2.131,2.385
2024-10-08,0.232,0.402,0.413,0.48,0.554,0.563,0.623,0.706,0.805,0.926,1.41,1.746,1.976,2.126,2.388
2024-10-09,0.233,0.402,0.413,0.484,0.56,0.574,0.633,0.717,0.816,0.936,1.427,1.762,1.996,2.143,2.412
2024-10-10,0.237,0.412,0.418,0.494,0.588,0.596,0.659,0.741,0.84,0.96,1.452,1.788,2.026,2.171,2.451
2024-10-11,0.248,0.412,0.417,0.493,0.579,0.59,0.649,0.728,0.831,0.95,1.436,1.775,2.013,2.154,2.44
2024-10-15,0.263,0.423,0.429,0.506,0.595,0.605,0.672,0.751,0.856,0.976,1.453,1.789,2.02,2.155,2.441
2024-10-16,0.264,0.423,0.428,0.497,0.581,0.59,0.65,0.732,0.832,0.957,1.44,1.775,2.012,2.147,2.428
2024-10-17,0.275,0.434,0.437,0.51,0.59,0.608,0.664,0.746,0.846,0.967,1.441,1.776,2.002,2.13,2.399
2024-10-18,0.282,0.438,0.445,0.515,0.589,0.615,0.674,0.752,0.852,0.972,1.454,1.79,2.01,2.139,2.405
2024-10-21,0.286,0.433,0.439,0.509,0.581,0.6,0.66,0.739,0.838,0.963,1.45,1.79,2.017,2.156,2.424
2024-10-22,0.307,0.454,0.454,0.527,0.6,0.622,0.686,0.766,0.863,0.983,1.467,1.814,2.047,2.188,2.468
2024-10-23,0.309,0.449,0.455,0.524,0.596,0.617,0.681,0.765,0.863,0.983,1.471,1.818,2.053,2.188,2.468
2024-10-24,0.31,0.449,0.455,0.519,0.584,0.598,0.661,0.742,0.841,0.964,1.455,1.802,2.048,2.184,2.46
2024-10-25,0.311,0.449,0.453,0.515,0.58,0.593,0.651,0.731,0.832,0.955,1.447,1.789,2.028,2.159,2.428
2024-10-28,0.315,0.461,0.462,0.525,0.595,0.608,0.671,0.75,0.856,0.981,1.469,1.816,2.054,2.196,2.469
2024-10-29,0.306,0.453,0.459,0.522,0.599,0.608,0.671,0.751,0.858,0.981,1.473,1.812,2.051,2.188,2.473
2024-10-30,0.298,0.443,0.448,0.513,0.585,0.596,0.658,0.735,0.838,0.961,1.462,1.807,2.054,2.201,2.492
2024-10-31,0.289,0.434,0.438,0.499,0.571,0.586,0.643,0.722,0.824,0.947,1.437,1.786,2.03,2.189,2.492
2024-11-01,0.321,0.465,0.469,0.525,0.585,0.597,0.651,0.731,0.83,0.952,1.442,1.786,2.03,2.189,2.496
2024-11-05,0.315,0.455,0.459,0.517,0.575,0.588,0.641,0.719,0.821,0.944,1.435,1.787,2.03,2.193,2.499
2024-11-06,0.337,0.48,0.493,0.552,0.615,0.631,0.686,0.764,0.866,0.993,1.473,1.817,2.05,2.206,2.502
2024-11-07,0.359,0.501,0.517,0.582,0.644,0.66,0.714,0.791,0.894,1.016,1.494,1.839,2.074,2.226,2.523
2024-11-08,0.36,0.501,0.515,0.582,0.644,0.655,0.71,0.786,0.89,1.011,1.49,1.835,2.071,2.218,2.502
2024-11-11,0.364,0.501,0.512,0.577,0.644,0.646,0.702,0.782,0.886,1.009,1.487,1.84,2.074,2.222,2.503
2024-11-12,0.375,0.501,0.517,0.589,0.653,0.656,0.713,0.792,0.895,1.019,1.501,1.849,2.085,2.234,2.516
2024-11-13,0.397,0.527,0.543,0.62,0.689,0.697,0.756,0.835,0.937,1.053,1.53,1.871,2.101,2.246,2.541
2024-11-14,0.408,0.532,0.553,0.625,0.695,0.705,0.766,0.849,0.949,1.069,1.547,1.888,2.114,2.267,2.579
2024-11-15,0.424,0.552,0.567,0.64,0.712,0.724,0.785,0.866,0.961,1.082,1.551,1.884,2.101,2.264,2.579
2024-11-18,0.425,0.553,0.568,0.642,0.706,0.724,0.785,0.867,0.962,1.083,1.557,1.892,2.112,2.267,2.584
2024-11-19,0.436,0.554,0.572,0.646,0.71,0.719,0.781,0.862,0.957,1.078,1.544,1.889,2.105,2.254,2.572
2024-11-20,0.438,0.554,0.573,0.646,0.715,0.724,0.783,0.865,0.961,1.077,1.544,1.885,2.105,2.255,2.563
2024-11-21,0.46,0.58,0.603,0.68,0.75,0.758,0.812,0.894,0.991,1.106,1.561,1.899,2.112,2.25,2.553
2024-11-22,0.468,0.59,0.611,0.681,0.745,0.744,0.801,0.881,0.977,1.092,1.55,1.89,2.109,2.255,2.547
2024-11-25,0.474,0.59,0.609,0.677,0.74,0.736,0.787,0.872,0.968,1.084,1.544,1.881,2.109,2.255,2.548
2024-11-26,0.468,0.592,0.61,0.672,0.733,0.731,0.781,0.863,0.959,1.074,1.529,1.869,2.103,2.251,2.543
2024-11-27,0.478,0.596,0.615,0.677,0.741,0.741,0.793,0.873,0.969,1.083,1.545,1.891,2.113,2.272,2.579
2024-11-28,0.471,0.581,0.601,0.662,0.727,0.723,0.773,0.855,0.95,1.065,1.533,1.873,2.098,2.26,2.587
2024-11-29,0.482,0.599,0.608,0.664,0.728,0.722,0.769,0.85,0.946,1.064,1.517,1.855,2.079,2.252,2.568
2024-12-02,0.498,0.62,0.632,0.69,0.751,0.75,0.794,0.874,0.97,1.091,1.545,1.874,2.089,2.256,2.569
2024-12-03,0.49,0.61,0.626,0.685,0.747,0.745,0.79,0.874,0.97,1.091,1.542,1.874,2.09,2.26,2.573
2024-12-04,0.461,0.585,0.6,0.658,0.716,0.721,0.764,0.85,0.947,1.068,1.526,1.861,2.08,2.249,2.573
2024-12-05,0.454,0.6,0.613,0.671,0.736,0.737,0.78,0.865,0.961,1.082,1.539,1.875,2.09,2.257,2.59
2024-12-06,0.446,0.59,0.606,0.666,0.725,0.723,0.769,0.852,0.948,1.068,1.526,1.861,2.075,2.236,2.57
2024-12-09,0.431,0.575,0.594,0.655,0.714,0.708,0.756,0.838,0.935,1.054,1.511,1.849,2.065,2.228,2.565
2024-12-10,0.435,0.585,0.609,0.665,0.728,0.722,0.772,0.857,0.957,1.078,1.528,1.866,2.069,2.232,2.563
2024-12-11,0.445,0.591,0.612,0.671,0.736,0.732,0.781,0.867,0.963,1.083,1.524,1.866,2.066,2.231,2.55
2024-12-12,0.429,0.579,0.599,0.656,0.717,0.718,0.773,0.852,0.944,1.065,1.509,1.853,2.049,2.217,2.53
2024-12-13,0.412,0.564,0.573,0.638,0.697,0.708,0.761,0.842,0.935,1.055,1.504,1.848,2.048,2.22,2.551
2024-12-16,0.418,0.585,0.591,0.657,0.722,0.732,0.787,0.867,0.963,1.084,1.534,1.884,2.073,2.253,2.579
2024-12-17,0.42,0.595,0.598,0.668,0.736,0.746,0.801,0.882,0.974,1.094,1.543,1.889,2.089,2.264,2.592
2024-12-18,0.422,0.589,0.589,0.658,0.721,0.732,0.786,0.864,0.961,1.079,1.532,1.876,2.077,2.24,2.568
2024-12-19,0.424,0.606,0.609,0.679,0.747,0.755,0.811,0.886,0.98,1.097,1.543,1.881,2.07,2.245,2.572
2024-12-20,0.39,0.576,0.573,0.643,0.706,0.719,0.773,0.855,0.949,1.07,1.526,1.855,2.054,2.229,2.559
2024-12-23,0.395,0.588,0.584,0.655,0.725,0.732,0.788,0.869,0.963,1.081,1.539,1.871,2.074,2.236,2.564
2024-12-24,0.397,0.588,0.584,0.655,0.733,0.738,0.798,0.879,0.971,1.086,1.535,1.863,2.061,2.228,2.545
2024-12-25,0.399,0.588,0.585,0.656,0.726,0.738,0.797,0.879,0.972,1.086,1.531,1.859,2.057,2.219,2.536
2024-12-26,0.409,0.602,0.599,0.674,0.746,0.762,0.828,0.909,0.996,1.103,1.544,1.873,2.064,2.231,2.536
2024-12-27,0.413,0.602,0.606,0.685,0.76,0.773,0.837,0.918,1.008,1.119,1.565,1.898,2.091,2.259,2.56
2024-12-30,0.427,0.599,0.604,0.681,0.743,0.764,0.833,0.914,1.002,1.111,1.553,1.89,2.081,2.252,2.556
2025-01-06,0.449,0.626,0.638,0.718,0.791,0.806,0.867,0.948,1.038,1.145,1.584,1.915,2.093,2.274,2.583
2025-01-07,0.459,0.632,0.646,0.726,0.794,0.811,0.868,0.953,1.043,1.148,1.589,1.916,2.094,2.278,2.6
2025-01-08,0.46,0.648,0.667,0.75,0.821,0.846,0.906,0.988,1.076,1.182,1.618,1.951,2.126,2.294,2.619
2025-01-09,0.452,0.643,0.66,0.748,0.816,0.837,0.902,0.984,1.071,1.178,1.614,1.933,2.122,2.285,2.619
2025-01-10,0.443,0.649,0.675,0.762,0.832,0.857,0.926,1.008,1.094,1.202,1.642,1.959,2.136,2.301,2.639
2025-01-14,0.479,0.687,0.711,0.797,0.874,0.897,0.97,1.052,1.138,1.246,1.681,1.993,2.166,2.33,2.669
2025-01-15,0.504,0.707,0.733,0.816,0.894,0.909,0.975,1.06,1.148,1.255,1.693,2.002,2.174,2.347,2.691
2025-01-16,0.511,0.698,0.713,0.798,0.869,0.878,0.934,1.016,1.102,1.207,1.648,1.941,2.135,2.318,2.679
2025-01-17,0.512,0.693,0.706,0.793,0.865,0.878,0.936,1.019,1.104,1.207,1.631,1.925,2.106,2.29,2.649
2025-01-20,0.506,0.683,0.698,0.784,0.855,0.874,0.93,1.01,1.095,1.199,1.62,1.912,2.096,2.273,2.631
2025-01-21,0.513,0.677,0.694,0.78,0.851,0.869,0.926,1.006,1.092,1.194,1.616,1.913,2.094,2.265,2.609
2025-01-22,0.535,0.698,0.72,0.804,0.874,0.889,0.941,1.019,1.102,1.205,1.616,1.904,2.094,2.261,2.595
2025-01-23,0.537,0.704,0.724,0.81,0.88,0.894,0.95,1.028,1.112,1.215,1.623,1.913,2.107,2.269,2.591
2025-01-24,0.556,0.718,0.751,0.839,0.91,0.927,0.975,1.056,1.139,1.238,1.633,1.921,2.119,2.277,2.591
2025-01-27,0.543,0.705,0.735,0.823,0.888,0.905,0.956,1.039,1.126,1.225,1.621,1.918,2.116,2.269,2.579
2025-01-28,0.535,0.695,0.724,0.807,0.865,0.876,0.928,1.01,1.098,1.201,1.601,1.905,2.1,2.251,2.557
2025-01-29,0.546,0.704,0.735,0.815,0.868,0.881,0.933,1.012,1.102,1.201,1.601,1.896,2.091,2.245,2.547
2025-01-30,0.548,0.718,0.746,0.824,0.883,0.895,0.948,1.027,1.118,1.221,1.622,1.918,2.117,2.274,2.578
2025-01-31,0.56,0.729,0.754,0.846,0.909,0.922,0.976,1.055,1.151,1.25,1.658,1.953,2.137,2.29,2.592
2025-02-03,0.556,0.72,0.745,0.837,0.899,0.915,0.974,1.052,1.149,1.254,1.671,1.967,2.154,2.302,2.602
2025-02-04,0.568,0.741,0.764,0.86,0.93,0.945,1.004,1.082,1.178,1.282,1.696,1.993,2.179,2.323,2.608
2025-02-05,0.57,0.756,0.778,0.876,0.945,0.961,1.014,1.092,1.188,1.289,1.701,1.998,2.183,2.323,2.608
2025-02-06,0.572,0.762,0.784,0.875,0.94,0.957,1.002,1.082,1.168,1.27,1.672,1.959,2.136,2.269,2.544
2025-02-07,0.594,0.798,0.828,0.926,0.987,0.996,1.046,1.125,1.211,1.307,1.703,1.98,2.151,2.29,2.569
2025-02-10,0.593,0.798,0.829,0.927,0.988,1,1.053,1.133,1.221,1.318,1.715,1.985,2.151,2.294,2.573
2025-02-12,0.597,0.799,0.831,0.933,1.005,1.02,1.077,1.157,1.246,1.346,1.736,2.002,2.155,2.302,2.577
2025-02-13,0.59,0.794,0.829,0.934,1.006,1.03,1.086,1.171,1.26,1.357,1.752,2.019,2.178,2.318,2.59
2025-02-14,0.586,0.794,0.834,0.935,1.013,1.03,1.087,1.173,1.26,1.357,1.749,2.011,2.178,2.31,2.573
2025-02-17,0.589,0.809,0.865,0.973,1.057,1.068,1.12,1.21,1.295,1.39,1.761,2.011,2.179,2.306,2.569
2025-02-18,0.596,0.827,0.883,1.001,1.093,1.111,1.165,1.253,1.337,1.432,1.797,2.063,2.224,2.335,2.587
2025-02-19,0.594,0.82,0.883,0.997,1.083,1.107,1.163,1.253,1.338,1.432,1.805,2.063,2.218,2.327,2.568
2025-02-20,0.608,0.821,0.889,1.003,1.087,1.112,1.168,1.258,1.347,1.441,1.798,2.05,2.205,2.322,2.551
2025-02-21,0.603,0.818,0.881,0.982,1.063,1.088,1.139,1.238,1.329,1.427,1.797,2.054,2.219,2.335,2.556
2025-02-25,0.593,0.803,0.864,0.96,1.038,1.056,1.099,1.198,1.288,1.387,1.779,2.037,2.204,2.319,2.54
2025-02-26,0.604,0.801,0.859,0.95,1.022,1.045,1.092,1.189,1.28,1.373,1.763,2.028,2.2,2.319,2.553
2025-02-27,0.608,0.826,0.878,0.973,1.043,1.063,1.112,1.208,1.303,1.398,1.784,2.042,2.207,2.338,2.588
2025-02-28,0.601,0.806,0.854,0.946,1.007,1.036,1.084,1.18,1.28,1.378,1.764,2.032,2.198,2.35,2.622
2025-03-03,0.617,0.825,0.883,0.978,1.05,1.074,1.123,1.219,1.313,1.412,1.793,2.051,2.21,2.353,2.619
2025-03-04,0.619,0.831,0.89,0.991,1.069,1.088,1.136,1.233,1.327,1.428,1.812,2.065,2.223,2.36,2.619
2025-03-05,0.62,0.831,0.895,1.004,1.076,1.098,1.151,1.248,1.347,1.448,1.843,2.099,2.264,2.389,2.655
2025-03-06,0.623,0.852,0.925,1.049,1.132,1.168,1.222,1.318,1.416,1.517,1.916,2.18,2.332,2.462,2.707
2025-03-07,0.623,0.848,0.929,1.053,1.127,1.158,1.213,1.313,1.421,1.523,1.938,2.217,2.381,2.496,2.718
2025-03-10,0.639,0.875,0.96,1.088,1.174,1.203,1.256,1.359,1.471,1.575,1.998,2.279,2.447,2.544,2.753
2025-03-11,0.611,0.834,0.917,1.04,1.115,1.144,1.195,1.295,1.407,1.511,1.959,2.241,2.422,2.53,2.746
2025-03-12,0.623,0.85,0.931,1.056,1.14,1.175,1.23,1.319,1.423,1.527,1.957,2.228,2.407,2.535,2.756
2025-03-13,0.625,0.861,0.945,1.07,1.16,1.194,1.251,1.342,1.445,1.549,1.977,2.245,2.419,2.547,2.779
2025-03-14,0.607,0.84,0.923,1.047,1.131,1.162,1.214,1.309,1.419,1.522,1.961,2.236,2.417,2.535,2.785
2025-03-17,0.597,0.811,0.898,1.023,1.107,1.146,1.201,1.297,1.41,1.513,1.969,2.249,2.438,2.55,2.804
2025-03-18,0.604,0.815,0.899,1.024,1.106,1.142,1.192,1.295,1.406,1.507,1.954,2.233,2.42,2.542,2.809
2025-03-19,0.616,0.842,0.914,1.035,1.124,1.16,1.216,1.311,1.42,1.52,1.962,2.24,2.414,2.543,2.804
2025-03-21,0.62,0.854,0.922,1.043,1.134,1.17,1.228,1.32,1.424,1.527,1.967,2.238,2.411,2.539,2.795
2025-03-24,0.636,0.871,0.935,1.056,1.149,1.185,1.244,1.335,1.439,1.549,1.978,2.246,2.417,2.543,2.798
2025-03-25,0.648,0.887,0.957,1.085,1.186,1.218,1.282,1.372,1.471,1.578,2.01,2.268,2.426,2.541,2.792
2025-03-26,0.65,0.892,0.955,1.088,1.197,1.233,1.294,1.384,1.482,1.583,2.002,2.26,2.433,2.543,2.793
2025-03-27,0.652,0.893,0.96,1.092,1.194,1.232,1.296,1.387,1.486,1.588,2.006,2.26,2.424,2.53,2.742
2025-03-28,0.644,0.877,0.94,1.069,1.167,1.203,1.26,1.351,1.449,1.551,1.971,2.225,2.384,2.486,2.677
2025-03-31,0.64,0.854,0.887,1.019,1.113,1.143,1.198,1.287,1.391,1.497,1.932,2.202,2.368,2.48,2.69
2025-04-01,0.652,0.855,0.901,1.027,1.122,1.15,1.21,1.305,1.405,1.511,1.945,2.21,2.382,2.498,2.716
2025-04-02,0.644,0.834,0.885,0.999,1.092,1.125,1.181,1.278,1.377,1.481,1.909,2.17,2.342,2.444,2.651
2025-04-03,0.585,0.754,0.803,0.9,0.987,1.016,1.063,1.159,1.261,1.366,1.802,2.092,2.285,2.38,2.603
2025-04-04,0.514,0.612,0.65,0.731,0.797,0.827,0.87,0.964,1.068,1.176,1.613,1.946,2.191,2.303,2.524
2025-04-07,0.488,0.586,0.621,0.699,0.761,0.787,0.816,0.911,1.017,1.129,1.59,1.93,2.167,2.282,2.536
2025-04-08,0.51,0.647,0.692,0.796,0.869,0.899,0.936,1.041,1.154,1.268,1.752,2.11,2.361,2.479,2.728
2025-04-09,0.473,0.611,0.661,0.763,0.853,0.878,0.913,1.028,1.16,1.284,1.866,2.261,2.551,2.643,2.874
2025-04-10,0.517,0.676,0.728,0.831,0.931,0.958,1.009,1.122,1.255,1.379,1.937,2.279,2.515,2.611,2.843
2025-04-11,0.483,0.611,0.656,0.75,0.844,0.875,0.93,1.057,1.213,1.357,1.99,2.325,2.543,2.661,2.909
2025-04-14,0.466,0.589,0.634,0.729,0.817,0.855,0.924,1.04,1.202,1.35,2.026,2.389,2.616,2.756,3.001
2025-04-15,0.507,0.646,0.697,0.795,0.885,0.919,0.989,1.092,1.24,1.377,2.011,2.339,2.582,2.733,3.002
2025-04-16,0.498,0.615,0.666,0.757,0.842,0.876,0.932,1.029,1.165,1.305,1.936,2.266,2.517,2.646,2.928
2025-04-17,0.525,0.65,0.697,0.785,0.867,0.895,0.954,1.053,1.184,1.32,1.939,2.257,2.484,2.607,2.87
2025-04-18,0.52,0.636,0.682,0.765,0.844,0.875,0.934,1.035,1.166,1.302,1.931,2.27,2.513,2.65,2.914
2025-04-21,0.53,0.649,0.688,0.771,0.848,0.882,0.942,1.046,1.172,1.302,1.947,2.297,2.537,2.677,2.948
2025-04-22,0.541,0.67,0.716,0.8,0.878,0.91,0.969,1.07,1.192,1.323,1.929,2.267,2.513,2.673,2.938
2025-04-23,0.55,0.684,0.74,0.824,0.906,0.933,0.993,1.092,1.212,1.34,1.91,2.232,2.456,2.626,2.888
2025-04-24,0.542,0.679,0.723,0.806,0.884,0.916,0.975,1.074,1.199,1.328,1.878,2.226,2.443,2.634,2.906
2025-04-25,0.545,0.689,0.734,0.82,0.903,0.934,0.998,1.097,1.219,1.347,1.906,2.248,2.473,2.639,2.937
2025-04-28,0.548,0.686,0.729,0.817,0.898,0.92,0.98,1.078,1.201,1.329,1.891,2.236,2.466,2.639,2.938
2025-04-30,0.551,0.676,0.72,0.808,0.888,0.92,0.98,1.079,1.202,1.33,1.891,2.228,2.473,2.645,2.936
2025-05-01,0.521,0.629,0.675,0.764,0.844,0.872,0.931,1.034,1.164,1.291,1.868,2.224,2.475,2.653,2.943
2025-05-02,0.512,0.609,0.659,0.749,0.83,0.866,0.928,1.029,1.155,1.283,1.869,2.243,2.52,2.693,2.984
2025-05-07,0.518,0.609,0.669,0.763,0.85,0.889,0.964,1.063,1.19,1.318,1.913,2.312,2.601,2.791,3.083
2025-05-08,0.529,0.619,0.683,0.781,0.871,0.908,0.984,1.088,1.214,1.343,1.941,2.322,2.605,2.779,3.081
2025-05-09,0.532,0.634,0.698,0.797,0.891,0.935,1.011,1.121,1.248,1.37,1.992,2.356,2.635,2.802,3.127
2025-05-12,0.547,0.66,0.727,0.831,0.922,0.972,1.047,1.156,1.281,1.405,2.02,2.394,2.67,2.836,3.156
2025-05-13,0.568,0.718,0.79,0.899,0.989,1.038,1.113,1.219,1.34,1.46,2.01,2.356,2.628,2.779,3.097
2025-05-14,0.563,0.706,0.78,0.886,0.977,1.036,1.109,1.212,1.338,1.466,2.026,2.376,2.628,2.811,3.126
2025-05-15,0.565,0.717,0.797,0.915,1.01,1.064,1.137,1.24,1.367,1.489,2.06,2.404,2.664,2.839,3.168
2025-05-16,0.556,0.707,0.782,0.896,0.992,1.037,1.105,1.212,1.343,1.466,2.04,2.387,2.661,2.84,3.18
2025-05-19,0.571,0.718,0.798,0.912,1.007,1.059,1.132,1.241,1.373,1.494,2.066,2.412,2.678,2.851,3.178
2025-05-20,0.583,0.728,0.807,0.922,1.018,1.071,1.143,1.259,1.397,1.53,2.138,2.539,2.796,2.969,3.288
2025-05-21,0.558,0.72,0.798,0.917,1.008,1.07,1.144,1.259,1.397,1.53,2.138,2.528,2.799,2.976,3.3
2025-05-22,0.56,0.737,0.816,0.939,1.045,1.104,1.197,1.308,1.439,1.573,2.179,2.566,2.823,2.999,3.336
2025-05-23,0.557,0.731,0.82,0.941,1.044,1.103,1.187,1.301,1.431,1.559,2.173,2.523,2.772,2.925,3.249
2025-05-26,0.554,0.728,0.808,0.927,1.023,1.075,1.151,1.264,1.395,1.522,2.136,2.498,2.758,2.9,3.24
2025-05-27,0.566,0.739,0.811,0.922,1.012,1.057,1.117,1.229,1.357,1.479,2.035,2.354,2.613,2.743,3.062
2025-05-28,0.575,0.753,0.83,0.955,1.054,1.108,1.179,1.286,1.409,1.531,2.077,2.406,2.656,2.796,3.107
2025-05-29,0.587,0.758,0.829,0.948,1.043,1.1,1.173,1.282,1.409,1.532,2.107,2.451,2.704,2.853,3.125
2025-05-30,0.599,0.75,0.81,0.929,1.029,1.081,1.158,1.266,1.391,1.518,2.076,2.419,2.671,2.846,3.108
2025-06-02,0.592,0.755,0.821,0.945,1.043,1.092,1.163,1.272,1.397,1.523,2.066,2.406,2.654,2.821,3.085
2025-06-03,0.583,0.755,0.816,0.936,1.035,1.082,1.15,1.26,1.379,1.499,2.059,2.406,2.656,2.825,3.102
2025-06-04,0.575,0.765,0.829,0.949,1.055,1.105,1.174,1.283,1.403,1.518,2.075,2.431,2.669,2.833,3.137
2025-06-05,0.567,0.755,0.813,0.922,1.02,1.069,1.134,1.247,1.366,1.481,2.027,2.371,2.621,2.787,3.081
2025-06-06,0.569,0.76,0.817,0.928,1.023,1.069,1.134,1.242,1.362,1.477,2.009,2.35,2.605,2.78,3.053
2025-06-09,0.574,0.775,0.833,0.942,1.043,1.084,1.153,1.257,1.377,1.491,2.026,2.376,2.628,2.805,3.088
2025-06-10,0.573,0.771,0.833,0.942,1.045,1.088,1.158,1.262,1.382,1.498,2.05,2.402,2.641,2.809,3.091
2025-06-11,0.564,0.756,0.824,0.933,1.029,1.073,1.138,1.243,1.363,1.48,2.038,2.394,2.635,2.808,3.101
2025-06-12,0.565,0.756,0.818,0.928,1.024,1.07,1.139,1.24,1.364,1.48,2.054,2.406,2.635,2.804,3.089
2025-06-13,0.553,0.736,0.785,0.888,0.979,1.016,1.083,1.183,1.308,1.429,2.011,2.363,2.608,2.781,3.066
2025-06-16,0.576,0.758,0.821,0.93,1.025,1.062,1.13,1.231,1.356,1.477,2.055,2.393,2.633,2.799,3.07
2025-06-17,0.578,0.769,0.829,0.946,1.047,1.091,1.159,1.262,1.38,1.498,2.066,2.411,2.652,2.823,3.094
2025-06-18,0.563,0.755,0.809,0.921,1.022,1.072,1.141,1.242,1.361,1.479,2.051,2.399,2.646,2.819,3.097
2025-06-19,0.544,0.728,0.773,0.875,0.973,1.024,1.095,1.196,1.318,1.439,2.014,2.379,2.634,2.808,3.09
2025-06-20,0.544,0.728,0.773,0.875,0.965,1.014,1.088,1.186,1.306,1.424,2.014,2.375,2.631,2.798,3.102
2025-06-23,0.554,0.738,0.782,0.887,0.981,1.03,1.104,1.196,1.315,1.437,2.014,2.361,2.632,2.808,3.129
2025-06-24,0.554,0.738,0.782,0.885,0.981,1.029,1.104,1.202,1.325,1.445,2.017,2.361,2.634,2.811,3.125
2025-06-25,0.548,0.724,0.773,0.873,0.967,1.016,1.091,1.187,1.306,1.426,1.987,2.34,2.62,2.796,3.109
2025-06-26,0.557,0.735,0.784,0.889,0.986,1.034,1.11,1.207,1.326,1.445,1.991,2.339,2.608,2.792,3.102
2025-06-27,0.568,0.74,0.785,0.897,0.994,1.044,1.123,1.215,1.339,1.459,2.003,2.353,2.614,2.8,3.094
2025-06-30,0.581,0.746,0.79,0.904,0.999,1.049,1.129,1.222,1.342,1.462,2.02,2.371,2.628,2.803,3.093
2025-07-01,0.581,0.735,0.78,0.891,0.986,1.032,1.11,1.2,1.313,1.419,1.985,2.345,2.613,2.789,3.082
2025-07-02,0.582,0.741,0.785,0.899,0.992,1.041,1.12,1.211,1.328,1.434,1.994,2.352,2.622,2.785,3.074
2025-07-03,0.592,0.746,0.796,0.91,1.009,1.06,1.136,1.227,1.341,1.448,2.018,2.383,2.668,2.844,3.13
2025-07-04,0.583,0.736,0.786,0.9,0.992,1.046,1.124,1.216,1.333,1.444,2.018,2.391,2.677,2.852,3.129
2025-07-07,0.575,0.732,0.782,0.902,0.993,1.046,1.126,1.224,1.343,1.463,2.05,2.44,2.745,2.932,3.218
2025-07-08,0.576,0.733,0.786,0.906,1.009,1.063,1.144,1.245,1.373,1.492,2.096,2.505,2.825,3.007,3.31
2025-07-09,0.587,0.754,0.807,0.927,1.029,1.088,1.168,1.266,1.389,1.507,2.108,2.511,2.823,3.003,3.297
2025-07-10,0.587,0.76,0.811,0.922,1.025,1.084,1.163,1.261,1.386,1.498,2.115,2.508,2.824,3.008,3.301
2025-07-11,0.591,0.764,0.816,0.931,1.035,1.094,1.178,1.275,1.395,1.507,2.105,2.503,2.806,2.992,3.278
2025-07-14,0.614,0.781,0.842,0.959,1.074,1.143,1.235,1.337,1.458,1.574,2.189,2.593,2.894,3.083,3.403
2025-07-15,0.615,0.792,0.853,0.97,1.085,1.154,1.247,1.351,1.473,1.588,2.218,2.61,2.912,3.087,3.398
2025-07-16,0.616,0.793,0.853,0.971,1.085,1.154,1.242,1.346,1.463,1.575,2.188,2.564,2.867,3.011,3.32
2025-07-17,0.618,0.788,0.847,0.966,1.081,1.149,1.235,1.339,1.45,1.561,2.177,2.564,2.869,3.029,3.317
2025-07-18,0.608,0.772,0.829,0.94,1.046,1.117,1.205,1.308,1.418,1.528,2.135,2.526,2.84,3.014,3.302
2025-07-22,0.596,0.76,0.817,0.921,1.027,1.094,1.183,1.289,1.4,1.51,2.125,2.531,2.847,3.022,3.319
2025-07-23,0.654,0.838,0.897,1.016,1.125,1.192,1.281,1.383,1.492,1.596,2.198,2.59,2.891,3.062,3.379
2025-07-24,0.665,0.854,0.909,1.03,1.14,1.207,1.295,1.393,1.502,1.605,2.191,2.574,2.865,3.034,3.338
2025-07-25,0.684,0.863,0.921,1.044,1.155,1.217,1.304,1.399,1.506,1.605,2.18,2.553,2.847,3.006,3.301
2025-07-28,0.678,0.849,0.905,1.01,1.122,1.183,1.269,1.362,1.471,1.571,2.141,2.515,2.812,2.975,3.267
2025-07-29,0.669,0.835,0.895,1.002,1.108,1.175,1.261,1.354,1.463,1.564,2.152,2.532,2.825,2.999,3.28
2025-07-30,0.66,0.826,0.886,0.994,1.097,1.166,1.253,1.346,1.459,1.565,2.156,2.541,2.843,3.019,3.3
2025-07-31,0.662,0.826,0.886,0.994,1.097,1.163,1.249,1.345,1.457,1.559,2.15,2.542,2.847,3.026,3.308
2025-08-01,0.661,0.814,0.877,0.984,1.089,1.157,1.244,1.338,1.455,1.56,2.151,2.55,2.859,3.037,3.311
2025-08-04,0.623,0.764,0.826,0.935,1.035,1.111,1.199,1.292,1.409,1.52,2.14,2.55,2.866,3.046,3.329
2025-08-05,0.615,0.754,0.812,0.921,1.016,1.083,1.167,1.265,1.382,1.487,2.095,2.505,2.827,3.019,3.308
2025-08-06,0.626,0.774,0.835,0.946,1.034,1.107,1.194,1.29,1.404,1.509,2.107,2.517,2.833,3.015,3.288
2025-08-07,0.625,0.77,0.83,0.943,1.034,1.106,1.19,1.286,1.396,1.5,2.104,2.521,2.843,3.006,3.265
2025-08-08,0.627,0.77,0.842,0.952,1.045,1.112,1.196,1.291,1.398,1.502,2.096,2.519,2.857,3.014,3.251
2025-08-12,0.632,0.775,0.85,0.959,1.051,1.116,1.201,1.299,1.409,1.516,2.105,2.527,2.875,3.029,3.262
2025-08-13,0.636,0.785,0.868,0.985,1.074,1.135,1.22,1.314,1.423,1.53,2.114,2.531,2.878,3.025,3.255
2025-08-14,0.647,0.822,0.901,1.023,1.114,1.172,1.259,1.353,1.461,1.563,2.136,2.552,2.89,3.024,3.255
2025-08-15,0.653,0.826,0.913,1.03,1.12,1.182,1.269,1.362,1.47,1.574,2.155,2.56,2.882,3.032,3.277
2025-08-18,0.662,0.833,0.919,1.034,1.124,1.195,1.28,1.372,1.48,1.584,2.168,2.571,2.89,3.049,3.308
2025-08-19,0.674,0.849,0.933,1.048,1.144,1.214,1.298,1.391,1.499,1.603,2.191,2.594,2.916,3.068,3.323
2025-08-20,0.68,0.858,0.943,1.058,1.155,1.227,1.309,1.405,1.516,1.617,2.214,2.624,2.953,3.095,3.356
2025-08-21,0.678,0.862,0.949,1.064,1.159,1.228,1.31,1.405,1.516,1.617,2.211,2.63,2.968,3.098,3.359
2025-08-22,0.68,0.873,0.956,1.069,1.164,1.234,1.314,1.411,1.522,1.626,2.222,2.651,3,3.12,3.368
2025-08-25,0.691,0.869,0.955,1.071,1.165,1.234,1.319,1.416,1.526,1.628,2.216,2.636,2.987,3.119,3.369
2025-08-26,0.704,0.874,0.963,1.071,1.166,1.244,1.332,1.425,1.532,1.631,2.213,2.627,2.976,3.11,3.351
2025-08-27,0.706,0.869,0.957,1.072,1.17,1.244,1.333,1.431,1.537,1.637,2.223,2.64,2.999,3.134,3.369
2025-08-28,0.701,0.871,0.954,1.07,1.167,1.24,1.325,1.426,1.532,1.628,2.208,2.618,2.968,3.122,3.365
2025-08-29,0.712,0.871,0.951,1.069,1.162,1.23,1.316,1.413,1.519,1.613,2.183,2.596,2.938,3.096,3.348
2025-09-01,0.722,0.88,0.963,1.082,1.178,1.256,1.339,1.436,1.54,1.633,2.204,2.622,2.959,3.102,3.357
2025-09-02,0.713,0.87,0.947,1.068,1.157,1.237,1.322,1.418,1.522,1.615,2.188,2.615,2.974,3.111,3.373
2025-09-03,0.704,0.87,0.954,1.079,1.169,1.252,1.344,1.446,1.549,1.643,2.224,2.666,3.029,3.17,3.43
2025-09-04,0.695,0.855,0.938,1.06,1.15,1.228,1.308,1.414,1.521,1.617,2.211,2.651,3.02,3.158,3.417
2025-09-05,0.686,0.841,0.923,1.035,1.119,1.196,1.276,1.382,1.489,1.59,2.197,2.63,2.993,3.128,3.388
2025-09-08,0.678,0.831,0.915,1.026,1.111,1.186,1.267,1.373,1.486,1.586,2.213,2.661,3.027,3.167,3.442
2025-09-09,0.679,0.842,0.916,1.032,1.11,1.187,1.271,1.369,1.482,1.58,2.202,2.644,3.005,3.147,3.426
2025-09-10,0.691,0.857,0.93,1.048,1.125,1.193,1.277,1.373,1.486,1.585,2.198,2.631,2.991,3.123,3.398
2025-09-11,0.695,0.862,0.938,1.055,1.134,1.202,1.291,1.388,1.496,1.594,2.206,2.639,2.994,3.115,3.381
2025-09-12,0.696,0.873,0.949,1.066,1.156,1.224,1.311,1.407,1.515,1.613,2.214,2.634,2.986,3.103,3.351
2025-09-16,0.711,0.884,0.959,1.081,1.171,1.24,1.326,1.421,1.525,1.623,2.232,2.66,3.016,3.132,3.384
2025-09-17,0.707,0.883,0.956,1.082,1.161,1.232,1.316,1.411,1.511,1.611,2.212,2.63,2.992,3.108,3.371
2025-09-18,0.719,0.888,0.957,1.082,1.17,1.236,1.325,1.418,1.522,1.615,2.213,2.622,2.982,3.093,3.363
2025-09-19,0.747,0.918,0.992,1.122,1.214,1.28,1.373,1.465,1.563,1.655,2.231,2.625,2.966,3.072,3.32
2025-09-22,0.763,0.935,1.013,1.142,1.244,1.308,1.396,1.486,1.58,1.669,2.244,2.64,2.981,3.094,3.341
2025-09-24,0.76,0.932,1.011,1.138,1.239,1.304,1.393,1.48,1.569,1.655,2.219,2.619,2.958,3.074,3.327
2025-09-25,0.769,0.936,1.019,1.149,1.25,1.312,1.401,1.49,1.578,1.659,2.211,2.599,2.936,3.054,3.293
2025-09-26,0.771,0.931,1.019,1.145,1.245,1.318,1.411,1.496,1.587,1.669,2.226,2.624,2.951,3.084,3.341
2025-09-29,0.778,0.931,1.022,1.144,1.241,1.313,1.402,1.486,1.575,1.657,2.201,2.595,2.917,3.05,3.303
2025-09-30,0.8,0.958,1.029,1.155,1.244,1.323,1.413,1.495,1.583,1.662,2.217,2.607,2.924,3.067,3.314
2025-10-01,0.792,0.954,1.027,1.161,1.248,1.328,1.416,1.498,1.584,1.663,2.218,2.614,2.935,3.074,3.335
2025-10-02,0.784,0.955,1.022,1.159,1.257,1.336,1.422,1.504,1.593,1.675,2.226,2.622,2.958,3.087,3.353
2025-10-03,0.775,0.945,1.012,1.152,1.241,1.32,1.404,1.491,1.585,1.667,2.222,2.614,2.949,3.072,3.329
2025-10-06,0.73,0.899,0.98,1.12,1.217,1.307,1.404,1.495,1.591,1.677,2.266,2.681,3.057,3.175,3.439
2025-10-07,0.742,0.909,0.995,1.133,1.23,1.315,1.408,1.501,1.596,1.682,2.268,2.677,3.051,3.177,3.429
2025-10-08,0.764,0.93,1.014,1.152,1.252,1.33,1.428,1.52,1.614,1.701,2.282,2.688,3.049,3.164,3.404
2025-10-09,0.755,0.93,1.01,1.148,1.243,1.32,1.419,1.51,1.606,1.697,2.285,2.7,3.059,3.18,3.398
2025-10-10,0.747,0.925,1.004,1.137,1.231,1.312,1.41,1.501,1.602,1.697,2.281,2.693,3.055,3.187,3.385
2025-10-14,0.723,0.895,0.976,1.104,1.195,1.271,1.368,1.463,1.568,1.67,2.275,2.703,3.073,3.218,3.417
2025-10-15,0.724,0.9,0.981,1.11,1.199,1.272,1.366,1.458,1.562,1.662,2.266,2.684,3.047,3.175,3.367
2025-10-16,0.73,0.92,0.999,1.124,1.214,1.29,1.385,1.478,1.571,1.663,2.252,2.663,3.011,3.134,3.34
2025-10-17,0.722,0.909,0.987,1.111,1.199,1.267,1.351,1.448,1.544,1.638,2.227,2.651,3.01,3.134,3.357
2025-10-20,0.754,0.95,1.029,1.153,1.248,1.319,1.407,1.505,1.594,1.676,2.242,2.655,3.006,3.129,3.352
2025-10-21,0.746,0.94,1.015,1.138,1.233,1.297,1.389,1.486,1.577,1.667,2.233,2.652,3.007,3.138,3.362
2025-10-22,0.748,0.929,1.009,1.13,1.225,1.295,1.385,1.482,1.577,1.663,2.228,2.647,3.002,3.13,3.358
2025-10-23,0.747,0.933,1.012,1.134,1.229,1.301,1.392,1.487,1.584,1.667,2.22,2.63,2.985,3.101,3.335
2025-10-24,0.75,0.932,1.011,1.132,1.229,1.298,1.391,1.482,1.579,1.667,2.216,2.618,2.974,3.081,3.329
2025-10-27,0.757,0.943,1.017,1.144,1.242,1.313,1.41,1.496,1.591,1.683,2.238,2.627,2.992,3.097,3.352
2025-10-28,0.751,0.94,1.006,1.129,1.226,1.292,1.387,1.473,1.569,1.654,2.209,2.602,2.975,3.083,3.327
2025-10-29,0.762,0.943,1.014,1.138,1.237,1.302,1.396,1.483,1.577,1.664,2.209,2.597,2.967,3.072,3.31
2025-10-30,0.755,0.929,1.004,1.128,1.222,1.292,1.387,1.474,1.569,1.66,2.206,2.594,2.961,3.063,3.297
2025-10-31,0.748,0.928,0.994,1.125,1.235,1.311,1.405,1.494,1.58,1.67,2.218,2.605,2.975,3.068,3.304
2025-11-04,0.745,0.945,1.017,1.153,1.253,1.334,1.427,1.512,1.6,1.684,2.242,2.637,3.007,3.105,3.34
2025-11-05,0.726,0.93,1.002,1.137,1.234,1.315,1.404,1.494,1.584,1.676,2.236,2.624,2.999,3.101,3.34
2025-11-06,0.737,0.941,1.017,1.157,1.253,1.335,1.428,1.517,1.608,1.694,2.245,2.633,3.005,3.105,3.35
2025-11-07,0.736,0.941,1.018,1.16,1.257,1.335,1.431,1.517,1.607,1.688,2.246,2.642,3.008,3.117,3.358
2025-11-10,0.739,0.948,1.03,1.175,1.272,1.356,1.455,1.542,1.631,1.712,2.27,2.667,3.03,3.141,3.391
2025-11-11,0.733,0.937,1.018,1.163,1.258,1.341,1.437,1.527,1.618,1.704,2.272,2.688,3.047,3.177,3.424
2025-11-12,0.734,0.942,1.017,1.158,1.258,1.337,1.432,1.526,1.618,1.7,2.277,2.702,3.067,3.189,3.436
2025-11-13,0.734,0.932,1.017,1.159,1.254,1.337,1.434,1.531,1.623,1.705,2.285,2.706,3.068,3.188,3.437
2025-11-14,0.735,0.932,1.018,1.159,1.259,1.337,1.435,1.532,1.628,1.714,2.297,2.723,3.083,3.205,3.449
2025-11-17,0.738,0.938,1.024,1.17,1.27,1.348,1.448,1.551,1.652,1.745,2.328,2.746,3.112,3.241,3.493
2025-11-18,0.739,0.928,1.019,1.165,1.265,1.345,1.452,1.56,1.664,1.759,2.358,2.782,3.154,3.285,3.543
2025-11-19,0.75,0.934,1.023,1.171,1.275,1.353,1.462,1.57,1.673,1.779,2.381,2.81,3.192,3.308,3.572
2025-11-20,0.768,0.965,1.068,1.228,1.335,1.421,1.53,1.628,1.729,1.824,2.412,2.839,3.219,3.334,3.601
2025-11-21,0.769,0.959,1.058,1.214,1.324,1.402,1.506,1.605,1.699,1.792,2.369,2.794,3.174,3.291,3.551
2025-11-25,0.792,0.975,1.08,1.235,1.344,1.428,1.532,1.628,1.722,1.811,2.395,2.814,3.182,3.302,3.561
2025-11-26,0.793,0.985,1.084,1.241,1.349,1.433,1.538,1.637,1.732,1.825,2.396,2.815,3.174,3.294,3.552
2025-11-27,0.786,0.977,1.075,1.226,1.332,1.419,1.519,1.62,1.713,1.807,2.387,2.811,3.172,3.297,3.557
2025-11-28,0.796,0.992,1.076,1.221,1.326,1.415,1.519,1.622,1.718,1.812,2.394,2.819,3.19,3.3,3.558
2025-12-01,0.811,1.02,1.122,1.285,1.397,1.495,1.597,1.698,1.792,1.881,2.45,2.874,3.235,3.343,3.592
2025-12-02,0.792,1.005,1.107,1.27,1.382,1.473,1.573,1.678,1.773,1.864,2.443,2.862,3.234,3.331,3.556
2025-12-03,0.794,1.016,1.121,1.284,1.4,1.492,1.599,1.705,1.802,1.897,2.469,2.891,3.269,3.367,3.592
2025-12-04,0.795,1.021,1.136,1.305,1.425,1.523,1.635,1.742,1.843,1.939,2.495,2.902,3.27,3.343,3.559
2025-12-05,0.817,1.052,1.161,1.331,1.45,1.539,1.654,1.755,1.857,1.951,2.499,2.894,3.245,3.315,3.529
2025-12-08,0.813,1.063,1.175,1.345,1.462,1.553,1.669,1.77,1.871,1.966,2.525,2.92,3.271,3.338,3.541
2025-12-09,0.815,1.069,1.176,1.346,1.457,1.543,1.656,1.761,1.868,1.962,2.523,2.917,3.271,3.334,3.552
2025-12-10,0.816,1.074,1.178,1.347,1.462,1.544,1.655,1.76,1.863,1.958,2.523,2.918,3.273,3.346,3.568
2025-12-11,0.815,1.054,1.155,1.319,1.439,1.521,1.629,1.734,1.836,1.933,2.501,2.89,3.256,3.334,3.559
2025-12-12,0.827,1.07,1.166,1.333,1.456,1.541,1.65,1.756,1.859,1.956,2.509,2.894,3.246,3.309,3.532
2025-12-15,0.831,1.071,1.163,1.329,1.452,1.542,1.652,1.758,1.863,1.961,2.514,2.904,3.267,3.32,3.549
2025-12-16,0.828,1.067,1.157,1.329,1.452,1.537,1.648,1.756,1.86,1.957,2.511,2.892,3.257,3.307,3.528
2025-12-17,0.845,1.077,1.168,1.34,1.462,1.557,1.671,1.777,1.883,1.98,2.522,2.9,3.265,3.311,3.52
2025-12-18,0.841,1.073,1.163,1.336,1.454,1.547,1.657,1.768,1.874,1.972,2.533,2.91,3.274,3.33,3.536
2025-12-19,0.863,1.101,1.198,1.38,1.506,1.599,1.709,1.819,1.924,2.021,2.566,2.94,3.301,3.362,3.561
2025-12-22,0.873,1.129,1.244,1.429,1.558,1.65,1.759,1.872,1.98,2.073,2.611,2.965,3.328,3.374,3.562
2025-12-23,0.858,1.111,1.217,1.386,1.515,1.609,1.719,1.829,1.94,2.039,2.586,2.951,3.322,3.371,3.552
2025-12-24,0.859,1.111,1.221,1.386,1.515,1.61,1.718,1.834,1.944,2.044,2.591,2.954,3.326,3.371,3.546
2025-12-25,0.878,1.147,1.254,1.415,1.544,1.627,1.733,1.843,1.948,2.042,2.592,2.941,3.311,3.349,3.489
2025-12-26,0.88,1.141,1.255,1.416,1.539,1.625,1.73,1.842,1.945,2.039,2.59,2.932,3.296,3.335,3.467
2025-12-29,0.886,1.15,1.266,1.428,1.549,1.635,1.743,1.856,1.959,2.052,2.609,2.963,3.322,3.371,3.517
2025-12-30,0.906,1.167,1.282,1.449,1.567,1.657,1.762,1.875,1.973,2.066,2.606,2.952,3.308,3.354,3.475
2026-01-05,0.928,1.194,1.325,1.5,1.62,1.709,1.814,1.922,2.02,2.111,2.655,3.002,3.347,3.393,3.505
2026-01-06,0.919,1.185,1.32,1.498,1.615,1.709,1.815,1.929,2.03,2.123,2.677,3.029,3.374,3.42,3.544
2026-01-07,0.91,1.17,1.311,1.488,1.605,1.702,1.805,1.92,2.03,2.124,2.681,3.041,3.387,3.428,3.572
2026-01-08,0.871,1.129,1.269,1.444,1.554,1.651,1.751,1.865,1.982,2.083,2.649,3.028,3.39,3.435,3.595
2026-01-09,0.893,1.151,1.292,1.466,1.58,1.671,1.769,1.884,1.998,2.096,2.65,3.013,3.363,3.399,3.55
2026-01-13,0.898,1.164,1.319,1.507,1.626,1.722,1.825,1.943,2.059,2.163,2.716,3.081,3.431,3.462,3.629
2026-01-14,0.909,1.186,1.338,1.521,1.647,1.736,1.842,1.96,2.077,2.182,2.747,3.099,3.457,3.486,3.649
2026-01-15,0.915,1.19,1.336,1.513,1.636,1.718,1.823,1.944,2.059,2.164,2.728,3.078,3.43,3.454,3.616
2026-01-16,0.931,1.205,1.355,1.527,1.647,1.732,1.838,1.958,2.078,2.182,2.745,3.092,3.434,3.462,3.618
2026-01-19,0.951,1.23,1.382,1.561,1.691,1.791,1.903,2.026,2.15,2.266,2.843,3.174,3.519,3.562,3.721
2026-01-20,0.943,1.22,1.381,1.568,1.703,1.816,1.935,2.066,2.208,2.33,2.982,3.325,3.691,3.765,3.901
2026-01-21,0.961,1.235,1.386,1.567,1.687,1.794,1.904,2.032,2.164,2.28,2.915,3.25,3.598,3.647,3.788
2026-01-22,0.952,1.224,1.37,1.552,1.668,1.773,1.877,2,2.125,2.239,2.852,3.202,3.567,3.604,3.748
2026-01-23,0.994,1.262,1.4,1.582,1.696,1.798,1.9,2.018,2.138,2.253,2.841,3.198,3.57,3.585,3.708
2026-01-26,1.018,1.277,1.412,1.587,1.692,1.786,1.888,2.006,2.124,2.236,2.825,3.178,3.556,3.568,3.688
2026-01-27,1.03,1.284,1.426,1.599,1.717,1.817,1.92,2.044,2.166,2.281,2.861,3.207,3.575,3.599,3.708
2026-01-28,1.012,1.257,1.391,1.558,1.672,1.768,1.87,1.994,2.118,2.237,2.835,3.182,3.554,3.579,3.691
2026-01-29,1.014,1.264,1.399,1.563,1.684,1.785,1.891,2.011,2.131,2.252,2.84,3.174,3.542,3.566,3.657
2026-01-30,0.996,1.251,1.381,1.54,1.666,1.774,1.884,2.004,2.127,2.247,2.848,3.186,3.543,3.577,3.681
2026-02-02,1.014,1.265,1.386,1.532,1.659,1.763,1.867,1.992,2.114,2.235,2.842,3.187,3.554,3.583,3.707
2026-02-03,1.026,1.286,1.408,1.565,1.693,1.795,1.896,2.022,2.137,2.258,2.852,3.19,3.544,3.58,3.702
2026-02-04,1.018,1.276,1.401,1.561,1.687,1.79,1.889,2.014,2.133,2.249,2.849,3.19,3.537,3.579,3.719
2026-02-05,1.02,1.276,1.404,1.565,1.693,1.784,1.882,2.005,2.12,2.231,2.821,3.154,3.483,3.525,3.656
2026-02-06,1.022,1.281,1.404,1.568,1.697,1.795,1.89,2.014,2.127,2.236,2.815,3.15,3.467,3.513,3.632
2026-02-09,1.039,1.313,1.443,1.614,1.751,1.849,1.951,2.069,2.184,2.289,2.849,3.177,3.487,3.52,3.63
2026-02-10,1.031,1.303,1.423,1.585,1.712,1.806,1.902,2.021,2.135,2.241,2.8,3.129,3.447,3.468,3.563
2026-02-12,1.041,1.305,1.425,1.589,1.713,1.807,1.898,2.017,2.129,2.238,2.775,3.091,3.398,3.413,3.491
2026-02-13,1.036,1.289,1.408,1.571,1.692,1.785,1.875,1.995,2.112,2.218,2.754,3.079,3.393,3.422,3.512
2026-02-16,1.027,1.275,1.394,1.559,1.685,1.777,1.864,1.99,2.111,2.22,2.77,3.109,3.43,3.461,3.563
2026-02-17,1.008,1.233,1.349,1.505,1.63,1.709,1.793,1.911,2.03,2.143,2.684,3.016,3.341,3.382,3.489
2026-02-18,1.015,1.242,1.354,1.511,1.634,1.718,1.807,1.925,2.04,2.152,2.688,3.016,3.326,3.371,3.475
2026-02-19,1.032,1.265,1.369,1.522,1.646,1.727,1.816,1.934,2.049,2.157,2.692,3.003,3.293,3.34,3.452
2026-02-20,1.033,1.26,1.357,1.501,1.622,1.7,1.79,1.908,2.019,2.125,2.657,2.965,3.267,3.323,3.431
2026-02-24,1.028,1.251,1.352,1.495,1.612,1.696,1.786,1.905,2.015,2.119,2.611,2.94,3.251,3.295,3.405
2026-02-25,1.01,1.224,1.335,1.475,1.601,1.692,1.793,1.916,2.037,2.154,2.663,3.007,3.321,3.38,3.497
2026-02-26,1.031,1.246,1.36,1.499,1.625,1.71,1.807,1.932,2.055,2.168,2.676,3.012,3.321,3.366,3.475
2026-02-27,1.023,1.25,1.335,1.473,1.594,1.68,1.776,1.902,2.019,2.132,2.636,2.979,3.286,3.342,3.44
2026-03-02,1.002,1.219,1.308,1.437,1.552,1.639,1.728,1.857,1.975,2.087,2.604,2.941,3.245,3.293,3.399
2026-03-03,1.024,1.25,1.352,1.494,1.611,1.7,1.795,1.919,2.034,2.148,2.67,3.004,3.308,3.337,3.431
2026-03-04,1.005,1.235,1.336,1.48,1.597,1.686,1.778,1.902,2.022,2.134,2.668,3.008,3.318,3.353,3.45
2026-03-05,1.006,1.256,1.371,1.524,1.641,1.731,1.824,1.948,2.066,2.175,2.697,3.026,3.331,3.374,3.462
2026-03-06,0.997,1.246,1.362,1.517,1.637,1.729,1.82,1.946,2.067,2.18,2.707,3.042,3.34,3.384,3.465
2026-03-09,0.99,1.242,1.359,1.523,1.644,1.746,1.838,1.966,2.086,2.205,2.748,3.09,3.39,3.44,3.51
2026-03-10,1.002,1.258,1.364,1.529,1.648,1.747,1.839,1.963,2.081,2.199,2.726,3.069,3.368,3.412,3.501
2026-03-11,0.992,1.253,1.351,1.514,1.633,1.724,1.82,1.941,2.059,2.178,2.72,3.069,3.369,3.421,3.525
2026-03-12,0.993,1.263,1.366,1.531,1.646,1.743,1.846,1.968,2.086,2.201,2.742,3.095,3.406,3.451,3.56
2026-03-13,1.008,1.289,1.395,1.573,1.7,1.793,1.902,2.021,2.141,2.255,2.782,3.133,3.444,3.479,3.577
2026-03-16,1.008,1.287,1.402,1.586,1.709,1.809,1.92,2.046,2.169,2.288,2.814,3.167,3.477,3.515,3.619
2026-03-17,1.014,1.28,1.4,1.581,1.7,1.804,1.916,2.041,2.165,2.279,2.808,3.155,3.474,3.514,3.607
2026-03-18,1,1.261,1.377,1.543,1.663,1.761,1.867,1.993,2.119,2.231,2.758,3.113,3.429,3.462,3.558
2026-03-19,1.021,1.277,1.399,1.567,1.691,1.795,1.903,2.034,2.157,2.273,2.793,3.146,3.451,3.491,3.583
2026-03-23,1.041,1.311,1.437,1.611,1.746,1.848,1.953,2.079,2.198,2.322,2.83,3.188,3.495,3.522,3.606
2026-03-24,1.053,1.311,1.431,1.602,1.731,1.83,1.932,2.053,2.171,2.282,2.802,3.161,3.478,3.509,3.598
2026-03-25,1.064,1.317,1.443,1.61,1.74,1.829,1.923,2.044,2.158,2.267,2.793,3.136,3.447,3.479,3.565
2026-03-26,1.084,1.348,1.472,1.64,1.761,1.856,1.953,2.07,2.185,2.286,2.81,3.148,3.452,3.489,3.556
2026-03-27,1.105,1.393,1.526,1.71,1.836,1.934,2.035,2.161,2.274,2.38,2.915,3.268,3.574,3.629,3.717
2026-03-30,1.109,1.369,1.498,1.676,1.804,1.913,2.015,2.14,2.258,2.368,2.93,3.307,3.637,3.698,3.802
2026-03-31,1.102,1.375,1.503,1.677,1.804,1.913,2.019,2.139,2.257,2.366,2.927,3.284,3.589,3.64,3.713
2026-04-01,1.092,1.349,1.472,1.637,1.755,1.861,1.957,2.086,2.205,2.315,2.858,3.213,3.515,3.564,3.628
2026-04-02,1.113,1.39,1.52,1.697,1.823,1.932,2.029,2.159,2.28,2.395,2.918,3.271,3.568,3.614,3.675
2026-04-03,1.115,1.391,1.521,1.698,1.818,1.924,2.025,2.155,2.276,2.386,2.918,3.271,3.567,3.611,3.674
2026-04-06,1.12,1.402,1.542,1.723,1.85,1.96,2.065,2.195,2.314,2.429,2.976,3.326,3.628,3.672,3.747
2026-04-07,1.111,1.387,1.519,1.705,1.831,1.939,2.049,2.179,2.3,2.411,2.966,3.326,3.631,3.667,3.739
2026-04-08,1.113,1.382,1.513,1.687,1.812,1.912,2.013,2.14,2.262,2.374,2.92,3.272,3.585,3.615,3.678
2026-04-09,1.123,1.394,1.522,1.701,1.831,1.935,2.037,2.161,2.283,2.397,2.941,3.289,3.593,3.619,3.678
2026-04-10,1.124,1.405,1.544,1.729,1.866,1.967,2.078,2.204,2.326,2.439,2.982,3.326,3.625,3.638,3.682
2026-04-13,1.119,1.401,1.54,1.734,1.876,1.987,2.101,2.232,2.354,2.467,3.023,3.377,3.673,3.698,3.719
2026-04-14,1.096,1.382,1.515,1.706,1.842,1.949,2.057,2.189,2.313,2.423,2.967,3.296,3.604,3.633,3.655
2026-04-15,1.098,1.382,1.516,1.704,1.838,1.95,2.053,2.184,2.306,2.414,2.943,3.271,3.576,3.606,3.632
2026-04-16,1.084,1.366,1.512,1.694,1.83,1.942,2.045,2.177,2.297,2.409,2.944,3.282,3.592,3.623,3.657
2026-04-17,1.085,1.372,1.522,1.709,1.843,1.956,2.063,2.196,2.316,2.428,2.95,3.292,3.597,3.622,3.646
2026-04-20,1.085,1.369,1.514,1.692,1.825,1.938,2.042,2.175,2.294,2.405,2.921,3.263,3.566,3.586,3.604
2026-04-21,1.077,1.359,1.505,1.682,1.816,1.926,2.028,2.157,2.277,2.392,2.906,3.251,3.556,3.581,3.599
2026-04-22,1.075,1.362,1.512,1.692,1.832,1.943,2.045,2.173,2.292,2.406,2.921,3.268,3.576,3.597,3.602
2026-04-23,1.07,1.365,1.517,1.704,1.845,1.957,2.063,2.195,2.314,2.429,2.945,3.297,3.603,3.63,3.633
2026-04-24,1.069,1.363,1.518,1.703,1.842,1.962,2.068,2.202,2.324,2.443,2.967,3.318,3.621,3.66,3.667
2026-04-27,1.076,1.375,1.533,1.718,1.862,1.988,2.102,2.233,2.355,2.477,3.006,3.348,3.64,3.675,3.675
2026-04-28,1.08,1.389,1.544,1.727,1.868,1.992,2.103,2.234,2.347,2.468,2.996,3.326,3.61,3.647,3.659
2026-04-30,1.094,1.402,1.556,1.753,1.903,2.03,2.153,2.283,2.396,2.52,3.078,3.402,3.686,3.721,3.743
2026-05-01,1.073,1.385,1.542,1.739,1.888,2.017,2.133,2.266,2.383,2.507,3.051,3.381,3.673,3.706,3.73
2026-05-07,1.075,1.372,1.532,1.722,1.866,1.992,2.109,2.242,2.364,2.485,3.029,3.374,3.675,3.714,3.747
2026-05-08,1.077,1.378,1.54,1.732,1.875,1.997,2.114,2.247,2.369,2.485,3.027,3.369,3.67,3.706,3.739
2026-05-11,1.093,1.395,1.568,1.76,1.908,2.03,2.15,2.282,2.405,2.527,3.068,3.411,3.719,3.741,3.774
2026-05-12,1.095,1.401,1.582,1.78,1.932,2.052,2.174,2.305,2.427,2.546,3.099,3.445,3.755,3.78,3.815
2026-05-13,1.097,1.401,1.581,1.789,1.945,2.078,2.207,2.343,2.467,2.587,3.128,3.47,3.777,3.783,3.806
2026-05-14,1.11,1.407,1.59,1.8,1.962,2.101,2.231,2.37,2.502,2.628,3.179,3.527,3.845,3.852,3.868
2026-05-15,1.112,1.413,1.615,1.837,2,2.144,2.285,2.426,2.559,2.691,3.256,3.603,3.917,3.922,3.916
2026-05-18,1.128,1.431,1.628,1.849,2.015,2.163,2.308,2.454,2.594,2.729,3.306,3.665,3.979,4,4.006
2026-05-19,1.135,1.452,1.654,1.878,2.051,2.208,2.359,2.507,2.646,2.783,3.36,3.717,4.028,4.043,4.043
2026-05-20,1.138,1.464,1.663,1.889,2.058,2.207,2.353,2.499,2.637,2.77,3.343,3.685,3.985,4,3.99
2026-05-21,1.14,1.453,1.642,1.865,2.031,2.178,2.323,2.469,2.612,2.748,3.312,3.646,3.933,3.939,3.933
2026-05-22,1.132,1.443,1.633,1.858,2.026,2.18,2.324,2.469,2.613,2.749,3.308,3.644,3.917,3.931,3.921
2026-05-25,1.111,1.42,1.598,1.814,1.985,2.126,2.264,2.409,2.553,2.686,3.237,3.577,3.85,3.876,3.87
2026-05-26,1.113,1.421,1.596,1.824,1.995,2.146,2.292,2.436,2.58,2.713,3.259,3.589,3.865,3.866,3.836
2026-05-27,1.105,1.399,1.563,1.791,1.963,2.11,2.255,2.4,2.549,2.687,3.23,3.569,3.861,3.856,3.796
2026-05-28,1.096,1.366,1.536,1.763,1.94,2.101,2.247,2.401,2.553,2.692,3.247,3.594,3.895,3.896,3.814
2026-05-29,1.117,1.393,1.536,1.749,1.919,2.07,2.221,2.373,2.515,2.657,3.204,3.549,3.859,3.859,3.789
2026-06-01,1.123,1.4,1.558,1.775,1.948,2.094,2.243,2.397,2.538,2.682,3.225,3.567,3.871,3.863,3.8
2026-06-02,1.114,1.38,1.522,1.722,1.889,2.019,2.157,2.31,2.447,2.577,3.141,3.493,3.801,3.81,3.742
2026-06-03,1.126,1.401,1.56,1.767,1.943,2.077,2.219,2.373,2.508,2.645,3.183,3.521,3.817,3.817,3.748
2026-06-04,1.148,1.417,1.579,1.787,1.966,2.105,2.242,2.395,2.535,2.671,3.225,3.554,3.835,3.833,3.749
2026-06-05,1.14,1.412,1.574,1.778,1.955,2.096,2.233,2.391,2.532,2.669,3.222,3.551,3.838,3.841,3.753
2026-06-08,1.144,1.42,1.588,1.793,1.978,2.128,2.274,2.432,2.575,2.715,3.269,3.604,3.878,3.876,3.789
2026-06-09,1.146,1.42,1.582,1.784,1.962,2.101,2.242,2.398,2.537,2.669,3.217,3.543,3.824,3.823,3.759
2026-06-10,1.147,1.426,1.594,1.796,1.971,2.112,2.257,2.412,2.549,2.681,3.218,3.538,3.806,3.811,3.739
2026-06-11,1.149,1.427,1.592,1.792,1.963,2.108,2.258,2.411,2.551,2.682,3.23,3.554,3.821,3.823,3.774
2026-06-12,1.15,1.417,1.579,1.772,1.938,2.077,2.218,2.373,2.511,2.643,3.189,3.508,3.77,3.767,3.713
2026-06-15,1.141,1.409,1.556,1.743,1.901,2.039,2.175,2.322,2.46,2.589,3.143,3.461,3.73,3.725,3.674
2026-06-16,1.147,1.414,1.585,1.783,1.945,2.084,2.227,2.382,2.522,2.655,3.206,3.52,3.763,3.747,3.692
2026-06-17,1.139,1.398,1.552,1.745,1.897,2.034,2.182,2.335,2.479,2.613,3.17,3.49,3.741,3.709,3.654
2026-06-18,1.146,1.4,1.553,1.746,1.898,2.045,2.193,2.353,2.497,2.628,3.19,3.512,3.765,3.737,3.68
2026-06-19,1.153,1.409,1.558,1.77,1.928,2.073,2.222,2.385,2.524,2.656,3.216,3.549,3.806,3.786,3.741
2026-06-22,1.168,1.415,1.558,1.781,1.946,2.086,2.241,2.407,2.546,2.677,3.231,3.563,3.814,3.797,3.767
2026-06-23,1.17,1.426,1.57,1.792,1.957,2.091,2.245,2.412,2.551,2.683,3.229,3.554,3.807,3.79,3.76
2026-06-24,1.172,1.432,1.572,1.788,1.95,2.083,2.238,2.4,2.539,2.674,3.225,3.552,3.808,3.808,3.776
2026-06-25,1.175,1.421,1.556,1.765,1.923,2.055,2.203,2.365,2.504,2.637,3.196,3.526,3.777,3.781,3.724
2026-06-26,1.175,1.409,1.553,1.755,1.915,2.039,2.181,2.344,2.482,2.611,3.176,3.506,3.758,3.759,3.694
2026-06-29,1.173,1.411,1.547,1.753,1.916,2.053,2.201,2.367,2.513,2.644,3.204,3.54,3.791,3.785,3.715
2026-06-30,1.165,1.382,1.531,1.755,1.937,2.075,2.231,2.398,2.553,2.69,3.271,3.625,3.883,3.873,3.792
2026-07-01,1.164,1.4,1.554,1.777,1.959,2.099,2.255,2.421,2.572,2.711,3.286,3.632,3.889,3.883,3.782
2026-07-02,1.166,1.395,1.567,1.797,1.979,2.137,2.3,2.47,2.627,2.778,3.359,3.711,3.956,3.937,3.826
2026-07-03,1.159,1.39,1.558,1.789,1.971,2.127,2.291,2.461,2.62,2.768,3.353,3.699,3.953,3.94,3.834
2026-07-06,1.166,1.396,1.56,1.803,1.994,2.157,2.324,2.506,2.666,2.823,3.412,3.745,4.004,3.976,3.875
2026-07-07,1.168,1.402,1.565,1.816,2.007,2.172,2.342,2.524,2.68,2.834,3.415,3.749,4.002,3.951,3.879
2026-07-08,1.18,1.433,1.59,1.843,2.039,2.198,2.368,2.552,2.705,2.856,3.445,3.798,4.056,3.998,3.936
2026-07-09,1.183,1.444,1.599,1.851,2.039,2.204,2.372,2.561,2.714,2.866,3.449,3.795,4.065,4.013,3.962
2026-07-10,1.184,1.434,1.579,1.811,1.99,2.144,2.293,2.477,2.627,2.761,3.355,3.702,3.976,3.938,3.891
2026-07-13,1.191,1.451,1.593,1.825,2.006,2.159,2.317,2.5,2.651,2.786,3.358,3.698,3.969,3.922,3.861
2026-07-14,1.193,1.435,1.558,1.783,1.963,2.101,2.253,2.431,2.581,2.713,3.267,3.534,3.85,3.787,3.753
2026-07-15,1.196,1.436,1.551,1.774,1.948,2.083,2.231,2.409,2.559,2.697,3.266,3.566,3.863,3.802,3.753
2026-07-16,1.202,1.44,1.556,1.79,1.964,2.106,2.255,2.436,2.582,2.719,3.288,3.614,3.918,3.862,3.801
2026-07-17,1.2,1.436,1.539,1.771,1.945,2.093,2.241,2.424,2.578,2.715,3.302,3.63,3.936,3.894,3.841
2026-07-21,1.203,1.441,1.546,1.782,1.958,2.105,2.258,2.443,2.589,2.731,3.313,3.623,3.936,3.905,3.852
2026-07-22,1.199,1.45,1.562,1.799,1.978,2.123,2.277,2.458,2.602,2.745,3.32,3.635,3.942,3.901,3.842
2026-07-23,1.242,1.499,1.619,1.845,2.015,2.168,2.32,2.498,2.637,2.776,3.34,3.644,3.965,3.929,3.87
2026-07-24,1.261,1.531,1.664,1.892,2.06,2.214,2.366,2.544,2.68,2.815,3.367,3.69,4.011,3.98,3.948
2026-07-27,1.249,1.513,1.644,1.861,2.032,2.184,2.331,2.502,2.643,2.778,3.343,3.665,3.99,3.969,3.948
2026-07-28,1.241,1.504,1.637,1.851,2.024,2.176,2.322,2.499,2.641,2.783,3.355,3.677,3.993,3.98,3.968
2026-07-29,1.232,1.488,1.62,1.833,2,2.151,2.296,2.472,2.613,2.757,3.329,3.644,3.957,3.941,3.941
2026-07-30,1.243,1.497,1.638,1.862,2.033,2.192,2.345,2.521,2.661,2.801,3.376,3.68,3.973,3.971,3.967
2026-07-31,1.255,1.507,1.658,1.876,2.044,2.19,2.343,2.517,2.658,2.801,3.382,3.69,3.987,3.982,3.967
2026-08-03,1.287,1.562,1.714,1.933,2.1,2.241,2.389,2.554,2.689,2.824,3.402,3.695,3.994,3.982,3.948
2026-08-04,1.298,1.568,1.724,1.931,2.096,2.241,2.395,2.563,2.702,2.848,3.414,3.71,4,3.99,3.962
2026-08-05,1.301,1.569,1.714,1.912,2.068,2.207,2.353,2.525,2.668,2.813,3.382,3.698,3.983,3.966,3.953
2026-08-06,1.311,1.565,1.709,1.893,2.044,2.176,2.319,2.49,2.629,2.773,3.34,3.659,3.945,3.919,3.912
2026-08-07,1.355,1.611,1.761,1.946,2.091,2.222,2.365,2.53,2.664,2.804,3.365,3.671,3.955,3.925,3.915
2026-08-10,1.363,1.618,1.773,1.956,2.101,2.233,2.376,2.54,2.674,2.815,3.38,3.696,3.985,3.957,3.955
2026-08-12,1.398,1.646,1.806,1.99,2.12,2.272,2.415,2.581,2.714,2.856,3.414,3.725,4.009,3.989,3.987
2026-08-13,1.4,1.651,1.815,2.005,2.134,2.291,2.434,2.599,2.731,2.873,3.427,3.741,4.024,4.002,4.006
2026-08-14,1.412,1.657,1.818,2.011,2.151,2.294,2.432,2.599,2.736,2.878,3.431,3.75,4.024,4.002,4.006
2026-08-17,1.439,1.696,1.852,2.043,2.177,2.332,2.471,2.639,2.777,2.919,3.478,3.8,4.067,4.05,4.05
