date,DGS1,DGS2,DGS5,DGS10
2013-01-01,,,,
2013-01-02,0.15,0.27,0.76,1.86
2013-01-03,0.15,0.27,0.81,1.92
2013-01-04,0.15,0.27,0.82,1.93
2013-01-07,0.15,0.27,0.82,1.92
2013-01-08,0.14,0.25,0.79,1.89
2013-01-09,0.13,0.24,0.77,1.88
2013-01-10,0.14,0.26,0.8,1.91
2013-01-11,0.14,0.26,0.78,1.89
2013-01-14,0.14,0.26,0.78,1.89
2013-01-15,0.14,0.26,0.75,1.86
2013-01-16,0.14,0.26,0.75,1.84
2013-01-17,0.14,0.28,0.79,1.89
2013-01-18,0.14,0.26,0.77,1.87
2013-01-21,,,,
2013-01-22,0.14,0.26,0.76,1.86
2013-01-23,0.15,0.26,0.76,1.86
2013-01-24,0.15,0.23,0.78,1.88
2013-01-25,0.15,0.28,0.87,1.98
2013-01-28,0.16,0.29,0.89,2
2013-01-29,0.15,0.3,0.9,2.03
2013-01-30,0.15,0.27,0.88,2.03
2013-01-31,0.15,0.27,0.88,2.02
2013-02-01,0.15,0.27,0.88,2.04
2013-02-04,0.15,0.25,0.85,2
2013-02-05,0.15,0.27,0.88,2.04
2013-02-06,0.15,0.27,0.84,2
2013-02-07,0.15,0.25,0.83,1.99
2013-02-08,0.14,0.25,0.84,1.99
2013-02-11,0.15,0.27,0.85,1.99
2013-02-12,0.14,0.29,0.88,2.02
2013-02-13,0.15,0.29,0.92,2.05
2013-02-14,0.16,0.27,0.86,2
2013-02-15,0.17,0.29,0.87,2.01
2013-02-18,,,,
2013-02-19,0.17,0.29,0.89,2.03
2013-02-20,0.17,0.27,0.88,2.02
2013-02-21,0.16,0.26,0.86,1.99
2013-02-22,0.16,0.27,0.84,1.97
2013-02-25,0.16,0.25,0.78,1.88
2013-02-26,0.17,0.25,0.78,1.88
2013-02-27,0.17,0.27,0.78,1.91
2013-02-28,0.17,0.25,0.77,1.89
2013-03-01,0.16,0.25,0.75,1.86
2013-03-04,0.16,0.24,0.76,1.88
2013-03-05,0.15,0.25,0.77,1.9
2013-03-06,0.15,0.25,0.81,1.95
2013-03-07,0.15,0.25,0.85,2
2013-03-08,0.15,0.27,0.9,2.06
2013-03-11,0.15,0.27,0.9,2.07
2013-03-12,0.15,0.27,0.88,2.03
2013-03-13,0.15,0.27,0.89,2.04
2013-03-14,0.15,0.27,0.88,2.04
2013-03-15,0.14,0.25,0.84,2.01
2013-03-18,0.15,0.26,0.81,1.96
2013-03-19,0.15,0.24,0.79,1.92
2013-03-20,0.15,0.26,0.81,1.96
2013-03-21,0.14,0.27,0.81,1.95
2013-03-22,0.14,0.26,0.8,1.93
2013-03-25,0.14,0.24,0.8,1.93
2013-03-26,0.14,0.25,0.79,1.92
2013-03-27,0.14,0.25,0.76,1.87
2013-03-28,0.14,0.25,0.77,1.87
2013-03-29,,,,
2013-04-01,0.14,0.23,0.76,1.86
2013-04-02,0.14,0.25,0.78,1.88
2013-04-03,0.13,0.24,0.73,1.83
2013-04-04,0.13,0.22,0.69,1.78
2013-04-05,0.13,0.24,0.68,1.72
2013-04-08,0.13,0.24,0.71,1.76
2013-04-09,0.13,0.24,0.7,1.78
2013-04-10,0.12,0.24,0.74,1.84
2013-04-11,0.12,0.24,0.74,1.82
2013-04-12,0.11,0.22,0.7,1.75
2013-04-15,0.12,0.22,0.69,1.72
2013-04-16,0.13,0.24,0.71,1.75
2013-04-17,0.13,0.24,0.71,1.73
2013-04-18,0.12,0.24,0.71,1.72
2013-04-19,0.12,0.24,0.72,1.73
2013-04-22,0.12,0.24,0.7,1.72
2013-04-23,0.12,0.23,0.71,1.74
2013-04-24,0.13,0.23,0.7,1.73
2013-04-25,0.12,0.23,0.71,1.74
2013-04-26,0.12,0.22,0.68,1.7
2013-04-29,0.12,0.2,0.68,1.7
2013-04-30,0.11,0.22,0.68,1.7
2013-05-01,0.11,0.2,0.65,1.66
2013-05-02,0.11,0.2,0.65,1.66
2013-05-03,0.11,0.22,0.73,1.78
2013-05-06,0.11,0.22,0.74,1.8
2013-05-07,0.1,0.22,0.75,1.82
2013-05-08,0.11,0.22,0.75,1.81
2013-05-09,0.11,0.22,0.75,1.81
2013-05-10,0.11,0.26,0.82,1.9
2013-05-13,0.13,0.24,0.83,1.92
2013-05-14,0.12,0.26,0.85,1.96
2013-05-15,0.12,0.26,0.84,1.94
2013-05-16,0.12,0.23,0.79,1.87
2013-05-17,0.12,0.26,0.84,1.95
2013-05-20,0.12,0.26,0.85,1.97
2013-05-21,0.12,0.26,0.84,1.94
2013-05-22,0.11,0.26,0.91,2.03
2013-05-23,0.12,0.26,0.91,2.02
2013-05-24,0.12,0.26,0.9,2.01
2013-05-27,,,,
2013-05-28,0.13,0.29,1.02,2.15
2013-05-29,0.14,0.3,1.02,2.13
2013-05-30,0.13,0.31,1.01,2.13
2013-05-31,0.14,0.3,1.05,2.16
2013-06-03,0.14,0.3,1.03,2.13
2013-06-04,0.14,0.32,1.05,2.14
2013-06-05,0.14,0.3,1.02,2.1
2013-06-06,0.14,0.3,1.01,2.08
2013-06-07,0.14,0.32,1.1,2.17
2013-06-10,0.14,0.32,1.13,2.22
2013-06-11,0.14,0.34,1.12,2.2
2013-06-12,0.14,0.34,1.15,2.25
2013-06-13,0.14,0.32,1.11,2.19
2013-06-14,0.13,0.29,1.04,2.14
2013-06-17,0.13,0.27,1.06,2.19
2013-06-18,0.13,0.27,1.07,2.2
2013-06-19,0.13,0.31,1.24,2.33
2013-06-20,0.14,0.33,1.31,2.41
2013-06-21,0.13,0.38,1.42,2.52
2013-06-24,0.16,0.42,1.48,2.57
2013-06-25,0.17,0.43,1.49,2.6
2013-06-26,0.16,0.39,1.45,2.55
2013-06-27,0.15,0.36,1.38,2.49
2013-06-28,0.15,0.36,1.41,2.52
2013-07-01,0.15,0.34,1.39,2.5
2013-07-02,0.14,0.34,1.38,2.48
2013-07-03,0.14,0.36,1.42,2.52
2013-07-04,,,,
2013-07-05,0.15,0.4,1.6,2.73
2013-07-08,0.14,0.37,1.51,2.65
2013-07-09,0.14,0.37,1.5,2.65
2013-07-10,0.13,0.38,1.54,2.7
2013-07-11,0.13,0.34,1.4,2.6
2013-07-12,0.12,0.37,1.43,2.61
2013-07-15,0.11,0.34,1.4,2.57
2013-07-16,0.1,0.34,1.38,2.55
2013-07-17,0.11,0.32,1.33,2.52
2013-07-18,0.11,0.32,1.35,2.56
2013-07-19,0.11,0.32,1.31,2.5
2013-07-22,0.1,0.32,1.32,2.5
2013-07-23,0.12,0.33,1.33,2.53
2013-07-24,0.12,0.34,1.4,2.61
2013-07-25,0.12,0.32,1.38,2.61
2013-07-26,0.11,0.31,1.36,2.58
2013-07-29,0.11,0.33,1.37,2.61
2013-07-30,0.11,0.33,1.39,2.63
2013-07-31,0.11,0.31,1.38,2.6
2013-08-01,0.13,0.35,1.49,2.74
2013-08-02,0.11,0.3,1.36,2.63
2013-08-05,0.12,0.32,1.39,2.67
2013-08-06,0.12,0.32,1.39,2.67
2013-08-07,0.12,0.32,1.38,2.61
2013-08-08,0.12,0.3,1.36,2.58
2013-08-09,0.11,0.32,1.36,2.57
2013-08-12,0.12,0.32,1.39,2.61
2013-08-13,0.12,0.34,1.49,2.71
2013-08-14,0.12,0.34,1.48,2.71
2013-08-15,0.13,0.36,1.54,2.77
2013-08-16,0.13,0.36,1.6,2.84
2013-08-19,0.13,0.36,1.63,2.88
2013-08-20,0.13,0.36,1.57,2.82
2013-08-21,0.14,0.38,1.64,2.87
2013-08-22,0.14,0.42,1.71,2.9
2013-08-23,0.14,0.4,1.66,2.82
2013-08-26,0.13,0.41,1.61,2.79
2013-08-27,0.12,0.38,1.56,2.72
2013-08-28,0.14,0.4,1.62,2.78
2013-08-29,0.14,0.39,1.6,2.75
2013-08-30,0.13,0.39,1.62,2.78
2013-09-02,,,,
2013-09-03,0.14,0.43,1.68,2.86
2013-09-04,0.14,0.46,1.74,2.9
2013-09-05,0.16,0.52,1.85,2.98
2013-09-06,0.14,0.46,1.77,2.94
2013-09-09,0.12,0.45,1.71,2.9
2013-09-10,0.13,0.5,1.78,2.96
2013-09-11,0.12,0.47,1.72,2.93
2013-09-12,0.13,0.45,1.72,2.92
2013-09-13,0.13,0.45,1.71,2.9
2013-09-16,0.13,0.41,1.65,2.88
2013-09-17,0.12,0.39,1.62,2.86
2013-09-18,0.11,0.34,1.43,2.69
2013-09-19,0.1,0.34,1.49,2.76
2013-09-20,0.11,0.34,1.5,2.75
2013-09-23,0.1,0.35,1.48,2.72
2013-09-24,0.1,0.35,1.44,2.67
2013-09-25,0.1,0.36,1.41,2.63
2013-09-26,0.09,0.34,1.43,2.66
2013-09-27,0.1,0.34,1.4,2.64
2013-09-30,0.1,0.33,1.39,2.64
2013-10-01,0.1,0.33,1.42,2.66
2013-10-02,0.11,0.31,1.38,2.63
2013-10-03,0.11,0.33,1.36,2.62
2013-10-04,0.11,0.33,1.41,2.66
2013-10-07,0.12,0.37,1.41,2.65
2013-10-08,0.15,0.4,1.43,2.66
2013-10-09,0.15,0.37,1.43,2.68
2013-10-10,0.14,0.35,1.44,2.71
2013-10-11,0.14,0.35,1.42,2.7
2013-10-14,,,,
2013-10-15,0.16,0.37,1.45,2.75
2013-10-16,0.15,0.34,1.41,2.69
2013-10-17,0.13,0.33,1.35,2.61
2013-10-18,0.12,0.33,1.35,2.6
2013-10-21,0.11,0.33,1.38,2.63
2013-10-22,0.1,0.31,1.3,2.54
2013-10-23,0.11,0.31,1.3,2.51
2013-10-24,0.12,0.33,1.32,2.53
2013-10-25,0.11,0.32,1.3,2.53
2013-10-28,0.11,0.32,1.31,2.54
2013-10-29,0.11,0.31,1.29,2.53
2013-10-30,0.11,0.33,1.3,2.55
2013-10-31,0.1,0.31,1.31,2.57
2013-11-01,0.1,0.33,1.37,2.65
2013-11-04,0.09,0.32,1.36,2.63
2013-11-05,0.1,0.32,1.39,2.69
2013-11-06,0.11,0.3,1.34,2.67
2013-11-07,0.11,0.29,1.31,2.63
2013-11-08,0.12,0.32,1.42,2.77
2013-11-11,,,,
2013-11-12,0.13,0.34,1.47,2.8
2013-11-13,0.13,0.32,1.41,2.75
2013-11-14,0.13,0.29,1.34,2.69
2013-11-15,0.13,0.31,1.36,2.71
2013-11-18,0.13,0.31,1.33,2.67
2013-11-19,0.14,0.29,1.37,2.71
2013-11-20,0.12,0.28,1.39,2.8
2013-11-21,0.12,0.29,1.38,2.79
2013-11-22,0.12,0.31,1.37,2.75
2013-11-25,0.14,0.3,1.37,2.74
2013-11-26,0.13,0.29,1.34,2.71
2013-11-27,0.13,0.28,1.36,2.74
2013-11-28,,,,
2013-11-29,0.13,0.28,1.37,2.75
2013-12-02,0.13,0.3,1.43,2.81
2013-12-03,0.13,0.28,1.4,2.79
2013-12-04,0.14,0.3,1.45,2.84
2013-12-05,0.13,0.3,1.49,2.88
2013-12-06,0.13,0.3,1.51,2.88
2013-12-09,0.13,0.3,1.5,2.86
2013-12-10,0.14,0.3,1.46,2.81
2013-12-11,0.13,0.31,1.5,2.86
2013-12-12,0.14,0.34,1.55,2.89
2013-12-13,0.14,0.34,1.55,2.88
2013-12-16,0.13,0.34,1.55,2.89
2013-12-17,0.14,0.34,1.52,2.85
2013-12-18,0.13,0.32,1.55,2.89
2013-12-19,0.13,0.35,1.63,2.94
2013-12-20,0.13,0.37,1.66,2.89
2013-12-23,0.14,0.38,1.68,2.94
2013-12-24,0.14,0.38,1.73,2.99
2013-12-25,,,,
2013-12-26,0.13,0.42,1.74,3
2013-12-27,0.12,0.4,1.74,3.02
2013-12-30,0.13,0.39,1.71,2.99
2013-12-31,0.13,0.38,1.75,3.04
2014-01-01,,,,
2014-01-02,0.13,0.39,1.72,3
2014-01-03,0.13,0.41,1.73,3.01
2014-01-06,0.12,0.4,1.7,2.98
2014-01-07,0.13,0.4,1.69,2.96
2014-01-08,0.13,0.43,1.77,3.01
2014-01-09,0.13,0.44,1.75,2.97
2014-01-10,0.12,0.39,1.64,2.88
2014-01-13,0.11,0.39,1.6,2.84
2014-01-14,0.11,0.39,1.65,2.88
2014-01-15,0.13,0.41,1.68,2.9
2014-01-16,0.11,0.41,1.66,2.86
2014-01-17,0.11,0.4,1.64,2.84
2014-01-20,,,,
2014-01-21,0.12,0.4,1.67,2.85
2014-01-22,0.11,0.44,1.72,2.87
2014-01-23,0.11,0.39,1.62,2.79
2014-01-24,0.11,0.37,1.58,2.75
2014-01-27,0.11,0.37,1.61,2.78
2014-01-28,0.11,0.38,1.59,2.77
2014-01-29,0.11,0.36,1.52,2.69
2014-01-30,0.1,0.36,1.55,2.72
2014-01-31,0.1,0.34,1.49,2.67
2014-02-03,0.11,0.3,1.44,2.61
2014-02-04,0.12,0.31,1.46,2.64
2014-02-05,0.12,0.32,1.5,2.7
2014-02-06,0.13,0.33,1.52,2.73
2014-02-07,0.12,0.3,1.47,2.71
2014-02-10,0.12,0.32,1.48,2.7
2014-02-11,0.12,0.35,1.54,2.75
2014-02-12,0.12,0.35,1.59,2.8
2014-02-13,0.12,0.32,1.51,2.73
2014-02-14,0.11,0.32,1.53,2.75
2014-02-17,,,,
2014-02-18,0.12,0.31,1.5,2.71
2014-02-19,0.11,0.33,1.53,2.73
2014-02-20,0.12,0.34,1.57,2.76
2014-02-21,0.12,0.33,1.56,2.73
2014-02-24,0.11,0.35,1.57,2.75
2014-02-25,0.11,0.34,1.53,2.7
2014-02-26,0.11,0.33,1.5,2.67
2014-02-27,0.11,0.33,1.49,2.65
2014-02-28,0.12,0.33,1.51,2.66
2014-03-03,0.12,0.32,1.46,2.6
2014-03-04,0.12,0.33,1.54,2.7
2014-03-05,0.13,0.33,1.54,2.7
2014-03-06,0.12,0.37,1.57,2.74
2014-03-07,0.13,0.38,1.65,2.8
2014-03-10,0.12,0.37,1.64,2.79
2014-03-11,0.13,0.37,1.62,2.77
2014-03-12,0.12,0.37,1.59,2.73
2014-03-13,0.12,0.34,1.53,2.66
2014-03-14,0.12,0.36,1.55,2.65
2014-03-17,0.13,0.38,1.58,2.7
2014-03-18,0.13,0.36,1.56,2.68
2014-03-19,0.15,0.47,1.75,2.78
2014-03-20,0.14,0.45,1.73,2.79
2014-03-21,0.14,0.45,1.73,2.75
2014-03-24,0.14,0.47,1.76,2.74
2014-03-25,0.13,0.47,1.76,2.75
2014-03-26,0.12,0.45,1.7,2.71
2014-03-27,0.12,0.45,1.7,2.69
2014-03-28,0.13,0.45,1.74,2.73
2014-03-31,0.13,0.44,1.73,2.73
2014-04-01,0.13,0.44,1.74,2.77
2014-04-02,0.12,0.47,1.8,2.82
2014-04-03,0.11,0.46,1.79,2.8
2014-04-04,0.11,0.43,1.71,2.74
2014-04-07,0.11,0.41,1.68,2.71
2014-04-08,0.11,0.4,1.67,2.69
2014-04-09,0.1,0.37,1.65,2.71
2014-04-10,0.09,0.37,1.59,2.65
2014-04-11,0.09,0.37,1.58,2.63
2014-04-14,0.1,0.37,1.61,2.65
2014-04-15,0.11,0.39,1.63,2.64
2014-04-16,0.11,0.39,1.67,2.65
2014-04-17,0.11,0.43,1.75,2.73
2014-04-18,,,,
2014-04-21,0.11,0.42,1.74,2.73
2014-04-22,0.11,0.45,1.76,2.73
2014-04-23,0.11,0.43,1.73,2.7
2014-04-24,0.1,0.43,1.74,2.7
2014-04-25,0.11,0.43,1.72,2.68
2014-04-28,0.1,0.44,1.73,2.7
2014-04-29,0.11,0.44,1.74,2.71
2014-04-30,0.11,0.42,1.69,2.67
2014-05-01,0.1,0.41,1.66,2.63
2014-05-02,0.1,0.42,1.67,2.6
2014-05-05,0.11,0.43,1.68,2.63
2014-05-06,0.1,0.43,1.68,2.61
2014-05-07,0.1,0.41,1.65,2.62
2014-05-08,0.1,0.4,1.63,2.61
2014-05-09,0.1,0.4,1.63,2.62
2014-05-12,0.09,0.41,1.67,2.66
2014-05-13,0.1,0.39,1.62,2.61
2014-05-14,0.1,0.39,1.57,2.54
2014-05-15,0.09,0.38,1.55,2.5
2014-05-16,0.09,0.38,1.56,2.52
2014-05-19,0.09,0.36,1.56,2.54
2014-05-20,0.09,0.35,1.53,2.52
2014-05-21,0.09,0.37,1.55,2.54
2014-05-22,0.09,0.37,1.57,2.56
2014-05-23,0.1,0.37,1.55,2.54
2014-05-26,,,,
2014-05-27,0.09,0.39,1.56,2.52
2014-05-28,0.1,0.37,1.5,2.44
2014-05-29,0.1,0.37,1.52,2.45
2014-05-30,0.1,0.37,1.54,2.48
2014-06-02,0.1,0.39,1.6,2.54
2014-06-03,0.1,0.41,1.65,2.6
2014-06-04,0.1,0.41,1.65,2.61
2014-06-05,0.1,0.4,1.63,2.59
2014-06-06,0.11,0.41,1.66,2.6
2014-06-09,0.11,0.43,1.69,2.62
2014-06-10,0.11,0.45,1.71,2.64
2014-06-11,0.11,0.44,1.7,2.65
2014-06-12,0.1,0.42,1.66,2.58
2014-06-13,0.11,0.45,1.7,2.6
2014-06-16,0.11,0.49,1.71,2.61
2014-06-17,0.11,0.51,1.77,2.66
2014-06-18,0.1,0.48,1.71,2.61
2014-06-19,0.09,0.48,1.71,2.64
2014-06-20,0.09,0.5,1.71,2.63
2014-06-23,0.1,0.48,1.72,2.63
2014-06-24,0.12,0.49,1.7,2.59
2014-06-25,0.11,0.48,1.68,2.57
2014-06-26,0.11,0.46,1.64,2.53
2014-06-27,0.1,0.45,1.64,2.54
2014-06-30,0.11,0.47,1.62,2.53
2014-07-01,0.11,0.47,1.66,2.58
2014-07-02,0.12,0.49,1.71,2.64
2014-07-03,0.11,0.52,1.74,2.65
2014-07-04,,,,
2014-07-07,0.12,0.52,1.74,2.63
2014-07-08,0.11,0.51,1.7,2.58
2014-07-09,0.11,0.51,1.68,2.57
2014-07-10,0.1,0.46,1.66,2.55
2014-07-11,0.11,0.48,1.65,2.53
2014-07-14,0.11,0.48,1.68,2.55
2014-07-15,0.11,0.49,1.7,2.56
2014-07-16,0.11,0.5,1.71,2.55
2014-07-17,0.1,0.47,1.65,2.47
2014-07-18,0.1,0.51,1.69,2.5
2014-07-21,0.11,0.51,1.7,2.49
2014-07-22,0.11,0.49,1.68,2.48
2014-07-23,0.11,0.5,1.67,2.48
2014-07-24,0.11,0.53,1.72,2.52
2014-07-25,0.11,0.53,1.69,2.48
2014-07-28,0.11,0.54,1.73,2.5
2014-07-29,0.12,0.54,1.7,2.47
2014-07-30,0.13,0.56,1.77,2.57
2014-07-31,0.12,0.53,1.76,2.58
2014-08-01,0.13,0.47,1.67,2.52
2014-08-04,0.12,0.47,1.66,2.51
2014-08-05,0.12,0.47,1.66,2.49
2014-08-06,0.11,0.48,1.66,2.49
2014-08-07,0.11,0.44,1.6,2.43
2014-08-08,0.1,0.45,1.62,2.44
2014-08-11,0.1,0.47,1.62,2.44
2014-08-12,0.1,0.45,1.63,2.46
2014-08-13,0.1,0.43,1.59,2.43
2014-08-14,0.1,0.42,1.58,2.4
2014-08-15,0.09,0.42,1.55,2.34
2014-08-18,0.1,0.44,1.58,2.39
2014-08-19,0.11,0.46,1.59,2.4
2014-08-20,0.12,0.49,1.65,2.43
2014-08-21,0.1,0.49,1.64,2.41
2014-08-22,0.1,0.53,1.68,2.4
2014-08-25,0.11,0.53,1.69,2.39
2014-08-26,0.12,0.52,1.68,2.39
2014-08-27,0.11,0.51,1.65,2.37
2014-08-28,0.11,0.5,1.63,2.34
2014-08-29,0.09,0.48,1.63,2.35
2014-09-01,,,,
2014-09-02,0.1,0.53,1.69,2.42
2014-09-03,0.11,0.52,1.69,2.41
2014-09-04,0.1,0.54,1.71,2.45
2014-09-05,0.1,0.52,1.69,2.46
2014-09-08,0.1,0.54,1.72,2.48
2014-09-09,0.11,0.56,1.76,2.5
2014-09-10,0.11,0.58,1.79,2.54
2014-09-11,0.11,0.58,1.79,2.54
2014-09-12,0.11,0.58,1.83,2.62
2014-09-15,0.11,0.58,1.8,2.6
2014-09-16,0.13,0.55,1.78,2.6
2014-09-17,0.12,0.59,1.82,2.62
2014-09-18,0.12,0.59,1.85,2.63
2014-09-19,0.11,0.59,1.83,2.59
2014-09-22,0.1,0.58,1.8,2.57
2014-09-23,0.1,0.57,1.78,2.54
2014-09-24,0.11,0.59,1.82,2.57
2014-09-25,0.1,0.56,1.75,2.52
2014-09-26,0.11,0.59,1.8,2.54
2014-09-29,0.11,0.58,1.77,2.5
2014-09-30,0.13,0.58,1.78,2.52
2014-10-01,0.1,0.53,1.69,2.42
2014-10-02,0.1,0.53,1.7,2.44
2014-10-03,0.11,0.57,1.73,2.45
2014-10-06,0.11,0.54,1.7,2.43
2014-10-07,0.1,0.52,1.64,2.36
2014-10-08,0.1,0.46,1.57,2.35
2014-10-09,0.1,0.46,1.58,2.34
2014-10-10,0.1,0.45,1.55,2.31
2014-10-13,,,,
2014-10-14,0.09,0.39,1.45,2.21
2014-10-15,0.1,0.34,1.37,2.15
2014-10-16,0.1,0.35,1.39,2.17
2014-10-17,0.11,0.39,1.44,2.22
2014-10-20,0.1,0.37,1.41,2.2
2014-10-21,0.1,0.38,1.44,2.23
2014-10-22,0.11,0.41,1.46,2.25
2014-10-23,0.11,0.41,1.52,2.29
2014-10-24,0.11,0.41,1.52,2.29
2014-10-27,0.11,0.41,1.51,2.27
2014-10-28,0.11,0.42,1.53,2.3
2014-10-29,0.11,0.48,1.61,2.34
2014-10-30,0.11,0.48,1.58,2.32
2014-10-31,0.11,0.5,1.62,2.35
2014-11-03,0.12,0.52,1.63,2.36
2014-11-04,0.11,0.52,1.63,2.35
2014-11-05,0.11,0.52,1.63,2.36
2014-11-06,0.12,0.54,1.67,2.39
2014-11-07,0.12,0.51,1.6,2.32
2014-11-10,0.13,0.55,1.65,2.38
2014-11-11,,,,
2014-11-12,0.14,0.55,1.65,2.37
2014-11-13,0.15,0.53,1.64,2.35
2014-11-14,0.15,0.54,1.62,2.32
2014-11-17,0.15,0.54,1.64,2.34
2014-11-18,0.14,0.53,1.63,2.32
2014-11-19,0.15,0.54,1.66,2.36
2014-11-20,0.14,0.53,1.64,2.34
2014-11-21,0.14,0.53,1.63,2.31
2014-11-24,0.14,0.53,1.62,2.3
2014-11-25,0.14,0.51,1.58,2.27
2014-11-26,0.14,0.53,1.56,2.24
2014-11-27,,,,
2014-11-28,0.13,0.47,1.49,2.18
2014-12-01,0.13,0.49,1.52,2.22
2014-12-02,0.14,0.55,1.59,2.28
2014-12-03,0.15,0.57,1.61,2.29
2014-12-04,0.14,0.55,1.59,2.25
2014-12-05,0.18,0.65,1.69,2.31
2014-12-08,0.18,0.64,1.67,2.26
2014-12-09,0.23,0.64,1.63,2.22
2014-12-10,0.21,0.59,1.58,2.18
2014-12-11,0.21,0.62,1.62,2.19
2014-12-12,0.19,0.56,1.53,2.1
2014-12-15,0.22,0.6,1.58,2.12
2014-12-16,0.21,0.58,1.53,2.07
2014-12-17,0.23,0.62,1.61,2.14
2014-12-18,0.25,0.67,1.68,2.22
2014-12-19,0.26,0.67,1.66,2.17
2014-12-22,0.28,0.71,1.67,2.17
2014-12-23,0.26,0.73,1.76,2.26
2014-12-24,0.26,0.73,1.76,2.27
2014-12-25,,,,
2014-12-26,0.26,0.73,1.75,2.25
2014-12-29,0.25,0.72,1.72,2.22
2014-12-30,0.23,0.69,1.68,2.2
2014-12-31,0.25,0.67,1.65,2.17
2015-01-01,,,,
2015-01-02,0.25,0.66,1.61,2.12
2015-01-05,0.26,0.68,1.57,2.04
2015-01-06,0.25,0.65,1.5,1.97
2015-01-07,0.25,0.62,1.47,1.96
2015-01-08,0.23,0.62,1.5,2.03
2015-01-09,0.22,0.59,1.45,1.98
2015-01-12,0.19,0.56,1.39,1.92
2015-01-13,0.2,0.54,1.37,1.91
2015-01-14,0.18,0.51,1.33,1.86
2015-01-15,0.16,0.44,1.22,1.77
2015-01-16,0.17,0.49,1.29,1.83
2015-01-19,,,,
2015-01-20,0.17,0.53,1.31,1.82
2015-01-21,0.17,0.53,1.35,1.87
2015-01-22,0.17,0.53,1.39,1.9
2015-01-23,0.17,0.52,1.33,1.81
2015-01-26,0.18,0.54,1.36,1.83
2015-01-27,0.17,0.54,1.34,1.83
2015-01-28,0.17,0.5,1.25,1.73
2015-01-29,0.17,0.51,1.28,1.77
2015-01-30,0.18,0.47,1.18,1.68
2015-02-02,0.17,0.49,1.19,1.68
2015-02-03,0.21,0.52,1.28,1.79
2015-02-04,0.2,0.52,1.29,1.81
2015-02-05,0.2,0.52,1.3,1.83
2015-02-06,0.26,0.65,1.48,1.95
2015-02-09,0.24,0.65,1.49,1.96
2015-02-10,0.25,0.67,1.52,2.01
2015-02-11,0.24,0.67,1.53,2
2015-02-12,0.23,0.61,1.5,1.99
2015-02-13,0.23,0.66,1.53,2.02
2015-02-16,,,,
2015-02-17,0.25,0.7,1.62,2.14
2015-02-18,0.23,0.62,1.52,2.07
2015-02-19,0.23,0.67,1.58,2.11
2015-02-20,0.23,0.67,1.61,2.13
2015-02-23,0.22,0.64,1.56,2.06
2015-02-24,0.22,0.6,1.47,1.99
2015-02-25,0.21,0.61,1.47,1.96
2015-02-26,0.22,0.66,1.54,2.03
2015-02-27,0.22,0.63,1.5,2
2015-03-02,0.22,0.66,1.57,2.08
2015-03-03,0.26,0.68,1.61,2.12
2015-03-04,0.26,0.66,1.6,2.12
2015-03-05,0.25,0.65,1.57,2.11
2015-03-06,0.27,0.73,1.7,2.24
2015-03-09,0.27,0.7,1.66,2.2
2015-03-10,0.25,0.7,1.62,2.14
2015-03-11,0.25,0.7,1.6,2.11
2015-03-12,0.24,0.67,1.59,2.1
2015-03-13,0.24,0.68,1.6,2.13
2015-03-16,0.26,0.66,1.57,2.1
2015-03-17,0.27,0.7,1.56,2.06
2015-03-18,0.23,0.57,1.41,1.93
2015-03-19,0.26,0.63,1.48,1.98
2015-03-20,0.24,0.6,1.42,1.93
2015-03-23,0.24,0.6,1.41,1.92
2015-03-24,0.24,0.58,1.37,1.88
2015-03-25,0.25,0.59,1.41,1.93
2015-03-26,0.28,0.61,1.47,2.01
2015-03-27,0.27,0.58,1.42,1.95
2015-03-30,0.27,0.58,1.41,1.96
2015-03-31,0.26,0.56,1.37,1.94
2015-04-01,0.27,0.55,1.32,1.87
2015-04-02,0.25,0.55,1.35,1.92
2015-04-03,0.21,0.49,1.26,1.85
2015-04-06,0.21,0.51,1.31,1.92
2015-04-07,0.22,0.52,1.32,1.89
2015-04-08,0.22,0.54,1.35,1.92
2015-04-09,0.22,0.56,1.4,1.97
2015-04-10,0.24,0.57,1.41,1.96
2015-04-13,0.23,0.54,1.38,1.94
2015-04-14,0.23,0.53,1.34,1.9
2015-04-15,0.23,0.51,1.33,1.91
2015-04-16,0.22,0.5,1.31,1.9
2015-04-17,0.23,0.51,1.31,1.87
2015-04-20,0.24,0.55,1.33,1.9
2015-04-21,0.23,0.55,1.35,1.92
2015-04-22,0.23,0.57,1.41,1.99
2015-04-23,0.24,0.55,1.37,1.96
2015-04-24,0.24,0.54,1.34,1.93
2015-04-27,0.25,0.54,1.36,1.94
2015-04-28,0.24,0.56,1.39,2
2015-04-29,0.25,0.56,1.43,2.06
2015-04-30,0.24,0.58,1.43,2.05
2015-05-01,0.25,0.6,1.5,2.12
2015-05-04,0.25,0.6,1.51,2.16
2015-05-05,0.24,0.62,1.54,2.19
2015-05-06,0.25,0.65,1.58,2.25
2015-05-07,0.24,0.63,1.55,2.18
2015-05-08,0.23,0.59,1.5,2.16
2015-05-11,0.25,0.62,1.59,2.28
2015-05-12,0.25,0.61,1.58,2.28
2015-05-13,0.24,0.59,1.57,2.27
2015-05-14,0.23,0.56,1.51,2.23
2015-05-15,0.23,0.55,1.46,2.14
2015-05-18,0.22,0.58,1.54,2.23
2015-05-19,0.23,0.63,1.6,2.27
2015-05-20,0.23,0.6,1.57,2.26
2015-05-21,0.22,0.6,1.53,2.19
2015-05-22,0.23,0.64,1.57,2.21
2015-05-25,,,,
2015-05-26,0.24,0.64,1.54,2.14
2015-05-27,0.27,0.64,1.53,2.14
2015-05-28,0.26,0.62,1.51,2.13
2015-05-29,0.26,0.61,1.49,2.12
2015-06-01,0.26,0.64,1.55,2.19
2015-06-02,0.26,0.64,1.61,2.27
2015-06-03,0.26,0.69,1.69,2.38
2015-06-04,0.27,0.66,1.65,2.31
2015-06-05,0.29,0.73,1.75,2.41
2015-06-08,0.27,0.7,1.72,2.39
2015-06-09,0.27,0.72,1.74,2.42
2015-06-10,0.28,0.75,1.8,2.5
2015-06-11,0.28,0.73,1.74,2.39
2015-06-12,0.28,0.74,1.75,2.39
2015-06-15,0.28,0.72,1.71,2.36
2015-06-16,0.28,0.71,1.68,2.32
2015-06-17,0.27,0.67,1.63,2.32
2015-06-18,0.26,0.66,1.65,2.35
2015-06-19,0.25,0.65,1.59,2.26
2015-06-22,0.27,0.68,1.68,2.37
2015-06-23,0.3,0.7,1.71,2.42
2015-06-24,0.3,0.68,1.69,2.38
2015-06-25,0.29,0.68,1.7,2.4
2015-06-26,0.29,0.72,1.75,2.49
2015-06-29,0.27,0.64,1.62,2.33
2015-06-30,0.28,0.64,1.63,2.35
2015-07-01,0.28,0.69,1.7,2.43
2015-07-02,0.26,0.64,1.64,2.4
2015-07-03,,,,
2015-07-06,0.26,0.6,1.56,2.3
2015-07-07,0.25,0.58,1.55,2.27
2015-07-08,0.24,0.55,1.5,2.22
2015-07-09,0.25,0.6,1.58,2.32
2015-07-10,0.28,0.65,1.68,2.42
2015-07-13,0.28,0.69,1.71,2.44
2015-07-14,0.27,0.66,1.67,2.41
2015-07-15,0.28,0.64,1.63,2.36
2015-07-16,0.29,0.67,1.66,2.36
2015-07-17,0.29,0.68,1.67,2.34
2015-07-20,0.31,0.71,1.72,2.38
2015-07-21,0.34,0.71,1.69,2.35
2015-07-22,0.34,0.75,1.69,2.33
2015-07-23,0.33,0.71,1.65,2.28
2015-07-24,0.32,0.7,1.64,2.27
2015-07-27,0.32,0.68,1.58,2.23
2015-07-28,0.32,0.69,1.61,2.26
2015-07-29,0.33,0.7,1.62,2.29
2015-07-30,0.36,0.72,1.62,2.28
2015-07-31,0.33,0.67,1.54,2.2
2015-08-03,0.33,0.68,1.52,2.16
2015-08-04,0.37,0.74,1.6,2.23
2015-08-05,0.38,0.73,1.65,2.28
2015-08-06,0.35,0.71,1.62,2.23
2015-08-07,0.38,0.73,1.59,2.18
2015-08-10,0.4,0.73,1.62,2.24
2015-08-11,0.37,0.68,1.53,2.15
2015-08-12,0.37,0.67,1.52,2.14
2015-08-13,0.4,0.72,1.58,2.19
2015-08-14,0.41,0.73,1.61,2.2
2015-08-17,0.4,0.72,1.58,2.16
2015-08-18,0.42,0.74,1.6,2.2
2015-08-19,0.39,0.67,1.5,2.12
2015-08-20,0.39,0.69,1.5,2.09
2015-08-21,0.36,0.64,1.44,2.05
2015-08-24,0.33,0.59,1.39,2.01
2015-08-25,0.36,0.67,1.48,2.12
2015-08-26,0.35,0.67,1.49,2.18
2015-08-27,0.36,0.68,1.49,2.18
2015-08-28,0.38,0.72,1.52,2.19
2015-08-31,0.39,0.74,1.54,2.21
2015-09-01,0.39,0.7,1.49,2.17
2015-09-02,0.37,0.72,1.52,2.2
2015-09-03,0.36,0.71,1.49,2.18
2015-09-04,0.36,0.71,1.47,2.13
2015-09-07,,,,
2015-09-08,0.39,0.74,1.53,2.2
2015-09-09,0.39,0.75,1.53,2.21
2015-09-10,0.39,0.75,1.55,2.23
2015-09-11,0.4,0.71,1.52,2.2
2015-09-14,0.4,0.73,1.51,2.18
2015-09-15,0.47,0.82,1.61,2.28
2015-09-16,0.46,0.82,1.62,2.3
2015-09-17,0.39,0.7,1.5,2.21
2015-09-18,0.35,0.69,1.45,2.13
2015-09-21,0.36,0.72,1.51,2.2
2015-09-22,0.35,0.69,1.44,2.14
2015-09-23,0.34,0.7,1.47,2.16
2015-09-24,0.32,0.67,1.44,2.13
2015-09-25,0.35,0.7,1.48,2.17
2015-09-28,0.34,0.67,1.42,2.1
2015-09-29,0.33,0.64,1.37,2.05
2015-09-30,0.33,0.64,1.37,2.06
2015-10-01,0.31,0.64,1.37,2.05
2015-10-02,0.25,0.58,1.29,1.99
2015-10-05,0.26,0.61,1.35,2.07
2015-10-06,0.26,0.61,1.34,2.05
2015-10-07,0.27,0.65,1.37,2.08
2015-10-08,0.27,0.65,1.4,2.12
2015-10-09,0.28,0.65,1.41,2.12
2015-10-12,,,,
2015-10-13,0.27,0.64,1.36,2.06
2015-10-14,0.21,0.57,1.29,1.99
2015-10-15,0.22,0.61,1.34,2.04
2015-10-16,0.23,0.61,1.36,2.04
2015-10-19,0.23,0.61,1.35,2.04
2015-10-20,0.23,0.66,1.4,2.08
2015-10-21,0.23,0.64,1.37,2.04
2015-10-22,0.23,0.61,1.36,2.04
2015-10-23,0.24,0.66,1.43,2.09
2015-10-26,0.25,0.66,1.41,2.07
2015-10-27,0.29,0.65,1.38,2.05
2015-10-28,0.33,0.73,1.47,2.1
2015-10-29,0.33,0.75,1.53,2.19
2015-10-30,0.34,0.75,1.52,2.16
2015-11-02,0.37,0.77,1.57,2.2
2015-11-03,0.39,0.8,1.59,2.23
2015-11-04,0.4,0.84,1.64,2.25
2015-11-05,0.42,0.85,1.65,2.26
2015-11-06,0.47,0.9,1.73,2.34
2015-11-09,0.47,0.89,1.75,2.36
2015-11-10,0.51,0.87,1.72,2.32
2015-11-11,,,,
2015-11-12,0.51,0.89,1.73,2.32
2015-11-13,0.5,0.86,1.67,2.28
2015-11-16,0.5,0.88,1.66,2.27
2015-11-17,0.5,0.86,1.66,2.25
2015-11-18,0.49,0.9,1.69,2.27
2015-11-19,0.49,0.91,1.68,2.24
2015-11-20,0.49,0.93,1.7,2.26
2015-11-23,0.5,0.94,1.7,2.25
2015-11-24,0.52,0.93,1.66,2.24
2015-11-25,0.52,0.93,1.66,2.23
2015-11-26,,,,
2015-11-27,0.5,0.92,1.64,2.22
2015-11-30,0.51,0.94,1.65,2.21
2015-12-01,0.51,0.91,1.59,2.15
2015-12-02,0.52,0.94,1.63,2.18
2015-12-03,0.57,0.96,1.74,2.33
2015-12-04,0.6,0.96,1.71,2.28
2015-12-07,0.67,0.94,1.67,2.23
2015-12-08,0.76,0.94,1.68,2.24
2015-12-09,0.72,0.93,1.64,2.22
2015-12-10,0.71,0.95,1.68,2.24
2015-12-11,0.68,0.88,1.56,2.13
2015-12-14,0.68,0.97,1.66,2.23
2015-12-15,0.69,0.98,1.71,2.28
2015-12-16,0.7,1.02,1.75,2.3
2015-12-17,0.69,1,1.73,2.24
2015-12-18,0.67,0.97,1.67,2.19
2015-12-21,0.64,0.96,1.67,2.2
2015-12-22,0.66,0.99,1.71,2.24
2015-12-23,0.65,1.01,1.74,2.27
2015-12-24,0.64,1.03,1.73,2.25
2015-12-25,,,,
2015-12-28,0.66,1.05,1.73,2.24
2015-12-29,0.67,1.09,1.81,2.32
2015-12-30,0.64,1.08,1.8,2.31
2015-12-31,0.65,1.06,1.76,2.27
2016-01-01,,,,
2016-01-04,0.61,1.02,1.73,2.24
2016-01-05,0.68,1.04,1.73,2.25
2016-01-06,0.67,0.99,1.65,2.18
2016-01-07,0.66,0.96,1.61,2.16
2016-01-08,0.64,0.94,1.57,2.13
2016-01-11,0.63,0.94,1.58,2.17
2016-01-12,0.62,0.93,1.55,2.12
2016-01-13,0.6,0.91,1.51,2.08
2016-01-14,0.55,0.9,1.52,2.1
2016-01-15,0.49,0.85,1.46,2.03
2016-01-18,,,,
2016-01-19,0.48,0.88,1.49,2.06
2016-01-20,0.43,0.85,1.44,2.01
2016-01-21,0.44,0.84,1.44,2.02
2016-01-22,0.47,0.88,1.49,2.07
2016-01-25,0.47,0.88,1.47,2.03
2016-01-26,0.47,0.85,1.45,2.01
2016-01-27,0.47,0.84,1.43,2.02
2016-01-28,0.47,0.83,1.4,2
2016-01-29,0.47,0.76,1.33,1.94
2016-02-01,0.47,0.81,1.38,1.97
2016-02-02,0.54,0.75,1.28,1.87
2016-02-03,0.54,0.72,1.27,1.88
2016-02-04,0.52,0.7,1.25,1.87
2016-02-05,0.55,0.74,1.25,1.86
2016-02-08,0.51,0.66,1.16,1.75
2016-02-09,0.52,0.69,1.15,1.74
2016-02-10,0.52,0.71,1.15,1.71
2016-02-11,0.47,0.64,1.11,1.63
2016-02-12,0.51,0.71,1.2,1.74
2016-02-15,,,,
2016-02-16,0.51,0.74,1.23,1.78
2016-02-17,0.53,0.74,1.26,1.81
2016-02-18,0.53,0.71,1.21,1.75
2016-02-19,0.53,0.76,1.24,1.76
2016-02-22,0.55,0.78,1.25,1.77
2016-02-23,0.55,0.76,1.23,1.74
2016-02-24,0.55,0.75,1.21,1.75
2016-02-25,0.56,0.72,1.16,1.71
2016-02-26,0.6,0.8,1.23,1.76
2016-02-29,0.62,0.78,1.22,1.74
2016-03-01,0.68,0.85,1.31,1.83
2016-03-02,0.67,0.85,1.34,1.84
2016-03-03,0.65,0.85,1.33,1.83
2016-03-04,0.67,0.88,1.38,1.88
2016-03-07,0.67,0.91,1.42,1.91
2016-03-08,0.68,0.88,1.34,1.83
2016-03-09,0.68,0.9,1.39,1.9
2016-03-10,0.69,0.93,1.45,1.93
2016-03-11,0.7,0.97,1.49,1.98
2016-03-14,0.7,0.97,1.49,1.97
2016-03-15,0.71,0.98,1.5,1.97
2016-03-16,0.66,0.87,1.41,1.94
2016-03-17,0.64,0.87,1.39,1.91
2016-03-18,0.62,0.84,1.34,1.88
2016-03-21,0.63,0.87,1.38,1.92
2016-03-22,0.64,0.91,1.42,1.94
2016-03-23,0.64,0.87,1.37,1.88
2016-03-24,0.63,0.89,1.39,1.91
2016-03-25,,,,
2016-03-28,0.65,0.89,1.37,1.89
2016-03-29,0.63,0.78,1.29,1.81
2016-03-30,0.61,0.76,1.26,1.83
2016-03-31,0.59,0.73,1.21,1.78
2016-04-01,0.62,0.76,1.24,1.79
2016-04-04,0.59,0.75,1.22,1.78
2016-04-05,0.56,0.72,1.17,1.73
2016-04-06,0.55,0.73,1.2,1.76
2016-04-07,0.52,0.7,1.14,1.7
2016-04-08,0.54,0.7,1.16,1.72
2016-04-11,0.53,0.7,1.16,1.73
2016-04-12,0.54,0.74,1.22,1.79
2016-04-13,0.55,0.75,1.22,1.77
2016-04-14,0.55,0.77,1.26,1.8
2016-04-15,0.53,0.74,1.22,1.76
2016-04-18,0.52,0.75,1.24,1.78
2016-04-19,0.53,0.77,1.26,1.79
2016-04-20,0.54,0.8,1.32,1.85
2016-04-21,0.56,0.82,1.35,1.88
2016-04-22,0.56,0.84,1.37,1.89
2016-04-25,0.57,0.85,1.38,1.91
2016-04-26,0.61,0.86,1.4,1.94
2016-04-27,0.58,0.83,1.33,1.87
2016-04-28,0.56,0.78,1.28,1.84
2016-04-29,0.56,0.77,1.28,1.83
2016-05-02,0.55,0.8,1.32,1.88
2016-05-03,0.53,0.75,1.25,1.81
2016-05-04,0.52,0.75,1.23,1.79
2016-05-05,0.51,0.72,1.2,1.76
2016-05-06,0.51,0.74,1.23,1.79
2016-05-09,0.51,0.72,1.2,1.77
2016-05-10,0.52,0.72,1.2,1.77
2016-05-11,0.53,0.74,1.2,1.73
2016-05-12,0.54,0.76,1.24,1.75
2016-05-13,0.55,0.76,1.22,1.71
2016-05-16,0.57,0.79,1.26,1.75
2016-05-17,0.58,0.82,1.29,1.76
2016-05-18,0.63,0.9,1.41,1.87
2016-05-19,0.64,0.89,1.38,1.85
2016-05-20,0.67,0.89,1.38,1.85
2016-05-23,0.69,0.91,1.38,1.84
2016-05-24,0.69,0.92,1.41,1.86
2016-05-25,0.67,0.92,1.4,1.87
2016-05-26,0.65,0.87,1.35,1.83
2016-05-27,0.68,0.9,1.39,1.85
2016-05-30,,,,
2016-05-31,0.68,0.87,1.37,1.84
2016-06-01,0.7,0.91,1.39,1.85
2016-06-02,0.68,0.89,1.36,1.81
2016-06-03,0.6,0.78,1.23,1.71
2016-06-06,0.6,0.8,1.25,1.73
2016-06-07,0.59,0.78,1.23,1.72
2016-06-08,0.6,0.78,1.23,1.71
2016-06-09,0.59,0.77,1.22,1.68
2016-06-10,0.57,0.73,1.17,1.64
2016-06-13,0.55,0.73,1.14,1.62
2016-06-14,0.55,0.74,1.15,1.62
2016-06-15,0.52,0.69,1.1,1.6
2016-06-16,0.53,0.7,1.1,1.57
2016-06-17,0.51,0.7,1.13,1.62
2016-06-20,0.56,0.74,1.17,1.67
2016-06-21,0.57,0.76,1.22,1.71
2016-06-22,0.56,0.75,1.2,1.69
2016-06-23,0.58,0.78,1.25,1.74
2016-06-24,0.48,0.64,1.08,1.57
2016-06-27,0.45,0.61,1,1.46
2016-06-28,0.45,0.61,1,1.46
2016-06-29,0.46,0.62,1.03,1.5
2016-06-30,0.45,0.58,1.01,1.49
2016-07-01,0.45,0.59,1,1.46
2016-07-04,,,,
2016-07-05,0.44,0.56,0.94,1.37
2016-07-06,0.46,0.58,0.95,1.38
2016-07-07,0.47,0.58,0.97,1.4
2016-07-08,0.48,0.61,0.95,1.37
2016-07-11,0.5,0.66,1.03,1.43
2016-07-12,0.52,0.69,1.1,1.53
2016-07-13,0.51,0.68,1.07,1.48
2016-07-14,0.53,0.68,1.1,1.53
2016-07-15,0.52,0.71,1.15,1.6
2016-07-18,0.52,0.68,1.14,1.59
2016-07-19,0.56,0.7,1.12,1.56
2016-07-20,0.56,0.73,1.15,1.59
2016-07-21,0.54,0.7,1.11,1.57
2016-07-22,0.55,0.71,1.13,1.57
2016-07-25,0.55,0.72,1.15,1.58
2016-07-26,0.55,0.75,1.15,1.57
2016-07-27,0.53,0.73,1.1,1.52
2016-07-28,0.53,0.72,1.09,1.52
2016-07-29,0.5,0.67,1.03,1.46
2016-08-01,0.5,0.67,1.06,1.51
2016-08-02,0.5,0.67,1.07,1.55
2016-08-03,0.53,0.67,1.07,1.55
2016-08-04,0.51,0.64,1.03,1.51
2016-08-05,0.56,0.72,1.13,1.59
2016-08-08,0.57,0.74,1.15,1.59
2016-08-09,0.55,0.71,1.11,1.55
2016-08-10,0.55,0.69,1.07,1.5
2016-08-11,0.55,0.76,1.16,1.57
2016-08-12,0.56,0.71,1.1,1.51
2016-08-15,0.56,0.72,1.14,1.55
2016-08-16,0.57,0.76,1.16,1.57
2016-08-17,0.58,0.74,1.15,1.56
2016-08-18,0.58,0.71,1.12,1.53
2016-08-19,0.59,0.76,1.17,1.58
2016-08-22,0.58,0.76,1.15,1.55
2016-08-23,0.58,0.74,1.15,1.55
2016-08-24,0.59,0.76,1.13,1.56
2016-08-25,0.6,0.78,1.16,1.58
2016-08-26,0.62,0.84,1.23,1.62
2016-08-29,0.62,0.81,1.18,1.57
2016-08-30,0.61,0.8,1.18,1.57
2016-08-31,0.61,0.8,1.19,1.58
2016-09-01,0.6,0.78,1.18,1.57
2016-09-02,0.59,0.8,1.2,1.6
2016-09-05,,,,
2016-09-06,0.56,0.74,1.13,1.55
2016-09-07,0.57,0.74,1.12,1.54
2016-09-08,0.57,0.78,1.19,1.61
2016-09-09,0.58,0.79,1.23,1.67
2016-09-12,0.57,0.79,1.21,1.68
2016-09-13,0.63,0.8,1.26,1.73
2016-09-14,0.62,0.77,1.21,1.7
2016-09-15,0.6,0.74,1.2,1.71
2016-09-16,0.61,0.77,1.21,1.7
2016-09-19,0.6,0.79,1.22,1.7
2016-09-20,0.61,0.79,1.2,1.69
2016-09-21,0.61,0.79,1.2,1.66
2016-09-22,0.6,0.79,1.18,1.63
2016-09-23,0.6,0.77,1.16,1.62
2016-09-26,0.58,0.76,1.13,1.59
2016-09-27,0.58,0.75,1.12,1.56
2016-09-28,0.6,0.75,1.13,1.57
2016-09-29,0.59,0.73,1.12,1.56
2016-09-30,0.59,0.77,1.14,1.6
2016-10-03,0.63,0.8,1.18,1.63
2016-10-04,0.64,0.82,1.22,1.69
2016-10-05,0.65,0.85,1.26,1.72
2016-10-06,0.65,0.86,1.28,1.75
2016-10-07,0.66,0.83,1.26,1.73
2016-10-10,,,,
2016-10-11,0.69,0.87,1.3,1.77
2016-10-12,0.68,0.87,1.31,1.79
2016-10-13,0.66,0.85,1.27,1.75
2016-10-14,0.66,0.84,1.28,1.8
2016-10-17,0.65,0.81,1.26,1.77
2016-10-18,0.66,0.82,1.24,1.75
2016-10-19,0.65,0.81,1.24,1.76
2016-10-20,0.66,0.84,1.26,1.76
2016-10-21,0.66,0.84,1.25,1.74
2016-10-24,0.66,0.84,1.27,1.77
2016-10-25,0.66,0.86,1.29,1.77
2016-10-26,0.67,0.86,1.3,1.79
2016-10-27,0.68,0.87,1.33,1.85
2016-10-28,0.66,0.86,1.33,1.86
2016-10-31,0.66,0.86,1.31,1.84
2016-11-01,0.65,0.83,1.3,1.83
2016-11-02,0.64,0.81,1.26,1.81
2016-11-03,0.64,0.81,1.26,1.82
2016-11-04,0.62,0.8,1.24,1.79
2016-11-07,0.63,0.82,1.29,1.83
2016-11-08,0.71,0.87,1.34,1.88
2016-11-09,0.72,0.9,1.49,2.07
2016-11-10,0.72,0.92,1.56,2.15
2016-11-11,,,,
2016-11-14,0.77,1,1.66,2.23
2016-11-15,0.78,1.02,1.68,2.23
2016-11-16,0.76,1,1.68,2.22
2016-11-17,0.77,1.04,1.73,2.29
2016-11-18,0.77,1.07,1.8,2.34
2016-11-21,0.78,1.08,1.79,2.33
2016-11-22,0.78,1.07,1.77,2.31
2016-11-23,0.8,1.12,1.83,2.36
2016-11-24,,,,
2016-11-25,0.81,1.12,1.83,2.36
2016-11-28,0.79,1.11,1.8,2.32
2016-11-29,0.78,1.09,1.78,2.3
2016-11-30,0.8,1.11,1.83,2.37
2016-12-01,0.82,1.14,1.9,2.45
2016-12-02,0.8,1.11,1.84,2.4
2016-12-05,0.82,1.13,1.84,2.39
2016-12-06,0.83,1.12,1.84,2.39
2016-12-07,0.85,1.1,1.8,2.34
2016-12-08,0.84,1.12,1.83,2.4
2016-12-09,0.85,1.15,1.89,2.47
2016-12-12,0.85,1.15,1.9,2.49
2016-12-13,0.88,1.17,1.92,2.48
2016-12-14,0.92,1.27,2.02,2.54
2016-12-15,0.91,1.29,2.1,2.6
2016-12-16,0.91,1.28,2.07,2.6
2016-12-19,0.9,1.24,2.03,2.54
2016-12-20,0.9,1.25,2.06,2.57
2016-12-21,0.88,1.21,2.04,2.55
2016-12-22,0.87,1.22,2.04,2.55
2016-12-23,0.87,1.22,2.04,2.55
2016-12-26,,,,
2016-12-27,0.89,1.28,2.07,2.57
2016-12-28,0.9,1.26,2.02,2.51
2016-12-29,0.85,1.22,1.96,2.49
2016-12-30,0.85,1.2,1.93,2.45
2017-01-02,,,,
2017-01-03,0.89,1.22,1.94,2.45
2017-01-04,0.87,1.24,1.94,2.46
2017-01-05,0.83,1.17,1.86,2.37
2017-01-06,0.85,1.22,1.92,2.42
2017-01-09,0.82,1.21,1.89,2.38
2017-01-10,0.82,1.19,1.89,2.38
2017-01-11,0.82,1.2,1.89,2.38
2017-01-12,0.81,1.18,1.87,2.36
2017-01-13,0.82,1.21,1.9,2.4
2017-01-16,,,,
2017-01-17,0.8,1.17,1.84,2.33
2017-01-18,0.82,1.23,1.93,2.42
2017-01-19,0.83,1.25,1.97,2.47
2017-01-20,0.82,1.2,1.95,2.48
2017-01-23,0.79,1.16,1.88,2.41
2017-01-24,0.81,1.21,1.94,2.47
2017-01-25,0.82,1.23,1.99,2.53
2017-01-26,0.82,1.21,1.95,2.51
2017-01-27,0.82,1.22,1.94,2.49
2017-01-30,0.81,1.22,1.94,2.49
2017-01-31,0.84,1.19,1.9,2.45
2017-02-01,0.83,1.22,1.93,2.48
2017-02-02,0.84,1.21,1.92,2.48
2017-02-03,0.82,1.21,1.93,2.49
2017-02-06,0.79,1.16,1.86,2.42
2017-02-07,0.8,1.16,1.85,2.4
2017-02-08,0.79,1.15,1.81,2.34
2017-02-09,0.8,1.2,1.88,2.4
2017-02-10,0.81,1.2,1.89,2.41
2017-02-13,0.82,1.2,1.92,2.43
2017-02-14,0.84,1.25,1.98,2.47
2017-02-15,0.86,1.27,2.01,2.51
2017-02-16,0.82,1.22,1.95,2.45
2017-02-17,0.82,1.21,1.92,2.42
2017-02-20,,,,
2017-02-21,0.83,1.22,1.93,2.43
2017-02-22,0.82,1.22,1.92,2.42
2017-02-23,0.81,1.18,1.87,2.38
2017-02-24,0.8,1.12,1.8,2.31
2017-02-27,0.81,1.2,1.87,2.36
2017-02-28,0.88,1.22,1.89,2.36
2017-03-01,0.92,1.29,1.99,2.46
2017-03-02,0.98,1.32,2.03,2.49
2017-03-03,0.98,1.32,2.02,2.49
2017-03-06,0.97,1.31,2.02,2.49
2017-03-07,1.02,1.32,2.05,2.52
2017-03-08,1.03,1.36,2.08,2.57
2017-03-09,1.04,1.37,2.13,2.6
2017-03-10,1.03,1.36,2.11,2.58
2017-03-13,1.06,1.4,2.14,2.62
2017-03-14,1.06,1.4,2.13,2.6
2017-03-15,1.02,1.33,2.02,2.51
2017-03-16,1.01,1.35,2.05,2.53
2017-03-17,1,1.33,2.03,2.5
2017-03-20,1.01,1.3,2,2.47
2017-03-21,1,1.27,1.96,2.43
2017-03-22,0.99,1.27,1.95,2.4
2017-03-23,0.99,1.26,1.95,2.41
2017-03-24,1,1.26,1.93,2.4
2017-03-27,1,1.27,1.93,2.38
2017-03-28,1.03,1.3,1.97,2.42
2017-03-29,1.04,1.26,1.93,2.39
2017-03-30,1.03,1.28,1.96,2.42
2017-03-31,1.03,1.27,1.93,2.4
2017-04-03,1.02,1.24,1.88,2.35
2017-04-04,1.03,1.25,1.88,2.36
2017-04-05,1.03,1.24,1.85,2.34
2017-04-06,1.05,1.24,1.87,2.34
2017-04-07,1.08,1.29,1.92,2.38
2017-04-10,1.07,1.29,1.91,2.37
2017-04-11,1.05,1.24,1.84,2.32
2017-04-12,1.04,1.24,1.81,2.28
2017-04-13,1.03,1.21,1.77,2.24
2017-04-14,,,,
2017-04-17,1.04,1.21,1.79,2.26
2017-04-18,1.02,1.18,1.71,2.18
2017-04-19,1.02,1.19,1.74,2.21
2017-04-20,1.01,1.21,1.78,2.24
2017-04-21,0.99,1.2,1.77,2.24
2017-04-24,1.03,1.25,1.81,2.28
2017-04-25,1.09,1.29,1.87,2.35
2017-04-26,1.07,1.28,1.84,2.32
2017-04-27,1.06,1.25,1.81,2.3
2017-04-28,1.07,1.28,1.81,2.29
2017-05-01,1.09,1.28,1.84,2.33
2017-05-02,1.08,1.27,1.81,2.29
2017-05-03,1.1,1.3,1.86,2.33
2017-05-04,1.11,1.32,1.88,2.36
2017-05-05,1.1,1.32,1.89,2.36
2017-05-08,1.12,1.33,1.91,2.39
2017-05-09,1.14,1.37,1.94,2.42
2017-05-10,1.13,1.35,1.94,2.41
2017-05-11,1.13,1.35,1.93,2.39
2017-05-12,1.11,1.29,1.85,2.33
2017-05-15,1.11,1.31,1.86,2.34
2017-05-16,1.11,1.29,1.86,2.33
2017-05-17,1.08,1.26,1.76,2.22
2017-05-18,1.09,1.27,1.78,2.23
2017-05-19,1.1,1.28,1.79,2.23
2017-05-22,1.12,1.29,1.8,2.25
2017-05-23,1.14,1.31,1.84,2.29
2017-05-24,1.18,1.29,1.79,2.26
2017-05-25,1.16,1.3,1.78,2.25
2017-05-26,1.17,1.3,1.79,2.25
2017-05-29,,,,
2017-05-30,1.16,1.28,1.76,2.21
2017-05-31,1.17,1.28,1.75,2.21
2017-06-01,1.16,1.28,1.76,2.21
2017-06-02,1.16,1.28,1.71,2.15
2017-06-05,1.16,1.32,1.74,2.18
2017-06-06,1.16,1.3,1.71,2.14
2017-06-07,1.17,1.32,1.74,2.18
2017-06-08,1.19,1.33,1.75,2.19
2017-06-09,1.2,1.35,1.77,2.21
2017-06-12,1.19,1.35,1.78,2.21
2017-06-13,1.22,1.38,1.79,2.21
2017-06-14,1.2,1.35,1.74,2.15
2017-06-15,1.21,1.35,1.76,2.16
2017-06-16,1.21,1.32,1.75,2.16
2017-06-19,1.22,1.36,1.8,2.19
2017-06-20,1.22,1.36,1.77,2.16
2017-06-21,1.22,1.36,1.78,2.16
2017-06-22,1.22,1.34,1.76,2.15
2017-06-23,1.21,1.34,1.77,2.15
2017-06-26,1.2,1.36,1.77,2.14
2017-06-27,1.22,1.38,1.83,2.21
2017-06-28,1.21,1.34,1.81,2.22
2017-06-29,1.23,1.38,1.85,2.27
2017-06-30,1.24,1.38,1.89,2.31
2017-07-03,1.24,1.41,1.93,2.35
2017-07-04,,,,
2017-07-05,1.24,1.41,1.92,2.33
2017-07-06,1.23,1.4,1.94,2.37
2017-07-07,1.22,1.4,1.95,2.39
2017-07-10,1.23,1.4,1.93,2.38
2017-07-11,1.2,1.37,1.92,2.37
2017-07-12,1.21,1.35,1.88,2.33
2017-07-13,1.23,1.37,1.89,2.35
2017-07-14,1.22,1.35,1.87,2.33
2017-07-17,1.22,1.36,1.86,2.31
2017-07-18,1.19,1.36,1.82,2.27
2017-07-19,1.23,1.37,1.83,2.27
2017-07-20,1.22,1.37,1.82,2.27
2017-07-21,1.22,1.36,1.81,2.24
2017-07-24,1.23,1.37,1.83,2.26
2017-07-25,1.24,1.4,1.9,2.33
2017-07-26,1.23,1.36,1.83,2.29
2017-07-27,1.22,1.36,1.84,2.32
2017-07-28,1.22,1.34,1.83,2.3
2017-07-31,1.23,1.34,1.84,2.3
2017-08-01,1.22,1.34,1.8,2.26
2017-08-02,1.24,1.36,1.82,2.27
2017-08-03,1.22,1.34,1.79,2.24
2017-08-04,1.23,1.36,1.82,2.27
2017-08-07,1.22,1.36,1.81,2.26
2017-08-08,1.24,1.36,1.84,2.29
2017-08-09,1.21,1.33,1.81,2.24
2017-08-10,1.22,1.33,1.78,2.2
2017-08-11,1.21,1.3,1.74,2.19
2017-08-14,1.23,1.33,1.77,2.22
2017-08-15,1.23,1.35,1.83,2.27
2017-08-16,1.24,1.33,1.79,2.23
2017-08-17,1.24,1.32,1.76,2.19
2017-08-18,1.24,1.33,1.77,2.19
2017-08-21,1.23,1.32,1.76,2.18
2017-08-22,1.24,1.33,1.8,2.22
2017-08-23,1.22,1.32,1.76,2.17
2017-08-24,1.23,1.33,1.78,2.19
2017-08-25,1.23,1.35,1.77,2.17
2017-08-28,1.24,1.33,1.74,2.16
2017-08-29,1.23,1.33,1.7,2.13
2017-08-30,1.23,1.33,1.72,2.15
2017-08-31,1.23,1.33,1.7,2.12
2017-09-01,1.24,1.35,1.73,2.16
2017-09-04,,,,
2017-09-05,1.23,1.3,1.65,2.07
2017-09-06,1.24,1.3,1.69,2.1
2017-09-07,1.21,1.27,1.63,2.05
2017-09-08,1.22,1.27,1.64,2.06
2017-09-11,1.24,1.32,1.71,2.14
2017-09-12,1.27,1.33,1.75,2.17
2017-09-13,1.27,1.35,1.78,2.2
2017-09-14,1.28,1.37,1.79,2.2
2017-09-15,1.3,1.39,1.81,2.2
2017-09-18,1.3,1.4,1.83,2.23
2017-09-19,1.31,1.4,1.84,2.24
2017-09-20,1.32,1.45,1.89,2.28
2017-09-21,1.31,1.45,1.89,2.27
2017-09-22,1.3,1.46,1.88,2.26
2017-09-25,1.3,1.44,1.85,2.22
2017-09-26,1.31,1.45,1.87,2.24
2017-09-27,1.33,1.47,1.91,2.31
2017-09-28,1.31,1.45,1.89,2.31
2017-09-29,1.31,1.47,1.92,2.33
2017-10-02,1.31,1.49,1.94,2.34
2017-10-03,1.32,1.47,1.92,2.33
2017-10-04,1.33,1.47,1.92,2.33
2017-10-05,1.35,1.49,1.94,2.35
2017-10-06,1.35,1.54,1.97,2.37
2017-10-09,,,,
2017-10-10,1.42,1.51,1.95,2.35
2017-10-11,1.4,1.51,1.95,2.35
2017-10-12,1.41,1.51,1.95,2.33
2017-10-13,1.39,1.51,1.91,2.28
2017-10-16,1.42,1.54,1.95,2.3
2017-10-17,1.41,1.54,1.97,2.3
2017-10-18,1.42,1.59,1.99,2.34
2017-10-19,1.41,1.58,1.98,2.33
2017-10-20,1.43,1.6,2.03,2.39
2017-10-23,1.42,1.58,2.01,2.38
2017-10-24,1.43,1.6,2.05,2.42
2017-10-25,1.43,1.61,2.06,2.44
2017-10-26,1.43,1.63,2.07,2.46
2017-10-27,1.42,1.59,2.03,2.42
2017-10-30,1.42,1.58,2,2.37
2017-10-31,1.43,1.6,2.01,2.38
2017-11-01,1.46,1.61,2.01,2.37
2017-11-02,1.46,1.61,2,2.35
2017-11-03,1.49,1.63,1.99,2.34
2017-11-06,1.5,1.61,1.99,2.32
2017-11-07,1.49,1.63,1.99,2.32
2017-11-08,1.53,1.65,2.01,2.32
2017-11-09,1.53,1.63,2.01,2.33
2017-11-10,1.54,1.67,2.06,2.4
2017-11-13,1.55,1.7,2.08,2.4
2017-11-14,1.55,1.68,2.06,2.38
2017-11-15,1.55,1.68,2.04,2.33
2017-11-16,1.59,1.72,2.07,2.37
2017-11-17,1.6,1.73,2.06,2.35
2017-11-20,1.62,1.77,2.09,2.37
2017-11-21,1.62,1.77,2.11,2.36
2017-11-22,1.61,1.74,2.05,2.32
2017-11-23,,,,
2017-11-24,1.61,1.75,2.07,2.34
2017-11-27,1.62,1.74,2.06,2.32
2017-11-28,1.61,1.75,2.07,2.34
2017-11-29,1.61,1.78,2.09,2.37
2017-11-30,1.62,1.78,2.14,2.42
2017-12-01,1.62,1.78,2.13,2.37
2017-12-04,1.66,1.8,2.15,2.37
2017-12-05,1.64,1.83,2.15,2.36
2017-12-06,1.68,1.78,2.11,2.33
2017-12-07,1.67,1.8,2.14,2.37
2017-12-08,1.65,1.8,2.14,2.38
2017-12-11,1.69,1.82,2.16,2.39
2017-12-12,1.7,1.83,2.18,2.4
2017-12-13,1.68,1.79,2.12,2.36
2017-12-14,1.7,1.82,2.14,2.35
2017-12-15,1.71,1.84,2.16,2.35
2017-12-18,1.7,1.84,2.17,2.39
2017-12-19,1.71,1.87,2.23,2.46
2017-12-20,1.72,1.87,2.24,2.49
2017-12-21,1.73,1.89,2.26,2.48
2017-12-22,1.73,1.91,2.26,2.48
2017-12-25,,,,
2017-12-26,1.75,1.92,2.25,2.47
2017-12-27,1.75,1.89,2.22,2.42
2017-12-28,1.76,1.91,2.23,2.43
2017-12-29,1.76,1.89,2.2,2.4
2018-01-01,,,,
2018-01-02,1.83,1.92,2.25,2.46
2018-01-03,1.81,1.94,2.25,2.44
2018-01-04,1.82,1.96,2.27,2.46
2018-01-05,1.8,1.96,2.29,2.47
2018-01-08,1.79,1.96,2.29,2.49
2018-01-09,1.78,1.98,2.33,2.55
2018-01-10,1.78,1.98,2.32,2.55
2018-01-11,1.77,1.98,2.32,2.54
2018-01-12,1.78,1.99,2.35,2.55
2018-01-15,,,,
2018-01-16,1.79,2.03,2.36,2.54
2018-01-17,1.79,2.05,2.39,2.57
2018-01-18,1.79,2.05,2.43,2.62
2018-01-19,1.79,2.06,2.45,2.64
2018-01-22,1.79,2.08,2.46,2.66
2018-01-23,1.78,2.06,2.43,2.63
2018-01-24,1.79,2.08,2.43,2.65
2018-01-25,1.8,2.08,2.41,2.63
2018-01-26,1.8,2.13,2.47,2.66
2018-01-29,1.8,2.11,2.49,2.7
2018-01-30,1.88,2.13,2.51,2.73
2018-01-31,1.9,2.14,2.52,2.72
2018-02-01,1.89,2.16,2.56,2.78
2018-02-02,1.88,2.15,2.58,2.84
2018-02-05,1.85,2.08,2.5,2.77
2018-02-06,1.87,2.1,2.52,2.79
2018-02-07,1.91,2.15,2.57,2.84
2018-02-08,1.91,2.13,2.57,2.85
2018-02-09,1.89,2.05,2.52,2.83
2018-02-12,1.93,2.09,2.56,2.86
2018-02-13,1.95,2.1,2.54,2.83
2018-02-14,1.98,2.17,2.65,2.91
2018-02-15,1.99,2.19,2.65,2.9
2018-02-16,2,2.21,2.63,2.87
2018-02-19,,,,
2018-02-20,2.01,2.25,2.65,2.88
2018-02-21,2.03,2.26,2.69,2.94
2018-02-22,2.02,2.25,2.66,2.92
2018-02-23,2.02,2.25,2.62,2.88
2018-02-26,2.03,2.22,2.6,2.86
2018-02-27,2.08,2.27,2.67,2.9
2018-02-28,2.07,2.25,2.65,2.87
2018-03-01,2.05,2.22,2.58,2.81
2018-03-02,2.06,2.25,2.63,2.86
2018-03-05,2.06,2.24,2.65,2.88
2018-03-06,2.06,2.25,2.65,2.88
2018-03-07,2.05,2.25,2.65,2.89
2018-03-08,2.05,2.25,2.63,2.86
2018-03-09,2.03,2.27,2.65,2.9
2018-03-12,2.05,2.27,2.64,2.87
2018-03-13,2.03,2.26,2.62,2.84
2018-03-14,2.05,2.26,2.61,2.81
2018-03-15,2.07,2.29,2.62,2.82
2018-03-16,2.08,2.31,2.65,2.85
2018-03-19,2.08,2.31,2.65,2.85
2018-03-20,2.08,2.34,2.69,2.89
2018-03-21,2.06,2.31,2.69,2.89
2018-03-22,2.05,2.29,2.63,2.83
2018-03-23,2.04,2.28,2.61,2.82
2018-03-26,2.06,2.33,2.64,2.85
2018-03-27,2.1,2.26,2.58,2.78
2018-03-28,2.12,2.28,2.59,2.77
2018-03-29,2.09,2.27,2.56,2.74
2018-03-30,,,,
2018-04-02,2.08,2.25,2.55,2.73
2018-04-03,2.09,2.28,2.6,2.79
2018-04-04,2.07,2.28,2.61,2.79
2018-04-05,2.07,2.3,2.64,2.83
2018-04-06,2.06,2.27,2.58,2.77
2018-04-09,2.08,2.29,2.6,2.78
2018-04-10,2.09,2.32,2.62,2.8
2018-04-11,2.09,2.32,2.62,2.79
2018-04-12,2.11,2.34,2.67,2.83
2018-04-13,2.12,2.37,2.67,2.82
2018-04-16,2.12,2.39,2.69,2.83
2018-04-17,2.16,2.41,2.68,2.82
2018-04-18,2.17,2.42,2.73,2.87
2018-04-19,2.21,2.44,2.77,2.92
2018-04-20,2.22,2.46,2.8,2.96
2018-04-23,2.25,2.49,2.83,2.98
2018-04-24,2.25,2.48,2.83,3
2018-04-25,2.26,2.49,2.84,3.03
2018-04-26,2.25,2.49,2.82,3
2018-04-27,2.24,2.49,2.8,2.96
2018-04-30,2.24,2.49,2.79,2.95
2018-05-01,2.26,2.5,2.82,2.97
2018-05-02,2.24,2.49,2.8,2.97
2018-05-03,2.24,2.49,2.78,2.94
2018-05-04,2.24,2.51,2.78,2.95
2018-05-07,2.25,2.49,2.78,2.95
2018-05-08,2.26,2.51,2.81,2.97
2018-05-09,2.27,2.54,2.84,3
2018-05-10,2.27,2.54,2.83,2.97
2018-05-11,2.28,2.54,2.84,2.97
2018-05-14,2.28,2.55,2.85,3
2018-05-15,2.31,2.58,2.92,3.08
2018-05-16,2.32,2.58,2.94,3.09
2018-05-17,2.32,2.57,2.94,3.11
2018-05-18,2.32,2.55,2.9,3.06
2018-05-21,2.35,2.58,2.9,3.06
2018-05-22,2.34,2.59,2.9,3.06
2018-05-23,2.29,2.53,2.83,3.01
2018-05-24,2.28,2.5,2.82,2.98
2018-05-25,2.27,2.48,2.76,2.93
2018-05-28,,,,
2018-05-29,2.17,2.32,2.58,2.77
2018-05-30,2.23,2.42,2.67,2.84
2018-05-31,2.23,2.4,2.68,2.83
2018-06-01,2.28,2.47,2.74,2.89
2018-06-04,2.3,2.52,2.78,2.94
2018-06-05,2.32,2.49,2.76,2.92
2018-06-06,2.32,2.52,2.81,2.97
2018-06-07,2.31,2.5,2.77,2.93
2018-06-08,2.3,2.5,2.77,2.93
2018-06-11,2.32,2.52,2.8,2.96
2018-06-12,2.31,2.54,2.81,2.96
2018-06-13,2.35,2.59,2.85,2.98
2018-06-14,2.35,2.59,2.81,2.94
2018-06-15,2.35,2.55,2.81,2.93
2018-06-18,2.35,2.56,2.8,2.92
2018-06-19,2.34,2.54,2.77,2.89
2018-06-20,2.36,2.56,2.8,2.93
2018-06-21,2.34,2.56,2.77,2.9
2018-06-22,2.33,2.56,2.77,2.9
2018-06-25,2.34,2.54,2.75,2.87
2018-06-26,2.33,2.53,2.75,2.88
2018-06-27,2.33,2.52,2.71,2.83
2018-06-28,2.33,2.52,2.73,2.84
2018-06-29,2.33,2.52,2.73,2.85
2018-07-02,2.34,2.57,2.75,2.87
2018-07-03,2.33,2.53,2.72,2.83
2018-07-04,,,,
2018-07-05,2.32,2.55,2.74,2.84
2018-07-06,2.34,2.53,2.71,2.82
2018-07-09,2.34,2.57,2.75,2.86
2018-07-10,2.36,2.59,2.77,2.87
2018-07-11,2.36,2.58,2.74,2.85
2018-07-12,2.39,2.6,2.75,2.85
2018-07-13,2.37,2.59,2.73,2.83
2018-07-16,2.39,2.59,2.75,2.85
2018-07-17,2.39,2.62,2.76,2.86
2018-07-18,2.43,2.6,2.77,2.88
2018-07-19,2.4,2.6,2.74,2.84
2018-07-20,2.41,2.6,2.77,2.89
2018-07-23,2.42,2.64,2.83,2.96
2018-07-24,2.42,2.63,2.83,2.95
2018-07-25,2.42,2.66,2.82,2.94
2018-07-26,2.41,2.69,2.86,2.98
2018-07-27,2.43,2.67,2.84,2.96
2018-07-30,2.43,2.66,2.85,2.98
2018-07-31,2.44,2.67,2.85,2.96
2018-08-01,2.45,2.67,2.87,3
2018-08-02,2.45,2.66,2.85,2.98
2018-08-03,2.43,2.63,2.82,2.95
2018-08-06,2.44,2.64,2.8,2.94
2018-08-07,2.45,2.68,2.84,2.98
2018-08-08,2.44,2.68,2.83,2.96
2018-08-09,2.44,2.64,2.8,2.93
2018-08-10,2.42,2.61,2.75,2.87
2018-08-13,2.42,2.61,2.75,2.88
2018-08-14,2.44,2.63,2.77,2.89
2018-08-15,2.45,2.61,2.73,2.86
2018-08-16,2.45,2.63,2.75,2.87
2018-08-17,2.44,2.61,2.75,2.87
2018-08-20,2.43,2.6,2.7,2.82
2018-08-21,2.45,2.61,2.73,2.85
2018-08-22,2.43,2.6,2.7,2.82
2018-08-23,2.43,2.61,2.72,2.82
2018-08-24,2.44,2.63,2.72,2.82
2018-08-27,2.47,2.67,2.74,2.85
2018-08-28,2.47,2.67,2.77,2.88
2018-08-29,2.48,2.67,2.78,2.89
2018-08-30,2.47,2.64,2.75,2.86
2018-08-31,2.46,2.62,2.74,2.86
2018-09-03,,,,
2018-09-04,2.49,2.66,2.78,2.9
2018-09-05,2.49,2.66,2.77,2.9
2018-09-06,2.5,2.64,2.76,2.88
2018-09-07,2.53,2.71,2.82,2.94
2018-09-10,2.54,2.73,2.83,2.94
2018-09-11,2.55,2.76,2.87,2.98
2018-09-12,2.56,2.74,2.87,2.97
2018-09-13,2.55,2.76,2.87,2.97
2018-09-14,2.56,2.78,2.9,2.99
2018-09-17,2.57,2.78,2.89,2.99
2018-09-18,2.58,2.81,2.94,3.05
2018-09-19,2.58,2.81,2.96,3.08
2018-09-20,2.58,2.81,2.96,3.07
2018-09-21,2.58,2.81,2.95,3.07
2018-09-24,2.6,2.83,2.96,3.08
2018-09-25,2.59,2.83,2.99,3.1
2018-09-26,2.58,2.83,2.96,3.06
2018-09-27,2.58,2.83,2.96,3.06
2018-09-28,2.59,2.81,2.94,3.05
2018-10-01,2.6,2.82,2.96,3.09
2018-10-02,2.61,2.82,2.94,3.05
2018-10-03,2.62,2.85,3.02,3.15
2018-10-04,2.63,2.87,3.05,3.19
2018-10-05,2.64,2.88,3.07,3.23
2018-10-08,,,,
2018-10-09,2.65,2.88,3.05,3.21
2018-10-10,2.67,2.88,3.05,3.22
2018-10-11,2.66,2.85,3,3.14
2018-10-12,2.66,2.85,3,3.15
2018-10-15,2.67,2.85,3.01,3.16
2018-10-16,2.66,2.87,3.02,3.16
2018-10-17,2.66,2.89,3.04,3.19
2018-10-18,2.67,2.87,3.03,3.17
2018-10-19,2.67,2.92,3.05,3.2
2018-10-22,2.68,2.92,3.05,3.2
2018-10-23,2.67,2.89,3.01,3.17
2018-10-24,2.64,2.84,2.94,3.1
2018-10-25,2.66,2.86,2.98,3.14
2018-10-26,2.63,2.81,2.91,3.08
2018-10-29,2.64,2.81,2.91,3.08
2018-10-30,2.66,2.84,2.94,3.12
2018-10-31,2.69,2.87,2.98,3.15
2018-11-01,2.67,2.84,2.96,3.14
2018-11-02,2.7,2.91,3.04,3.22
2018-11-05,2.71,2.91,3.03,3.2
2018-11-06,2.72,2.93,3.05,3.22
2018-11-07,2.74,2.96,3.07,3.22
2018-11-08,2.74,2.98,3.09,3.24
2018-11-09,2.73,2.94,3.05,3.19
2018-11-12,,,,
2018-11-13,2.72,2.89,2.99,3.14
2018-11-14,2.71,2.86,2.95,3.12
2018-11-15,2.7,2.86,2.94,3.11
2018-11-16,2.68,2.81,2.9,3.08
2018-11-19,2.66,2.79,2.87,3.06
2018-11-20,2.67,2.79,2.88,3.06
2018-11-21,2.67,2.81,2.89,3.06
2018-11-22,,,,
2018-11-23,2.67,2.81,2.88,3.05
2018-11-26,2.7,2.84,2.9,3.07
2018-11-27,2.7,2.83,2.89,3.06
2018-11-28,2.69,2.81,2.87,3.06
2018-11-29,2.69,2.81,2.85,3.03
2018-11-30,2.7,2.8,2.84,3.01
2018-12-03,2.72,2.83,2.83,2.98
2018-12-04,2.71,2.8,2.79,2.91
2018-12-05,,,,
2018-12-06,2.7,2.75,2.75,2.87
2018-12-07,2.68,2.72,2.7,2.85
2018-12-10,2.69,2.72,2.71,2.85
2018-12-11,2.7,2.78,2.75,2.89
2018-12-12,2.7,2.77,2.77,2.91
2018-12-13,2.69,2.75,2.75,2.91
2018-12-14,2.68,2.73,2.73,2.89
2018-12-17,2.66,2.7,2.69,2.86
2018-12-18,2.64,2.65,2.65,2.82
2018-12-19,2.62,2.63,2.62,2.77
2018-12-20,2.64,2.67,2.65,2.79
2018-12-21,2.62,2.63,2.64,2.79
2018-12-24,2.61,2.55,2.58,2.74
2018-12-25,,,,
2018-12-26,2.61,2.61,2.67,2.81
2018-12-27,2.58,2.56,2.6,2.77
2018-12-28,2.57,2.52,2.56,2.72
2018-12-31,2.63,2.48,2.51,2.69
2019-01-01,,,,
2019-01-02,2.6,2.5,2.49,2.66
2019-01-03,2.5,2.39,2.37,2.56
2019-01-04,2.57,2.5,2.49,2.67
2019-01-07,2.58,2.53,2.53,2.7
2019-01-08,2.6,2.58,2.58,2.73
2019-01-09,2.59,2.56,2.57,2.74
2019-01-10,2.59,2.56,2.56,2.74
2019-01-11,2.58,2.55,2.52,2.71
2019-01-14,2.57,2.53,2.53,2.71
2019-01-15,2.57,2.53,2.53,2.72
2019-01-16,2.57,2.55,2.54,2.73
2019-01-17,2.57,2.56,2.58,2.75
2019-01-18,2.6,2.62,2.62,2.79
2019-01-21,,,,
2019-01-22,2.59,2.58,2.57,2.74
2019-01-23,2.59,2.58,2.59,2.76
2019-01-24,2.58,2.56,2.55,2.72
2019-01-25,2.6,2.6,2.59,2.76
2019-01-28,2.6,2.6,2.58,2.75
2019-01-29,2.6,2.56,2.55,2.72
2019-01-30,2.57,2.52,2.49,2.7
2019-01-31,2.55,2.45,2.43,2.63
2019-02-01,2.56,2.52,2.51,2.7
2019-02-04,2.57,2.53,2.53,2.73
2019-02-05,2.56,2.53,2.51,2.71
2019-02-06,2.56,2.52,2.5,2.7
2019-02-07,2.55,2.48,2.46,2.65
2019-02-08,2.54,2.45,2.44,2.63
2019-02-11,2.55,2.48,2.47,2.65
2019-02-12,2.55,2.5,2.49,2.68
2019-02-13,2.55,2.53,2.53,2.71
2019-02-14,2.53,2.5,2.48,2.66
2019-02-15,2.55,2.52,2.49,2.66
2019-02-18,,,,
2019-02-19,2.54,2.5,2.47,2.65
2019-02-20,2.54,2.5,2.47,2.65
2019-02-21,2.55,2.53,2.51,2.69
2019-02-22,2.55,2.48,2.47,2.65
2019-02-25,2.56,2.51,2.48,2.67
2019-02-26,2.55,2.48,2.45,2.64
2019-02-27,2.54,2.5,2.49,2.69
2019-02-28,2.54,2.52,2.52,2.73
2019-03-01,2.55,2.55,2.56,2.76
2019-03-04,2.54,2.55,2.53,2.72
2019-03-05,2.54,2.55,2.53,2.72
2019-03-06,2.54,2.52,2.49,2.69
2019-03-07,2.52,2.47,2.44,2.64
2019-03-08,2.53,2.45,2.42,2.62
2019-03-11,2.53,2.47,2.44,2.64
2019-03-12,2.52,2.45,2.41,2.61
2019-03-13,2.53,2.45,2.42,2.61
2019-03-14,2.52,2.46,2.43,2.63
2019-03-15,2.52,2.43,2.4,2.59
2019-03-18,2.52,2.45,2.42,2.6
2019-03-19,2.5,2.46,2.42,2.61
2019-03-20,2.47,2.4,2.34,2.54
2019-03-21,2.48,2.41,2.34,2.54
2019-03-22,2.45,2.31,2.24,2.44
2019-03-25,2.41,2.26,2.21,2.43
2019-03-26,2.44,2.24,2.18,2.41
2019-03-27,2.4,2.22,2.18,2.39
2019-03-28,2.4,2.23,2.2,2.39
2019-03-29,2.4,2.27,2.23,2.41
2019-04-01,2.41,2.33,2.31,2.49
2019-04-02,2.41,2.3,2.28,2.48
2019-04-03,2.41,2.33,2.32,2.52
2019-04-04,2.41,2.33,2.32,2.51
2019-04-05,2.43,2.35,2.31,2.5
2019-04-08,2.43,2.36,2.33,2.52
2019-04-09,2.42,2.35,2.31,2.51
2019-04-10,2.41,2.31,2.28,2.48
2019-04-11,2.44,2.35,2.31,2.51
2019-04-12,2.44,2.4,2.38,2.56
2019-04-15,2.43,2.4,2.37,2.55
2019-04-16,2.45,2.41,2.41,2.6
2019-04-17,2.44,2.4,2.4,2.59
2019-04-18,2.44,2.38,2.38,2.57
2019-04-19,,,,
2019-04-22,2.46,2.38,2.39,2.59
2019-04-23,2.43,2.36,2.36,2.57
2019-04-24,2.42,2.32,2.32,2.53
2019-04-25,2.42,2.33,2.33,2.54
2019-04-26,2.41,2.28,2.29,2.51
2019-04-29,2.42,2.3,2.32,2.54
2019-04-30,2.39,2.27,2.28,2.51
2019-05-01,2.39,2.31,2.31,2.52
2019-05-02,2.41,2.35,2.34,2.55
2019-05-03,2.41,2.33,2.33,2.54
2019-05-06,2.39,2.31,2.3,2.51
2019-05-07,2.37,2.28,2.25,2.45
2019-05-08,2.37,2.3,2.28,2.49
2019-05-09,2.36,2.26,2.25,2.45
2019-05-10,2.36,2.26,2.26,2.47
2019-05-13,2.32,2.18,2.18,2.4
2019-05-14,2.32,2.2,2.2,2.42
2019-05-15,2.3,2.16,2.15,2.37
2019-05-16,2.33,2.2,2.18,2.4
2019-05-17,2.33,2.2,2.17,2.39
2019-05-20,2.34,2.21,2.21,2.41
2019-05-21,2.36,2.26,2.23,2.43
2019-05-22,2.37,2.23,2.19,2.39
2019-05-23,2.32,2.12,2.11,2.31
2019-05-24,2.33,2.16,2.12,2.32
2019-05-27,,,,
2019-05-28,2.31,2.12,2.06,2.26
2019-05-29,2.3,2.09,2.05,2.25
2019-05-30,2.29,2.06,2.03,2.22
2019-05-31,2.21,1.95,1.93,2.14
2019-06-03,2.11,1.82,1.83,2.07
2019-06-04,2.11,1.88,1.89,2.12
2019-06-05,2.04,1.83,1.86,2.12
2019-06-06,2.02,1.88,1.88,2.12
2019-06-07,1.97,1.85,1.85,2.09
2019-06-10,2.03,1.9,1.91,2.15
2019-06-11,2.05,1.93,1.92,2.15
2019-06-12,2.02,1.88,1.88,2.13
2019-06-13,2,1.83,1.84,2.1
2019-06-14,2,1.84,1.85,2.09
2019-06-17,2.03,1.86,1.85,2.09
2019-06-18,2.04,1.86,1.83,2.06
2019-06-19,1.96,1.74,1.77,2.03
2019-06-20,1.91,1.72,1.74,2.01
2019-06-21,1.95,1.77,1.8,2.07
2019-06-24,1.92,1.72,1.75,2.02
2019-06-25,1.93,1.71,1.73,2
2019-06-26,1.96,1.77,1.8,2.05
2019-06-27,1.93,1.74,1.76,2.01
2019-06-28,1.92,1.75,1.76,2
2019-07-01,1.94,1.78,1.79,2.03
2019-07-02,1.91,1.77,1.75,1.98
2019-07-03,1.91,1.77,1.74,1.96
2019-07-04,,,,
2019-07-05,1.98,1.87,1.84,2.04
2019-07-08,1.99,1.88,1.86,2.05
2019-07-09,2,1.92,1.88,2.07
2019-07-10,1.93,1.82,1.82,2.07
2019-07-11,1.97,1.85,1.88,2.13
2019-07-12,1.96,1.84,1.86,2.12
2019-07-15,1.95,1.83,1.84,2.09
2019-07-16,2,1.87,1.88,2.13
2019-07-17,1.95,1.83,1.83,2.06
2019-07-18,1.9,1.77,1.78,2.04
2019-07-19,1.94,1.8,1.8,2.05
2019-07-22,1.95,1.8,1.8,2.05
2019-07-23,1.97,1.83,1.83,2.08
2019-07-24,1.98,1.83,1.82,2.05
2019-07-25,1.99,1.86,1.85,2.08
2019-07-26,2,1.86,1.85,2.08
2019-07-29,1.98,1.85,1.84,2.06
2019-07-30,1.97,1.85,1.84,2.06
2019-07-31,2,1.89,1.84,2.02
2019-08-01,1.88,1.73,1.68,1.9
2019-08-02,1.85,1.72,1.66,1.86
2019-08-05,1.78,1.59,1.55,1.75
2019-08-06,1.8,1.6,1.53,1.73
2019-08-07,1.75,1.59,1.52,1.71
2019-08-08,1.79,1.62,1.54,1.72
2019-08-09,1.78,1.63,1.57,1.74
2019-08-12,1.75,1.58,1.49,1.65
2019-08-13,1.86,1.66,1.57,1.68
2019-08-14,1.79,1.58,1.51,1.59
2019-08-15,1.72,1.48,1.42,1.52
2019-08-16,1.71,1.48,1.42,1.55
2019-08-19,1.75,1.53,1.47,1.6
2019-08-20,1.72,1.5,1.42,1.55
2019-08-21,1.77,1.56,1.47,1.59
2019-08-22,1.79,1.61,1.5,1.62
2019-08-23,1.73,1.51,1.4,1.52
2019-08-26,1.75,1.54,1.43,1.54
2019-08-27,1.77,1.53,1.4,1.49
2019-08-28,1.74,1.5,1.37,1.47
2019-08-29,1.75,1.53,1.4,1.5
2019-08-30,1.76,1.5,1.39,1.5
2019-09-02,,,,
2019-09-03,1.72,1.47,1.35,1.47
2019-09-04,1.69,1.43,1.32,1.47
2019-09-05,1.73,1.55,1.43,1.57
2019-09-06,1.73,1.53,1.42,1.55
2019-09-09,1.74,1.58,1.49,1.63
2019-09-10,1.81,1.67,1.58,1.72
2019-09-11,1.79,1.68,1.6,1.75
2019-09-12,1.82,1.72,1.65,1.79
2019-09-13,1.88,1.79,1.75,1.9
2019-09-16,1.86,1.74,1.69,1.84
2019-09-17,1.87,1.72,1.66,1.81
2019-09-18,1.87,1.77,1.68,1.8
2019-09-19,1.88,1.74,1.66,1.79
2019-09-20,1.84,1.69,1.61,1.74
2019-09-23,1.81,1.68,1.59,1.72
2019-09-24,1.78,1.6,1.52,1.64
2019-09-25,1.82,1.68,1.6,1.73
2019-09-26,1.79,1.66,1.59,1.7
2019-09-27,1.74,1.63,1.56,1.69
2019-09-30,1.75,1.63,1.55,1.68
2019-10-01,1.73,1.56,1.51,1.65
2019-10-02,1.67,1.48,1.43,1.6
2019-10-03,1.58,1.39,1.34,1.54
2019-10-04,1.58,1.4,1.34,1.52
2019-10-07,1.64,1.46,1.38,1.56
2019-10-08,1.62,1.42,1.36,1.54
2019-10-09,1.59,1.47,1.4,1.59
2019-10-10,1.63,1.53,1.48,1.67
2019-10-11,1.67,1.63,1.59,1.76
2019-10-14,,,,
2019-10-15,1.65,1.61,1.59,1.77
2019-10-16,1.59,1.58,1.57,1.75
2019-10-17,1.59,1.6,1.57,1.76
2019-10-18,1.58,1.58,1.56,1.76
2019-10-21,1.59,1.62,1.61,1.8
2019-10-22,1.59,1.6,1.6,1.78
2019-10-23,1.58,1.58,1.58,1.77
2019-10-24,1.59,1.58,1.58,1.77
2019-10-25,1.6,1.63,1.62,1.8
2019-10-28,1.6,1.64,1.66,1.85
2019-10-29,1.59,1.64,1.66,1.84
2019-10-30,1.59,1.61,1.61,1.78
2019-10-31,1.53,1.52,1.51,1.69
2019-11-01,1.53,1.56,1.55,1.73
2019-11-04,1.56,1.6,1.6,1.79
2019-11-05,1.62,1.63,1.66,1.86
2019-11-06,1.58,1.61,1.63,1.81
2019-11-07,1.58,1.68,1.74,1.92
2019-11-08,1.58,1.68,1.74,1.94
2019-11-11,,,,
2019-11-12,1.58,1.66,1.73,1.92
2019-11-13,1.57,1.63,1.69,1.88
2019-11-14,1.55,1.58,1.63,1.82
2019-11-15,1.54,1.61,1.65,1.84
2019-11-18,1.54,1.6,1.63,1.81
2019-11-19,1.54,1.6,1.63,1.79
2019-11-20,1.54,1.56,1.58,1.73
2019-11-21,1.55,1.6,1.62,1.77
2019-11-22,1.56,1.61,1.62,1.77
2019-11-25,1.58,1.61,1.62,1.76
2019-11-26,1.59,1.58,1.58,1.74
2019-11-27,1.6,1.63,1.63,1.77
2019-11-28,,,,
2019-11-29,1.6,1.61,1.62,1.78
2019-12-02,1.6,1.61,1.65,1.83
2019-12-03,1.57,1.53,1.54,1.72
2019-12-04,1.56,1.58,1.6,1.77
2019-12-05,1.56,1.58,1.62,1.8
2019-12-06,1.57,1.61,1.67,1.84
2019-12-09,1.56,1.63,1.67,1.83
2019-12-10,1.56,1.65,1.68,1.85
2019-12-11,1.55,1.61,1.64,1.79
2019-12-12,1.55,1.66,1.73,1.9
2019-12-13,1.54,1.61,1.66,1.82
2019-12-16,1.54,1.65,1.72,1.89
2019-12-17,1.53,1.63,1.71,1.89
2019-12-18,1.54,1.63,1.74,1.92
2019-12-19,1.52,1.62,1.73,1.92
2019-12-20,1.52,1.63,1.73,1.92
2019-12-23,1.53,1.64,1.75,1.93
2019-12-24,1.53,1.62,1.72,1.9
2019-12-25,,,,
2019-12-26,1.53,1.64,1.72,1.9
2019-12-27,1.51,1.59,1.68,1.88
2019-12-30,1.57,1.58,1.68,1.9
2019-12-31,1.59,1.58,1.69,1.92
2020-01-01,,,,
2020-01-02,1.56,1.58,1.67,1.88
2020-01-03,1.55,1.53,1.59,1.8
2020-01-06,1.54,1.54,1.61,1.81
2020-01-07,1.53,1.54,1.62,1.83
2020-01-08,1.55,1.58,1.67,1.87
2020-01-09,1.54,1.58,1.65,1.85
2020-01-10,1.53,1.56,1.63,1.83
2020-01-13,1.53,1.58,1.65,1.85
2020-01-14,1.53,1.58,1.63,1.82
2020-01-15,1.54,1.56,1.6,1.79
2020-01-16,1.54,1.58,1.63,1.81
2020-01-17,1.56,1.58,1.63,1.84
2020-01-20,,,,
2020-01-21,1.54,1.53,1.57,1.78
2020-01-22,1.55,1.53,1.57,1.77
2020-01-23,1.55,1.51,1.55,1.74
2020-01-24,1.55,1.49,1.51,1.7
2020-01-27,1.53,1.44,1.44,1.61
2020-01-28,1.53,1.45,1.47,1.65
2020-01-29,1.51,1.42,1.41,1.6
2020-01-30,1.48,1.41,1.39,1.57
2020-01-31,1.45,1.33,1.32,1.51
2020-02-03,1.46,1.36,1.35,1.54
2020-02-04,1.48,1.41,1.42,1.61
2020-02-05,1.49,1.44,1.46,1.66
2020-02-06,1.51,1.44,1.45,1.65
2020-02-07,1.49,1.41,1.41,1.59
2020-02-10,1.45,1.37,1.38,1.56
2020-02-11,1.48,1.41,1.4,1.59
2020-02-12,1.49,1.44,1.45,1.62
2020-02-13,1.48,1.44,1.43,1.61
2020-02-14,1.49,1.42,1.42,1.59
2020-02-17,,,,
2020-02-18,1.47,1.41,1.39,1.55
2020-02-19,1.47,1.42,1.41,1.56
2020-02-20,1.46,1.39,1.37,1.52
2020-02-21,1.43,1.34,1.3,1.46
2020-02-24,1.35,1.26,1.21,1.38
2020-02-25,1.3,1.2,1.16,1.33
2020-02-26,1.26,1.16,1.14,1.33
2020-02-27,1.18,1.11,1.11,1.3
2020-02-28,0.97,0.86,0.89,1.13
2020-03-02,0.89,0.84,0.88,1.1
2020-03-03,0.73,0.71,0.77,1.02
2020-03-04,0.59,0.67,0.75,1.02
2020-03-05,0.48,0.59,0.67,0.92
2020-03-06,0.39,0.49,0.58,0.74
2020-03-09,0.31,0.38,0.46,0.54
2020-03-10,0.43,0.5,0.63,0.76
2020-03-11,0.4,0.5,0.66,0.82
2020-03-12,0.39,0.5,0.66,0.88
2020-03-13,0.38,0.49,0.7,0.94
2020-03-16,0.29,0.36,0.49,0.73
2020-03-17,0.3,0.47,0.66,1.02
2020-03-18,0.21,0.54,0.79,1.18
2020-03-19,0.2,0.44,0.66,1.12
2020-03-20,0.15,0.37,0.52,0.92
2020-03-23,0.17,0.28,0.38,0.76
2020-03-24,0.25,0.38,0.52,0.84
2020-03-25,0.19,0.34,0.56,0.88
2020-03-26,0.13,0.3,0.51,0.83
2020-03-27,0.11,0.25,0.41,0.72
2020-03-30,0.14,0.23,0.39,0.7
2020-03-31,0.17,0.23,0.37,0.7
2020-04-01,0.16,0.23,0.37,0.62
2020-04-02,0.14,0.23,0.39,0.63
2020-04-03,0.15,0.23,0.39,0.62
2020-04-06,0.2,0.27,0.44,0.67
2020-04-07,0.2,0.28,0.48,0.75
2020-04-08,0.23,0.27,0.47,0.77
2020-04-09,0.25,0.23,0.41,0.73
2020-04-10,,,,
2020-04-13,0.27,0.25,0.44,0.76
2020-04-14,0.25,0.23,0.42,0.76
2020-04-15,0.19,0.2,0.34,0.63
2020-04-16,0.17,0.2,0.35,0.61
2020-04-17,0.16,0.2,0.36,0.65
2020-04-20,0.15,0.2,0.35,0.63
2020-04-21,0.17,0.2,0.34,0.58
2020-04-22,0.16,0.22,0.37,0.63
2020-04-23,0.17,0.22,0.37,0.61
2020-04-24,0.18,0.22,0.36,0.6
2020-04-27,0.17,0.24,0.41,0.67
2020-04-28,0.16,0.2,0.37,0.62
2020-04-29,0.18,0.2,0.36,0.63
2020-04-30,0.16,0.2,0.36,0.64
2020-05-01,0.17,0.2,0.36,0.64
2020-05-04,0.16,0.19,0.36,0.64
2020-05-05,0.16,0.19,0.36,0.66
2020-05-06,0.16,0.17,0.37,0.72
2020-05-07,0.15,0.13,0.29,0.63
2020-05-08,0.15,0.16,0.33,0.69
2020-05-11,0.16,0.17,0.36,0.73
2020-05-12,0.16,0.17,0.34,0.69
2020-05-13,0.15,0.16,0.31,0.64
2020-05-14,0.15,0.16,0.31,0.63
2020-05-15,0.15,0.16,0.31,0.64
2020-05-18,0.17,0.18,0.38,0.73
2020-05-19,0.16,0.17,0.35,0.7
2020-05-20,0.16,0.16,0.34,0.68
2020-05-21,0.16,0.17,0.35,0.68
2020-05-22,0.17,0.17,0.34,0.66
2020-05-25,,,,
2020-05-26,0.17,0.18,0.35,0.69
2020-05-27,0.18,0.19,0.34,0.68
2020-05-28,0.17,0.17,0.34,0.7
2020-05-29,0.17,0.16,0.3,0.65
2020-06-01,0.17,0.14,0.31,0.66
2020-06-02,0.17,0.17,0.32,0.68
2020-06-03,0.17,0.19,0.38,0.77
2020-06-04,0.17,0.19,0.4,0.82
2020-06-05,0.18,0.22,0.47,0.91
2020-06-08,0.19,0.22,0.45,0.88
2020-06-09,0.19,0.2,0.4,0.84
2020-06-10,0.18,0.17,0.33,0.75
2020-06-11,0.19,0.19,0.32,0.66
2020-06-12,0.18,0.19,0.33,0.71
2020-06-15,0.17,0.19,0.33,0.71
2020-06-16,0.18,0.21,0.34,0.75
2020-06-17,0.19,0.19,0.34,0.74
2020-06-18,0.19,0.19,0.34,0.71
2020-06-19,0.18,0.19,0.33,0.7
2020-06-22,0.17,0.19,0.34,0.71
2020-06-23,0.18,0.18,0.33,0.72
2020-06-24,0.17,0.19,0.33,0.69
2020-06-25,0.17,0.17,0.32,0.68
2020-06-26,0.17,0.17,0.3,0.64
2020-06-29,0.16,0.16,0.28,0.64
2020-06-30,0.16,0.16,0.29,0.66
2020-07-01,0.16,0.17,0.31,0.69
2020-07-02,0.16,0.16,0.29,0.68
2020-07-03,,,,
2020-07-06,0.16,0.16,0.31,0.69
2020-07-07,0.15,0.16,0.29,0.65
2020-07-08,0.15,0.16,0.3,0.67
2020-07-09,0.15,0.16,0.28,0.62
2020-07-10,0.15,0.16,0.3,0.65
2020-07-13,0.16,0.16,0.3,0.64
2020-07-14,0.17,0.14,0.28,0.63
2020-07-15,0.15,0.16,0.28,0.64
2020-07-16,0.14,0.16,0.28,0.62
2020-07-17,0.14,0.14,0.29,0.64
2020-07-20,0.14,0.16,0.29,0.62
2020-07-21,0.15,0.14,0.27,0.61
2020-07-22,0.14,0.14,0.27,0.6
2020-07-23,0.14,0.16,0.27,0.59
2020-07-24,0.16,0.14,0.27,0.59
2020-07-27,0.14,0.15,0.3,0.62
2020-07-28,0.14,0.14,0.26,0.59
2020-07-29,0.13,0.12,0.25,0.58
2020-07-30,0.11,0.11,0.23,0.55
2020-07-31,0.11,0.11,0.21,0.55
2020-08-03,0.12,0.11,0.22,0.56
2020-08-04,0.14,0.11,0.19,0.52
2020-08-05,0.12,0.11,0.22,0.55
2020-08-06,0.14,0.11,0.21,0.55
2020-08-07,0.14,0.13,0.23,0.57
2020-08-10,0.13,0.14,0.24,0.59
2020-08-11,0.15,0.16,0.27,0.64
2020-08-12,0.13,0.16,0.3,0.69
2020-08-13,0.14,0.16,0.32,0.71
2020-08-14,0.13,0.14,0.29,0.71
2020-08-17,0.13,0.14,0.29,0.69
2020-08-18,0.13,0.14,0.27,0.67
2020-08-19,0.13,0.14,0.29,0.68
2020-08-20,0.12,0.13,0.26,0.65
2020-08-21,0.13,0.16,0.27,0.64
2020-08-24,0.14,0.14,0.28,0.65
2020-08-25,0.13,0.15,0.3,0.69
2020-08-26,0.12,0.16,0.28,0.69
2020-08-27,0.13,0.16,0.31,0.74
2020-08-28,0.12,0.14,0.28,0.74
2020-08-31,0.12,0.14,0.28,0.72
2020-09-01,0.12,0.13,0.26,0.68
2020-09-02,0.13,0.14,0.26,0.66
2020-09-03,0.12,0.13,0.24,0.63
2020-09-04,0.13,0.14,0.3,0.72
2020-09-07,,,,
2020-09-08,0.15,0.14,0.28,0.69
2020-09-09,0.14,0.14,0.28,0.71
2020-09-10,0.15,0.14,0.26,0.68
2020-09-11,0.13,0.13,0.26,0.67
2020-09-14,0.14,0.14,0.27,0.68
2020-09-15,0.13,0.14,0.27,0.68
2020-09-16,0.12,0.14,0.28,0.69
2020-09-17,0.12,0.13,0.28,0.69
2020-09-18,0.13,0.14,0.29,0.7
2020-09-21,0.12,0.14,0.27,0.68
2020-09-22,0.12,0.13,0.27,0.68
2020-09-23,0.13,0.14,0.28,0.68
2020-09-24,0.12,0.14,0.27,0.67
2020-09-25,0.12,0.12,0.26,0.66
2020-09-28,0.12,0.14,0.26,0.67
2020-09-29,0.12,0.11,0.24,0.66
2020-09-30,0.12,0.13,0.28,0.69
2020-10-01,0.12,0.14,0.27,0.68
2020-10-02,0.12,0.13,0.28,0.7
2020-10-05,0.12,0.14,0.33,0.78
2020-10-06,0.14,0.14,0.32,0.76
2020-10-07,0.13,0.16,0.35,0.81
2020-10-08,0.13,0.13,0.33,0.78
2020-10-09,0.15,0.16,0.34,0.79
2020-10-12,,,,
2020-10-13,0.13,0.16,0.31,0.74
2020-10-14,0.13,0.14,0.3,0.73
2020-10-15,0.12,0.14,0.32,0.74
2020-10-16,0.12,0.14,0.32,0.76
2020-10-19,0.13,0.16,0.34,0.78
2020-10-20,0.13,0.14,0.34,0.81
2020-10-21,0.13,0.14,0.36,0.83
2020-10-22,0.13,0.16,0.38,0.87
2020-10-23,0.12,0.18,0.37,0.85
2020-10-26,0.12,0.16,0.35,0.81
2020-10-27,0.12,0.16,0.34,0.79
2020-10-28,0.12,0.16,0.34,0.79
2020-10-29,0.12,0.16,0.38,0.85
2020-10-30,0.13,0.14,0.38,0.88
2020-11-02,0.13,0.16,0.38,0.87
2020-11-03,0.14,0.17,0.39,0.9
2020-11-04,0.12,0.14,0.33,0.78
2020-11-05,0.12,0.14,0.33,0.79
2020-11-06,0.12,0.16,0.36,0.83
2020-11-09,0.12,0.17,0.44,0.96
2020-11-10,0.12,0.19,0.46,0.98
2020-11-11,,,,
2020-11-12,0.13,0.17,0.4,0.88
2020-11-13,0.12,0.17,0.41,0.89
2020-11-16,0.12,0.19,0.41,0.91
2020-11-17,0.12,0.18,0.39,0.87
2020-11-18,0.11,0.16,0.4,0.88
2020-11-19,0.11,0.18,0.39,0.86
2020-11-20,0.11,0.16,0.38,0.83
2020-11-23,0.1,0.16,0.39,0.86
2020-11-24,0.11,0.16,0.39,0.88
2020-11-25,0.11,0.17,0.39,0.88
2020-11-26,,,,
2020-11-27,0.11,0.16,0.37,0.84
2020-11-30,0.11,0.16,0.36,0.84
2020-12-01,0.12,0.17,0.42,0.92
2020-12-02,0.11,0.16,0.42,0.95
2020-12-03,0.1,0.16,0.4,0.92
2020-12-04,0.11,0.16,0.42,0.97
2020-12-07,0.1,0.14,0.4,0.94
2020-12-08,0.1,0.14,0.39,0.92
2020-12-09,0.1,0.16,0.41,0.95
2020-12-10,0.1,0.14,0.39,0.92
2020-12-11,0.1,0.11,0.37,0.9
2020-12-14,0.1,0.13,0.37,0.9
2020-12-15,0.09,0.11,0.37,0.92
2020-12-16,0.09,0.13,0.37,0.92
2020-12-17,0.09,0.13,0.38,0.94
2020-12-18,0.09,0.13,0.39,0.95
2020-12-21,0.09,0.13,0.39,0.95
2020-12-22,0.09,0.13,0.37,0.93
2020-12-23,0.09,0.13,0.38,0.96
2020-12-24,0.1,0.13,0.37,0.94
2020-12-25,,,,
2020-12-28,0.11,0.13,0.38,0.94
2020-12-29,0.11,0.12,0.37,0.94
2020-12-30,0.12,0.12,0.37,0.93
2020-12-31,0.1,0.13,0.36,0.93
2021-01-01,,,,
2021-01-04,0.1,0.11,0.36,0.93
2021-01-05,0.1,0.13,0.38,0.96
2021-01-06,0.11,0.14,0.43,1.04
2021-01-07,0.11,0.14,0.46,1.08
2021-01-08,0.1,0.14,0.49,1.13
2021-01-11,0.1,0.14,0.5,1.15
2021-01-12,0.11,0.14,0.5,1.15
2021-01-13,0.12,0.14,0.48,1.1
2021-01-14,0.1,0.16,0.49,1.15
2021-01-15,0.1,0.13,0.46,1.11
2021-01-18,,,,
2021-01-19,0.1,0.14,0.45,1.1
2021-01-20,0.1,0.13,0.45,1.1
2021-01-21,0.1,0.13,0.45,1.12
2021-01-22,0.1,0.13,0.44,1.1
2021-01-25,0.1,0.13,0.42,1.05
2021-01-26,0.09,0.11,0.42,1.05
2021-01-27,0.09,0.12,0.41,1.04
2021-01-28,0.08,0.12,0.42,1.07
2021-01-29,0.1,0.11,0.45,1.11
2021-02-01,0.08,0.11,0.42,1.09
2021-02-02,0.08,0.11,0.45,1.12
2021-02-03,0.08,0.11,0.46,1.15
2021-02-04,0.07,0.11,0.46,1.15
2021-02-05,0.06,0.09,0.47,1.19
2021-02-08,0.07,0.11,0.48,1.19
2021-02-09,0.07,0.11,0.48,1.18
2021-02-10,0.07,0.11,0.46,1.15
2021-02-11,0.07,0.11,0.46,1.16
2021-02-12,0.06,0.11,0.5,1.2
2021-02-15,,,,
2021-02-16,0.08,0.13,0.57,1.3
2021-02-17,0.07,0.11,0.57,1.29
2021-02-18,0.06,0.11,0.56,1.29
2021-02-19,0.07,0.11,0.59,1.34
2021-02-22,0.06,0.11,0.61,1.37
2021-02-23,0.08,0.11,0.59,1.37
2021-02-24,0.08,0.12,0.62,1.38
2021-02-25,0.09,0.17,0.81,1.54
2021-02-26,0.08,0.14,0.75,1.44
2021-03-01,0.08,0.13,0.71,1.45
2021-03-02,0.08,0.13,0.67,1.42
2021-03-03,0.08,0.14,0.73,1.47
2021-03-04,0.08,0.14,0.77,1.54
2021-03-05,0.08,0.14,0.79,1.56
2021-03-08,0.09,0.17,0.86,1.59
2021-03-09,0.1,0.17,0.83,1.55
2021-03-10,0.08,0.16,0.8,1.53
2021-03-11,0.08,0.14,0.78,1.54
2021-03-12,0.09,0.14,0.85,1.64
2021-03-15,0.08,0.14,0.84,1.62
2021-03-16,0.07,0.15,0.83,1.62
2021-03-17,0.07,0.13,0.8,1.63
2021-03-18,0.08,0.16,0.86,1.71
2021-03-19,0.07,0.16,0.9,1.74
2021-03-22,0.06,0.15,0.87,1.69
2021-03-23,0.08,0.15,0.83,1.63
2021-03-24,0.07,0.14,0.83,1.62
2021-03-25,0.07,0.14,0.82,1.63
2021-03-26,0.06,0.14,0.85,1.67
2021-03-29,0.06,0.14,0.89,1.73
2021-03-30,0.06,0.16,0.9,1.73
2021-03-31,0.07,0.16,0.92,1.74
2021-04-01,0.06,0.17,0.9,1.69
2021-04-02,0.07,0.19,0.97,1.72
2021-04-05,0.06,0.17,0.94,1.73
2021-04-06,0.06,0.16,0.88,1.67
2021-04-07,0.06,0.16,0.87,1.68
2021-04-08,0.05,0.14,0.85,1.64
2021-04-09,0.06,0.16,0.87,1.67
2021-04-12,0.06,0.18,0.89,1.69
2021-04-13,0.06,0.16,0.85,1.64
2021-04-14,0.06,0.16,0.87,1.64
2021-04-15,0.06,0.16,0.81,1.56
2021-04-16,0.06,0.16,0.84,1.59
2021-04-19,0.08,0.16,0.85,1.61
2021-04-20,0.07,0.15,0.81,1.58
2021-04-21,0.07,0.15,0.81,1.57
2021-04-22,0.06,0.16,0.81,1.57
2021-04-23,0.07,0.16,0.83,1.58
2021-04-26,0.06,0.18,0.85,1.58
2021-04-27,0.06,0.17,0.88,1.63
2021-04-28,0.05,0.17,0.86,1.63
2021-04-29,0.05,0.16,0.86,1.65
2021-04-30,0.05,0.16,0.86,1.65
2021-05-03,0.06,0.16,0.84,1.63
2021-05-04,0.06,0.16,0.82,1.61
2021-05-05,0.06,0.16,0.8,1.59
2021-05-06,0.05,0.16,0.81,1.58
2021-05-07,0.05,0.14,0.77,1.6
2021-05-10,0.05,0.16,0.8,1.63
2021-05-11,0.05,0.16,0.8,1.64
2021-05-12,0.05,0.16,0.87,1.69
2021-05-13,0.05,0.16,0.84,1.66
2021-05-14,0.06,0.16,0.82,1.63
2021-05-17,0.06,0.16,0.84,1.64
2021-05-18,0.06,0.16,0.83,1.64
2021-05-19,0.05,0.16,0.87,1.68
2021-05-20,0.05,0.15,0.83,1.63
2021-05-21,0.04,0.17,0.84,1.63
2021-05-24,0.04,0.15,0.82,1.61
2021-05-25,0.04,0.15,0.79,1.56
2021-05-26,0.04,0.14,0.8,1.58
2021-05-27,0.04,0.14,0.81,1.61
2021-05-28,0.05,0.14,0.79,1.58
2021-05-31,,,,
2021-06-01,0.04,0.16,0.81,1.62
2021-06-02,0.05,0.13,0.8,1.59
2021-06-03,0.04,0.16,0.84,1.63
2021-06-04,0.05,0.14,0.78,1.56
2021-06-07,0.05,0.16,0.79,1.57
2021-06-08,0.05,0.14,0.77,1.53
2021-06-09,0.05,0.16,0.75,1.5
2021-06-10,0.05,0.14,0.73,1.45
2021-06-11,0.05,0.16,0.76,1.47
2021-06-14,0.05,0.16,0.8,1.51
2021-06-15,0.08,0.16,0.79,1.51
2021-06-16,0.08,0.21,0.89,1.57
2021-06-17,0.08,0.23,0.9,1.52
2021-06-18,0.09,0.26,0.89,1.45
2021-06-21,0.09,0.27,0.9,1.5
2021-06-22,0.09,0.25,0.87,1.48
2021-06-23,0.08,0.26,0.9,1.5
2021-06-24,0.08,0.26,0.9,1.49
2021-06-25,0.09,0.28,0.92,1.54
2021-06-28,0.08,0.25,0.9,1.49
2021-06-29,0.08,0.27,0.89,1.49
2021-06-30,0.07,0.25,0.87,1.45
2021-07-01,0.09,0.25,0.89,1.48
2021-07-02,0.08,0.24,0.86,1.44
2021-07-05,,,,
2021-07-06,0.07,0.22,0.81,1.37
2021-07-07,0.08,0.22,0.79,1.33
2021-07-08,0.07,0.19,0.74,1.3
2021-07-09,0.08,0.23,0.79,1.37
2021-07-12,0.08,0.23,0.81,1.38
2021-07-13,0.08,0.26,0.85,1.42
2021-07-14,0.08,0.23,0.8,1.37
2021-07-15,0.07,0.23,0.78,1.31
2021-07-16,0.08,0.25,0.79,1.31
2021-07-19,0.07,0.21,0.7,1.19
2021-07-20,0.08,0.2,0.69,1.23
2021-07-21,0.07,0.22,0.74,1.3
2021-07-22,0.07,0.2,0.71,1.27
2021-07-23,0.07,0.22,0.72,1.3
2021-07-26,0.08,0.22,0.73,1.29
2021-07-27,0.07,0.2,0.71,1.25
2021-07-28,0.07,0.2,0.72,1.26
2021-07-29,0.08,0.2,0.73,1.28
2021-07-30,0.07,0.19,0.69,1.24
2021-08-02,0.07,0.17,0.66,1.2
2021-08-03,0.07,0.17,0.65,1.19
2021-08-04,0.07,0.17,0.67,1.19
2021-08-05,0.08,0.21,0.72,1.23
2021-08-06,0.09,0.21,0.77,1.31
2021-08-09,0.08,0.23,0.79,1.33
2021-08-10,0.08,0.24,0.82,1.36
2021-08-11,0.08,0.23,0.81,1.35
2021-08-12,0.09,0.23,0.83,1.36
2021-08-13,0.08,0.23,0.79,1.29
2021-08-16,0.08,0.21,0.75,1.26
2021-08-17,0.07,0.23,0.77,1.26
2021-08-18,0.07,0.23,0.79,1.27
2021-08-19,0.06,0.22,0.78,1.24
2021-08-20,0.06,0.23,0.8,1.26
2021-08-23,0.07,0.23,0.78,1.25
2021-08-24,0.06,0.24,0.8,1.29
2021-08-25,0.07,0.23,0.84,1.35
2021-08-26,0.07,0.25,0.84,1.34
2021-08-27,0.07,0.22,0.79,1.31
2021-08-30,0.08,0.2,0.77,1.29
2021-08-31,0.07,0.2,0.77,1.3
2021-09-01,0.07,0.2,0.78,1.31
2021-09-02,0.07,0.2,0.78,1.29
2021-09-03,0.08,0.21,0.78,1.33
2021-09-06,,,,
2021-09-07,0.08,0.22,0.82,1.38
2021-09-08,0.08,0.22,0.81,1.35
2021-09-09,0.07,0.23,0.79,1.3
2021-09-10,0.08,0.23,0.82,1.35
2021-09-13,0.07,0.21,0.81,1.33
2021-09-14,0.07,0.21,0.79,1.28
2021-09-15,0.07,0.21,0.81,1.31
2021-09-16,0.07,0.23,0.84,1.34
2021-09-17,0.07,0.23,0.88,1.37
2021-09-20,0.07,0.23,0.83,1.31
2021-09-21,0.07,0.22,0.84,1.33
2021-09-22,0.08,0.25,0.86,1.32
2021-09-23,0.08,0.27,0.94,1.41
2021-09-24,0.08,0.29,0.97,1.47
2021-09-27,0.09,0.31,0.98,1.48
2021-09-28,0.09,0.31,1.02,1.54
2021-09-29,0.09,0.3,1.01,1.55
2021-09-30,0.09,0.28,0.98,1.52
2021-10-01,0.09,0.27,0.93,1.48
2021-10-04,0.09,0.27,0.95,1.49
2021-10-05,0.09,0.28,0.98,1.54
2021-10-06,0.1,0.3,0.99,1.53
2021-10-07,0.1,0.32,1.02,1.58
2021-10-08,0.09,0.32,1.05,1.61
2021-10-11,,,,
2021-10-12,0.1,0.35,1.08,1.59
2021-10-13,0.11,0.37,1.09,1.56
2021-10-14,0.1,0.36,1.05,1.52
2021-10-15,0.12,0.41,1.13,1.59
2021-10-18,0.11,0.44,1.16,1.59
2021-10-19,0.11,0.41,1.17,1.65
2021-10-20,0.1,0.4,1.16,1.65
2021-10-21,0.12,0.45,1.23,1.68
2021-10-22,0.13,0.48,1.22,1.66
2021-10-25,0.14,0.47,1.19,1.64
2021-10-26,0.14,0.47,1.2,1.63
2021-10-27,0.12,0.5,1.16,1.54
2021-10-28,0.15,0.5,1.18,1.57
2021-10-29,0.15,0.48,1.18,1.55
2021-11-01,0.15,0.5,1.2,1.58
2021-11-02,0.15,0.46,1.15,1.56
2021-11-03,0.17,0.47,1.19,1.6
2021-11-04,0.14,0.41,1.1,1.53
2021-11-05,0.14,0.39,1.04,1.45
2021-11-08,0.16,0.45,1.13,1.51
2021-11-09,0.14,0.41,1.08,1.46
2021-11-10,0.17,0.51,1.23,1.56
2021-11-11,,,,
2021-11-12,0.17,0.53,1.24,1.58
2021-11-15,0.18,0.53,1.26,1.63
2021-11-16,0.17,0.54,1.27,1.63
2021-11-17,0.18,0.52,1.24,1.6
2021-11-18,0.18,0.52,1.22,1.59
2021-11-19,0.18,0.52,1.22,1.54
2021-11-22,0.2,0.63,1.33,1.63
2021-11-23,0.21,0.6,1.33,1.67
2021-11-24,0.24,0.64,1.34,1.64
2021-11-25,,,,
2021-11-26,0.2,0.5,1.16,1.48
2021-11-29,0.21,0.51,1.18,1.52
2021-11-30,0.24,0.52,1.14,1.43
2021-12-01,0.25,0.56,1.15,1.43
2021-12-02,0.27,0.63,1.21,1.44
2021-12-03,0.26,0.6,1.13,1.35
2021-12-06,0.28,0.65,1.21,1.43
2021-12-07,0.31,0.7,1.26,1.48
2021-12-08,0.29,0.68,1.27,1.52
2021-12-09,0.28,0.7,1.26,1.49
2021-12-10,0.27,0.67,1.25,1.48
2021-12-13,0.27,0.66,1.21,1.42
2021-12-14,0.26,0.67,1.23,1.44
2021-12-15,0.29,0.69,1.26,1.47
2021-12-16,0.26,0.64,1.19,1.44
2021-12-17,0.27,0.66,1.18,1.41
2021-12-20,0.27,0.65,1.17,1.43
2021-12-21,0.29,0.7,1.24,1.48
2021-12-22,0.28,0.68,1.23,1.46
2021-12-23,0.31,0.71,1.25,1.5
2021-12-24,,,,
2021-12-27,0.33,0.76,1.26,1.48
2021-12-28,0.39,0.74,1.27,1.49
2021-12-29,0.38,0.75,1.29,1.55
2021-12-30,0.38,0.73,1.27,1.52
2021-12-31,0.39,0.73,1.26,1.52
2022-01-03,0.4,0.78,1.37,1.63
2022-01-04,0.38,0.77,1.37,1.66
2022-01-05,0.41,0.83,1.43,1.71
2022-01-06,0.45,0.88,1.47,1.73
2022-01-07,0.43,0.87,1.5,1.76
2022-01-10,0.46,0.92,1.53,1.78
2022-01-11,0.46,0.9,1.51,1.75
2022-01-12,0.48,0.92,1.5,1.74
2022-01-13,0.47,0.91,1.47,1.7
2022-01-14,0.51,0.99,1.55,1.78
2022-01-17,,,,
2022-01-18,0.58,1.06,1.65,1.87
2022-01-19,0.57,1.04,1.62,1.83
2022-01-20,0.6,1.08,1.62,1.83
2022-01-21,0.58,1.01,1.54,1.75
2022-01-24,0.58,0.99,1.53,1.75
2022-01-25,0.65,1.02,1.56,1.78
2022-01-26,0.7,1.13,1.66,1.85
2022-01-27,0.75,1.18,1.66,1.81
2022-01-28,0.75,1.15,1.61,1.78
2022-01-31,0.78,1.18,1.62,1.79
2022-02-01,0.78,1.18,1.63,1.81
2022-02-02,0.76,1.16,1.6,1.78
2022-02-03,0.78,1.19,1.66,1.82
2022-02-04,0.89,1.31,1.78,1.93
2022-02-07,0.88,1.3,1.76,1.92
2022-02-08,0.91,1.35,1.81,1.96
2022-02-09,0.91,1.36,1.82,1.94
2022-02-10,1.14,1.61,1.96,2.03
2022-02-11,1.07,1.5,1.84,1.92
2022-02-14,1.13,1.58,1.9,1.98
2022-02-15,1.11,1.58,1.94,2.05
2022-02-16,1.09,1.52,1.9,2.03
2022-02-17,1.05,1.49,1.85,1.97
2022-02-18,1.03,1.47,1.82,1.92
2022-02-21,,,,
2022-02-22,1.17,1.56,1.85,1.94
2022-02-23,1.16,1.58,1.89,1.99
2022-02-24,1.08,1.54,1.84,1.96
2022-02-25,1.13,1.55,1.86,1.97
2022-02-28,1.01,1.44,1.71,1.83
2022-03-01,0.91,1.31,1.56,1.72
2022-03-02,1.06,1.5,1.74,1.86
2022-03-03,1.08,1.53,1.74,1.86
2022-03-04,1.05,1.5,1.65,1.74
2022-03-07,1.07,1.55,1.71,1.78
2022-03-08,1.12,1.63,1.8,1.86
2022-03-09,1.15,1.68,1.87,1.94
2022-03-10,1.19,1.72,1.92,1.98
2022-03-11,1.22,1.75,1.96,2
2022-03-14,1.28,1.87,2.1,2.14
2022-03-15,1.28,1.85,2.1,2.15
2022-03-16,1.35,1.95,2.18,2.19
2022-03-17,1.3,1.94,2.17,2.2
2022-03-18,1.29,1.97,2.14,2.14
2022-03-21,1.4,2.14,2.33,2.32
2022-03-22,1.59,2.18,2.39,2.38
2022-03-23,1.52,2.13,2.34,2.32
2022-03-24,1.55,2.13,2.37,2.34
2022-03-25,1.67,2.3,2.55,2.48
2022-03-28,1.69,2.35,2.54,2.46
2022-03-29,1.67,2.35,2.49,2.41
2022-03-30,1.64,2.31,2.44,2.35
2022-03-31,1.63,2.28,2.42,2.32
2022-04-01,1.72,2.44,2.55,2.39
2022-04-04,1.72,2.43,2.56,2.42
2022-04-05,1.77,2.51,2.69,2.54
2022-04-06,1.79,2.5,2.7,2.61
2022-04-07,1.78,2.47,2.7,2.66
2022-04-08,1.81,2.53,2.76,2.72
2022-04-11,1.85,2.5,2.79,2.79
2022-04-12,1.77,2.39,2.66,2.72
2022-04-13,1.78,2.37,2.66,2.7
2022-04-14,1.84,2.47,2.79,2.83
2022-04-15,,,,
2022-04-18,1.84,2.46,2.79,2.85
2022-04-19,1.94,2.61,2.91,2.93
2022-04-20,1.93,2.6,2.87,2.85
2022-04-21,2.01,2.68,2.96,2.9
2022-04-22,2.06,2.72,2.94,2.9
2022-04-25,2.03,2.63,2.84,2.81
2022-04-26,1.99,2.54,2.79,2.77
2022-04-27,1.97,2.58,2.81,2.82
2022-04-28,2.04,2.63,2.86,2.85
2022-04-29,2.1,2.7,2.92,2.89
2022-05-02,2.1,2.73,3.01,2.99
2022-05-03,2.16,2.78,3.01,2.97
2022-05-04,2.07,2.66,2.93,2.93
2022-05-05,2.08,2.71,3.01,3.05
2022-05-06,2.08,2.72,3.06,3.12
2022-05-09,1.99,2.61,2.95,3.05
2022-05-10,2.01,2.62,2.91,2.99
2022-05-11,1.99,2.66,2.89,2.91
2022-05-12,1.96,2.56,2.81,2.84
2022-05-13,2.04,2.61,2.89,2.93
2022-05-16,2.07,2.58,2.83,2.88
2022-05-17,2.16,2.71,2.96,2.98
2022-05-18,2.16,2.68,2.89,2.89
2022-05-19,2.11,2.63,2.84,2.84
2022-05-20,2.07,2.6,2.8,2.78
2022-05-23,2.09,2.65,2.88,2.86
2022-05-24,2.02,2.5,2.76,2.76
2022-05-25,2.01,2.48,2.71,2.75
2022-05-26,1.99,2.46,2.7,2.75
2022-05-27,2.01,2.47,2.71,2.74
2022-05-30,,,,
2022-05-31,2.08,2.53,2.81,2.85
2022-06-01,2.16,2.66,2.94,2.94
2022-06-02,2.15,2.65,2.92,2.92
2022-06-03,2.18,2.66,2.95,2.96
2022-06-06,2.23,2.73,3.03,3.04
2022-06-07,2.26,2.75,2.99,2.98
2022-06-08,2.29,2.78,3.03,3.03
2022-06-09,2.35,2.83,3.07,3.04
2022-06-10,2.58,3.06,3.25,3.15
2022-06-13,2.89,3.4,3.56,3.43
2022-06-14,3.15,3.45,3.61,3.49
2022-06-15,2.93,3.2,3.38,3.33
2022-06-16,2.88,3.14,3.35,3.28
2022-06-17,2.86,3.17,3.34,3.25
2022-06-20,,,,
2022-06-21,2.92,3.21,3.38,3.31
2022-06-22,2.79,3.06,3.22,3.16
2022-06-23,2.78,3.01,3.14,3.09
2022-06-24,2.83,3.04,3.18,3.13
2022-06-27,2.89,3.08,3.24,3.2
2022-06-28,2.88,3.1,3.25,3.2
2022-06-29,2.88,3.06,3.15,3.1
2022-06-30,2.8,2.92,3.01,2.98
2022-07-01,2.79,2.84,2.88,2.88
2022-07-04,,,,
2022-07-05,2.77,2.82,2.82,2.82
2022-07-06,2.82,2.97,2.96,2.93
2022-07-07,2.87,3.03,3.05,3.01
2022-07-08,2.96,3.12,3.13,3.09
2022-07-11,2.97,3.07,3.05,2.99
2022-07-12,3.07,3.03,3.01,2.96
2022-07-13,3.21,3.13,3.02,2.91
2022-07-14,3.16,3.15,3.06,2.96
2022-07-15,3.12,3.13,3.05,2.93
2022-07-18,3.13,3.15,3.06,2.96
2022-07-19,3.18,3.23,3.14,3.01
2022-07-20,3.18,3.25,3.18,3.04
2022-07-21,3.11,3.1,3,2.91
2022-07-22,3.01,2.98,2.87,2.77
2022-07-25,3.07,3,2.89,2.81
2022-07-26,3.06,3.02,2.89,2.81
2022-07-27,3,2.96,2.82,2.78
2022-07-28,2.93,2.85,2.69,2.68
2022-07-29,2.98,2.89,2.7,2.67
2022-08-01,2.98,2.9,2.66,2.6
2022-08-02,3.09,3.06,2.85,2.75
2022-08-03,3.14,3.1,2.86,2.73
2022-08-04,3.11,3.03,2.76,2.68
2022-08-05,3.29,3.24,2.97,2.83
2022-08-08,3.3,3.21,2.91,2.77
2022-08-09,3.33,3.28,2.97,2.8
2022-08-10,3.26,3.23,2.93,2.78
2022-08-11,3.25,3.23,2.98,2.87
2022-08-12,3.26,3.25,2.97,2.84
2022-08-15,3.23,3.2,2.91,2.79
2022-08-16,3.26,3.25,2.95,2.82
2022-08-17,3.27,3.28,3.04,2.89
2022-08-18,3.24,3.22,3.02,2.88
2022-08-19,3.26,3.25,3.11,2.98
2022-08-22,3.32,3.32,3.17,3.03
2022-08-23,3.29,3.29,3.18,3.05
2022-08-24,3.35,3.36,3.2,3.11
2022-08-25,3.33,3.35,3.15,3.03
2022-08-26,3.36,3.37,3.2,3.04
2022-08-29,3.43,3.42,3.27,3.12
2022-08-30,3.48,3.46,3.27,3.11
2022-08-31,3.5,3.45,3.3,3.15
2022-09-01,3.51,3.51,3.39,3.26
2022-09-02,3.47,3.4,3.3,3.2
2022-09-05,,,,
2022-09-06,3.61,3.5,3.43,3.33
2022-09-07,3.6,3.45,3.37,3.27
2022-09-08,3.6,3.48,3.39,3.29
2022-09-09,3.67,3.56,3.45,3.33
2022-09-12,3.7,3.58,3.47,3.37
2022-09-13,3.92,3.75,3.58,3.42
2022-09-14,3.95,3.78,3.6,3.41
2022-09-15,4,3.87,3.66,3.45
2022-09-16,3.96,3.85,3.62,3.45
2022-09-19,4.05,3.95,3.69,3.49
2022-09-20,4.03,3.96,3.75,3.57
2022-09-21,4.08,4.02,3.74,3.51
2022-09-22,4.08,4.11,3.91,3.7
2022-09-23,4.15,4.2,3.96,3.69
2022-09-26,4.17,4.27,4.15,3.88
2022-09-27,4.16,4.3,4.21,3.97
2022-09-28,3.99,4.07,3.92,3.72
2022-09-29,3.98,4.16,3.98,3.76
2022-09-30,4.05,4.22,4.06,3.83
2022-10-03,4.01,4.12,3.9,3.67
2022-10-04,4.15,4.1,3.84,3.62
2022-10-05,4.14,4.15,3.96,3.76
2022-10-06,4.19,4.23,4.05,3.83
2022-10-07,4.24,4.3,4.14,3.89
2022-10-10,,,,
2022-10-11,4.28,4.3,4.14,3.93
2022-10-12,4.28,4.28,4.12,3.91
2022-10-13,4.46,4.47,4.21,3.97
2022-10-14,4.5,4.48,4.25,4
2022-10-17,4.5,4.45,4.24,4.02
2022-10-18,4.5,4.43,4.21,4.01
2022-10-19,4.6,4.55,4.35,4.14
2022-10-20,4.66,4.62,4.45,4.24
2022-10-21,4.58,4.49,4.34,4.21
2022-10-24,4.61,4.5,4.36,4.25
2022-10-25,4.6,4.42,4.25,4.1
2022-10-26,4.54,4.39,4.2,4.04
2022-10-27,4.5,4.3,4.09,3.96
2022-10-28,4.55,4.41,4.19,4.02
2022-10-31,4.66,4.51,4.27,4.1
2022-11-01,4.75,4.54,4.27,4.07
2022-11-02,4.76,4.61,4.3,4.1
2022-11-03,4.78,4.71,4.36,4.14
2022-11-04,4.76,4.66,4.33,4.17
2022-11-07,4.8,4.72,4.39,4.22
2022-11-08,4.77,4.67,4.31,4.14
2022-11-09,4.75,4.61,4.27,4.12
2022-11-10,4.59,4.34,3.95,3.82
2022-11-11,,,,
2022-11-14,4.63,4.4,4,3.88
2022-11-15,4.6,4.37,3.93,3.8
2022-11-16,4.62,4.35,3.83,3.67
2022-11-17,4.68,4.43,3.93,3.77
2022-11-18,4.74,4.51,3.99,3.82
2022-11-21,4.75,4.48,3.97,3.83
2022-11-22,4.79,4.47,3.93,3.76
2022-11-23,4.75,4.46,3.88,3.71
2022-11-24,,,,
2022-11-25,4.76,4.42,3.85,3.68
2022-11-28,4.76,4.46,3.88,3.69
2022-11-29,4.78,4.48,3.92,3.75
2022-11-30,4.74,4.38,3.82,3.68
2022-12-01,4.66,4.25,3.68,3.53
2022-12-02,4.69,4.28,3.67,3.51
2022-12-05,4.77,4.41,3.8,3.6
2022-12-06,4.73,4.34,3.73,3.51
2022-12-07,4.67,4.26,3.62,3.42
2022-12-08,4.71,4.31,3.71,3.48
2022-12-09,4.72,4.33,3.75,3.57
2022-12-12,4.75,4.39,3.8,3.61
2022-12-13,4.64,4.22,3.66,3.51
2022-12-14,4.64,4.23,3.64,3.49
2022-12-15,4.65,4.23,3.62,3.44
2022-12-16,4.61,4.17,3.61,3.48
2022-12-19,4.64,4.25,3.7,3.57
2022-12-20,4.64,4.25,3.79,3.69
2022-12-21,4.6,4.21,3.78,3.68
2022-12-22,4.64,4.24,3.79,3.67
2022-12-23,4.66,4.31,3.86,3.75
2022-12-26,,,,
2022-12-27,4.75,4.32,3.94,3.84
2022-12-28,4.71,4.31,3.97,3.88
2022-12-29,4.71,4.34,3.94,3.83
2022-12-30,4.73,4.41,3.99,3.88
2023-01-02,,,,
2023-01-03,4.72,4.4,3.94,3.79
2023-01-04,4.71,4.36,3.85,3.69
2023-01-05,4.78,4.45,3.9,3.71
2023-01-06,4.71,4.24,3.69,3.55
2023-01-09,4.69,4.19,3.66,3.53
2023-01-10,4.74,4.24,3.72,3.61
2023-01-11,4.73,4.2,3.66,3.54
2023-01-12,4.66,4.12,3.53,3.43
2023-01-13,4.69,4.22,3.6,3.49
2023-01-16,,,,
2023-01-17,4.67,4.18,3.6,3.53
2023-01-18,4.63,4.06,3.43,3.37
2023-01-19,4.65,4.09,3.48,3.39
2023-01-20,4.68,4.14,3.56,3.48
2023-01-23,4.7,4.21,3.61,3.52
2023-01-24,4.7,4.12,3.58,3.46
2023-01-25,4.67,4.11,3.54,3.46
2023-01-26,4.68,4.17,3.58,3.49
2023-01-27,4.68,4.19,3.62,3.52
2023-01-30,4.71,4.25,3.68,3.55
2023-01-31,4.68,4.21,3.63,3.52
2023-02-01,4.66,4.09,3.48,3.39
2023-02-02,4.64,4.09,3.49,3.4
2023-02-03,4.79,4.3,3.67,3.53
2023-02-06,4.85,4.44,3.81,3.63
2023-02-07,4.88,4.47,3.85,3.67
2023-02-08,4.87,4.45,3.82,3.63
2023-02-09,4.88,4.48,3.87,3.67
2023-02-10,4.89,4.5,3.93,3.74
2023-02-13,4.91,4.52,3.93,3.72
2023-02-14,4.99,4.6,4,3.77
2023-02-15,4.96,4.62,4.04,3.81
2023-02-16,4.99,4.62,4.06,3.86
2023-02-17,5,4.6,4.03,3.82
2023-02-20,,,,
2023-02-21,5.07,4.67,4.16,3.95
2023-02-22,5.07,4.66,4.13,3.93
2023-02-23,5.03,4.66,4.09,3.88
2023-02-24,5.05,4.78,4.19,3.95
2023-02-27,5.03,4.78,4.17,3.92
2023-02-28,5.02,4.81,4.18,3.92
2023-03-01,5.06,4.89,4.27,4.01
2023-03-02,5.04,4.89,4.32,4.08
2023-03-03,5.03,4.86,4.26,3.97
2023-03-06,5.05,4.89,4.27,3.98
2023-03-07,5.22,5,4.31,3.97
2023-03-08,5.25,5.05,4.34,3.98
2023-03-09,5.18,4.9,4.22,3.93
2023-03-10,4.9,4.6,3.96,3.7
2023-03-13,4.3,4.03,3.68,3.55
2023-03-14,4.45,4.2,3.78,3.64
2023-03-15,4.19,3.93,3.59,3.51
2023-03-16,4.49,4.14,3.72,3.56
2023-03-17,4.26,3.81,3.44,3.39
2023-03-20,4.34,3.92,3.56,3.47
2023-03-21,4.68,4.17,3.73,3.59
2023-03-22,4.56,3.96,3.54,3.48
2023-03-23,4.38,3.76,3.39,3.38
2023-03-24,4.32,3.76,3.41,3.38
2023-03-27,4.51,3.94,3.59,3.53
2023-03-28,4.55,4.02,3.63,3.55
2023-03-29,4.59,4.08,3.67,3.57
2023-03-30,4.63,4.1,3.66,3.55
2023-03-31,4.64,4.06,3.6,3.48
2023-04-03,4.6,3.97,3.52,3.43
2023-04-04,4.5,3.84,3.39,3.35
2023-04-05,4.43,3.79,3.36,3.3
2023-04-06,4.51,3.82,3.37,3.3
2023-04-07,4.61,3.97,3.49,3.39
2023-04-10,4.65,4,3.52,3.41
2023-04-11,4.67,4.03,3.54,3.43
2023-04-12,4.64,3.95,3.46,3.41
2023-04-13,4.66,3.96,3.51,3.45
2023-04-14,4.77,4.08,3.6,3.52
2023-04-17,4.8,4.18,3.69,3.6
2023-04-18,4.81,4.19,3.69,3.58
2023-04-19,4.84,4.24,3.71,3.6
2023-04-20,4.77,4.14,3.63,3.54
2023-04-21,4.78,4.17,3.66,3.57
2023-04-24,4.76,4.12,3.6,3.52
2023-04-25,4.6,3.86,3.43,3.4
2023-04-26,4.64,3.9,3.46,3.43
2023-04-27,4.78,4.07,3.6,3.53
2023-04-28,4.8,4.04,3.51,3.44
2023-05-01,4.86,4.14,3.64,3.59
2023-05-02,4.74,3.97,3.46,3.44
2023-05-03,4.7,3.89,3.37,3.38
2023-05-04,4.59,3.75,3.29,3.37
2023-05-05,4.73,3.92,3.41,3.44
2023-05-08,4.79,4,3.49,3.52
2023-05-09,4.81,4.01,3.51,3.53
2023-05-10,4.7,3.9,3.37,3.43
2023-05-11,4.7,3.89,3.36,3.39
2023-05-12,4.75,3.98,3.45,3.46
2023-05-15,4.73,3.99,3.46,3.5
2023-05-16,4.88,4.06,3.52,3.54
2023-05-17,4.92,4.12,3.58,3.57
2023-05-18,5.02,4.24,3.69,3.65
2023-05-19,5.02,4.28,3.76,3.7
2023-05-22,5.07,4.29,3.77,3.72
2023-05-23,5.06,4.26,3.76,3.7
2023-05-24,5.12,4.31,3.75,3.73
2023-05-25,5.24,4.5,3.9,3.83
2023-05-26,5.25,4.54,3.92,3.8
2023-05-29,,,,
2023-05-30,5.22,4.46,3.81,3.69
2023-05-31,5.18,4.4,3.74,3.64
2023-06-01,5.11,4.33,3.7,3.61
2023-06-02,5.22,4.5,3.84,3.69
2023-06-05,5.17,4.46,3.82,3.69
2023-06-06,5.2,4.51,3.85,3.7
2023-06-07,5.16,4.56,3.93,3.79
2023-06-08,5.12,4.52,3.87,3.73
2023-06-09,5.17,4.59,3.92,3.75
2023-06-12,5.18,4.55,3.89,3.73
2023-06-13,5.26,4.67,4.01,3.84
2023-06-14,5.27,4.74,4.06,3.83
2023-06-15,5.21,4.62,3.91,3.72
2023-06-16,5.24,4.7,3.99,3.77
2023-06-19,,,,
2023-06-20,5.24,4.68,3.96,3.74
2023-06-21,5.25,4.68,3.95,3.72
2023-06-22,5.29,4.77,4.03,3.8
2023-06-23,5.25,4.71,3.99,3.74
2023-06-26,5.27,4.65,3.96,3.72
2023-06-27,5.33,4.74,4.02,3.77
2023-06-28,5.32,4.71,3.97,3.71
2023-06-29,5.41,4.87,4.14,3.85
2023-06-30,5.4,4.87,4.13,3.81
2023-07-03,5.43,4.94,4.19,3.86
2023-07-04,,,,
2023-07-05,5.4,4.94,4.25,3.95
2023-07-06,5.44,4.99,4.37,4.05
2023-07-07,5.41,4.94,4.35,4.06
2023-07-10,5.38,4.85,4.25,4.01
2023-07-11,5.44,4.88,4.24,3.99
2023-07-12,5.35,4.72,4.07,3.86
2023-07-13,5.27,4.59,3.93,3.76
2023-07-14,5.34,4.74,4.04,3.83
2023-07-17,5.33,4.74,4.02,3.81
2023-07-18,5.32,4.74,4,3.8
2023-07-19,5.32,4.74,3.98,3.75
2023-07-20,5.35,4.8,4.08,3.85
2023-07-21,5.35,4.82,4.09,3.84
2023-07-24,5.38,4.81,4.13,3.86
2023-07-25,5.38,4.85,4.15,3.91
2023-07-26,5.37,4.82,4.09,3.86
2023-07-27,5.4,4.91,4.24,4.01
2023-07-28,5.37,4.87,4.18,3.96
2023-07-31,5.37,4.88,4.18,3.97
2023-08-01,5.38,4.92,4.24,4.05
2023-08-02,5.36,4.88,4.24,4.08
2023-08-03,5.37,4.9,4.3,4.2
2023-08-04,5.33,4.78,4.15,4.05
2023-08-07,5.3,4.76,4.16,4.09
2023-08-08,5.35,4.74,4.1,4.02
2023-08-09,5.35,4.79,4.12,4
2023-08-10,5.33,4.82,4.21,4.09
2023-08-11,5.36,4.89,4.31,4.16
2023-08-14,5.37,4.96,4.36,4.19
2023-08-15,5.36,4.92,4.36,4.21
2023-08-16,5.37,4.97,4.42,4.28
2023-08-17,5.36,4.94,4.42,4.3
2023-08-18,5.35,4.92,4.38,4.26
2023-08-21,5.37,4.97,4.46,4.34
2023-08-22,5.39,5.02,4.49,4.34
2023-08-23,5.35,4.95,4.36,4.19
2023-08-24,5.39,4.98,4.39,4.23
2023-08-25,5.44,5.03,4.44,4.25
2023-08-28,5.44,4.98,4.38,4.2
2023-08-29,5.37,4.87,4.26,4.12
2023-08-30,5.39,4.9,4.27,4.12
2023-08-31,5.37,4.85,4.23,4.09
2023-09-01,5.36,4.87,4.29,4.18
2023-09-04,,,,
2023-09-05,5.42,4.94,4.37,4.27
2023-09-06,5.44,5.01,4.44,4.3
2023-09-07,5.4,4.94,4.38,4.27
2023-09-08,5.42,4.98,4.39,4.26
2023-09-11,5.4,4.97,4.4,4.29
2023-09-12,5.42,4.98,4.41,4.27
2023-09-13,5.42,4.96,4.39,4.25
2023-09-14,5.42,5,4.42,4.29
2023-09-15,5.43,5.02,4.45,4.33
2023-09-18,5.44,5.05,4.46,4.32
2023-09-19,5.45,5.08,4.51,4.37
2023-09-20,5.47,5.12,4.52,4.35
2023-09-21,5.46,5.12,4.61,4.49
2023-09-22,5.46,5.1,4.57,4.44
2023-09-25,5.45,5.09,4.62,4.55
2023-09-26,5.45,5.04,4.62,4.56
2023-09-27,5.49,5.1,4.67,4.61
2023-09-28,5.46,5.04,4.62,4.59
2023-09-29,5.46,5.03,4.6,4.59
2023-10-02,5.49,5.12,4.72,4.69
2023-10-03,5.49,5.15,4.8,4.81
2023-10-04,5.42,5.05,4.72,4.73
2023-10-05,5.39,5.03,4.68,4.72
2023-10-06,5.43,5.08,4.75,4.78
2023-10-09,,,,
2023-10-10,5.37,4.96,4.62,4.66
2023-10-11,5.38,4.99,4.59,4.58
2023-10-12,5.43,5.06,4.69,4.7
2023-10-13,5.41,5.04,4.65,4.63
2023-10-16,5.42,5.09,4.72,4.71
2023-10-17,5.48,5.19,4.86,4.83
2023-10-18,5.47,5.19,4.92,4.91
2023-10-19,5.44,5.14,4.95,4.98
2023-10-20,5.41,5.07,4.86,4.93
2023-10-23,5.42,5.05,4.81,4.86
2023-10-24,5.41,5.02,4.82,4.83
2023-10-25,5.43,5.08,4.89,4.95
2023-10-26,5.39,5.02,4.79,4.86
2023-10-27,5.39,4.99,4.76,4.84
2023-10-30,5.41,5.03,4.8,4.88
2023-10-31,5.44,5.07,4.82,4.88
2023-11-01,5.37,4.95,4.67,4.77
2023-11-02,5.38,4.98,4.65,4.67
2023-11-03,5.29,4.83,4.49,4.57
2023-11-06,5.33,4.93,4.6,4.67
2023-11-07,5.33,4.91,4.53,4.58
2023-11-08,5.34,4.93,4.51,4.49
2023-11-09,5.39,5.03,4.65,4.62
2023-11-10,5.38,5.04,4.65,4.61
2023-11-13,5.37,5.02,4.66,4.63
2023-11-14,5.24,4.8,4.42,4.44
2023-11-15,5.27,4.9,4.52,4.53
2023-11-16,5.23,4.83,4.43,4.45
2023-11-17,5.24,4.88,4.45,4.44
2023-11-20,5.25,4.89,4.44,4.42
2023-11-21,5.24,4.86,4.41,4.41
2023-11-22,5.26,4.89,4.44,4.42
2023-11-23,,,,
2023-11-24,5.27,4.92,4.49,4.47
2023-11-27,5.24,4.84,4.38,4.39
2023-11-28,5.21,4.73,4.29,4.34
2023-11-29,5.12,4.64,4.22,4.27
2023-11-30,5.16,4.73,4.31,4.37
2023-12-01,5.05,4.56,4.14,4.22
2023-12-04,5.1,4.64,4.23,4.28
2023-12-05,5.06,4.57,4.14,4.18
2023-12-06,5.07,4.6,4.12,4.12
2023-12-07,5.05,4.58,4.11,4.14
2023-12-08,5.13,4.71,4.24,4.23
2023-12-11,5.14,4.71,4.25,4.23
2023-12-12,5.14,4.73,4.23,4.2
2023-12-13,4.94,4.46,4,4.04
2023-12-14,4.9,4.37,3.9,3.92
2023-12-15,4.95,4.44,3.91,3.91
2023-12-18,4.95,4.43,3.94,3.95
2023-12-19,4.93,4.41,3.94,3.93
2023-12-20,4.88,4.34,3.86,3.86
2023-12-21,4.84,4.33,3.87,3.89
2023-12-22,4.82,4.31,3.87,3.9
2023-12-25,,,,
2023-12-26,4.83,4.26,3.89,3.89
2023-12-27,4.79,4.2,3.78,3.79
2023-12-28,4.82,4.26,3.83,3.84
2023-12-29,4.79,4.23,3.84,3.88
2024-01-01,,,,
2024-01-02,4.8,4.33,3.93,3.95
2024-01-03,4.81,4.33,3.9,3.91
2024-01-04,4.85,4.38,3.97,3.99
2024-01-05,4.84,4.4,4.02,4.05
2024-01-08,4.82,4.36,3.97,4.01
2024-01-09,4.82,4.36,3.97,4.02
2024-01-10,4.82,4.37,3.99,4.04
2024-01-11,4.75,4.26,3.9,3.98
2024-01-12,4.65,4.14,3.84,3.96
2024-01-15,,,,
2024-01-16,4.7,4.22,3.95,4.07
2024-01-17,4.8,4.34,4.02,4.1
2024-01-18,4.8,4.34,4.04,4.14
2024-01-19,4.84,4.39,4.08,4.15
2024-01-22,4.83,4.37,4.03,4.11
2024-01-23,4.81,4.31,4.06,4.14
2024-01-24,4.83,4.34,4.06,4.18
2024-01-25,4.76,4.28,4.01,4.14
2024-01-26,4.78,4.34,4.04,4.15
2024-01-29,4.76,4.29,3.97,4.08
2024-01-30,4.8,4.36,4,4.06
2024-01-31,4.73,4.27,3.91,3.99
2024-02-01,4.68,4.2,3.8,3.87
2024-02-02,4.81,4.36,3.99,4.03
2024-02-05,4.87,4.46,4.13,4.17
2024-02-06,4.82,4.39,4.03,4.09
2024-02-07,4.83,4.41,4.06,4.09
2024-02-08,4.83,4.46,4.12,4.15
2024-02-09,4.86,4.48,4.14,4.17
2024-02-12,4.87,4.46,4.13,4.17
2024-02-13,4.99,4.64,4.31,4.31
2024-02-14,4.94,4.56,4.25,4.27
2024-02-15,4.93,4.56,4.22,4.24
2024-02-16,4.98,4.64,4.29,4.3
2024-02-19,,,,
2024-02-20,4.97,4.59,4.25,4.27
2024-02-21,4.98,4.64,4.3,4.32
2024-02-22,5.02,4.69,4.33,4.33
2024-02-23,5,4.67,4.28,4.26
2024-02-26,5.03,4.69,4.29,4.28
2024-02-27,5.03,4.7,4.32,4.31
2024-02-28,5,4.64,4.26,4.27
2024-02-29,5.01,4.64,4.26,4.25
2024-03-01,4.94,4.54,4.17,4.19
2024-03-04,4.98,4.61,4.21,4.22
2024-03-05,4.94,4.54,4.13,4.13
2024-03-06,4.95,4.55,4.12,4.11
2024-03-07,4.93,4.5,4.07,4.09
2024-03-08,4.92,4.48,4.06,4.09
2024-03-11,4.95,4.51,4.08,4.1
2024-03-12,5,4.58,4.15,4.16
2024-03-13,5.01,4.61,4.19,4.19
2024-03-14,5.04,4.68,4.29,4.29
2024-03-15,5.05,4.72,4.33,4.31
2024-03-18,5.06,4.73,4.36,4.34
2024-03-19,5.06,4.68,4.31,4.3
2024-03-20,5.01,4.59,4.25,4.27
2024-03-21,5.01,4.62,4.26,4.27
2024-03-22,4.98,4.59,4.2,4.22
2024-03-25,5,4.54,4.23,4.25
2024-03-26,5,4.56,4.22,4.24
2024-03-27,4.99,4.54,4.18,4.2
2024-03-28,5.03,4.59,4.21,4.2
2024-03-29,,,,
2024-04-01,5.06,4.72,4.34,4.33
2024-04-02,5.05,4.7,4.35,4.36
2024-04-03,5.03,4.68,4.34,4.36
2024-04-04,5,4.65,4.3,4.31
2024-04-05,5.05,4.73,4.38,4.39
2024-04-08,5.07,4.78,4.43,4.42
2024-04-09,5.03,4.74,4.37,4.36
2024-04-10,5.19,4.97,4.61,4.55
2024-04-11,5.17,4.93,4.61,4.56
2024-04-12,5.13,4.88,4.54,4.5
2024-04-15,5.16,4.93,4.65,4.63
2024-04-16,5.18,4.97,4.69,4.67
2024-04-17,5.16,4.93,4.62,4.59
2024-04-18,5.18,4.98,4.68,4.64
2024-04-19,5.17,4.97,4.66,4.62
2024-04-22,5.16,4.97,4.66,4.62
2024-04-23,5.14,4.86,4.63,4.61
2024-04-24,5.17,4.89,4.64,4.65
2024-04-25,5.21,4.96,4.7,4.7
2024-04-26,5.21,4.96,4.68,4.67
2024-04-29,5.2,4.97,4.65,4.63
2024-04-30,5.25,5.04,4.72,4.69
2024-05-01,5.21,4.96,4.64,4.63
2024-05-02,5.16,4.87,4.57,4.58
2024-05-03,5.12,4.81,4.48,4.5
2024-05-06,5.12,4.82,4.48,4.49
2024-05-07,5.13,4.82,4.48,4.47
2024-05-08,5.13,4.84,4.5,4.48
2024-05-09,5.12,4.8,4.47,4.45
2024-05-10,5.17,4.87,4.52,4.5
2024-05-13,5.16,4.85,4.5,4.48
2024-05-14,5.16,4.81,4.46,4.45
2024-05-15,5.1,4.73,4.35,4.36
2024-05-16,5.13,4.78,4.4,4.38
2024-05-17,5.14,4.83,4.44,4.42
2024-05-20,5.15,4.82,4.46,4.44
2024-05-21,5.14,4.82,4.43,4.41
2024-05-22,5.16,4.86,4.47,4.43
2024-05-23,5.2,4.91,4.52,4.47
2024-05-24,5.21,4.93,4.53,4.46
2024-05-27,,,,
2024-05-28,5.21,4.94,4.56,4.54
2024-05-29,5.22,4.96,4.63,4.61
2024-05-30,5.19,4.92,4.57,4.55
2024-05-31,5.18,4.89,4.52,4.51
2024-06-03,5.14,4.82,4.42,4.41
2024-06-04,5.11,4.77,4.35,4.33
2024-06-05,5.08,4.72,4.31,4.29
2024-06-06,5.08,4.72,4.29,4.28
2024-06-07,5.17,4.87,4.46,4.43
2024-06-10,5.16,4.87,4.48,4.47
2024-06-11,5.17,4.81,4.41,4.39
2024-06-12,5.13,4.75,4.32,4.31
2024-06-13,5.07,4.68,4.24,4.24
2024-06-14,5.07,4.67,4.22,4.2
2024-06-17,5.11,4.75,4.3,4.28
2024-06-18,5.09,4.69,4.24,4.22
2024-06-19,,,,
2024-06-20,5.1,4.7,4.26,4.25
2024-06-21,5.1,4.7,4.26,4.25
2024-06-24,5.1,4.71,4.27,4.25
2024-06-25,5.1,4.65,4.25,4.23
2024-06-26,5.13,4.71,4.32,4.32
2024-06-27,5.1,4.7,4.29,4.29
2024-06-28,5.09,4.71,4.33,4.36
2024-07-01,5.1,4.77,4.44,4.48
2024-07-02,5.07,4.74,4.39,4.43
2024-07-03,5.04,4.71,4.33,4.36
2024-07-04,,,,
2024-07-05,4.98,4.6,4.22,4.28
2024-07-08,4.99,4.62,4.23,4.28
2024-07-09,5.02,4.62,4.24,4.3
2024-07-10,5.01,4.62,4.24,4.28
2024-07-11,4.91,4.5,4.13,4.2
2024-07-12,4.87,4.45,4.1,4.18
2024-07-15,4.85,4.44,4.13,4.23
2024-07-16,4.85,4.43,4.09,4.17
2024-07-17,4.85,4.42,4.07,4.16
2024-07-18,4.86,4.46,4.11,4.2
2024-07-19,4.87,4.49,4.16,4.25
2024-07-22,4.88,4.5,4.17,4.26
2024-07-23,4.85,4.4,4.15,4.25
2024-07-24,4.82,4.37,4.12,4.28
2024-07-25,4.83,4.41,4.13,4.27
2024-07-26,4.79,4.36,4.06,4.2
2024-07-29,4.79,4.36,4.05,4.17
2024-07-30,4.78,4.35,4.03,4.15
2024-07-31,4.73,4.29,3.97,4.09
2024-08-01,4.62,4.16,3.84,3.99
2024-08-02,4.33,3.88,3.62,3.8
2024-08-05,4.34,3.89,3.62,3.78
2024-08-06,4.46,3.99,3.73,3.9
2024-08-07,4.45,4,3.79,3.96
2024-08-08,4.48,4.04,3.83,3.99
2024-08-09,4.5,4.05,3.8,3.94
2024-08-12,4.47,4.01,3.75,3.9
2024-08-13,4.4,3.93,3.68,3.85
2024-08-14,4.42,3.94,3.67,3.83
2024-08-15,4.52,4.08,3.79,3.92
2024-08-16,4.49,4.06,3.77,3.89
2024-08-19,4.48,4.06,3.75,3.86
2024-08-20,4.43,3.99,3.7,3.82
2024-08-21,4.36,3.92,3.64,3.79
2024-08-22,4.43,3.99,3.72,3.86
2024-08-23,4.36,3.9,3.65,3.81
2024-08-26,4.38,3.91,3.66,3.82
2024-08-27,4.34,3.83,3.66,3.83
2024-08-28,4.36,3.83,3.63,3.84
2024-08-29,4.38,3.87,3.66,3.87
2024-08-30,4.38,3.91,3.71,3.91
2024-09-02,,,,
2024-09-03,4.35,3.88,3.65,3.84
2024-09-04,4.23,3.76,3.56,3.77
2024-09-05,4.21,3.75,3.54,3.73
2024-09-06,4.1,3.66,3.5,3.72
2024-09-09,4.12,3.68,3.49,3.7
2024-09-10,4.07,3.59,3.43,3.65
2024-09-11,4.12,3.62,3.45,3.65
2024-09-12,4.09,3.64,3.47,3.68
2024-09-13,4,3.57,3.43,3.66
2024-09-16,3.96,3.56,3.41,3.63
2024-09-17,3.99,3.59,3.44,3.65
2024-09-18,3.95,3.61,3.47,3.7
2024-09-19,3.93,3.59,3.49,3.73
2024-09-20,3.92,3.55,3.48,3.73
2024-09-23,3.91,3.57,3.51,3.75
2024-09-24,3.88,3.49,3.47,3.74
2024-09-25,3.89,3.53,3.52,3.79
2024-09-26,3.96,3.6,3.55,3.79
2024-09-27,3.9,3.55,3.5,3.75
2024-09-30,3.98,3.66,3.58,3.81
2024-10-01,3.96,3.61,3.51,3.74
2024-10-02,3.97,3.63,3.55,3.79
2024-10-03,4.02,3.7,3.62,3.85
2024-10-04,4.2,3.93,3.81,3.98
2024-10-07,4.24,3.99,3.86,4.03
2024-10-08,4.21,3.98,3.86,4.04
2024-10-09,4.24,3.99,3.91,4.06
2024-10-10,4.22,3.98,3.91,4.09
2024-10-11,4.18,3.95,3.88,4.08
2024-10-14,,,,
2024-10-15,4.18,3.95,3.86,4.03
2024-10-16,4.17,3.93,3.84,4.02
2024-10-17,4.21,3.96,3.9,4.09
2024-10-18,4.19,3.95,3.88,4.08
2024-10-21,4.24,4.02,3.98,4.19
2024-10-22,4.24,4.03,4,4.2
2024-10-23,4.27,4.07,4.05,4.24
2024-10-24,4.25,4.07,4.03,4.21
2024-10-25,4.29,4.11,4.07,4.25
2024-10-28,4.28,4.12,4.11,4.28
2024-10-29,4.29,4.11,4.11,4.28
2024-10-30,4.28,4.15,4.14,4.29
2024-10-31,4.27,4.16,4.15,4.28
2024-11-01,4.28,4.21,4.22,4.37
2024-11-04,4.25,4.17,4.17,4.31
2024-11-05,4.27,4.19,4.16,4.26
2024-11-06,4.31,4.27,4.27,4.42
2024-11-07,4.28,4.21,4.17,4.31
2024-11-08,4.32,4.26,4.2,4.3
2024-11-11,,,,
2024-11-12,4.38,4.34,4.32,4.43
2024-11-13,4.31,4.27,4.3,4.44
2024-11-14,4.36,4.34,4.32,4.43
2024-11-15,4.34,4.31,4.3,4.43
2024-11-18,4.33,4.29,4.28,4.42
2024-11-19,4.34,4.27,4.25,4.39
2024-11-20,4.37,4.31,4.28,4.41
2024-11-21,4.39,4.34,4.3,4.43
2024-11-22,4.42,4.37,4.3,4.41
2024-11-25,4.37,4.21,4.17,4.27
2024-11-26,4.37,4.21,4.17,4.3
2024-11-27,4.34,4.19,4.11,4.25
2024-11-28,,,,
2024-11-29,4.3,4.13,4.05,4.18
2024-12-02,4.3,4.17,4.08,4.19
2024-12-03,4.27,4.17,4.11,4.23
2024-12-04,4.23,4.13,4.07,4.19
2024-12-05,4.23,4.15,4.07,4.17
2024-12-06,4.19,4.1,4.03,4.15
2024-12-09,4.2,4.13,4.07,4.2
2024-12-10,4.22,4.15,4.09,4.22
2024-12-11,4.21,4.15,4.13,4.26
2024-12-12,4.22,4.18,4.18,4.32
2024-12-13,4.24,4.25,4.25,4.4
2024-12-16,4.24,4.25,4.25,4.39
2024-12-17,4.25,4.25,4.26,4.4
2024-12-18,4.3,4.35,4.4,4.5
2024-12-19,4.28,4.32,4.43,4.57
2024-12-20,4.27,4.3,4.37,4.52
2024-12-23,4.26,4.3,4.44,4.59
2024-12-24,4.24,4.29,4.43,4.59
2024-12-25,,,,
2024-12-26,4.23,4.3,4.42,4.58
2024-12-27,4.2,4.31,4.45,4.62
2024-12-30,4.17,4.24,4.37,4.55
2024-12-31,4.16,4.25,4.38,4.58
2025-01-01,,,,
2025-01-02,4.17,4.25,4.38,4.57
2025-01-03,4.18,4.28,4.41,4.6
2025-01-06,4.17,4.28,4.42,4.62
2025-01-07,4.19,4.3,4.46,4.67
2025-01-08,4.19,4.28,4.45,4.67
2025-01-09,4.16,4.27,4.46,4.68
2025-01-10,4.25,4.4,4.59,4.77
2025-01-13,4.24,4.4,4.61,4.79
2025-01-14,4.22,4.37,4.59,4.78
2025-01-15,4.19,4.27,4.45,4.66
2025-01-16,4.18,4.23,4.39,4.61
2025-01-17,4.21,4.27,4.42,4.61
2025-01-20,,,,
2025-01-21,4.21,4.29,4.4,4.57
2025-01-22,4.2,4.29,4.43,4.6
2025-01-23,4.18,4.29,4.45,4.65
2025-01-24,4.17,4.27,4.43,4.63
2025-01-27,4.13,4.17,4.32,4.53
2025-01-28,4.14,4.19,4.33,4.55
2025-01-29,4.17,4.21,4.35,4.55
2025-01-30,4.16,4.18,4.31,4.52
2025-01-31,4.17,4.22,4.36,4.58
2025-02-03,4.2,4.26,4.35,4.54
2025-02-04,4.18,4.21,4.31,4.52
2025-02-05,4.17,4.17,4.24,4.43
2025-02-06,4.19,4.21,4.28,4.45
2025-02-07,4.25,4.29,4.34,4.49
2025-02-10,4.24,4.28,4.34,4.51
2025-02-11,4.25,4.29,4.37,4.54
2025-02-12,4.3,4.36,4.48,4.62
2025-02-13,4.27,4.31,4.39,4.52
2025-02-14,4.23,4.26,4.33,4.47
2025-02-17,,,,
2025-02-18,4.24,4.29,4.4,4.55
2025-02-19,4.22,4.28,4.37,4.53
2025-02-20,4.2,4.28,4.34,4.5
2025-02-21,4.15,4.19,4.26,4.42
2025-02-24,4.15,4.13,4.23,4.4
2025-02-25,4.12,4.07,4.12,4.3
2025-02-26,4.12,4.05,4.06,4.25
2025-02-27,4.13,4.07,4.09,4.29
2025-02-28,4.08,3.99,4.03,4.24
2025-03-03,4.06,3.96,3.97,4.16
2025-03-04,4.04,3.96,4.01,4.22
2025-03-05,4.06,3.99,4.08,4.28
2025-03-06,4.02,3.96,4.06,4.29
2025-03-07,4.05,3.99,4.09,4.32
2025-03-10,3.98,3.89,3.98,4.22
2025-03-11,4.03,3.94,4.03,4.28
2025-03-12,4.07,4.01,4.09,4.32
2025-03-13,4.03,3.94,4.02,4.27
2025-03-14,4.09,4.02,4.09,4.31
2025-03-17,4.11,4.06,4.11,4.31
2025-03-18,4.13,4.04,4.07,4.29
2025-03-19,4.1,3.99,4.03,4.25
2025-03-20,4.06,3.95,4.01,4.24
2025-03-21,4.04,3.94,4,4.25
2025-03-24,4.11,4.04,4.09,4.34
2025-03-25,4.09,3.96,4.07,4.31
2025-03-26,4.1,3.98,4.08,4.35
2025-03-27,4.1,3.97,4.09,4.38
2025-03-28,4.04,3.89,3.98,4.27
2025-03-31,4.03,3.89,3.96,4.23
2025-04-01,4.01,3.87,3.91,4.17
2025-04-02,4.04,3.91,3.95,4.2
2025-04-03,3.92,3.71,3.75,4.06
2025-04-04,3.86,3.68,3.72,4.01
2025-04-07,3.86,3.73,3.82,4.15
2025-04-08,3.83,3.71,3.88,4.26
2025-04-09,4.03,3.91,4.06,4.34
2025-04-10,3.97,3.84,4.04,4.4
2025-04-11,4.04,3.96,4.15,4.48
2025-04-14,3.99,3.84,4.02,4.38
2025-04-15,3.99,3.84,3.98,4.35
2025-04-16,3.96,3.77,3.91,4.29
2025-04-17,3.99,3.81,3.95,4.34
2025-04-18,,,,
2025-04-21,3.95,3.75,3.97,4.42
2025-04-22,3.98,3.76,3.98,4.41
2025-04-23,4.01,3.81,4,4.4
2025-04-24,3.97,3.77,3.91,4.32
2025-04-25,3.95,3.74,3.88,4.29
2025-04-28,3.92,3.67,3.81,4.23
2025-04-29,3.89,3.65,3.77,4.19
2025-04-30,3.85,3.6,3.72,4.17
2025-05-01,3.92,3.7,3.81,4.25
2025-05-02,4,3.83,3.92,4.33
2025-05-05,4.02,3.83,3.95,4.36
2025-05-06,3.98,3.78,3.9,4.3
2025-05-07,4,3.78,3.87,4.26
2025-05-08,4.05,3.9,4,4.37
2025-05-09,4.05,3.88,4,4.37
2025-05-12,4.11,3.98,4.09,4.45
2025-05-13,4.11,4.02,4.12,4.49
2025-05-14,4.14,4.05,4.17,4.53
2025-05-15,4.1,3.96,4.07,4.45
2025-05-16,4.13,3.98,4.06,4.43
2025-05-19,4.12,3.97,4.07,4.46
2025-05-20,4.12,3.97,4.07,4.48
2025-05-21,4.13,4,4.15,4.58
2025-05-22,4.13,4,4.11,4.54
2025-05-23,4.15,4,4.08,4.51
2025-05-26,,,,
2025-05-27,4.14,3.92,4.04,4.43
2025-05-28,4.16,3.96,4.05,4.47
2025-05-29,4.13,3.92,4,4.43
2025-05-30,4.11,3.89,3.96,4.41
2025-06-02,4.12,3.94,4.01,4.46
2025-06-03,4.12,3.96,4.04,4.46
2025-06-04,4.06,3.87,3.93,4.37
2025-06-05,4.08,3.92,3.99,4.4
2025-06-06,4.14,4.04,4.13,4.51
2025-06-09,4.13,4.01,4.09,4.49
2025-06-10,4.12,4.01,4.08,4.47
2025-06-11,4.08,3.94,4.02,4.41
2025-06-12,4.06,3.9,3.97,4.36
2025-06-13,4.09,3.96,4.02,4.41
2025-06-16,4.1,3.97,4.04,4.46
2025-06-17,4.1,3.94,3.99,4.39
2025-06-18,4.1,3.94,3.98,4.38
2025-06-19,,,,
2025-06-20,4.07,3.9,3.96,4.38
2025-06-23,4,3.84,3.91,4.34
2025-06-24,3.99,3.75,3.86,4.3
2025-06-25,3.99,3.74,3.83,4.29
2025-06-26,3.96,3.7,3.79,4.26
2025-06-27,3.97,3.73,3.83,4.29
2025-06-30,3.96,3.72,3.79,4.24
2025-07-01,3.98,3.78,3.84,4.26
2025-07-02,3.99,3.78,3.87,4.3
2025-07-03,4.07,3.88,3.94,4.35
2025-07-04,,,,
2025-07-07,4.08,3.9,3.96,4.4
2025-07-08,4.11,3.9,3.99,4.42
2025-07-09,4.07,3.86,3.92,4.34
2025-07-10,4.07,3.86,3.93,4.35
2025-07-11,4.09,3.9,3.99,4.43
2025-07-14,4.08,3.9,3.98,4.43
2025-07-15,4.12,3.95,4.05,4.5
2025-07-16,4.08,3.88,3.99,4.46
2025-07-17,4.1,3.91,4.01,4.47
2025-07-18,4.08,3.88,3.96,4.44
2025-07-21,4.06,3.85,3.91,4.38
2025-07-22,4.05,3.83,3.88,4.35
2025-07-23,4.08,3.88,3.94,4.4
2025-07-24,4.1,3.91,3.98,4.43
2025-07-25,4.09,3.91,3.95,4.4
2025-07-28,4.09,3.91,3.96,4.42
2025-07-29,4.07,3.86,3.9,4.34
2025-07-30,4.12,3.94,3.96,4.38
2025-07-31,4.1,3.94,3.96,4.37
2025-08-01,3.87,3.69,3.77,4.23
2025-08-04,3.82,3.69,3.75,4.22
2025-08-05,3.92,3.72,3.77,4.22
2025-08-06,3.9,3.69,3.77,4.22
2025-08-07,3.92,3.72,3.79,4.23
2025-08-08,3.93,3.76,3.84,4.27
2025-08-11,3.93,3.76,3.83,4.27
2025-08-12,3.9,3.72,3.83,4.29
2025-08-13,3.86,3.67,3.77,4.24
2025-08-14,3.91,3.74,3.82,4.29
2025-08-15,3.93,3.75,3.85,4.33
2025-08-18,3.93,3.77,3.86,4.34
2025-08-19,3.91,3.75,3.82,4.3
2025-08-20,3.9,3.74,3.81,4.29
2025-08-21,3.95,3.79,3.86,4.33
2025-08-22,3.87,3.68,3.76,4.26
2025-08-25,3.88,3.73,3.8,4.28
2025-08-26,3.85,3.61,3.75,4.26
2025-08-27,3.83,3.59,3.69,4.24
2025-08-28,3.85,3.62,3.69,4.22
2025-08-29,3.83,3.59,3.68,4.23
2025-09-01,,,,
2025-09-02,3.82,3.66,3.74,4.28
2025-09-03,3.77,3.61,3.69,4.22
2025-09-04,3.76,3.59,3.65,4.17
2025-09-05,3.65,3.51,3.59,4.1
2025-09-08,3.64,3.49,3.57,4.05
2025-09-09,3.68,3.54,3.61,4.08
2025-09-10,3.66,3.54,3.59,4.04
2025-09-11,3.63,3.52,3.59,4.01
2025-09-12,3.66,3.56,3.63,4.06
2025-09-15,3.64,3.54,3.61,4.05
2025-09-16,3.62,3.51,3.59,4.04
2025-09-17,3.6,3.52,3.62,4.06
2025-09-18,3.61,3.57,3.67,4.11
2025-09-19,3.6,3.57,3.68,4.14
2025-09-22,3.61,3.61,3.71,4.15
2025-09-23,3.61,3.53,3.68,4.12
2025-09-24,3.63,3.57,3.7,4.16
2025-09-25,3.68,3.64,3.75,4.18
2025-09-26,3.67,3.63,3.76,4.2
2025-09-29,3.65,3.63,3.74,4.15
2025-09-30,3.68,3.6,3.74,4.16
2025-10-01,3.62,3.55,3.68,4.12
2025-10-02,3.62,3.55,3.67,4.1
2025-10-03,3.64,3.58,3.72,4.13
2025-10-06,3.66,3.6,3.75,4.18
2025-10-07,3.65,3.57,3.71,4.14
2025-10-08,3.66,3.58,3.72,4.13
2025-10-09,3.66,3.6,3.74,4.14
2025-10-10,3.6,3.52,3.65,4.05
2025-10-13,,,,
2025-10-14,3.58,3.48,3.6,4.03
2025-10-15,3.61,3.5,3.63,4.05
2025-10-16,3.54,3.41,3.55,3.99
2025-10-17,3.56,3.46,3.59,4.02
2025-10-20,3.55,3.46,3.58,4
2025-10-21,3.56,3.45,3.56,3.98
2025-10-22,3.55,3.45,3.56,3.97
2025-10-23,3.59,3.48,3.61,4.01
2025-10-24,3.58,3.48,3.61,4.02
2025-10-27,3.59,3.48,3.61,4.01
2025-10-28,3.59,3.47,3.6,3.99
2025-10-29,3.7,3.59,3.7,4.08
2025-10-30,3.7,3.61,3.72,4.11
2025-10-31,3.7,3.6,3.71,4.11
2025-11-03,3.7,3.6,3.72,4.13
2025-11-04,3.67,3.58,3.69,4.1
2025-11-05,3.71,3.63,3.76,4.17
2025-11-06,3.65,3.57,3.69,4.11
2025-11-07,3.63,3.55,3.67,4.11
2025-11-10,3.66,3.58,3.72,4.13
2025-11-11,,,,
2025-11-12,3.65,3.56,3.68,4.08
2025-11-13,3.68,3.58,3.71,4.11
2025-11-14,3.7,3.62,3.74,4.14
2025-11-17,3.69,3.6,3.72,4.13
2025-11-18,3.67,3.58,3.7,4.12
2025-11-19,3.68,3.58,3.71,4.13
2025-11-20,3.65,3.55,3.68,4.1
2025-11-21,3.62,3.51,3.62,4.06
2025-11-24,3.61,3.46,3.61,4.04
2025-11-25,3.6,3.43,3.55,4.01
2025-11-26,3.61,3.45,3.56,4
2025-11-27,,,,
2025-11-28,3.61,3.47,3.59,4.02
2025-12-01,3.62,3.54,3.67,4.09
2025-12-02,3.59,3.51,3.66,4.09
2025-12-03,3.57,3.49,3.62,4.06
2025-12-04,3.6,3.52,3.68,4.11
2025-12-05,3.61,3.56,3.72,4.14
2025-12-08,3.61,3.57,3.75,4.17
2025-12-09,3.63,3.61,3.78,4.18
2025-12-10,3.58,3.54,3.72,4.13
2025-12-11,3.56,3.52,3.72,4.14
2025-12-12,3.54,3.52,3.75,4.19
2025-12-15,3.52,3.51,3.73,4.18
2025-12-16,3.51,3.48,3.69,4.15
2025-12-17,3.51,3.49,3.7,4.16
2025-12-18,3.49,3.46,3.66,4.12
2025-12-19,3.51,3.48,3.7,4.16
2025-12-22,3.53,3.44,3.71,4.17
2025-12-23,3.52,3.48,3.72,4.18
2025-12-24,3.5,3.47,3.7,4.15
2025-12-25,,,,
2025-12-26,3.49,3.46,3.68,4.14
2025-12-29,3.48,3.45,3.67,4.12
2025-12-30,3.47,3.45,3.68,4.14
2025-12-31,3.48,3.47,3.73,4.18
2026-01-01,,,,
2026-01-02,3.47,3.47,3.74,4.19
2026-01-05,3.47,3.46,3.71,4.17
2026-01-06,3.48,3.47,3.72,4.18
2026-01-07,3.48,3.47,3.7,4.15
2026-01-08,3.48,3.49,3.74,4.19
2026-01-09,3.52,3.54,3.75,4.18
2026-01-12,3.53,3.54,3.77,4.19
2026-01-13,3.51,3.53,3.75,4.18
2026-01-14,3.5,3.51,3.72,4.15
2026-01-15,3.54,3.56,3.77,4.17
2026-01-16,3.55,3.59,3.82,4.24
2026-01-19,,,,
2026-01-20,3.53,3.6,3.86,4.3
2026-01-21,3.53,3.6,3.83,4.26
2026-01-22,3.53,3.61,3.85,4.26
2026-01-23,3.53,3.6,3.84,4.24
2026-01-26,3.52,3.56,3.82,4.22
2026-01-27,3.5,3.53,3.81,4.24
2026-01-28,3.52,3.56,3.83,4.26
2026-01-29,3.5,3.53,3.8,4.24
2026-01-30,3.48,3.52,3.79,4.26
2026-02-02,3.49,3.57,3.83,4.29
2026-02-03,3.49,3.57,3.83,4.28
2026-02-04,3.49,3.57,3.83,4.29
2026-02-05,3.44,3.47,3.74,4.21
2026-02-06,3.45,3.5,3.76,4.22
2026-02-09,3.43,3.48,3.75,4.22
2026-02-10,3.4,3.45,3.7,4.16
2026-02-11,3.47,3.52,3.75,4.18
2026-02-12,3.45,3.47,3.67,4.09
2026-02-13,3.42,3.4,3.61,4.04
2026-02-16,,,,
2026-02-17,3.48,3.43,3.63,4.05
2026-02-18,3.49,3.47,3.66,4.09
2026-02-19,3.5,3.47,3.65,4.08
2026-02-20,3.51,3.48,3.65,4.08
2026-02-23,3.5,3.43,3.59,4.03
2026-02-24,3.52,3.43,3.61,4.04
2026-02-25,3.53,3.45,3.61,4.05
2026-02-26,3.52,3.42,3.57,4.02
2026-02-27,3.48,3.38,3.51,3.97
2026-03-02,3.54,3.47,3.62,4.05
2026-03-03,3.55,3.51,3.63,4.06
2026-03-04,3.58,3.54,3.67,4.09
2026-03-05,3.59,3.57,3.72,4.13
2026-03-06,3.55,3.56,3.72,4.15
2026-03-09,3.56,3.56,3.71,4.12
2026-03-10,3.56,3.57,3.73,4.15
2026-03-11,3.6,3.64,3.79,4.21
2026-03-12,3.66,3.76,3.88,4.27
2026-03-13,3.66,3.73,3.87,4.28
2026-03-16,3.64,3.68,3.8,4.23
2026-03-17,3.63,3.68,3.79,4.2
2026-03-18,3.68,3.76,3.87,4.26
2026-03-19,3.73,3.79,3.88,4.25
2026-03-20,3.8,3.88,4.01,4.39
2026-03-23,3.76,3.83,3.95,4.34
2026-03-24,3.81,3.9,4.03,4.39
2026-03-25,3.77,3.84,3.96,4.33
2026-03-26,3.83,3.96,4.08,4.42
2026-03-27,3.77,3.88,4.06,4.44
2026-03-30,3.71,3.82,3.97,4.35
2026-03-31,3.68,3.79,3.92,4.3
2026-04-01,3.68,3.81,3.97,4.33
2026-04-02,3.68,3.79,3.94,4.31
2026-04-03,3.72,3.84,3.99,4.35
2026-04-06,3.72,3.84,3.98,4.34
2026-04-07,3.68,3.81,3.95,4.33
2026-04-08,3.69,3.79,3.92,4.29
2026-04-09,3.68,3.78,3.91,4.29
2026-04-10,3.7,3.81,3.94,4.31
2026-04-13,3.7,3.78,3.92,4.3
2026-04-14,3.71,3.76,3.87,4.26
2026-04-15,3.7,3.76,3.9,4.29
2026-04-16,3.69,3.78,3.91,4.32
2026-04-17,3.64,3.71,3.84,4.26
2026-04-20,3.65,3.72,3.86,4.26
2026-04-21,3.69,3.78,3.91,4.3
2026-04-22,3.69,3.79,3.91,4.3
2026-04-23,3.7,3.83,3.96,4.34
2026-04-24,3.67,3.78,3.92,4.31
2026-04-27,3.69,3.78,3.94,4.35
2026-04-28,3.71,3.84,3.97,4.36
2026-04-29,3.75,3.92,4.05,4.42
2026-04-30,3.72,3.88,4.02,4.4
2026-05-01,3.73,3.88,4.02,4.39
2026-05-04,3.78,3.95,4.08,4.45
2026-05-05,3.77,3.93,4.08,4.43
2026-05-06,3.73,3.87,3.99,4.36
2026-05-07,3.76,3.92,4.04,4.41
2026-05-08,3.75,3.9,4.02,4.38
2026-05-11,3.79,3.95,4.07,4.42
2026-05-12,3.8,4,4.12,4.46
2026-05-13,3.79,3.98,4.12,4.46
2026-05-14,3.79,4,4.13,4.47
2026-05-15,3.82,4.09,4.26,4.59
2026-05-18,3.81,4.07,4.27,4.61
2026-05-19,3.83,4.13,4.32,4.67
2026-05-20,3.79,4.04,4.22,4.57
2026-05-21,3.83,4.08,4.25,4.57
2026-05-22,3.86,4.13,4.27,4.56
2026-05-25,,,,
2026-05-26,3.82,4.01,4.19,4.5
2026-05-27,3.8,4,4.17,4.48
2026-05-28,3.8,3.99,4.15,4.45
2026-05-29,3.79,3.98,4.13,4.45
2026-06-01,3.83,4.05,4.18,4.47
2026-06-02,3.82,4.05,4.17,4.46
2026-06-03,3.84,4.08,4.21,4.49
2026-06-04,3.82,4.05,4.18,4.47
2026-06-05,3.88,4.17,4.29,4.55
2026-06-08,3.85,4.15,4.29,4.56
2026-06-09,3.9,4.13,4.26,4.53
2026-06-10,3.9,4.13,4.27,4.55
2026-06-11,3.85,4.05,4.18,4.45
2026-06-12,3.86,4.09,4.21,4.48
2026-06-15,3.84,4.07,4.18,4.47
2026-06-16,3.84,4.05,4.16,4.43
2026-06-17,3.98,4.2,4.27,4.49
2026-06-18,4,4.19,4.23,4.46
2026-06-19,,,,
2026-06-22,4.04,4.24,4.29,4.51
2026-06-23,4.01,4.16,4.27,4.5
2026-06-24,3.99,4.11,4.17,4.41
2026-06-25,3.96,4.09,4.15,4.4
2026-06-26,3.94,4.07,4.12,4.38
2026-06-29,3.97,4.1,4.14,4.38
2026-06-30,3.98,4.14,4.19,4.44
2026-07-01,4,4.17,4.24,4.48
2026-07-02,3.96,4.14,4.23,4.49
2026-07-03,,,,
2026-07-06,3.95,4.13,4.21,4.48
2026-07-07,4.06,4.19,4.27,4.55
2026-07-08,4.06,4.21,4.31,4.56
2026-07-09,4.02,4.16,4.27,4.54
2026-07-10,4.06,4.21,4.3,4.56
2026-07-13,4.12,4.26,4.37,4.62
2026-07-14,4.02,4.18,4.31,4.58
2026-07-15,3.97,4.13,4.26,4.55
2026-07-16,3.99,4.16,4.28,4.57
2026-07-17,4.01,4.18,4.28,4.55
2026-07-20,4.03,4.21,4.33,4.6
2026-07-21,4.08,4.26,4.37,4.63
2026-07-22,4.11,4.31,4.41,4.67
2026-07-23,4.15,4.37,4.46,4.71
2026-07-24,4.14,4.33,4.43,4.69
2026-07-27,4.14,4.31,4.4,4.65
2026-07-28,4.09,4.26,4.35,4.61
2026-07-29,4.04,4.22,4.37,4.67
2026-07-30,4.04,4.23,4.38,4.68
2026-07-31,4.08,4.28,4.45,4.75
2026-08-03,4.07,4.25,4.4,4.7
2026-08-04,4.04,4.2,4.33,4.63
2026-08-05,4.03,4.18,4.33,4.63
2026-08-06,4.06,4.25,4.4,4.69
2026-08-07,4.01,4.19,4.35,4.65
2026-08-10,4.04,4.25,4.41,4.72
2026-08-11,4.03,4.22,4.39,4.7
2026-08-12,4,4.2,4.38,4.68
2026-08-13,3.97,4.15,4.32,4.63
2026-08-14,3.98,4.17,4.36,4.68
