strategy,instrument,session,atr_q,adx_q,direction,n,wins,wr,wilson_lo,fisher_p,bonf_p_x4608,fdr_bh_q10,wf,kelly_half,pf,spread_adj_ev
gbp_deep_pullback,USD_JPY,tokyo,Q1,Q1,BUY,0,0,0.0,0.0,1.0,1.0,False,0/3,0.0,0.0,0.0
gbp_deep_pullback,USD_JPY,tokyo,Q1,Q1,SELL,0,0,0.0,0.0,1.0,1.0,False,0/3,0.0,0.0,0.0
gbp_deep_pullback,USD_JPY,tokyo,Q1,Q2,BUY,0,0,0.0,0.0,1.0,1.0,False,0/3,0.0,0.0,0.0
gbp_deep_pullback,USD_JPY,tokyo,Q1,Q2,SELL,0,0,0.0,0.0,1.0,1.0,False,0/3,0.0,0.0,0.0
gbp_deep_pullback,USD_JPY,tokyo,Q1,Q3,BUY,0,0,0.0,0.0,1.0,1.0,False,0/3,0.0,0.0,0.0
gbp_deep_pullback,USD_JPY,tokyo,Q1,Q3,SELL,0,0,0.0,0.0,1.0,1.0,False,0/3,0.0,0.0,0.0
gbp_deep_pullback,USD_JPY,tokyo,Q1,Q4,BUY,0,0,0.0,0.0,1.0,1.0,False,0/3,0.0,0.0,0.0
gbp_deep_pullback,USD_JPY,tokyo,Q1,Q4,SELL,0,0,0.0,0.0,1.0,1.0,False,0/3,0.0,0.0,0.0
gbp_deep_pullback,USD_JPY,tokyo,Q2,Q1,BUY,0,0,0.0,0.0,1.0,1.0,False,0/3,0.0,0.0,0.0
gbp_deep_pullback,USD_JPY,tokyo,Q2,Q1,SELL,0,0,0.0,0.0,1.0,1.0,False,0/3,0.0,0.0,0.0
gbp_deep_pullback,USD_JPY,tokyo,Q2,Q2,BUY,0,0,0.0,0.0,1.0,1.0,False,0/3,0.0,0.0,0.0
gbp_deep_pullback,USD_JPY,tokyo,Q2,Q2,SELL,0,0,0.0,0.0,1.0,1.0,False,0/3,0.0,0.0,0.0
gbp_deep_pullback,USD_JPY,tokyo,Q2,Q3,BUY,0,0,0.0,0.0,1.0,1.0,False,0/3,0.0,0.0,0.0
gbp_deep_pullback,USD_JPY,tokyo,Q2,Q3,SELL,0,0,0.0,0.0,1.0,1.0,False,0/3,0.0,0.0,0.0
gbp_deep_pullback,USD_JPY,tokyo,Q2,Q4,BUY,0,0,0.0,0.0,1.0,1.0,False,0/3,0.0,0.0,0.0
gbp_deep_pullback,USD_JPY,tokyo,Q2,Q4,SELL,0,0,0.0,0.0,1.0,1.0,False,0/3,0.0,0.0,0.0
gbp_deep_pullback,USD_JPY,tokyo,Q3,Q1,BUY,0,0,0.0,0.0,1.0,1.0,False,0/3,0.0,0.0,0.0
gbp_deep_pullback,USD_JPY,tokyo,Q3,Q1,SELL,0,0,0.0,0.0,1.0,1.0,False,0/3,0.0,0.0,0.0
gbp_deep_pullback,USD_JPY,tokyo,Q3,Q2,BUY,0,0,0.0,0.0,1.0,1.0,False,0/3,0.0,0.0,0.0
gbp_deep_pullback,USD_JPY,tokyo,Q3,Q2,SELL,0,0,0.0,0.0,1.0,1.0,False,0/3,0.0,0.0,0.0
gbp_deep_pullback,USD_JPY,tokyo,Q3,Q3,BUY,0,0,0.0,0.0,1.0,1.0,False,0/3,0.0,0.0,0.0
gbp_deep_pullback,USD_JPY,tokyo,Q3,Q3,SELL,0,0,0.0,0.0,1.0,1.0,False,0/3,0.0,0.0,0.0
gbp_deep_pullback,USD_JPY,tokyo,Q3,Q4,BUY,0,0,0.0,0.0,1.0,1.0,False,0/3,0.0,0.0,0.0
gbp_deep_pullback,USD_JPY,tokyo,Q3,Q4,SELL,0,0,0.0,0.0,1.0,1.0,False,0/3,0.0,0.0,0.0
gbp_deep_pullback,USD_JPY,tokyo,Q4,Q1,BUY,0,0,0.0,0.0,1.0,1.0,False,0/3,0.0,0.0,0.0
gbp_deep_pullback,USD_JPY,tokyo,Q4,Q1,SELL,0,0,0.0,0.0,1.0,1.0,False,0/3,0.0,0.0,0.0
gbp_deep_pullback,USD_JPY,tokyo,Q4,Q2,BUY,0,0,0.0,0.0,1.0,1.0,False,0/3,0.0,0.0,0.0
gbp_deep_pullback,USD_JPY,tokyo,Q4,Q2,SELL,0,0,0.0,0.0,1.0,1.0,False,0/3,0.0,0.0,0.0
gbp_deep_pullback,USD_JPY,tokyo,Q4,Q3,BUY,0,0,0.0,0.0,1.0,1.0,False,0/3,0.0,0.0,0.0
gbp_deep_pullback,USD_JPY,tokyo,Q4,Q3,SELL,0,0,0.0,0.0,1.0,1.0,False,0/3,0.0,0.0,0.0
gbp_deep_pullback,USD_JPY,tokyo,Q4,Q4,BUY,0,0,0.0,0.0,1.0,1.0,False,0/3,0.0,0.0,0.0
gbp_deep_pullback,USD_JPY,tokyo,Q4,Q4,SELL,0,0,0.0,0.0,1.0,1.0,False,0/3,0.0,0.0,0.0
gbp_deep_pullback,USD_JPY,london,Q1,Q1,BUY,0,0,0.0,0.0,1.0,1.0,False,0/3,0.0,0.0,0.0
gbp_deep_pullback,USD_JPY,london,Q1,Q1,SELL,0,0,0.0,0.0,1.0,1.0,False,0/3,0.0,0.0,0.0
gbp_deep_pullback,USD_JPY,london,Q1,Q2,BUY,0,0,0.0,0.0,1.0,1.0,False,0/3,0.0,0.0,0.0
gbp_deep_pullback,USD_JPY,london,Q1,Q2,SELL,0,0,0.0,0.0,1.0,1.0,False,0/3,0.0,0.0,0.0
gbp_deep_pullback,USD_JPY,london,Q1,Q3,BUY,0,0,0.0,0.0,1.0,1.0,False,0/3,0.0,0.0,0.0
gbp_deep_pullback,USD_JPY,london,Q1,Q3,SELL,0,0,0.0,0.0,1.0,1.0,False,0/3,0.0,0.0,0.0
gbp_deep_pullback,USD_JPY,london,Q1,Q4,BUY,0,0,0.0,0.0,1.0,1.0,False,0/3,0.0,0.0,0.0
gbp_deep_pullback,USD_JPY,london,Q1,Q4,SELL,0,0,0.0,0.0,1.0,1.0,False,0/3,0.0,0.0,0.0
gbp_deep_pullback,USD_JPY,london,Q2,Q1,BUY,0,0,0.0,0.0,1.0,1.0,False,0/3,0.0,0.0,0.0
gbp_deep_pullback,USD_JPY,london,Q2,Q1,SELL,0,0,0.0,0.0,1.0,1.0,False,0/3,0.0,0.0,0.0
gbp_deep_pullback,USD_JPY,london,Q2,Q2,BUY,0,0,0.0,0.0,1.0,1.0,False,0/3,0.0,0.0,0.0
gbp_deep_pullback,USD_JPY,london,Q2,Q2,SELL,0,0,0.0,0.0,1.0,1.0,False,0/3,0.0,0.0,0.0
gbp_deep_pullback,USD_JPY,london,Q2,Q3,BUY,0,0,0.0,0.0,1.0,1.0,False,0/3,0.0,0.0,0.0
gbp_deep_pullback,USD_JPY,london,Q2,Q3,SELL,0,0,0.0,0.0,1.0,1.0,False,0/3,0.0,0.0,0.0
gbp_deep_pullback,USD_JPY,london,Q2,Q4,BUY,0,0,0.0,0.0,1.0,1.0,False,0/3,0.0,0.0,0.0
gbp_deep_pullback,USD_JPY,london,Q2,Q4,SELL,0,0,0.0,0.0,1.0,1.0,False,0/3,0.0,0.0,0.0
gbp_deep_pullback,USD_JPY,london,Q3,Q1,BUY,0,0,0.0,0.0,1.0,1.0,False,0/3,0.0,0.0,0.0
gbp_deep_pullback,USD_JPY,london,Q3,Q1,SELL,0,0,0.0,0.0,1.0,1.0,False,0/3,0.0,0.0,0.0
gbp_deep_pullback,USD_JPY,london,Q3,Q2,BUY,0,0,0.0,0.0,1.0,1.0,False,0/3,0.0,0.0,0.0
gbp_deep_pullback,USD_JPY,london,Q3,Q2,SELL,0,0,0.0,0.0,1.0,1.0,False,0/3,0.0,0.0,0.0
gbp_deep_pullback,USD_JPY,london,Q3,Q3,BUY,0,0,0.0,0.0,1.0,1.0,False,0/3,0.0,0.0,0.0
gbp_deep_pullback,USD_JPY,london,Q3,Q3,SELL,0,0,0.0,0.0,1.0,1.0,False,0/3,0.0,0.0,0.0
gbp_deep_pullback,USD_JPY,london,Q3,Q4,BUY,0,0,0.0,0.0,1.0,1.0,False,0/3,0.0,0.0,0.0
gbp_deep_pullback,USD_JPY,london,Q3,Q4,SELL,0,0,0.0,0.0,1.0,1.0,False,0/3,0.0,0.0,0.0
gbp_deep_pullback,USD_JPY,london,Q4,Q1,BUY,0,0,0.0,0.0,1.0,1.0,False,0/3,0.0,0.0,0.0
gbp_deep_pullback,USD_JPY,london,Q4,Q1,SELL,0,0,0.0,0.0,1.0,1.0,False,0/3,0.0,0.0,0.0
gbp_deep_pullback,USD_JPY,london,Q4,Q2,BUY,0,0,0.0,0.0,1.0,1.0,False,0/3,0.0,0.0,0.0
gbp_deep_pullback,USD_JPY,london,Q4,Q2,SELL,0,0,0.0,0.0,1.0,1.0,False,0/3,0.0,0.0,0.0
gbp_deep_pullback,USD_JPY,london,Q4,Q3,BUY,0,0,0.0,0.0,1.0,1.0,False,0/3,0.0,0.0,0.0
gbp_deep_pullback,USD_JPY,london,Q4,Q3,SELL,0,0,0.0,0.0,1.0,1.0,False,0/3,0.0,0.0,0.0
gbp_deep_pullback,USD_JPY,london,Q4,Q4,BUY,0,0,0.0,0.0,1.0,1.0,False,0/3,0.0,0.0,0.0
gbp_deep_pullback,USD_JPY,london,Q4,Q4,SELL,0,0,0.0,0.0,1.0,1.0,False,0/3,0.0,0.0,0.0
gbp_deep_pullback,USD_JPY,ny,Q1,Q1,BUY,0,0,0.0,0.0,1.0,1.0,False,0/3,0.0,0.0,0.0
gbp_deep_pullback,USD_JPY,ny,Q1,Q1,SELL,0,0,0.0,0.0,1.0,1.0,False,0/3,0.0,0.0,0.0
gbp_deep_pullback,USD_JPY,ny,Q1,Q2,BUY,0,0,0.0,0.0,1.0,1.0,False,0/3,0.0,0.0,0.0
gbp_deep_pullback,USD_JPY,ny,Q1,Q2,SELL,0,0,0.0,0.0,1.0,1.0,False,0/3,0.0,0.0,0.0
gbp_deep_pullback,USD_JPY,ny,Q1,Q3,BUY,0,0,0.0,0.0,1.0,1.0,False,0/3,0.0,0.0,0.0
gbp_deep_pullback,USD_JPY,ny,Q1,Q3,SELL,0,0,0.0,0.0,1.0,1.0,False,0/3,0.0,0.0,0.0
gbp_deep_pullback,USD_JPY,ny,Q1,Q4,BUY,0,0,0.0,0.0,1.0,1.0,False,0/3,0.0,0.0,0.0
gbp_deep_pullback,USD_JPY,ny,Q1,Q4,SELL,0,0,0.0,0.0,1.0,1.0,False,0/3,0.0,0.0,0.0
gbp_deep_pullback,USD_JPY,ny,Q2,Q1,BUY,0,0,0.0,0.0,1.0,1.0,False,0/3,0.0,0.0,0.0
gbp_deep_pullback,USD_JPY,ny,Q2,Q1,SELL,0,0,0.0,0.0,1.0,1.0,False,0/3,0.0,0.0,0.0
gbp_deep_pullback,USD_JPY,ny,Q2,Q2,BUY,0,0,0.0,0.0,1.0,1.0,False,0/3,0.0,0.0,0.0
gbp_deep_pullback,USD_JPY,ny,Q2,Q2,SELL,0,0,0.0,0.0,1.0,1.0,False,0/3,0.0,0.0,0.0
gbp_deep_pullback,USD_JPY,ny,Q2,Q3,BUY,0,0,0.0,0.0,1.0,1.0,False,0/3,0.0,0.0,0.0
gbp_deep_pullback,USD_JPY,ny,Q2,Q3,SELL,0,0,0.0,0.0,1.0,1.0,False,0/3,0.0,0.0,0.0
gbp_deep_pullback,USD_JPY,ny,Q2,Q4,BUY,0,0,0.0,0.0,1.0,1.0,False,0/3,0.0,0.0,0.0
gbp_deep_pullback,USD_JPY,ny,Q2,Q4,SELL,0,0,0.0,0.0,1.0,1.0,False,0/3,0.0,0.0,0.0
gbp_deep_pullback,USD_JPY,ny,Q3,Q1,BUY,0,0,0.0,0.0,1.0,1.0,False,0/3,0.0,0.0,0.0
gbp_deep_pullback,USD_JPY,ny,Q3,Q1,SELL,0,0,0.0,0.0,1.0,1.0,False,0/3,0.0,0.0,0.0
gbp_deep_pullback,USD_JPY,ny,Q3,Q2,BUY,0,0,0.0,0.0,1.0,1.0,False,0/3,0.0,0.0,0.0
gbp_deep_pullback,USD_JPY,ny,Q3,Q2,SELL,0,0,0.0,0.0,1.0,1.0,False,0/3,0.0,0.0,0.0
gbp_deep_pullback,USD_JPY,ny,Q3,Q3,BUY,0,0,0.0,0.0,1.0,1.0,False,0/3,0.0,0.0,0.0
gbp_deep_pullback,USD_JPY,ny,Q3,Q3,SELL,0,0,0.0,0.0,1.0,1.0,False,0/3,0.0,0.0,0.0
gbp_deep_pullback,USD_JPY,ny,Q3,Q4,BUY,0,0,0.0,0.0,1.0,1.0,False,0/3,0.0,0.0,0.0
gbp_deep_pullback,USD_JPY,ny,Q3,Q4,SELL,0,0,0.0,0.0,1.0,1.0,False,0/3,0.0,0.0,0.0
gbp_deep_pullback,USD_JPY,ny,Q4,Q1,BUY,0,0,0.0,0.0,1.0,1.0,False,0/3,0.0,0.0,0.0
gbp_deep_pullback,USD_JPY,ny,Q4,Q1,SELL,0,0,0.0,0.0,1.0,1.0,False,0/3,0.0,0.0,0.0
gbp_deep_pullback,USD_JPY,ny,Q4,Q2,BUY,0,0,0.0,0.0,1.0,1.0,False,0/3,0.0,0.0,0.0
gbp_deep_pullback,USD_JPY,ny,Q4,Q2,SELL,0,0,0.0,0.0,1.0,1.0,False,0/3,0.0,0.0,0.0
gbp_deep_pullback,USD_JPY,ny,Q4,Q3,BUY,0,0,0.0,0.0,1.0,1.0,False,0/3,0.0,0.0,0.0
gbp_deep_pullback,USD_JPY,ny,Q4,Q3,SELL,0,0,0.0,0.0,1.0,1.0,False,0/3,0.0,0.0,0.0
gbp_deep_pullback,USD_JPY,ny,Q4,Q4,BUY,0,0,0.0,0.0,1.0,1.0,False,0/3,0.0,0.0,0.0
gbp_deep_pullback,USD_JPY,ny,Q4,Q4,SELL,0,0,0.0,0.0,1.0,1.0,False,0/3,0.0,0.0,0.0
gbp_deep_pullback,USD_JPY,overlap,Q1,Q1,BUY,0,0,0.0,0.0,1.0,1.0,False,0/3,0.0,0.0,0.0
gbp_deep_pullback,USD_JPY,overlap,Q1,Q1,SELL,0,0,0.0,0.0,1.0,1.0,False,0/3,0.0,0.0,0.0
gbp_deep_pullback,USD_JPY,overlap,Q1,Q2,BUY,0,0,0.0,0.0,1.0,1.0,False,0/3,0.0,0.0,0.0
gbp_deep_pullback,USD_JPY,overlap,Q1,Q2,SELL,0,0,0.0,0.0,1.0,1.0,False,0/3,0.0,0.0,0.0
gbp_deep_pullback,USD_JPY,overlap,Q1,Q3,BUY,0,0,0.0,0.0,1.0,1.0,False,0/3,0.0,0.0,0.0
gbp_deep_pullback,USD_JPY,overlap,Q1,Q3,SELL,0,0,0.0,0.0,1.0,1.0,False,0/3,0.0,0.0,0.0
gbp_deep_pullback,USD_JPY,overlap,Q1,Q4,BUY,0,0,0.0,0.0,1.0,1.0,False,0/3,0.0,0.0,0.0
gbp_deep_pullback,USD_JPY,overlap,Q1,Q4,SELL,0,0,0.0,0.0,1.0,1.0,False,0/3,0.0,0.0,0.0
gbp_deep_pullback,USD_JPY,overlap,Q2,Q1,BUY,0,0,0.0,0.0,1.0,1.0,False,0/3,0.0,0.0,0.0
gbp_deep_pullback,USD_JPY,overlap,Q2,Q1,SELL,0,0,0.0,0.0,1.0,1.0,False,0/3,0.0,0.0,0.0
gbp_deep_pullback,USD_JPY,overlap,Q2,Q2,BUY,0,0,0.0,0.0,1.0,1.0,False,0/3,0.0,0.0,0.0
gbp_deep_pullback,USD_JPY,overlap,Q2,Q2,SELL,0,0,0.0,0.0,1.0,1.0,False,0/3,0.0,0.0,0.0
gbp_deep_pullback,USD_JPY,overlap,Q2,Q3,BUY,0,0,0.0,0.0,1.0,1.0,False,0/3,0.0,0.0,0.0
gbp_deep_pullback,USD_JPY,overlap,Q2,Q3,SELL,0,0,0.0,0.0,1.0,1.0,False,0/3,0.0,0.0,0.0
gbp_deep_pullback,USD_JPY,overlap,Q2,Q4,BUY,0,0,0.0,0.0,1.0,1.0,False,0/3,0.0,0.0,0.0
gbp_deep_pullback,USD_JPY,overlap,Q2,Q4,SELL,0,0,0.0,0.0,1.0,1.0,False,0/3,0.0,0.0,0.0
gbp_deep_pullback,USD_JPY,overlap,Q3,Q1,BUY,0,0,0.0,0.0,1.0,1.0,False,0/3,0.0,0.0,0.0
gbp_deep_pullback,USD_JPY,overlap,Q3,Q1,SELL,0,0,0.0,0.0,1.0,1.0,False,0/3,0.0,0.0,0.0
gbp_deep_pullback,USD_JPY,overlap,Q3,Q2,BUY,0,0,0.0,0.0,1.0,1.0,False,0/3,0.0,0.0,0.0
gbp_deep_pullback,USD_JPY,overlap,Q3,Q2,SELL,0,0,0.0,0.0,1.0,1.0,False,0/3,0.0,0.0,0.0
gbp_deep_pullback,USD_JPY,overlap,Q3,Q3,BUY,0,0,0.0,0.0,1.0,1.0,False,0/3,0.0,0.0,0.0
gbp_deep_pullback,USD_JPY,overlap,Q3,Q3,SELL,0,0,0.0,0.0,1.0,1.0,False,0/3,0.0,0.0,0.0
gbp_deep_pullback,USD_JPY,overlap,Q3,Q4,BUY,0,0,0.0,0.0,1.0,1.0,False,0/3,0.0,0.0,0.0
gbp_deep_pullback,USD_JPY,overlap,Q3,Q4,SELL,0,0,0.0,0.0,1.0,1.0,False,0/3,0.0,0.0,0.0
gbp_deep_pullback,USD_JPY,overlap,Q4,Q1,BUY,0,0,0.0,0.0,1.0,1.0,False,0/3,0.0,0.0,0.0
gbp_deep_pullback,USD_JPY,overlap,Q4,Q1,SELL,0,0,0.0,0.0,1.0,1.0,False,0/3,0.0,0.0,0.0
gbp_deep_pullback,USD_JPY,overlap,Q4,Q2,BUY,0,0,0.0,0.0,1.0,1.0,False,0/3,0.0,0.0,0.0
gbp_deep_pullback,USD_JPY,overlap,Q4,Q2,SELL,0,0,0.0,0.0,1.0,1.0,False,0/3,0.0,0.0,0.0
gbp_deep_pullback,USD_JPY,overlap,Q4,Q3,BUY,0,0,0.0,0.0,1.0,1.0,False,0/3,0.0,0.0,0.0
gbp_deep_pullback,USD_JPY,overlap,Q4,Q3,SELL,0,0,0.0,0.0,1.0,1.0,False,0/3,0.0,0.0,0.0
gbp_deep_pullback,USD_JPY,overlap,Q4,Q4,BUY,0,0,0.0,0.0,1.0,1.0,False,0/3,0.0,0.0,0.0
gbp_deep_pullback,USD_JPY,overlap,Q4,Q4,SELL,0,0,0.0,0.0,1.0,1.0,False,0/3,0.0,0.0,0.0
gbp_deep_pullback,EUR_USD,tokyo,Q1,Q1,BUY,0,0,0.0,0.0,1.0,1.0,False,0/3,0.0,0.0,0.0
gbp_deep_pullback,EUR_USD,tokyo,Q1,Q1,SELL,0,0,0.0,0.0,1.0,1.0,False,0/3,0.0,0.0,0.0
gbp_deep_pullback,EUR_USD,tokyo,Q1,Q2,BUY,0,0,0.0,0.0,1.0,1.0,False,0/3,0.0,0.0,0.0
gbp_deep_pullback,EUR_USD,tokyo,Q1,Q2,SELL,0,0,0.0,0.0,1.0,1.0,False,0/3,0.0,0.0,0.0
gbp_deep_pullback,EUR_USD,tokyo,Q1,Q3,BUY,0,0,0.0,0.0,1.0,1.0,False,0/3,0.0,0.0,0.0
gbp_deep_pullback,EUR_USD,tokyo,Q1,Q3,SELL,0,0,0.0,0.0,1.0,1.0,False,0/3,0.0,0.0,0.0
gbp_deep_pullback,EUR_USD,tokyo,Q1,Q4,BUY,0,0,0.0,0.0,1.0,1.0,False,0/3,0.0,0.0,0.0
gbp_deep_pullback,EUR_USD,tokyo,Q1,Q4,SELL,0,0,0.0,0.0,1.0,1.0,False,0/3,0.0,0.0,0.0
gbp_deep_pullback,EUR_USD,tokyo,Q2,Q1,BUY,0,0,0.0,0.0,1.0,1.0,False,0/3,0.0,0.0,0.0
gbp_deep_pullback,EUR_USD,tokyo,Q2,Q1,SELL,0,0,0.0,0.0,1.0,1.0,False,0/3,0.0,0.0,0.0
gbp_deep_pullback,EUR_USD,tokyo,Q2,Q2,BUY,0,0,0.0,0.0,1.0,1.0,False,0/3,0.0,0.0,0.0
gbp_deep_pullback,EUR_USD,tokyo,Q2,Q2,SELL,0,0,0.0,0.0,1.0,1.0,False,0/3,0.0,0.0,0.0
gbp_deep_pullback,EUR_USD,tokyo,Q2,Q3,BUY,0,0,0.0,0.0,1.0,1.0,False,0/3,0.0,0.0,0.0
gbp_deep_pullback,EUR_USD,tokyo,Q2,Q3,SELL,0,0,0.0,0.0,1.0,1.0,False,0/3,0.0,0.0,0.0
gbp_deep_pullback,EUR_USD,tokyo,Q2,Q4,BUY,0,0,0.0,0.0,1.0,1.0,False,0/3,0.0,0.0,0.0
gbp_deep_pullback,EUR_USD,tokyo,Q2,Q4,SELL,0,0,0.0,0.0,1.0,1.0,False,0/3,0.0,0.0,0.0
gbp_deep_pullback,EUR_USD,tokyo,Q3,Q1,BUY,0,0,0.0,0.0,1.0,1.0,False,0/3,0.0,0.0,0.0
gbp_deep_pullback,EUR_USD,tokyo,Q3,Q1,SELL,0,0,0.0,0.0,1.0,1.0,False,0/3,0.0,0.0,0.0
gbp_deep_pullback,EUR_USD,tokyo,Q3,Q2,BUY,0,0,0.0,0.0,1.0,1.0,False,0/3,0.0,0.0,0.0
gbp_deep_pullback,EUR_USD,tokyo,Q3,Q2,SELL,0,0,0.0,0.0,1.0,1.0,False,0/3,0.0,0.0,0.0
gbp_deep_pullback,EUR_USD,tokyo,Q3,Q3,BUY,0,0,0.0,0.0,1.0,1.0,False,0/3,0.0,0.0,0.0
gbp_deep_pullback,EUR_USD,tokyo,Q3,Q3,SELL,0,0,0.0,0.0,1.0,1.0,False,0/3,0.0,0.0,0.0
gbp_deep_pullback,EUR_USD,tokyo,Q3,Q4,BUY,0,0,0.0,0.0,1.0,1.0,False,0/3,0.0,0.0,0.0
gbp_deep_pullback,EUR_USD,tokyo,Q3,Q4,SELL,0,0,0.0,0.0,1.0,1.0,False,0/3,0.0,0.0,0.0
gbp_deep_pullback,EUR_USD,tokyo,Q4,Q1,BUY,0,0,0.0,0.0,1.0,1.0,False,0/3,0.0,0.0,0.0
gbp_deep_pullback,EUR_USD,tokyo,Q4,Q1,SELL,0,0,0.0,0.0,1.0,1.0,False,0/3,0.0,0.0,0.0
gbp_deep_pullback,EUR_USD,tokyo,Q4,Q2,BUY,0,0,0.0,0.0,1.0,1.0,False,0/3,0.0,0.0,0.0
gbp_deep_pullback,EUR_USD,tokyo,Q4,Q2,SELL,0,0,0.0,0.0,1.0,1.0,False,0/3,0.0,0.0,0.0
gbp_deep_pullback,EUR_USD,tokyo,Q4,Q3,BUY,0,0,0.0,0.0,1.0,1.0,False,0/3,0.0,0.0,0.0
gbp_deep_pullback,EUR_USD,tokyo,Q4,Q3,SELL,0,0,0.0,0.0,1.0,1.0,False,0/3,0.0,0.0,0.0
gbp_deep_pullback,EUR_USD,tokyo,Q4,Q4,BUY,0,0,0.0,0.0,1.0,1.0,False,0/3,0.0,0.0,0.0
gbp_deep_pullback,EUR_USD,tokyo,Q4,Q4,SELL,0,0,0.0,0.0,1.0,1.0,False,0/3,0.0,0.0,0.0
gbp_deep_pullback,EUR_USD,london,Q1,Q1,BUY,0,0,0.0,0.0,1.0,1.0,False,0/3,0.0,0.0,0.0
gbp_deep_pullback,EUR_USD,london,Q1,Q1,SELL,0,0,0.0,0.0,1.0,1.0,False,0/3,0.0,0.0,0.0
gbp_deep_pullback,EUR_USD,london,Q1,Q2,BUY,0,0,0.0,0.0,1.0,1.0,False,0/3,0.0,0.0,0.0
gbp_deep_pullback,EUR_USD,london,Q1,Q2,SELL,0,0,0.0,0.0,1.0,1.0,False,0/3,0.0,0.0,0.0
gbp_deep_pullback,EUR_USD,london,Q1,Q3,BUY,0,0,0.0,0.0,1.0,1.0,False,0/3,0.0,0.0,0.0
gbp_deep_pullback,EUR_USD,london,Q1,Q3,SELL,0,0,0.0,0.0,1.0,1.0,False,0/3,0.0,0.0,0.0
gbp_deep_pullback,EUR_USD,london,Q1,Q4,BUY,0,0,0.0,0.0,1.0,1.0,False,0/3,0.0,0.0,0.0
gbp_deep_pullback,EUR_USD,london,Q1,Q4,SELL,0,0,0.0,0.0,1.0,1.0,False,0/3,0.0,0.0,0.0
gbp_deep_pullback,EUR_USD,london,Q2,Q1,BUY,0,0,0.0,0.0,1.0,1.0,False,0/3,0.0,0.0,0.0
gbp_deep_pullback,EUR_USD,london,Q2,Q1,SELL,0,0,0.0,0.0,1.0,1.0,False,0/3,0.0,0.0,0.0
gbp_deep_pullback,EUR_USD,london,Q2,Q2,BUY,0,0,0.0,0.0,1.0,1.0,False,0/3,0.0,0.0,0.0
gbp_deep_pullback,EUR_USD,london,Q2,Q2,SELL,0,0,0.0,0.0,1.0,1.0,False,0/3,0.0,0.0,0.0
gbp_deep_pullback,EUR_USD,london,Q2,Q3,BUY,0,0,0.0,0.0,1.0,1.0,False,0/3,0.0,0.0,0.0
gbp_deep_pullback,EUR_USD,london,Q2,Q3,SELL,0,0,0.0,0.0,1.0,1.0,False,0/3,0.0,0.0,0.0
gbp_deep_pullback,EUR_USD,london,Q2,Q4,BUY,0,0,0.0,0.0,1.0,1.0,False,0/3,0.0,0.0,0.0
gbp_deep_pullback,EUR_USD,london,Q2,Q4,SELL,0,0,0.0,0.0,1.0,1.0,False,0/3,0.0,0.0,0.0
gbp_deep_pullback,EUR_USD,london,Q3,Q1,BUY,0,0,0.0,0.0,1.0,1.0,False,0/3,0.0,0.0,0.0
gbp_deep_pullback,EUR_USD,london,Q3,Q1,SELL,0,0,0.0,0.0,1.0,1.0,False,0/3,0.0,0.0,0.0
gbp_deep_pullback,EUR_USD,london,Q3,Q2,BUY,0,0,0.0,0.0,1.0,1.0,False,0/3,0.0,0.0,0.0
gbp_deep_pullback,EUR_USD,london,Q3,Q2,SELL,0,0,0.0,0.0,1.0,1.0,False,0/3,0.0,0.0,0.0
gbp_deep_pullback,EUR_USD,london,Q3,Q3,BUY,0,0,0.0,0.0,1.0,1.0,False,0/3,0.0,0.0,0.0
gbp_deep_pullback,EUR_USD,london,Q3,Q3,SELL,0,0,0.0,0.0,1.0,1.0,False,0/3,0.0,0.0,0.0
gbp_deep_pullback,EUR_USD,london,Q3,Q4,BUY,0,0,0.0,0.0,1.0,1.0,False,0/3,0.0,0.0,0.0
gbp_deep_pullback,EUR_USD,london,Q3,Q4,SELL,0,0,0.0,0.0,1.0,1.0,False,0/3,0.0,0.0,0.0
gbp_deep_pullback,EUR_USD,london,Q4,Q1,BUY,0,0,0.0,0.0,1.0,1.0,False,0/3,0.0,0.0,0.0
gbp_deep_pullback,EUR_USD,london,Q4,Q1,SELL,0,0,0.0,0.0,1.0,1.0,False,0/3,0.0,0.0,0.0
gbp_deep_pullback,EUR_USD,london,Q4,Q2,BUY,0,0,0.0,0.0,1.0,1.0,False,0/3,0.0,0.0,0.0
gbp_deep_pullback,EUR_USD,london,Q4,Q2,SELL,0,0,0.0,0.0,1.0,1.0,False,0/3,0.0,0.0,0.0
gbp_deep_pullback,EUR_USD,london,Q4,Q3,BUY,0,0,0.0,0.0,1.0,1.0,False,0/3,0.0,0.0,0.0
gbp_deep_pullback,EUR_USD,london,Q4,Q3,SELL,0,0,0.0,0.0,1.0,1.0,False,0/3,0.0,0.0,0.0
gbp_deep_pullback,EUR_USD,london,Q4,Q4,BUY,0,0,0.0,0.0,1.0,1.0,False,0/3,0.0,0.0,0.0
gbp_deep_pullback,EUR_USD,london,Q4,Q4,SELL,0,0,0.0,0.0,1.0,1.0,False,0/3,0.0,0.0,0.0
gbp_deep_pullback,EUR_USD,ny,Q1,Q1,BUY,0,0,0.0,0.0,1.0,1.0,False,0/3,0.0,0.0,0.0
gbp_deep_pullback,EUR_USD,ny,Q1,Q1,SELL,0,0,0.0,0.0,1.0,1.0,False,0/3,0.0,0.0,0.0
gbp_deep_pullback,EUR_USD,ny,Q1,Q2,BUY,0,0,0.0,0.0,1.0,1.0,False,0/3,0.0,0.0,0.0
gbp_deep_pullback,EUR_USD,ny,Q1,Q2,SELL,0,0,0.0,0.0,1.0,1.0,False,0/3,0.0,0.0,0.0
gbp_deep_pullback,EUR_USD,ny,Q1,Q3,BUY,0,0,0.0,0.0,1.0,1.0,False,0/3,0.0,0.0,0.0
gbp_deep_pullback,EUR_USD,ny,Q1,Q3,SELL,0,0,0.0,0.0,1.0,1.0,False,0/3,0.0,0.0,0.0
gbp_deep_pullback,EUR_USD,ny,Q1,Q4,BUY,0,0,0.0,0.0,1.0,1.0,False,0/3,0.0,0.0,0.0
gbp_deep_pullback,EUR_USD,ny,Q1,Q4,SELL,0,0,0.0,0.0,1.0,1.0,False,0/3,0.0,0.0,0.0
gbp_deep_pullback,EUR_USD,ny,Q2,Q1,BUY,0,0,0.0,0.0,1.0,1.0,False,0/3,0.0,0.0,0.0
gbp_deep_pullback,EUR_USD,ny,Q2,Q1,SELL,0,0,0.0,0.0,1.0,1.0,False,0/3,0.0,0.0,0.0
gbp_deep_pullback,EUR_USD,ny,Q2,Q2,BUY,0,0,0.0,0.0,1.0,1.0,False,0/3,0.0,0.0,0.0
gbp_deep_pullback,EUR_USD,ny,Q2,Q2,SELL,0,0,0.0,0.0,1.0,1.0,False,0/3,0.0,0.0,0.0
gbp_deep_pullback,EUR_USD,ny,Q2,Q3,BUY,0,0,0.0,0.0,1.0,1.0,False,0/3,0.0,0.0,0.0
gbp_deep_pullback,EUR_USD,ny,Q2,Q3,SELL,0,0,0.0,0.0,1.0,1.0,False,0/3,0.0,0.0,0.0
gbp_deep_pullback,EUR_USD,ny,Q2,Q4,BUY,0,0,0.0,0.0,1.0,1.0,False,0/3,0.0,0.0,0.0
gbp_deep_pullback,EUR_USD,ny,Q2,Q4,SELL,0,0,0.0,0.0,1.0,1.0,False,0/3,0.0,0.0,0.0
gbp_deep_pullback,EUR_USD,ny,Q3,Q1,BUY,0,0,0.0,0.0,1.0,1.0,False,0/3,0.0,0.0,0.0
gbp_deep_pullback,EUR_USD,ny,Q3,Q1,SELL,0,0,0.0,0.0,1.0,1.0,False,0/3,0.0,0.0,0.0
gbp_deep_pullback,EUR_USD,ny,Q3,Q2,BUY,0,0,0.0,0.0,1.0,1.0,False,0/3,0.0,0.0,0.0
gbp_deep_pullback,EUR_USD,ny,Q3,Q2,SELL,0,0,0.0,0.0,1.0,1.0,False,0/3,0.0,0.0,0.0
gbp_deep_pullback,EUR_USD,ny,Q3,Q3,BUY,0,0,0.0,0.0,1.0,1.0,False,0/3,0.0,0.0,0.0
gbp_deep_pullback,EUR_USD,ny,Q3,Q3,SELL,0,0,0.0,0.0,1.0,1.0,False,0/3,0.0,0.0,0.0
gbp_deep_pullback,EUR_USD,ny,Q3,Q4,BUY,0,0,0.0,0.0,1.0,1.0,False,0/3,0.0,0.0,0.0
gbp_deep_pullback,EUR_USD,ny,Q3,Q4,SELL,0,0,0.0,0.0,1.0,1.0,False,0/3,0.0,0.0,0.0
gbp_deep_pullback,EUR_USD,ny,Q4,Q1,BUY,0,0,0.0,0.0,1.0,1.0,False,0/3,0.0,0.0,0.0
gbp_deep_pullback,EUR_USD,ny,Q4,Q1,SELL,0,0,0.0,0.0,1.0,1.0,False,0/3,0.0,0.0,0.0
gbp_deep_pullback,EUR_USD,ny,Q4,Q2,BUY,0,0,0.0,0.0,1.0,1.0,False,0/3,0.0,0.0,0.0
gbp_deep_pullback,EUR_USD,ny,Q4,Q2,SELL,0,0,0.0,0.0,1.0,1.0,False,0/3,0.0,0.0,0.0
gbp_deep_pullback,EUR_USD,ny,Q4,Q3,BUY,0,0,0.0,0.0,1.0,1.0,False,0/3,0.0,0.0,0.0
gbp_deep_pullback,EUR_USD,ny,Q4,Q3,SELL,0,0,0.0,0.0,1.0,1.0,False,0/3,0.0,0.0,0.0
gbp_deep_pullback,EUR_USD,ny,Q4,Q4,BUY,0,0,0.0,0.0,1.0,1.0,False,0/3,0.0,0.0,0.0
gbp_deep_pullback,EUR_USD,ny,Q4,Q4,SELL,0,0,0.0,0.0,1.0,1.0,False,0/3,0.0,0.0,0.0
gbp_deep_pullback,EUR_USD,overlap,Q1,Q1,BUY,0,0,0.0,0.0,1.0,1.0,False,0/3,0.0,0.0,0.0
gbp_deep_pullback,EUR_USD,overlap,Q1,Q1,SELL,0,0,0.0,0.0,1.0,1.0,False,0/3,0.0,0.0,0.0
gbp_deep_pullback,EUR_USD,overlap,Q1,Q2,BUY,0,0,0.0,0.0,1.0,1.0,False,0/3,0.0,0.0,0.0
gbp_deep_pullback,EUR_USD,overlap,Q1,Q2,SELL,0,0,0.0,0.0,1.0,1.0,False,0/3,0.0,0.0,0.0
gbp_deep_pullback,EUR_USD,overlap,Q1,Q3,BUY,0,0,0.0,0.0,1.0,1.0,False,0/3,0.0,0.0,0.0
gbp_deep_pullback,EUR_USD,overlap,Q1,Q3,SELL,0,0,0.0,0.0,1.0,1.0,False,0/3,0.0,0.0,0.0
gbp_deep_pullback,EUR_USD,overlap,Q1,Q4,BUY,0,0,0.0,0.0,1.0,1.0,False,0/3,0.0,0.0,0.0
gbp_deep_pullback,EUR_USD,overlap,Q1,Q4,SELL,0,0,0.0,0.0,1.0,1.0,False,0/3,0.0,0.0,0.0
gbp_deep_pullback,EUR_USD,overlap,Q2,Q1,BUY,0,0,0.0,0.0,1.0,1.0,False,0/3,0.0,0.0,0.0
gbp_deep_pullback,EUR_USD,overlap,Q2,Q1,SELL,0,0,0.0,0.0,1.0,1.0,False,0/3,0.0,0.0,0.0
gbp_deep_pullback,EUR_USD,overlap,Q2,Q2,BUY,0,0,0.0,0.0,1.0,1.0,False,0/3,0.0,0.0,0.0
gbp_deep_pullback,EUR_USD,overlap,Q2,Q2,SELL,0,0,0.0,0.0,1.0,1.0,False,0/3,0.0,0.0,0.0
gbp_deep_pullback,EUR_USD,overlap,Q2,Q3,BUY,0,0,0.0,0.0,1.0,1.0,False,0/3,0.0,0.0,0.0
gbp_deep_pullback,EUR_USD,overlap,Q2,Q3,SELL,0,0,0.0,0.0,1.0,1.0,False,0/3,0.0,0.0,0.0
gbp_deep_pullback,EUR_USD,overlap,Q2,Q4,BUY,0,0,0.0,0.0,1.0,1.0,False,0/3,0.0,0.0,0.0
gbp_deep_pullback,EUR_USD,overlap,Q2,Q4,SELL,0,0,0.0,0.0,1.0,1.0,False,0/3,0.0,0.0,0.0
gbp_deep_pullback,EUR_USD,overlap,Q3,Q1,BUY,0,0,0.0,0.0,1.0,1.0,False,0/3,0.0,0.0,0.0
gbp_deep_pullback,EUR_USD,overlap,Q3,Q1,SELL,0,0,0.0,0.0,1.0,1.0,False,0/3,0.0,0.0,0.0
gbp_deep_pullback,EUR_USD,overlap,Q3,Q2,BUY,0,0,0.0,0.0,1.0,1.0,False,0/3,0.0,0.0,0.0
gbp_deep_pullback,EUR_USD,overlap,Q3,Q2,SELL,0,0,0.0,0.0,1.0,1.0,False,0/3,0.0,0.0,0.0
gbp_deep_pullback,EUR_USD,overlap,Q3,Q3,BUY,0,0,0.0,0.0,1.0,1.0,False,0/3,0.0,0.0,0.0
gbp_deep_pullback,EUR_USD,overlap,Q3,Q3,SELL,0,0,0.0,0.0,1.0,1.0,False,0/3,0.0,0.0,0.0
gbp_deep_pullback,EUR_USD,overlap,Q3,Q4,BUY,0,0,0.0,0.0,1.0,1.0,False,0/3,0.0,0.0,0.0
gbp_deep_pullback,EUR_USD,overlap,Q3,Q4,SELL,0,0,0.0,0.0,1.0,1.0,False,0/3,0.0,0.0,0.0
gbp_deep_pullback,EUR_USD,overlap,Q4,Q1,BUY,0,0,0.0,0.0,1.0,1.0,False,0/3,0.0,0.0,0.0
gbp_deep_pullback,EUR_USD,overlap,Q4,Q1,SELL,0,0,0.0,0.0,1.0,1.0,False,0/3,0.0,0.0,0.0
gbp_deep_pullback,EUR_USD,overlap,Q4,Q2,BUY,0,0,0.0,0.0,1.0,1.0,False,0/3,0.0,0.0,0.0
gbp_deep_pullback,EUR_USD,overlap,Q4,Q2,SELL,0,0,0.0,0.0,1.0,1.0,False,0/3,0.0,0.0,0.0
gbp_deep_pullback,EUR_USD,overlap,Q4,Q3,BUY,0,0,0.0,0.0,1.0,1.0,False,0/3,0.0,0.0,0.0
gbp_deep_pullback,EUR_USD,overlap,Q4,Q3,SELL,0,0,0.0,0.0,1.0,1.0,False,0/3,0.0,0.0,0.0
gbp_deep_pullback,EUR_USD,overlap,Q4,Q4,BUY,0,0,0.0,0.0,1.0,1.0,False,0/3,0.0,0.0,0.0
gbp_deep_pullback,EUR_USD,overlap,Q4,Q4,SELL,0,0,0.0,0.0,1.0,1.0,False,0/3,0.0,0.0,0.0
gbp_deep_pullback,GBP_USD,tokyo,Q1,Q1,BUY,0,0,0.0,0.0,1.0,1.0,False,0/3,0.0,0.0,0.0
gbp_deep_pullback,GBP_USD,tokyo,Q1,Q1,SELL,0,0,0.0,0.0,1.0,1.0,False,0/3,0.0,0.0,0.0
gbp_deep_pullback,GBP_USD,tokyo,Q1,Q2,BUY,0,0,0.0,0.0,1.0,1.0,False,0/3,0.0,0.0,0.0
gbp_deep_pullback,GBP_USD,tokyo,Q1,Q2,SELL,0,0,0.0,0.0,1.0,1.0,False,0/3,0.0,0.0,0.0
gbp_deep_pullback,GBP_USD,tokyo,Q1,Q3,BUY,0,0,0.0,0.0,1.0,1.0,False,0/3,0.0,0.0,0.0
gbp_deep_pullback,GBP_USD,tokyo,Q1,Q3,SELL,0,0,0.0,0.0,1.0,1.0,False,0/3,0.0,0.0,0.0
gbp_deep_pullback,GBP_USD,tokyo,Q1,Q4,BUY,0,0,0.0,0.0,1.0,1.0,False,0/3,0.0,0.0,0.0
gbp_deep_pullback,GBP_USD,tokyo,Q1,Q4,SELL,0,0,0.0,0.0,1.0,1.0,False,0/3,0.0,0.0,0.0
gbp_deep_pullback,GBP_USD,tokyo,Q2,Q1,BUY,0,0,0.0,0.0,1.0,1.0,False,0/3,0.0,0.0,0.0
gbp_deep_pullback,GBP_USD,tokyo,Q2,Q1,SELL,0,0,0.0,0.0,1.0,1.0,False,0/3,0.0,0.0,0.0
gbp_deep_pullback,GBP_USD,tokyo,Q2,Q2,BUY,0,0,0.0,0.0,1.0,1.0,False,0/3,0.0,0.0,0.0
gbp_deep_pullback,GBP_USD,tokyo,Q2,Q2,SELL,0,0,0.0,0.0,1.0,1.0,False,0/3,0.0,0.0,0.0
gbp_deep_pullback,GBP_USD,tokyo,Q2,Q3,BUY,0,0,0.0,0.0,1.0,1.0,False,0/3,0.0,0.0,0.0
gbp_deep_pullback,GBP_USD,tokyo,Q2,Q3,SELL,0,0,0.0,0.0,1.0,1.0,False,0/3,0.0,0.0,0.0
gbp_deep_pullback,GBP_USD,tokyo,Q2,Q4,BUY,0,0,0.0,0.0,1.0,1.0,False,0/3,0.0,0.0,0.0
gbp_deep_pullback,GBP_USD,tokyo,Q2,Q4,SELL,0,0,0.0,0.0,1.0,1.0,False,0/3,0.0,0.0,0.0
gbp_deep_pullback,GBP_USD,tokyo,Q3,Q1,BUY,4,1,0.25,0.045586062644636216,0.711842537731066,1.0,False,1/3,0.045430672268907554,1.5709570957095709,4.325000000000001
gbp_deep_pullback,GBP_USD,tokyo,Q3,Q1,SELL,0,0,0.0,0.0,1.0,1.0,False,0/3,0.0,0.0,0.0
gbp_deep_pullback,GBP_USD,tokyo,Q3,Q2,BUY,0,0,0.0,0.0,1.0,1.0,False,0/3,0.0,0.0,0.0
gbp_deep_pullback,GBP_USD,tokyo,Q3,Q2,SELL,0,0,0.0,0.0,1.0,1.0,False,0/3,0.0,0.0,0.0
gbp_deep_pullback,GBP_USD,tokyo,Q3,Q3,BUY,0,0,0.0,0.0,1.0,1.0,False,0/3,0.0,0.0,0.0
gbp_deep_pullback,GBP_USD,tokyo,Q3,Q3,SELL,0,0,0.0,0.0,1.0,1.0,False,0/3,0.0,0.0,0.0
gbp_deep_pullback,GBP_USD,tokyo,Q3,Q4,BUY,0,0,0.0,0.0,1.0,1.0,False,0/3,0.0,0.0,0.0
gbp_deep_pullback,GBP_USD,tokyo,Q3,Q4,SELL,0,0,0.0,0.0,1.0,1.0,False,0/3,0.0,0.0,0.0
gbp_deep_pullback,GBP_USD,tokyo,Q4,Q1,BUY,0,0,0.0,0.0,1.0,1.0,False,0/3,0.0,0.0,0.0
gbp_deep_pullback,GBP_USD,tokyo,Q4,Q1,SELL,0,0,0.0,0.0,1.0,1.0,False,0/3,0.0,0.0,0.0
gbp_deep_pullback,GBP_USD,tokyo,Q4,Q2,BUY,0,0,0.0,0.0,1.0,1.0,False,0/3,0.0,0.0,0.0
gbp_deep_pullback,GBP_USD,tokyo,Q4,Q2,SELL,0,0,0.0,0.0,1.0,1.0,False,0/3,0.0,0.0,0.0
gbp_deep_pullback,GBP_USD,tokyo,Q4,Q3,BUY,1,1,1.0,0.20654329147389294,0.2672531769305963,1.0,False,1/3,0.0,inf,39.1
gbp_deep_pullback,GBP_USD,tokyo,Q4,Q3,SELL,0,0,0.0,0.0,1.0,1.0,False,0/3,0.0,0.0,0.0
gbp_deep_pullback,GBP_USD,tokyo,Q4,Q4,BUY,1,0,0.0,0.0,1.0,1.0,False,0/3,0.0,0.0,-22.3
gbp_deep_pullback,GBP_USD,tokyo,Q4,Q4,SELL,0,0,0.0,0.0,1.0,1.0,False,0/3,0.0,0.0,0.0
gbp_deep_pullback,GBP_USD,london,Q1,Q1,BUY,0,0,0.0,0.0,1.0,1.0,False,0/3,0.0,0.0,0.0
gbp_deep_pullback,GBP_USD,london,Q1,Q1,SELL,0,0,0.0,0.0,1.0,1.0,False,0/3,0.0,0.0,0.0
gbp_deep_pullback,GBP_USD,london,Q1,Q2,BUY,0,0,0.0,0.0,1.0,1.0,False,0/3,0.0,0.0,0.0
gbp_deep_pullback,GBP_USD,london,Q1,Q2,SELL,0,0,0.0,0.0,1.0,1.0,False,0/3,0.0,0.0,0.0
gbp_deep_pullback,GBP_USD,london,Q1,Q3,BUY,0,0,0.0,0.0,1.0,1.0,False,0/3,0.0,0.0,0.0
gbp_deep_pullback,GBP_USD,london,Q1,Q3,SELL,0,0,0.0,0.0,1.0,1.0,False,0/3,0.0,0.0,0.0
gbp_deep_pullback,GBP_USD,london,Q1,Q4,BUY,0,0,0.0,0.0,1.0,1.0,False,0/3,0.0,0.0,0.0
gbp_deep_pullback,GBP_USD,london,Q1,Q4,SELL,0,0,0.0,0.0,1.0,1.0,False,0/3,0.0,0.0,0.0
gbp_deep_pullback,GBP_USD,london,Q2,Q1,BUY,0,0,0.0,0.0,1.0,1.0,False,0/3,0.0,0.0,0.0
gbp_deep_pullback,GBP_USD,london,Q2,Q1,SELL,0,0,0.0,0.0,1.0,1.0,False,0/3,0.0,0.0,0.0
gbp_deep_pullback,GBP_USD,london,Q2,Q2,BUY,0,0,0.0,0.0,1.0,1.0,False,0/3,0.0,0.0,0.0
gbp_deep_pullback,GBP_USD,london,Q2,Q2,SELL,0,0,0.0,0.0,1.0,1.0,False,0/3,0.0,0.0,0.0
gbp_deep_pullback,GBP_USD,london,Q2,Q3,BUY,0,0,0.0,0.0,1.0,1.0,False,0/3,0.0,0.0,0.0
gbp_deep_pullback,GBP_USD,london,Q2,Q3,SELL,0,0,0.0,0.0,1.0,1.0,False,0/3,0.0,0.0,0.0
gbp_deep_pullback,GBP_USD,london,Q2,Q4,BUY,0,0,0.0,0.0,1.0,1.0,False,0/3,0.0,0.0,0.0
gbp_deep_pullback,GBP_USD,london,Q2,Q4,SELL,0,0,0.0,0.0,1.0,1.0,False,0/3,0.0,0.0,0.0
gbp_deep_pullback,GBP_USD,london,Q3,Q1,BUY,3,0,0.0,0.0,1.0,1.0,False,0/3,0.0,0.0,-15.300000000000002
gbp_deep_pullback,GBP_USD,london,Q3,Q1,SELL,0,0,0.0,0.0,1.0,1.0,False,0/3,0.0,0.0,0.0
gbp_deep_pullback,GBP_USD,london,Q3,Q2,BUY,0,0,0.0,0.0,1.0,1.0,False,0/3,0.0,0.0,0.0
gbp_deep_pullback,GBP_USD,london,Q3,Q2,SELL,0,0,0.0,0.0,1.0,1.0,False,0/3,0.0,0.0,0.0
gbp_deep_pullback,GBP_USD,london,Q3,Q3,BUY,0,0,0.0,0.0,1.0,1.0,False,0/3,0.0,0.0,0.0
gbp_deep_pullback,GBP_USD,london,Q3,Q3,SELL,0,0,0.0,0.0,1.0,1.0,False,0/3,0.0,0.0,0.0
gbp_deep_pullback,GBP_USD,london,Q3,Q4,BUY,0,0,0.0,0.0,1.0,1.0,False,0/3,0.0,0.0,0.0
gbp_deep_pullback,GBP_USD,london,Q3,Q4,SELL,0,0,0.0,0.0,1.0,1.0,False,0/3,0.0,0.0,0.0
gbp_deep_pullback,GBP_USD,london,Q4,Q1,BUY,0,0,0.0,0.0,1.0,1.0,False,0/3,0.0,0.0,0.0
gbp_deep_pullback,GBP_USD,london,Q4,Q1,SELL,0,0,0.0,0.0,1.0,1.0,False,0/3,0.0,0.0,0.0
gbp_deep_pullback,GBP_USD,london,Q4,Q2,BUY,0,0,0.0,0.0,1.0,1.0,False,0/3,0.0,0.0,0.0
gbp_deep_pullback,GBP_USD,london,Q4,Q2,SELL,0,0,0.0,0.0,1.0,1.0,False,0/3,0.0,0.0,0.0
gbp_deep_pullback,GBP_USD,london,Q4,Q3,BUY,0,0,0.0,0.0,1.0,1.0,False,0/3,0.0,0.0,0.0
gbp_deep_pullback,GBP_USD,london,Q4,Q3,SELL,0,0,0.0,0.0,1.0,1.0,False,0/3,0.0,0.0,0.0
gbp_deep_pullback,GBP_USD,london,Q4,Q4,BUY,1,0,0.0,0.0,1.0,1.0,False,0/3,0.0,0.0,-22.1
gbp_deep_pullback,GBP_USD,london,Q4,Q4,SELL,0,0,0.0,0.0,1.0,1.0,False,0/3,0.0,0.0,0.0
gbp_deep_pullback,GBP_USD,ny,Q1,Q1,BUY,0,0,0.0,0.0,1.0,1.0,False,0/3,0.0,0.0,0.0
gbp_deep_pullback,GBP_USD,ny,Q1,Q1,SELL,0,0,0.0,0.0,1.0,1.0,False,0/3,0.0,0.0,0.0
gbp_deep_pullback,GBP_USD,ny,Q1,Q2,BUY,0,0,0.0,0.0,1.0,1.0,False,0/3,0.0,0.0,0.0
gbp_deep_pullback,GBP_USD,ny,Q1,Q2,SELL,0,0,0.0,0.0,1.0,1.0,False,0/3,0.0,0.0,0.0
gbp_deep_pullback,GBP_USD,ny,Q1,Q3,BUY,0,0,0.0,0.0,1.0,1.0,False,0/3,0.0,0.0,0.0
gbp_deep_pullback,GBP_USD,ny,Q1,Q3,SELL,0,0,0.0,0.0,1.0,1.0,False,0/3,0.0,0.0,0.0
gbp_deep_pullback,GBP_USD,ny,Q1,Q4,BUY,0,0,0.0,0.0,1.0,1.0,False,0/3,0.0,0.0,0.0
gbp_deep_pullback,GBP_USD,ny,Q1,Q4,SELL,0,0,0.0,0.0,1.0,1.0,False,0/3,0.0,0.0,0.0
gbp_deep_pullback,GBP_USD,ny,Q2,Q1,BUY,0,0,0.0,0.0,1.0,1.0,False,0/3,0.0,0.0,0.0
gbp_deep_pullback,GBP_USD,ny,Q2,Q1,SELL,0,0,0.0,0.0,1.0,1.0,False,0/3,0.0,0.0,0.0
gbp_deep_pullback,GBP_USD,ny,Q2,Q2,BUY,0,0,0.0,0.0,1.0,1.0,False,0/3,0.0,0.0,0.0
gbp_deep_pullback,GBP_USD,ny,Q2,Q2,SELL,0,0,0.0,0.0,1.0,1.0,False,0/3,0.0,0.0,0.0
gbp_deep_pullback,GBP_USD,ny,Q2,Q3,BUY,0,0,0.0,0.0,1.0,1.0,False,0/3,0.0,0.0,0.0
gbp_deep_pullback,GBP_USD,ny,Q2,Q3,SELL,0,0,0.0,0.0,1.0,1.0,False,0/3,0.0,0.0,0.0
gbp_deep_pullback,GBP_USD,ny,Q2,Q4,BUY,0,0,0.0,0.0,1.0,1.0,False,0/3,0.0,0.0,0.0
gbp_deep_pullback,GBP_USD,ny,Q2,Q4,SELL,0,0,0.0,0.0,1.0,1.0,False,0/3,0.0,0.0,0.0
gbp_deep_pullback,GBP_USD,ny,Q3,Q1,BUY,0,0,0.0,0.0,1.0,1.0,False,0/3,0.0,0.0,0.0
gbp_deep_pullback,GBP_USD,ny,Q3,Q1,SELL,0,0,0.0,0.0,1.0,1.0,False,0/3,0.0,0.0,0.0
gbp_deep_pullback,GBP_USD,ny,Q3,Q2,BUY,0,0,0.0,0.0,1.0,1.0,False,0/3,0.0,0.0,0.0
gbp_deep_pullback,GBP_USD,ny,Q3,Q2,SELL,0,0,0.0,0.0,1.0,1.0,False,0/3,0.0,0.0,0.0
gbp_deep_pullback,GBP_USD,ny,Q3,Q3,BUY,0,0,0.0,0.0,1.0,1.0,False,0/3,0.0,0.0,0.0
gbp_deep_pullback,GBP_USD,ny,Q3,Q3,SELL,0,0,0.0,0.0,1.0,1.0,False,0/3,0.0,0.0,0.0
gbp_deep_pullback,GBP_USD,ny,Q3,Q4,BUY,0,0,0.0,0.0,1.0,1.0,False,0/3,0.0,0.0,0.0
gbp_deep_pullback,GBP_USD,ny,Q3,Q4,SELL,0,0,0.0,0.0,1.0,1.0,False,0/3,0.0,0.0,0.0
gbp_deep_pullback,GBP_USD,ny,Q4,Q1,BUY,0,0,0.0,0.0,1.0,1.0,False,0/3,0.0,0.0,0.0
gbp_deep_pullback,GBP_USD,ny,Q4,Q1,SELL,0,0,0.0,0.0,1.0,1.0,False,0/3,0.0,0.0,0.0
gbp_deep_pullback,GBP_USD,ny,Q4,Q2,BUY,0,0,0.0,0.0,1.0,1.0,False,0/3,0.0,0.0,0.0
gbp_deep_pullback,GBP_USD,ny,Q4,Q2,SELL,0,0,0.0,0.0,1.0,1.0,False,0/3,0.0,0.0,0.0
gbp_deep_pullback,GBP_USD,ny,Q4,Q3,BUY,0,0,0.0,0.0,1.0,1.0,False,0/3,0.0,0.0,0.0
gbp_deep_pullback,GBP_USD,ny,Q4,Q3,SELL,0,0,0.0,0.0,1.0,1.0,False,0/3,0.0,0.0,0.0
gbp_deep_pullback,GBP_USD,ny,Q4,Q4,BUY,0,0,0.0,0.0,1.0,1.0,False,0/3,0.0,0.0,0.0
gbp_deep_pullback,GBP_USD,ny,Q4,Q4,SELL,0,0,0.0,0.0,1.0,1.0,False,0/3,0.0,0.0,0.0
gbp_deep_pullback,GBP_USD,overlap,Q1,Q1,BUY,0,0,0.0,0.0,1.0,1.0,False,0/3,0.0,0.0,0.0
gbp_deep_pullback,GBP_USD,overlap,Q1,Q1,SELL,0,0,0.0,0.0,1.0,1.0,False,0/3,0.0,0.0,0.0
gbp_deep_pullback,GBP_USD,overlap,Q1,Q2,BUY,0,0,0.0,0.0,1.0,1.0,False,0/3,0.0,0.0,0.0
gbp_deep_pullback,GBP_USD,overlap,Q1,Q2,SELL,0,0,0.0,0.0,1.0,1.0,False,0/3,0.0,0.0,0.0
gbp_deep_pullback,GBP_USD,overlap,Q1,Q3,BUY,0,0,0.0,0.0,1.0,1.0,False,0/3,0.0,0.0,0.0
gbp_deep_pullback,GBP_USD,overlap,Q1,Q3,SELL,0,0,0.0,0.0,1.0,1.0,False,0/3,0.0,0.0,0.0
gbp_deep_pullback,GBP_USD,overlap,Q1,Q4,BUY,0,0,0.0,0.0,1.0,1.0,False,0/3,0.0,0.0,0.0
gbp_deep_pullback,GBP_USD,overlap,Q1,Q4,SELL,0,0,0.0,0.0,1.0,1.0,False,0/3,0.0,0.0,0.0
gbp_deep_pullback,GBP_USD,overlap,Q2,Q1,BUY,0,0,0.0,0.0,1.0,1.0,False,0/3,0.0,0.0,0.0
gbp_deep_pullback,GBP_USD,overlap,Q2,Q1,SELL,0,0,0.0,0.0,1.0,1.0,False,0/3,0.0,0.0,0.0
gbp_deep_pullback,GBP_USD,overlap,Q2,Q2,BUY,0,0,0.0,0.0,1.0,1.0,False,0/3,0.0,0.0,0.0
gbp_deep_pullback,GBP_USD,overlap,Q2,Q2,SELL,0,0,0.0,0.0,1.0,1.0,False,0/3,0.0,0.0,0.0
gbp_deep_pullback,GBP_USD,overlap,Q2,Q3,BUY,0,0,0.0,0.0,1.0,1.0,False,0/3,0.0,0.0,0.0
gbp_deep_pullback,GBP_USD,overlap,Q2,Q3,SELL,0,0,0.0,0.0,1.0,1.0,False,0/3,0.0,0.0,0.0
gbp_deep_pullback,GBP_USD,overlap,Q2,Q4,BUY,0,0,0.0,0.0,1.0,1.0,False,0/3,0.0,0.0,0.0
gbp_deep_pullback,GBP_USD,overlap,Q2,Q4,SELL,0,0,0.0,0.0,1.0,1.0,False,0/3,0.0,0.0,0.0
gbp_deep_pullback,GBP_USD,overlap,Q3,Q1,BUY,1,0,0.0,0.0,1.0,1.0,False,0/3,0.0,0.0,-15.600000000000001
gbp_deep_pullback,GBP_USD,overlap,Q3,Q1,SELL,1,1,1.0,0.20654329147389294,0.2672531769305963,1.0,False,1/3,0.0,inf,78.5
gbp_deep_pullback,GBP_USD,overlap,Q3,Q2,BUY,0,0,0.0,0.0,1.0,1.0,False,0/3,0.0,0.0,0.0
gbp_deep_pullback,GBP_USD,overlap,Q3,Q2,SELL,0,0,0.0,0.0,1.0,1.0,False,0/3,0.0,0.0,0.0
gbp_deep_pullback,GBP_USD,overlap,Q3,Q3,BUY,0,0,0.0,0.0,1.0,1.0,False,0/3,0.0,0.0,0.0
gbp_deep_pullback,GBP_USD,overlap,Q3,Q3,SELL,0,0,0.0,0.0,1.0,1.0,False,0/3,0.0,0.0,0.0
gbp_deep_pullback,GBP_USD,overlap,Q3,Q4,BUY,0,0,0.0,0.0,1.0,1.0,False,0/3,0.0,0.0,0.0
gbp_deep_pullback,GBP_USD,overlap,Q3,Q4,SELL,0,0,0.0,0.0,1.0,1.0,False,0/3,0.0,0.0,0.0
gbp_deep_pullback,GBP_USD,overlap,Q4,Q1,BUY,0,0,0.0,0.0,1.0,1.0,False,0/3,0.0,0.0,0.0
gbp_deep_pullback,GBP_USD,overlap,Q4,Q1,SELL,0,0,0.0,0.0,1.0,1.0,False,0/3,0.0,0.0,0.0
gbp_deep_pullback,GBP_USD,overlap,Q4,Q2,BUY,0,0,0.0,0.0,1.0,1.0,False,0/3,0.0,0.0,0.0
gbp_deep_pullback,GBP_USD,overlap,Q4,Q2,SELL,0,0,0.0,0.0,1.0,1.0,False,0/3,0.0,0.0,0.0
gbp_deep_pullback,GBP_USD,overlap,Q4,Q3,BUY,0,0,0.0,0.0,1.0,1.0,False,0/3,0.0,0.0,0.0
gbp_deep_pullback,GBP_USD,overlap,Q4,Q3,SELL,0,0,0.0,0.0,1.0,1.0,False,0/3,0.0,0.0,0.0
gbp_deep_pullback,GBP_USD,overlap,Q4,Q4,BUY,0,0,0.0,0.0,1.0,1.0,False,0/3,0.0,0.0,0.0
gbp_deep_pullback,GBP_USD,overlap,Q4,Q4,SELL,0,0,0.0,0.0,1.0,1.0,False,0/3,0.0,0.0,0.0
gbp_deep_pullback,EUR_JPY,tokyo,Q1,Q1,BUY,0,0,0.0,0.0,1.0,1.0,False,0/3,0.0,0.0,0.0
gbp_deep_pullback,EUR_JPY,tokyo,Q1,Q1,SELL,0,0,0.0,0.0,1.0,1.0,False,0/3,0.0,0.0,0.0
gbp_deep_pullback,EUR_JPY,tokyo,Q1,Q2,BUY,0,0,0.0,0.0,1.0,1.0,False,0/3,0.0,0.0,0.0
gbp_deep_pullback,EUR_JPY,tokyo,Q1,Q2,SELL,0,0,0.0,0.0,1.0,1.0,False,0/3,0.0,0.0,0.0
gbp_deep_pullback,EUR_JPY,tokyo,Q1,Q3,BUY,0,0,0.0,0.0,1.0,1.0,False,0/3,0.0,0.0,0.0
gbp_deep_pullback,EUR_JPY,tokyo,Q1,Q3,SELL,0,0,0.0,0.0,1.0,1.0,False,0/3,0.0,0.0,0.0
gbp_deep_pullback,EUR_JPY,tokyo,Q1,Q4,BUY,0,0,0.0,0.0,1.0,1.0,False,0/3,0.0,0.0,0.0
gbp_deep_pullback,EUR_JPY,tokyo,Q1,Q4,SELL,0,0,0.0,0.0,1.0,1.0,False,0/3,0.0,0.0,0.0
gbp_deep_pullback,EUR_JPY,tokyo,Q2,Q1,BUY,0,0,0.0,0.0,1.0,1.0,False,0/3,0.0,0.0,0.0
gbp_deep_pullback,EUR_JPY,tokyo,Q2,Q1,SELL,0,0,0.0,0.0,1.0,1.0,False,0/3,0.0,0.0,0.0
gbp_deep_pullback,EUR_JPY,tokyo,Q2,Q2,BUY,0,0,0.0,0.0,1.0,1.0,False,0/3,0.0,0.0,0.0
gbp_deep_pullback,EUR_JPY,tokyo,Q2,Q2,SELL,0,0,0.0,0.0,1.0,1.0,False,0/3,0.0,0.0,0.0
gbp_deep_pullback,EUR_JPY,tokyo,Q2,Q3,BUY,0,0,0.0,0.0,1.0,1.0,False,0/3,0.0,0.0,0.0
gbp_deep_pullback,EUR_JPY,tokyo,Q2,Q3,SELL,0,0,0.0,0.0,1.0,1.0,False,0/3,0.0,0.0,0.0
gbp_deep_pullback,EUR_JPY,tokyo,Q2,Q4,BUY,0,0,0.0,0.0,1.0,1.0,False,0/3,0.0,0.0,0.0
gbp_deep_pullback,EUR_JPY,tokyo,Q2,Q4,SELL,0,0,0.0,0.0,1.0,1.0,False,0/3,0.0,0.0,0.0
gbp_deep_pullback,EUR_JPY,tokyo,Q3,Q1,BUY,0,0,0.0,0.0,1.0,1.0,False,0/3,0.0,0.0,0.0
gbp_deep_pullback,EUR_JPY,tokyo,Q3,Q1,SELL,0,0,0.0,0.0,1.0,1.0,False,0/3,0.0,0.0,0.0
gbp_deep_pullback,EUR_JPY,tokyo,Q3,Q2,BUY,0,0,0.0,0.0,1.0,1.0,False,0/3,0.0,0.0,0.0
gbp_deep_pullback,EUR_JPY,tokyo,Q3,Q2,SELL,0,0,0.0,0.0,1.0,1.0,False,0/3,0.0,0.0,0.0
gbp_deep_pullback,EUR_JPY,tokyo,Q3,Q3,BUY,0,0,0.0,0.0,1.0,1.0,False,0/3,0.0,0.0,0.0
gbp_deep_pullback,EUR_JPY,tokyo,Q3,Q3,SELL,0,0,0.0,0.0,1.0,1.0,False,0/3,0.0,0.0,0.0
gbp_deep_pullback,EUR_JPY,tokyo,Q3,Q4,BUY,0,0,0.0,0.0,1.0,1.0,False,0/3,0.0,0.0,0.0
gbp_deep_pullback,EUR_JPY,tokyo,Q3,Q4,SELL,0,0,0.0,0.0,1.0,1.0,False,0/3,0.0,0.0,0.0
gbp_deep_pullback,EUR_JPY,tokyo,Q4,Q1,BUY,0,0,0.0,0.0,1.0,1.0,False,0/3,0.0,0.0,0.0
gbp_deep_pullback,EUR_JPY,tokyo,Q4,Q1,SELL,0,0,0.0,0.0,1.0,1.0,False,0/3,0.0,0.0,0.0
gbp_deep_pullback,EUR_JPY,tokyo,Q4,Q2,BUY,0,0,0.0,0.0,1.0,1.0,False,0/3,0.0,0.0,0.0
gbp_deep_pullback,EUR_JPY,tokyo,Q4,Q2,SELL,0,0,0.0,0.0,1.0,1.0,False,0/3,0.0,0.0,0.0
gbp_deep_pullback,EUR_JPY,tokyo,Q4,Q3,BUY,0,0,0.0,0.0,1.0,1.0,False,0/3,0.0,0.0,0.0
gbp_deep_pullback,EUR_JPY,tokyo,Q4,Q3,SELL,0,0,0.0,0.0,1.0,1.0,False,0/3,0.0,0.0,0.0
gbp_deep_pullback,EUR_JPY,tokyo,Q4,Q4,BUY,0,0,0.0,0.0,1.0,1.0,False,0/3,0.0,0.0,0.0
gbp_deep_pullback,EUR_JPY,tokyo,Q4,Q4,SELL,0,0,0.0,0.0,1.0,1.0,False,0/3,0.0,0.0,0.0
gbp_deep_pullback,EUR_JPY,london,Q1,Q1,BUY,0,0,0.0,0.0,1.0,1.0,False,0/3,0.0,0.0,0.0
gbp_deep_pullback,EUR_JPY,london,Q1,Q1,SELL,0,0,0.0,0.0,1.0,1.0,False,0/3,0.0,0.0,0.0
gbp_deep_pullback,EUR_JPY,london,Q1,Q2,BUY,0,0,0.0,0.0,1.0,1.0,False,0/3,0.0,0.0,0.0
gbp_deep_pullback,EUR_JPY,london,Q1,Q2,SELL,0,0,0.0,0.0,1.0,1.0,False,0/3,0.0,0.0,0.0
gbp_deep_pullback,EUR_JPY,london,Q1,Q3,BUY,0,0,0.0,0.0,1.0,1.0,False,0/3,0.0,0.0,0.0
gbp_deep_pullback,EUR_JPY,london,Q1,Q3,SELL,0,0,0.0,0.0,1.0,1.0,False,0/3,0.0,0.0,0.0
gbp_deep_pullback,EUR_JPY,london,Q1,Q4,BUY,0,0,0.0,0.0,1.0,1.0,False,0/3,0.0,0.0,0.0
gbp_deep_pullback,EUR_JPY,london,Q1,Q4,SELL,0,0,0.0,0.0,1.0,1.0,False,0/3,0.0,0.0,0.0
gbp_deep_pullback,EUR_JPY,london,Q2,Q1,BUY,0,0,0.0,0.0,1.0,1.0,False,0/3,0.0,0.0,0.0
gbp_deep_pullback,EUR_JPY,london,Q2,Q1,SELL,0,0,0.0,0.0,1.0,1.0,False,0/3,0.0,0.0,0.0
gbp_deep_pullback,EUR_JPY,london,Q2,Q2,BUY,0,0,0.0,0.0,1.0,1.0,False,0/3,0.0,0.0,0.0
gbp_deep_pullback,EUR_JPY,london,Q2,Q2,SELL,0,0,0.0,0.0,1.0,1.0,False,0/3,0.0,0.0,0.0
gbp_deep_pullback,EUR_JPY,london,Q2,Q3,BUY,0,0,0.0,0.0,1.0,1.0,False,0/3,0.0,0.0,0.0
gbp_deep_pullback,EUR_JPY,london,Q2,Q3,SELL,0,0,0.0,0.0,1.0,1.0,False,0/3,0.0,0.0,0.0
gbp_deep_pullback,EUR_JPY,london,Q2,Q4,BUY,0,0,0.0,0.0,1.0,1.0,False,0/3,0.0,0.0,0.0
gbp_deep_pullback,EUR_JPY,london,Q2,Q4,SELL,0,0,0.0,0.0,1.0,1.0,False,0/3,0.0,0.0,0.0
gbp_deep_pullback,EUR_JPY,london,Q3,Q1,BUY,0,0,0.0,0.0,1.0,1.0,False,0/3,0.0,0.0,0.0
gbp_deep_pullback,EUR_JPY,london,Q3,Q1,SELL,0,0,0.0,0.0,1.0,1.0,False,0/3,0.0,0.0,0.0
gbp_deep_pullback,EUR_JPY,london,Q3,Q2,BUY,0,0,0.0,0.0,1.0,1.0,False,0/3,0.0,0.0,0.0
gbp_deep_pullback,EUR_JPY,london,Q3,Q2,SELL,0,0,0.0,0.0,1.0,1.0,False,0/3,0.0,0.0,0.0
gbp_deep_pullback,EUR_JPY,london,Q3,Q3,BUY,0,0,0.0,0.0,1.0,1.0,False,0/3,0.0,0.0,0.0
gbp_deep_pullback,EUR_JPY,london,Q3,Q3,SELL,0,0,0.0,0.0,1.0,1.0,False,0/3,0.0,0.0,0.0
gbp_deep_pullback,EUR_JPY,london,Q3,Q4,BUY,0,0,0.0,0.0,1.0,1.0,False,0/3,0.0,0.0,0.0
gbp_deep_pullback,EUR_JPY,london,Q3,Q4,SELL,0,0,0.0,0.0,1.0,1.0,False,0/3,0.0,0.0,0.0
gbp_deep_pullback,EUR_JPY,london,Q4,Q1,BUY,0,0,0.0,0.0,1.0,1.0,False,0/3,0.0,0.0,0.0
gbp_deep_pullback,EUR_JPY,london,Q4,Q1,SELL,0,0,0.0,0.0,1.0,1.0,False,0/3,0.0,0.0,0.0
gbp_deep_pullback,EUR_JPY,london,Q4,Q2,BUY,0,0,0.0,0.0,1.0,1.0,False,0/3,0.0,0.0,0.0
gbp_deep_pullback,EUR_JPY,london,Q4,Q2,SELL,0,0,0.0,0.0,1.0,1.0,False,0/3,0.0,0.0,0.0
gbp_deep_pullback,EUR_JPY,london,Q4,Q3,BUY,0,0,0.0,0.0,1.0,1.0,False,0/3,0.0,0.0,0.0
gbp_deep_pullback,EUR_JPY,london,Q4,Q3,SELL,0,0,0.0,0.0,1.0,1.0,False,0/3,0.0,0.0,0.0
gbp_deep_pullback,EUR_JPY,london,Q4,Q4,BUY,0,0,0.0,0.0,1.0,1.0,False,0/3,0.0,0.0,0.0
gbp_deep_pullback,EUR_JPY,london,Q4,Q4,SELL,0,0,0.0,0.0,1.0,1.0,False,0/3,0.0,0.0,0.0
gbp_deep_pullback,EUR_JPY,ny,Q1,Q1,BUY,0,0,0.0,0.0,1.0,1.0,False,0/3,0.0,0.0,0.0
gbp_deep_pullback,EUR_JPY,ny,Q1,Q1,SELL,0,0,0.0,0.0,1.0,1.0,False,0/3,0.0,0.0,0.0
gbp_deep_pullback,EUR_JPY,ny,Q1,Q2,BUY,0,0,0.0,0.0,1.0,1.0,False,0/3,0.0,0.0,0.0
gbp_deep_pullback,EUR_JPY,ny,Q1,Q2,SELL,0,0,0.0,0.0,1.0,1.0,False,0/3,0.0,0.0,0.0
gbp_deep_pullback,EUR_JPY,ny,Q1,Q3,BUY,0,0,0.0,0.0,1.0,1.0,False,0/3,0.0,0.0,0.0
gbp_deep_pullback,EUR_JPY,ny,Q1,Q3,SELL,0,0,0.0,0.0,1.0,1.0,False,0/3,0.0,0.0,0.0
gbp_deep_pullback,EUR_JPY,ny,Q1,Q4,BUY,0,0,0.0,0.0,1.0,1.0,False,0/3,0.0,0.0,0.0
gbp_deep_pullback,EUR_JPY,ny,Q1,Q4,SELL,0,0,0.0,0.0,1.0,1.0,False,0/3,0.0,0.0,0.0
gbp_deep_pullback,EUR_JPY,ny,Q2,Q1,BUY,0,0,0.0,0.0,1.0,1.0,False,0/3,0.0,0.0,0.0
gbp_deep_pullback,EUR_JPY,ny,Q2,Q1,SELL,0,0,0.0,0.0,1.0,1.0,False,0/3,0.0,0.0,0.0
gbp_deep_pullback,EUR_JPY,ny,Q2,Q2,BUY,0,0,0.0,0.0,1.0,1.0,False,0/3,0.0,0.0,0.0
gbp_deep_pullback,EUR_JPY,ny,Q2,Q2,SELL,0,0,0.0,0.0,1.0,1.0,False,0/3,0.0,0.0,0.0
gbp_deep_pullback,EUR_JPY,ny,Q2,Q3,BUY,0,0,0.0,0.0,1.0,1.0,False,0/3,0.0,0.0,0.0
gbp_deep_pullback,EUR_JPY,ny,Q2,Q3,SELL,0,0,0.0,0.0,1.0,1.0,False,0/3,0.0,0.0,0.0
gbp_deep_pullback,EUR_JPY,ny,Q2,Q4,BUY,0,0,0.0,0.0,1.0,1.0,False,0/3,0.0,0.0,0.0
gbp_deep_pullback,EUR_JPY,ny,Q2,Q4,SELL,0,0,0.0,0.0,1.0,1.0,False,0/3,0.0,0.0,0.0
gbp_deep_pullback,EUR_JPY,ny,Q3,Q1,BUY,0,0,0.0,0.0,1.0,1.0,False,0/3,0.0,0.0,0.0
gbp_deep_pullback,EUR_JPY,ny,Q3,Q1,SELL,0,0,0.0,0.0,1.0,1.0,False,0/3,0.0,0.0,0.0
gbp_deep_pullback,EUR_JPY,ny,Q3,Q2,BUY,0,0,0.0,0.0,1.0,1.0,False,0/3,0.0,0.0,0.0
gbp_deep_pullback,EUR_JPY,ny,Q3,Q2,SELL,0,0,0.0,0.0,1.0,1.0,False,0/3,0.0,0.0,0.0
gbp_deep_pullback,EUR_JPY,ny,Q3,Q3,BUY,0,0,0.0,0.0,1.0,1.0,False,0/3,0.0,0.0,0.0
gbp_deep_pullback,EUR_JPY,ny,Q3,Q3,SELL,0,0,0.0,0.0,1.0,1.0,False,0/3,0.0,0.0,0.0
gbp_deep_pullback,EUR_JPY,ny,Q3,Q4,BUY,0,0,0.0,0.0,1.0,1.0,False,0/3,0.0,0.0,0.0
gbp_deep_pullback,EUR_JPY,ny,Q3,Q4,SELL,0,0,0.0,0.0,1.0,1.0,False,0/3,0.0,0.0,0.0
gbp_deep_pullback,EUR_JPY,ny,Q4,Q1,BUY,0,0,0.0,0.0,1.0,1.0,False,0/3,0.0,0.0,0.0
gbp_deep_pullback,EUR_JPY,ny,Q4,Q1,SELL,0,0,0.0,0.0,1.0,1.0,False,0/3,0.0,0.0,0.0
gbp_deep_pullback,EUR_JPY,ny,Q4,Q2,BUY,0,0,0.0,0.0,1.0,1.0,False,0/3,0.0,0.0,0.0
gbp_deep_pullback,EUR_JPY,ny,Q4,Q2,SELL,0,0,0.0,0.0,1.0,1.0,False,0/3,0.0,0.0,0.0
gbp_deep_pullback,EUR_JPY,ny,Q4,Q3,BUY,0,0,0.0,0.0,1.0,1.0,False,0/3,0.0,0.0,0.0
gbp_deep_pullback,EUR_JPY,ny,Q4,Q3,SELL,0,0,0.0,0.0,1.0,1.0,False,0/3,0.0,0.0,0.0
gbp_deep_pullback,EUR_JPY,ny,Q4,Q4,BUY,0,0,0.0,0.0,1.0,1.0,False,0/3,0.0,0.0,0.0
gbp_deep_pullback,EUR_JPY,ny,Q4,Q4,SELL,0,0,0.0,0.0,1.0,1.0,False,0/3,0.0,0.0,0.0
gbp_deep_pullback,EUR_JPY,overlap,Q1,Q1,BUY,0,0,0.0,0.0,1.0,1.0,False,0/3,0.0,0.0,0.0
gbp_deep_pullback,EUR_JPY,overlap,Q1,Q1,SELL,0,0,0.0,0.0,1.0,1.0,False,0/3,0.0,0.0,0.0
gbp_deep_pullback,EUR_JPY,overlap,Q1,Q2,BUY,0,0,0.0,0.0,1.0,1.0,False,0/3,0.0,0.0,0.0
gbp_deep_pullback,EUR_JPY,overlap,Q1,Q2,SELL,0,0,0.0,0.0,1.0,1.0,False,0/3,0.0,0.0,0.0
gbp_deep_pullback,EUR_JPY,overlap,Q1,Q3,BUY,0,0,0.0,0.0,1.0,1.0,False,0/3,0.0,0.0,0.0
gbp_deep_pullback,EUR_JPY,overlap,Q1,Q3,SELL,0,0,0.0,0.0,1.0,1.0,False,0/3,0.0,0.0,0.0
gbp_deep_pullback,EUR_JPY,overlap,Q1,Q4,BUY,0,0,0.0,0.0,1.0,1.0,False,0/3,0.0,0.0,0.0
gbp_deep_pullback,EUR_JPY,overlap,Q1,Q4,SELL,0,0,0.0,0.0,1.0,1.0,False,0/3,0.0,0.0,0.0
gbp_deep_pullback,EUR_JPY,overlap,Q2,Q1,BUY,0,0,0.0,0.0,1.0,1.0,False,0/3,0.0,0.0,0.0
gbp_deep_pullback,EUR_JPY,overlap,Q2,Q1,SELL,0,0,0.0,0.0,1.0,1.0,False,0/3,0.0,0.0,0.0
gbp_deep_pullback,EUR_JPY,overlap,Q2,Q2,BUY,0,0,0.0,0.0,1.0,1.0,False,0/3,0.0,0.0,0.0
gbp_deep_pullback,EUR_JPY,overlap,Q2,Q2,SELL,0,0,0.0,0.0,1.0,1.0,False,0/3,0.0,0.0,0.0
gbp_deep_pullback,EUR_JPY,overlap,Q2,Q3,BUY,0,0,0.0,0.0,1.0,1.0,False,0/3,0.0,0.0,0.0
gbp_deep_pullback,EUR_JPY,overlap,Q2,Q3,SELL,0,0,0.0,0.0,1.0,1.0,False,0/3,0.0,0.0,0.0
gbp_deep_pullback,EUR_JPY,overlap,Q2,Q4,BUY,0,0,0.0,0.0,1.0,1.0,False,0/3,0.0,0.0,0.0
gbp_deep_pullback,EUR_JPY,overlap,Q2,Q4,SELL,0,0,0.0,0.0,1.0,1.0,False,0/3,0.0,0.0,0.0
gbp_deep_pullback,EUR_JPY,overlap,Q3,Q1,BUY,0,0,0.0,0.0,1.0,1.0,False,0/3,0.0,0.0,0.0
gbp_deep_pullback,EUR_JPY,overlap,Q3,Q1,SELL,0,0,0.0,0.0,1.0,1.0,False,0/3,0.0,0.0,0.0
gbp_deep_pullback,EUR_JPY,overlap,Q3,Q2,BUY,0,0,0.0,0.0,1.0,1.0,False,0/3,0.0,0.0,0.0
gbp_deep_pullback,EUR_JPY,overlap,Q3,Q2,SELL,0,0,0.0,0.0,1.0,1.0,False,0/3,0.0,0.0,0.0
gbp_deep_pullback,EUR_JPY,overlap,Q3,Q3,BUY,0,0,0.0,0.0,1.0,1.0,False,0/3,0.0,0.0,0.0
gbp_deep_pullback,EUR_JPY,overlap,Q3,Q3,SELL,0,0,0.0,0.0,1.0,1.0,False,0/3,0.0,0.0,0.0
gbp_deep_pullback,EUR_JPY,overlap,Q3,Q4,BUY,0,0,0.0,0.0,1.0,1.0,False,0/3,0.0,0.0,0.0
gbp_deep_pullback,EUR_JPY,overlap,Q3,Q4,SELL,0,0,0.0,0.0,1.0,1.0,False,0/3,0.0,0.0,0.0
gbp_deep_pullback,EUR_JPY,overlap,Q4,Q1,BUY,0,0,0.0,0.0,1.0,1.0,False,0/3,0.0,0.0,0.0
gbp_deep_pullback,EUR_JPY,overlap,Q4,Q1,SELL,0,0,0.0,0.0,1.0,1.0,False,0/3,0.0,0.0,0.0
gbp_deep_pullback,EUR_JPY,overlap,Q4,Q2,BUY,0,0,0.0,0.0,1.0,1.0,False,0/3,0.0,0.0,0.0
gbp_deep_pullback,EUR_JPY,overlap,Q4,Q2,SELL,0,0,0.0,0.0,1.0,1.0,False,0/3,0.0,0.0,0.0
gbp_deep_pullback,EUR_JPY,overlap,Q4,Q3,BUY,0,0,0.0,0.0,1.0,1.0,False,0/3,0.0,0.0,0.0
gbp_deep_pullback,EUR_JPY,overlap,Q4,Q3,SELL,0,0,0.0,0.0,1.0,1.0,False,0/3,0.0,0.0,0.0
gbp_deep_pullback,EUR_JPY,overlap,Q4,Q4,BUY,0,0,0.0,0.0,1.0,1.0,False,0/3,0.0,0.0,0.0
gbp_deep_pullback,EUR_JPY,overlap,Q4,Q4,SELL,0,0,0.0,0.0,1.0,1.0,False,0/3,0.0,0.0,0.0
gbp_deep_pullback,GBP_JPY,tokyo,Q1,Q1,BUY,0,0,0.0,0.0,1.0,1.0,False,0/3,0.0,0.0,0.0
gbp_deep_pullback,GBP_JPY,tokyo,Q1,Q1,SELL,0,0,0.0,0.0,1.0,1.0,False,0/3,0.0,0.0,0.0
gbp_deep_pullback,GBP_JPY,tokyo,Q1,Q2,BUY,0,0,0.0,0.0,1.0,1.0,False,0/3,0.0,0.0,0.0
gbp_deep_pullback,GBP_JPY,tokyo,Q1,Q2,SELL,0,0,0.0,0.0,1.0,1.0,False,0/3,0.0,0.0,0.0
gbp_deep_pullback,GBP_JPY,tokyo,Q1,Q3,BUY,0,0,0.0,0.0,1.0,1.0,False,0/3,0.0,0.0,0.0
gbp_deep_pullback,GBP_JPY,tokyo,Q1,Q3,SELL,0,0,0.0,0.0,1.0,1.0,False,0/3,0.0,0.0,0.0
gbp_deep_pullback,GBP_JPY,tokyo,Q1,Q4,BUY,0,0,0.0,0.0,1.0,1.0,False,0/3,0.0,0.0,0.0
gbp_deep_pullback,GBP_JPY,tokyo,Q1,Q4,SELL,0,0,0.0,0.0,1.0,1.0,False,0/3,0.0,0.0,0.0
gbp_deep_pullback,GBP_JPY,tokyo,Q2,Q1,BUY,0,0,0.0,0.0,1.0,1.0,False,0/3,0.0,0.0,0.0
gbp_deep_pullback,GBP_JPY,tokyo,Q2,Q1,SELL,0,0,0.0,0.0,1.0,1.0,False,0/3,0.0,0.0,0.0
gbp_deep_pullback,GBP_JPY,tokyo,Q2,Q2,BUY,0,0,0.0,0.0,1.0,1.0,False,0/3,0.0,0.0,0.0
gbp_deep_pullback,GBP_JPY,tokyo,Q2,Q2,SELL,0,0,0.0,0.0,1.0,1.0,False,0/3,0.0,0.0,0.0
gbp_deep_pullback,GBP_JPY,tokyo,Q2,Q3,BUY,0,0,0.0,0.0,1.0,1.0,False,0/3,0.0,0.0,0.0
gbp_deep_pullback,GBP_JPY,tokyo,Q2,Q3,SELL,0,0,0.0,0.0,1.0,1.0,False,0/3,0.0,0.0,0.0
gbp_deep_pullback,GBP_JPY,tokyo,Q2,Q4,BUY,0,0,0.0,0.0,1.0,1.0,False,0/3,0.0,0.0,0.0
gbp_deep_pullback,GBP_JPY,tokyo,Q2,Q4,SELL,0,0,0.0,0.0,1.0,1.0,False,0/3,0.0,0.0,0.0
gbp_deep_pullback,GBP_JPY,tokyo,Q3,Q1,BUY,0,0,0.0,0.0,1.0,1.0,False,0/3,0.0,0.0,0.0
gbp_deep_pullback,GBP_JPY,tokyo,Q3,Q1,SELL,0,0,0.0,0.0,1.0,1.0,False,0/3,0.0,0.0,0.0
gbp_deep_pullback,GBP_JPY,tokyo,Q3,Q2,BUY,0,0,0.0,0.0,1.0,1.0,False,0/3,0.0,0.0,0.0
gbp_deep_pullback,GBP_JPY,tokyo,Q3,Q2,SELL,0,0,0.0,0.0,1.0,1.0,False,0/3,0.0,0.0,0.0
gbp_deep_pullback,GBP_JPY,tokyo,Q3,Q3,BUY,0,0,0.0,0.0,1.0,1.0,False,0/3,0.0,0.0,0.0
gbp_deep_pullback,GBP_JPY,tokyo,Q3,Q3,SELL,0,0,0.0,0.0,1.0,1.0,False,0/3,0.0,0.0,0.0
gbp_deep_pullback,GBP_JPY,tokyo,Q3,Q4,BUY,0,0,0.0,0.0,1.0,1.0,False,0/3,0.0,0.0,0.0
gbp_deep_pullback,GBP_JPY,tokyo,Q3,Q4,SELL,0,0,0.0,0.0,1.0,1.0,False,0/3,0.0,0.0,0.0
gbp_deep_pullback,GBP_JPY,tokyo,Q4,Q1,BUY,0,0,0.0,0.0,1.0,1.0,False,0/3,0.0,0.0,0.0
gbp_deep_pullback,GBP_JPY,tokyo,Q4,Q1,SELL,0,0,0.0,0.0,1.0,1.0,False,0/3,0.0,0.0,0.0
gbp_deep_pullback,GBP_JPY,tokyo,Q4,Q2,BUY,0,0,0.0,0.0,1.0,1.0,False,0/3,0.0,0.0,0.0
gbp_deep_pullback,GBP_JPY,tokyo,Q4,Q2,SELL,0,0,0.0,0.0,1.0,1.0,False,0/3,0.0,0.0,0.0
gbp_deep_pullback,GBP_JPY,tokyo,Q4,Q3,BUY,0,0,0.0,0.0,1.0,1.0,False,0/3,0.0,0.0,0.0
gbp_deep_pullback,GBP_JPY,tokyo,Q4,Q3,SELL,0,0,0.0,0.0,1.0,1.0,False,0/3,0.0,0.0,0.0
gbp_deep_pullback,GBP_JPY,tokyo,Q4,Q4,BUY,0,0,0.0,0.0,1.0,1.0,False,0/3,0.0,0.0,0.0
gbp_deep_pullback,GBP_JPY,tokyo,Q4,Q4,SELL,0,0,0.0,0.0,1.0,1.0,False,0/3,0.0,0.0,0.0
gbp_deep_pullback,GBP_JPY,london,Q1,Q1,BUY,0,0,0.0,0.0,1.0,1.0,False,0/3,0.0,0.0,0.0
gbp_deep_pullback,GBP_JPY,london,Q1,Q1,SELL,0,0,0.0,0.0,1.0,1.0,False,0/3,0.0,0.0,0.0
gbp_deep_pullback,GBP_JPY,london,Q1,Q2,BUY,0,0,0.0,0.0,1.0,1.0,False,0/3,0.0,0.0,0.0
gbp_deep_pullback,GBP_JPY,london,Q1,Q2,SELL,0,0,0.0,0.0,1.0,1.0,False,0/3,0.0,0.0,0.0
gbp_deep_pullback,GBP_JPY,london,Q1,Q3,BUY,0,0,0.0,0.0,1.0,1.0,False,0/3,0.0,0.0,0.0
gbp_deep_pullback,GBP_JPY,london,Q1,Q3,SELL,0,0,0.0,0.0,1.0,1.0,False,0/3,0.0,0.0,0.0
gbp_deep_pullback,GBP_JPY,london,Q1,Q4,BUY,0,0,0.0,0.0,1.0,1.0,False,0/3,0.0,0.0,0.0
gbp_deep_pullback,GBP_JPY,london,Q1,Q4,SELL,0,0,0.0,0.0,1.0,1.0,False,0/3,0.0,0.0,0.0
gbp_deep_pullback,GBP_JPY,london,Q2,Q1,BUY,0,0,0.0,0.0,1.0,1.0,False,0/3,0.0,0.0,0.0
gbp_deep_pullback,GBP_JPY,london,Q2,Q1,SELL,0,0,0.0,0.0,1.0,1.0,False,0/3,0.0,0.0,0.0
gbp_deep_pullback,GBP_JPY,london,Q2,Q2,BUY,0,0,0.0,0.0,1.0,1.0,False,0/3,0.0,0.0,0.0
gbp_deep_pullback,GBP_JPY,london,Q2,Q2,SELL,0,0,0.0,0.0,1.0,1.0,False,0/3,0.0,0.0,0.0
gbp_deep_pullback,GBP_JPY,london,Q2,Q3,BUY,0,0,0.0,0.0,1.0,1.0,False,0/3,0.0,0.0,0.0
gbp_deep_pullback,GBP_JPY,london,Q2,Q3,SELL,0,0,0.0,0.0,1.0,1.0,False,0/3,0.0,0.0,0.0
gbp_deep_pullback,GBP_JPY,london,Q2,Q4,BUY,0,0,0.0,0.0,1.0,1.0,False,0/3,0.0,0.0,0.0
gbp_deep_pullback,GBP_JPY,london,Q2,Q4,SELL,0,0,0.0,0.0,1.0,1.0,False,0/3,0.0,0.0,0.0
gbp_deep_pullback,GBP_JPY,london,Q3,Q1,BUY,0,0,0.0,0.0,1.0,1.0,False,0/3,0.0,0.0,0.0
gbp_deep_pullback,GBP_JPY,london,Q3,Q1,SELL,0,0,0.0,0.0,1.0,1.0,False,0/3,0.0,0.0,0.0
gbp_deep_pullback,GBP_JPY,london,Q3,Q2,BUY,0,0,0.0,0.0,1.0,1.0,False,0/3,0.0,0.0,0.0
gbp_deep_pullback,GBP_JPY,london,Q3,Q2,SELL,0,0,0.0,0.0,1.0,1.0,False,0/3,0.0,0.0,0.0
gbp_deep_pullback,GBP_JPY,london,Q3,Q3,BUY,0,0,0.0,0.0,1.0,1.0,False,0/3,0.0,0.0,0.0
gbp_deep_pullback,GBP_JPY,london,Q3,Q3,SELL,0,0,0.0,0.0,1.0,1.0,False,0/3,0.0,0.0,0.0
gbp_deep_pullback,GBP_JPY,london,Q3,Q4,BUY,0,0,0.0,0.0,1.0,1.0,False,0/3,0.0,0.0,0.0
gbp_deep_pullback,GBP_JPY,london,Q3,Q4,SELL,0,0,0.0,0.0,1.0,1.0,False,0/3,0.0,0.0,0.0
gbp_deep_pullback,GBP_JPY,london,Q4,Q1,BUY,0,0,0.0,0.0,1.0,1.0,False,0/3,0.0,0.0,0.0
gbp_deep_pullback,GBP_JPY,london,Q4,Q1,SELL,0,0,0.0,0.0,1.0,1.0,False,0/3,0.0,0.0,0.0
gbp_deep_pullback,GBP_JPY,london,Q4,Q2,BUY,0,0,0.0,0.0,1.0,1.0,False,0/3,0.0,0.0,0.0
gbp_deep_pullback,GBP_JPY,london,Q4,Q2,SELL,0,0,0.0,0.0,1.0,1.0,False,0/3,0.0,0.0,0.0
gbp_deep_pullback,GBP_JPY,london,Q4,Q3,BUY,0,0,0.0,0.0,1.0,1.0,False,0/3,0.0,0.0,0.0
gbp_deep_pullback,GBP_JPY,london,Q4,Q3,SELL,0,0,0.0,0.0,1.0,1.0,False,0/3,0.0,0.0,0.0
gbp_deep_pullback,GBP_JPY,london,Q4,Q4,BUY,0,0,0.0,0.0,1.0,1.0,False,0/3,0.0,0.0,0.0
gbp_deep_pullback,GBP_JPY,london,Q4,Q4,SELL,0,0,0.0,0.0,1.0,1.0,False,0/3,0.0,0.0,0.0
gbp_deep_pullback,GBP_JPY,ny,Q1,Q1,BUY,0,0,0.0,0.0,1.0,1.0,False,0/3,0.0,0.0,0.0
gbp_deep_pullback,GBP_JPY,ny,Q1,Q1,SELL,0,0,0.0,0.0,1.0,1.0,False,0/3,0.0,0.0,0.0
gbp_deep_pullback,GBP_JPY,ny,Q1,Q2,BUY,0,0,0.0,0.0,1.0,1.0,False,0/3,0.0,0.0,0.0
gbp_deep_pullback,GBP_JPY,ny,Q1,Q2,SELL,0,0,0.0,0.0,1.0,1.0,False,0/3,0.0,0.0,0.0
gbp_deep_pullback,GBP_JPY,ny,Q1,Q3,BUY,0,0,0.0,0.0,1.0,1.0,False,0/3,0.0,0.0,0.0
gbp_deep_pullback,GBP_JPY,ny,Q1,Q3,SELL,0,0,0.0,0.0,1.0,1.0,False,0/3,0.0,0.0,0.0
gbp_deep_pullback,GBP_JPY,ny,Q1,Q4,BUY,0,0,0.0,0.0,1.0,1.0,False,0/3,0.0,0.0,0.0
gbp_deep_pullback,GBP_JPY,ny,Q1,Q4,SELL,0,0,0.0,0.0,1.0,1.0,False,0/3,0.0,0.0,0.0
gbp_deep_pullback,GBP_JPY,ny,Q2,Q1,BUY,0,0,0.0,0.0,1.0,1.0,False,0/3,0.0,0.0,0.0
gbp_deep_pullback,GBP_JPY,ny,Q2,Q1,SELL,0,0,0.0,0.0,1.0,1.0,False,0/3,0.0,0.0,0.0
gbp_deep_pullback,GBP_JPY,ny,Q2,Q2,BUY,0,0,0.0,0.0,1.0,1.0,False,0/3,0.0,0.0,0.0
gbp_deep_pullback,GBP_JPY,ny,Q2,Q2,SELL,0,0,0.0,0.0,1.0,1.0,False,0/3,0.0,0.0,0.0
gbp_deep_pullback,GBP_JPY,ny,Q2,Q3,BUY,0,0,0.0,0.0,1.0,1.0,False,0/3,0.0,0.0,0.0
gbp_deep_pullback,GBP_JPY,ny,Q2,Q3,SELL,0,0,0.0,0.0,1.0,1.0,False,0/3,0.0,0.0,0.0
gbp_deep_pullback,GBP_JPY,ny,Q2,Q4,BUY,0,0,0.0,0.0,1.0,1.0,False,0/3,0.0,0.0,0.0
gbp_deep_pullback,GBP_JPY,ny,Q2,Q4,SELL,0,0,0.0,0.0,1.0,1.0,False,0/3,0.0,0.0,0.0
gbp_deep_pullback,GBP_JPY,ny,Q3,Q1,BUY,0,0,0.0,0.0,1.0,1.0,False,0/3,0.0,0.0,0.0
gbp_deep_pullback,GBP_JPY,ny,Q3,Q1,SELL,0,0,0.0,0.0,1.0,1.0,False,0/3,0.0,0.0,0.0
gbp_deep_pullback,GBP_JPY,ny,Q3,Q2,BUY,0,0,0.0,0.0,1.0,1.0,False,0/3,0.0,0.0,0.0
gbp_deep_pullback,GBP_JPY,ny,Q3,Q2,SELL,0,0,0.0,0.0,1.0,1.0,False,0/3,0.0,0.0,0.0
gbp_deep_pullback,GBP_JPY,ny,Q3,Q3,BUY,0,0,0.0,0.0,1.0,1.0,False,0/3,0.0,0.0,0.0
gbp_deep_pullback,GBP_JPY,ny,Q3,Q3,SELL,0,0,0.0,0.0,1.0,1.0,False,0/3,0.0,0.0,0.0
gbp_deep_pullback,GBP_JPY,ny,Q3,Q4,BUY,0,0,0.0,0.0,1.0,1.0,False,0/3,0.0,0.0,0.0
gbp_deep_pullback,GBP_JPY,ny,Q3,Q4,SELL,0,0,0.0,0.0,1.0,1.0,False,0/3,0.0,0.0,0.0
gbp_deep_pullback,GBP_JPY,ny,Q4,Q1,BUY,0,0,0.0,0.0,1.0,1.0,False,0/3,0.0,0.0,0.0
gbp_deep_pullback,GBP_JPY,ny,Q4,Q1,SELL,0,0,0.0,0.0,1.0,1.0,False,0/3,0.0,0.0,0.0
gbp_deep_pullback,GBP_JPY,ny,Q4,Q2,BUY,0,0,0.0,0.0,1.0,1.0,False,0/3,0.0,0.0,0.0
gbp_deep_pullback,GBP_JPY,ny,Q4,Q2,SELL,0,0,0.0,0.0,1.0,1.0,False,0/3,0.0,0.0,0.0
gbp_deep_pullback,GBP_JPY,ny,Q4,Q3,BUY,0,0,0.0,0.0,1.0,1.0,False,0/3,0.0,0.0,0.0
gbp_deep_pullback,GBP_JPY,ny,Q4,Q3,SELL,0,0,0.0,0.0,1.0,1.0,False,0/3,0.0,0.0,0.0
gbp_deep_pullback,GBP_JPY,ny,Q4,Q4,BUY,0,0,0.0,0.0,1.0,1.0,False,0/3,0.0,0.0,0.0
gbp_deep_pullback,GBP_JPY,ny,Q4,Q4,SELL,0,0,0.0,0.0,1.0,1.0,False,0/3,0.0,0.0,0.0
gbp_deep_pullback,GBP_JPY,overlap,Q1,Q1,BUY,0,0,0.0,0.0,1.0,1.0,False,0/3,0.0,0.0,0.0
gbp_deep_pullback,GBP_JPY,overlap,Q1,Q1,SELL,0,0,0.0,0.0,1.0,1.0,False,0/3,0.0,0.0,0.0
gbp_deep_pullback,GBP_JPY,overlap,Q1,Q2,BUY,0,0,0.0,0.0,1.0,1.0,False,0/3,0.0,0.0,0.0
gbp_deep_pullback,GBP_JPY,overlap,Q1,Q2,SELL,0,0,0.0,0.0,1.0,1.0,False,0/3,0.0,0.0,0.0
gbp_deep_pullback,GBP_JPY,overlap,Q1,Q3,BUY,0,0,0.0,0.0,1.0,1.0,False,0/3,0.0,0.0,0.0
gbp_deep_pullback,GBP_JPY,overlap,Q1,Q3,SELL,0,0,0.0,0.0,1.0,1.0,False,0/3,0.0,0.0,0.0
gbp_deep_pullback,GBP_JPY,overlap,Q1,Q4,BUY,0,0,0.0,0.0,1.0,1.0,False,0/3,0.0,0.0,0.0
gbp_deep_pullback,GBP_JPY,overlap,Q1,Q4,SELL,0,0,0.0,0.0,1.0,1.0,False,0/3,0.0,0.0,0.0
gbp_deep_pullback,GBP_JPY,overlap,Q2,Q1,BUY,0,0,0.0,0.0,1.0,1.0,False,0/3,0.0,0.0,0.0
gbp_deep_pullback,GBP_JPY,overlap,Q2,Q1,SELL,0,0,0.0,0.0,1.0,1.0,False,0/3,0.0,0.0,0.0
gbp_deep_pullback,GBP_JPY,overlap,Q2,Q2,BUY,0,0,0.0,0.0,1.0,1.0,False,0/3,0.0,0.0,0.0
gbp_deep_pullback,GBP_JPY,overlap,Q2,Q2,SELL,0,0,0.0,0.0,1.0,1.0,False,0/3,0.0,0.0,0.0
gbp_deep_pullback,GBP_JPY,overlap,Q2,Q3,BUY,0,0,0.0,0.0,1.0,1.0,False,0/3,0.0,0.0,0.0
gbp_deep_pullback,GBP_JPY,overlap,Q2,Q3,SELL,0,0,0.0,0.0,1.0,1.0,False,0/3,0.0,0.0,0.0
gbp_deep_pullback,GBP_JPY,overlap,Q2,Q4,BUY,0,0,0.0,0.0,1.0,1.0,False,0/3,0.0,0.0,0.0
gbp_deep_pullback,GBP_JPY,overlap,Q2,Q4,SELL,0,0,0.0,0.0,1.0,1.0,False,0/3,0.0,0.0,0.0
gbp_deep_pullback,GBP_JPY,overlap,Q3,Q1,BUY,0,0,0.0,0.0,1.0,1.0,False,0/3,0.0,0.0,0.0
gbp_deep_pullback,GBP_JPY,overlap,Q3,Q1,SELL,0,0,0.0,0.0,1.0,1.0,False,0/3,0.0,0.0,0.0
gbp_deep_pullback,GBP_JPY,overlap,Q3,Q2,BUY,0,0,0.0,0.0,1.0,1.0,False,0/3,0.0,0.0,0.0
gbp_deep_pullback,GBP_JPY,overlap,Q3,Q2,SELL,0,0,0.0,0.0,1.0,1.0,False,0/3,0.0,0.0,0.0
gbp_deep_pullback,GBP_JPY,overlap,Q3,Q3,BUY,0,0,0.0,0.0,1.0,1.0,False,0/3,0.0,0.0,0.0
gbp_deep_pullback,GBP_JPY,overlap,Q3,Q3,SELL,0,0,0.0,0.0,1.0,1.0,False,0/3,0.0,0.0,0.0
gbp_deep_pullback,GBP_JPY,overlap,Q3,Q4,BUY,0,0,0.0,0.0,1.0,1.0,False,0/3,0.0,0.0,0.0
gbp_deep_pullback,GBP_JPY,overlap,Q3,Q4,SELL,0,0,0.0,0.0,1.0,1.0,False,0/3,0.0,0.0,0.0
gbp_deep_pullback,GBP_JPY,overlap,Q4,Q1,BUY,0,0,0.0,0.0,1.0,1.0,False,0/3,0.0,0.0,0.0
gbp_deep_pullback,GBP_JPY,overlap,Q4,Q1,SELL,0,0,0.0,0.0,1.0,1.0,False,0/3,0.0,0.0,0.0
gbp_deep_pullback,GBP_JPY,overlap,Q4,Q2,BUY,0,0,0.0,0.0,1.0,1.0,False,0/3,0.0,0.0,0.0
gbp_deep_pullback,GBP_JPY,overlap,Q4,Q2,SELL,0,0,0.0,0.0,1.0,1.0,False,0/3,0.0,0.0,0.0
gbp_deep_pullback,GBP_JPY,overlap,Q4,Q3,BUY,0,0,0.0,0.0,1.0,1.0,False,0/3,0.0,0.0,0.0
gbp_deep_pullback,GBP_JPY,overlap,Q4,Q3,SELL,0,0,0.0,0.0,1.0,1.0,False,0/3,0.0,0.0,0.0
gbp_deep_pullback,GBP_JPY,overlap,Q4,Q4,BUY,0,0,0.0,0.0,1.0,1.0,False,0/3,0.0,0.0,0.0
gbp_deep_pullback,GBP_JPY,overlap,Q4,Q4,SELL,0,0,0.0,0.0,1.0,1.0,False,0/3,0.0,0.0,0.0
gbp_deep_pullback,AUD_USD,tokyo,Q1,Q1,BUY,0,0,0.0,0.0,1.0,1.0,False,0/3,0.0,0.0,0.0
gbp_deep_pullback,AUD_USD,tokyo,Q1,Q1,SELL,0,0,0.0,0.0,1.0,1.0,False,0/3,0.0,0.0,0.0
gbp_deep_pullback,AUD_USD,tokyo,Q1,Q2,BUY,0,0,0.0,0.0,1.0,1.0,False,0/3,0.0,0.0,0.0
gbp_deep_pullback,AUD_USD,tokyo,Q1,Q2,SELL,0,0,0.0,0.0,1.0,1.0,False,0/3,0.0,0.0,0.0
gbp_deep_pullback,AUD_USD,tokyo,Q1,Q3,BUY,0,0,0.0,0.0,1.0,1.0,False,0/3,0.0,0.0,0.0
gbp_deep_pullback,AUD_USD,tokyo,Q1,Q3,SELL,0,0,0.0,0.0,1.0,1.0,False,0/3,0.0,0.0,0.0
gbp_deep_pullback,AUD_USD,tokyo,Q1,Q4,BUY,0,0,0.0,0.0,1.0,1.0,False,0/3,0.0,0.0,0.0
gbp_deep_pullback,AUD_USD,tokyo,Q1,Q4,SELL,0,0,0.0,0.0,1.0,1.0,False,0/3,0.0,0.0,0.0
gbp_deep_pullback,AUD_USD,tokyo,Q2,Q1,BUY,0,0,0.0,0.0,1.0,1.0,False,0/3,0.0,0.0,0.0
gbp_deep_pullback,AUD_USD,tokyo,Q2,Q1,SELL,0,0,0.0,0.0,1.0,1.0,False,0/3,0.0,0.0,0.0
gbp_deep_pullback,AUD_USD,tokyo,Q2,Q2,BUY,0,0,0.0,0.0,1.0,1.0,False,0/3,0.0,0.0,0.0
gbp_deep_pullback,AUD_USD,tokyo,Q2,Q2,SELL,0,0,0.0,0.0,1.0,1.0,False,0/3,0.0,0.0,0.0
gbp_deep_pullback,AUD_USD,tokyo,Q2,Q3,BUY,0,0,0.0,0.0,1.0,1.0,False,0/3,0.0,0.0,0.0
gbp_deep_pullback,AUD_USD,tokyo,Q2,Q3,SELL,0,0,0.0,0.0,1.0,1.0,False,0/3,0.0,0.0,0.0
gbp_deep_pullback,AUD_USD,tokyo,Q2,Q4,BUY,0,0,0.0,0.0,1.0,1.0,False,0/3,0.0,0.0,0.0
gbp_deep_pullback,AUD_USD,tokyo,Q2,Q4,SELL,0,0,0.0,0.0,1.0,1.0,False,0/3,0.0,0.0,0.0
gbp_deep_pullback,AUD_USD,tokyo,Q3,Q1,BUY,0,0,0.0,0.0,1.0,1.0,False,0/3,0.0,0.0,0.0
gbp_deep_pullback,AUD_USD,tokyo,Q3,Q1,SELL,0,0,0.0,0.0,1.0,1.0,False,0/3,0.0,0.0,0.0
gbp_deep_pullback,AUD_USD,tokyo,Q3,Q2,BUY,0,0,0.0,0.0,1.0,1.0,False,0/3,0.0,0.0,0.0
gbp_deep_pullback,AUD_USD,tokyo,Q3,Q2,SELL,0,0,0.0,0.0,1.0,1.0,False,0/3,0.0,0.0,0.0
gbp_deep_pullback,AUD_USD,tokyo,Q3,Q3,BUY,0,0,0.0,0.0,1.0,1.0,False,0/3,0.0,0.0,0.0
gbp_deep_pullback,AUD_USD,tokyo,Q3,Q3,SELL,0,0,0.0,0.0,1.0,1.0,False,0/3,0.0,0.0,0.0
gbp_deep_pullback,AUD_USD,tokyo,Q3,Q4,BUY,0,0,0.0,0.0,1.0,1.0,False,0/3,0.0,0.0,0.0
gbp_deep_pullback,AUD_USD,tokyo,Q3,Q4,SELL,0,0,0.0,0.0,1.0,1.0,False,0/3,0.0,0.0,0.0
gbp_deep_pullback,AUD_USD,tokyo,Q4,Q1,BUY,0,0,0.0,0.0,1.0,1.0,False,0/3,0.0,0.0,0.0
gbp_deep_pullback,AUD_USD,tokyo,Q4,Q1,SELL,0,0,0.0,0.0,1.0,1.0,False,0/3,0.0,0.0,0.0
gbp_deep_pullback,AUD_USD,tokyo,Q4,Q2,BUY,0,0,0.0,0.0,1.0,1.0,False,0/3,0.0,0.0,0.0
gbp_deep_pullback,AUD_USD,tokyo,Q4,Q2,SELL,0,0,0.0,0.0,1.0,1.0,False,0/3,0.0,0.0,0.0
gbp_deep_pullback,AUD_USD,tokyo,Q4,Q3,BUY,0,0,0.0,0.0,1.0,1.0,False,0/3,0.0,0.0,0.0
gbp_deep_pullback,AUD_USD,tokyo,Q4,Q3,SELL,0,0,0.0,0.0,1.0,1.0,False,0/3,0.0,0.0,0.0
gbp_deep_pullback,AUD_USD,tokyo,Q4,Q4,BUY,0,0,0.0,0.0,1.0,1.0,False,0/3,0.0,0.0,0.0
gbp_deep_pullback,AUD_USD,tokyo,Q4,Q4,SELL,0,0,0.0,0.0,1.0,1.0,False,0/3,0.0,0.0,0.0
gbp_deep_pullback,AUD_USD,london,Q1,Q1,BUY,0,0,0.0,0.0,1.0,1.0,False,0/3,0.0,0.0,0.0
gbp_deep_pullback,AUD_USD,london,Q1,Q1,SELL,0,0,0.0,0.0,1.0,1.0,False,0/3,0.0,0.0,0.0
gbp_deep_pullback,AUD_USD,london,Q1,Q2,BUY,0,0,0.0,0.0,1.0,1.0,False,0/3,0.0,0.0,0.0
gbp_deep_pullback,AUD_USD,london,Q1,Q2,SELL,0,0,0.0,0.0,1.0,1.0,False,0/3,0.0,0.0,0.0
gbp_deep_pullback,AUD_USD,london,Q1,Q3,BUY,0,0,0.0,0.0,1.0,1.0,False,0/3,0.0,0.0,0.0
gbp_deep_pullback,AUD_USD,london,Q1,Q3,SELL,0,0,0.0,0.0,1.0,1.0,False,0/3,0.0,0.0,0.0
gbp_deep_pullback,AUD_USD,london,Q1,Q4,BUY,0,0,0.0,0.0,1.0,1.0,False,0/3,0.0,0.0,0.0
gbp_deep_pullback,AUD_USD,london,Q1,Q4,SELL,0,0,0.0,0.0,1.0,1.0,False,0/3,0.0,0.0,0.0
gbp_deep_pullback,AUD_USD,london,Q2,Q1,BUY,0,0,0.0,0.0,1.0,1.0,False,0/3,0.0,0.0,0.0
gbp_deep_pullback,AUD_USD,london,Q2,Q1,SELL,0,0,0.0,0.0,1.0,1.0,False,0/3,0.0,0.0,0.0
gbp_deep_pullback,AUD_USD,london,Q2,Q2,BUY,0,0,0.0,0.0,1.0,1.0,False,0/3,0.0,0.0,0.0
gbp_deep_pullback,AUD_USD,london,Q2,Q2,SELL,0,0,0.0,0.0,1.0,1.0,False,0/3,0.0,0.0,0.0
gbp_deep_pullback,AUD_USD,london,Q2,Q3,BUY,0,0,0.0,0.0,1.0,1.0,False,0/3,0.0,0.0,0.0
gbp_deep_pullback,AUD_USD,london,Q2,Q3,SELL,0,0,0.0,0.0,1.0,1.0,False,0/3,0.0,0.0,0.0
gbp_deep_pullback,AUD_USD,london,Q2,Q4,BUY,0,0,0.0,0.0,1.0,1.0,False,0/3,0.0,0.0,0.0
gbp_deep_pullback,AUD_USD,london,Q2,Q4,SELL,0,0,0.0,0.0,1.0,1.0,False,0/3,0.0,0.0,0.0
gbp_deep_pullback,AUD_USD,london,Q3,Q1,BUY,0,0,0.0,0.0,1.0,1.0,False,0/3,0.0,0.0,0.0
gbp_deep_pullback,AUD_USD,london,Q3,Q1,SELL,0,0,0.0,0.0,1.0,1.0,False,0/3,0.0,0.0,0.0
gbp_deep_pullback,AUD_USD,london,Q3,Q2,BUY,0,0,0.0,0.0,1.0,1.0,False,0/3,0.0,0.0,0.0
gbp_deep_pullback,AUD_USD,london,Q3,Q2,SELL,0,0,0.0,0.0,1.0,1.0,False,0/3,0.0,0.0,0.0
gbp_deep_pullback,AUD_USD,london,Q3,Q3,BUY,0,0,0.0,0.0,1.0,1.0,False,0/3,0.0,0.0,0.0
gbp_deep_pullback,AUD_USD,london,Q3,Q3,SELL,0,0,0.0,0.0,1.0,1.0,False,0/3,0.0,0.0,0.0
gbp_deep_pullback,AUD_USD,london,Q3,Q4,BUY,0,0,0.0,0.0,1.0,1.0,False,0/3,0.0,0.0,0.0
gbp_deep_pullback,AUD_USD,london,Q3,Q4,SELL,0,0,0.0,0.0,1.0,1.0,False,0/3,0.0,0.0,0.0
gbp_deep_pullback,AUD_USD,london,Q4,Q1,BUY,0,0,0.0,0.0,1.0,1.0,False,0/3,0.0,0.0,0.0
gbp_deep_pullback,AUD_USD,london,Q4,Q1,SELL,0,0,0.0,0.0,1.0,1.0,False,0/3,0.0,0.0,0.0
gbp_deep_pullback,AUD_USD,london,Q4,Q2,BUY,0,0,0.0,0.0,1.0,1.0,False,0/3,0.0,0.0,0.0
gbp_deep_pullback,AUD_USD,london,Q4,Q2,SELL,0,0,0.0,0.0,1.0,1.0,False,0/3,0.0,0.0,0.0
gbp_deep_pullback,AUD_USD,london,Q4,Q3,BUY,0,0,0.0,0.0,1.0,1.0,False,0/3,0.0,0.0,0.0
gbp_deep_pullback,AUD_USD,london,Q4,Q3,SELL,0,0,0.0,0.0,1.0,1.0,False,0/3,0.0,0.0,0.0
gbp_deep_pullback,AUD_USD,london,Q4,Q4,BUY,0,0,0.0,0.0,1.0,1.0,False,0/3,0.0,0.0,0.0
gbp_deep_pullback,AUD_USD,london,Q4,Q4,SELL,0,0,0.0,0.0,1.0,1.0,False,0/3,0.0,0.0,0.0
gbp_deep_pullback,AUD_USD,ny,Q1,Q1,BUY,0,0,0.0,0.0,1.0,1.0,False,0/3,0.0,0.0,0.0
gbp_deep_pullback,AUD_USD,ny,Q1,Q1,SELL,0,0,0.0,0.0,1.0,1.0,False,0/3,0.0,0.0,0.0
gbp_deep_pullback,AUD_USD,ny,Q1,Q2,BUY,0,0,0.0,0.0,1.0,1.0,False,0/3,0.0,0.0,0.0
gbp_deep_pullback,AUD_USD,ny,Q1,Q2,SELL,0,0,0.0,0.0,1.0,1.0,False,0/3,0.0,0.0,0.0
gbp_deep_pullback,AUD_USD,ny,Q1,Q3,BUY,0,0,0.0,0.0,1.0,1.0,False,0/3,0.0,0.0,0.0
gbp_deep_pullback,AUD_USD,ny,Q1,Q3,SELL,0,0,0.0,0.0,1.0,1.0,False,0/3,0.0,0.0,0.0
gbp_deep_pullback,AUD_USD,ny,Q1,Q4,BUY,0,0,0.0,0.0,1.0,1.0,False,0/3,0.0,0.0,0.0
gbp_deep_pullback,AUD_USD,ny,Q1,Q4,SELL,0,0,0.0,0.0,1.0,1.0,False,0/3,0.0,0.0,0.0
gbp_deep_pullback,AUD_USD,ny,Q2,Q1,BUY,0,0,0.0,0.0,1.0,1.0,False,0/3,0.0,0.0,0.0
gbp_deep_pullback,AUD_USD,ny,Q2,Q1,SELL,0,0,0.0,0.0,1.0,1.0,False,0/3,0.0,0.0,0.0
gbp_deep_pullback,AUD_USD,ny,Q2,Q2,BUY,0,0,0.0,0.0,1.0,1.0,False,0/3,0.0,0.0,0.0
gbp_deep_pullback,AUD_USD,ny,Q2,Q2,SELL,0,0,0.0,0.0,1.0,1.0,False,0/3,0.0,0.0,0.0
gbp_deep_pullback,AUD_USD,ny,Q2,Q3,BUY,0,0,0.0,0.0,1.0,1.0,False,0/3,0.0,0.0,0.0
gbp_deep_pullback,AUD_USD,ny,Q2,Q3,SELL,0,0,0.0,0.0,1.0,1.0,False,0/3,0.0,0.0,0.0
gbp_deep_pullback,AUD_USD,ny,Q2,Q4,BUY,0,0,0.0,0.0,1.0,1.0,False,0/3,0.0,0.0,0.0
gbp_deep_pullback,AUD_USD,ny,Q2,Q4,SELL,0,0,0.0,0.0,1.0,1.0,False,0/3,0.0,0.0,0.0
gbp_deep_pullback,AUD_USD,ny,Q3,Q1,BUY,0,0,0.0,0.0,1.0,1.0,False,0/3,0.0,0.0,0.0
gbp_deep_pullback,AUD_USD,ny,Q3,Q1,SELL,0,0,0.0,0.0,1.0,1.0,False,0/3,0.0,0.0,0.0
gbp_deep_pullback,AUD_USD,ny,Q3,Q2,BUY,0,0,0.0,0.0,1.0,1.0,False,0/3,0.0,0.0,0.0
gbp_deep_pullback,AUD_USD,ny,Q3,Q2,SELL,0,0,0.0,0.0,1.0,1.0,False,0/3,0.0,0.0,0.0
gbp_deep_pullback,AUD_USD,ny,Q3,Q3,BUY,0,0,0.0,0.0,1.0,1.0,False,0/3,0.0,0.0,0.0
gbp_deep_pullback,AUD_USD,ny,Q3,Q3,SELL,0,0,0.0,0.0,1.0,1.0,False,0/3,0.0,0.0,0.0
gbp_deep_pullback,AUD_USD,ny,Q3,Q4,BUY,0,0,0.0,0.0,1.0,1.0,False,0/3,0.0,0.0,0.0
gbp_deep_pullback,AUD_USD,ny,Q3,Q4,SELL,0,0,0.0,0.0,1.0,1.0,False,0/3,0.0,0.0,0.0
gbp_deep_pullback,AUD_USD,ny,Q4,Q1,BUY,0,0,0.0,0.0,1.0,1.0,False,0/3,0.0,0.0,0.0
gbp_deep_pullback,AUD_USD,ny,Q4,Q1,SELL,0,0,0.0,0.0,1.0,1.0,False,0/3,0.0,0.0,0.0
gbp_deep_pullback,AUD_USD,ny,Q4,Q2,BUY,0,0,0.0,0.0,1.0,1.0,False,0/3,0.0,0.0,0.0
gbp_deep_pullback,AUD_USD,ny,Q4,Q2,SELL,0,0,0.0,0.0,1.0,1.0,False,0/3,0.0,0.0,0.0
gbp_deep_pullback,AUD_USD,ny,Q4,Q3,BUY,0,0,0.0,0.0,1.0,1.0,False,0/3,0.0,0.0,0.0
gbp_deep_pullback,AUD_USD,ny,Q4,Q3,SELL,0,0,0.0,0.0,1.0,1.0,False,0/3,0.0,0.0,0.0
gbp_deep_pullback,AUD_USD,ny,Q4,Q4,BUY,0,0,0.0,0.0,1.0,1.0,False,0/3,0.0,0.0,0.0
gbp_deep_pullback,AUD_USD,ny,Q4,Q4,SELL,0,0,0.0,0.0,1.0,1.0,False,0/3,0.0,0.0,0.0
gbp_deep_pullback,AUD_USD,overlap,Q1,Q1,BUY,0,0,0.0,0.0,1.0,1.0,False,0/3,0.0,0.0,0.0
gbp_deep_pullback,AUD_USD,overlap,Q1,Q1,SELL,0,0,0.0,0.0,1.0,1.0,False,0/3,0.0,0.0,0.0
gbp_deep_pullback,AUD_USD,overlap,Q1,Q2,BUY,0,0,0.0,0.0,1.0,1.0,False,0/3,0.0,0.0,0.0
gbp_deep_pullback,AUD_USD,overlap,Q1,Q2,SELL,0,0,0.0,0.0,1.0,1.0,False,0/3,0.0,0.0,0.0
gbp_deep_pullback,AUD_USD,overlap,Q1,Q3,BUY,0,0,0.0,0.0,1.0,1.0,False,0/3,0.0,0.0,0.0
gbp_deep_pullback,AUD_USD,overlap,Q1,Q3,SELL,0,0,0.0,0.0,1.0,1.0,False,0/3,0.0,0.0,0.0
gbp_deep_pullback,AUD_USD,overlap,Q1,Q4,BUY,0,0,0.0,0.0,1.0,1.0,False,0/3,0.0,0.0,0.0
gbp_deep_pullback,AUD_USD,overlap,Q1,Q4,SELL,0,0,0.0,0.0,1.0,1.0,False,0/3,0.0,0.0,0.0
gbp_deep_pullback,AUD_USD,overlap,Q2,Q1,BUY,0,0,0.0,0.0,1.0,1.0,False,0/3,0.0,0.0,0.0
gbp_deep_pullback,AUD_USD,overlap,Q2,Q1,SELL,0,0,0.0,0.0,1.0,1.0,False,0/3,0.0,0.0,0.0
gbp_deep_pullback,AUD_USD,overlap,Q2,Q2,BUY,0,0,0.0,0.0,1.0,1.0,False,0/3,0.0,0.0,0.0
gbp_deep_pullback,AUD_USD,overlap,Q2,Q2,SELL,0,0,0.0,0.0,1.0,1.0,False,0/3,0.0,0.0,0.0
gbp_deep_pullback,AUD_USD,overlap,Q2,Q3,BUY,0,0,0.0,0.0,1.0,1.0,False,0/3,0.0,0.0,0.0
gbp_deep_pullback,AUD_USD,overlap,Q2,Q3,SELL,0,0,0.0,0.0,1.0,1.0,False,0/3,0.0,0.0,0.0
gbp_deep_pullback,AUD_USD,overlap,Q2,Q4,BUY,0,0,0.0,0.0,1.0,1.0,False,0/3,0.0,0.0,0.0
gbp_deep_pullback,AUD_USD,overlap,Q2,Q4,SELL,0,0,0.0,0.0,1.0,1.0,False,0/3,0.0,0.0,0.0
gbp_deep_pullback,AUD_USD,overlap,Q3,Q1,BUY,0,0,0.0,0.0,1.0,1.0,False,0/3,0.0,0.0,0.0
gbp_deep_pullback,AUD_USD,overlap,Q3,Q1,SELL,0,0,0.0,0.0,1.0,1.0,False,0/3,0.0,0.0,0.0
gbp_deep_pullback,AUD_USD,overlap,Q3,Q2,BUY,0,0,0.0,0.0,1.0,1.0,False,0/3,0.0,0.0,0.0
gbp_deep_pullback,AUD_USD,overlap,Q3,Q2,SELL,0,0,0.0,0.0,1.0,1.0,False,0/3,0.0,0.0,0.0
gbp_deep_pullback,AUD_USD,overlap,Q3,Q3,BUY,0,0,0.0,0.0,1.0,1.0,False,0/3,0.0,0.0,0.0
gbp_deep_pullback,AUD_USD,overlap,Q3,Q3,SELL,0,0,0.0,0.0,1.0,1.0,False,0/3,0.0,0.0,0.0
gbp_deep_pullback,AUD_USD,overlap,Q3,Q4,BUY,0,0,0.0,0.0,1.0,1.0,False,0/3,0.0,0.0,0.0
gbp_deep_pullback,AUD_USD,overlap,Q3,Q4,SELL,0,0,0.0,0.0,1.0,1.0,False,0/3,0.0,0.0,0.0
gbp_deep_pullback,AUD_USD,overlap,Q4,Q1,BUY,0,0,0.0,0.0,1.0,1.0,False,0/3,0.0,0.0,0.0
gbp_deep_pullback,AUD_USD,overlap,Q4,Q1,SELL,0,0,0.0,0.0,1.0,1.0,False,0/3,0.0,0.0,0.0
gbp_deep_pullback,AUD_USD,overlap,Q4,Q2,BUY,0,0,0.0,0.0,1.0,1.0,False,0/3,0.0,0.0,0.0
gbp_deep_pullback,AUD_USD,overlap,Q4,Q2,SELL,0,0,0.0,0.0,1.0,1.0,False,0/3,0.0,0.0,0.0
gbp_deep_pullback,AUD_USD,overlap,Q4,Q3,BUY,0,0,0.0,0.0,1.0,1.0,False,0/3,0.0,0.0,0.0
gbp_deep_pullback,AUD_USD,overlap,Q4,Q3,SELL,0,0,0.0,0.0,1.0,1.0,False,0/3,0.0,0.0,0.0
gbp_deep_pullback,AUD_USD,overlap,Q4,Q4,BUY,0,0,0.0,0.0,1.0,1.0,False,0/3,0.0,0.0,0.0
gbp_deep_pullback,AUD_USD,overlap,Q4,Q4,SELL,0,0,0.0,0.0,1.0,1.0,False,0/3,0.0,0.0,0.0
orb_trap,USD_JPY,tokyo,Q1,Q1,BUY,0,0,0.0,0.0,1.0,1.0,False,0/3,0.0,0.0,0.0
orb_trap,USD_JPY,tokyo,Q1,Q1,SELL,0,0,0.0,0.0,1.0,1.0,False,0/3,0.0,0.0,0.0
orb_trap,USD_JPY,tokyo,Q1,Q2,BUY,0,0,0.0,0.0,1.0,1.0,False,0/3,0.0,0.0,0.0
orb_trap,USD_JPY,tokyo,Q1,Q2,SELL,0,0,0.0,0.0,1.0,1.0,False,0/3,0.0,0.0,0.0
orb_trap,USD_JPY,tokyo,Q1,Q3,BUY,0,0,0.0,0.0,1.0,1.0,False,0/3,0.0,0.0,0.0
orb_trap,USD_JPY,tokyo,Q1,Q3,SELL,0,0,0.0,0.0,1.0,1.0,False,0/3,0.0,0.0,0.0
orb_trap,USD_JPY,tokyo,Q1,Q4,BUY,0,0,0.0,0.0,1.0,1.0,False,0/3,0.0,0.0,0.0
orb_trap,USD_JPY,tokyo,Q1,Q4,SELL,0,0,0.0,0.0,1.0,1.0,False,0/3,0.0,0.0,0.0
orb_trap,USD_JPY,tokyo,Q2,Q1,BUY,0,0,0.0,0.0,1.0,1.0,False,0/3,0.0,0.0,0.0
orb_trap,USD_JPY,tokyo,Q2,Q1,SELL,0,0,0.0,0.0,1.0,1.0,False,0/3,0.0,0.0,0.0
orb_trap,USD_JPY,tokyo,Q2,Q2,BUY,0,0,0.0,0.0,1.0,1.0,False,0/3,0.0,0.0,0.0
orb_trap,USD_JPY,tokyo,Q2,Q2,SELL,0,0,0.0,0.0,1.0,1.0,False,0/3,0.0,0.0,0.0
orb_trap,USD_JPY,tokyo,Q2,Q3,BUY,0,0,0.0,0.0,1.0,1.0,False,0/3,0.0,0.0,0.0
orb_trap,USD_JPY,tokyo,Q2,Q3,SELL,0,0,0.0,0.0,1.0,1.0,False,0/3,0.0,0.0,0.0
orb_trap,USD_JPY,tokyo,Q2,Q4,BUY,0,0,0.0,0.0,1.0,1.0,False,0/3,0.0,0.0,0.0
orb_trap,USD_JPY,tokyo,Q2,Q4,SELL,0,0,0.0,0.0,1.0,1.0,False,0/3,0.0,0.0,0.0
orb_trap,USD_JPY,tokyo,Q3,Q1,BUY,0,0,0.0,0.0,1.0,1.0,False,0/3,0.0,0.0,0.0
orb_trap,USD_JPY,tokyo,Q3,Q1,SELL,0,0,0.0,0.0,1.0,1.0,False,0/3,0.0,0.0,0.0
orb_trap,USD_JPY,tokyo,Q3,Q2,BUY,0,0,0.0,0.0,1.0,1.0,False,0/3,0.0,0.0,0.0
orb_trap,USD_JPY,tokyo,Q3,Q2,SELL,0,0,0.0,0.0,1.0,1.0,False,0/3,0.0,0.0,0.0
orb_trap,USD_JPY,tokyo,Q3,Q3,BUY,0,0,0.0,0.0,1.0,1.0,False,0/3,0.0,0.0,0.0
orb_trap,USD_JPY,tokyo,Q3,Q3,SELL,0,0,0.0,0.0,1.0,1.0,False,0/3,0.0,0.0,0.0
orb_trap,USD_JPY,tokyo,Q3,Q4,BUY,0,0,0.0,0.0,1.0,1.0,False,0/3,0.0,0.0,0.0
orb_trap,USD_JPY,tokyo,Q3,Q4,SELL,0,0,0.0,0.0,1.0,1.0,False,0/3,0.0,0.0,0.0
orb_trap,USD_JPY,tokyo,Q4,Q1,BUY,0,0,0.0,0.0,1.0,1.0,False,0/3,0.0,0.0,0.0
orb_trap,USD_JPY,tokyo,Q4,Q1,SELL,0,0,0.0,0.0,1.0,1.0,False,0/3,0.0,0.0,0.0
orb_trap,USD_JPY,tokyo,Q4,Q2,BUY,0,0,0.0,0.0,1.0,1.0,False,0/3,0.0,0.0,0.0
orb_trap,USD_JPY,tokyo,Q4,Q2,SELL,0,0,0.0,0.0,1.0,1.0,False,0/3,0.0,0.0,0.0
orb_trap,USD_JPY,tokyo,Q4,Q3,BUY,0,0,0.0,0.0,1.0,1.0,False,0/3,0.0,0.0,0.0
orb_trap,USD_JPY,tokyo,Q4,Q3,SELL,0,0,0.0,0.0,1.0,1.0,False,0/3,0.0,0.0,0.0
orb_trap,USD_JPY,tokyo,Q4,Q4,BUY,0,0,0.0,0.0,1.0,1.0,False,0/3,0.0,0.0,0.0
orb_trap,USD_JPY,tokyo,Q4,Q4,SELL,0,0,0.0,0.0,1.0,1.0,False,0/3,0.0,0.0,0.0
orb_trap,USD_JPY,london,Q1,Q1,BUY,0,0,0.0,0.0,1.0,1.0,False,0/3,0.0,0.0,0.0
orb_trap,USD_JPY,london,Q1,Q1,SELL,0,0,0.0,0.0,1.0,1.0,False,0/3,0.0,0.0,0.0
orb_trap,USD_JPY,london,Q1,Q2,BUY,0,0,0.0,0.0,1.0,1.0,False,0/3,0.0,0.0,0.0
orb_trap,USD_JPY,london,Q1,Q2,SELL,0,0,0.0,0.0,1.0,1.0,False,0/3,0.0,0.0,0.0
orb_trap,USD_JPY,london,Q1,Q3,BUY,0,0,0.0,0.0,1.0,1.0,False,0/3,0.0,0.0,0.0
orb_trap,USD_JPY,london,Q1,Q3,SELL,0,0,0.0,0.0,1.0,1.0,False,0/3,0.0,0.0,0.0
orb_trap,USD_JPY,london,Q1,Q4,BUY,0,0,0.0,0.0,1.0,1.0,False,0/3,0.0,0.0,0.0
orb_trap,USD_JPY,london,Q1,Q4,SELL,0,0,0.0,0.0,1.0,1.0,False,0/3,0.0,0.0,0.0
orb_trap,USD_JPY,london,Q2,Q1,BUY,0,0,0.0,0.0,1.0,1.0,False,0/3,0.0,0.0,0.0
orb_trap,USD_JPY,london,Q2,Q1,SELL,0,0,0.0,0.0,1.0,1.0,False,0/3,0.0,0.0,0.0
orb_trap,USD_JPY,london,Q2,Q2,BUY,0,0,0.0,0.0,1.0,1.0,False,0/3,0.0,0.0,0.0
orb_trap,USD_JPY,london,Q2,Q2,SELL,0,0,0.0,0.0,1.0,1.0,False,0/3,0.0,0.0,0.0
orb_trap,USD_JPY,london,Q2,Q3,BUY,0,0,0.0,0.0,1.0,1.0,False,0/3,0.0,0.0,0.0
orb_trap,USD_JPY,london,Q2,Q3,SELL,0,0,0.0,0.0,1.0,1.0,False,0/3,0.0,0.0,0.0
orb_trap,USD_JPY,london,Q2,Q4,BUY,0,0,0.0,0.0,1.0,1.0,False,0/3,0.0,0.0,0.0
orb_trap,USD_JPY,london,Q2,Q4,SELL,0,0,0.0,0.0,1.0,1.0,False,0/3,0.0,0.0,0.0
orb_trap,USD_JPY,london,Q3,Q1,BUY,0,0,0.0,0.0,1.0,1.0,False,0/3,0.0,0.0,0.0
orb_trap,USD_JPY,london,Q3,Q1,SELL,0,0,0.0,0.0,1.0,1.0,False,0/3,0.0,0.0,0.0
orb_trap,USD_JPY,london,Q3,Q2,BUY,0,0,0.0,0.0,1.0,1.0,False,0/3,0.0,0.0,0.0
orb_trap,USD_JPY,london,Q3,Q2,SELL,0,0,0.0,0.0,1.0,1.0,False,0/3,0.0,0.0,0.0
orb_trap,USD_JPY,london,Q3,Q3,BUY,0,0,0.0,0.0,1.0,1.0,False,0/3,0.0,0.0,0.0
orb_trap,USD_JPY,london,Q3,Q3,SELL,0,0,0.0,0.0,1.0,1.0,False,0/3,0.0,0.0,0.0
orb_trap,USD_JPY,london,Q3,Q4,BUY,0,0,0.0,0.0,1.0,1.0,False,0/3,0.0,0.0,0.0
orb_trap,USD_JPY,london,Q3,Q4,SELL,0,0,0.0,0.0,1.0,1.0,False,0/3,0.0,0.0,0.0
orb_trap,USD_JPY,london,Q4,Q1,BUY,0,0,0.0,0.0,1.0,1.0,False,0/3,0.0,0.0,0.0
orb_trap,USD_JPY,london,Q4,Q1,SELL,0,0,0.0,0.0,1.0,1.0,False,0/3,0.0,0.0,0.0
orb_trap,USD_JPY,london,Q4,Q2,BUY,0,0,0.0,0.0,1.0,1.0,False,0/3,0.0,0.0,0.0
orb_trap,USD_JPY,london,Q4,Q2,SELL,0,0,0.0,0.0,1.0,1.0,False,0/3,0.0,0.0,0.0
orb_trap,USD_JPY,london,Q4,Q3,BUY,0,0,0.0,0.0,1.0,1.0,False,0/3,0.0,0.0,0.0
orb_trap,USD_JPY,london,Q4,Q3,SELL,0,0,0.0,0.0,1.0,1.0,False,0/3,0.0,0.0,0.0
orb_trap,USD_JPY,london,Q4,Q4,BUY,0,0,0.0,0.0,1.0,1.0,False,0/3,0.0,0.0,0.0
orb_trap,USD_JPY,london,Q4,Q4,SELL,0,0,0.0,0.0,1.0,1.0,False,0/3,0.0,0.0,0.0
orb_trap,USD_JPY,ny,Q1,Q1,BUY,0,0,0.0,0.0,1.0,1.0,False,0/3,0.0,0.0,0.0
orb_trap,USD_JPY,ny,Q1,Q1,SELL,0,0,0.0,0.0,1.0,1.0,False,0/3,0.0,0.0,0.0
orb_trap,USD_JPY,ny,Q1,Q2,BUY,0,0,0.0,0.0,1.0,1.0,False,0/3,0.0,0.0,0.0
orb_trap,USD_JPY,ny,Q1,Q2,SELL,0,0,0.0,0.0,1.0,1.0,False,0/3,0.0,0.0,0.0
orb_trap,USD_JPY,ny,Q1,Q3,BUY,0,0,0.0,0.0,1.0,1.0,False,0/3,0.0,0.0,0.0
orb_trap,USD_JPY,ny,Q1,Q3,SELL,0,0,0.0,0.0,1.0,1.0,False,0/3,0.0,0.0,0.0
orb_trap,USD_JPY,ny,Q1,Q4,BUY,0,0,0.0,0.0,1.0,1.0,False,0/3,0.0,0.0,0.0
orb_trap,USD_JPY,ny,Q1,Q4,SELL,0,0,0.0,0.0,1.0,1.0,False,0/3,0.0,0.0,0.0
orb_trap,USD_JPY,ny,Q2,Q1,BUY,0,0,0.0,0.0,1.0,1.0,False,0/3,0.0,0.0,0.0
orb_trap,USD_JPY,ny,Q2,Q1,SELL,0,0,0.0,0.0,1.0,1.0,False,0/3,0.0,0.0,0.0
orb_trap,USD_JPY,ny,Q2,Q2,BUY,0,0,0.0,0.0,1.0,1.0,False,0/3,0.0,0.0,0.0
orb_trap,USD_JPY,ny,Q2,Q2,SELL,0,0,0.0,0.0,1.0,1.0,False,0/3,0.0,0.0,0.0
orb_trap,USD_JPY,ny,Q2,Q3,BUY,0,0,0.0,0.0,1.0,1.0,False,0/3,0.0,0.0,0.0
orb_trap,USD_JPY,ny,Q2,Q3,SELL,0,0,0.0,0.0,1.0,1.0,False,0/3,0.0,0.0,0.0
orb_trap,USD_JPY,ny,Q2,Q4,BUY,0,0,0.0,0.0,1.0,1.0,False,0/3,0.0,0.0,0.0
orb_trap,USD_JPY,ny,Q2,Q4,SELL,0,0,0.0,0.0,1.0,1.0,False,0/3,0.0,0.0,0.0
orb_trap,USD_JPY,ny,Q3,Q1,BUY,0,0,0.0,0.0,1.0,1.0,False,0/3,0.0,0.0,0.0
orb_trap,USD_JPY,ny,Q3,Q1,SELL,0,0,0.0,0.0,1.0,1.0,False,0/3,0.0,0.0,0.0
orb_trap,USD_JPY,ny,Q3,Q2,BUY,0,0,0.0,0.0,1.0,1.0,False,0/3,0.0,0.0,0.0
orb_trap,USD_JPY,ny,Q3,Q2,SELL,0,0,0.0,0.0,1.0,1.0,False,0/3,0.0,0.0,0.0
orb_trap,USD_JPY,ny,Q3,Q3,BUY,0,0,0.0,0.0,1.0,1.0,False,0/3,0.0,0.0,0.0
orb_trap,USD_JPY,ny,Q3,Q3,SELL,0,0,0.0,0.0,1.0,1.0,False,0/3,0.0,0.0,0.0
orb_trap,USD_JPY,ny,Q3,Q4,BUY,0,0,0.0,0.0,1.0,1.0,False,0/3,0.0,0.0,0.0
orb_trap,USD_JPY,ny,Q3,Q4,SELL,0,0,0.0,0.0,1.0,1.0,False,0/3,0.0,0.0,0.0
orb_trap,USD_JPY,ny,Q4,Q1,BUY,0,0,0.0,0.0,1.0,1.0,False,0/3,0.0,0.0,0.0
orb_trap,USD_JPY,ny,Q4,Q1,SELL,0,0,0.0,0.0,1.0,1.0,False,0/3,0.0,0.0,0.0
orb_trap,USD_JPY,ny,Q4,Q2,BUY,0,0,0.0,0.0,1.0,1.0,False,0/3,0.0,0.0,0.0
orb_trap,USD_JPY,ny,Q4,Q2,SELL,0,0,0.0,0.0,1.0,1.0,False,0/3,0.0,0.0,0.0
orb_trap,USD_JPY,ny,Q4,Q3,BUY,0,0,0.0,0.0,1.0,1.0,False,0/3,0.0,0.0,0.0
orb_trap,USD_JPY,ny,Q4,Q3,SELL,0,0,0.0,0.0,1.0,1.0,False,0/3,0.0,0.0,0.0
orb_trap,USD_JPY,ny,Q4,Q4,BUY,0,0,0.0,0.0,1.0,1.0,False,0/3,0.0,0.0,0.0
orb_trap,USD_JPY,ny,Q4,Q4,SELL,0,0,0.0,0.0,1.0,1.0,False,0/3,0.0,0.0,0.0
orb_trap,USD_JPY,overlap,Q1,Q1,BUY,0,0,0.0,0.0,1.0,1.0,False,0/3,0.0,0.0,0.0
orb_trap,USD_JPY,overlap,Q1,Q1,SELL,0,0,0.0,0.0,1.0,1.0,False,0/3,0.0,0.0,0.0
orb_trap,USD_JPY,overlap,Q1,Q2,BUY,0,0,0.0,0.0,1.0,1.0,False,0/3,0.0,0.0,0.0
orb_trap,USD_JPY,overlap,Q1,Q2,SELL,0,0,0.0,0.0,1.0,1.0,False,0/3,0.0,0.0,0.0
orb_trap,USD_JPY,overlap,Q1,Q3,BUY,0,0,0.0,0.0,1.0,1.0,False,0/3,0.0,0.0,0.0
orb_trap,USD_JPY,overlap,Q1,Q3,SELL,0,0,0.0,0.0,1.0,1.0,False,0/3,0.0,0.0,0.0
orb_trap,USD_JPY,overlap,Q1,Q4,BUY,0,0,0.0,0.0,1.0,1.0,False,0/3,0.0,0.0,0.0
orb_trap,USD_JPY,overlap,Q1,Q4,SELL,2,0,0.0,0.0,1.0,1.0,False,0/3,0.0,0.0,-10.9
orb_trap,USD_JPY,overlap,Q2,Q1,BUY,0,0,0.0,0.0,1.0,1.0,False,0/3,0.0,0.0,0.0
orb_trap,USD_JPY,overlap,Q2,Q1,SELL,0,0,0.0,0.0,1.0,1.0,False,0/3,0.0,0.0,0.0
orb_trap,USD_JPY,overlap,Q2,Q2,BUY,0,0,0.0,0.0,1.0,1.0,False,0/3,0.0,0.0,0.0
orb_trap,USD_JPY,overlap,Q2,Q2,SELL,0,0,0.0,0.0,1.0,1.0,False,0/3,0.0,0.0,0.0
orb_trap,USD_JPY,overlap,Q2,Q3,BUY,0,0,0.0,0.0,1.0,1.0,False,0/3,0.0,0.0,0.0
orb_trap,USD_JPY,overlap,Q2,Q3,SELL,0,0,0.0,0.0,1.0,1.0,False,0/3,0.0,0.0,0.0
orb_trap,USD_JPY,overlap,Q2,Q4,BUY,0,0,0.0,0.0,1.0,1.0,False,0/3,0.0,0.0,0.0
orb_trap,USD_JPY,overlap,Q2,Q4,SELL,0,0,0.0,0.0,1.0,1.0,False,0/3,0.0,0.0,0.0
orb_trap,USD_JPY,overlap,Q3,Q1,BUY,1,1,1.0,0.20654329147389294,0.2672531769305963,1.0,False,1/3,0.0,inf,12.5
orb_trap,USD_JPY,overlap,Q3,Q1,SELL,0,0,0.0,0.0,1.0,1.0,False,0/3,0.0,0.0,0.0
orb_trap,USD_JPY,overlap,Q3,Q2,BUY,1,0,0.0,0.0,1.0,1.0,False,0/3,0.0,0.0,-21.0
orb_trap,USD_JPY,overlap,Q3,Q2,SELL,0,0,0.0,0.0,1.0,1.0,False,0/3,0.0,0.0,0.0
orb_trap,USD_JPY,overlap,Q3,Q3,BUY,0,0,0.0,0.0,1.0,1.0,False,0/3,0.0,0.0,0.0
orb_trap,USD_JPY,overlap,Q3,Q3,SELL,0,0,0.0,0.0,1.0,1.0,False,0/3,0.0,0.0,0.0
orb_trap,USD_JPY,overlap,Q3,Q4,BUY,0,0,0.0,0.0,1.0,1.0,False,0/3,0.0,0.0,0.0
orb_trap,USD_JPY,overlap,Q3,Q4,SELL,0,0,0.0,0.0,1.0,1.0,False,0/3,0.0,0.0,0.0
orb_trap,USD_JPY,overlap,Q4,Q1,BUY,0,0,0.0,0.0,1.0,1.0,False,0/3,0.0,0.0,0.0
orb_trap,USD_JPY,overlap,Q4,Q1,SELL,0,0,0.0,0.0,1.0,1.0,False,0/3,0.0,0.0,0.0
orb_trap,USD_JPY,overlap,Q4,Q2,BUY,0,0,0.0,0.0,1.0,1.0,False,0/3,0.0,0.0,0.0
orb_trap,USD_JPY,overlap,Q4,Q2,SELL,0,0,0.0,0.0,1.0,1.0,False,0/3,0.0,0.0,0.0
orb_trap,USD_JPY,overlap,Q4,Q3,BUY,0,0,0.0,0.0,1.0,1.0,False,0/3,0.0,0.0,0.0
orb_trap,USD_JPY,overlap,Q4,Q3,SELL,0,0,0.0,0.0,1.0,1.0,False,0/3,0.0,0.0,0.0
orb_trap,USD_JPY,overlap,Q4,Q4,BUY,0,0,0.0,0.0,1.0,1.0,False,0/3,0.0,0.0,0.0
orb_trap,USD_JPY,overlap,Q4,Q4,SELL,0,0,0.0,0.0,1.0,1.0,False,0/3,0.0,0.0,0.0
orb_trap,EUR_USD,tokyo,Q1,Q1,BUY,0,0,0.0,0.0,1.0,1.0,False,0/3,0.0,0.0,0.0
orb_trap,EUR_USD,tokyo,Q1,Q1,SELL,0,0,0.0,0.0,1.0,1.0,False,0/3,0.0,0.0,0.0
orb_trap,EUR_USD,tokyo,Q1,Q2,BUY,0,0,0.0,0.0,1.0,1.0,False,0/3,0.0,0.0,0.0
orb_trap,EUR_USD,tokyo,Q1,Q2,SELL,0,0,0.0,0.0,1.0,1.0,False,0/3,0.0,0.0,0.0
orb_trap,EUR_USD,tokyo,Q1,Q3,BUY,0,0,0.0,0.0,1.0,1.0,False,0/3,0.0,0.0,0.0
orb_trap,EUR_USD,tokyo,Q1,Q3,SELL,0,0,0.0,0.0,1.0,1.0,False,0/3,0.0,0.0,0.0
orb_trap,EUR_USD,tokyo,Q1,Q4,BUY,0,0,0.0,0.0,1.0,1.0,False,0/3,0.0,0.0,0.0
orb_trap,EUR_USD,tokyo,Q1,Q4,SELL,0,0,0.0,0.0,1.0,1.0,False,0/3,0.0,0.0,0.0
orb_trap,EUR_USD,tokyo,Q2,Q1,BUY,0,0,0.0,0.0,1.0,1.0,False,0/3,0.0,0.0,0.0
orb_trap,EUR_USD,tokyo,Q2,Q1,SELL,0,0,0.0,0.0,1.0,1.0,False,0/3,0.0,0.0,0.0
orb_trap,EUR_USD,tokyo,Q2,Q2,BUY,0,0,0.0,0.0,1.0,1.0,False,0/3,0.0,0.0,0.0
orb_trap,EUR_USD,tokyo,Q2,Q2,SELL,0,0,0.0,0.0,1.0,1.0,False,0/3,0.0,0.0,0.0
orb_trap,EUR_USD,tokyo,Q2,Q3,BUY,0,0,0.0,0.0,1.0,1.0,False,0/3,0.0,0.0,0.0
orb_trap,EUR_USD,tokyo,Q2,Q3,SELL,0,0,0.0,0.0,1.0,1.0,False,0/3,0.0,0.0,0.0
orb_trap,EUR_USD,tokyo,Q2,Q4,BUY,0,0,0.0,0.0,1.0,1.0,False,0/3,0.0,0.0,0.0
orb_trap,EUR_USD,tokyo,Q2,Q4,SELL,0,0,0.0,0.0,1.0,1.0,False,0/3,0.0,0.0,0.0
orb_trap,EUR_USD,tokyo,Q3,Q1,BUY,0,0,0.0,0.0,1.0,1.0,False,0/3,0.0,0.0,0.0
orb_trap,EUR_USD,tokyo,Q3,Q1,SELL,0,0,0.0,0.0,1.0,1.0,False,0/3,0.0,0.0,0.0
orb_trap,EUR_USD,tokyo,Q3,Q2,BUY,0,0,0.0,0.0,1.0,1.0,False,0/3,0.0,0.0,0.0
orb_trap,EUR_USD,tokyo,Q3,Q2,SELL,0,0,0.0,0.0,1.0,1.0,False,0/3,0.0,0.0,0.0
orb_trap,EUR_USD,tokyo,Q3,Q3,BUY,0,0,0.0,0.0,1.0,1.0,False,0/3,0.0,0.0,0.0
orb_trap,EUR_USD,tokyo,Q3,Q3,SELL,0,0,0.0,0.0,1.0,1.0,False,0/3,0.0,0.0,0.0
orb_trap,EUR_USD,tokyo,Q3,Q4,BUY,0,0,0.0,0.0,1.0,1.0,False,0/3,0.0,0.0,0.0
orb_trap,EUR_USD,tokyo,Q3,Q4,SELL,0,0,0.0,0.0,1.0,1.0,False,0/3,0.0,0.0,0.0
orb_trap,EUR_USD,tokyo,Q4,Q1,BUY,0,0,0.0,0.0,1.0,1.0,False,0/3,0.0,0.0,0.0
orb_trap,EUR_USD,tokyo,Q4,Q1,SELL,0,0,0.0,0.0,1.0,1.0,False,0/3,0.0,0.0,0.0
orb_trap,EUR_USD,tokyo,Q4,Q2,BUY,0,0,0.0,0.0,1.0,1.0,False,0/3,0.0,0.0,0.0
orb_trap,EUR_USD,tokyo,Q4,Q2,SELL,0,0,0.0,0.0,1.0,1.0,False,0/3,0.0,0.0,0.0
orb_trap,EUR_USD,tokyo,Q4,Q3,BUY,0,0,0.0,0.0,1.0,1.0,False,0/3,0.0,0.0,0.0
orb_trap,EUR_USD,tokyo,Q4,Q3,SELL,0,0,0.0,0.0,1.0,1.0,False,0/3,0.0,0.0,0.0
orb_trap,EUR_USD,tokyo,Q4,Q4,BUY,0,0,0.0,0.0,1.0,1.0,False,0/3,0.0,0.0,0.0
orb_trap,EUR_USD,tokyo,Q4,Q4,SELL,0,0,0.0,0.0,1.0,1.0,False,0/3,0.0,0.0,0.0
orb_trap,EUR_USD,london,Q1,Q1,BUY,0,0,0.0,0.0,1.0,1.0,False,0/3,0.0,0.0,0.0
orb_trap,EUR_USD,london,Q1,Q1,SELL,0,0,0.0,0.0,1.0,1.0,False,0/3,0.0,0.0,0.0
orb_trap,EUR_USD,london,Q1,Q2,BUY,0,0,0.0,0.0,1.0,1.0,False,0/3,0.0,0.0,0.0
orb_trap,EUR_USD,london,Q1,Q2,SELL,0,0,0.0,0.0,1.0,1.0,False,0/3,0.0,0.0,0.0
orb_trap,EUR_USD,london,Q1,Q3,BUY,0,0,0.0,0.0,1.0,1.0,False,0/3,0.0,0.0,0.0
orb_trap,EUR_USD,london,Q1,Q3,SELL,0,0,0.0,0.0,1.0,1.0,False,0/3,0.0,0.0,0.0
orb_trap,EUR_USD,london,Q1,Q4,BUY,0,0,0.0,0.0,1.0,1.0,False,0/3,0.0,0.0,0.0
orb_trap,EUR_USD,london,Q1,Q4,SELL,0,0,0.0,0.0,1.0,1.0,False,0/3,0.0,0.0,0.0
orb_trap,EUR_USD,london,Q2,Q1,BUY,0,0,0.0,0.0,1.0,1.0,False,0/3,0.0,0.0,0.0
orb_trap,EUR_USD,london,Q2,Q1,SELL,0,0,0.0,0.0,1.0,1.0,False,0/3,0.0,0.0,0.0
orb_trap,EUR_USD,london,Q2,Q2,BUY,0,0,0.0,0.0,1.0,1.0,False,0/3,0.0,0.0,0.0
orb_trap,EUR_USD,london,Q2,Q2,SELL,0,0,0.0,0.0,1.0,1.0,False,0/3,0.0,0.0,0.0
orb_trap,EUR_USD,london,Q2,Q3,BUY,0,0,0.0,0.0,1.0,1.0,False,0/3,0.0,0.0,0.0
orb_trap,EUR_USD,london,Q2,Q3,SELL,0,0,0.0,0.0,1.0,1.0,False,0/3,0.0,0.0,0.0
orb_trap,EUR_USD,london,Q2,Q4,BUY,0,0,0.0,0.0,1.0,1.0,False,0/3,0.0,0.0,0.0
orb_trap,EUR_USD,london,Q2,Q4,SELL,0,0,0.0,0.0,1.0,1.0,False,0/3,0.0,0.0,0.0
orb_trap,EUR_USD,london,Q3,Q1,BUY,0,0,0.0,0.0,1.0,1.0,False,0/3,0.0,0.0,0.0
orb_trap,EUR_USD,london,Q3,Q1,SELL,0,0,0.0,0.0,1.0,1.0,False,0/3,0.0,0.0,0.0
orb_trap,EUR_USD,london,Q3,Q2,BUY,0,0,0.0,0.0,1.0,1.0,False,0/3,0.0,0.0,0.0
orb_trap,EUR_USD,london,Q3,Q2,SELL,0,0,0.0,0.0,1.0,1.0,False,0/3,0.0,0.0,0.0
orb_trap,EUR_USD,london,Q3,Q3,BUY,0,0,0.0,0.0,1.0,1.0,False,0/3,0.0,0.0,0.0
orb_trap,EUR_USD,london,Q3,Q3,SELL,0,0,0.0,0.0,1.0,1.0,False,0/3,0.0,0.0,0.0
orb_trap,EUR_USD,london,Q3,Q4,BUY,0,0,0.0,0.0,1.0,1.0,False,0/3,0.0,0.0,0.0
orb_trap,EUR_USD,london,Q3,Q4,SELL,0,0,0.0,0.0,1.0,1.0,False,0/3,0.0,0.0,0.0
orb_trap,EUR_USD,london,Q4,Q1,BUY,1,0,0.0,0.0,1.0,1.0,False,0/3,0.0,0.0,-8.6
orb_trap,EUR_USD,london,Q4,Q1,SELL,0,0,0.0,0.0,1.0,1.0,False,0/3,0.0,0.0,0.0
orb_trap,EUR_USD,london,Q4,Q2,BUY,0,0,0.0,0.0,1.0,1.0,False,0/3,0.0,0.0,0.0
orb_trap,EUR_USD,london,Q4,Q2,SELL,0,0,0.0,0.0,1.0,1.0,False,0/3,0.0,0.0,0.0
orb_trap,EUR_USD,london,Q4,Q3,BUY,0,0,0.0,0.0,1.0,1.0,False,0/3,0.0,0.0,0.0
orb_trap,EUR_USD,london,Q4,Q3,SELL,0,0,0.0,0.0,1.0,1.0,False,0/3,0.0,0.0,0.0
orb_trap,EUR_USD,london,Q4,Q4,BUY,0,0,0.0,0.0,1.0,1.0,False,0/3,0.0,0.0,0.0
orb_trap,EUR_USD,london,Q4,Q4,SELL,0,0,0.0,0.0,1.0,1.0,False,0/3,0.0,0.0,0.0
orb_trap,EUR_USD,ny,Q1,Q1,BUY,0,0,0.0,0.0,1.0,1.0,False,0/3,0.0,0.0,0.0
orb_trap,EUR_USD,ny,Q1,Q1,SELL,0,0,0.0,0.0,1.0,1.0,False,0/3,0.0,0.0,0.0
orb_trap,EUR_USD,ny,Q1,Q2,BUY,0,0,0.0,0.0,1.0,1.0,False,0/3,0.0,0.0,0.0
orb_trap,EUR_USD,ny,Q1,Q2,SELL,0,0,0.0,0.0,1.0,1.0,False,0/3,0.0,0.0,0.0
orb_trap,EUR_USD,ny,Q1,Q3,BUY,0,0,0.0,0.0,1.0,1.0,False,0/3,0.0,0.0,0.0
orb_trap,EUR_USD,ny,Q1,Q3,SELL,0,0,0.0,0.0,1.0,1.0,False,0/3,0.0,0.0,0.0
orb_trap,EUR_USD,ny,Q1,Q4,BUY,0,0,0.0,0.0,1.0,1.0,False,0/3,0.0,0.0,0.0
orb_trap,EUR_USD,ny,Q1,Q4,SELL,0,0,0.0,0.0,1.0,1.0,False,0/3,0.0,0.0,0.0
orb_trap,EUR_USD,ny,Q2,Q1,BUY,0,0,0.0,0.0,1.0,1.0,False,0/3,0.0,0.0,0.0
orb_trap,EUR_USD,ny,Q2,Q1,SELL,0,0,0.0,0.0,1.0,1.0,False,0/3,0.0,0.0,0.0
orb_trap,EUR_USD,ny,Q2,Q2,BUY,0,0,0.0,0.0,1.0,1.0,False,0/3,0.0,0.0,0.0
orb_trap,EUR_USD,ny,Q2,Q2,SELL,0,0,0.0,0.0,1.0,1.0,False,0/3,0.0,0.0,0.0
orb_trap,EUR_USD,ny,Q2,Q3,BUY,0,0,0.0,0.0,1.0,1.0,False,0/3,0.0,0.0,0.0
orb_trap,EUR_USD,ny,Q2,Q3,SELL,0,0,0.0,0.0,1.0,1.0,False,0/3,0.0,0.0,0.0
orb_trap,EUR_USD,ny,Q2,Q4,BUY,0,0,0.0,0.0,1.0,1.0,False,0/3,0.0,0.0,0.0
orb_trap,EUR_USD,ny,Q2,Q4,SELL,0,0,0.0,0.0,1.0,1.0,False,0/3,0.0,0.0,0.0
orb_trap,EUR_USD,ny,Q3,Q1,BUY,0,0,0.0,0.0,1.0,1.0,False,0/3,0.0,0.0,0.0
orb_trap,EUR_USD,ny,Q3,Q1,SELL,0,0,0.0,0.0,1.0,1.0,False,0/3,0.0,0.0,0.0
orb_trap,EUR_USD,ny,Q3,Q2,BUY,0,0,0.0,0.0,1.0,1.0,False,0/3,0.0,0.0,0.0
orb_trap,EUR_USD,ny,Q3,Q2,SELL,0,0,0.0,0.0,1.0,1.0,False,0/3,0.0,0.0,0.0
orb_trap,EUR_USD,ny,Q3,Q3,BUY,0,0,0.0,0.0,1.0,1.0,False,0/3,0.0,0.0,0.0
orb_trap,EUR_USD,ny,Q3,Q3,SELL,0,0,0.0,0.0,1.0,1.0,False,0/3,0.0,0.0,0.0
orb_trap,EUR_USD,ny,Q3,Q4,BUY,0,0,0.0,0.0,1.0,1.0,False,0/3,0.0,0.0,0.0
orb_trap,EUR_USD,ny,Q3,Q4,SELL,0,0,0.0,0.0,1.0,1.0,False,0/3,0.0,0.0,0.0
orb_trap,EUR_USD,ny,Q4,Q1,BUY,0,0,0.0,0.0,1.0,1.0,False,0/3,0.0,0.0,0.0
orb_trap,EUR_USD,ny,Q4,Q1,SELL,0,0,0.0,0.0,1.0,1.0,False,0/3,0.0,0.0,0.0
orb_trap,EUR_USD,ny,Q4,Q2,BUY,0,0,0.0,0.0,1.0,1.0,False,0/3,0.0,0.0,0.0
orb_trap,EUR_USD,ny,Q4,Q2,SELL,0,0,0.0,0.0,1.0,1.0,False,0/3,0.0,0.0,0.0
orb_trap,EUR_USD,ny,Q4,Q3,BUY,0,0,0.0,0.0,1.0,1.0,False,0/3,0.0,0.0,0.0
orb_trap,EUR_USD,ny,Q4,Q3,SELL,0,0,0.0,0.0,1.0,1.0,False,0/3,0.0,0.0,0.0
orb_trap,EUR_USD,ny,Q4,Q4,BUY,0,0,0.0,0.0,1.0,1.0,False,0/3,0.0,0.0,0.0
orb_trap,EUR_USD,ny,Q4,Q4,SELL,0,0,0.0,0.0,1.0,1.0,False,0/3,0.0,0.0,0.0
orb_trap,EUR_USD,overlap,Q1,Q1,BUY,0,0,0.0,0.0,1.0,1.0,False,0/3,0.0,0.0,0.0
orb_trap,EUR_USD,overlap,Q1,Q1,SELL,0,0,0.0,0.0,1.0,1.0,False,0/3,0.0,0.0,0.0
orb_trap,EUR_USD,overlap,Q1,Q2,BUY,0,0,0.0,0.0,1.0,1.0,False,0/3,0.0,0.0,0.0
orb_trap,EUR_USD,overlap,Q1,Q2,SELL,0,0,0.0,0.0,1.0,1.0,False,0/3,0.0,0.0,0.0
orb_trap,EUR_USD,overlap,Q1,Q3,BUY,0,0,0.0,0.0,1.0,1.0,False,0/3,0.0,0.0,0.0
orb_trap,EUR_USD,overlap,Q1,Q3,SELL,0,0,0.0,0.0,1.0,1.0,False,0/3,0.0,0.0,0.0
orb_trap,EUR_USD,overlap,Q1,Q4,BUY,0,0,0.0,0.0,1.0,1.0,False,0/3,0.0,0.0,0.0
orb_trap,EUR_USD,overlap,Q1,Q4,SELL,0,0,0.0,0.0,1.0,1.0,False,0/3,0.0,0.0,0.0
orb_trap,EUR_USD,overlap,Q2,Q1,BUY,0,0,0.0,0.0,1.0,1.0,False,0/3,0.0,0.0,0.0
orb_trap,EUR_USD,overlap,Q2,Q1,SELL,0,0,0.0,0.0,1.0,1.0,False,0/3,0.0,0.0,0.0
orb_trap,EUR_USD,overlap,Q2,Q2,BUY,0,0,0.0,0.0,1.0,1.0,False,0/3,0.0,0.0,0.0
orb_trap,EUR_USD,overlap,Q2,Q2,SELL,0,0,0.0,0.0,1.0,1.0,False,0/3,0.0,0.0,0.0
orb_trap,EUR_USD,overlap,Q2,Q3,BUY,1,1,1.0,0.20654329147389294,0.2672531769305963,1.0,False,1/3,0.0,inf,3.0
orb_trap,EUR_USD,overlap,Q2,Q3,SELL,0,0,0.0,0.0,1.0,1.0,False,0/3,0.0,0.0,0.0
orb_trap,EUR_USD,overlap,Q2,Q4,BUY,0,0,0.0,0.0,1.0,1.0,False,0/3,0.0,0.0,0.0
orb_trap,EUR_USD,overlap,Q2,Q4,SELL,0,0,0.0,0.0,1.0,1.0,False,0/3,0.0,0.0,0.0
orb_trap,EUR_USD,overlap,Q3,Q1,BUY,1,0,0.0,0.0,1.0,1.0,False,0/3,0.0,0.0,-12.0
orb_trap,EUR_USD,overlap,Q3,Q1,SELL,0,0,0.0,0.0,1.0,1.0,False,0/3,0.0,0.0,0.0
orb_trap,EUR_USD,overlap,Q3,Q2,BUY,0,0,0.0,0.0,1.0,1.0,False,0/3,0.0,0.0,0.0
orb_trap,EUR_USD,overlap,Q3,Q2,SELL,0,0,0.0,0.0,1.0,1.0,False,0/3,0.0,0.0,0.0
orb_trap,EUR_USD,overlap,Q3,Q3,BUY,0,0,0.0,0.0,1.0,1.0,False,0/3,0.0,0.0,0.0
orb_trap,EUR_USD,overlap,Q3,Q3,SELL,0,0,0.0,0.0,1.0,1.0,False,0/3,0.0,0.0,0.0
orb_trap,EUR_USD,overlap,Q3,Q4,BUY,0,0,0.0,0.0,1.0,1.0,False,0/3,0.0,0.0,0.0
orb_trap,EUR_USD,overlap,Q3,Q4,SELL,0,0,0.0,0.0,1.0,1.0,False,0/3,0.0,0.0,0.0
orb_trap,EUR_USD,overlap,Q4,Q1,BUY,0,0,0.0,0.0,1.0,1.0,False,0/3,0.0,0.0,0.0
orb_trap,EUR_USD,overlap,Q4,Q1,SELL,0,0,0.0,0.0,1.0,1.0,False,0/3,0.0,0.0,0.0
orb_trap,EUR_USD,overlap,Q4,Q2,BUY,0,0,0.0,0.0,1.0,1.0,False,0/3,0.0,0.0,0.0
orb_trap,EUR_USD,overlap,Q4,Q2,SELL,0,0,0.0,0.0,1.0,1.0,False,0/3,0.0,0.0,0.0
orb_trap,EUR_USD,overlap,Q4,Q3,BUY,0,0,0.0,0.0,1.0,1.0,False,0/3,0.0,0.0,0.0
orb_trap,EUR_USD,overlap,Q4,Q3,SELL,0,0,0.0,0.0,1.0,1.0,False,0/3,0.0,0.0,0.0
orb_trap,EUR_USD,overlap,Q4,Q4,BUY,0,0,0.0,0.0,1.0,1.0,False,0/3,0.0,0.0,0.0
orb_trap,EUR_USD,overlap,Q4,Q4,SELL,0,0,0.0,0.0,1.0,1.0,False,0/3,0.0,0.0,0.0
orb_trap,GBP_USD,tokyo,Q1,Q1,BUY,0,0,0.0,0.0,1.0,1.0,False,0/3,0.0,0.0,0.0
orb_trap,GBP_USD,tokyo,Q1,Q1,SELL,0,0,0.0,0.0,1.0,1.0,False,0/3,0.0,0.0,0.0
orb_trap,GBP_USD,tokyo,Q1,Q2,BUY,0,0,0.0,0.0,1.0,1.0,False,0/3,0.0,0.0,0.0
orb_trap,GBP_USD,tokyo,Q1,Q2,SELL,0,0,0.0,0.0,1.0,1.0,False,0/3,0.0,0.0,0.0
orb_trap,GBP_USD,tokyo,Q1,Q3,BUY,0,0,0.0,0.0,1.0,1.0,False,0/3,0.0,0.0,0.0
orb_trap,GBP_USD,tokyo,Q1,Q3,SELL,0,0,0.0,0.0,1.0,1.0,False,0/3,0.0,0.0,0.0
orb_trap,GBP_USD,tokyo,Q1,Q4,BUY,0,0,0.0,0.0,1.0,1.0,False,0/3,0.0,0.0,0.0
orb_trap,GBP_USD,tokyo,Q1,Q4,SELL,0,0,0.0,0.0,1.0,1.0,False,0/3,0.0,0.0,0.0
orb_trap,GBP_USD,tokyo,Q2,Q1,BUY,0,0,0.0,0.0,1.0,1.0,False,0/3,0.0,0.0,0.0
orb_trap,GBP_USD,tokyo,Q2,Q1,SELL,0,0,0.0,0.0,1.0,1.0,False,0/3,0.0,0.0,0.0
orb_trap,GBP_USD,tokyo,Q2,Q2,BUY,0,0,0.0,0.0,1.0,1.0,False,0/3,0.0,0.0,0.0
orb_trap,GBP_USD,tokyo,Q2,Q2,SELL,0,0,0.0,0.0,1.0,1.0,False,0/3,0.0,0.0,0.0
orb_trap,GBP_USD,tokyo,Q2,Q3,BUY,0,0,0.0,0.0,1.0,1.0,False,0/3,0.0,0.0,0.0
orb_trap,GBP_USD,tokyo,Q2,Q3,SELL,0,0,0.0,0.0,1.0,1.0,False,0/3,0.0,0.0,0.0
orb_trap,GBP_USD,tokyo,Q2,Q4,BUY,0,0,0.0,0.0,1.0,1.0,False,0/3,0.0,0.0,0.0
orb_trap,GBP_USD,tokyo,Q2,Q4,SELL,0,0,0.0,0.0,1.0,1.0,False,0/3,0.0,0.0,0.0
orb_trap,GBP_USD,tokyo,Q3,Q1,BUY,0,0,0.0,0.0,1.0,1.0,False,0/3,0.0,0.0,0.0
orb_trap,GBP_USD,tokyo,Q3,Q1,SELL,0,0,0.0,0.0,1.0,1.0,False,0/3,0.0,0.0,0.0
orb_trap,GBP_USD,tokyo,Q3,Q2,BUY,0,0,0.0,0.0,1.0,1.0,False,0/3,0.0,0.0,0.0
orb_trap,GBP_USD,tokyo,Q3,Q2,SELL,0,0,0.0,0.0,1.0,1.0,False,0/3,0.0,0.0,0.0
orb_trap,GBP_USD,tokyo,Q3,Q3,BUY,0,0,0.0,0.0,1.0,1.0,False,0/3,0.0,0.0,0.0
orb_trap,GBP_USD,tokyo,Q3,Q3,SELL,0,0,0.0,0.0,1.0,1.0,False,0/3,0.0,0.0,0.0
orb_trap,GBP_USD,tokyo,Q3,Q4,BUY,0,0,0.0,0.0,1.0,1.0,False,0/3,0.0,0.0,0.0
orb_trap,GBP_USD,tokyo,Q3,Q4,SELL,0,0,0.0,0.0,1.0,1.0,False,0/3,0.0,0.0,0.0
orb_trap,GBP_USD,tokyo,Q4,Q1,BUY,0,0,0.0,0.0,1.0,1.0,False,0/3,0.0,0.0,0.0
orb_trap,GBP_USD,tokyo,Q4,Q1,SELL,0,0,0.0,0.0,1.0,1.0,False,0/3,0.0,0.0,0.0
orb_trap,GBP_USD,tokyo,Q4,Q2,BUY,0,0,0.0,0.0,1.0,1.0,False,0/3,0.0,0.0,0.0
orb_trap,GBP_USD,tokyo,Q4,Q2,SELL,0,0,0.0,0.0,1.0,1.0,False,0/3,0.0,0.0,0.0
orb_trap,GBP_USD,tokyo,Q4,Q3,BUY,0,0,0.0,0.0,1.0,1.0,False,0/3,0.0,0.0,0.0
orb_trap,GBP_USD,tokyo,Q4,Q3,SELL,0,0,0.0,0.0,1.0,1.0,False,0/3,0.0,0.0,0.0
orb_trap,GBP_USD,tokyo,Q4,Q4,BUY,0,0,0.0,0.0,1.0,1.0,False,0/3,0.0,0.0,0.0
orb_trap,GBP_USD,tokyo,Q4,Q4,SELL,0,0,0.0,0.0,1.0,1.0,False,0/3,0.0,0.0,0.0
orb_trap,GBP_USD,london,Q1,Q1,BUY,0,0,0.0,0.0,1.0,1.0,False,0/3,0.0,0.0,0.0
orb_trap,GBP_USD,london,Q1,Q1,SELL,0,0,0.0,0.0,1.0,1.0,False,0/3,0.0,0.0,0.0
orb_trap,GBP_USD,london,Q1,Q2,BUY,0,0,0.0,0.0,1.0,1.0,False,0/3,0.0,0.0,0.0
orb_trap,GBP_USD,london,Q1,Q2,SELL,0,0,0.0,0.0,1.0,1.0,False,0/3,0.0,0.0,0.0
orb_trap,GBP_USD,london,Q1,Q3,BUY,0,0,0.0,0.0,1.0,1.0,False,0/3,0.0,0.0,0.0
orb_trap,GBP_USD,london,Q1,Q3,SELL,0,0,0.0,0.0,1.0,1.0,False,0/3,0.0,0.0,0.0
orb_trap,GBP_USD,london,Q1,Q4,BUY,0,0,0.0,0.0,1.0,1.0,False,0/3,0.0,0.0,0.0
orb_trap,GBP_USD,london,Q1,Q4,SELL,0,0,0.0,0.0,1.0,1.0,False,0/3,0.0,0.0,0.0
orb_trap,GBP_USD,london,Q2,Q1,BUY,0,0,0.0,0.0,1.0,1.0,False,0/3,0.0,0.0,0.0
orb_trap,GBP_USD,london,Q2,Q1,SELL,0,0,0.0,0.0,1.0,1.0,False,0/3,0.0,0.0,0.0
orb_trap,GBP_USD,london,Q2,Q2,BUY,0,0,0.0,0.0,1.0,1.0,False,0/3,0.0,0.0,0.0
orb_trap,GBP_USD,london,Q2,Q2,SELL,0,0,0.0,0.0,1.0,1.0,False,0/3,0.0,0.0,0.0
orb_trap,GBP_USD,london,Q2,Q3,BUY,0,0,0.0,0.0,1.0,1.0,False,0/3,0.0,0.0,0.0
orb_trap,GBP_USD,london,Q2,Q3,SELL,0,0,0.0,0.0,1.0,1.0,False,0/3,0.0,0.0,0.0
orb_trap,GBP_USD,london,Q2,Q4,BUY,0,0,0.0,0.0,1.0,1.0,False,0/3,0.0,0.0,0.0
orb_trap,GBP_USD,london,Q2,Q4,SELL,0,0,0.0,0.0,1.0,1.0,False,0/3,0.0,0.0,0.0
orb_trap,GBP_USD,london,Q3,Q1,BUY,0,0,0.0,0.0,1.0,1.0,False,0/3,0.0,0.0,0.0
orb_trap,GBP_USD,london,Q3,Q1,SELL,0,0,0.0,0.0,1.0,1.0,False,0/3,0.0,0.0,0.0
orb_trap,GBP_USD,london,Q3,Q2,BUY,0,0,0.0,0.0,1.0,1.0,False,0/3,0.0,0.0,0.0
orb_trap,GBP_USD,london,Q3,Q2,SELL,0,0,0.0,0.0,1.0,1.0,False,0/3,0.0,0.0,0.0
orb_trap,GBP_USD,london,Q3,Q3,BUY,0,0,0.0,0.0,1.0,1.0,False,0/3,0.0,0.0,0.0
orb_trap,GBP_USD,london,Q3,Q3,SELL,0,0,0.0,0.0,1.0,1.0,False,0/3,0.0,0.0,0.0
orb_trap,GBP_USD,london,Q3,Q4,BUY,0,0,0.0,0.0,1.0,1.0,False,0/3,0.0,0.0,0.0
orb_trap,GBP_USD,london,Q3,Q4,SELL,0,0,0.0,0.0,1.0,1.0,False,0/3,0.0,0.0,0.0
orb_trap,GBP_USD,london,Q4,Q1,BUY,1,0,0.0,0.0,1.0,1.0,False,0/3,0.0,0.0,-7.1
orb_trap,GBP_USD,london,Q4,Q1,SELL,0,0,0.0,0.0,1.0,1.0,False,0/3,0.0,0.0,0.0
orb_trap,GBP_USD,london,Q4,Q2,BUY,0,0,0.0,0.0,1.0,1.0,False,0/3,0.0,0.0,0.0
orb_trap,GBP_USD,london,Q4,Q2,SELL,0,0,0.0,0.0,1.0,1.0,False,0/3,0.0,0.0,0.0
orb_trap,GBP_USD,london,Q4,Q3,BUY,0,0,0.0,0.0,1.0,1.0,False,0/3,0.0,0.0,0.0
orb_trap,GBP_USD,london,Q4,Q3,SELL,0,0,0.0,0.0,1.0,1.0,False,0/3,0.0,0.0,0.0
orb_trap,GBP_USD,london,Q4,Q4,BUY,0,0,0.0,0.0,1.0,1.0,False,0/3,0.0,0.0,0.0
orb_trap,GBP_USD,london,Q4,Q4,SELL,0,0,0.0,0.0,1.0,1.0,False,0/3,0.0,0.0,0.0
orb_trap,GBP_USD,ny,Q1,Q1,BUY,0,0,0.0,0.0,1.0,1.0,False,0/3,0.0,0.0,0.0
orb_trap,GBP_USD,ny,Q1,Q1,SELL,0,0,0.0,0.0,1.0,1.0,False,0/3,0.0,0.0,0.0
orb_trap,GBP_USD,ny,Q1,Q2,BUY,0,0,0.0,0.0,1.0,1.0,False,0/3,0.0,0.0,0.0
orb_trap,GBP_USD,ny,Q1,Q2,SELL,0,0,0.0,0.0,1.0,1.0,False,0/3,0.0,0.0,0.0
orb_trap,GBP_USD,ny,Q1,Q3,BUY,0,0,0.0,0.0,1.0,1.0,False,0/3,0.0,0.0,0.0
orb_trap,GBP_USD,ny,Q1,Q3,SELL,0,0,0.0,0.0,1.0,1.0,False,0/3,0.0,0.0,0.0
orb_trap,GBP_USD,ny,Q1,Q4,BUY,0,0,0.0,0.0,1.0,1.0,False,0/3,0.0,0.0,0.0
orb_trap,GBP_USD,ny,Q1,Q4,SELL,0,0,0.0,0.0,1.0,1.0,False,0/3,0.0,0.0,0.0
orb_trap,GBP_USD,ny,Q2,Q1,BUY,0,0,0.0,0.0,1.0,1.0,False,0/3,0.0,0.0,0.0
orb_trap,GBP_USD,ny,Q2,Q1,SELL,0,0,0.0,0.0,1.0,1.0,False,0/3,0.0,0.0,0.0
orb_trap,GBP_USD,ny,Q2,Q2,BUY,0,0,0.0,0.0,1.0,1.0,False,0/3,0.0,0.0,0.0
orb_trap,GBP_USD,ny,Q2,Q2,SELL,0,0,0.0,0.0,1.0,1.0,False,0/3,0.0,0.0,0.0
orb_trap,GBP_USD,ny,Q2,Q3,BUY,0,0,0.0,0.0,1.0,1.0,False,0/3,0.0,0.0,0.0
orb_trap,GBP_USD,ny,Q2,Q3,SELL,0,0,0.0,0.0,1.0,1.0,False,0/3,0.0,0.0,0.0
orb_trap,GBP_USD,ny,Q2,Q4,BUY,0,0,0.0,0.0,1.0,1.0,False,0/3,0.0,0.0,0.0
orb_trap,GBP_USD,ny,Q2,Q4,SELL,0,0,0.0,0.0,1.0,1.0,False,0/3,0.0,0.0,0.0
orb_trap,GBP_USD,ny,Q3,Q1,BUY,0,0,0.0,0.0,1.0,1.0,False,0/3,0.0,0.0,0.0
orb_trap,GBP_USD,ny,Q3,Q1,SELL,0,0,0.0,0.0,1.0,1.0,False,0/3,0.0,0.0,0.0
orb_trap,GBP_USD,ny,Q3,Q2,BUY,0,0,0.0,0.0,1.0,1.0,False,0/3,0.0,0.0,0.0
orb_trap,GBP_USD,ny,Q3,Q2,SELL,0,0,0.0,0.0,1.0,1.0,False,0/3,0.0,0.0,0.0
orb_trap,GBP_USD,ny,Q3,Q3,BUY,0,0,0.0,0.0,1.0,1.0,False,0/3,0.0,0.0,0.0
orb_trap,GBP_USD,ny,Q3,Q3,SELL,0,0,0.0,0.0,1.0,1.0,False,0/3,0.0,0.0,0.0
orb_trap,GBP_USD,ny,Q3,Q4,BUY,0,0,0.0,0.0,1.0,1.0,False,0/3,0.0,0.0,0.0
orb_trap,GBP_USD,ny,Q3,Q4,SELL,0,0,0.0,0.0,1.0,1.0,False,0/3,0.0,0.0,0.0
orb_trap,GBP_USD,ny,Q4,Q1,BUY,0,0,0.0,0.0,1.0,1.0,False,0/3,0.0,0.0,0.0
orb_trap,GBP_USD,ny,Q4,Q1,SELL,0,0,0.0,0.0,1.0,1.0,False,0/3,0.0,0.0,0.0
orb_trap,GBP_USD,ny,Q4,Q2,BUY,0,0,0.0,0.0,1.0,1.0,False,0/3,0.0,0.0,0.0
orb_trap,GBP_USD,ny,Q4,Q2,SELL,0,0,0.0,0.0,1.0,1.0,False,0/3,0.0,0.0,0.0
orb_trap,GBP_USD,ny,Q4,Q3,BUY,0,0,0.0,0.0,1.0,1.0,False,0/3,0.0,0.0,0.0
orb_trap,GBP_USD,ny,Q4,Q3,SELL,0,0,0.0,0.0,1.0,1.0,False,0/3,0.0,0.0,0.0
orb_trap,GBP_USD,ny,Q4,Q4,BUY,0,0,0.0,0.0,1.0,1.0,False,0/3,0.0,0.0,0.0
orb_trap,GBP_USD,ny,Q4,Q4,SELL,0,0,0.0,0.0,1.0,1.0,False,0/3,0.0,0.0,0.0
orb_trap,GBP_USD,overlap,Q1,Q1,BUY,0,0,0.0,0.0,1.0,1.0,False,0/3,0.0,0.0,0.0
orb_trap,GBP_USD,overlap,Q1,Q1,SELL,0,0,0.0,0.0,1.0,1.0,False,0/3,0.0,0.0,0.0
orb_trap,GBP_USD,overlap,Q1,Q2,BUY,0,0,0.0,0.0,1.0,1.0,False,0/3,0.0,0.0,0.0
orb_trap,GBP_USD,overlap,Q1,Q2,SELL,0,0,0.0,0.0,1.0,1.0,False,0/3,0.0,0.0,0.0
orb_trap,GBP_USD,overlap,Q1,Q3,BUY,0,0,0.0,0.0,1.0,1.0,False,0/3,0.0,0.0,0.0
orb_trap,GBP_USD,overlap,Q1,Q3,SELL,0,0,0.0,0.0,1.0,1.0,False,0/3,0.0,0.0,0.0
orb_trap,GBP_USD,overlap,Q1,Q4,BUY,0,0,0.0,0.0,1.0,1.0,False,0/3,0.0,0.0,0.0
orb_trap,GBP_USD,overlap,Q1,Q4,SELL,0,0,0.0,0.0,1.0,1.0,False,0/3,0.0,0.0,0.0
orb_trap,GBP_USD,overlap,Q2,Q1,BUY,0,0,0.0,0.0,1.0,1.0,False,0/3,0.0,0.0,0.0
orb_trap,GBP_USD,overlap,Q2,Q1,SELL,0,0,0.0,0.0,1.0,1.0,False,0/3,0.0,0.0,0.0
orb_trap,GBP_USD,overlap,Q2,Q2,BUY,0,0,0.0,0.0,1.0,1.0,False,0/3,0.0,0.0,0.0
orb_trap,GBP_USD,overlap,Q2,Q2,SELL,0,0,0.0,0.0,1.0,1.0,False,0/3,0.0,0.0,0.0
orb_trap,GBP_USD,overlap,Q2,Q3,BUY,0,0,0.0,0.0,1.0,1.0,False,0/3,0.0,0.0,0.0
orb_trap,GBP_USD,overlap,Q2,Q3,SELL,0,0,0.0,0.0,1.0,1.0,False,0/3,0.0,0.0,0.0
orb_trap,GBP_USD,overlap,Q2,Q4,BUY,0,0,0.0,0.0,1.0,1.0,False,0/3,0.0,0.0,0.0
orb_trap,GBP_USD,overlap,Q2,Q4,SELL,0,0,0.0,0.0,1.0,1.0,False,0/3,0.0,0.0,0.0
orb_trap,GBP_USD,overlap,Q3,Q1,BUY,0,0,0.0,0.0,1.0,1.0,False,0/3,0.0,0.0,0.0
orb_trap,GBP_USD,overlap,Q3,Q1,SELL,11,6,0.5454545454545454,0.2800877556899882,0.04655131773267647,1.0,False,2/3,0.22987366856576663,6.364161849710983,8.436363636363636
orb_trap,GBP_USD,overlap,Q3,Q2,BUY,0,0,0.0,0.0,1.0,1.0,False,0/3,0.0,0.0,0.0
orb_trap,GBP_USD,overlap,Q3,Q2,SELL,0,0,0.0,0.0,1.0,1.0,False,0/3,0.0,0.0,0.0
orb_trap,GBP_USD,overlap,Q3,Q3,BUY,0,0,0.0,0.0,1.0,1.0,False,0/3,0.0,0.0,0.0
orb_trap,GBP_USD,overlap,Q3,Q3,SELL,0,0,0.0,0.0,1.0,1.0,False,0/3,0.0,0.0,0.0
orb_trap,GBP_USD,overlap,Q3,Q4,BUY,0,0,0.0,0.0,1.0,1.0,False,0/3,0.0,0.0,0.0
orb_trap,GBP_USD,overlap,Q3,Q4,SELL,0,0,0.0,0.0,1.0,1.0,False,0/3,0.0,0.0,0.0
orb_trap,GBP_USD,overlap,Q4,Q1,BUY,0,0,0.0,0.0,1.0,1.0,False,0/3,0.0,0.0,0.0
orb_trap,GBP_USD,overlap,Q4,Q1,SELL,0,0,0.0,0.0,1.0,1.0,False,0/3,0.0,0.0,0.0
orb_trap,GBP_USD,overlap,Q4,Q2,BUY,0,0,0.0,0.0,1.0,1.0,False,0/3,0.0,0.0,0.0
orb_trap,GBP_USD,overlap,Q4,Q2,SELL,0,0,0.0,0.0,1.0,1.0,False,0/3,0.0,0.0,0.0
orb_trap,GBP_USD,overlap,Q4,Q3,BUY,0,0,0.0,0.0,1.0,1.0,False,0/3,0.0,0.0,0.0
orb_trap,GBP_USD,overlap,Q4,Q3,SELL,0,0,0.0,0.0,1.0,1.0,False,0/3,0.0,0.0,0.0
orb_trap,GBP_USD,overlap,Q4,Q4,BUY,0,0,0.0,0.0,1.0,1.0,False,0/3,0.0,0.0,0.0
orb_trap,GBP_USD,overlap,Q4,Q4,SELL,0,0,0.0,0.0,1.0,1.0,False,0/3,0.0,0.0,0.0
orb_trap,EUR_JPY,tokyo,Q1,Q1,BUY,0,0,0.0,0.0,1.0,1.0,False,0/3,0.0,0.0,0.0
orb_trap,EUR_JPY,tokyo,Q1,Q1,SELL,0,0,0.0,0.0,1.0,1.0,False,0/3,0.0,0.0,0.0
orb_trap,EUR_JPY,tokyo,Q1,Q2,BUY,0,0,0.0,0.0,1.0,1.0,False,0/3,0.0,0.0,0.0
orb_trap,EUR_JPY,tokyo,Q1,Q2,SELL,0,0,0.0,0.0,1.0,1.0,False,0/3,0.0,0.0,0.0
orb_trap,EUR_JPY,tokyo,Q1,Q3,BUY,0,0,0.0,0.0,1.0,1.0,False,0/3,0.0,0.0,0.0
orb_trap,EUR_JPY,tokyo,Q1,Q3,SELL,0,0,0.0,0.0,1.0,1.0,False,0/3,0.0,0.0,0.0
orb_trap,EUR_JPY,tokyo,Q1,Q4,BUY,0,0,0.0,0.0,1.0,1.0,False,0/3,0.0,0.0,0.0
orb_trap,EUR_JPY,tokyo,Q1,Q4,SELL,0,0,0.0,0.0,1.0,1.0,False,0/3,0.0,0.0,0.0
orb_trap,EUR_JPY,tokyo,Q2,Q1,BUY,0,0,0.0,0.0,1.0,1.0,False,0/3,0.0,0.0,0.0
orb_trap,EUR_JPY,tokyo,Q2,Q1,SELL,0,0,0.0,0.0,1.0,1.0,False,0/3,0.0,0.0,0.0
orb_trap,EUR_JPY,tokyo,Q2,Q2,BUY,0,0,0.0,0.0,1.0,1.0,False,0/3,0.0,0.0,0.0
orb_trap,EUR_JPY,tokyo,Q2,Q2,SELL,0,0,0.0,0.0,1.0,1.0,False,0/3,0.0,0.0,0.0
orb_trap,EUR_JPY,tokyo,Q2,Q3,BUY,0,0,0.0,0.0,1.0,1.0,False,0/3,0.0,0.0,0.0
orb_trap,EUR_JPY,tokyo,Q2,Q3,SELL,0,0,0.0,0.0,1.0,1.0,False,0/3,0.0,0.0,0.0
orb_trap,EUR_JPY,tokyo,Q2,Q4,BUY,0,0,0.0,0.0,1.0,1.0,False,0/3,0.0,0.0,0.0
orb_trap,EUR_JPY,tokyo,Q2,Q4,SELL,0,0,0.0,0.0,1.0,1.0,False,0/3,0.0,0.0,0.0
orb_trap,EUR_JPY,tokyo,Q3,Q1,BUY,0,0,0.0,0.0,1.0,1.0,False,0/3,0.0,0.0,0.0
orb_trap,EUR_JPY,tokyo,Q3,Q1,SELL,0,0,0.0,0.0,1.0,1.0,False,0/3,0.0,0.0,0.0
orb_trap,EUR_JPY,tokyo,Q3,Q2,BUY,0,0,0.0,0.0,1.0,1.0,False,0/3,0.0,0.0,0.0
orb_trap,EUR_JPY,tokyo,Q3,Q2,SELL,0,0,0.0,0.0,1.0,1.0,False,0/3,0.0,0.0,0.0
orb_trap,EUR_JPY,tokyo,Q3,Q3,BUY,0,0,0.0,0.0,1.0,1.0,False,0/3,0.0,0.0,0.0
orb_trap,EUR_JPY,tokyo,Q3,Q3,SELL,0,0,0.0,0.0,1.0,1.0,False,0/3,0.0,0.0,0.0
orb_trap,EUR_JPY,tokyo,Q3,Q4,BUY,0,0,0.0,0.0,1.0,1.0,False,0/3,0.0,0.0,0.0
orb_trap,EUR_JPY,tokyo,Q3,Q4,SELL,0,0,0.0,0.0,1.0,1.0,False,0/3,0.0,0.0,0.0
orb_trap,EUR_JPY,tokyo,Q4,Q1,BUY,0,0,0.0,0.0,1.0,1.0,False,0/3,0.0,0.0,0.0
orb_trap,EUR_JPY,tokyo,Q4,Q1,SELL,0,0,0.0,0.0,1.0,1.0,False,0/3,0.0,0.0,0.0
orb_trap,EUR_JPY,tokyo,Q4,Q2,BUY,0,0,0.0,0.0,1.0,1.0,False,0/3,0.0,0.0,0.0
orb_trap,EUR_JPY,tokyo,Q4,Q2,SELL,0,0,0.0,0.0,1.0,1.0,False,0/3,0.0,0.0,0.0
orb_trap,EUR_JPY,tokyo,Q4,Q3,BUY,0,0,0.0,0.0,1.0,1.0,False,0/3,0.0,0.0,0.0
orb_trap,EUR_JPY,tokyo,Q4,Q3,SELL,0,0,0.0,0.0,1.0,1.0,False,0/3,0.0,0.0,0.0
orb_trap,EUR_JPY,tokyo,Q4,Q4,BUY,0,0,0.0,0.0,1.0,1.0,False,0/3,0.0,0.0,0.0
orb_trap,EUR_JPY,tokyo,Q4,Q4,SELL,0,0,0.0,0.0,1.0,1.0,False,0/3,0.0,0.0,0.0
orb_trap,EUR_JPY,london,Q1,Q1,BUY,0,0,0.0,0.0,1.0,1.0,False,0/3,0.0,0.0,0.0
orb_trap,EUR_JPY,london,Q1,Q1,SELL,0,0,0.0,0.0,1.0,1.0,False,0/3,0.0,0.0,0.0
orb_trap,EUR_JPY,london,Q1,Q2,BUY,0,0,0.0,0.0,1.0,1.0,False,0/3,0.0,0.0,0.0
orb_trap,EUR_JPY,london,Q1,Q2,SELL,0,0,0.0,0.0,1.0,1.0,False,0/3,0.0,0.0,0.0
orb_trap,EUR_JPY,london,Q1,Q3,BUY,0,0,0.0,0.0,1.0,1.0,False,0/3,0.0,0.0,0.0
orb_trap,EUR_JPY,london,Q1,Q3,SELL,0,0,0.0,0.0,1.0,1.0,False,0/3,0.0,0.0,0.0
orb_trap,EUR_JPY,london,Q1,Q4,BUY,0,0,0.0,0.0,1.0,1.0,False,0/3,0.0,0.0,0.0
orb_trap,EUR_JPY,london,Q1,Q4,SELL,0,0,0.0,0.0,1.0,1.0,False,0/3,0.0,0.0,0.0
orb_trap,EUR_JPY,london,Q2,Q1,BUY,0,0,0.0,0.0,1.0,1.0,False,0/3,0.0,0.0,0.0
orb_trap,EUR_JPY,london,Q2,Q1,SELL,0,0,0.0,0.0,1.0,1.0,False,0/3,0.0,0.0,0.0
orb_trap,EUR_JPY,london,Q2,Q2,BUY,0,0,0.0,0.0,1.0,1.0,False,0/3,0.0,0.0,0.0
orb_trap,EUR_JPY,london,Q2,Q2,SELL,0,0,0.0,0.0,1.0,1.0,False,0/3,0.0,0.0,0.0
orb_trap,EUR_JPY,london,Q2,Q3,BUY,0,0,0.0,0.0,1.0,1.0,False,0/3,0.0,0.0,0.0
orb_trap,EUR_JPY,london,Q2,Q3,SELL,0,0,0.0,0.0,1.0,1.0,False,0/3,0.0,0.0,0.0
orb_trap,EUR_JPY,london,Q2,Q4,BUY,0,0,0.0,0.0,1.0,1.0,False,0/3,0.0,0.0,0.0
orb_trap,EUR_JPY,london,Q2,Q4,SELL,0,0,0.0,0.0,1.0,1.0,False,0/3,0.0,0.0,0.0
orb_trap,EUR_JPY,london,Q3,Q1,BUY,0,0,0.0,0.0,1.0,1.0,False,0/3,0.0,0.0,0.0
orb_trap,EUR_JPY,london,Q3,Q1,SELL,0,0,0.0,0.0,1.0,1.0,False,0/3,0.0,0.0,0.0
orb_trap,EUR_JPY,london,Q3,Q2,BUY,0,0,0.0,0.0,1.0,1.0,False,0/3,0.0,0.0,0.0
orb_trap,EUR_JPY,london,Q3,Q2,SELL,0,0,0.0,0.0,1.0,1.0,False,0/3,0.0,0.0,0.0
orb_trap,EUR_JPY,london,Q3,Q3,BUY,0,0,0.0,0.0,1.0,1.0,False,0/3,0.0,0.0,0.0
orb_trap,EUR_JPY,london,Q3,Q3,SELL,0,0,0.0,0.0,1.0,1.0,False,0/3,0.0,0.0,0.0
orb_trap,EUR_JPY,london,Q3,Q4,BUY,0,0,0.0,0.0,1.0,1.0,False,0/3,0.0,0.0,0.0
orb_trap,EUR_JPY,london,Q3,Q4,SELL,0,0,0.0,0.0,1.0,1.0,False,0/3,0.0,0.0,0.0
orb_trap,EUR_JPY,london,Q4,Q1,BUY,0,0,0.0,0.0,1.0,1.0,False,0/3,0.0,0.0,0.0
orb_trap,EUR_JPY,london,Q4,Q1,SELL,0,0,0.0,0.0,1.0,1.0,False,0/3,0.0,0.0,0.0
orb_trap,EUR_JPY,london,Q4,Q2,BUY,0,0,0.0,0.0,1.0,1.0,False,0/3,0.0,0.0,0.0
orb_trap,EUR_JPY,london,Q4,Q2,SELL,0,0,0.0,0.0,1.0,1.0,False,0/3,0.0,0.0,0.0
orb_trap,EUR_JPY,london,Q4,Q3,BUY,0,0,0.0,0.0,1.0,1.0,False,0/3,0.0,0.0,0.0
orb_trap,EUR_JPY,london,Q4,Q3,SELL,0,0,0.0,0.0,1.0,1.0,False,0/3,0.0,0.0,0.0
orb_trap,EUR_JPY,london,Q4,Q4,BUY,0,0,0.0,0.0,1.0,1.0,False,0/3,0.0,0.0,0.0
orb_trap,EUR_JPY,london,Q4,Q4,SELL,0,0,0.0,0.0,1.0,1.0,False,0/3,0.0,0.0,0.0
orb_trap,EUR_JPY,ny,Q1,Q1,BUY,0,0,0.0,0.0,1.0,1.0,False,0/3,0.0,0.0,0.0
orb_trap,EUR_JPY,ny,Q1,Q1,SELL,0,0,0.0,0.0,1.0,1.0,False,0/3,0.0,0.0,0.0
orb_trap,EUR_JPY,ny,Q1,Q2,BUY,0,0,0.0,0.0,1.0,1.0,False,0/3,0.0,0.0,0.0
orb_trap,EUR_JPY,ny,Q1,Q2,SELL,0,0,0.0,0.0,1.0,1.0,False,0/3,0.0,0.0,0.0
orb_trap,EUR_JPY,ny,Q1,Q3,BUY,0,0,0.0,0.0,1.0,1.0,False,0/3,0.0,0.0,0.0
orb_trap,EUR_JPY,ny,Q1,Q3,SELL,0,0,0.0,0.0,1.0,1.0,False,0/3,0.0,0.0,0.0
orb_trap,EUR_JPY,ny,Q1,Q4,BUY,0,0,0.0,0.0,1.0,1.0,False,0/3,0.0,0.0,0.0
orb_trap,EUR_JPY,ny,Q1,Q4,SELL,0,0,0.0,0.0,1.0,1.0,False,0/3,0.0,0.0,0.0
orb_trap,EUR_JPY,ny,Q2,Q1,BUY,0,0,0.0,0.0,1.0,1.0,False,0/3,0.0,0.0,0.0
orb_trap,EUR_JPY,ny,Q2,Q1,SELL,0,0,0.0,0.0,1.0,1.0,False,0/3,0.0,0.0,0.0
orb_trap,EUR_JPY,ny,Q2,Q2,BUY,0,0,0.0,0.0,1.0,1.0,False,0/3,0.0,0.0,0.0
orb_trap,EUR_JPY,ny,Q2,Q2,SELL,0,0,0.0,0.0,1.0,1.0,False,0/3,0.0,0.0,0.0
orb_trap,EUR_JPY,ny,Q2,Q3,BUY,0,0,0.0,0.0,1.0,1.0,False,0/3,0.0,0.0,0.0
orb_trap,EUR_JPY,ny,Q2,Q3,SELL,0,0,0.0,0.0,1.0,1.0,False,0/3,0.0,0.0,0.0
orb_trap,EUR_JPY,ny,Q2,Q4,BUY,0,0,0.0,0.0,1.0,1.0,False,0/3,0.0,0.0,0.0
orb_trap,EUR_JPY,ny,Q2,Q4,SELL,0,0,0.0,0.0,1.0,1.0,False,0/3,0.0,0.0,0.0
orb_trap,EUR_JPY,ny,Q3,Q1,BUY,0,0,0.0,0.0,1.0,1.0,False,0/3,0.0,0.0,0.0
orb_trap,EUR_JPY,ny,Q3,Q1,SELL,0,0,0.0,0.0,1.0,1.0,False,0/3,0.0,0.0,0.0
orb_trap,EUR_JPY,ny,Q3,Q2,BUY,0,0,0.0,0.0,1.0,1.0,False,0/3,0.0,0.0,0.0
orb_trap,EUR_JPY,ny,Q3,Q2,SELL,0,0,0.0,0.0,1.0,1.0,False,0/3,0.0,0.0,0.0
orb_trap,EUR_JPY,ny,Q3,Q3,BUY,0,0,0.0,0.0,1.0,1.0,False,0/3,0.0,0.0,0.0
orb_trap,EUR_JPY,ny,Q3,Q3,SELL,0,0,0.0,0.0,1.0,1.0,False,0/3,0.0,0.0,0.0
orb_trap,EUR_JPY,ny,Q3,Q4,BUY,0,0,0.0,0.0,1.0,1.0,False,0/3,0.0,0.0,0.0
orb_trap,EUR_JPY,ny,Q3,Q4,SELL,0,0,0.0,0.0,1.0,1.0,False,0/3,0.0,0.0,0.0
orb_trap,EUR_JPY,ny,Q4,Q1,BUY,0,0,0.0,0.0,1.0,1.0,False,0/3,0.0,0.0,0.0
orb_trap,EUR_JPY,ny,Q4,Q1,SELL,0,0,0.0,0.0,1.0,1.0,False,0/3,0.0,0.0,0.0
orb_trap,EUR_JPY,ny,Q4,Q2,BUY,0,0,0.0,0.0,1.0,1.0,False,0/3,0.0,0.0,0.0
orb_trap,EUR_JPY,ny,Q4,Q2,SELL,0,0,0.0,0.0,1.0,1.0,False,0/3,0.0,0.0,0.0
orb_trap,EUR_JPY,ny,Q4,Q3,BUY,0,0,0.0,0.0,1.0,1.0,False,0/3,0.0,0.0,0.0
orb_trap,EUR_JPY,ny,Q4,Q3,SELL,0,0,0.0,0.0,1.0,1.0,False,0/3,0.0,0.0,0.0
orb_trap,EUR_JPY,ny,Q4,Q4,BUY,0,0,0.0,0.0,1.0,1.0,False,0/3,0.0,0.0,0.0
orb_trap,EUR_JPY,ny,Q4,Q4,SELL,0,0,0.0,0.0,1.0,1.0,False,0/3,0.0,0.0,0.0
orb_trap,EUR_JPY,overlap,Q1,Q1,BUY,0,0,0.0,0.0,1.0,1.0,False,0/3,0.0,0.0,0.0
orb_trap,EUR_JPY,overlap,Q1,Q1,SELL,0,0,0.0,0.0,1.0,1.0,False,0/3,0.0,0.0,0.0
orb_trap,EUR_JPY,overlap,Q1,Q2,BUY,0,0,0.0,0.0,1.0,1.0,False,0/3,0.0,0.0,0.0
orb_trap,EUR_JPY,overlap,Q1,Q2,SELL,0,0,0.0,0.0,1.0,1.0,False,0/3,0.0,0.0,0.0
orb_trap,EUR_JPY,overlap,Q1,Q3,BUY,0,0,0.0,0.0,1.0,1.0,False,0/3,0.0,0.0,0.0
orb_trap,EUR_JPY,overlap,Q1,Q3,SELL,0,0,0.0,0.0,1.0,1.0,False,0/3,0.0,0.0,0.0
orb_trap,EUR_JPY,overlap,Q1,Q4,BUY,0,0,0.0,0.0,1.0,1.0,False,0/3,0.0,0.0,0.0
orb_trap,EUR_JPY,overlap,Q1,Q4,SELL,0,0,0.0,0.0,1.0,1.0,False,0/3,0.0,0.0,0.0
orb_trap,EUR_JPY,overlap,Q2,Q1,BUY,0,0,0.0,0.0,1.0,1.0,False,0/3,0.0,0.0,0.0
orb_trap,EUR_JPY,overlap,Q2,Q1,SELL,0,0,0.0,0.0,1.0,1.0,False,0/3,0.0,0.0,0.0
orb_trap,EUR_JPY,overlap,Q2,Q2,BUY,0,0,0.0,0.0,1.0,1.0,False,0/3,0.0,0.0,0.0
orb_trap,EUR_JPY,overlap,Q2,Q2,SELL,0,0,0.0,0.0,1.0,1.0,False,0/3,0.0,0.0,0.0
orb_trap,EUR_JPY,overlap,Q2,Q3,BUY,0,0,0.0,0.0,1.0,1.0,False,0/3,0.0,0.0,0.0
orb_trap,EUR_JPY,overlap,Q2,Q3,SELL,0,0,0.0,0.0,1.0,1.0,False,0/3,0.0,0.0,0.0
orb_trap,EUR_JPY,overlap,Q2,Q4,BUY,0,0,0.0,0.0,1.0,1.0,False,0/3,0.0,0.0,0.0
orb_trap,EUR_JPY,overlap,Q2,Q4,SELL,0,0,0.0,0.0,1.0,1.0,False,0/3,0.0,0.0,0.0
orb_trap,EUR_JPY,overlap,Q3,Q1,BUY,0,0,0.0,0.0,1.0,1.0,False,0/3,0.0,0.0,0.0
orb_trap,EUR_JPY,overlap,Q3,Q1,SELL,0,0,0.0,0.0,1.0,1.0,False,0/3,0.0,0.0,0.0
orb_trap,EUR_JPY,overlap,Q3,Q2,BUY,0,0,0.0,0.0,1.0,1.0,False,0/3,0.0,0.0,0.0
orb_trap,EUR_JPY,overlap,Q3,Q2,SELL,0,0,0.0,0.0,1.0,1.0,False,0/3,0.0,0.0,0.0
orb_trap,EUR_JPY,overlap,Q3,Q3,BUY,0,0,0.0,0.0,1.0,1.0,False,0/3,0.0,0.0,0.0
orb_trap,EUR_JPY,overlap,Q3,Q3,SELL,0,0,0.0,0.0,1.0,1.0,False,0/3,0.0,0.0,0.0
orb_trap,EUR_JPY,overlap,Q3,Q4,BUY,0,0,0.0,0.0,1.0,1.0,False,0/3,0.0,0.0,0.0
orb_trap,EUR_JPY,overlap,Q3,Q4,SELL,0,0,0.0,0.0,1.0,1.0,False,0/3,0.0,0.0,0.0
orb_trap,EUR_JPY,overlap,Q4,Q1,BUY,0,0,0.0,0.0,1.0,1.0,False,0/3,0.0,0.0,0.0
orb_trap,EUR_JPY,overlap,Q4,Q1,SELL,0,0,0.0,0.0,1.0,1.0,False,0/3,0.0,0.0,0.0
orb_trap,EUR_JPY,overlap,Q4,Q2,BUY,0,0,0.0,0.0,1.0,1.0,False,0/3,0.0,0.0,0.0
orb_trap,EUR_JPY,overlap,Q4,Q2,SELL,0,0,0.0,0.0,1.0,1.0,False,0/3,0.0,0.0,0.0
orb_trap,EUR_JPY,overlap,Q4,Q3,BUY,0,0,0.0,0.0,1.0,1.0,False,0/3,0.0,0.0,0.0
orb_trap,EUR_JPY,overlap,Q4,Q3,SELL,0,0,0.0,0.0,1.0,1.0,False,0/3,0.0,0.0,0.0
orb_trap,EUR_JPY,overlap,Q4,Q4,BUY,0,0,0.0,0.0,1.0,1.0,False,0/3,0.0,0.0,0.0
orb_trap,EUR_JPY,overlap,Q4,Q4,SELL,0,0,0.0,0.0,1.0,1.0,False,0/3,0.0,0.0,0.0
orb_trap,GBP_JPY,tokyo,Q1,Q1,BUY,0,0,0.0,0.0,1.0,1.0,False,0/3,0.0,0.0,0.0
orb_trap,GBP_JPY,tokyo,Q1,Q1,SELL,0,0,0.0,0.0,1.0,1.0,False,0/3,0.0,0.0,0.0
orb_trap,GBP_JPY,tokyo,Q1,Q2,BUY,0,0,0.0,0.0,1.0,1.0,False,0/3,0.0,0.0,0.0
orb_trap,GBP_JPY,tokyo,Q1,Q2,SELL,0,0,0.0,0.0,1.0,1.0,False,0/3,0.0,0.0,0.0
orb_trap,GBP_JPY,tokyo,Q1,Q3,BUY,0,0,0.0,0.0,1.0,1.0,False,0/3,0.0,0.0,0.0
orb_trap,GBP_JPY,tokyo,Q1,Q3,SELL,0,0,0.0,0.0,1.0,1.0,False,0/3,0.0,0.0,0.0
orb_trap,GBP_JPY,tokyo,Q1,Q4,BUY,0,0,0.0,0.0,1.0,1.0,False,0/3,0.0,0.0,0.0
orb_trap,GBP_JPY,tokyo,Q1,Q4,SELL,0,0,0.0,0.0,1.0,1.0,False,0/3,0.0,0.0,0.0
orb_trap,GBP_JPY,tokyo,Q2,Q1,BUY,0,0,0.0,0.0,1.0,1.0,False,0/3,0.0,0.0,0.0
orb_trap,GBP_JPY,tokyo,Q2,Q1,SELL,0,0,0.0,0.0,1.0,1.0,False,0/3,0.0,0.0,0.0
orb_trap,GBP_JPY,tokyo,Q2,Q2,BUY,0,0,0.0,0.0,1.0,1.0,False,0/3,0.0,0.0,0.0
orb_trap,GBP_JPY,tokyo,Q2,Q2,SELL,0,0,0.0,0.0,1.0,1.0,False,0/3,0.0,0.0,0.0
orb_trap,GBP_JPY,tokyo,Q2,Q3,BUY,0,0,0.0,0.0,1.0,1.0,False,0/3,0.0,0.0,0.0
orb_trap,GBP_JPY,tokyo,Q2,Q3,SELL,0,0,0.0,0.0,1.0,1.0,False,0/3,0.0,0.0,0.0
orb_trap,GBP_JPY,tokyo,Q2,Q4,BUY,0,0,0.0,0.0,1.0,1.0,False,0/3,0.0,0.0,0.0
orb_trap,GBP_JPY,tokyo,Q2,Q4,SELL,0,0,0.0,0.0,1.0,1.0,False,0/3,0.0,0.0,0.0
orb_trap,GBP_JPY,tokyo,Q3,Q1,BUY,0,0,0.0,0.0,1.0,1.0,False,0/3,0.0,0.0,0.0
orb_trap,GBP_JPY,tokyo,Q3,Q1,SELL,0,0,0.0,0.0,1.0,1.0,False,0/3,0.0,0.0,0.0
orb_trap,GBP_JPY,tokyo,Q3,Q2,BUY,0,0,0.0,0.0,1.0,1.0,False,0/3,0.0,0.0,0.0
orb_trap,GBP_JPY,tokyo,Q3,Q2,SELL,0,0,0.0,0.0,1.0,1.0,False,0/3,0.0,0.0,0.0
orb_trap,GBP_JPY,tokyo,Q3,Q3,BUY,0,0,0.0,0.0,1.0,1.0,False,0/3,0.0,0.0,0.0
orb_trap,GBP_JPY,tokyo,Q3,Q3,SELL,0,0,0.0,0.0,1.0,1.0,False,0/3,0.0,0.0,0.0
orb_trap,GBP_JPY,tokyo,Q3,Q4,BUY,0,0,0.0,0.0,1.0,1.0,False,0/3,0.0,0.0,0.0
orb_trap,GBP_JPY,tokyo,Q3,Q4,SELL,0,0,0.0,0.0,1.0,1.0,False,0/3,0.0,0.0,0.0
orb_trap,GBP_JPY,tokyo,Q4,Q1,BUY,0,0,0.0,0.0,1.0,1.0,False,0/3,0.0,0.0,0.0
orb_trap,GBP_JPY,tokyo,Q4,Q1,SELL,0,0,0.0,0.0,1.0,1.0,False,0/3,0.0,0.0,0.0
orb_trap,GBP_JPY,tokyo,Q4,Q2,BUY,0,0,0.0,0.0,1.0,1.0,False,0/3,0.0,0.0,0.0
orb_trap,GBP_JPY,tokyo,Q4,Q2,SELL,0,0,0.0,0.0,1.0,1.0,False,0/3,0.0,0.0,0.0
orb_trap,GBP_JPY,tokyo,Q4,Q3,BUY,0,0,0.0,0.0,1.0,1.0,False,0/3,0.0,0.0,0.0
orb_trap,GBP_JPY,tokyo,Q4,Q3,SELL,0,0,0.0,0.0,1.0,1.0,False,0/3,0.0,0.0,0.0
orb_trap,GBP_JPY,tokyo,Q4,Q4,BUY,0,0,0.0,0.0,1.0,1.0,False,0/3,0.0,0.0,0.0
orb_trap,GBP_JPY,tokyo,Q4,Q4,SELL,0,0,0.0,0.0,1.0,1.0,False,0/3,0.0,0.0,0.0
orb_trap,GBP_JPY,london,Q1,Q1,BUY,0,0,0.0,0.0,1.0,1.0,False,0/3,0.0,0.0,0.0
orb_trap,GBP_JPY,london,Q1,Q1,SELL,0,0,0.0,0.0,1.0,1.0,False,0/3,0.0,0.0,0.0
orb_trap,GBP_JPY,london,Q1,Q2,BUY,0,0,0.0,0.0,1.0,1.0,False,0/3,0.0,0.0,0.0
orb_trap,GBP_JPY,london,Q1,Q2,SELL,0,0,0.0,0.0,1.0,1.0,False,0/3,0.0,0.0,0.0
orb_trap,GBP_JPY,london,Q1,Q3,BUY,0,0,0.0,0.0,1.0,1.0,False,0/3,0.0,0.0,0.0
orb_trap,GBP_JPY,london,Q1,Q3,SELL,0,0,0.0,0.0,1.0,1.0,False,0/3,0.0,0.0,0.0
orb_trap,GBP_JPY,london,Q1,Q4,BUY,0,0,0.0,0.0,1.0,1.0,False,0/3,0.0,0.0,0.0
orb_trap,GBP_JPY,london,Q1,Q4,SELL,0,0,0.0,0.0,1.0,1.0,False,0/3,0.0,0.0,0.0
orb_trap,GBP_JPY,london,Q2,Q1,BUY,0,0,0.0,0.0,1.0,1.0,False,0/3,0.0,0.0,0.0
orb_trap,GBP_JPY,london,Q2,Q1,SELL,0,0,0.0,0.0,1.0,1.0,False,0/3,0.0,0.0,0.0
orb_trap,GBP_JPY,london,Q2,Q2,BUY,0,0,0.0,0.0,1.0,1.0,False,0/3,0.0,0.0,0.0
orb_trap,GBP_JPY,london,Q2,Q2,SELL,0,0,0.0,0.0,1.0,1.0,False,0/3,0.0,0.0,0.0
orb_trap,GBP_JPY,london,Q2,Q3,BUY,0,0,0.0,0.0,1.0,1.0,False,0/3,0.0,0.0,0.0
orb_trap,GBP_JPY,london,Q2,Q3,SELL,0,0,0.0,0.0,1.0,1.0,False,0/3,0.0,0.0,0.0
orb_trap,GBP_JPY,london,Q2,Q4,BUY,0,0,0.0,0.0,1.0,1.0,False,0/3,0.0,0.0,0.0
orb_trap,GBP_JPY,london,Q2,Q4,SELL,0,0,0.0,0.0,1.0,1.0,False,0/3,0.0,0.0,0.0
orb_trap,GBP_JPY,london,Q3,Q1,BUY,0,0,0.0,0.0,1.0,1.0,False,0/3,0.0,0.0,0.0
orb_trap,GBP_JPY,london,Q3,Q1,SELL,0,0,0.0,0.0,1.0,1.0,False,0/3,0.0,0.0,0.0
orb_trap,GBP_JPY,london,Q3,Q2,BUY,0,0,0.0,0.0,1.0,1.0,False,0/3,0.0,0.0,0.0
orb_trap,GBP_JPY,london,Q3,Q2,SELL,0,0,0.0,0.0,1.0,1.0,False,0/3,0.0,0.0,0.0
orb_trap,GBP_JPY,london,Q3,Q3,BUY,0,0,0.0,0.0,1.0,1.0,False,0/3,0.0,0.0,0.0
orb_trap,GBP_JPY,london,Q3,Q3,SELL,0,0,0.0,0.0,1.0,1.0,False,0/3,0.0,0.0,0.0
orb_trap,GBP_JPY,london,Q3,Q4,BUY,0,0,0.0,0.0,1.0,1.0,False,0/3,0.0,0.0,0.0
orb_trap,GBP_JPY,london,Q3,Q4,SELL,0,0,0.0,0.0,1.0,1.0,False,0/3,0.0,0.0,0.0
orb_trap,GBP_JPY,london,Q4,Q1,BUY,0,0,0.0,0.0,1.0,1.0,False,0/3,0.0,0.0,0.0
orb_trap,GBP_JPY,london,Q4,Q1,SELL,0,0,0.0,0.0,1.0,1.0,False,0/3,0.0,0.0,0.0
orb_trap,GBP_JPY,london,Q4,Q2,BUY,0,0,0.0,0.0,1.0,1.0,False,0/3,0.0,0.0,0.0
orb_trap,GBP_JPY,london,Q4,Q2,SELL,0,0,0.0,0.0,1.0,1.0,False,0/3,0.0,0.0,0.0
orb_trap,GBP_JPY,london,Q4,Q3,BUY,0,0,0.0,0.0,1.0,1.0,False,0/3,0.0,0.0,0.0
orb_trap,GBP_JPY,london,Q4,Q3,SELL,0,0,0.0,0.0,1.0,1.0,False,0/3,0.0,0.0,0.0
orb_trap,GBP_JPY,london,Q4,Q4,BUY,0,0,0.0,0.0,1.0,1.0,False,0/3,0.0,0.0,0.0
orb_trap,GBP_JPY,london,Q4,Q4,SELL,0,0,0.0,0.0,1.0,1.0,False,0/3,0.0,0.0,0.0
orb_trap,GBP_JPY,ny,Q1,Q1,BUY,0,0,0.0,0.0,1.0,1.0,False,0/3,0.0,0.0,0.0
orb_trap,GBP_JPY,ny,Q1,Q1,SELL,0,0,0.0,0.0,1.0,1.0,False,0/3,0.0,0.0,0.0
orb_trap,GBP_JPY,ny,Q1,Q2,BUY,0,0,0.0,0.0,1.0,1.0,False,0/3,0.0,0.0,0.0
orb_trap,GBP_JPY,ny,Q1,Q2,SELL,0,0,0.0,0.0,1.0,1.0,False,0/3,0.0,0.0,0.0
orb_trap,GBP_JPY,ny,Q1,Q3,BUY,0,0,0.0,0.0,1.0,1.0,False,0/3,0.0,0.0,0.0
orb_trap,GBP_JPY,ny,Q1,Q3,SELL,0,0,0.0,0.0,1.0,1.0,False,0/3,0.0,0.0,0.0
orb_trap,GBP_JPY,ny,Q1,Q4,BUY,0,0,0.0,0.0,1.0,1.0,False,0/3,0.0,0.0,0.0
orb_trap,GBP_JPY,ny,Q1,Q4,SELL,0,0,0.0,0.0,1.0,1.0,False,0/3,0.0,0.0,0.0
orb_trap,GBP_JPY,ny,Q2,Q1,BUY,0,0,0.0,0.0,1.0,1.0,False,0/3,0.0,0.0,0.0
orb_trap,GBP_JPY,ny,Q2,Q1,SELL,0,0,0.0,0.0,1.0,1.0,False,0/3,0.0,0.0,0.0
orb_trap,GBP_JPY,ny,Q2,Q2,BUY,0,0,0.0,0.0,1.0,1.0,False,0/3,0.0,0.0,0.0
orb_trap,GBP_JPY,ny,Q2,Q2,SELL,0,0,0.0,0.0,1.0,1.0,False,0/3,0.0,0.0,0.0
orb_trap,GBP_JPY,ny,Q2,Q3,BUY,0,0,0.0,0.0,1.0,1.0,False,0/3,0.0,0.0,0.0
orb_trap,GBP_JPY,ny,Q2,Q3,SELL,0,0,0.0,0.0,1.0,1.0,False,0/3,0.0,0.0,0.0
orb_trap,GBP_JPY,ny,Q2,Q4,BUY,0,0,0.0,0.0,1.0,1.0,False,0/3,0.0,0.0,0.0
orb_trap,GBP_JPY,ny,Q2,Q4,SELL,0,0,0.0,0.0,1.0,1.0,False,0/3,0.0,0.0,0.0
orb_trap,GBP_JPY,ny,Q3,Q1,BUY,0,0,0.0,0.0,1.0,1.0,False,0/3,0.0,0.0,0.0
orb_trap,GBP_JPY,ny,Q3,Q1,SELL,0,0,0.0,0.0,1.0,1.0,False,0/3,0.0,0.0,0.0
orb_trap,GBP_JPY,ny,Q3,Q2,BUY,0,0,0.0,0.0,1.0,1.0,False,0/3,0.0,0.0,0.0
orb_trap,GBP_JPY,ny,Q3,Q2,SELL,0,0,0.0,0.0,1.0,1.0,False,0/3,0.0,0.0,0.0
orb_trap,GBP_JPY,ny,Q3,Q3,BUY,0,0,0.0,0.0,1.0,1.0,False,0/3,0.0,0.0,0.0
orb_trap,GBP_JPY,ny,Q3,Q3,SELL,0,0,0.0,0.0,1.0,1.0,False,0/3,0.0,0.0,0.0
orb_trap,GBP_JPY,ny,Q3,Q4,BUY,0,0,0.0,0.0,1.0,1.0,False,0/3,0.0,0.0,0.0
orb_trap,GBP_JPY,ny,Q3,Q4,SELL,0,0,0.0,0.0,1.0,1.0,False,0/3,0.0,0.0,0.0
orb_trap,GBP_JPY,ny,Q4,Q1,BUY,0,0,0.0,0.0,1.0,1.0,False,0/3,0.0,0.0,0.0
orb_trap,GBP_JPY,ny,Q4,Q1,SELL,0,0,0.0,0.0,1.0,1.0,False,0/3,0.0,0.0,0.0
orb_trap,GBP_JPY,ny,Q4,Q2,BUY,0,0,0.0,0.0,1.0,1.0,False,0/3,0.0,0.0,0.0
orb_trap,GBP_JPY,ny,Q4,Q2,SELL,0,0,0.0,0.0,1.0,1.0,False,0/3,0.0,0.0,0.0
orb_trap,GBP_JPY,ny,Q4,Q3,BUY,0,0,0.0,0.0,1.0,1.0,False,0/3,0.0,0.0,0.0
orb_trap,GBP_JPY,ny,Q4,Q3,SELL,0,0,0.0,0.0,1.0,1.0,False,0/3,0.0,0.0,0.0
orb_trap,GBP_JPY,ny,Q4,Q4,BUY,0,0,0.0,0.0,1.0,1.0,False,0/3,0.0,0.0,0.0
orb_trap,GBP_JPY,ny,Q4,Q4,SELL,0,0,0.0,0.0,1.0,1.0,False,0/3,0.0,0.0,0.0
orb_trap,GBP_JPY,overlap,Q1,Q1,BUY,0,0,0.0,0.0,1.0,1.0,False,0/3,0.0,0.0,0.0
orb_trap,GBP_JPY,overlap,Q1,Q1,SELL,0,0,0.0,0.0,1.0,1.0,False,0/3,0.0,0.0,0.0
orb_trap,GBP_JPY,overlap,Q1,Q2,BUY,0,0,0.0,0.0,1.0,1.0,False,0/3,0.0,0.0,0.0
orb_trap,GBP_JPY,overlap,Q1,Q2,SELL,0,0,0.0,0.0,1.0,1.0,False,0/3,0.0,0.0,0.0
orb_trap,GBP_JPY,overlap,Q1,Q3,BUY,0,0,0.0,0.0,1.0,1.0,False,0/3,0.0,0.0,0.0
orb_trap,GBP_JPY,overlap,Q1,Q3,SELL,0,0,0.0,0.0,1.0,1.0,False,0/3,0.0,0.0,0.0
orb_trap,GBP_JPY,overlap,Q1,Q4,BUY,0,0,0.0,0.0,1.0,1.0,False,0/3,0.0,0.0,0.0
orb_trap,GBP_JPY,overlap,Q1,Q4,SELL,0,0,0.0,0.0,1.0,1.0,False,0/3,0.0,0.0,0.0
orb_trap,GBP_JPY,overlap,Q2,Q1,BUY,0,0,0.0,0.0,1.0,1.0,False,0/3,0.0,0.0,0.0
orb_trap,GBP_JPY,overlap,Q2,Q1,SELL,0,0,0.0,0.0,1.0,1.0,False,0/3,0.0,0.0,0.0
orb_trap,GBP_JPY,overlap,Q2,Q2,BUY,0,0,0.0,0.0,1.0,1.0,False,0/3,0.0,0.0,0.0
orb_trap,GBP_JPY,overlap,Q2,Q2,SELL,0,0,0.0,0.0,1.0,1.0,False,0/3,0.0,0.0,0.0
orb_trap,GBP_JPY,overlap,Q2,Q3,BUY,0,0,0.0,0.0,1.0,1.0,False,0/3,0.0,0.0,0.0
orb_trap,GBP_JPY,overlap,Q2,Q3,SELL,0,0,0.0,0.0,1.0,1.0,False,0/3,0.0,0.0,0.0
orb_trap,GBP_JPY,overlap,Q2,Q4,BUY,0,0,0.0,0.0,1.0,1.0,False,0/3,0.0,0.0,0.0
orb_trap,GBP_JPY,overlap,Q2,Q4,SELL,0,0,0.0,0.0,1.0,1.0,False,0/3,0.0,0.0,0.0
orb_trap,GBP_JPY,overlap,Q3,Q1,BUY,0,0,0.0,0.0,1.0,1.0,False,0/3,0.0,0.0,0.0
orb_trap,GBP_JPY,overlap,Q3,Q1,SELL,0,0,0.0,0.0,1.0,1.0,False,0/3,0.0,0.0,0.0
orb_trap,GBP_JPY,overlap,Q3,Q2,BUY,0,0,0.0,0.0,1.0,1.0,False,0/3,0.0,0.0,0.0
orb_trap,GBP_JPY,overlap,Q3,Q2,SELL,0,0,0.0,0.0,1.0,1.0,False,0/3,0.0,0.0,0.0
orb_trap,GBP_JPY,overlap,Q3,Q3,BUY,0,0,0.0,0.0,1.0,1.0,False,0/3,0.0,0.0,0.0
orb_trap,GBP_JPY,overlap,Q3,Q3,SELL,0,0,0.0,0.0,1.0,1.0,False,0/3,0.0,0.0,0.0
orb_trap,GBP_JPY,overlap,Q3,Q4,BUY,0,0,0.0,0.0,1.0,1.0,False,0/3,0.0,0.0,0.0
orb_trap,GBP_JPY,overlap,Q3,Q4,SELL,0,0,0.0,0.0,1.0,1.0,False,0/3,0.0,0.0,0.0
orb_trap,GBP_JPY,overlap,Q4,Q1,BUY,0,0,0.0,0.0,1.0,1.0,False,0/3,0.0,0.0,0.0
orb_trap,GBP_JPY,overlap,Q4,Q1,SELL,0,0,0.0,0.0,1.0,1.0,False,0/3,0.0,0.0,0.0
orb_trap,GBP_JPY,overlap,Q4,Q2,BUY,0,0,0.0,0.0,1.0,1.0,False,0/3,0.0,0.0,0.0
orb_trap,GBP_JPY,overlap,Q4,Q2,SELL,0,0,0.0,0.0,1.0,1.0,False,0/3,0.0,0.0,0.0
orb_trap,GBP_JPY,overlap,Q4,Q3,BUY,0,0,0.0,0.0,1.0,1.0,False,0/3,0.0,0.0,0.0
orb_trap,GBP_JPY,overlap,Q4,Q3,SELL,0,0,0.0,0.0,1.0,1.0,False,0/3,0.0,0.0,0.0
orb_trap,GBP_JPY,overlap,Q4,Q4,BUY,0,0,0.0,0.0,1.0,1.0,False,0/3,0.0,0.0,0.0
orb_trap,GBP_JPY,overlap,Q4,Q4,SELL,0,0,0.0,0.0,1.0,1.0,False,0/3,0.0,0.0,0.0
orb_trap,AUD_USD,tokyo,Q1,Q1,BUY,0,0,0.0,0.0,1.0,1.0,False,0/3,0.0,0.0,0.0
orb_trap,AUD_USD,tokyo,Q1,Q1,SELL,0,0,0.0,0.0,1.0,1.0,False,0/3,0.0,0.0,0.0
orb_trap,AUD_USD,tokyo,Q1,Q2,BUY,0,0,0.0,0.0,1.0,1.0,False,0/3,0.0,0.0,0.0
orb_trap,AUD_USD,tokyo,Q1,Q2,SELL,0,0,0.0,0.0,1.0,1.0,False,0/3,0.0,0.0,0.0
orb_trap,AUD_USD,tokyo,Q1,Q3,BUY,0,0,0.0,0.0,1.0,1.0,False,0/3,0.0,0.0,0.0
orb_trap,AUD_USD,tokyo,Q1,Q3,SELL,0,0,0.0,0.0,1.0,1.0,False,0/3,0.0,0.0,0.0
orb_trap,AUD_USD,tokyo,Q1,Q4,BUY,0,0,0.0,0.0,1.0,1.0,False,0/3,0.0,0.0,0.0
orb_trap,AUD_USD,tokyo,Q1,Q4,SELL,0,0,0.0,0.0,1.0,1.0,False,0/3,0.0,0.0,0.0
orb_trap,AUD_USD,tokyo,Q2,Q1,BUY,0,0,0.0,0.0,1.0,1.0,False,0/3,0.0,0.0,0.0
orb_trap,AUD_USD,tokyo,Q2,Q1,SELL,0,0,0.0,0.0,1.0,1.0,False,0/3,0.0,0.0,0.0
orb_trap,AUD_USD,tokyo,Q2,Q2,BUY,0,0,0.0,0.0,1.0,1.0,False,0/3,0.0,0.0,0.0
orb_trap,AUD_USD,tokyo,Q2,Q2,SELL,0,0,0.0,0.0,1.0,1.0,False,0/3,0.0,0.0,0.0
orb_trap,AUD_USD,tokyo,Q2,Q3,BUY,0,0,0.0,0.0,1.0,1.0,False,0/3,0.0,0.0,0.0
orb_trap,AUD_USD,tokyo,Q2,Q3,SELL,0,0,0.0,0.0,1.0,1.0,False,0/3,0.0,0.0,0.0
orb_trap,AUD_USD,tokyo,Q2,Q4,BUY,0,0,0.0,0.0,1.0,1.0,False,0/3,0.0,0.0,0.0
orb_trap,AUD_USD,tokyo,Q2,Q4,SELL,0,0,0.0,0.0,1.0,1.0,False,0/3,0.0,0.0,0.0
orb_trap,AUD_USD,tokyo,Q3,Q1,BUY,0,0,0.0,0.0,1.0,1.0,False,0/3,0.0,0.0,0.0
orb_trap,AUD_USD,tokyo,Q3,Q1,SELL,0,0,0.0,0.0,1.0,1.0,False,0/3,0.0,0.0,0.0
orb_trap,AUD_USD,tokyo,Q3,Q2,BUY,0,0,0.0,0.0,1.0,1.0,False,0/3,0.0,0.0,0.0
orb_trap,AUD_USD,tokyo,Q3,Q2,SELL,0,0,0.0,0.0,1.0,1.0,False,0/3,0.0,0.0,0.0
orb_trap,AUD_USD,tokyo,Q3,Q3,BUY,0,0,0.0,0.0,1.0,1.0,False,0/3,0.0,0.0,0.0
orb_trap,AUD_USD,tokyo,Q3,Q3,SELL,0,0,0.0,0.0,1.0,1.0,False,0/3,0.0,0.0,0.0
orb_trap,AUD_USD,tokyo,Q3,Q4,BUY,0,0,0.0,0.0,1.0,1.0,False,0/3,0.0,0.0,0.0
orb_trap,AUD_USD,tokyo,Q3,Q4,SELL,0,0,0.0,0.0,1.0,1.0,False,0/3,0.0,0.0,0.0
orb_trap,AUD_USD,tokyo,Q4,Q1,BUY,0,0,0.0,0.0,1.0,1.0,False,0/3,0.0,0.0,0.0
orb_trap,AUD_USD,tokyo,Q4,Q1,SELL,0,0,0.0,0.0,1.0,1.0,False,0/3,0.0,0.0,0.0
orb_trap,AUD_USD,tokyo,Q4,Q2,BUY,0,0,0.0,0.0,1.0,1.0,False,0/3,0.0,0.0,0.0
orb_trap,AUD_USD,tokyo,Q4,Q2,SELL,0,0,0.0,0.0,1.0,1.0,False,0/3,0.0,0.0,0.0
orb_trap,AUD_USD,tokyo,Q4,Q3,BUY,0,0,0.0,0.0,1.0,1.0,False,0/3,0.0,0.0,0.0
orb_trap,AUD_USD,tokyo,Q4,Q3,SELL,0,0,0.0,0.0,1.0,1.0,False,0/3,0.0,0.0,0.0
orb_trap,AUD_USD,tokyo,Q4,Q4,BUY,0,0,0.0,0.0,1.0,1.0,False,0/3,0.0,0.0,0.0
orb_trap,AUD_USD,tokyo,Q4,Q4,SELL,0,0,0.0,0.0,1.0,1.0,False,0/3,0.0,0.0,0.0
orb_trap,AUD_USD,london,Q1,Q1,BUY,0,0,0.0,0.0,1.0,1.0,False,0/3,0.0,0.0,0.0
orb_trap,AUD_USD,london,Q1,Q1,SELL,0,0,0.0,0.0,1.0,1.0,False,0/3,0.0,0.0,0.0
orb_trap,AUD_USD,london,Q1,Q2,BUY,0,0,0.0,0.0,1.0,1.0,False,0/3,0.0,0.0,0.0
orb_trap,AUD_USD,london,Q1,Q2,SELL,0,0,0.0,0.0,1.0,1.0,False,0/3,0.0,0.0,0.0
orb_trap,AUD_USD,london,Q1,Q3,BUY,0,0,0.0,0.0,1.0,1.0,False,0/3,0.0,0.0,0.0
orb_trap,AUD_USD,london,Q1,Q3,SELL,0,0,0.0,0.0,1.0,1.0,False,0/3,0.0,0.0,0.0
orb_trap,AUD_USD,london,Q1,Q4,BUY,0,0,0.0,0.0,1.0,1.0,False,0/3,0.0,0.0,0.0
orb_trap,AUD_USD,london,Q1,Q4,SELL,0,0,0.0,0.0,1.0,1.0,False,0/3,0.0,0.0,0.0
orb_trap,AUD_USD,london,Q2,Q1,BUY,0,0,0.0,0.0,1.0,1.0,False,0/3,0.0,0.0,0.0
orb_trap,AUD_USD,london,Q2,Q1,SELL,0,0,0.0,0.0,1.0,1.0,False,0/3,0.0,0.0,0.0
orb_trap,AUD_USD,london,Q2,Q2,BUY,0,0,0.0,0.0,1.0,1.0,False,0/3,0.0,0.0,0.0
orb_trap,AUD_USD,london,Q2,Q2,SELL,0,0,0.0,0.0,1.0,1.0,False,0/3,0.0,0.0,0.0
orb_trap,AUD_USD,london,Q2,Q3,BUY,0,0,0.0,0.0,1.0,1.0,False,0/3,0.0,0.0,0.0
orb_trap,AUD_USD,london,Q2,Q3,SELL,0,0,0.0,0.0,1.0,1.0,False,0/3,0.0,0.0,0.0
orb_trap,AUD_USD,london,Q2,Q4,BUY,0,0,0.0,0.0,1.0,1.0,False,0/3,0.0,0.0,0.0
orb_trap,AUD_USD,london,Q2,Q4,SELL,0,0,0.0,0.0,1.0,1.0,False,0/3,0.0,0.0,0.0
orb_trap,AUD_USD,london,Q3,Q1,BUY,0,0,0.0,0.0,1.0,1.0,False,0/3,0.0,0.0,0.0
orb_trap,AUD_USD,london,Q3,Q1,SELL,0,0,0.0,0.0,1.0,1.0,False,0/3,0.0,0.0,0.0
orb_trap,AUD_USD,london,Q3,Q2,BUY,0,0,0.0,0.0,1.0,1.0,False,0/3,0.0,0.0,0.0
orb_trap,AUD_USD,london,Q3,Q2,SELL,0,0,0.0,0.0,1.0,1.0,False,0/3,0.0,0.0,0.0
orb_trap,AUD_USD,london,Q3,Q3,BUY,0,0,0.0,0.0,1.0,1.0,False,0/3,0.0,0.0,0.0
orb_trap,AUD_USD,london,Q3,Q3,SELL,0,0,0.0,0.0,1.0,1.0,False,0/3,0.0,0.0,0.0
orb_trap,AUD_USD,london,Q3,Q4,BUY,0,0,0.0,0.0,1.0,1.0,False,0/3,0.0,0.0,0.0
orb_trap,AUD_USD,london,Q3,Q4,SELL,0,0,0.0,0.0,1.0,1.0,False,0/3,0.0,0.0,0.0
orb_trap,AUD_USD,london,Q4,Q1,BUY,0,0,0.0,0.0,1.0,1.0,False,0/3,0.0,0.0,0.0
orb_trap,AUD_USD,london,Q4,Q1,SELL,0,0,0.0,0.0,1.0,1.0,False,0/3,0.0,0.0,0.0
orb_trap,AUD_USD,london,Q4,Q2,BUY,0,0,0.0,0.0,1.0,1.0,False,0/3,0.0,0.0,0.0
orb_trap,AUD_USD,london,Q4,Q2,SELL,0,0,0.0,0.0,1.0,1.0,False,0/3,0.0,0.0,0.0
orb_trap,AUD_USD,london,Q4,Q3,BUY,0,0,0.0,0.0,1.0,1.0,False,0/3,0.0,0.0,0.0
orb_trap,AUD_USD,london,Q4,Q3,SELL,0,0,0.0,0.0,1.0,1.0,False,0/3,0.0,0.0,0.0
orb_trap,AUD_USD,london,Q4,Q4,BUY,0,0,0.0,0.0,1.0,1.0,False,0/3,0.0,0.0,0.0
orb_trap,AUD_USD,london,Q4,Q4,SELL,0,0,0.0,0.0,1.0,1.0,False,0/3,0.0,0.0,0.0
orb_trap,AUD_USD,ny,Q1,Q1,BUY,0,0,0.0,0.0,1.0,1.0,False,0/3,0.0,0.0,0.0
orb_trap,AUD_USD,ny,Q1,Q1,SELL,0,0,0.0,0.0,1.0,1.0,False,0/3,0.0,0.0,0.0
orb_trap,AUD_USD,ny,Q1,Q2,BUY,0,0,0.0,0.0,1.0,1.0,False,0/3,0.0,0.0,0.0
orb_trap,AUD_USD,ny,Q1,Q2,SELL,0,0,0.0,0.0,1.0,1.0,False,0/3,0.0,0.0,0.0
orb_trap,AUD_USD,ny,Q1,Q3,BUY,0,0,0.0,0.0,1.0,1.0,False,0/3,0.0,0.0,0.0
orb_trap,AUD_USD,ny,Q1,Q3,SELL,0,0,0.0,0.0,1.0,1.0,False,0/3,0.0,0.0,0.0
orb_trap,AUD_USD,ny,Q1,Q4,BUY,0,0,0.0,0.0,1.0,1.0,False,0/3,0.0,0.0,0.0
orb_trap,AUD_USD,ny,Q1,Q4,SELL,0,0,0.0,0.0,1.0,1.0,False,0/3,0.0,0.0,0.0
orb_trap,AUD_USD,ny,Q2,Q1,BUY,0,0,0.0,0.0,1.0,1.0,False,0/3,0.0,0.0,0.0
orb_trap,AUD_USD,ny,Q2,Q1,SELL,0,0,0.0,0.0,1.0,1.0,False,0/3,0.0,0.0,0.0
orb_trap,AUD_USD,ny,Q2,Q2,BUY,0,0,0.0,0.0,1.0,1.0,False,0/3,0.0,0.0,0.0
orb_trap,AUD_USD,ny,Q2,Q2,SELL,0,0,0.0,0.0,1.0,1.0,False,0/3,0.0,0.0,0.0
orb_trap,AUD_USD,ny,Q2,Q3,BUY,0,0,0.0,0.0,1.0,1.0,False,0/3,0.0,0.0,0.0
orb_trap,AUD_USD,ny,Q2,Q3,SELL,0,0,0.0,0.0,1.0,1.0,False,0/3,0.0,0.0,0.0
orb_trap,AUD_USD,ny,Q2,Q4,BUY,0,0,0.0,0.0,1.0,1.0,False,0/3,0.0,0.0,0.0
orb_trap,AUD_USD,ny,Q2,Q4,SELL,0,0,0.0,0.0,1.0,1.0,False,0/3,0.0,0.0,0.0
orb_trap,AUD_USD,ny,Q3,Q1,BUY,0,0,0.0,0.0,1.0,1.0,False,0/3,0.0,0.0,0.0
orb_trap,AUD_USD,ny,Q3,Q1,SELL,0,0,0.0,0.0,1.0,1.0,False,0/3,0.0,0.0,0.0
orb_trap,AUD_USD,ny,Q3,Q2,BUY,0,0,0.0,0.0,1.0,1.0,False,0/3,0.0,0.0,0.0
orb_trap,AUD_USD,ny,Q3,Q2,SELL,0,0,0.0,0.0,1.0,1.0,False,0/3,0.0,0.0,0.0
orb_trap,AUD_USD,ny,Q3,Q3,BUY,0,0,0.0,0.0,1.0,1.0,False,0/3,0.0,0.0,0.0
orb_trap,AUD_USD,ny,Q3,Q3,SELL,0,0,0.0,0.0,1.0,1.0,False,0/3,0.0,0.0,0.0
orb_trap,AUD_USD,ny,Q3,Q4,BUY,0,0,0.0,0.0,1.0,1.0,False,0/3,0.0,0.0,0.0
orb_trap,AUD_USD,ny,Q3,Q4,SELL,0,0,0.0,0.0,1.0,1.0,False,0/3,0.0,0.0,0.0
orb_trap,AUD_USD,ny,Q4,Q1,BUY,0,0,0.0,0.0,1.0,1.0,False,0/3,0.0,0.0,0.0
orb_trap,AUD_USD,ny,Q4,Q1,SELL,0,0,0.0,0.0,1.0,1.0,False,0/3,0.0,0.0,0.0
orb_trap,AUD_USD,ny,Q4,Q2,BUY,0,0,0.0,0.0,1.0,1.0,False,0/3,0.0,0.0,0.0
orb_trap,AUD_USD,ny,Q4,Q2,SELL,0,0,0.0,0.0,1.0,1.0,False,0/3,0.0,0.0,0.0
orb_trap,AUD_USD,ny,Q4,Q3,BUY,0,0,0.0,0.0,1.0,1.0,False,0/3,0.0,0.0,0.0
orb_trap,AUD_USD,ny,Q4,Q3,SELL,0,0,0.0,0.0,1.0,1.0,False,0/3,0.0,0.0,0.0
orb_trap,AUD_USD,ny,Q4,Q4,BUY,0,0,0.0,0.0,1.0,1.0,False,0/3,0.0,0.0,0.0
orb_trap,AUD_USD,ny,Q4,Q4,SELL,0,0,0.0,0.0,1.0,1.0,False,0/3,0.0,0.0,0.0
orb_trap,AUD_USD,overlap,Q1,Q1,BUY,0,0,0.0,0.0,1.0,1.0,False,0/3,0.0,0.0,0.0
orb_trap,AUD_USD,overlap,Q1,Q1,SELL,0,0,0.0,0.0,1.0,1.0,False,0/3,0.0,0.0,0.0
orb_trap,AUD_USD,overlap,Q1,Q2,BUY,0,0,0.0,0.0,1.0,1.0,False,0/3,0.0,0.0,0.0
orb_trap,AUD_USD,overlap,Q1,Q2,SELL,0,0,0.0,0.0,1.0,1.0,False,0/3,0.0,0.0,0.0
orb_trap,AUD_USD,overlap,Q1,Q3,BUY,0,0,0.0,0.0,1.0,1.0,False,0/3,0.0,0.0,0.0
orb_trap,AUD_USD,overlap,Q1,Q3,SELL,0,0,0.0,0.0,1.0,1.0,False,0/3,0.0,0.0,0.0
orb_trap,AUD_USD,overlap,Q1,Q4,BUY,0,0,0.0,0.0,1.0,1.0,False,0/3,0.0,0.0,0.0
orb_trap,AUD_USD,overlap,Q1,Q4,SELL,0,0,0.0,0.0,1.0,1.0,False,0/3,0.0,0.0,0.0
orb_trap,AUD_USD,overlap,Q2,Q1,BUY,0,0,0.0,0.0,1.0,1.0,False,0/3,0.0,0.0,0.0
orb_trap,AUD_USD,overlap,Q2,Q1,SELL,0,0,0.0,0.0,1.0,1.0,False,0/3,0.0,0.0,0.0
orb_trap,AUD_USD,overlap,Q2,Q2,BUY,0,0,0.0,0.0,1.0,1.0,False,0/3,0.0,0.0,0.0
orb_trap,AUD_USD,overlap,Q2,Q2,SELL,0,0,0.0,0.0,1.0,1.0,False,0/3,0.0,0.0,0.0
orb_trap,AUD_USD,overlap,Q2,Q3,BUY,0,0,0.0,0.0,1.0,1.0,False,0/3,0.0,0.0,0.0
orb_trap,AUD_USD,overlap,Q2,Q3,SELL,0,0,0.0,0.0,1.0,1.0,False,0/3,0.0,0.0,0.0
orb_trap,AUD_USD,overlap,Q2,Q4,BUY,0,0,0.0,0.0,1.0,1.0,False,0/3,0.0,0.0,0.0
orb_trap,AUD_USD,overlap,Q2,Q4,SELL,0,0,0.0,0.0,1.0,1.0,False,0/3,0.0,0.0,0.0
orb_trap,AUD_USD,overlap,Q3,Q1,BUY,0,0,0.0,0.0,1.0,1.0,False,0/3,0.0,0.0,0.0
orb_trap,AUD_USD,overlap,Q3,Q1,SELL,0,0,0.0,0.0,1.0,1.0,False,0/3,0.0,0.0,0.0
orb_trap,AUD_USD,overlap,Q3,Q2,BUY,0,0,0.0,0.0,1.0,1.0,False,0/3,0.0,0.0,0.0
orb_trap,AUD_USD,overlap,Q3,Q2,SELL,0,0,0.0,0.0,1.0,1.0,False,0/3,0.0,0.0,0.0
orb_trap,AUD_USD,overlap,Q3,Q3,BUY,0,0,0.0,0.0,1.0,1.0,False,0/3,0.0,0.0,0.0
orb_trap,AUD_USD,overlap,Q3,Q3,SELL,0,0,0.0,0.0,1.0,1.0,False,0/3,0.0,0.0,0.0
orb_trap,AUD_USD,overlap,Q3,Q4,BUY,0,0,0.0,0.0,1.0,1.0,False,0/3,0.0,0.0,0.0
orb_trap,AUD_USD,overlap,Q3,Q4,SELL,0,0,0.0,0.0,1.0,1.0,False,0/3,0.0,0.0,0.0
orb_trap,AUD_USD,overlap,Q4,Q1,BUY,0,0,0.0,0.0,1.0,1.0,False,0/3,0.0,0.0,0.0
orb_trap,AUD_USD,overlap,Q4,Q1,SELL,0,0,0.0,0.0,1.0,1.0,False,0/3,0.0,0.0,0.0
orb_trap,AUD_USD,overlap,Q4,Q2,BUY,0,0,0.0,0.0,1.0,1.0,False,0/3,0.0,0.0,0.0
orb_trap,AUD_USD,overlap,Q4,Q2,SELL,0,0,0.0,0.0,1.0,1.0,False,0/3,0.0,0.0,0.0
orb_trap,AUD_USD,overlap,Q4,Q3,BUY,0,0,0.0,0.0,1.0,1.0,False,0/3,0.0,0.0,0.0
orb_trap,AUD_USD,overlap,Q4,Q3,SELL,0,0,0.0,0.0,1.0,1.0,False,0/3,0.0,0.0,0.0
orb_trap,AUD_USD,overlap,Q4,Q4,BUY,0,0,0.0,0.0,1.0,1.0,False,0/3,0.0,0.0,0.0
orb_trap,AUD_USD,overlap,Q4,Q4,SELL,0,0,0.0,0.0,1.0,1.0,False,0/3,0.0,0.0,0.0
ob_retest,USD_JPY,tokyo,Q1,Q1,BUY,0,0,0.0,0.0,1.0,1.0,False,0/3,0.0,0.0,0.0
ob_retest,USD_JPY,tokyo,Q1,Q1,SELL,0,0,0.0,0.0,1.0,1.0,False,0/3,0.0,0.0,0.0
ob_retest,USD_JPY,tokyo,Q1,Q2,BUY,0,0,0.0,0.0,1.0,1.0,False,0/3,0.0,0.0,0.0
ob_retest,USD_JPY,tokyo,Q1,Q2,SELL,0,0,0.0,0.0,1.0,1.0,False,0/3,0.0,0.0,0.0
ob_retest,USD_JPY,tokyo,Q1,Q3,BUY,0,0,0.0,0.0,1.0,1.0,False,0/3,0.0,0.0,0.0
ob_retest,USD_JPY,tokyo,Q1,Q3,SELL,0,0,0.0,0.0,1.0,1.0,False,0/3,0.0,0.0,0.0
ob_retest,USD_JPY,tokyo,Q1,Q4,BUY,0,0,0.0,0.0,1.0,1.0,False,0/3,0.0,0.0,0.0
ob_retest,USD_JPY,tokyo,Q1,Q4,SELL,4,0,0.0,0.0,1.0,1.0,False,0/3,0.0,0.0,-14.35
ob_retest,USD_JPY,tokyo,Q2,Q1,BUY,0,0,0.0,0.0,1.0,1.0,False,0/3,0.0,0.0,0.0
ob_retest,USD_JPY,tokyo,Q2,Q1,SELL,0,0,0.0,0.0,1.0,1.0,False,0/3,0.0,0.0,0.0
ob_retest,USD_JPY,tokyo,Q2,Q2,BUY,0,0,0.0,0.0,1.0,1.0,False,0/3,0.0,0.0,0.0
ob_retest,USD_JPY,tokyo,Q2,Q2,SELL,0,0,0.0,0.0,1.0,1.0,False,0/3,0.0,0.0,0.0
ob_retest,USD_JPY,tokyo,Q2,Q3,BUY,0,0,0.0,0.0,1.0,1.0,False,0/3,0.0,0.0,0.0
ob_retest,USD_JPY,tokyo,Q2,Q3,SELL,0,0,0.0,0.0,1.0,1.0,False,0/3,0.0,0.0,0.0
ob_retest,USD_JPY,tokyo,Q2,Q4,BUY,0,0,0.0,0.0,1.0,1.0,False,0/3,0.0,0.0,0.0
ob_retest,USD_JPY,tokyo,Q2,Q4,SELL,0,0,0.0,0.0,1.0,1.0,False,0/3,0.0,0.0,0.0
ob_retest,USD_JPY,tokyo,Q3,Q1,BUY,0,0,0.0,0.0,1.0,1.0,False,0/3,0.0,0.0,0.0
ob_retest,USD_JPY,tokyo,Q3,Q1,SELL,0,0,0.0,0.0,1.0,1.0,False,0/3,0.0,0.0,0.0
ob_retest,USD_JPY,tokyo,Q3,Q2,BUY,0,0,0.0,0.0,1.0,1.0,False,0/3,0.0,0.0,0.0
ob_retest,USD_JPY,tokyo,Q3,Q2,SELL,0,0,0.0,0.0,1.0,1.0,False,0/3,0.0,0.0,0.0
ob_retest,USD_JPY,tokyo,Q3,Q3,BUY,0,0,0.0,0.0,1.0,1.0,False,0/3,0.0,0.0,0.0
ob_retest,USD_JPY,tokyo,Q3,Q3,SELL,0,0,0.0,0.0,1.0,1.0,False,0/3,0.0,0.0,0.0
ob_retest,USD_JPY,tokyo,Q3,Q4,BUY,0,0,0.0,0.0,1.0,1.0,False,0/3,0.0,0.0,0.0
ob_retest,USD_JPY,tokyo,Q3,Q4,SELL,0,0,0.0,0.0,1.0,1.0,False,0/3,0.0,0.0,0.0
ob_retest,USD_JPY,tokyo,Q4,Q1,BUY,0,0,0.0,0.0,1.0,1.0,False,0/3,0.0,0.0,0.0
ob_retest,USD_JPY,tokyo,Q4,Q1,SELL,0,0,0.0,0.0,1.0,1.0,False,0/3,0.0,0.0,0.0
ob_retest,USD_JPY,tokyo,Q4,Q2,BUY,0,0,0.0,0.0,1.0,1.0,False,0/3,0.0,0.0,0.0
ob_retest,USD_JPY,tokyo,Q4,Q2,SELL,0,0,0.0,0.0,1.0,1.0,False,0/3,0.0,0.0,0.0
ob_retest,USD_JPY,tokyo,Q4,Q3,BUY,0,0,0.0,0.0,1.0,1.0,False,0/3,0.0,0.0,0.0
ob_retest,USD_JPY,tokyo,Q4,Q3,SELL,0,0,0.0,0.0,1.0,1.0,False,0/3,0.0,0.0,0.0
ob_retest,USD_JPY,tokyo,Q4,Q4,BUY,0,0,0.0,0.0,1.0,1.0,False,0/3,0.0,0.0,0.0
ob_retest,USD_JPY,tokyo,Q4,Q4,SELL,0,0,0.0,0.0,1.0,1.0,False,0/3,0.0,0.0,0.0
ob_retest,USD_JPY,london,Q1,Q1,BUY,0,0,0.0,0.0,1.0,1.0,False,0/3,0.0,0.0,0.0
ob_retest,USD_JPY,london,Q1,Q1,SELL,0,0,0.0,0.0,1.0,1.0,False,0/3,0.0,0.0,0.0
ob_retest,USD_JPY,london,Q1,Q2,BUY,0,0,0.0,0.0,1.0,1.0,False,0/3,0.0,0.0,0.0
ob_retest,USD_JPY,london,Q1,Q2,SELL,0,0,0.0,0.0,1.0,1.0,False,0/3,0.0,0.0,0.0
ob_retest,USD_JPY,london,Q1,Q3,BUY,0,0,0.0,0.0,1.0,1.0,False,0/3,0.0,0.0,0.0
ob_retest,USD_JPY,london,Q1,Q3,SELL,0,0,0.0,0.0,1.0,1.0,False,0/3,0.0,0.0,0.0
ob_retest,USD_JPY,london,Q1,Q4,BUY,0,0,0.0,0.0,1.0,1.0,False,0/3,0.0,0.0,0.0
ob_retest,USD_JPY,london,Q1,Q4,SELL,0,0,0.0,0.0,1.0,1.0,False,0/3,0.0,0.0,0.0
ob_retest,USD_JPY,london,Q2,Q1,BUY,0,0,0.0,0.0,1.0,1.0,False,0/3,0.0,0.0,0.0
ob_retest,USD_JPY,london,Q2,Q1,SELL,0,0,0.0,0.0,1.0,1.0,False,0/3,0.0,0.0,0.0
ob_retest,USD_JPY,london,Q2,Q2,BUY,0,0,0.0,0.0,1.0,1.0,False,0/3,0.0,0.0,0.0
ob_retest,USD_JPY,london,Q2,Q2,SELL,0,0,0.0,0.0,1.0,1.0,False,0/3,0.0,0.0,0.0
ob_retest,USD_JPY,london,Q2,Q3,BUY,0,0,0.0,0.0,1.0,1.0,False,0/3,0.0,0.0,0.0
ob_retest,USD_JPY,london,Q2,Q3,SELL,0,0,0.0,0.0,1.0,1.0,False,0/3,0.0,0.0,0.0
ob_retest,USD_JPY,london,Q2,Q4,BUY,0,0,0.0,0.0,1.0,1.0,False,0/3,0.0,0.0,0.0
ob_retest,USD_JPY,london,Q2,Q4,SELL,0,0,0.0,0.0,1.0,1.0,False,0/3,0.0,0.0,0.0
ob_retest,USD_JPY,london,Q3,Q1,BUY,0,0,0.0,0.0,1.0,1.0,False,0/3,0.0,0.0,0.0
ob_retest,USD_JPY,london,Q3,Q1,SELL,0,0,0.0,0.0,1.0,1.0,False,0/3,0.0,0.0,0.0
ob_retest,USD_JPY,london,Q3,Q2,BUY,0,0,0.0,0.0,1.0,1.0,False,0/3,0.0,0.0,0.0
ob_retest,USD_JPY,london,Q3,Q2,SELL,0,0,0.0,0.0,1.0,1.0,False,0/3,0.0,0.0,0.0
ob_retest,USD_JPY,london,Q3,Q3,BUY,0,0,0.0,0.0,1.0,1.0,False,0/3,0.0,0.0,0.0
ob_retest,USD_JPY,london,Q3,Q3,SELL,0,0,0.0,0.0,1.0,1.0,False,0/3,0.0,0.0,0.0
ob_retest,USD_JPY,london,Q3,Q4,BUY,0,0,0.0,0.0,1.0,1.0,False,0/3,0.0,0.0,0.0
ob_retest,USD_JPY,london,Q3,Q4,SELL,0,0,0.0,0.0,1.0,1.0,False,0/3,0.0,0.0,0.0
ob_retest,USD_JPY,london,Q4,Q1,BUY,0,0,0.0,0.0,1.0,1.0,False,0/3,0.0,0.0,0.0
ob_retest,USD_JPY,london,Q4,Q1,SELL,0,0,0.0,0.0,1.0,1.0,False,0/3,0.0,0.0,0.0
ob_retest,USD_JPY,london,Q4,Q2,BUY,0,0,0.0,0.0,1.0,1.0,False,0/3,0.0,0.0,0.0
ob_retest,USD_JPY,london,Q4,Q2,SELL,0,0,0.0,0.0,1.0,1.0,False,0/3,0.0,0.0,0.0
ob_retest,USD_JPY,london,Q4,Q3,BUY,0,0,0.0,0.0,1.0,1.0,False,0/3,0.0,0.0,0.0
ob_retest,USD_JPY,london,Q4,Q3,SELL,0,0,0.0,0.0,1.0,1.0,False,0/3,0.0,0.0,0.0
ob_retest,USD_JPY,london,Q4,Q4,BUY,0,0,0.0,0.0,1.0,1.0,False,0/3,0.0,0.0,0.0
ob_retest,USD_JPY,london,Q4,Q4,SELL,0,0,0.0,0.0,1.0,1.0,False,0/3,0.0,0.0,0.0
ob_retest,USD_JPY,ny,Q1,Q1,BUY,0,0,0.0,0.0,1.0,1.0,False,0/3,0.0,0.0,0.0
ob_retest,USD_JPY,ny,Q1,Q1,SELL,0,0,0.0,0.0,1.0,1.0,False,0/3,0.0,0.0,0.0
ob_retest,USD_JPY,ny,Q1,Q2,BUY,0,0,0.0,0.0,1.0,1.0,False,0/3,0.0,0.0,0.0
ob_retest,USD_JPY,ny,Q1,Q2,SELL,0,0,0.0,0.0,1.0,1.0,False,0/3,0.0,0.0,0.0
ob_retest,USD_JPY,ny,Q1,Q3,BUY,0,0,0.0,0.0,1.0,1.0,False,0/3,0.0,0.0,0.0
ob_retest,USD_JPY,ny,Q1,Q3,SELL,0,0,0.0,0.0,1.0,1.0,False,0/3,0.0,0.0,0.0
ob_retest,USD_JPY,ny,Q1,Q4,BUY,6,2,0.3333333333333333,0.09676933255921684,0.5065705303059457,1.0,False,1/3,0.01883239171374762,1.127388535031847,0.6666666666666666
ob_retest,USD_JPY,ny,Q1,Q4,SELL,0,0,0.0,0.0,1.0,1.0,False,0/3,0.0,0.0,0.0
ob_retest,USD_JPY,ny,Q2,Q1,BUY,0,0,0.0,0.0,1.0,1.0,False,0/3,0.0,0.0,0.0
ob_retest,USD_JPY,ny,Q2,Q1,SELL,0,0,0.0,0.0,1.0,1.0,False,0/3,0.0,0.0,0.0
ob_retest,USD_JPY,ny,Q2,Q2,BUY,0,0,0.0,0.0,1.0,1.0,False,0/3,0.0,0.0,0.0
ob_retest,USD_JPY,ny,Q2,Q2,SELL,0,0,0.0,0.0,1.0,1.0,False,0/3,0.0,0.0,0.0
ob_retest,USD_JPY,ny,Q2,Q3,BUY,0,0,0.0,0.0,1.0,1.0,False,0/3,0.0,0.0,0.0
ob_retest,USD_JPY,ny,Q2,Q3,SELL,0,0,0.0,0.0,1.0,1.0,False,0/3,0.0,0.0,0.0
ob_retest,USD_JPY,ny,Q2,Q4,BUY,0,0,0.0,0.0,1.0,1.0,False,0/3,0.0,0.0,0.0
ob_retest,USD_JPY,ny,Q2,Q4,SELL,0,0,0.0,0.0,1.0,1.0,False,0/3,0.0,0.0,0.0
ob_retest,USD_JPY,ny,Q3,Q1,BUY,0,0,0.0,0.0,1.0,1.0,False,0/3,0.0,0.0,0.0
ob_retest,USD_JPY,ny,Q3,Q1,SELL,0,0,0.0,0.0,1.0,1.0,False,0/3,0.0,0.0,0.0
ob_retest,USD_JPY,ny,Q3,Q2,BUY,0,0,0.0,0.0,1.0,1.0,False,0/3,0.0,0.0,0.0
ob_retest,USD_JPY,ny,Q3,Q2,SELL,0,0,0.0,0.0,1.0,1.0,False,0/3,0.0,0.0,0.0
ob_retest,USD_JPY,ny,Q3,Q3,BUY,0,0,0.0,0.0,1.0,1.0,False,0/3,0.0,0.0,0.0
ob_retest,USD_JPY,ny,Q3,Q3,SELL,0,0,0.0,0.0,1.0,1.0,False,0/3,0.0,0.0,0.0
ob_retest,USD_JPY,ny,Q3,Q4,BUY,0,0,0.0,0.0,1.0,1.0,False,0/3,0.0,0.0,0.0
ob_retest,USD_JPY,ny,Q3,Q4,SELL,0,0,0.0,0.0,1.0,1.0,False,0/3,0.0,0.0,0.0
ob_retest,USD_JPY,ny,Q4,Q1,BUY,0,0,0.0,0.0,1.0,1.0,False,0/3,0.0,0.0,0.0
ob_retest,USD_JPY,ny,Q4,Q1,SELL,0,0,0.0,0.0,1.0,1.0,False,0/3,0.0,0.0,0.0
ob_retest,USD_JPY,ny,Q4,Q2,BUY,0,0,0.0,0.0,1.0,1.0,False,0/3,0.0,0.0,0.0
ob_retest,USD_JPY,ny,Q4,Q2,SELL,0,0,0.0,0.0,1.0,1.0,False,0/3,0.0,0.0,0.0
ob_retest,USD_JPY,ny,Q4,Q3,BUY,0,0,0.0,0.0,1.0,1.0,False,0/3,0.0,0.0,0.0
ob_retest,USD_JPY,ny,Q4,Q3,SELL,0,0,0.0,0.0,1.0,1.0,False,0/3,0.0,0.0,0.0
ob_retest,USD_JPY,ny,Q4,Q4,BUY,0,0,0.0,0.0,1.0,1.0,False,0/3,0.0,0.0,0.0
ob_retest,USD_JPY,ny,Q4,Q4,SELL,0,0,0.0,0.0,1.0,1.0,False,0/3,0.0,0.0,0.0
ob_retest,USD_JPY,overlap,Q1,Q1,BUY,0,0,0.0,0.0,1.0,1.0,False,0/3,0.0,0.0,0.0
ob_retest,USD_JPY,overlap,Q1,Q1,SELL,0,0,0.0,0.0,1.0,1.0,False,0/3,0.0,0.0,0.0
ob_retest,USD_JPY,overlap,Q1,Q2,BUY,0,0,0.0,0.0,1.0,1.0,False,0/3,0.0,0.0,0.0
ob_retest,USD_JPY,overlap,Q1,Q2,SELL,0,0,0.0,0.0,1.0,1.0,False,0/3,0.0,0.0,0.0
ob_retest,USD_JPY,overlap,Q1,Q3,BUY,0,0,0.0,0.0,1.0,1.0,False,0/3,0.0,0.0,0.0
ob_retest,USD_JPY,overlap,Q1,Q3,SELL,0,0,0.0,0.0,1.0,1.0,False,0/3,0.0,0.0,0.0
ob_retest,USD_JPY,overlap,Q1,Q4,BUY,11,7,0.6363636363636364,0.35379677689163724,0.011095223063054774,1.0,False,2/3,0.26254346746150026,5.71875,13.727272727272727
ob_retest,USD_JPY,overlap,Q1,Q4,SELL,0,0,0.0,0.0,1.0,1.0,False,0/3,0.0,0.0,0.0
ob_retest,USD_JPY,overlap,Q2,Q1,BUY,0,0,0.0,0.0,1.0,1.0,False,0/3,0.0,0.0,0.0
ob_retest,USD_JPY,overlap,Q2,Q1,SELL,0,0,0.0,0.0,1.0,1.0,False,0/3,0.0,0.0,0.0
ob_retest,USD_JPY,overlap,Q2,Q2,BUY,0,0,0.0,0.0,1.0,1.0,False,0/3,0.0,0.0,0.0
ob_retest,USD_JPY,overlap,Q2,Q2,SELL,0,0,0.0,0.0,1.0,1.0,False,0/3,0.0,0.0,0.0
ob_retest,USD_JPY,overlap,Q2,Q3,BUY,0,0,0.0,0.0,1.0,1.0,False,0/3,0.0,0.0,0.0
ob_retest,USD_JPY,overlap,Q2,Q3,SELL,0,0,0.0,0.0,1.0,1.0,False,0/3,0.0,0.0,0.0
ob_retest,USD_JPY,overlap,Q2,Q4,BUY,0,0,0.0,0.0,1.0,1.0,False,0/3,0.0,0.0,0.0
ob_retest,USD_JPY,overlap,Q2,Q4,SELL,0,0,0.0,0.0,1.0,1.0,False,0/3,0.0,0.0,0.0
ob_retest,USD_JPY,overlap,Q3,Q1,BUY,0,0,0.0,0.0,1.0,1.0,False,0/3,0.0,0.0,0.0
ob_retest,USD_JPY,overlap,Q3,Q1,SELL,0,0,0.0,0.0,1.0,1.0,False,0/3,0.0,0.0,0.0
ob_retest,USD_JPY,overlap,Q3,Q2,BUY,0,0,0.0,0.0,1.0,1.0,False,0/3,0.0,0.0,0.0
ob_retest,USD_JPY,overlap,Q3,Q2,SELL,0,0,0.0,0.0,1.0,1.0,False,0/3,0.0,0.0,0.0
ob_retest,USD_JPY,overlap,Q3,Q3,BUY,0,0,0.0,0.0,1.0,1.0,False,0/3,0.0,0.0,0.0
ob_retest,USD_JPY,overlap,Q3,Q3,SELL,0,0,0.0,0.0,1.0,1.0,False,0/3,0.0,0.0,0.0
ob_retest,USD_JPY,overlap,Q3,Q4,BUY,0,0,0.0,0.0,1.0,1.0,False,0/3,0.0,0.0,0.0
ob_retest,USD_JPY,overlap,Q3,Q4,SELL,0,0,0.0,0.0,1.0,1.0,False,0/3,0.0,0.0,0.0
ob_retest,USD_JPY,overlap,Q4,Q1,BUY,0,0,0.0,0.0,1.0,1.0,False,0/3,0.0,0.0,0.0
ob_retest,USD_JPY,overlap,Q4,Q1,SELL,0,0,0.0,0.0,1.0,1.0,False,0/3,0.0,0.0,0.0
ob_retest,USD_JPY,overlap,Q4,Q2,BUY,0,0,0.0,0.0,1.0,1.0,False,0/3,0.0,0.0,0.0
ob_retest,USD_JPY,overlap,Q4,Q2,SELL,0,0,0.0,0.0,1.0,1.0,False,0/3,0.0,0.0,0.0
ob_retest,USD_JPY,overlap,Q4,Q3,BUY,0,0,0.0,0.0,1.0,1.0,False,0/3,0.0,0.0,0.0
ob_retest,USD_JPY,overlap,Q4,Q3,SELL,0,0,0.0,0.0,1.0,1.0,False,0/3,0.0,0.0,0.0
ob_retest,USD_JPY,overlap,Q4,Q4,BUY,0,0,0.0,0.0,1.0,1.0,False,0/3,0.0,0.0,0.0
ob_retest,USD_JPY,overlap,Q4,Q4,SELL,0,0,0.0,0.0,1.0,1.0,False,0/3,0.0,0.0,0.0
ob_retest,EUR_USD,tokyo,Q1,Q1,BUY,0,0,0.0,0.0,1.0,1.0,False,0/3,0.0,0.0,0.0
ob_retest,EUR_USD,tokyo,Q1,Q1,SELL,0,0,0.0,0.0,1.0,1.0,False,0/3,0.0,0.0,0.0
ob_retest,EUR_USD,tokyo,Q1,Q2,BUY,0,0,0.0,0.0,1.0,1.0,False,0/3,0.0,0.0,0.0
ob_retest,EUR_USD,tokyo,Q1,Q2,SELL,0,0,0.0,0.0,1.0,1.0,False,0/3,0.0,0.0,0.0
ob_retest,EUR_USD,tokyo,Q1,Q3,BUY,0,0,0.0,0.0,1.0,1.0,False,0/3,0.0,0.0,0.0
ob_retest,EUR_USD,tokyo,Q1,Q3,SELL,0,0,0.0,0.0,1.0,1.0,False,0/3,0.0,0.0,0.0
ob_retest,EUR_USD,tokyo,Q1,Q4,BUY,0,0,0.0,0.0,1.0,1.0,False,0/3,0.0,0.0,0.0
ob_retest,EUR_USD,tokyo,Q1,Q4,SELL,0,0,0.0,0.0,1.0,1.0,False,0/3,0.0,0.0,0.0
ob_retest,EUR_USD,tokyo,Q2,Q1,BUY,0,0,0.0,0.0,1.0,1.0,False,0/3,0.0,0.0,0.0
ob_retest,EUR_USD,tokyo,Q2,Q1,SELL,0,0,0.0,0.0,1.0,1.0,False,0/3,0.0,0.0,0.0
ob_retest,EUR_USD,tokyo,Q2,Q2,BUY,0,0,0.0,0.0,1.0,1.0,False,0/3,0.0,0.0,0.0
ob_retest,EUR_USD,tokyo,Q2,Q2,SELL,0,0,0.0,0.0,1.0,1.0,False,0/3,0.0,0.0,0.0
ob_retest,EUR_USD,tokyo,Q2,Q3,BUY,0,0,0.0,0.0,1.0,1.0,False,0/3,0.0,0.0,0.0
ob_retest,EUR_USD,tokyo,Q2,Q3,SELL,0,0,0.0,0.0,1.0,1.0,False,0/3,0.0,0.0,0.0
ob_retest,EUR_USD,tokyo,Q2,Q4,BUY,0,0,0.0,0.0,1.0,1.0,False,0/3,0.0,0.0,0.0
ob_retest,EUR_USD,tokyo,Q2,Q4,SELL,0,0,0.0,0.0,1.0,1.0,False,0/3,0.0,0.0,0.0
ob_retest,EUR_USD,tokyo,Q3,Q1,BUY,0,0,0.0,0.0,1.0,1.0,False,0/3,0.0,0.0,0.0
ob_retest,EUR_USD,tokyo,Q3,Q1,SELL,0,0,0.0,0.0,1.0,1.0,False,0/3,0.0,0.0,0.0
ob_retest,EUR_USD,tokyo,Q3,Q2,BUY,0,0,0.0,0.0,1.0,1.0,False,0/3,0.0,0.0,0.0
ob_retest,EUR_USD,tokyo,Q3,Q2,SELL,0,0,0.0,0.0,1.0,1.0,False,0/3,0.0,0.0,0.0
ob_retest,EUR_USD,tokyo,Q3,Q3,BUY,0,0,0.0,0.0,1.0,1.0,False,0/3,0.0,0.0,0.0
ob_retest,EUR_USD,tokyo,Q3,Q3,SELL,0,0,0.0,0.0,1.0,1.0,False,0/3,0.0,0.0,0.0
ob_retest,EUR_USD,tokyo,Q3,Q4,BUY,0,0,0.0,0.0,1.0,1.0,False,0/3,0.0,0.0,0.0
ob_retest,EUR_USD,tokyo,Q3,Q4,SELL,0,0,0.0,0.0,1.0,1.0,False,0/3,0.0,0.0,0.0
ob_retest,EUR_USD,tokyo,Q4,Q1,BUY,0,0,0.0,0.0,1.0,1.0,False,0/3,0.0,0.0,0.0
ob_retest,EUR_USD,tokyo,Q4,Q1,SELL,0,0,0.0,0.0,1.0,1.0,False,0/3,0.0,0.0,0.0
ob_retest,EUR_USD,tokyo,Q4,Q2,BUY,0,0,0.0,0.0,1.0,1.0,False,0/3,0.0,0.0,0.0
ob_retest,EUR_USD,tokyo,Q4,Q2,SELL,0,0,0.0,0.0,1.0,1.0,False,0/3,0.0,0.0,0.0
ob_retest,EUR_USD,tokyo,Q4,Q3,BUY,0,0,0.0,0.0,1.0,1.0,False,0/3,0.0,0.0,0.0
ob_retest,EUR_USD,tokyo,Q4,Q3,SELL,0,0,0.0,0.0,1.0,1.0,False,0/3,0.0,0.0,0.0
ob_retest,EUR_USD,tokyo,Q4,Q4,BUY,0,0,0.0,0.0,1.0,1.0,False,0/3,0.0,0.0,0.0
ob_retest,EUR_USD,tokyo,Q4,Q4,SELL,0,0,0.0,0.0,1.0,1.0,False,0/3,0.0,0.0,0.0
ob_retest,EUR_USD,london,Q1,Q1,BUY,0,0,0.0,0.0,1.0,1.0,False,0/3,0.0,0.0,0.0
ob_retest,EUR_USD,london,Q1,Q1,SELL,0,0,0.0,0.0,1.0,1.0,False,0/3,0.0,0.0,0.0
ob_retest,EUR_USD,london,Q1,Q2,BUY,0,0,0.0,0.0,1.0,1.0,False,0/3,0.0,0.0,0.0
ob_retest,EUR_USD,london,Q1,Q2,SELL,0,0,0.0,0.0,1.0,1.0,False,0/3,0.0,0.0,0.0
ob_retest,EUR_USD,london,Q1,Q3,BUY,0,0,0.0,0.0,1.0,1.0,False,0/3,0.0,0.0,0.0
ob_retest,EUR_USD,london,Q1,Q3,SELL,0,0,0.0,0.0,1.0,1.0,False,0/3,0.0,0.0,0.0
ob_retest,EUR_USD,london,Q1,Q4,BUY,0,0,0.0,0.0,1.0,1.0,False,0/3,0.0,0.0,0.0
ob_retest,EUR_USD,london,Q1,Q4,SELL,0,0,0.0,0.0,1.0,1.0,False,0/3,0.0,0.0,0.0
ob_retest,EUR_USD,london,Q2,Q1,BUY,0,0,0.0,0.0,1.0,1.0,False,0/3,0.0,0.0,0.0
ob_retest,EUR_USD,london,Q2,Q1,SELL,0,0,0.0,0.0,1.0,1.0,False,0/3,0.0,0.0,0.0
ob_retest,EUR_USD,london,Q2,Q2,BUY,0,0,0.0,0.0,1.0,1.0,False,0/3,0.0,0.0,0.0
ob_retest,EUR_USD,london,Q2,Q2,SELL,0,0,0.0,0.0,1.0,1.0,False,0/3,0.0,0.0,0.0
ob_retest,EUR_USD,london,Q2,Q3,BUY,0,0,0.0,0.0,1.0,1.0,False,0/3,0.0,0.0,0.0
ob_retest,EUR_USD,london,Q2,Q3,SELL,0,0,0.0,0.0,1.0,1.0,False,0/3,0.0,0.0,0.0
ob_retest,EUR_USD,london,Q2,Q4,BUY,0,0,0.0,0.0,1.0,1.0,False,0/3,0.0,0.0,0.0
ob_retest,EUR_USD,london,Q2,Q4,SELL,0,0,0.0,0.0,1.0,1.0,False,0/3,0.0,0.0,0.0
ob_retest,EUR_USD,london,Q3,Q1,BUY,0,0,0.0,0.0,1.0,1.0,False,0/3,0.0,0.0,0.0
ob_retest,EUR_USD,london,Q3,Q1,SELL,0,0,0.0,0.0,1.0,1.0,False,0/3,0.0,0.0,0.0
ob_retest,EUR_USD,london,Q3,Q2,BUY,0,0,0.0,0.0,1.0,1.0,False,0/3,0.0,0.0,0.0
ob_retest,EUR_USD,london,Q3,Q2,SELL,0,0,0.0,0.0,1.0,1.0,False,0/3,0.0,0.0,0.0
ob_retest,EUR_USD,london,Q3,Q3,BUY,0,0,0.0,0.0,1.0,1.0,False,0/3,0.0,0.0,0.0
ob_retest,EUR_USD,london,Q3,Q3,SELL,0,0,0.0,0.0,1.0,1.0,False,0/3,0.0,0.0,0.0
ob_retest,EUR_USD,london,Q3,Q4,BUY,0,0,0.0,0.0,1.0,1.0,False,0/3,0.0,0.0,0.0
ob_retest,EUR_USD,london,Q3,Q4,SELL,0,0,0.0,0.0,1.0,1.0,False,0/3,0.0,0.0,0.0
ob_retest,EUR_USD,london,Q4,Q1,BUY,0,0,0.0,0.0,1.0,1.0,False,0/3,0.0,0.0,0.0
ob_retest,EUR_USD,london,Q4,Q1,SELL,0,0,0.0,0.0,1.0,1.0,False,0/3,0.0,0.0,0.0
ob_retest,EUR_USD,london,Q4,Q2,BUY,0,0,0.0,0.0,1.0,1.0,False,0/3,0.0,0.0,0.0
ob_retest,EUR_USD,london,Q4,Q2,SELL,0,0,0.0,0.0,1.0,1.0,False,0/3,0.0,0.0,0.0
ob_retest,EUR_USD,london,Q4,Q3,BUY,0,0,0.0,0.0,1.0,1.0,False,0/3,0.0,0.0,0.0
ob_retest,EUR_USD,london,Q4,Q3,SELL,0,0,0.0,0.0,1.0,1.0,False,0/3,0.0,0.0,0.0
ob_retest,EUR_USD,london,Q4,Q4,BUY,0,0,0.0,0.0,1.0,1.0,False,0/3,0.0,0.0,0.0
ob_retest,EUR_USD,london,Q4,Q4,SELL,0,0,0.0,0.0,1.0,1.0,False,0/3,0.0,0.0,0.0
ob_retest,EUR_USD,ny,Q1,Q1,BUY,0,0,0.0,0.0,1.0,1.0,False,0/3,0.0,0.0,0.0
ob_retest,EUR_USD,ny,Q1,Q1,SELL,0,0,0.0,0.0,1.0,1.0,False,0/3,0.0,0.0,0.0
ob_retest,EUR_USD,ny,Q1,Q2,BUY,0,0,0.0,0.0,1.0,1.0,False,0/3,0.0,0.0,0.0
ob_retest,EUR_USD,ny,Q1,Q2,SELL,0,0,0.0,0.0,1.0,1.0,False,0/3,0.0,0.0,0.0
ob_retest,EUR_USD,ny,Q1,Q3,BUY,0,0,0.0,0.0,1.0,1.0,False,0/3,0.0,0.0,0.0
ob_retest,EUR_USD,ny,Q1,Q3,SELL,0,0,0.0,0.0,1.0,1.0,False,0/3,0.0,0.0,0.0
ob_retest,EUR_USD,ny,Q1,Q4,BUY,0,0,0.0,0.0,1.0,1.0,False,0/3,0.0,0.0,0.0
ob_retest,EUR_USD,ny,Q1,Q4,SELL,0,0,0.0,0.0,1.0,1.0,False,0/3,0.0,0.0,0.0
ob_retest,EUR_USD,ny,Q2,Q1,BUY,0,0,0.0,0.0,1.0,1.0,False,0/3,0.0,0.0,0.0
ob_retest,EUR_USD,ny,Q2,Q1,SELL,0,0,0.0,0.0,1.0,1.0,False,0/3,0.0,0.0,0.0
ob_retest,EUR_USD,ny,Q2,Q2,BUY,0,0,0.0,0.0,1.0,1.0,False,0/3,0.0,0.0,0.0
ob_retest,EUR_USD,ny,Q2,Q2,SELL,0,0,0.0,0.0,1.0,1.0,False,0/3,0.0,0.0,0.0
ob_retest,EUR_USD,ny,Q2,Q3,BUY,0,0,0.0,0.0,1.0,1.0,False,0/3,0.0,0.0,0.0
ob_retest,EUR_USD,ny,Q2,Q3,SELL,0,0,0.0,0.0,1.0,1.0,False,0/3,0.0,0.0,0.0
ob_retest,EUR_USD,ny,Q2,Q4,BUY,0,0,0.0,0.0,1.0,1.0,False,0/3,0.0,0.0,0.0
ob_retest,EUR_USD,ny,Q2,Q4,SELL,0,0,0.0,0.0,1.0,1.0,False,0/3,0.0,0.0,0.0
ob_retest,EUR_USD,ny,Q3,Q1,BUY,0,0,0.0,0.0,1.0,1.0,False,0/3,0.0,0.0,0.0
ob_retest,EUR_USD,ny,Q3,Q1,SELL,0,0,0.0,0.0,1.0,1.0,False,0/3,0.0,0.0,0.0
ob_retest,EUR_USD,ny,Q3,Q2,BUY,0,0,0.0,0.0,1.0,1.0,False,0/3,0.0,0.0,0.0
ob_retest,EUR_USD,ny,Q3,Q2,SELL,0,0,0.0,0.0,1.0,1.0,False,0/3,0.0,0.0,0.0
ob_retest,EUR_USD,ny,Q3,Q3,BUY,0,0,0.0,0.0,1.0,1.0,False,0/3,0.0,0.0,0.0
ob_retest,EUR_USD,ny,Q3,Q3,SELL,0,0,0.0,0.0,1.0,1.0,False,0/3,0.0,0.0,0.0
ob_retest,EUR_USD,ny,Q3,Q4,BUY,0,0,0.0,0.0,1.0,1.0,False,0/3,0.0,0.0,0.0
ob_retest,EUR_USD,ny,Q3,Q4,SELL,0,0,0.0,0.0,1.0,1.0,False,0/3,0.0,0.0,0.0
ob_retest,EUR_USD,ny,Q4,Q1,BUY,0,0,0.0,0.0,1.0,1.0,False,0/3,0.0,0.0,0.0
ob_retest,EUR_USD,ny,Q4,Q1,SELL,0,0,0.0,0.0,1.0,1.0,False,0/3,0.0,0.0,0.0
ob_retest,EUR_USD,ny,Q4,Q2,BUY,0,0,0.0,0.0,1.0,1.0,False,0/3,0.0,0.0,0.0
ob_retest,EUR_USD,ny,Q4,Q2,SELL,0,0,0.0,0.0,1.0,1.0,False,0/3,0.0,0.0,0.0
ob_retest,EUR_USD,ny,Q4,Q3,BUY,0,0,0.0,0.0,1.0,1.0,False,0/3,0.0,0.0,0.0
ob_retest,EUR_USD,ny,Q4,Q3,SELL,0,0,0.0,0.0,1.0,1.0,False,0/3,0.0,0.0,0.0
ob_retest,EUR_USD,ny,Q4,Q4,BUY,0,0,0.0,0.0,1.0,1.0,False,0/3,0.0,0.0,0.0
ob_retest,EUR_USD,ny,Q4,Q4,SELL,0,0,0.0,0.0,1.0,1.0,False,0/3,0.0,0.0,0.0
ob_retest,EUR_USD,overlap,Q1,Q1,BUY,0,0,0.0,0.0,1.0,1.0,False,0/3,0.0,0.0,0.0
ob_retest,EUR_USD,overlap,Q1,Q1,SELL,0,0,0.0,0.0,1.0,1.0,False,0/3,0.0,0.0,0.0
ob_retest,EUR_USD,overlap,Q1,Q2,BUY,0,0,0.0,0.0,1.0,1.0,False,0/3,0.0,0.0,0.0
ob_retest,EUR_USD,overlap,Q1,Q2,SELL,0,0,0.0,0.0,1.0,1.0,False,0/3,0.0,0.0,0.0
ob_retest,EUR_USD,overlap,Q1,Q3,BUY,0,0,0.0,0.0,1.0,1.0,False,0/3,0.0,0.0,0.0
ob_retest,EUR_USD,overlap,Q1,Q3,SELL,0,0,0.0,0.0,1.0,1.0,False,0/3,0.0,0.0,0.0
ob_retest,EUR_USD,overlap,Q1,Q4,BUY,0,0,0.0,0.0,1.0,1.0,False,0/3,0.0,0.0,0.0
ob_retest,EUR_USD,overlap,Q1,Q4,SELL,0,0,0.0,0.0,1.0,1.0,False,0/3,0.0,0.0,0.0
ob_retest,EUR_USD,overlap,Q2,Q1,BUY,0,0,0.0,0.0,1.0,1.0,False,0/3,0.0,0.0,0.0
ob_retest,EUR_USD,overlap,Q2,Q1,SELL,0,0,0.0,0.0,1.0,1.0,False,0/3,0.0,0.0,0.0
ob_retest,EUR_USD,overlap,Q2,Q2,BUY,0,0,0.0,0.0,1.0,1.0,False,0/3,0.0,0.0,0.0
ob_retest,EUR_USD,overlap,Q2,Q2,SELL,0,0,0.0,0.0,1.0,1.0,False,0/3,0.0,0.0,0.0
ob_retest,EUR_USD,overlap,Q2,Q3,BUY,0,0,0.0,0.0,1.0,1.0,False,0/3,0.0,0.0,0.0
ob_retest,EUR_USD,overlap,Q2,Q3,SELL,0,0,0.0,0.0,1.0,1.0,False,0/3,0.0,0.0,0.0
ob_retest,EUR_USD,overlap,Q2,Q4,BUY,0,0,0.0,0.0,1.0,1.0,False,0/3,0.0,0.0,0.0
ob_retest,EUR_USD,overlap,Q2,Q4,SELL,0,0,0.0,0.0,1.0,1.0,False,0/3,0.0,0.0,0.0
ob_retest,EUR_USD,overlap,Q3,Q1,BUY,0,0,0.0,0.0,1.0,1.0,False,0/3,0.0,0.0,0.0
ob_retest,EUR_USD,overlap,Q3,Q1,SELL,0,0,0.0,0.0,1.0,1.0,False,0/3,0.0,0.0,0.0
ob_retest,EUR_USD,overlap,Q3,Q2,BUY,0,0,0.0,0.0,1.0,1.0,False,0/3,0.0,0.0,0.0
ob_retest,EUR_USD,overlap,Q3,Q2,SELL,0,0,0.0,0.0,1.0,1.0,False,0/3,0.0,0.0,0.0
ob_retest,EUR_USD,overlap,Q3,Q3,BUY,0,0,0.0,0.0,1.0,1.0,False,0/3,0.0,0.0,0.0
ob_retest,EUR_USD,overlap,Q3,Q3,SELL,0,0,0.0,0.0,1.0,1.0,False,0/3,0.0,0.0,0.0
ob_retest,EUR_USD,overlap,Q3,Q4,BUY,0,0,0.0,0.0,1.0,1.0,False,0/3,0.0,0.0,0.0
ob_retest,EUR_USD,overlap,Q3,Q4,SELL,0,0,0.0,0.0,1.0,1.0,False,0/3,0.0,0.0,0.0
ob_retest,EUR_USD,overlap,Q4,Q1,BUY,0,0,0.0,0.0,1.0,1.0,False,0/3,0.0,0.0,0.0
ob_retest,EUR_USD,overlap,Q4,Q1,SELL,0,0,0.0,0.0,1.0,1.0,False,0/3,0.0,0.0,0.0
ob_retest,EUR_USD,overlap,Q4,Q2,BUY,0,0,0.0,0.0,1.0,1.0,False,0/3,0.0,0.0,0.0
ob_retest,EUR_USD,overlap,Q4,Q2,SELL,0,0,0.0,0.0,1.0,1.0,False,0/3,0.0,0.0,0.0
ob_retest,EUR_USD,overlap,Q4,Q3,BUY,0,0,0.0,0.0,1.0,1.0,False,0/3,0.0,0.0,0.0
ob_retest,EUR_USD,overlap,Q4,Q3,SELL,0,0,0.0,0.0,1.0,1.0,False,0/3,0.0,0.0,0.0
ob_retest,EUR_USD,overlap,Q4,Q4,BUY,0,0,0.0,0.0,1.0,1.0,False,0/3,0.0,0.0,0.0
ob_retest,EUR_USD,overlap,Q4,Q4,SELL,0,0,0.0,0.0,1.0,1.0,False,0/3,0.0,0.0,0.0
ob_retest,GBP_USD,tokyo,Q1,Q1,BUY,0,0,0.0,0.0,1.0,1.0,False,0/3,0.0,0.0,0.0
ob_retest,GBP_USD,tokyo,Q1,Q1,SELL,0,0,0.0,0.0,1.0,1.0,False,0/3,0.0,0.0,0.0
ob_retest,GBP_USD,tokyo,Q1,Q2,BUY,0,0,0.0,0.0,1.0,1.0,False,0/3,0.0,0.0,0.0
ob_retest,GBP_USD,tokyo,Q1,Q2,SELL,0,0,0.0,0.0,1.0,1.0,False,0/3,0.0,0.0,0.0
ob_retest,GBP_USD,tokyo,Q1,Q3,BUY,0,0,0.0,0.0,1.0,1.0,False,0/3,0.0,0.0,0.0
ob_retest,GBP_USD,tokyo,Q1,Q3,SELL,0,0,0.0,0.0,1.0,1.0,False,0/3,0.0,0.0,0.0
ob_retest,GBP_USD,tokyo,Q1,Q4,BUY,0,0,0.0,0.0,1.0,1.0,False,0/3,0.0,0.0,0.0
ob_retest,GBP_USD,tokyo,Q1,Q4,SELL,0,0,0.0,0.0,1.0,1.0,False,0/3,0.0,0.0,0.0
ob_retest,GBP_USD,tokyo,Q2,Q1,BUY,0,0,0.0,0.0,1.0,1.0,False,0/3,0.0,0.0,0.0
ob_retest,GBP_USD,tokyo,Q2,Q1,SELL,0,0,0.0,0.0,1.0,1.0,False,0/3,0.0,0.0,0.0
ob_retest,GBP_USD,tokyo,Q2,Q2,BUY,0,0,0.0,0.0,1.0,1.0,False,0/3,0.0,0.0,0.0
ob_retest,GBP_USD,tokyo,Q2,Q2,SELL,0,0,0.0,0.0,1.0,1.0,False,0/3,0.0,0.0,0.0
ob_retest,GBP_USD,tokyo,Q2,Q3,BUY,0,0,0.0,0.0,1.0,1.0,False,0/3,0.0,0.0,0.0
ob_retest,GBP_USD,tokyo,Q2,Q3,SELL,0,0,0.0,0.0,1.0,1.0,False,0/3,0.0,0.0,0.0
ob_retest,GBP_USD,tokyo,Q2,Q4,BUY,0,0,0.0,0.0,1.0,1.0,False,0/3,0.0,0.0,0.0
ob_retest,GBP_USD,tokyo,Q2,Q4,SELL,0,0,0.0,0.0,1.0,1.0,False,0/3,0.0,0.0,0.0
ob_retest,GBP_USD,tokyo,Q3,Q1,BUY,0,0,0.0,0.0,1.0,1.0,False,0/3,0.0,0.0,0.0
ob_retest,GBP_USD,tokyo,Q3,Q1,SELL,0,0,0.0,0.0,1.0,1.0,False,0/3,0.0,0.0,0.0
ob_retest,GBP_USD,tokyo,Q3,Q2,BUY,0,0,0.0,0.0,1.0,1.0,False,0/3,0.0,0.0,0.0
ob_retest,GBP_USD,tokyo,Q3,Q2,SELL,0,0,0.0,0.0,1.0,1.0,False,0/3,0.0,0.0,0.0
ob_retest,GBP_USD,tokyo,Q3,Q3,BUY,0,0,0.0,0.0,1.0,1.0,False,0/3,0.0,0.0,0.0
ob_retest,GBP_USD,tokyo,Q3,Q3,SELL,0,0,0.0,0.0,1.0,1.0,False,0/3,0.0,0.0,0.0
ob_retest,GBP_USD,tokyo,Q3,Q4,BUY,0,0,0.0,0.0,1.0,1.0,False,0/3,0.0,0.0,0.0
ob_retest,GBP_USD,tokyo,Q3,Q4,SELL,0,0,0.0,0.0,1.0,1.0,False,0/3,0.0,0.0,0.0
ob_retest,GBP_USD,tokyo,Q4,Q1,BUY,0,0,0.0,0.0,1.0,1.0,False,0/3,0.0,0.0,0.0
ob_retest,GBP_USD,tokyo,Q4,Q1,SELL,0,0,0.0,0.0,1.0,1.0,False,0/3,0.0,0.0,0.0
ob_retest,GBP_USD,tokyo,Q4,Q2,BUY,0,0,0.0,0.0,1.0,1.0,False,0/3,0.0,0.0,0.0
ob_retest,GBP_USD,tokyo,Q4,Q2,SELL,0,0,0.0,0.0,1.0,1.0,False,0/3,0.0,0.0,0.0
ob_retest,GBP_USD,tokyo,Q4,Q3,BUY,0,0,0.0,0.0,1.0,1.0,False,0/3,0.0,0.0,0.0
ob_retest,GBP_USD,tokyo,Q4,Q3,SELL,0,0,0.0,0.0,1.0,1.0,False,0/3,0.0,0.0,0.0
ob_retest,GBP_USD,tokyo,Q4,Q4,BUY,0,0,0.0,0.0,1.0,1.0,False,0/3,0.0,0.0,0.0
ob_retest,GBP_USD,tokyo,Q4,Q4,SELL,0,0,0.0,0.0,1.0,1.0,False,0/3,0.0,0.0,0.0
ob_retest,GBP_USD,london,Q1,Q1,BUY,0,0,0.0,0.0,1.0,1.0,False,0/3,0.0,0.0,0.0
ob_retest,GBP_USD,london,Q1,Q1,SELL,0,0,0.0,0.0,1.0,1.0,False,0/3,0.0,0.0,0.0
ob_retest,GBP_USD,london,Q1,Q2,BUY,0,0,0.0,0.0,1.0,1.0,False,0/3,0.0,0.0,0.0
ob_retest,GBP_USD,london,Q1,Q2,SELL,0,0,0.0,0.0,1.0,1.0,False,0/3,0.0,0.0,0.0
ob_retest,GBP_USD,london,Q1,Q3,BUY,0,0,0.0,0.0,1.0,1.0,False,0/3,0.0,0.0,0.0
ob_retest,GBP_USD,london,Q1,Q3,SELL,0,0,0.0,0.0,1.0,1.0,False,0/3,0.0,0.0,0.0
ob_retest,GBP_USD,london,Q1,Q4,BUY,0,0,0.0,0.0,1.0,1.0,False,0/3,0.0,0.0,0.0
ob_retest,GBP_USD,london,Q1,Q4,SELL,0,0,0.0,0.0,1.0,1.0,False,0/3,0.0,0.0,0.0
ob_retest,GBP_USD,london,Q2,Q1,BUY,0,0,0.0,0.0,1.0,1.0,False,0/3,0.0,0.0,0.0
ob_retest,GBP_USD,london,Q2,Q1,SELL,0,0,0.0,0.0,1.0,1.0,False,0/3,0.0,0.0,0.0
ob_retest,GBP_USD,london,Q2,Q2,BUY,0,0,0.0,0.0,1.0,1.0,False,0/3,0.0,0.0,0.0
ob_retest,GBP_USD,london,Q2,Q2,SELL,0,0,0.0,0.0,1.0,1.0,False,0/3,0.0,0.0,0.0
ob_retest,GBP_USD,london,Q2,Q3,BUY,0,0,0.0,0.0,1.0,1.0,False,0/3,0.0,0.0,0.0
ob_retest,GBP_USD,london,Q2,Q3,SELL,0,0,0.0,0.0,1.0,1.0,False,0/3,0.0,0.0,0.0
ob_retest,GBP_USD,london,Q2,Q4,BUY,0,0,0.0,0.0,1.0,1.0,False,0/3,0.0,0.0,0.0
ob_retest,GBP_USD,london,Q2,Q4,SELL,0,0,0.0,0.0,1.0,1.0,False,0/3,0.0,0.0,0.0
ob_retest,GBP_USD,london,Q3,Q1,BUY,0,0,0.0,0.0,1.0,1.0,False,0/3,0.0,0.0,0.0
ob_retest,GBP_USD,london,Q3,Q1,SELL,9,5,0.5555555555555556,0.26664734574402965,0.06345579538753611,1.0,False,2/3,0.011750329009212246,1.0441696113074204,0.2777777777777778
ob_retest,GBP_USD,london,Q3,Q2,BUY,0,0,0.0,0.0,1.0,1.0,False,0/3,0.0,0.0,0.0
ob_retest,GBP_USD,london,Q3,Q2,SELL,0,0,0.0,0.0,1.0,1.0,False,0/3,0.0,0.0,0.0
ob_retest,GBP_USD,london,Q3,Q3,BUY,0,0,0.0,0.0,1.0,1.0,False,0/3,0.0,0.0,0.0
ob_retest,GBP_USD,london,Q3,Q3,SELL,0,0,0.0,0.0,1.0,1.0,False,0/3,0.0,0.0,0.0
ob_retest,GBP_USD,london,Q3,Q4,BUY,0,0,0.0,0.0,1.0,1.0,False,0/3,0.0,0.0,0.0
ob_retest,GBP_USD,london,Q3,Q4,SELL,0,0,0.0,0.0,1.0,1.0,False,0/3,0.0,0.0,0.0
ob_retest,GBP_USD,london,Q4,Q1,BUY,0,0,0.0,0.0,1.0,1.0,False,0/3,0.0,0.0,0.0
ob_retest,GBP_USD,london,Q4,Q1,SELL,0,0,0.0,0.0,1.0,1.0,False,0/3,0.0,0.0,0.0
ob_retest,GBP_USD,london,Q4,Q2,BUY,0,0,0.0,0.0,1.0,1.0,False,0/3,0.0,0.0,0.0
ob_retest,GBP_USD,london,Q4,Q2,SELL,0,0,0.0,0.0,1.0,1.0,False,0/3,0.0,0.0,0.0
ob_retest,GBP_USD,london,Q4,Q3,BUY,0,0,0.0,0.0,1.0,1.0,False,0/3,0.0,0.0,0.0
ob_retest,GBP_USD,london,Q4,Q3,SELL,0,0,0.0,0.0,1.0,1.0,False,0/3,0.0,0.0,0.0
ob_retest,GBP_USD,london,Q4,Q4,BUY,0,0,0.0,0.0,1.0,1.0,False,0/3,0.0,0.0,0.0
ob_retest,GBP_USD,london,Q4,Q4,SELL,0,0,0.0,0.0,1.0,1.0,False,0/3,0.0,0.0,0.0
ob_retest,GBP_USD,ny,Q1,Q1,BUY,0,0,0.0,0.0,1.0,1.0,False,0/3,0.0,0.0,0.0
ob_retest,GBP_USD,ny,Q1,Q1,SELL,0,0,0.0,0.0,1.0,1.0,False,0/3,0.0,0.0,0.0
ob_retest,GBP_USD,ny,Q1,Q2,BUY,0,0,0.0,0.0,1.0,1.0,False,0/3,0.0,0.0,0.0
ob_retest,GBP_USD,ny,Q1,Q2,SELL,0,0,0.0,0.0,1.0,1.0,False,0/3,0.0,0.0,0.0
ob_retest,GBP_USD,ny,Q1,Q3,BUY,0,0,0.0,0.0,1.0,1.0,False,0/3,0.0,0.0,0.0
ob_retest,GBP_USD,ny,Q1,Q3,SELL,0,0,0.0,0.0,1.0,1.0,False,0/3,0.0,0.0,0.0
ob_retest,GBP_USD,ny,Q1,Q4,BUY,0,0,0.0,0.0,1.0,1.0,False,0/3,0.0,0.0,0.0
ob_retest,GBP_USD,ny,Q1,Q4,SELL,0,0,0.0,0.0,1.0,1.0,False,0/3,0.0,0.0,0.0
ob_retest,GBP_USD,ny,Q2,Q1,BUY,0,0,0.0,0.0,1.0,1.0,False,0/3,0.0,0.0,0.0
ob_retest,GBP_USD,ny,Q2,Q1,SELL,0,0,0.0,0.0,1.0,1.0,False,0/3,0.0,0.0,0.0
ob_retest,GBP_USD,ny,Q2,Q2,BUY,0,0,0.0,0.0,1.0,1.0,False,0/3,0.0,0.0,0.0
ob_retest,GBP_USD,ny,Q2,Q2,SELL,0,0,0.0,0.0,1.0,1.0,False,0/3,0.0,0.0,0.0
ob_retest,GBP_USD,ny,Q2,Q3,BUY,0,0,0.0,0.0,1.0,1.0,False,0/3,0.0,0.0,0.0
ob_retest,GBP_USD,ny,Q2,Q3,SELL,0,0,0.0,0.0,1.0,1.0,False,0/3,0.0,0.0,0.0
ob_retest,GBP_USD,ny,Q2,Q4,BUY,0,0,0.0,0.0,1.0,1.0,False,0/3,0.0,0.0,0.0
ob_retest,GBP_USD,ny,Q2,Q4,SELL,0,0,0.0,0.0,1.0,1.0,False,0/3,0.0,0.0,0.0
ob_retest,GBP_USD,ny,Q3,Q1,BUY,0,0,0.0,0.0,1.0,1.0,False,0/3,0.0,0.0,0.0
ob_retest,GBP_USD,ny,Q3,Q1,SELL,0,0,0.0,0.0,1.0,1.0,False,0/3,0.0,0.0,0.0
ob_retest,GBP_USD,ny,Q3,Q2,BUY,0,0,0.0,0.0,1.0,1.0,False,0/3,0.0,0.0,0.0
ob_retest,GBP_USD,ny,Q3,Q2,SELL,0,0,0.0,0.0,1.0,1.0,False,0/3,0.0,0.0,0.0
ob_retest,GBP_USD,ny,Q3,Q3,BUY,0,0,0.0,0.0,1.0,1.0,False,0/3,0.0,0.0,0.0
ob_retest,GBP_USD,ny,Q3,Q3,SELL,0,0,0.0,0.0,1.0,1.0,False,0/3,0.0,0.0,0.0
ob_retest,GBP_USD,ny,Q3,Q4,BUY,0,0,0.0,0.0,1.0,1.0,False,0/3,0.0,0.0,0.0
ob_retest,GBP_USD,ny,Q3,Q4,SELL,0,0,0.0,0.0,1.0,1.0,False,0/3,0.0,0.0,0.0
ob_retest,GBP_USD,ny,Q4,Q1,BUY,0,0,0.0,0.0,1.0,1.0,False,0/3,0.0,0.0,0.0
ob_retest,GBP_USD,ny,Q4,Q1,SELL,0,0,0.0,0.0,1.0,1.0,False,0/3,0.0,0.0,0.0
ob_retest,GBP_USD,ny,Q4,Q2,BUY,0,0,0.0,0.0,1.0,1.0,False,0/3,0.0,0.0,0.0
ob_retest,GBP_USD,ny,Q4,Q2,SELL,0,0,0.0,0.0,1.0,1.0,False,0/3,0.0,0.0,0.0
ob_retest,GBP_USD,ny,Q4,Q3,BUY,0,0,0.0,0.0,1.0,1.0,False,0/3,0.0,0.0,0.0
ob_retest,GBP_USD,ny,Q4,Q3,SELL,0,0,0.0,0.0,1.0,1.0,False,0/3,0.0,0.0,0.0
ob_retest,GBP_USD,ny,Q4,Q4,BUY,0,0,0.0,0.0,1.0,1.0,False,0/3,0.0,0.0,0.0
ob_retest,GBP_USD,ny,Q4,Q4,SELL,0,0,0.0,0.0,1.0,1.0,False,0/3,0.0,0.0,0.0
ob_retest,GBP_USD,overlap,Q1,Q1,BUY,0,0,0.0,0.0,1.0,1.0,False,0/3,0.0,0.0,0.0
ob_retest,GBP_USD,overlap,Q1,Q1,SELL,0,0,0.0,0.0,1.0,1.0,False,0/3,0.0,0.0,0.0
ob_retest,GBP_USD,overlap,Q1,Q2,BUY,0,0,0.0,0.0,1.0,1.0,False,0/3,0.0,0.0,0.0
ob_retest,GBP_USD,overlap,Q1,Q2,SELL,0,0,0.0,0.0,1.0,1.0,False,0/3,0.0,0.0,0.0
ob_retest,GBP_USD,overlap,Q1,Q3,BUY,0,0,0.0,0.0,1.0,1.0,False,0/3,0.0,0.0,0.0
ob_retest,GBP_USD,overlap,Q1,Q3,SELL,0,0,0.0,0.0,1.0,1.0,False,0/3,0.0,0.0,0.0
ob_retest,GBP_USD,overlap,Q1,Q4,BUY,0,0,0.0,0.0,1.0,1.0,False,0/3,0.0,0.0,0.0
ob_retest,GBP_USD,overlap,Q1,Q4,SELL,0,0,0.0,0.0,1.0,1.0,False,0/3,0.0,0.0,0.0
ob_retest,GBP_USD,overlap,Q2,Q1,BUY,0,0,0.0,0.0,1.0,1.0,False,0/3,0.0,0.0,0.0
ob_retest,GBP_USD,overlap,Q2,Q1,SELL,0,0,0.0,0.0,1.0,1.0,False,0/3,0.0,0.0,0.0
ob_retest,GBP_USD,overlap,Q2,Q2,BUY,0,0,0.0,0.0,1.0,1.0,False,0/3,0.0,0.0,0.0
ob_retest,GBP_USD,overlap,Q2,Q2,SELL,0,0,0.0,0.0,1.0,1.0,False,0/3,0.0,0.0,0.0
ob_retest,GBP_USD,overlap,Q2,Q3,BUY,0,0,0.0,0.0,1.0,1.0,False,0/3,0.0,0.0,0.0
ob_retest,GBP_USD,overlap,Q2,Q3,SELL,0,0,0.0,0.0,1.0,1.0,False,0/3,0.0,0.0,0.0
ob_retest,GBP_USD,overlap,Q2,Q4,BUY,0,0,0.0,0.0,1.0,1.0,False,0/3,0.0,0.0,0.0
ob_retest,GBP_USD,overlap,Q2,Q4,SELL,0,0,0.0,0.0,1.0,1.0,False,0/3,0.0,0.0,0.0
ob_retest,GBP_USD,overlap,Q3,Q1,BUY,0,0,0.0,0.0,1.0,1.0,False,0/3,0.0,0.0,0.0
ob_retest,GBP_USD,overlap,Q3,Q1,SELL,5,2,0.4,0.11761823115925325,0.4035574655951763,1.0,False,1/3,0.015094339622641506,1.0816326530612244,0.6399999999999999
ob_retest,GBP_USD,overlap,Q3,Q2,BUY,0,0,0.0,0.0,1.0,1.0,False,0/3,0.0,0.0,0.0
ob_retest,GBP_USD,overlap,Q3,Q2,SELL,0,0,0.0,0.0,1.0,1.0,False,0/3,0.0,0.0,0.0
ob_retest,GBP_USD,overlap,Q3,Q3,BUY,0,0,0.0,0.0,1.0,1.0,False,0/3,0.0,0.0,0.0
ob_retest,GBP_USD,overlap,Q3,Q3,SELL,0,0,0.0,0.0,1.0,1.0,False,0/3,0.0,0.0,0.0
ob_retest,GBP_USD,overlap,Q3,Q4,BUY,0,0,0.0,0.0,1.0,1.0,False,0/3,0.0,0.0,0.0
ob_retest,GBP_USD,overlap,Q3,Q4,SELL,0,0,0.0,0.0,1.0,1.0,False,0/3,0.0,0.0,0.0
ob_retest,GBP_USD,overlap,Q4,Q1,BUY,0,0,0.0,0.0,1.0,1.0,False,0/3,0.0,0.0,0.0
ob_retest,GBP_USD,overlap,Q4,Q1,SELL,0,0,0.0,0.0,1.0,1.0,False,0/3,0.0,0.0,0.0
ob_retest,GBP_USD,overlap,Q4,Q2,BUY,0,0,0.0,0.0,1.0,1.0,False,0/3,0.0,0.0,0.0
ob_retest,GBP_USD,overlap,Q4,Q2,SELL,0,0,0.0,0.0,1.0,1.0,False,0/3,0.0,0.0,0.0
ob_retest,GBP_USD,overlap,Q4,Q3,BUY,0,0,0.0,0.0,1.0,1.0,False,0/3,0.0,0.0,0.0
ob_retest,GBP_USD,overlap,Q4,Q3,SELL,0,0,0.0,0.0,1.0,1.0,False,0/3,0.0,0.0,0.0
ob_retest,GBP_USD,overlap,Q4,Q4,BUY,0,0,0.0,0.0,1.0,1.0,False,0/3,0.0,0.0,0.0
ob_retest,GBP_USD,overlap,Q4,Q4,SELL,0,0,0.0,0.0,1.0,1.0,False,0/3,0.0,0.0,0.0
ob_retest,EUR_JPY,tokyo,Q1,Q1,BUY,0,0,0.0,0.0,1.0,1.0,False,0/3,0.0,0.0,0.0
ob_retest,EUR_JPY,tokyo,Q1,Q1,SELL,0,0,0.0,0.0,1.0,1.0,False,0/3,0.0,0.0,0.0
ob_retest,EUR_JPY,tokyo,Q1,Q2,BUY,0,0,0.0,0.0,1.0,1.0,False,0/3,0.0,0.0,0.0
ob_retest,EUR_JPY,tokyo,Q1,Q2,SELL,0,0,0.0,0.0,1.0,1.0,False,0/3,0.0,0.0,0.0
ob_retest,EUR_JPY,tokyo,Q1,Q3,BUY,0,0,0.0,0.0,1.0,1.0,False,0/3,0.0,0.0,0.0
ob_retest,EUR_JPY,tokyo,Q1,Q3,SELL,0,0,0.0,0.0,1.0,1.0,False,0/3,0.0,0.0,0.0
ob_retest,EUR_JPY,tokyo,Q1,Q4,BUY,0,0,0.0,0.0,1.0,1.0,False,0/3,0.0,0.0,0.0
ob_retest,EUR_JPY,tokyo,Q1,Q4,SELL,0,0,0.0,0.0,1.0,1.0,False,0/3,0.0,0.0,0.0
ob_retest,EUR_JPY,tokyo,Q2,Q1,BUY,0,0,0.0,0.0,1.0,1.0,False,0/3,0.0,0.0,0.0
ob_retest,EUR_JPY,tokyo,Q2,Q1,SELL,0,0,0.0,0.0,1.0,1.0,False,0/3,0.0,0.0,0.0
ob_retest,EUR_JPY,tokyo,Q2,Q2,BUY,0,0,0.0,0.0,1.0,1.0,False,0/3,0.0,0.0,0.0
ob_retest,EUR_JPY,tokyo,Q2,Q2,SELL,0,0,0.0,0.0,1.0,1.0,False,0/3,0.0,0.0,0.0
ob_retest,EUR_JPY,tokyo,Q2,Q3,BUY,0,0,0.0,0.0,1.0,1.0,False,0/3,0.0,0.0,0.0
ob_retest,EUR_JPY,tokyo,Q2,Q3,SELL,0,0,0.0,0.0,1.0,1.0,False,0/3,0.0,0.0,0.0
ob_retest,EUR_JPY,tokyo,Q2,Q4,BUY,0,0,0.0,0.0,1.0,1.0,False,0/3,0.0,0.0,0.0
ob_retest,EUR_JPY,tokyo,Q2,Q4,SELL,0,0,0.0,0.0,1.0,1.0,False,0/3,0.0,0.0,0.0
ob_retest,EUR_JPY,tokyo,Q3,Q1,BUY,0,0,0.0,0.0,1.0,1.0,False,0/3,0.0,0.0,0.0
ob_retest,EUR_JPY,tokyo,Q3,Q1,SELL,0,0,0.0,0.0,1.0,1.0,False,0/3,0.0,0.0,0.0
ob_retest,EUR_JPY,tokyo,Q3,Q2,BUY,0,0,0.0,0.0,1.0,1.0,False,0/3,0.0,0.0,0.0
ob_retest,EUR_JPY,tokyo,Q3,Q2,SELL,0,0,0.0,0.0,1.0,1.0,False,0/3,0.0,0.0,0.0
ob_retest,EUR_JPY,tokyo,Q3,Q3,BUY,0,0,0.0,0.0,1.0,1.0,False,0/3,0.0,0.0,0.0
ob_retest,EUR_JPY,tokyo,Q3,Q3,SELL,0,0,0.0,0.0,1.0,1.0,False,0/3,0.0,0.0,0.0
ob_retest,EUR_JPY,tokyo,Q3,Q4,BUY,0,0,0.0,0.0,1.0,1.0,False,0/3,0.0,0.0,0.0
ob_retest,EUR_JPY,tokyo,Q3,Q4,SELL,0,0,0.0,0.0,1.0,1.0,False,0/3,0.0,0.0,0.0
ob_retest,EUR_JPY,tokyo,Q4,Q1,BUY,0,0,0.0,0.0,1.0,1.0,False,0/3,0.0,0.0,0.0
ob_retest,EUR_JPY,tokyo,Q4,Q1,SELL,0,0,0.0,0.0,1.0,1.0,False,0/3,0.0,0.0,0.0
ob_retest,EUR_JPY,tokyo,Q4,Q2,BUY,0,0,0.0,0.0,1.0,1.0,False,0/3,0.0,0.0,0.0
ob_retest,EUR_JPY,tokyo,Q4,Q2,SELL,0,0,0.0,0.0,1.0,1.0,False,0/3,0.0,0.0,0.0
ob_retest,EUR_JPY,tokyo,Q4,Q3,BUY,0,0,0.0,0.0,1.0,1.0,False,0/3,0.0,0.0,0.0
ob_retest,EUR_JPY,tokyo,Q4,Q3,SELL,0,0,0.0,0.0,1.0,1.0,False,0/3,0.0,0.0,0.0
ob_retest,EUR_JPY,tokyo,Q4,Q4,BUY,0,0,0.0,0.0,1.0,1.0,False,0/3,0.0,0.0,0.0
ob_retest,EUR_JPY,tokyo,Q4,Q4,SELL,0,0,0.0,0.0,1.0,1.0,False,0/3,0.0,0.0,0.0
ob_retest,EUR_JPY,london,Q1,Q1,BUY,0,0,0.0,0.0,1.0,1.0,False,0/3,0.0,0.0,0.0
ob_retest,EUR_JPY,london,Q1,Q1,SELL,0,0,0.0,0.0,1.0,1.0,False,0/3,0.0,0.0,0.0
ob_retest,EUR_JPY,london,Q1,Q2,BUY,0,0,0.0,0.0,1.0,1.0,False,0/3,0.0,0.0,0.0
ob_retest,EUR_JPY,london,Q1,Q2,SELL,0,0,0.0,0.0,1.0,1.0,False,0/3,0.0,0.0,0.0
ob_retest,EUR_JPY,london,Q1,Q3,BUY,0,0,0.0,0.0,1.0,1.0,False,0/3,0.0,0.0,0.0
ob_retest,EUR_JPY,london,Q1,Q3,SELL,0,0,0.0,0.0,1.0,1.0,False,0/3,0.0,0.0,0.0
ob_retest,EUR_JPY,london,Q1,Q4,BUY,0,0,0.0,0.0,1.0,1.0,False,0/3,0.0,0.0,0.0
ob_retest,EUR_JPY,london,Q1,Q4,SELL,0,0,0.0,0.0,1.0,1.0,False,0/3,0.0,0.0,0.0
ob_retest,EUR_JPY,london,Q2,Q1,BUY,0,0,0.0,0.0,1.0,1.0,False,0/3,0.0,0.0,0.0
ob_retest,EUR_JPY,london,Q2,Q1,SELL,0,0,0.0,0.0,1.0,1.0,False,0/3,0.0,0.0,0.0
ob_retest,EUR_JPY,london,Q2,Q2,BUY,0,0,0.0,0.0,1.0,1.0,False,0/3,0.0,0.0,0.0
ob_retest,EUR_JPY,london,Q2,Q2,SELL,0,0,0.0,0.0,1.0,1.0,False,0/3,0.0,0.0,0.0
ob_retest,EUR_JPY,london,Q2,Q3,BUY,0,0,0.0,0.0,1.0,1.0,False,0/3,0.0,0.0,0.0
ob_retest,EUR_JPY,london,Q2,Q3,SELL,0,0,0.0,0.0,1.0,1.0,False,0/3,0.0,0.0,0.0
ob_retest,EUR_JPY,london,Q2,Q4,BUY,0,0,0.0,0.0,1.0,1.0,False,0/3,0.0,0.0,0.0
ob_retest,EUR_JPY,london,Q2,Q4,SELL,0,0,0.0,0.0,1.0,1.0,False,0/3,0.0,0.0,0.0
ob_retest,EUR_JPY,london,Q3,Q1,BUY,0,0,0.0,0.0,1.0,1.0,False,0/3,0.0,0.0,0.0
ob_retest,EUR_JPY,london,Q3,Q1,SELL,0,0,0.0,0.0,1.0,1.0,False,0/3,0.0,0.0,0.0
ob_retest,EUR_JPY,london,Q3,Q2,BUY,0,0,0.0,0.0,1.0,1.0,False,0/3,0.0,0.0,0.0
ob_retest,EUR_JPY,london,Q3,Q2,SELL,4,0,0.0,0.0,1.0,1.0,False,0/3,0.0,0.0,-13.25
ob_retest,EUR_JPY,london,Q3,Q3,BUY,0,0,0.0,0.0,1.0,1.0,False,0/3,0.0,0.0,0.0
ob_retest,EUR_JPY,london,Q3,Q3,SELL,0,0,0.0,0.0,1.0,1.0,False,0/3,0.0,0.0,0.0
ob_retest,EUR_JPY,london,Q3,Q4,BUY,0,0,0.0,0.0,1.0,1.0,False,0/3,0.0,0.0,0.0
ob_retest,EUR_JPY,london,Q3,Q4,SELL,0,0,0.0,0.0,1.0,1.0,False,0/3,0.0,0.0,0.0
ob_retest,EUR_JPY,london,Q4,Q1,BUY,0,0,0.0,0.0,1.0,1.0,False,0/3,0.0,0.0,0.0
ob_retest,EUR_JPY,london,Q4,Q1,SELL,0,0,0.0,0.0,1.0,1.0,False,0/3,0.0,0.0,0.0
ob_retest,EUR_JPY,london,Q4,Q2,BUY,0,0,0.0,0.0,1.0,1.0,False,0/3,0.0,0.0,0.0
ob_retest,EUR_JPY,london,Q4,Q2,SELL,0,0,0.0,0.0,1.0,1.0,False,0/3,0.0,0.0,0.0
ob_retest,EUR_JPY,london,Q4,Q3,BUY,0,0,0.0,0.0,1.0,1.0,False,0/3,0.0,0.0,0.0
ob_retest,EUR_JPY,london,Q4,Q3,SELL,0,0,0.0,0.0,1.0,1.0,False,0/3,0.0,0.0,0.0
ob_retest,EUR_JPY,london,Q4,Q4,BUY,0,0,0.0,0.0,1.0,1.0,False,0/3,0.0,0.0,0.0
ob_retest,EUR_JPY,london,Q4,Q4,SELL,0,0,0.0,0.0,1.0,1.0,False,0/3,0.0,0.0,0.0
ob_retest,EUR_JPY,ny,Q1,Q1,BUY,0,0,0.0,0.0,1.0,1.0,False,0/3,0.0,0.0,0.0
ob_retest,EUR_JPY,ny,Q1,Q1,SELL,0,0,0.0,0.0,1.0,1.0,False,0/3,0.0,0.0,0.0
ob_retest,EUR_JPY,ny,Q1,Q2,BUY,0,0,0.0,0.0,1.0,1.0,False,0/3,0.0,0.0,0.0
ob_retest,EUR_JPY,ny,Q1,Q2,SELL,0,0,0.0,0.0,1.0,1.0,False,0/3,0.0,0.0,0.0
ob_retest,EUR_JPY,ny,Q1,Q3,BUY,0,0,0.0,0.0,1.0,1.0,False,0/3,0.0,0.0,0.0
ob_retest,EUR_JPY,ny,Q1,Q3,SELL,0,0,0.0,0.0,1.0,1.0,False,0/3,0.0,0.0,0.0
ob_retest,EUR_JPY,ny,Q1,Q4,BUY,0,0,0.0,0.0,1.0,1.0,False,0/3,0.0,0.0,0.0
ob_retest,EUR_JPY,ny,Q1,Q4,SELL,0,0,0.0,0.0,1.0,1.0,False,0/3,0.0,0.0,0.0
ob_retest,EUR_JPY,ny,Q2,Q1,BUY,0,0,0.0,0.0,1.0,1.0,False,0/3,0.0,0.0,0.0
ob_retest,EUR_JPY,ny,Q2,Q1,SELL,0,0,0.0,0.0,1.0,1.0,False,0/3,0.0,0.0,0.0
ob_retest,EUR_JPY,ny,Q2,Q2,BUY,0,0,0.0,0.0,1.0,1.0,False,0/3,0.0,0.0,0.0
ob_retest,EUR_JPY,ny,Q2,Q2,SELL,0,0,0.0,0.0,1.0,1.0,False,0/3,0.0,0.0,0.0
ob_retest,EUR_JPY,ny,Q2,Q3,BUY,0,0,0.0,0.0,1.0,1.0,False,0/3,0.0,0.0,0.0
ob_retest,EUR_JPY,ny,Q2,Q3,SELL,0,0,0.0,0.0,1.0,1.0,False,0/3,0.0,0.0,0.0
ob_retest,EUR_JPY,ny,Q2,Q4,BUY,0,0,0.0,0.0,1.0,1.0,False,0/3,0.0,0.0,0.0
ob_retest,EUR_JPY,ny,Q2,Q4,SELL,0,0,0.0,0.0,1.0,1.0,False,0/3,0.0,0.0,0.0
ob_retest,EUR_JPY,ny,Q3,Q1,BUY,0,0,0.0,0.0,1.0,1.0,False,0/3,0.0,0.0,0.0
ob_retest,EUR_JPY,ny,Q3,Q1,SELL,0,0,0.0,0.0,1.0,1.0,False,0/3,0.0,0.0,0.0
ob_retest,EUR_JPY,ny,Q3,Q2,BUY,0,0,0.0,0.0,1.0,1.0,False,0/3,0.0,0.0,0.0
ob_retest,EUR_JPY,ny,Q3,Q2,SELL,0,0,0.0,0.0,1.0,1.0,False,0/3,0.0,0.0,0.0
ob_retest,EUR_JPY,ny,Q3,Q3,BUY,0,0,0.0,0.0,1.0,1.0,False,0/3,0.0,0.0,0.0
ob_retest,EUR_JPY,ny,Q3,Q3,SELL,0,0,0.0,0.0,1.0,1.0,False,0/3,0.0,0.0,0.0
ob_retest,EUR_JPY,ny,Q3,Q4,BUY,0,0,0.0,0.0,1.0,1.0,False,0/3,0.0,0.0,0.0
ob_retest,EUR_JPY,ny,Q3,Q4,SELL,0,0,0.0,0.0,1.0,1.0,False,0/3,0.0,0.0,0.0
ob_retest,EUR_JPY,ny,Q4,Q1,BUY,0,0,0.0,0.0,1.0,1.0,False,0/3,0.0,0.0,0.0
ob_retest,EUR_JPY,ny,Q4,Q1,SELL,0,0,0.0,0.0,1.0,1.0,False,0/3,0.0,0.0,0.0
ob_retest,EUR_JPY,ny,Q4,Q2,BUY,0,0,0.0,0.0,1.0,1.0,False,0/3,0.0,0.0,0.0
ob_retest,EUR_JPY,ny,Q4,Q2,SELL,0,0,0.0,0.0,1.0,1.0,False,0/3,0.0,0.0,0.0
ob_retest,EUR_JPY,ny,Q4,Q3,BUY,0,0,0.0,0.0,1.0,1.0,False,0/3,0.0,0.0,0.0
ob_retest,EUR_JPY,ny,Q4,Q3,SELL,0,0,0.0,0.0,1.0,1.0,False,0/3,0.0,0.0,0.0
ob_retest,EUR_JPY,ny,Q4,Q4,BUY,0,0,0.0,0.0,1.0,1.0,False,0/3,0.0,0.0,0.0
ob_retest,EUR_JPY,ny,Q4,Q4,SELL,0,0,0.0,0.0,1.0,1.0,False,0/3,0.0,0.0,0.0
ob_retest,EUR_JPY,overlap,Q1,Q1,BUY,0,0,0.0,0.0,1.0,1.0,False,0/3,0.0,0.0,0.0
ob_retest,EUR_JPY,overlap,Q1,Q1,SELL,0,0,0.0,0.0,1.0,1.0,False,0/3,0.0,0.0,0.0
ob_retest,EUR_JPY,overlap,Q1,Q2,BUY,0,0,0.0,0.0,1.0,1.0,False,0/3,0.0,0.0,0.0
ob_retest,EUR_JPY,overlap,Q1,Q2,SELL,0,0,0.0,0.0,1.0,1.0,False,0/3,0.0,0.0,0.0
ob_retest,EUR_JPY,overlap,Q1,Q3,BUY,0,0,0.0,0.0,1.0,1.0,False,0/3,0.0,0.0,0.0
ob_retest,EUR_JPY,overlap,Q1,Q3,SELL,0,0,0.0,0.0,1.0,1.0,False,0/3,0.0,0.0,0.0
ob_retest,EUR_JPY,overlap,Q1,Q4,BUY,0,0,0.0,0.0,1.0,1.0,False,0/3,0.0,0.0,0.0
ob_retest,EUR_JPY,overlap,Q1,Q4,SELL,0,0,0.0,0.0,1.0,1.0,False,0/3,0.0,0.0,0.0
ob_retest,EUR_JPY,overlap,Q2,Q1,BUY,0,0,0.0,0.0,1.0,1.0,False,0/3,0.0,0.0,0.0
ob_retest,EUR_JPY,overlap,Q2,Q1,SELL,0,0,0.0,0.0,1.0,1.0,False,0/3,0.0,0.0,0.0
ob_retest,EUR_JPY,overlap,Q2,Q2,BUY,0,0,0.0,0.0,1.0,1.0,False,0/3,0.0,0.0,0.0
ob_retest,EUR_JPY,overlap,Q2,Q2,SELL,0,0,0.0,0.0,1.0,1.0,False,0/3,0.0,0.0,0.0
ob_retest,EUR_JPY,overlap,Q2,Q3,BUY,0,0,0.0,0.0,1.0,1.0,False,0/3,0.0,0.0,0.0
ob_retest,EUR_JPY,overlap,Q2,Q3,SELL,0,0,0.0,0.0,1.0,1.0,False,0/3,0.0,0.0,0.0
ob_retest,EUR_JPY,overlap,Q2,Q4,BUY,0,0,0.0,0.0,1.0,1.0,False,0/3,0.0,0.0,0.0
ob_retest,EUR_JPY,overlap,Q2,Q4,SELL,0,0,0.0,0.0,1.0,1.0,False,0/3,0.0,0.0,0.0
ob_retest,EUR_JPY,overlap,Q3,Q1,BUY,0,0,0.0,0.0,1.0,1.0,False,0/3,0.0,0.0,0.0
ob_retest,EUR_JPY,overlap,Q3,Q1,SELL,0,0,0.0,0.0,1.0,1.0,False,0/3,0.0,0.0,0.0
ob_retest,EUR_JPY,overlap,Q3,Q2,BUY,0,0,0.0,0.0,1.0,1.0,False,0/3,0.0,0.0,0.0
ob_retest,EUR_JPY,overlap,Q3,Q2,SELL,0,0,0.0,0.0,1.0,1.0,False,0/3,0.0,0.0,0.0
ob_retest,EUR_JPY,overlap,Q3,Q3,BUY,0,0,0.0,0.0,1.0,1.0,False,0/3,0.0,0.0,0.0
ob_retest,EUR_JPY,overlap,Q3,Q3,SELL,0,0,0.0,0.0,1.0,1.0,False,0/3,0.0,0.0,0.0
ob_retest,EUR_JPY,overlap,Q3,Q4,BUY,0,0,0.0,0.0,1.0,1.0,False,0/3,0.0,0.0,0.0
ob_retest,EUR_JPY,overlap,Q3,Q4,SELL,0,0,0.0,0.0,1.0,1.0,False,0/3,0.0,0.0,0.0
ob_retest,EUR_JPY,overlap,Q4,Q1,BUY,0,0,0.0,0.0,1.0,1.0,False,0/3,0.0,0.0,0.0
ob_retest,EUR_JPY,overlap,Q4,Q1,SELL,0,0,0.0,0.0,1.0,1.0,False,0/3,0.0,0.0,0.0
ob_retest,EUR_JPY,overlap,Q4,Q2,BUY,0,0,0.0,0.0,1.0,1.0,False,0/3,0.0,0.0,0.0
ob_retest,EUR_JPY,overlap,Q4,Q2,SELL,0,0,0.0,0.0,1.0,1.0,False,0/3,0.0,0.0,0.0
ob_retest,EUR_JPY,overlap,Q4,Q3,BUY,0,0,0.0,0.0,1.0,1.0,False,0/3,0.0,0.0,0.0
ob_retest,EUR_JPY,overlap,Q4,Q3,SELL,0,0,0.0,0.0,1.0,1.0,False,0/3,0.0,0.0,0.0
ob_retest,EUR_JPY,overlap,Q4,Q4,BUY,0,0,0.0,0.0,1.0,1.0,False,0/3,0.0,0.0,0.0
ob_retest,EUR_JPY,overlap,Q4,Q4,SELL,0,0,0.0,0.0,1.0,1.0,False,0/3,0.0,0.0,0.0
ob_retest,GBP_JPY,tokyo,Q1,Q1,BUY,0,0,0.0,0.0,1.0,1.0,False,0/3,0.0,0.0,0.0
ob_retest,GBP_JPY,tokyo,Q1,Q1,SELL,1,1,1.0,0.20654329147389294,0.2672531769305963,1.0,False,1/3,0.0,inf,57.0
ob_retest,GBP_JPY,tokyo,Q1,Q2,BUY,0,0,0.0,0.0,1.0,1.0,False,0/3,0.0,0.0,0.0
ob_retest,GBP_JPY,tokyo,Q1,Q2,SELL,0,0,0.0,0.0,1.0,1.0,False,0/3,0.0,0.0,0.0
ob_retest,GBP_JPY,tokyo,Q1,Q3,BUY,0,0,0.0,0.0,1.0,1.0,False,0/3,0.0,0.0,0.0
ob_retest,GBP_JPY,tokyo,Q1,Q3,SELL,0,0,0.0,0.0,1.0,1.0,False,0/3,0.0,0.0,0.0
ob_retest,GBP_JPY,tokyo,Q1,Q4,BUY,0,0,0.0,0.0,1.0,1.0,False,0/3,0.0,0.0,0.0
ob_retest,GBP_JPY,tokyo,Q1,Q4,SELL,0,0,0.0,0.0,1.0,1.0,False,0/3,0.0,0.0,0.0
ob_retest,GBP_JPY,tokyo,Q2,Q1,BUY,0,0,0.0,0.0,1.0,1.0,False,0/3,0.0,0.0,0.0
ob_retest,GBP_JPY,tokyo,Q2,Q1,SELL,0,0,0.0,0.0,1.0,1.0,False,0/3,0.0,0.0,0.0
ob_retest,GBP_JPY,tokyo,Q2,Q2,BUY,0,0,0.0,0.0,1.0,1.0,False,0/3,0.0,0.0,0.0
ob_retest,GBP_JPY,tokyo,Q2,Q2,SELL,0,0,0.0,0.0,1.0,1.0,False,0/3,0.0,0.0,0.0
ob_retest,GBP_JPY,tokyo,Q2,Q3,BUY,0,0,0.0,0.0,1.0,1.0,False,0/3,0.0,0.0,0.0
ob_retest,GBP_JPY,tokyo,Q2,Q3,SELL,0,0,0.0,0.0,1.0,1.0,False,0/3,0.0,0.0,0.0
ob_retest,GBP_JPY,tokyo,Q2,Q4,BUY,0,0,0.0,0.0,1.0,1.0,False,0/3,0.0,0.0,0.0
ob_retest,GBP_JPY,tokyo,Q2,Q4,SELL,0,0,0.0,0.0,1.0,1.0,False,0/3,0.0,0.0,0.0
ob_retest,GBP_JPY,tokyo,Q3,Q1,BUY,0,0,0.0,0.0,1.0,1.0,False,0/3,0.0,0.0,0.0
ob_retest,GBP_JPY,tokyo,Q3,Q1,SELL,0,0,0.0,0.0,1.0,1.0,False,0/3,0.0,0.0,0.0
ob_retest,GBP_JPY,tokyo,Q3,Q2,BUY,0,0,0.0,0.0,1.0,1.0,False,0/3,0.0,0.0,0.0
ob_retest,GBP_JPY,tokyo,Q3,Q2,SELL,0,0,0.0,0.0,1.0,1.0,False,0/3,0.0,0.0,0.0
ob_retest,GBP_JPY,tokyo,Q3,Q3,BUY,0,0,0.0,0.0,1.0,1.0,False,0/3,0.0,0.0,0.0
ob_retest,GBP_JPY,tokyo,Q3,Q3,SELL,0,0,0.0,0.0,1.0,1.0,False,0/3,0.0,0.0,0.0
ob_retest,GBP_JPY,tokyo,Q3,Q4,BUY,0,0,0.0,0.0,1.0,1.0,False,0/3,0.0,0.0,0.0
ob_retest,GBP_JPY,tokyo,Q3,Q4,SELL,0,0,0.0,0.0,1.0,1.0,False,0/3,0.0,0.0,0.0
ob_retest,GBP_JPY,tokyo,Q4,Q1,BUY,0,0,0.0,0.0,1.0,1.0,False,0/3,0.0,0.0,0.0
ob_retest,GBP_JPY,tokyo,Q4,Q1,SELL,0,0,0.0,0.0,1.0,1.0,False,0/3,0.0,0.0,0.0
ob_retest,GBP_JPY,tokyo,Q4,Q2,BUY,0,0,0.0,0.0,1.0,1.0,False,0/3,0.0,0.0,0.0
ob_retest,GBP_JPY,tokyo,Q4,Q2,SELL,0,0,0.0,0.0,1.0,1.0,False,0/3,0.0,0.0,0.0
ob_retest,GBP_JPY,tokyo,Q4,Q3,BUY,0,0,0.0,0.0,1.0,1.0,False,0/3,0.0,0.0,0.0
ob_retest,GBP_JPY,tokyo,Q4,Q3,SELL,0,0,0.0,0.0,1.0,1.0,False,0/3,0.0,0.0,0.0
ob_retest,GBP_JPY,tokyo,Q4,Q4,BUY,0,0,0.0,0.0,1.0,1.0,False,0/3,0.0,0.0,0.0
ob_retest,GBP_JPY,tokyo,Q4,Q4,SELL,0,0,0.0,0.0,1.0,1.0,False,0/3,0.0,0.0,0.0
ob_retest,GBP_JPY,london,Q1,Q1,BUY,0,0,0.0,0.0,1.0,1.0,False,0/3,0.0,0.0,0.0
ob_retest,GBP_JPY,london,Q1,Q1,SELL,0,0,0.0,0.0,1.0,1.0,False,0/3,0.0,0.0,0.0
ob_retest,GBP_JPY,london,Q1,Q2,BUY,0,0,0.0,0.0,1.0,1.0,False,0/3,0.0,0.0,0.0
ob_retest,GBP_JPY,london,Q1,Q2,SELL,0,0,0.0,0.0,1.0,1.0,False,0/3,0.0,0.0,0.0
ob_retest,GBP_JPY,london,Q1,Q3,BUY,0,0,0.0,0.0,1.0,1.0,False,0/3,0.0,0.0,0.0
ob_retest,GBP_JPY,london,Q1,Q3,SELL,0,0,0.0,0.0,1.0,1.0,False,0/3,0.0,0.0,0.0
ob_retest,GBP_JPY,london,Q1,Q4,BUY,0,0,0.0,0.0,1.0,1.0,False,0/3,0.0,0.0,0.0
ob_retest,GBP_JPY,london,Q1,Q4,SELL,0,0,0.0,0.0,1.0,1.0,False,0/3,0.0,0.0,0.0
ob_retest,GBP_JPY,london,Q2,Q1,BUY,0,0,0.0,0.0,1.0,1.0,False,0/3,0.0,0.0,0.0
ob_retest,GBP_JPY,london,Q2,Q1,SELL,0,0,0.0,0.0,1.0,1.0,False,0/3,0.0,0.0,0.0
ob_retest,GBP_JPY,london,Q2,Q2,BUY,0,0,0.0,0.0,1.0,1.0,False,0/3,0.0,0.0,0.0
ob_retest,GBP_JPY,london,Q2,Q2,SELL,0,0,0.0,0.0,1.0,1.0,False,0/3,0.0,0.0,0.0
ob_retest,GBP_JPY,london,Q2,Q3,BUY,0,0,0.0,0.0,1.0,1.0,False,0/3,0.0,0.0,0.0
ob_retest,GBP_JPY,london,Q2,Q3,SELL,0,0,0.0,0.0,1.0,1.0,False,0/3,0.0,0.0,0.0
ob_retest,GBP_JPY,london,Q2,Q4,BUY,0,0,0.0,0.0,1.0,1.0,False,0/3,0.0,0.0,0.0
ob_retest,GBP_JPY,london,Q2,Q4,SELL,0,0,0.0,0.0,1.0,1.0,False,0/3,0.0,0.0,0.0
ob_retest,GBP_JPY,london,Q3,Q1,BUY,0,0,0.0,0.0,1.0,1.0,False,0/3,0.0,0.0,0.0
ob_retest,GBP_JPY,london,Q3,Q1,SELL,0,0,0.0,0.0,1.0,1.0,False,0/3,0.0,0.0,0.0
ob_retest,GBP_JPY,london,Q3,Q2,BUY,0,0,0.0,0.0,1.0,1.0,False,0/3,0.0,0.0,0.0
ob_retest,GBP_JPY,london,Q3,Q2,SELL,0,0,0.0,0.0,1.0,1.0,False,0/3,0.0,0.0,0.0
ob_retest,GBP_JPY,london,Q3,Q3,BUY,0,0,0.0,0.0,1.0,1.0,False,0/3,0.0,0.0,0.0
ob_retest,GBP_JPY,london,Q3,Q3,SELL,0,0,0.0,0.0,1.0,1.0,False,0/3,0.0,0.0,0.0
ob_retest,GBP_JPY,london,Q3,Q4,BUY,0,0,0.0,0.0,1.0,1.0,False,0/3,0.0,0.0,0.0
ob_retest,GBP_JPY,london,Q3,Q4,SELL,0,0,0.0,0.0,1.0,1.0,False,0/3,0.0,0.0,0.0
ob_retest,GBP_JPY,london,Q4,Q1,BUY,0,0,0.0,0.0,1.0,1.0,False,0/3,0.0,0.0,0.0
ob_retest,GBP_JPY,london,Q4,Q1,SELL,0,0,0.0,0.0,1.0,1.0,False,0/3,0.0,0.0,0.0
ob_retest,GBP_JPY,london,Q4,Q2,BUY,0,0,0.0,0.0,1.0,1.0,False,0/3,0.0,0.0,0.0
ob_retest,GBP_JPY,london,Q4,Q2,SELL,0,0,0.0,0.0,1.0,1.0,False,0/3,0.0,0.0,0.0
ob_retest,GBP_JPY,london,Q4,Q3,BUY,0,0,0.0,0.0,1.0,1.0,False,0/3,0.0,0.0,0.0
ob_retest,GBP_JPY,london,Q4,Q3,SELL,0,0,0.0,0.0,1.0,1.0,False,0/3,0.0,0.0,0.0
ob_retest,GBP_JPY,london,Q4,Q4,BUY,0,0,0.0,0.0,1.0,1.0,False,0/3,0.0,0.0,0.0
ob_retest,GBP_JPY,london,Q4,Q4,SELL,0,0,0.0,0.0,1.0,1.0,False,0/3,0.0,0.0,0.0
ob_retest,GBP_JPY,ny,Q1,Q1,BUY,0,0,0.0,0.0,1.0,1.0,False,0/3,0.0,0.0,0.0
ob_retest,GBP_JPY,ny,Q1,Q1,SELL,0,0,0.0,0.0,1.0,1.0,False,0/3,0.0,0.0,0.0
ob_retest,GBP_JPY,ny,Q1,Q2,BUY,0,0,0.0,0.0,1.0,1.0,False,0/3,0.0,0.0,0.0
ob_retest,GBP_JPY,ny,Q1,Q2,SELL,0,0,0.0,0.0,1.0,1.0,False,0/3,0.0,0.0,0.0
ob_retest,GBP_JPY,ny,Q1,Q3,BUY,0,0,0.0,0.0,1.0,1.0,False,0/3,0.0,0.0,0.0
ob_retest,GBP_JPY,ny,Q1,Q3,SELL,0,0,0.0,0.0,1.0,1.0,False,0/3,0.0,0.0,0.0
ob_retest,GBP_JPY,ny,Q1,Q4,BUY,0,0,0.0,0.0,1.0,1.0,False,0/3,0.0,0.0,0.0
ob_retest,GBP_JPY,ny,Q1,Q4,SELL,0,0,0.0,0.0,1.0,1.0,False,0/3,0.0,0.0,0.0
ob_retest,GBP_JPY,ny,Q2,Q1,BUY,0,0,0.0,0.0,1.0,1.0,False,0/3,0.0,0.0,0.0
ob_retest,GBP_JPY,ny,Q2,Q1,SELL,0,0,0.0,0.0,1.0,1.0,False,0/3,0.0,0.0,0.0
ob_retest,GBP_JPY,ny,Q2,Q2,BUY,0,0,0.0,0.0,1.0,1.0,False,0/3,0.0,0.0,0.0
ob_retest,GBP_JPY,ny,Q2,Q2,SELL,0,0,0.0,0.0,1.0,1.0,False,0/3,0.0,0.0,0.0
ob_retest,GBP_JPY,ny,Q2,Q3,BUY,0,0,0.0,0.0,1.0,1.0,False,0/3,0.0,0.0,0.0
ob_retest,GBP_JPY,ny,Q2,Q3,SELL,0,0,0.0,0.0,1.0,1.0,False,0/3,0.0,0.0,0.0
ob_retest,GBP_JPY,ny,Q2,Q4,BUY,0,0,0.0,0.0,1.0,1.0,False,0/3,0.0,0.0,0.0
ob_retest,GBP_JPY,ny,Q2,Q4,SELL,0,0,0.0,0.0,1.0,1.0,False,0/3,0.0,0.0,0.0
ob_retest,GBP_JPY,ny,Q3,Q1,BUY,0,0,0.0,0.0,1.0,1.0,False,0/3,0.0,0.0,0.0
ob_retest,GBP_JPY,ny,Q3,Q1,SELL,0,0,0.0,0.0,1.0,1.0,False,0/3,0.0,0.0,0.0
ob_retest,GBP_JPY,ny,Q3,Q2,BUY,0,0,0.0,0.0,1.0,1.0,False,0/3,0.0,0.0,0.0
ob_retest,GBP_JPY,ny,Q3,Q2,SELL,0,0,0.0,0.0,1.0,1.0,False,0/3,0.0,0.0,0.0
ob_retest,GBP_JPY,ny,Q3,Q3,BUY,0,0,0.0,0.0,1.0,1.0,False,0/3,0.0,0.0,0.0
ob_retest,GBP_JPY,ny,Q3,Q3,SELL,0,0,0.0,0.0,1.0,1.0,False,0/3,0.0,0.0,0.0
ob_retest,GBP_JPY,ny,Q3,Q4,BUY,0,0,0.0,0.0,1.0,1.0,False,0/3,0.0,0.0,0.0
ob_retest,GBP_JPY,ny,Q3,Q4,SELL,0,0,0.0,0.0,1.0,1.0,False,0/3,0.0,0.0,0.0
ob_retest,GBP_JPY,ny,Q4,Q1,BUY,0,0,0.0,0.0,1.0,1.0,False,0/3,0.0,0.0,0.0
ob_retest,GBP_JPY,ny,Q4,Q1,SELL,0,0,0.0,0.0,1.0,1.0,False,0/3,0.0,0.0,0.0
ob_retest,GBP_JPY,ny,Q4,Q2,BUY,0,0,0.0,0.0,1.0,1.0,False,0/3,0.0,0.0,0.0
ob_retest,GBP_JPY,ny,Q4,Q2,SELL,0,0,0.0,0.0,1.0,1.0,False,0/3,0.0,0.0,0.0
ob_retest,GBP_JPY,ny,Q4,Q3,BUY,0,0,0.0,0.0,1.0,1.0,False,0/3,0.0,0.0,0.0
ob_retest,GBP_JPY,ny,Q4,Q3,SELL,0,0,0.0,0.0,1.0,1.0,False,0/3,0.0,0.0,0.0
ob_retest,GBP_JPY,ny,Q4,Q4,BUY,0,0,0.0,0.0,1.0,1.0,False,0/3,0.0,0.0,0.0
ob_retest,GBP_JPY,ny,Q4,Q4,SELL,0,0,0.0,0.0,1.0,1.0,False,0/3,0.0,0.0,0.0
ob_retest,GBP_JPY,overlap,Q1,Q1,BUY,0,0,0.0,0.0,1.0,1.0,False,0/3,0.0,0.0,0.0
ob_retest,GBP_JPY,overlap,Q1,Q1,SELL,0,0,0.0,0.0,1.0,1.0,False,0/3,0.0,0.0,0.0
ob_retest,GBP_JPY,overlap,Q1,Q2,BUY,0,0,0.0,0.0,1.0,1.0,False,0/3,0.0,0.0,0.0
ob_retest,GBP_JPY,overlap,Q1,Q2,SELL,0,0,0.0,0.0,1.0,1.0,False,0/3,0.0,0.0,0.0
ob_retest,GBP_JPY,overlap,Q1,Q3,BUY,0,0,0.0,0.0,1.0,1.0,False,0/3,0.0,0.0,0.0
ob_retest,GBP_JPY,overlap,Q1,Q3,SELL,0,0,0.0,0.0,1.0,1.0,False,0/3,0.0,0.0,0.0
ob_retest,GBP_JPY,overlap,Q1,Q4,BUY,0,0,0.0,0.0,1.0,1.0,False,0/3,0.0,0.0,0.0
ob_retest,GBP_JPY,overlap,Q1,Q4,SELL,0,0,0.0,0.0,1.0,1.0,False,0/3,0.0,0.0,0.0
ob_retest,GBP_JPY,overlap,Q2,Q1,BUY,0,0,0.0,0.0,1.0,1.0,False,0/3,0.0,0.0,0.0
ob_retest,GBP_JPY,overlap,Q2,Q1,SELL,0,0,0.0,0.0,1.0,1.0,False,0/3,0.0,0.0,0.0
ob_retest,GBP_JPY,overlap,Q2,Q2,BUY,0,0,0.0,0.0,1.0,1.0,False,0/3,0.0,0.0,0.0
ob_retest,GBP_JPY,overlap,Q2,Q2,SELL,0,0,0.0,0.0,1.0,1.0,False,0/3,0.0,0.0,0.0
ob_retest,GBP_JPY,overlap,Q2,Q3,BUY,0,0,0.0,0.0,1.0,1.0,False,0/3,0.0,0.0,0.0
ob_retest,GBP_JPY,overlap,Q2,Q3,SELL,0,0,0.0,0.0,1.0,1.0,False,0/3,0.0,0.0,0.0
ob_retest,GBP_JPY,overlap,Q2,Q4,BUY,0,0,0.0,0.0,1.0,1.0,False,0/3,0.0,0.0,0.0
ob_retest,GBP_JPY,overlap,Q2,Q4,SELL,0,0,0.0,0.0,1.0,1.0,False,0/3,0.0,0.0,0.0
ob_retest,GBP_JPY,overlap,Q3,Q1,BUY,0,0,0.0,0.0,1.0,1.0,False,0/3,0.0,0.0,0.0
ob_retest,GBP_JPY,overlap,Q3,Q1,SELL,0,0,0.0,0.0,1.0,1.0,False,0/3,0.0,0.0,0.0
ob_retest,GBP_JPY,overlap,Q3,Q2,BUY,0,0,0.0,0.0,1.0,1.0,False,0/3,0.0,0.0,0.0
ob_retest,GBP_JPY,overlap,Q3,Q2,SELL,0,0,0.0,0.0,1.0,1.0,False,0/3,0.0,0.0,0.0
ob_retest,GBP_JPY,overlap,Q3,Q3,BUY,0,0,0.0,0.0,1.0,1.0,False,0/3,0.0,0.0,0.0
ob_retest,GBP_JPY,overlap,Q3,Q3,SELL,0,0,0.0,0.0,1.0,1.0,False,0/3,0.0,0.0,0.0
ob_retest,GBP_JPY,overlap,Q3,Q4,BUY,0,0,0.0,0.0,1.0,1.0,False,0/3,0.0,0.0,0.0
ob_retest,GBP_JPY,overlap,Q3,Q4,SELL,0,0,0.0,0.0,1.0,1.0,False,0/3,0.0,0.0,0.0
ob_retest,GBP_JPY,overlap,Q4,Q1,BUY,0,0,0.0,0.0,1.0,1.0,False,0/3,0.0,0.0,0.0
ob_retest,GBP_JPY,overlap,Q4,Q1,SELL,0,0,0.0,0.0,1.0,1.0,False,0/3,0.0,0.0,0.0
ob_retest,GBP_JPY,overlap,Q4,Q2,BUY,0,0,0.0,0.0,1.0,1.0,False,0/3,0.0,0.0,0.0
ob_retest,GBP_JPY,overlap,Q4,Q2,SELL,0,0,0.0,0.0,1.0,1.0,False,0/3,0.0,0.0,0.0
ob_retest,GBP_JPY,overlap,Q4,Q3,BUY,0,0,0.0,0.0,1.0,1.0,False,0/3,0.0,0.0,0.0
ob_retest,GBP_JPY,overlap,Q4,Q3,SELL,0,0,0.0,0.0,1.0,1.0,False,0/3,0.0,0.0,0.0
ob_retest,GBP_JPY,overlap,Q4,Q4,BUY,0,0,0.0,0.0,1.0,1.0,False,0/3,0.0,0.0,0.0
ob_retest,GBP_JPY,overlap,Q4,Q4,SELL,0,0,0.0,0.0,1.0,1.0,False,0/3,0.0,0.0,0.0
ob_retest,AUD_USD,tokyo,Q1,Q1,BUY,0,0,0.0,0.0,1.0,1.0,False,0/3,0.0,0.0,0.0
ob_retest,AUD_USD,tokyo,Q1,Q1,SELL,0,0,0.0,0.0,1.0,1.0,False,0/3,0.0,0.0,0.0
ob_retest,AUD_USD,tokyo,Q1,Q2,BUY,0,0,0.0,0.0,1.0,1.0,False,0/3,0.0,0.0,0.0
ob_retest,AUD_USD,tokyo,Q1,Q2,SELL,0,0,0.0,0.0,1.0,1.0,False,0/3,0.0,0.0,0.0
ob_retest,AUD_USD,tokyo,Q1,Q3,BUY,0,0,0.0,0.0,1.0,1.0,False,0/3,0.0,0.0,0.0
ob_retest,AUD_USD,tokyo,Q1,Q3,SELL,0,0,0.0,0.0,1.0,1.0,False,0/3,0.0,0.0,0.0
ob_retest,AUD_USD,tokyo,Q1,Q4,BUY,0,0,0.0,0.0,1.0,1.0,False,0/3,0.0,0.0,0.0
ob_retest,AUD_USD,tokyo,Q1,Q4,SELL,0,0,0.0,0.0,1.0,1.0,False,0/3,0.0,0.0,0.0
ob_retest,AUD_USD,tokyo,Q2,Q1,BUY,0,0,0.0,0.0,1.0,1.0,False,0/3,0.0,0.0,0.0
ob_retest,AUD_USD,tokyo,Q2,Q1,SELL,0,0,0.0,0.0,1.0,1.0,False,0/3,0.0,0.0,0.0
ob_retest,AUD_USD,tokyo,Q2,Q2,BUY,0,0,0.0,0.0,1.0,1.0,False,0/3,0.0,0.0,0.0
ob_retest,AUD_USD,tokyo,Q2,Q2,SELL,0,0,0.0,0.0,1.0,1.0,False,0/3,0.0,0.0,0.0
ob_retest,AUD_USD,tokyo,Q2,Q3,BUY,0,0,0.0,0.0,1.0,1.0,False,0/3,0.0,0.0,0.0
ob_retest,AUD_USD,tokyo,Q2,Q3,SELL,0,0,0.0,0.0,1.0,1.0,False,0/3,0.0,0.0,0.0
ob_retest,AUD_USD,tokyo,Q2,Q4,BUY,0,0,0.0,0.0,1.0,1.0,False,0/3,0.0,0.0,0.0
ob_retest,AUD_USD,tokyo,Q2,Q4,SELL,0,0,0.0,0.0,1.0,1.0,False,0/3,0.0,0.0,0.0
ob_retest,AUD_USD,tokyo,Q3,Q1,BUY,0,0,0.0,0.0,1.0,1.0,False,0/3,0.0,0.0,0.0
ob_retest,AUD_USD,tokyo,Q3,Q1,SELL,0,0,0.0,0.0,1.0,1.0,False,0/3,0.0,0.0,0.0
ob_retest,AUD_USD,tokyo,Q3,Q2,BUY,0,0,0.0,0.0,1.0,1.0,False,0/3,0.0,0.0,0.0
ob_retest,AUD_USD,tokyo,Q3,Q2,SELL,0,0,0.0,0.0,1.0,1.0,False,0/3,0.0,0.0,0.0
ob_retest,AUD_USD,tokyo,Q3,Q3,BUY,0,0,0.0,0.0,1.0,1.0,False,0/3,0.0,0.0,0.0
ob_retest,AUD_USD,tokyo,Q3,Q3,SELL,0,0,0.0,0.0,1.0,1.0,False,0/3,0.0,0.0,0.0
ob_retest,AUD_USD,tokyo,Q3,Q4,BUY,0,0,0.0,0.0,1.0,1.0,False,0/3,0.0,0.0,0.0
ob_retest,AUD_USD,tokyo,Q3,Q4,SELL,0,0,0.0,0.0,1.0,1.0,False,0/3,0.0,0.0,0.0
ob_retest,AUD_USD,tokyo,Q4,Q1,BUY,0,0,0.0,0.0,1.0,1.0,False,0/3,0.0,0.0,0.0
ob_retest,AUD_USD,tokyo,Q4,Q1,SELL,0,0,0.0,0.0,1.0,1.0,False,0/3,0.0,0.0,0.0
ob_retest,AUD_USD,tokyo,Q4,Q2,BUY,0,0,0.0,0.0,1.0,1.0,False,0/3,0.0,0.0,0.0
ob_retest,AUD_USD,tokyo,Q4,Q2,SELL,0,0,0.0,0.0,1.0,1.0,False,0/3,0.0,0.0,0.0
ob_retest,AUD_USD,tokyo,Q4,Q3,BUY,0,0,0.0,0.0,1.0,1.0,False,0/3,0.0,0.0,0.0
ob_retest,AUD_USD,tokyo,Q4,Q3,SELL,0,0,0.0,0.0,1.0,1.0,False,0/3,0.0,0.0,0.0
ob_retest,AUD_USD,tokyo,Q4,Q4,BUY,0,0,0.0,0.0,1.0,1.0,False,0/3,0.0,0.0,0.0
ob_retest,AUD_USD,tokyo,Q4,Q4,SELL,0,0,0.0,0.0,1.0,1.0,False,0/3,0.0,0.0,0.0
ob_retest,AUD_USD,london,Q1,Q1,BUY,0,0,0.0,0.0,1.0,1.0,False,0/3,0.0,0.0,0.0
ob_retest,AUD_USD,london,Q1,Q1,SELL,0,0,0.0,0.0,1.0,1.0,False,0/3,0.0,0.0,0.0
ob_retest,AUD_USD,london,Q1,Q2,BUY,0,0,0.0,0.0,1.0,1.0,False,0/3,0.0,0.0,0.0
ob_retest,AUD_USD,london,Q1,Q2,SELL,0,0,0.0,0.0,1.0,1.0,False,0/3,0.0,0.0,0.0
ob_retest,AUD_USD,london,Q1,Q3,BUY,0,0,0.0,0.0,1.0,1.0,False,0/3,0.0,0.0,0.0
ob_retest,AUD_USD,london,Q1,Q3,SELL,0,0,0.0,0.0,1.0,1.0,False,0/3,0.0,0.0,0.0
ob_retest,AUD_USD,london,Q1,Q4,BUY,0,0,0.0,0.0,1.0,1.0,False,0/3,0.0,0.0,0.0
ob_retest,AUD_USD,london,Q1,Q4,SELL,0,0,0.0,0.0,1.0,1.0,False,0/3,0.0,0.0,0.0
ob_retest,AUD_USD,london,Q2,Q1,BUY,0,0,0.0,0.0,1.0,1.0,False,0/3,0.0,0.0,0.0
ob_retest,AUD_USD,london,Q2,Q1,SELL,0,0,0.0,0.0,1.0,1.0,False,0/3,0.0,0.0,0.0
ob_retest,AUD_USD,london,Q2,Q2,BUY,0,0,0.0,0.0,1.0,1.0,False,0/3,0.0,0.0,0.0
ob_retest,AUD_USD,london,Q2,Q2,SELL,0,0,0.0,0.0,1.0,1.0,False,0/3,0.0,0.0,0.0
ob_retest,AUD_USD,london,Q2,Q3,BUY,0,0,0.0,0.0,1.0,1.0,False,0/3,0.0,0.0,0.0
ob_retest,AUD_USD,london,Q2,Q3,SELL,0,0,0.0,0.0,1.0,1.0,False,0/3,0.0,0.0,0.0
ob_retest,AUD_USD,london,Q2,Q4,BUY,0,0,0.0,0.0,1.0,1.0,False,0/3,0.0,0.0,0.0
ob_retest,AUD_USD,london,Q2,Q4,SELL,0,0,0.0,0.0,1.0,1.0,False,0/3,0.0,0.0,0.0
ob_retest,AUD_USD,london,Q3,Q1,BUY,0,0,0.0,0.0,1.0,1.0,False,0/3,0.0,0.0,0.0
ob_retest,AUD_USD,london,Q3,Q1,SELL,0,0,0.0,0.0,1.0,1.0,False,0/3,0.0,0.0,0.0
ob_retest,AUD_USD,london,Q3,Q2,BUY,0,0,0.0,0.0,1.0,1.0,False,0/3,0.0,0.0,0.0
ob_retest,AUD_USD,london,Q3,Q2,SELL,0,0,0.0,0.0,1.0,1.0,False,0/3,0.0,0.0,0.0
ob_retest,AUD_USD,london,Q3,Q3,BUY,0,0,0.0,0.0,1.0,1.0,False,0/3,0.0,0.0,0.0
ob_retest,AUD_USD,london,Q3,Q3,SELL,0,0,0.0,0.0,1.0,1.0,False,0/3,0.0,0.0,0.0
ob_retest,AUD_USD,london,Q3,Q4,BUY,0,0,0.0,0.0,1.0,1.0,False,0/3,0.0,0.0,0.0
ob_retest,AUD_USD,london,Q3,Q4,SELL,0,0,0.0,0.0,1.0,1.0,False,0/3,0.0,0.0,0.0
ob_retest,AUD_USD,london,Q4,Q1,BUY,0,0,0.0,0.0,1.0,1.0,False,0/3,0.0,0.0,0.0
ob_retest,AUD_USD,london,Q4,Q1,SELL,0,0,0.0,0.0,1.0,1.0,False,0/3,0.0,0.0,0.0
ob_retest,AUD_USD,london,Q4,Q2,BUY,0,0,0.0,0.0,1.0,1.0,False,0/3,0.0,0.0,0.0
ob_retest,AUD_USD,london,Q4,Q2,SELL,0,0,0.0,0.0,1.0,1.0,False,0/3,0.0,0.0,0.0
ob_retest,AUD_USD,london,Q4,Q3,BUY,0,0,0.0,0.0,1.0,1.0,False,0/3,0.0,0.0,0.0
ob_retest,AUD_USD,london,Q4,Q3,SELL,0,0,0.0,0.0,1.0,1.0,False,0/3,0.0,0.0,0.0
ob_retest,AUD_USD,london,Q4,Q4,BUY,0,0,0.0,0.0,1.0,1.0,False,0/3,0.0,0.0,0.0
ob_retest,AUD_USD,london,Q4,Q4,SELL,0,0,0.0,0.0,1.0,1.0,False,0/3,0.0,0.0,0.0
ob_retest,AUD_USD,ny,Q1,Q1,BUY,0,0,0.0,0.0,1.0,1.0,False,0/3,0.0,0.0,0.0
ob_retest,AUD_USD,ny,Q1,Q1,SELL,0,0,0.0,0.0,1.0,1.0,False,0/3,0.0,0.0,0.0
ob_retest,AUD_USD,ny,Q1,Q2,BUY,0,0,0.0,0.0,1.0,1.0,False,0/3,0.0,0.0,0.0
ob_retest,AUD_USD,ny,Q1,Q2,SELL,0,0,0.0,0.0,1.0,1.0,False,0/3,0.0,0.0,0.0
ob_retest,AUD_USD,ny,Q1,Q3,BUY,0,0,0.0,0.0,1.0,1.0,False,0/3,0.0,0.0,0.0
ob_retest,AUD_USD,ny,Q1,Q3,SELL,0,0,0.0,0.0,1.0,1.0,False,0/3,0.0,0.0,0.0
ob_retest,AUD_USD,ny,Q1,Q4,BUY,0,0,0.0,0.0,1.0,1.0,False,0/3,0.0,0.0,0.0
ob_retest,AUD_USD,ny,Q1,Q4,SELL,0,0,0.0,0.0,1.0,1.0,False,0/3,0.0,0.0,0.0
ob_retest,AUD_USD,ny,Q2,Q1,BUY,0,0,0.0,0.0,1.0,1.0,False,0/3,0.0,0.0,0.0
ob_retest,AUD_USD,ny,Q2,Q1,SELL,0,0,0.0,0.0,1.0,1.0,False,0/3,0.0,0.0,0.0
ob_retest,AUD_USD,ny,Q2,Q2,BUY,0,0,0.0,0.0,1.0,1.0,False,0/3,0.0,0.0,0.0
ob_retest,AUD_USD,ny,Q2,Q2,SELL,0,0,0.0,0.0,1.0,1.0,False,0/3,0.0,0.0,0.0
ob_retest,AUD_USD,ny,Q2,Q3,BUY,0,0,0.0,0.0,1.0,1.0,False,0/3,0.0,0.0,0.0
ob_retest,AUD_USD,ny,Q2,Q3,SELL,0,0,0.0,0.0,1.0,1.0,False,0/3,0.0,0.0,0.0
ob_retest,AUD_USD,ny,Q2,Q4,BUY,0,0,0.0,0.0,1.0,1.0,False,0/3,0.0,0.0,0.0
ob_retest,AUD_USD,ny,Q2,Q4,SELL,0,0,0.0,0.0,1.0,1.0,False,0/3,0.0,0.0,0.0
ob_retest,AUD_USD,ny,Q3,Q1,BUY,0,0,0.0,0.0,1.0,1.0,False,0/3,0.0,0.0,0.0
ob_retest,AUD_USD,ny,Q3,Q1,SELL,0,0,0.0,0.0,1.0,1.0,False,0/3,0.0,0.0,0.0
ob_retest,AUD_USD,ny,Q3,Q2,BUY,0,0,0.0,0.0,1.0,1.0,False,0/3,0.0,0.0,0.0
ob_retest,AUD_USD,ny,Q3,Q2,SELL,0,0,0.0,0.0,1.0,1.0,False,0/3,0.0,0.0,0.0
ob_retest,AUD_USD,ny,Q3,Q3,BUY,0,0,0.0,0.0,1.0,1.0,False,0/3,0.0,0.0,0.0
ob_retest,AUD_USD,ny,Q3,Q3,SELL,0,0,0.0,0.0,1.0,1.0,False,0/3,0.0,0.0,0.0
ob_retest,AUD_USD,ny,Q3,Q4,BUY,0,0,0.0,0.0,1.0,1.0,False,0/3,0.0,0.0,0.0
ob_retest,AUD_USD,ny,Q3,Q4,SELL,0,0,0.0,0.0,1.0,1.0,False,0/3,0.0,0.0,0.0
ob_retest,AUD_USD,ny,Q4,Q1,BUY,0,0,0.0,0.0,1.0,1.0,False,0/3,0.0,0.0,0.0
ob_retest,AUD_USD,ny,Q4,Q1,SELL,0,0,0.0,0.0,1.0,1.0,False,0/3,0.0,0.0,0.0
ob_retest,AUD_USD,ny,Q4,Q2,BUY,0,0,0.0,0.0,1.0,1.0,False,0/3,0.0,0.0,0.0
ob_retest,AUD_USD,ny,Q4,Q2,SELL,0,0,0.0,0.0,1.0,1.0,False,0/3,0.0,0.0,0.0
ob_retest,AUD_USD,ny,Q4,Q3,BUY,0,0,0.0,0.0,1.0,1.0,False,0/3,0.0,0.0,0.0
ob_retest,AUD_USD,ny,Q4,Q3,SELL,0,0,0.0,0.0,1.0,1.0,False,0/3,0.0,0.0,0.0
ob_retest,AUD_USD,ny,Q4,Q4,BUY,0,0,0.0,0.0,1.0,1.0,False,0/3,0.0,0.0,0.0
ob_retest,AUD_USD,ny,Q4,Q4,SELL,0,0,0.0,0.0,1.0,1.0,False,0/3,0.0,0.0,0.0
ob_retest,AUD_USD,overlap,Q1,Q1,BUY,0,0,0.0,0.0,1.0,1.0,False,0/3,0.0,0.0,0.0
ob_retest,AUD_USD,overlap,Q1,Q1,SELL,0,0,0.0,0.0,1.0,1.0,False,0/3,0.0,0.0,0.0
ob_retest,AUD_USD,overlap,Q1,Q2,BUY,0,0,0.0,0.0,1.0,1.0,False,0/3,0.0,0.0,0.0
ob_retest,AUD_USD,overlap,Q1,Q2,SELL,0,0,0.0,0.0,1.0,1.0,False,0/3,0.0,0.0,0.0
ob_retest,AUD_USD,overlap,Q1,Q3,BUY,0,0,0.0,0.0,1.0,1.0,False,0/3,0.0,0.0,0.0
ob_retest,AUD_USD,overlap,Q1,Q3,SELL,0,0,0.0,0.0,1.0,1.0,False,0/3,0.0,0.0,0.0
ob_retest,AUD_USD,overlap,Q1,Q4,BUY,0,0,0.0,0.0,1.0,1.0,False,0/3,0.0,0.0,0.0
ob_retest,AUD_USD,overlap,Q1,Q4,SELL,0,0,0.0,0.0,1.0,1.0,False,0/3,0.0,0.0,0.0
ob_retest,AUD_USD,overlap,Q2,Q1,BUY,0,0,0.0,0.0,1.0,1.0,False,0/3,0.0,0.0,0.0
ob_retest,AUD_USD,overlap,Q2,Q1,SELL,0,0,0.0,0.0,1.0,1.0,False,0/3,0.0,0.0,0.0
ob_retest,AUD_USD,overlap,Q2,Q2,BUY,0,0,0.0,0.0,1.0,1.0,False,0/3,0.0,0.0,0.0
ob_retest,AUD_USD,overlap,Q2,Q2,SELL,0,0,0.0,0.0,1.0,1.0,False,0/3,0.0,0.0,0.0
ob_retest,AUD_USD,overlap,Q2,Q3,BUY,0,0,0.0,0.0,1.0,1.0,False,0/3,0.0,0.0,0.0
ob_retest,AUD_USD,overlap,Q2,Q3,SELL,0,0,0.0,0.0,1.0,1.0,False,0/3,0.0,0.0,0.0
ob_retest,AUD_USD,overlap,Q2,Q4,BUY,0,0,0.0,0.0,1.0,1.0,False,0/3,0.0,0.0,0.0
ob_retest,AUD_USD,overlap,Q2,Q4,SELL,0,0,0.0,0.0,1.0,1.0,False,0/3,0.0,0.0,0.0
ob_retest,AUD_USD,overlap,Q3,Q1,BUY,0,0,0.0,0.0,1.0,1.0,False,0/3,0.0,0.0,0.0
ob_retest,AUD_USD,overlap,Q3,Q1,SELL,0,0,0.0,0.0,1.0,1.0,False,0/3,0.0,0.0,0.0
ob_retest,AUD_USD,overlap,Q3,Q2,BUY,0,0,0.0,0.0,1.0,1.0,False,0/3,0.0,0.0,0.0
ob_retest,AUD_USD,overlap,Q3,Q2,SELL,0,0,0.0,0.0,1.0,1.0,False,0/3,0.0,0.0,0.0
ob_retest,AUD_USD,overlap,Q3,Q3,BUY,0,0,0.0,0.0,1.0,1.0,False,0/3,0.0,0.0,0.0
ob_retest,AUD_USD,overlap,Q3,Q3,SELL,0,0,0.0,0.0,1.0,1.0,False,0/3,0.0,0.0,0.0
ob_retest,AUD_USD,overlap,Q3,Q4,BUY,0,0,0.0,0.0,1.0,1.0,False,0/3,0.0,0.0,0.0
ob_retest,AUD_USD,overlap,Q3,Q4,SELL,0,0,0.0,0.0,1.0,1.0,False,0/3,0.0,0.0,0.0
ob_retest,AUD_USD,overlap,Q4,Q1,BUY,0,0,0.0,0.0,1.0,1.0,False,0/3,0.0,0.0,0.0
ob_retest,AUD_USD,overlap,Q4,Q1,SELL,0,0,0.0,0.0,1.0,1.0,False,0/3,0.0,0.0,0.0
ob_retest,AUD_USD,overlap,Q4,Q2,BUY,0,0,0.0,0.0,1.0,1.0,False,0/3,0.0,0.0,0.0
ob_retest,AUD_USD,overlap,Q4,Q2,SELL,0,0,0.0,0.0,1.0,1.0,False,0/3,0.0,0.0,0.0
ob_retest,AUD_USD,overlap,Q4,Q3,BUY,0,0,0.0,0.0,1.0,1.0,False,0/3,0.0,0.0,0.0
ob_retest,AUD_USD,overlap,Q4,Q3,SELL,0,0,0.0,0.0,1.0,1.0,False,0/3,0.0,0.0,0.0
ob_retest,AUD_USD,overlap,Q4,Q4,BUY,0,0,0.0,0.0,1.0,1.0,False,0/3,0.0,0.0,0.0
ob_retest,AUD_USD,overlap,Q4,Q4,SELL,0,0,0.0,0.0,1.0,1.0,False,0/3,0.0,0.0,0.0
trend_rebound,USD_JPY,tokyo,Q1,Q1,BUY,1,1,1.0,0.20654329147389294,0.2672531769305963,1.0,False,1/3,0.0,inf,1.2999999999999998
trend_rebound,USD_JPY,tokyo,Q1,Q1,SELL,1,1,1.0,0.20654329147389294,0.2672531769305963,1.0,False,1/3,0.0,inf,4.7
trend_rebound,USD_JPY,tokyo,Q1,Q2,BUY,1,0,0.0,0.0,1.0,1.0,False,0/3,0.0,0.0,-4.8999999999999995
trend_rebound,USD_JPY,tokyo,Q1,Q2,SELL,0,0,0.0,0.0,1.0,1.0,False,0/3,0.0,0.0,0.0
trend_rebound,USD_JPY,tokyo,Q1,Q3,BUY,0,0,0.0,0.0,1.0,1.0,False,0/3,0.0,0.0,0.0
trend_rebound,USD_JPY,tokyo,Q1,Q3,SELL,1,0,0.0,0.0,1.0,1.0,False,0/3,0.0,0.0,-2.1
trend_rebound,USD_JPY,tokyo,Q1,Q4,BUY,0,0,0.0,0.0,1.0,1.0,False,0/3,0.0,0.0,0.0
trend_rebound,USD_JPY,tokyo,Q1,Q4,SELL,1,1,1.0,0.20654329147389294,0.2672531769305963,1.0,False,1/3,0.0,inf,3.6000000000000005
trend_rebound,USD_JPY,tokyo,Q2,Q1,BUY,1,1,1.0,0.20654329147389294,0.2672531769305963,1.0,False,1/3,0.0,inf,2.1999999999999997
trend_rebound,USD_JPY,tokyo,Q2,Q1,SELL,2,1,0.5,0.09452865480086611,0.46312038599118976,1.0,False,1/3,0.040000000000000036,1.1904761904761907,0.40000000000000036
trend_rebound,USD_JPY,tokyo,Q2,Q2,BUY,0,0,0.0,0.0,1.0,1.0,False,0/3,0.0,0.0,0.0
trend_rebound,USD_JPY,tokyo,Q2,Q2,SELL,0,0,0.0,0.0,1.0,1.0,False,0/3,0.0,0.0,0.0
trend_rebound,USD_JPY,tokyo,Q2,Q3,BUY,1,1,1.0,0.20654329147389294,0.2672531769305963,1.0,False,1/3,0.0,inf,11.7
trend_rebound,USD_JPY,tokyo,Q2,Q3,SELL,1,0,0.0,0.0,1.0,1.0,False,0/3,0.0,0.0,-6.2
trend_rebound,USD_JPY,tokyo,Q2,Q4,BUY,0,0,0.0,0.0,1.0,1.0,False,0/3,0.0,0.0,0.0
trend_rebound,USD_JPY,tokyo,Q2,Q4,SELL,0,0,0.0,0.0,1.0,1.0,False,0/3,0.0,0.0,0.0
trend_rebound,USD_JPY,tokyo,Q3,Q1,BUY,0,0,0.0,0.0,1.0,1.0,False,0/3,0.0,0.0,0.0
trend_rebound,USD_JPY,tokyo,Q3,Q1,SELL,2,0,0.0,0.0,1.0,1.0,False,0/3,0.0,0.0,-4.699999999999999
trend_rebound,USD_JPY,tokyo,Q3,Q2,BUY,1,1,1.0,0.20654329147389294,0.2672531769305963,1.0,False,1/3,0.0,inf,3.8000000000000003
trend_rebound,USD_JPY,tokyo,Q3,Q2,SELL,1,0,0.0,0.0,1.0,1.0,False,0/3,0.0,0.0,-4.7
trend_rebound,USD_JPY,tokyo,Q3,Q3,BUY,1,0,0.0,0.0,1.0,1.0,False,0/3,0.0,0.0,-5.3
trend_rebound,USD_JPY,tokyo,Q3,Q3,SELL,0,0,0.0,0.0,1.0,1.0,False,0/3,0.0,0.0,0.0
trend_rebound,USD_JPY,tokyo,Q3,Q4,BUY,0,0,0.0,0.0,1.0,1.0,False,0/3,0.0,0.0,0.0
trend_rebound,USD_JPY,tokyo,Q3,Q4,SELL,0,0,0.0,0.0,1.0,1.0,False,0/3,0.0,0.0,0.0
trend_rebound,USD_JPY,tokyo,Q4,Q1,BUY,0,0,0.0,0.0,1.0,1.0,False,0/3,0.0,0.0,0.0
trend_rebound,USD_JPY,tokyo,Q4,Q1,SELL,0,0,0.0,0.0,1.0,1.0,False,0/3,0.0,0.0,0.0
trend_rebound,USD_JPY,tokyo,Q4,Q2,BUY,0,0,0.0,0.0,1.0,1.0,False,0/3,0.0,0.0,0.0
trend_rebound,USD_JPY,tokyo,Q4,Q2,SELL,0,0,0.0,0.0,1.0,1.0,False,0/3,0.0,0.0,0.0
trend_rebound,USD_JPY,tokyo,Q4,Q3,BUY,0,0,0.0,0.0,1.0,1.0,False,0/3,0.0,0.0,0.0
trend_rebound,USD_JPY,tokyo,Q4,Q3,SELL,0,0,0.0,0.0,1.0,1.0,False,0/3,0.0,0.0,0.0
trend_rebound,USD_JPY,tokyo,Q4,Q4,BUY,0,0,0.0,0.0,1.0,1.0,False,0/3,0.0,0.0,0.0
trend_rebound,USD_JPY,tokyo,Q4,Q4,SELL,2,0,0.0,0.0,1.0,1.0,False,0/3,0.0,0.0,-4.05
trend_rebound,USD_JPY,london,Q1,Q1,BUY,0,0,0.0,0.0,1.0,1.0,False,0/3,0.0,0.0,0.0
trend_rebound,USD_JPY,london,Q1,Q1,SELL,0,0,0.0,0.0,1.0,1.0,False,0/3,0.0,0.0,0.0
trend_rebound,USD_JPY,london,Q1,Q2,BUY,0,0,0.0,0.0,1.0,1.0,False,0/3,0.0,0.0,0.0
trend_rebound,USD_JPY,london,Q1,Q2,SELL,0,0,0.0,0.0,1.0,1.0,False,0/3,0.0,0.0,0.0
trend_rebound,USD_JPY,london,Q1,Q3,BUY,0,0,0.0,0.0,1.0,1.0,False,0/3,0.0,0.0,0.0
trend_rebound,USD_JPY,london,Q1,Q3,SELL,0,0,0.0,0.0,1.0,1.0,False,0/3,0.0,0.0,0.0
trend_rebound,USD_JPY,london,Q1,Q4,BUY,0,0,0.0,0.0,1.0,1.0,False,0/3,0.0,0.0,0.0
trend_rebound,USD_JPY,london,Q1,Q4,SELL,0,0,0.0,0.0,1.0,1.0,False,0/3,0.0,0.0,0.0
trend_rebound,USD_JPY,london,Q2,Q1,BUY,0,0,0.0,0.0,1.0,1.0,False,0/3,0.0,0.0,0.0
trend_rebound,USD_JPY,london,Q2,Q1,SELL,0,0,0.0,0.0,1.0,1.0,False,0/3,0.0,0.0,0.0
trend_rebound,USD_JPY,london,Q2,Q2,BUY,0,0,0.0,0.0,1.0,1.0,False,0/3,0.0,0.0,0.0
trend_rebound,USD_JPY,london,Q2,Q2,SELL,0,0,0.0,0.0,1.0,1.0,False,0/3,0.0,0.0,0.0
trend_rebound,USD_JPY,london,Q2,Q3,BUY,1,0,0.0,0.0,1.0,1.0,False,0/3,0.0,0.0,-5.3
trend_rebound,USD_JPY,london,Q2,Q3,SELL,0,0,0.0,0.0,1.0,1.0,False,0/3,0.0,0.0,0.0
trend_rebound,USD_JPY,london,Q2,Q4,BUY,0,0,0.0,0.0,1.0,1.0,False,0/3,0.0,0.0,0.0
trend_rebound,USD_JPY,london,Q2,Q4,SELL,1,1,1.0,0.20654329147389294,0.2672531769305963,1.0,False,1/3,0.0,inf,9.3
trend_rebound,USD_JPY,london,Q3,Q1,BUY,0,0,0.0,0.0,1.0,1.0,False,0/3,0.0,0.0,0.0
trend_rebound,USD_JPY,london,Q3,Q1,SELL,0,0,0.0,0.0,1.0,1.0,False,0/3,0.0,0.0,0.0
trend_rebound,USD_JPY,london,Q3,Q2,BUY,0,0,0.0,0.0,1.0,1.0,False,0/3,0.0,0.0,0.0
trend_rebound,USD_JPY,london,Q3,Q2,SELL,0,0,0.0,0.0,1.0,1.0,False,0/3,0.0,0.0,0.0
trend_rebound,USD_JPY,london,Q3,Q3,BUY,1,0,0.0,0.0,1.0,1.0,False,0/3,0.0,0.0,-2.2
trend_rebound,USD_JPY,london,Q3,Q3,SELL,2,0,0.0,0.0,1.0,1.0,False,0/3,0.0,0.0,-6.5
trend_rebound,USD_JPY,london,Q3,Q4,BUY,0,0,0.0,0.0,1.0,1.0,False,0/3,0.0,0.0,0.0
trend_rebound,USD_JPY,london,Q3,Q4,SELL,0,0,0.0,0.0,1.0,1.0,False,0/3,0.0,0.0,0.0
trend_rebound,USD_JPY,london,Q4,Q1,BUY,1,1,1.0,0.20654329147389294,0.2672531769305963,1.0,False,1/3,0.0,inf,4.2
trend_rebound,USD_JPY,london,Q4,Q1,SELL,0,0,0.0,0.0,1.0,1.0,False,0/3,0.0,0.0,0.0
trend_rebound,USD_JPY,london,Q4,Q2,BUY,1,0,0.0,0.0,1.0,1.0,False,0/3,0.0,0.0,-5.6
trend_rebound,USD_JPY,london,Q4,Q2,SELL,0,0,0.0,0.0,1.0,1.0,False,0/3,0.0,0.0,0.0
trend_rebound,USD_JPY,london,Q4,Q3,BUY,0,0,0.0,0.0,1.0,1.0,False,0/3,0.0,0.0,0.0
trend_rebound,USD_JPY,london,Q4,Q3,SELL,0,0,0.0,0.0,1.0,1.0,False,0/3,0.0,0.0,0.0
trend_rebound,USD_JPY,london,Q4,Q4,BUY,1,0,0.0,0.0,1.0,1.0,False,0/3,0.0,0.0,-13.4
trend_rebound,USD_JPY,london,Q4,Q4,SELL,1,1,1.0,0.20654329147389294,0.2672531769305963,1.0,False,1/3,0.0,inf,6.999999999999999
trend_rebound,USD_JPY,ny,Q1,Q1,BUY,0,0,0.0,0.0,1.0,1.0,False,0/3,0.0,0.0,0.0
trend_rebound,USD_JPY,ny,Q1,Q1,SELL,0,0,0.0,0.0,1.0,1.0,False,0/3,0.0,0.0,0.0
trend_rebound,USD_JPY,ny,Q1,Q2,BUY,0,0,0.0,0.0,1.0,1.0,False,0/3,0.0,0.0,0.0
trend_rebound,USD_JPY,ny,Q1,Q2,SELL,0,0,0.0,0.0,1.0,1.0,False,0/3,0.0,0.0,0.0
trend_rebound,USD_JPY,ny,Q1,Q3,BUY,0,0,0.0,0.0,1.0,1.0,False,0/3,0.0,0.0,0.0
trend_rebound,USD_JPY,ny,Q1,Q3,SELL,0,0,0.0,0.0,1.0,1.0,False,0/3,0.0,0.0,0.0
trend_rebound,USD_JPY,ny,Q1,Q4,BUY,0,0,0.0,0.0,1.0,1.0,False,0/3,0.0,0.0,0.0
trend_rebound,USD_JPY,ny,Q1,Q4,SELL,2,0,0.0,0.0,1.0,1.0,False,0/3,0.0,0.0,-5.6
trend_rebound,USD_JPY,ny,Q2,Q1,BUY,0,0,0.0,0.0,1.0,1.0,False,0/3,0.0,0.0,0.0
trend_rebound,USD_JPY,ny,Q2,Q1,SELL,0,0,0.0,0.0,1.0,1.0,False,0/3,0.0,0.0,0.0
trend_rebound,USD_JPY,ny,Q2,Q2,BUY,0,0,0.0,0.0,1.0,1.0,False,0/3,0.0,0.0,0.0
trend_rebound,USD_JPY,ny,Q2,Q2,SELL,1,0,0.0,0.0,1.0,1.0,False,0/3,0.0,0.0,-4.7
trend_rebound,USD_JPY,ny,Q2,Q3,BUY,0,0,0.0,0.0,1.0,1.0,False,0/3,0.0,0.0,0.0
trend_rebound,USD_JPY,ny,Q2,Q3,SELL,3,1,0.3333333333333333,0.061490315276160515,0.6066592931592014,1.0,False,1/3,0.01449275362318836,1.0952380952380951,0.26666666666666644
trend_rebound,USD_JPY,ny,Q2,Q4,BUY,0,0,0.0,0.0,1.0,1.0,False,0/3,0.0,0.0,0.0
trend_rebound,USD_JPY,ny,Q2,Q4,SELL,0,0,0.0,0.0,1.0,1.0,False,0/3,0.0,0.0,0.0
trend_rebound,USD_JPY,ny,Q3,Q1,BUY,0,0,0.0,0.0,1.0,1.0,False,0/3,0.0,0.0,0.0
trend_rebound,USD_JPY,ny,Q3,Q1,SELL,0,0,0.0,0.0,1.0,1.0,False,0/3,0.0,0.0,0.0
trend_rebound,USD_JPY,ny,Q3,Q2,BUY,0,0,0.0,0.0,1.0,1.0,False,0/3,0.0,0.0,0.0
trend_rebound,USD_JPY,ny,Q3,Q2,SELL,1,0,0.0,0.0,1.0,1.0,False,0/3,0.0,0.0,-5.2
trend_rebound,USD_JPY,ny,Q3,Q3,BUY,0,0,0.0,0.0,1.0,1.0,False,0/3,0.0,0.0,0.0
trend_rebound,USD_JPY,ny,Q3,Q3,SELL,1,0,0.0,0.0,1.0,1.0,False,0/3,0.0,0.0,-6.6000000000000005
trend_rebound,USD_JPY,ny,Q3,Q4,BUY,0,0,0.0,0.0,1.0,1.0,False,0/3,0.0,0.0,0.0
trend_rebound,USD_JPY,ny,Q3,Q4,SELL,0,0,0.0,0.0,1.0,1.0,False,0/3,0.0,0.0,0.0
trend_rebound,USD_JPY,ny,Q4,Q1,BUY,1,0,0.0,0.0,1.0,1.0,False,0/3,0.0,0.0,-6.999999999999999
trend_rebound,USD_JPY,ny,Q4,Q1,SELL,0,0,0.0,0.0,1.0,1.0,False,0/3,0.0,0.0,0.0
trend_rebound,USD_JPY,ny,Q4,Q2,BUY,0,0,0.0,0.0,1.0,1.0,False,0/3,0.0,0.0,0.0
trend_rebound,USD_JPY,ny,Q4,Q2,SELL,0,0,0.0,0.0,1.0,1.0,False,0/3,0.0,0.0,0.0
trend_rebound,USD_JPY,ny,Q4,Q3,BUY,0,0,0.0,0.0,1.0,1.0,False,0/3,0.0,0.0,0.0
trend_rebound,USD_JPY,ny,Q4,Q3,SELL,1,1,1.0,0.20654329147389294,0.2672531769305963,1.0,False,1/3,0.0,inf,17.799999999999997
trend_rebound,USD_JPY,ny,Q4,Q4,BUY,0,0,0.0,0.0,1.0,1.0,False,0/3,0.0,0.0,0.0
trend_rebound,USD_JPY,ny,Q4,Q4,SELL,0,0,0.0,0.0,1.0,1.0,False,0/3,0.0,0.0,0.0
trend_rebound,USD_JPY,overlap,Q1,Q1,BUY,0,0,0.0,0.0,1.0,1.0,False,0/3,0.0,0.0,0.0
trend_rebound,USD_JPY,overlap,Q1,Q1,SELL,0,0,0.0,0.0,1.0,1.0,False,0/3,0.0,0.0,0.0
trend_rebound,USD_JPY,overlap,Q1,Q2,BUY,0,0,0.0,0.0,1.0,1.0,False,0/3,0.0,0.0,0.0
trend_rebound,USD_JPY,overlap,Q1,Q2,SELL,0,0,0.0,0.0,1.0,1.0,False,0/3,0.0,0.0,0.0
trend_rebound,USD_JPY,overlap,Q1,Q3,BUY,0,0,0.0,0.0,1.0,1.0,False,0/3,0.0,0.0,0.0
trend_rebound,USD_JPY,overlap,Q1,Q3,SELL,0,0,0.0,0.0,1.0,1.0,False,0/3,0.0,0.0,0.0
trend_rebound,USD_JPY,overlap,Q1,Q4,BUY,0,0,0.0,0.0,1.0,1.0,False,0/3,0.0,0.0,0.0
trend_rebound,USD_JPY,overlap,Q1,Q4,SELL,0,0,0.0,0.0,1.0,1.0,False,0/3,0.0,0.0,0.0
trend_rebound,USD_JPY,overlap,Q2,Q1,BUY,0,0,0.0,0.0,1.0,1.0,False,0/3,0.0,0.0,0.0
trend_rebound,USD_JPY,overlap,Q2,Q1,SELL,1,0,0.0,0.0,1.0,1.0,False,0/3,0.0,0.0,-4.8
trend_rebound,USD_JPY,overlap,Q2,Q2,BUY,0,0,0.0,0.0,1.0,1.0,False,0/3,0.0,0.0,0.0
trend_rebound,USD_JPY,overlap,Q2,Q2,SELL,0,0,0.0,0.0,1.0,1.0,False,0/3,0.0,0.0,0.0
trend_rebound,USD_JPY,overlap,Q2,Q3,BUY,0,0,0.0,0.0,1.0,1.0,False,0/3,0.0,0.0,0.0
trend_rebound,USD_JPY,overlap,Q2,Q3,SELL,0,0,0.0,0.0,1.0,1.0,False,0/3,0.0,0.0,0.0
trend_rebound,USD_JPY,overlap,Q2,Q4,BUY,0,0,0.0,0.0,1.0,1.0,False,0/3,0.0,0.0,0.0
trend_rebound,USD_JPY,overlap,Q2,Q4,SELL,1,0,0.0,0.0,1.0,1.0,False,0/3,0.0,0.0,-5.800000000000001
trend_rebound,USD_JPY,overlap,Q3,Q1,BUY,0,0,0.0,0.0,1.0,1.0,False,0/3,0.0,0.0,0.0
trend_rebound,USD_JPY,overlap,Q3,Q1,SELL,0,0,0.0,0.0,1.0,1.0,False,0/3,0.0,0.0,0.0
trend_rebound,USD_JPY,overlap,Q3,Q2,BUY,0,0,0.0,0.0,1.0,1.0,False,0/3,0.0,0.0,0.0
trend_rebound,USD_JPY,overlap,Q3,Q2,SELL,1,0,0.0,0.0,1.0,1.0,False,0/3,0.0,0.0,-3.9
trend_rebound,USD_JPY,overlap,Q3,Q3,BUY,0,0,0.0,0.0,1.0,1.0,False,0/3,0.0,0.0,0.0
trend_rebound,USD_JPY,overlap,Q3,Q3,SELL,0,0,0.0,0.0,1.0,1.0,False,0/3,0.0,0.0,0.0
trend_rebound,USD_JPY,overlap,Q3,Q4,BUY,0,0,0.0,0.0,1.0,1.0,False,0/3,0.0,0.0,0.0
trend_rebound,USD_JPY,overlap,Q3,Q4,SELL,0,0,0.0,0.0,1.0,1.0,False,0/3,0.0,0.0,0.0
trend_rebound,USD_JPY,overlap,Q4,Q1,BUY,0,0,0.0,0.0,1.0,1.0,False,0/3,0.0,0.0,0.0
trend_rebound,USD_JPY,overlap,Q4,Q1,SELL,1,1,1.0,0.20654329147389294,0.2672531769305963,1.0,False,1/3,0.0,inf,5.8999999999999995
trend_rebound,USD_JPY,overlap,Q4,Q2,BUY,1,1,1.0,0.20654329147389294,0.2672531769305963,1.0,False,1/3,0.0,inf,15.4
trend_rebound,USD_JPY,overlap,Q4,Q2,SELL,0,0,0.0,0.0,1.0,1.0,False,0/3,0.0,0.0,0.0
trend_rebound,USD_JPY,overlap,Q4,Q3,BUY,0,0,0.0,0.0,1.0,1.0,False,0/3,0.0,0.0,0.0
trend_rebound,USD_JPY,overlap,Q4,Q3,SELL,0,0,0.0,0.0,1.0,1.0,False,0/3,0.0,0.0,0.0
trend_rebound,USD_JPY,overlap,Q4,Q4,BUY,2,1,0.5,0.09452865480086611,0.46312038599118976,1.0,False,1/3,0.04076086956521738,1.1948051948051948,0.75
trend_rebound,USD_JPY,overlap,Q4,Q4,SELL,0,0,0.0,0.0,1.0,1.0,False,0/3,0.0,0.0,0.0
trend_rebound,EUR_USD,tokyo,Q1,Q1,BUY,0,0,0.0,0.0,1.0,1.0,False,0/3,0.0,0.0,0.0
trend_rebound,EUR_USD,tokyo,Q1,Q1,SELL,0,0,0.0,0.0,1.0,1.0,False,0/3,0.0,0.0,0.0
trend_rebound,EUR_USD,tokyo,Q1,Q2,BUY,0,0,0.0,0.0,1.0,1.0,False,0/3,0.0,0.0,0.0
trend_rebound,EUR_USD,tokyo,Q1,Q2,SELL,0,0,0.0,0.0,1.0,1.0,False,0/3,0.0,0.0,0.0
trend_rebound,EUR_USD,tokyo,Q1,Q3,BUY,0,0,0.0,0.0,1.0,1.0,False,0/3,0.0,0.0,0.0
trend_rebound,EUR_USD,tokyo,Q1,Q3,SELL,0,0,0.0,0.0,1.0,1.0,False,0/3,0.0,0.0,0.0
trend_rebound,EUR_USD,tokyo,Q1,Q4,BUY,0,0,0.0,0.0,1.0,1.0,False,0/3,0.0,0.0,0.0
trend_rebound,EUR_USD,tokyo,Q1,Q4,SELL,0,0,0.0,0.0,1.0,1.0,False,0/3,0.0,0.0,0.0
trend_rebound,EUR_USD,tokyo,Q2,Q1,BUY,0,0,0.0,0.0,1.0,1.0,False,0/3,0.0,0.0,0.0
trend_rebound,EUR_USD,tokyo,Q2,Q1,SELL,0,0,0.0,0.0,1.0,1.0,False,0/3,0.0,0.0,0.0
trend_rebound,EUR_USD,tokyo,Q2,Q2,BUY,0,0,0.0,0.0,1.0,1.0,False,0/3,0.0,0.0,0.0
trend_rebound,EUR_USD,tokyo,Q2,Q2,SELL,0,0,0.0,0.0,1.0,1.0,False,0/3,0.0,0.0,0.0
trend_rebound,EUR_USD,tokyo,Q2,Q3,BUY,0,0,0.0,0.0,1.0,1.0,False,0/3,0.0,0.0,0.0
trend_rebound,EUR_USD,tokyo,Q2,Q3,SELL,0,0,0.0,0.0,1.0,1.0,False,0/3,0.0,0.0,0.0
trend_rebound,EUR_USD,tokyo,Q2,Q4,BUY,0,0,0.0,0.0,1.0,1.0,False,0/3,0.0,0.0,0.0
trend_rebound,EUR_USD,tokyo,Q2,Q4,SELL,0,0,0.0,0.0,1.0,1.0,False,0/3,0.0,0.0,0.0
trend_rebound,EUR_USD,tokyo,Q3,Q1,BUY,0,0,0.0,0.0,1.0,1.0,False,0/3,0.0,0.0,0.0
trend_rebound,EUR_USD,tokyo,Q3,Q1,SELL,0,0,0.0,0.0,1.0,1.0,False,0/3,0.0,0.0,0.0
trend_rebound,EUR_USD,tokyo,Q3,Q2,BUY,0,0,0.0,0.0,1.0,1.0,False,0/3,0.0,0.0,0.0
trend_rebound,EUR_USD,tokyo,Q3,Q2,SELL,0,0,0.0,0.0,1.0,1.0,False,0/3,0.0,0.0,0.0
trend_rebound,EUR_USD,tokyo,Q3,Q3,BUY,0,0,0.0,0.0,1.0,1.0,False,0/3,0.0,0.0,0.0
trend_rebound,EUR_USD,tokyo,Q3,Q3,SELL,0,0,0.0,0.0,1.0,1.0,False,0/3,0.0,0.0,0.0
trend_rebound,EUR_USD,tokyo,Q3,Q4,BUY,0,0,0.0,0.0,1.0,1.0,False,0/3,0.0,0.0,0.0
trend_rebound,EUR_USD,tokyo,Q3,Q4,SELL,1,0,0.0,0.0,1.0,1.0,False,0/3,0.0,0.0,-4.9
trend_rebound,EUR_USD,tokyo,Q4,Q1,BUY,0,0,0.0,0.0,1.0,1.0,False,0/3,0.0,0.0,0.0
trend_rebound,EUR_USD,tokyo,Q4,Q1,SELL,0,0,0.0,0.0,1.0,1.0,False,0/3,0.0,0.0,0.0
trend_rebound,EUR_USD,tokyo,Q4,Q2,BUY,0,0,0.0,0.0,1.0,1.0,False,0/3,0.0,0.0,0.0
trend_rebound,EUR_USD,tokyo,Q4,Q2,SELL,0,0,0.0,0.0,1.0,1.0,False,0/3,0.0,0.0,0.0
trend_rebound,EUR_USD,tokyo,Q4,Q3,BUY,0,0,0.0,0.0,1.0,1.0,False,0/3,0.0,0.0,0.0
trend_rebound,EUR_USD,tokyo,Q4,Q3,SELL,0,0,0.0,0.0,1.0,1.0,False,0/3,0.0,0.0,0.0
trend_rebound,EUR_USD,tokyo,Q4,Q4,BUY,0,0,0.0,0.0,1.0,1.0,False,0/3,0.0,0.0,0.0
trend_rebound,EUR_USD,tokyo,Q4,Q4,SELL,0,0,0.0,0.0,1.0,1.0,False,0/3,0.0,0.0,0.0
trend_rebound,EUR_USD,london,Q1,Q1,BUY,0,0,0.0,0.0,1.0,1.0,False,0/3,0.0,0.0,0.0
trend_rebound,EUR_USD,london,Q1,Q1,SELL,0,0,0.0,0.0,1.0,1.0,False,0/3,0.0,0.0,0.0
trend_rebound,EUR_USD,london,Q1,Q2,BUY,0,0,0.0,0.0,1.0,1.0,False,0/3,0.0,0.0,0.0
trend_rebound,EUR_USD,london,Q1,Q2,SELL,0,0,0.0,0.0,1.0,1.0,False,0/3,0.0,0.0,0.0
trend_rebound,EUR_USD,london,Q1,Q3,BUY,0,0,0.0,0.0,1.0,1.0,False,0/3,0.0,0.0,0.0
trend_rebound,EUR_USD,london,Q1,Q3,SELL,0,0,0.0,0.0,1.0,1.0,False,0/3,0.0,0.0,0.0
trend_rebound,EUR_USD,london,Q1,Q4,BUY,0,0,0.0,0.0,1.0,1.0,False,0/3,0.0,0.0,0.0
trend_rebound,EUR_USD,london,Q1,Q4,SELL,0,0,0.0,0.0,1.0,1.0,False,0/3,0.0,0.0,0.0
trend_rebound,EUR_USD,london,Q2,Q1,BUY,0,0,0.0,0.0,1.0,1.0,False,0/3,0.0,0.0,0.0
trend_rebound,EUR_USD,london,Q2,Q1,SELL,0,0,0.0,0.0,1.0,1.0,False,0/3,0.0,0.0,0.0
trend_rebound,EUR_USD,london,Q2,Q2,BUY,0,0,0.0,0.0,1.0,1.0,False,0/3,0.0,0.0,0.0
trend_rebound,EUR_USD,london,Q2,Q2,SELL,2,0,0.0,0.0,1.0,1.0,False,0/3,0.0,0.0,-4.3
trend_rebound,EUR_USD,london,Q2,Q3,BUY,0,0,0.0,0.0,1.0,1.0,False,0/3,0.0,0.0,0.0
trend_rebound,EUR_USD,london,Q2,Q3,SELL,2,0,0.0,0.0,1.0,1.0,False,0/3,0.0,0.0,-5.7
trend_rebound,EUR_USD,london,Q2,Q4,BUY,0,0,0.0,0.0,1.0,1.0,False,0/3,0.0,0.0,0.0
trend_rebound,EUR_USD,london,Q2,Q4,SELL,1,0,0.0,0.0,1.0,1.0,False,0/3,0.0,0.0,-5.0
trend_rebound,EUR_USD,london,Q3,Q1,BUY,0,0,0.0,0.0,1.0,1.0,False,0/3,0.0,0.0,0.0
trend_rebound,EUR_USD,london,Q3,Q1,SELL,0,0,0.0,0.0,1.0,1.0,False,0/3,0.0,0.0,0.0
trend_rebound,EUR_USD,london,Q3,Q2,BUY,0,0,0.0,0.0,1.0,1.0,False,0/3,0.0,0.0,0.0
trend_rebound,EUR_USD,london,Q3,Q2,SELL,1,1,1.0,0.20654329147389294,0.2672531769305963,1.0,False,1/3,0.0,inf,4.2
trend_rebound,EUR_USD,london,Q3,Q3,BUY,0,0,0.0,0.0,1.0,1.0,False,0/3,0.0,0.0,0.0
trend_rebound,EUR_USD,london,Q3,Q3,SELL,0,0,0.0,0.0,1.0,1.0,False,0/3,0.0,0.0,0.0
trend_rebound,EUR_USD,london,Q3,Q4,BUY,0,0,0.0,0.0,1.0,1.0,False,0/3,0.0,0.0,0.0
trend_rebound,EUR_USD,london,Q3,Q4,SELL,0,0,0.0,0.0,1.0,1.0,False,0/3,0.0,0.0,0.0
trend_rebound,EUR_USD,london,Q4,Q1,BUY,0,0,0.0,0.0,1.0,1.0,False,0/3,0.0,0.0,0.0
trend_rebound,EUR_USD,london,Q4,Q1,SELL,0,0,0.0,0.0,1.0,1.0,False,0/3,0.0,0.0,0.0
trend_rebound,EUR_USD,london,Q4,Q2,BUY,0,0,0.0,0.0,1.0,1.0,False,0/3,0.0,0.0,0.0
trend_rebound,EUR_USD,london,Q4,Q2,SELL,0,0,0.0,0.0,1.0,1.0,False,0/3,0.0,0.0,0.0
trend_rebound,EUR_USD,london,Q4,Q3,BUY,0,0,0.0,0.0,1.0,1.0,False,0/3,0.0,0.0,0.0
trend_rebound,EUR_USD,london,Q4,Q3,SELL,1,0,0.0,0.0,1.0,1.0,False,0/3,0.0,0.0,-4.0
trend_rebound,EUR_USD,london,Q4,Q4,BUY,0,0,0.0,0.0,1.0,1.0,False,0/3,0.0,0.0,0.0
trend_rebound,EUR_USD,london,Q4,Q4,SELL,0,0,0.0,0.0,1.0,1.0,False,0/3,0.0,0.0,0.0
trend_rebound,EUR_USD,ny,Q1,Q1,BUY,0,0,0.0,0.0,1.0,1.0,False,0/3,0.0,0.0,0.0
trend_rebound,EUR_USD,ny,Q1,Q1,SELL,0,0,0.0,0.0,1.0,1.0,False,0/3,0.0,0.0,0.0
trend_rebound,EUR_USD,ny,Q1,Q2,BUY,0,0,0.0,0.0,1.0,1.0,False,0/3,0.0,0.0,0.0
trend_rebound,EUR_USD,ny,Q1,Q2,SELL,0,0,0.0,0.0,1.0,1.0,False,0/3,0.0,0.0,0.0
trend_rebound,EUR_USD,ny,Q1,Q3,BUY,0,0,0.0,0.0,1.0,1.0,False,0/3,0.0,0.0,0.0
trend_rebound,EUR_USD,ny,Q1,Q3,SELL,0,0,0.0,0.0,1.0,1.0,False,0/3,0.0,0.0,0.0
trend_rebound,EUR_USD,ny,Q1,Q4,BUY,0,0,0.0,0.0,1.0,1.0,False,0/3,0.0,0.0,0.0
trend_rebound,EUR_USD,ny,Q1,Q4,SELL,0,0,0.0,0.0,1.0,1.0,False,0/3,0.0,0.0,0.0
trend_rebound,EUR_USD,ny,Q2,Q1,BUY,0,0,0.0,0.0,1.0,1.0,False,0/3,0.0,0.0,0.0
trend_rebound,EUR_USD,ny,Q2,Q1,SELL,0,0,0.0,0.0,1.0,1.0,False,0/3,0.0,0.0,0.0
trend_rebound,EUR_USD,ny,Q2,Q2,BUY,0,0,0.0,0.0,1.0,1.0,False,0/3,0.0,0.0,0.0
trend_rebound,EUR_USD,ny,Q2,Q2,SELL,0,0,0.0,0.0,1.0,1.0,False,0/3,0.0,0.0,0.0
trend_rebound,EUR_USD,ny,Q2,Q3,BUY,0,0,0.0,0.0,1.0,1.0,False,0/3,0.0,0.0,0.0
trend_rebound,EUR_USD,ny,Q2,Q3,SELL,0,0,0.0,0.0,1.0,1.0,False,0/3,0.0,0.0,0.0
trend_rebound,EUR_USD,ny,Q2,Q4,BUY,0,0,0.0,0.0,1.0,1.0,False,0/3,0.0,0.0,0.0
trend_rebound,EUR_USD,ny,Q2,Q4,SELL,0,0,0.0,0.0,1.0,1.0,False,0/3,0.0,0.0,0.0
trend_rebound,EUR_USD,ny,Q3,Q1,BUY,0,0,0.0,0.0,1.0,1.0,False,0/3,0.0,0.0,0.0
trend_rebound,EUR_USD,ny,Q3,Q1,SELL,0,0,0.0,0.0,1.0,1.0,False,0/3,0.0,0.0,0.0
trend_rebound,EUR_USD,ny,Q3,Q2,BUY,0,0,0.0,0.0,1.0,1.0,False,0/3,0.0,0.0,0.0
trend_rebound,EUR_USD,ny,Q3,Q2,SELL,0,0,0.0,0.0,1.0,1.0,False,0/3,0.0,0.0,0.0
trend_rebound,EUR_USD,ny,Q3,Q3,BUY,0,0,0.0,0.0,1.0,1.0,False,0/3,0.0,0.0,0.0
trend_rebound,EUR_USD,ny,Q3,Q3,SELL,0,0,0.0,0.0,1.0,1.0,False,0/3,0.0,0.0,0.0
trend_rebound,EUR_USD,ny,Q3,Q4,BUY,0,0,0.0,0.0,1.0,1.0,False,0/3,0.0,0.0,0.0
trend_rebound,EUR_USD,ny,Q3,Q4,SELL,0,0,0.0,0.0,1.0,1.0,False,0/3,0.0,0.0,0.0
trend_rebound,EUR_USD,ny,Q4,Q1,BUY,0,0,0.0,0.0,1.0,1.0,False,0/3,0.0,0.0,0.0
trend_rebound,EUR_USD,ny,Q4,Q1,SELL,0,0,0.0,0.0,1.0,1.0,False,0/3,0.0,0.0,0.0
trend_rebound,EUR_USD,ny,Q4,Q2,BUY,0,0,0.0,0.0,1.0,1.0,False,0/3,0.0,0.0,0.0
trend_rebound,EUR_USD,ny,Q4,Q2,SELL,0,0,0.0,0.0,1.0,1.0,False,0/3,0.0,0.0,0.0
trend_rebound,EUR_USD,ny,Q4,Q3,BUY,0,0,0.0,0.0,1.0,1.0,False,0/3,0.0,0.0,0.0
trend_rebound,EUR_USD,ny,Q4,Q3,SELL,0,0,0.0,0.0,1.0,1.0,False,0/3,0.0,0.0,0.0
trend_rebound,EUR_USD,ny,Q4,Q4,BUY,0,0,0.0,0.0,1.0,1.0,False,0/3,0.0,0.0,0.0
trend_rebound,EUR_USD,ny,Q4,Q4,SELL,0,0,0.0,0.0,1.0,1.0,False,0/3,0.0,0.0,0.0
trend_rebound,EUR_USD,overlap,Q1,Q1,BUY,0,0,0.0,0.0,1.0,1.0,False,0/3,0.0,0.0,0.0
trend_rebound,EUR_USD,overlap,Q1,Q1,SELL,0,0,0.0,0.0,1.0,1.0,False,0/3,0.0,0.0,0.0
trend_rebound,EUR_USD,overlap,Q1,Q2,BUY,0,0,0.0,0.0,1.0,1.0,False,0/3,0.0,0.0,0.0
trend_rebound,EUR_USD,overlap,Q1,Q2,SELL,0,0,0.0,0.0,1.0,1.0,False,0/3,0.0,0.0,0.0
trend_rebound,EUR_USD,overlap,Q1,Q3,BUY,0,0,0.0,0.0,1.0,1.0,False,0/3,0.0,0.0,0.0
trend_rebound,EUR_USD,overlap,Q1,Q3,SELL,0,0,0.0,0.0,1.0,1.0,False,0/3,0.0,0.0,0.0
trend_rebound,EUR_USD,overlap,Q1,Q4,BUY,0,0,0.0,0.0,1.0,1.0,False,0/3,0.0,0.0,0.0
trend_rebound,EUR_USD,overlap,Q1,Q4,SELL,0,0,0.0,0.0,1.0,1.0,False,0/3,0.0,0.0,0.0
trend_rebound,EUR_USD,overlap,Q2,Q1,BUY,0,0,0.0,0.0,1.0,1.0,False,0/3,0.0,0.0,0.0
trend_rebound,EUR_USD,overlap,Q2,Q1,SELL,0,0,0.0,0.0,1.0,1.0,False,0/3,0.0,0.0,0.0
trend_rebound,EUR_USD,overlap,Q2,Q2,BUY,0,0,0.0,0.0,1.0,1.0,False,0/3,0.0,0.0,0.0
trend_rebound,EUR_USD,overlap,Q2,Q2,SELL,0,0,0.0,0.0,1.0,1.0,False,0/3,0.0,0.0,0.0
trend_rebound,EUR_USD,overlap,Q2,Q3,BUY,0,0,0.0,0.0,1.0,1.0,False,0/3,0.0,0.0,0.0
trend_rebound,EUR_USD,overlap,Q2,Q3,SELL,0,0,0.0,0.0,1.0,1.0,False,0/3,0.0,0.0,0.0
trend_rebound,EUR_USD,overlap,Q2,Q4,BUY,0,0,0.0,0.0,1.0,1.0,False,0/3,0.0,0.0,0.0
trend_rebound,EUR_USD,overlap,Q2,Q4,SELL,0,0,0.0,0.0,1.0,1.0,False,0/3,0.0,0.0,0.0
trend_rebound,EUR_USD,overlap,Q3,Q1,BUY,0,0,0.0,0.0,1.0,1.0,False,0/3,0.0,0.0,0.0
trend_rebound,EUR_USD,overlap,Q3,Q1,SELL,0,0,0.0,0.0,1.0,1.0,False,0/3,0.0,0.0,0.0
trend_rebound,EUR_USD,overlap,Q3,Q2,BUY,0,0,0.0,0.0,1.0,1.0,False,0/3,0.0,0.0,0.0
trend_rebound,EUR_USD,overlap,Q3,Q2,SELL,0,0,0.0,0.0,1.0,1.0,False,0/3,0.0,0.0,0.0
trend_rebound,EUR_USD,overlap,Q3,Q3,BUY,0,0,0.0,0.0,1.0,1.0,False,0/3,0.0,0.0,0.0
trend_rebound,EUR_USD,overlap,Q3,Q3,SELL,0,0,0.0,0.0,1.0,1.0,False,0/3,0.0,0.0,0.0
trend_rebound,EUR_USD,overlap,Q3,Q4,BUY,0,0,0.0,0.0,1.0,1.0,False,0/3,0.0,0.0,0.0
trend_rebound,EUR_USD,overlap,Q3,Q4,SELL,0,0,0.0,0.0,1.0,1.0,False,0/3,0.0,0.0,0.0
trend_rebound,EUR_USD,overlap,Q4,Q1,BUY,0,0,0.0,0.0,1.0,1.0,False,0/3,0.0,0.0,0.0
trend_rebound,EUR_USD,overlap,Q4,Q1,SELL,0,0,0.0,0.0,1.0,1.0,False,0/3,0.0,0.0,0.0
trend_rebound,EUR_USD,overlap,Q4,Q2,BUY,0,0,0.0,0.0,1.0,1.0,False,0/3,0.0,0.0,0.0
trend_rebound,EUR_USD,overlap,Q4,Q2,SELL,0,0,0.0,0.0,1.0,1.0,False,0/3,0.0,0.0,0.0
trend_rebound,EUR_USD,overlap,Q4,Q3,BUY,0,0,0.0,0.0,1.0,1.0,False,0/3,0.0,0.0,0.0
trend_rebound,EUR_USD,overlap,Q4,Q3,SELL,0,0,0.0,0.0,1.0,1.0,False,0/3,0.0,0.0,0.0
trend_rebound,EUR_USD,overlap,Q4,Q4,BUY,0,0,0.0,0.0,1.0,1.0,False,0/3,0.0,0.0,0.0
trend_rebound,EUR_USD,overlap,Q4,Q4,SELL,2,1,0.5,0.09452865480086611,0.46312038599118976,1.0,False,1/3,0.021739130434782594,1.0952380952380951,0.19999999999999973
trend_rebound,GBP_USD,tokyo,Q1,Q1,BUY,0,0,0.0,0.0,1.0,1.0,False,0/3,0.0,0.0,0.0
trend_rebound,GBP_USD,tokyo,Q1,Q1,SELL,0,0,0.0,0.0,1.0,1.0,False,0/3,0.0,0.0,0.0
trend_rebound,GBP_USD,tokyo,Q1,Q2,BUY,0,0,0.0,0.0,1.0,1.0,False,0/3,0.0,0.0,0.0
trend_rebound,GBP_USD,tokyo,Q1,Q2,SELL,0,0,0.0,0.0,1.0,1.0,False,0/3,0.0,0.0,0.0
trend_rebound,GBP_USD,tokyo,Q1,Q3,BUY,0,0,0.0,0.0,1.0,1.0,False,0/3,0.0,0.0,0.0
trend_rebound,GBP_USD,tokyo,Q1,Q3,SELL,0,0,0.0,0.0,1.0,1.0,False,0/3,0.0,0.0,0.0
trend_rebound,GBP_USD,tokyo,Q1,Q4,BUY,0,0,0.0,0.0,1.0,1.0,False,0/3,0.0,0.0,0.0
trend_rebound,GBP_USD,tokyo,Q1,Q4,SELL,0,0,0.0,0.0,1.0,1.0,False,0/3,0.0,0.0,0.0
trend_rebound,GBP_USD,tokyo,Q2,Q1,BUY,0,0,0.0,0.0,1.0,1.0,False,0/3,0.0,0.0,0.0
trend_rebound,GBP_USD,tokyo,Q2,Q1,SELL,0,0,0.0,0.0,1.0,1.0,False,0/3,0.0,0.0,0.0
trend_rebound,GBP_USD,tokyo,Q2,Q2,BUY,0,0,0.0,0.0,1.0,1.0,False,0/3,0.0,0.0,0.0
trend_rebound,GBP_USD,tokyo,Q2,Q2,SELL,1,0,0.0,0.0,1.0,1.0,False,0/3,0.0,0.0,-7.3999999999999995
trend_rebound,GBP_USD,tokyo,Q2,Q3,BUY,0,0,0.0,0.0,1.0,1.0,False,0/3,0.0,0.0,0.0
trend_rebound,GBP_USD,tokyo,Q2,Q3,SELL,0,0,0.0,0.0,1.0,1.0,False,0/3,0.0,0.0,0.0
trend_rebound,GBP_USD,tokyo,Q2,Q4,BUY,0,0,0.0,0.0,1.0,1.0,False,0/3,0.0,0.0,0.0
trend_rebound,GBP_USD,tokyo,Q2,Q4,SELL,0,0,0.0,0.0,1.0,1.0,False,0/3,0.0,0.0,0.0
trend_rebound,GBP_USD,tokyo,Q3,Q1,BUY,0,0,0.0,0.0,1.0,1.0,False,0/3,0.0,0.0,0.0
trend_rebound,GBP_USD,tokyo,Q3,Q1,SELL,0,0,0.0,0.0,1.0,1.0,False,0/3,0.0,0.0,0.0
trend_rebound,GBP_USD,tokyo,Q3,Q2,BUY,0,0,0.0,0.0,1.0,1.0,False,0/3,0.0,0.0,0.0
trend_rebound,GBP_USD,tokyo,Q3,Q2,SELL,0,0,0.0,0.0,1.0,1.0,False,0/3,0.0,0.0,0.0
trend_rebound,GBP_USD,tokyo,Q3,Q3,BUY,0,0,0.0,0.0,1.0,1.0,False,0/3,0.0,0.0,0.0
trend_rebound,GBP_USD,tokyo,Q3,Q3,SELL,0,0,0.0,0.0,1.0,1.0,False,0/3,0.0,0.0,0.0
trend_rebound,GBP_USD,tokyo,Q3,Q4,BUY,0,0,0.0,0.0,1.0,1.0,False,0/3,0.0,0.0,0.0
trend_rebound,GBP_USD,tokyo,Q3,Q4,SELL,1,0,0.0,0.0,1.0,1.0,False,0/3,0.0,0.0,-7.8999999999999995
trend_rebound,GBP_USD,tokyo,Q4,Q1,BUY,0,0,0.0,0.0,1.0,1.0,False,0/3,0.0,0.0,0.0
trend_rebound,GBP_USD,tokyo,Q4,Q1,SELL,0,0,0.0,0.0,1.0,1.0,False,0/3,0.0,0.0,0.0
trend_rebound,GBP_USD,tokyo,Q4,Q2,BUY,0,0,0.0,0.0,1.0,1.0,False,0/3,0.0,0.0,0.0
trend_rebound,GBP_USD,tokyo,Q4,Q2,SELL,0,0,0.0,0.0,1.0,1.0,False,0/3,0.0,0.0,0.0
trend_rebound,GBP_USD,tokyo,Q4,Q3,BUY,0,0,0.0,0.0,1.0,1.0,False,0/3,0.0,0.0,0.0
trend_rebound,GBP_USD,tokyo,Q4,Q3,SELL,0,0,0.0,0.0,1.0,1.0,False,0/3,0.0,0.0,0.0
trend_rebound,GBP_USD,tokyo,Q4,Q4,BUY,0,0,0.0,0.0,1.0,1.0,False,0/3,0.0,0.0,0.0
trend_rebound,GBP_USD,tokyo,Q4,Q4,SELL,0,0,0.0,0.0,1.0,1.0,False,0/3,0.0,0.0,0.0
trend_rebound,GBP_USD,london,Q1,Q1,BUY,0,0,0.0,0.0,1.0,1.0,False,0/3,0.0,0.0,0.0
trend_rebound,GBP_USD,london,Q1,Q1,SELL,0,0,0.0,0.0,1.0,1.0,False,0/3,0.0,0.0,0.0
trend_rebound,GBP_USD,london,Q1,Q2,BUY,0,0,0.0,0.0,1.0,1.0,False,0/3,0.0,0.0,0.0
trend_rebound,GBP_USD,london,Q1,Q2,SELL,0,0,0.0,0.0,1.0,1.0,False,0/3,0.0,0.0,0.0
trend_rebound,GBP_USD,london,Q1,Q3,BUY,0,0,0.0,0.0,1.0,1.0,False,0/3,0.0,0.0,0.0
trend_rebound,GBP_USD,london,Q1,Q3,SELL,0,0,0.0,0.0,1.0,1.0,False,0/3,0.0,0.0,0.0
trend_rebound,GBP_USD,london,Q1,Q4,BUY,0,0,0.0,0.0,1.0,1.0,False,0/3,0.0,0.0,0.0
trend_rebound,GBP_USD,london,Q1,Q4,SELL,0,0,0.0,0.0,1.0,1.0,False,0/3,0.0,0.0,0.0
trend_rebound,GBP_USD,london,Q2,Q1,BUY,1,0,0.0,0.0,1.0,1.0,False,0/3,0.0,0.0,-6.6
trend_rebound,GBP_USD,london,Q2,Q1,SELL,0,0,0.0,0.0,1.0,1.0,False,0/3,0.0,0.0,0.0
trend_rebound,GBP_USD,london,Q2,Q2,BUY,1,1,1.0,0.20654329147389294,0.2672531769305963,1.0,False,1/3,0.0,inf,9.299999999999999
trend_rebound,GBP_USD,london,Q2,Q2,SELL,0,0,0.0,0.0,1.0,1.0,False,0/3,0.0,0.0,0.0
trend_rebound,GBP_USD,london,Q2,Q3,BUY,0,0,0.0,0.0,1.0,1.0,False,0/3,0.0,0.0,0.0
trend_rebound,GBP_USD,london,Q2,Q3,SELL,0,0,0.0,0.0,1.0,1.0,False,0/3,0.0,0.0,0.0
trend_rebound,GBP_USD,london,Q2,Q4,BUY,0,0,0.0,0.0,1.0,1.0,False,0/3,0.0,0.0,0.0
trend_rebound,GBP_USD,london,Q2,Q4,SELL,0,0,0.0,0.0,1.0,1.0,False,0/3,0.0,0.0,0.0
trend_rebound,GBP_USD,london,Q3,Q1,BUY,0,0,0.0,0.0,1.0,1.0,False,0/3,0.0,0.0,0.0
trend_rebound,GBP_USD,london,Q3,Q1,SELL,0,0,0.0,0.0,1.0,1.0,False,0/3,0.0,0.0,0.0
trend_rebound,GBP_USD,london,Q3,Q2,BUY,0,0,0.0,0.0,1.0,1.0,False,0/3,0.0,0.0,0.0
trend_rebound,GBP_USD,london,Q3,Q2,SELL,0,0,0.0,0.0,1.0,1.0,False,0/3,0.0,0.0,0.0
trend_rebound,GBP_USD,london,Q3,Q3,BUY,0,0,0.0,0.0,1.0,1.0,False,0/3,0.0,0.0,0.0
trend_rebound,GBP_USD,london,Q3,Q3,SELL,0,0,0.0,0.0,1.0,1.0,False,0/3,0.0,0.0,0.0
trend_rebound,GBP_USD,london,Q3,Q4,BUY,0,0,0.0,0.0,1.0,1.0,False,0/3,0.0,0.0,0.0
trend_rebound,GBP_USD,london,Q3,Q4,SELL,0,0,0.0,0.0,1.0,1.0,False,0/3,0.0,0.0,0.0
trend_rebound,GBP_USD,london,Q4,Q1,BUY,0,0,0.0,0.0,1.0,1.0,False,0/3,0.0,0.0,0.0
trend_rebound,GBP_USD,london,Q4,Q1,SELL,0,0,0.0,0.0,1.0,1.0,False,0/3,0.0,0.0,0.0
trend_rebound,GBP_USD,london,Q4,Q2,BUY,0,0,0.0,0.0,1.0,1.0,False,0/3,0.0,0.0,0.0
trend_rebound,GBP_USD,london,Q4,Q2,SELL,0,0,0.0,0.0,1.0,1.0,False,0/3,0.0,0.0,0.0
trend_rebound,GBP_USD,london,Q4,Q3,BUY,0,0,0.0,0.0,1.0,1.0,False,0/3,0.0,0.0,0.0
trend_rebound,GBP_USD,london,Q4,Q3,SELL,0,0,0.0,0.0,1.0,1.0,False,0/3,0.0,0.0,0.0
trend_rebound,GBP_USD,london,Q4,Q4,BUY,0,0,0.0,0.0,1.0,1.0,False,0/3,0.0,0.0,0.0
trend_rebound,GBP_USD,london,Q4,Q4,SELL,0,0,0.0,0.0,1.0,1.0,False,0/3,0.0,0.0,0.0
trend_rebound,GBP_USD,ny,Q1,Q1,BUY,0,0,0.0,0.0,1.0,1.0,False,0/3,0.0,0.0,0.0
trend_rebound,GBP_USD,ny,Q1,Q1,SELL,0,0,0.0,0.0,1.0,1.0,False,0/3,0.0,0.0,0.0
trend_rebound,GBP_USD,ny,Q1,Q2,BUY,0,0,0.0,0.0,1.0,1.0,False,0/3,0.0,0.0,0.0
trend_rebound,GBP_USD,ny,Q1,Q2,SELL,0,0,0.0,0.0,1.0,1.0,False,0/3,0.0,0.0,0.0
trend_rebound,GBP_USD,ny,Q1,Q3,BUY,0,0,0.0,0.0,1.0,1.0,False,0/3,0.0,0.0,0.0
trend_rebound,GBP_USD,ny,Q1,Q3,SELL,0,0,0.0,0.0,1.0,1.0,False,0/3,0.0,0.0,0.0
trend_rebound,GBP_USD,ny,Q1,Q4,BUY,0,0,0.0,0.0,1.0,1.0,False,0/3,0.0,0.0,0.0
trend_rebound,GBP_USD,ny,Q1,Q4,SELL,0,0,0.0,0.0,1.0,1.0,False,0/3,0.0,0.0,0.0
trend_rebound,GBP_USD,ny,Q2,Q1,BUY,0,0,0.0,0.0,1.0,1.0,False,0/3,0.0,0.0,0.0
trend_rebound,GBP_USD,ny,Q2,Q1,SELL,0,0,0.0,0.0,1.0,1.0,False,0/3,0.0,0.0,0.0
trend_rebound,GBP_USD,ny,Q2,Q2,BUY,0,0,0.0,0.0,1.0,1.0,False,0/3,0.0,0.0,0.0
trend_rebound,GBP_USD,ny,Q2,Q2,SELL,0,0,0.0,0.0,1.0,1.0,False,0/3,0.0,0.0,0.0
trend_rebound,GBP_USD,ny,Q2,Q3,BUY,0,0,0.0,0.0,1.0,1.0,False,0/3,0.0,0.0,0.0
trend_rebound,GBP_USD,ny,Q2,Q3,SELL,0,0,0.0,0.0,1.0,1.0,False,0/3,0.0,0.0,0.0
trend_rebound,GBP_USD,ny,Q2,Q4,BUY,0,0,0.0,0.0,1.0,1.0,False,0/3,0.0,0.0,0.0
trend_rebound,GBP_USD,ny,Q2,Q4,SELL,0,0,0.0,0.0,1.0,1.0,False,0/3,0.0,0.0,0.0
trend_rebound,GBP_USD,ny,Q3,Q1,BUY,0,0,0.0,0.0,1.0,1.0,False,0/3,0.0,0.0,0.0
trend_rebound,GBP_USD,ny,Q3,Q1,SELL,0,0,0.0,0.0,1.0,1.0,False,0/3,0.0,0.0,0.0
trend_rebound,GBP_USD,ny,Q3,Q2,BUY,0,0,0.0,0.0,1.0,1.0,False,0/3,0.0,0.0,0.0
trend_rebound,GBP_USD,ny,Q3,Q2,SELL,0,0,0.0,0.0,1.0,1.0,False,0/3,0.0,0.0,0.0
trend_rebound,GBP_USD,ny,Q3,Q3,BUY,0,0,0.0,0.0,1.0,1.0,False,0/3,0.0,0.0,0.0
trend_rebound,GBP_USD,ny,Q3,Q3,SELL,0,0,0.0,0.0,1.0,1.0,False,0/3,0.0,0.0,0.0
trend_rebound,GBP_USD,ny,Q3,Q4,BUY,0,0,0.0,0.0,1.0,1.0,False,0/3,0.0,0.0,0.0
trend_rebound,GBP_USD,ny,Q3,Q4,SELL,0,0,0.0,0.0,1.0,1.0,False,0/3,0.0,0.0,0.0
trend_rebound,GBP_USD,ny,Q4,Q1,BUY,0,0,0.0,0.0,1.0,1.0,False,0/3,0.0,0.0,0.0
trend_rebound,GBP_USD,ny,Q4,Q1,SELL,0,0,0.0,0.0,1.0,1.0,False,0/3,0.0,0.0,0.0
trend_rebound,GBP_USD,ny,Q4,Q2,BUY,0,0,0.0,0.0,1.0,1.0,False,0/3,0.0,0.0,0.0
trend_rebound,GBP_USD,ny,Q4,Q2,SELL,0,0,0.0,0.0,1.0,1.0,False,0/3,0.0,0.0,0.0
trend_rebound,GBP_USD,ny,Q4,Q3,BUY,0,0,0.0,0.0,1.0,1.0,False,0/3,0.0,0.0,0.0
trend_rebound,GBP_USD,ny,Q4,Q3,SELL,0,0,0.0,0.0,1.0,1.0,False,0/3,0.0,0.0,0.0
trend_rebound,GBP_USD,ny,Q4,Q4,BUY,0,0,0.0,0.0,1.0,1.0,False,0/3,0.0,0.0,0.0
trend_rebound,GBP_USD,ny,Q4,Q4,SELL,0,0,0.0,0.0,1.0,1.0,False,0/3,0.0,0.0,0.0
trend_rebound,GBP_USD,overlap,Q1,Q1,BUY,0,0,0.0,0.0,1.0,1.0,False,0/3,0.0,0.0,0.0
trend_rebound,GBP_USD,overlap,Q1,Q1,SELL,0,0,0.0,0.0,1.0,1.0,False,0/3,0.0,0.0,0.0
trend_rebound,GBP_USD,overlap,Q1,Q2,BUY,0,0,0.0,0.0,1.0,1.0,False,0/3,0.0,0.0,0.0
trend_rebound,GBP_USD,overlap,Q1,Q2,SELL,0,0,0.0,0.0,1.0,1.0,False,0/3,0.0,0.0,0.0
trend_rebound,GBP_USD,overlap,Q1,Q3,BUY,0,0,0.0,0.0,1.0,1.0,False,0/3,0.0,0.0,0.0
trend_rebound,GBP_USD,overlap,Q1,Q3,SELL,0,0,0.0,0.0,1.0,1.0,False,0/3,0.0,0.0,0.0
trend_rebound,GBP_USD,overlap,Q1,Q4,BUY,0,0,0.0,0.0,1.0,1.0,False,0/3,0.0,0.0,0.0
trend_rebound,GBP_USD,overlap,Q1,Q4,SELL,0,0,0.0,0.0,1.0,1.0,False,0/3,0.0,0.0,0.0
trend_rebound,GBP_USD,overlap,Q2,Q1,BUY,0,0,0.0,0.0,1.0,1.0,False,0/3,0.0,0.0,0.0
trend_rebound,GBP_USD,overlap,Q2,Q1,SELL,1,1,1.0,0.20654329147389294,0.2672531769305963,1.0,False,1/3,0.0,inf,4.300000000000001
trend_rebound,GBP_USD,overlap,Q2,Q2,BUY,0,0,0.0,0.0,1.0,1.0,False,0/3,0.0,0.0,0.0
trend_rebound,GBP_USD,overlap,Q2,Q2,SELL,0,0,0.0,0.0,1.0,1.0,False,0/3,0.0,0.0,0.0
trend_rebound,GBP_USD,overlap,Q2,Q3,BUY,0,0,0.0,0.0,1.0,1.0,False,0/3,0.0,0.0,0.0
trend_rebound,GBP_USD,overlap,Q2,Q3,SELL,0,0,0.0,0.0,1.0,1.0,False,0/3,0.0,0.0,0.0
trend_rebound,GBP_USD,overlap,Q2,Q4,BUY,0,0,0.0,0.0,1.0,1.0,False,0/3,0.0,0.0,0.0
trend_rebound,GBP_USD,overlap,Q2,Q4,SELL,0,0,0.0,0.0,1.0,1.0,False,0/3,0.0,0.0,0.0
trend_rebound,GBP_USD,overlap,Q3,Q1,BUY,0,0,0.0,0.0,1.0,1.0,False,0/3,0.0,0.0,0.0
trend_rebound,GBP_USD,overlap,Q3,Q1,SELL,0,0,0.0,0.0,1.0,1.0,False,0/3,0.0,0.0,0.0
trend_rebound,GBP_USD,overlap,Q3,Q2,BUY,0,0,0.0,0.0,1.0,1.0,False,0/3,0.0,0.0,0.0
trend_rebound,GBP_USD,overlap,Q3,Q2,SELL,0,0,0.0,0.0,1.0,1.0,False,0/3,0.0,0.0,0.0
trend_rebound,GBP_USD,overlap,Q3,Q3,BUY,0,0,0.0,0.0,1.0,1.0,False,0/3,0.0,0.0,0.0
trend_rebound,GBP_USD,overlap,Q3,Q3,SELL,0,0,0.0,0.0,1.0,1.0,False,0/3,0.0,0.0,0.0
trend_rebound,GBP_USD,overlap,Q3,Q4,BUY,0,0,0.0,0.0,1.0,1.0,False,0/3,0.0,0.0,0.0
trend_rebound,GBP_USD,overlap,Q3,Q4,SELL,0,0,0.0,0.0,1.0,1.0,False,0/3,0.0,0.0,0.0
trend_rebound,GBP_USD,overlap,Q4,Q1,BUY,0,0,0.0,0.0,1.0,1.0,False,0/3,0.0,0.0,0.0
trend_rebound,GBP_USD,overlap,Q4,Q1,SELL,0,0,0.0,0.0,1.0,1.0,False,0/3,0.0,0.0,0.0
trend_rebound,GBP_USD,overlap,Q4,Q2,BUY,0,0,0.0,0.0,1.0,1.0,False,0/3,0.0,0.0,0.0
trend_rebound,GBP_USD,overlap,Q4,Q2,SELL,1,0,0.0,0.0,1.0,1.0,False,0/3,0.0,0.0,-14.5
trend_rebound,GBP_USD,overlap,Q4,Q3,BUY,0,0,0.0,0.0,1.0,1.0,False,0/3,0.0,0.0,0.0
trend_rebound,GBP_USD,overlap,Q4,Q3,SELL,0,0,0.0,0.0,1.0,1.0,False,0/3,0.0,0.0,0.0
trend_rebound,GBP_USD,overlap,Q4,Q4,BUY,0,0,0.0,0.0,1.0,1.0,False,0/3,0.0,0.0,0.0
trend_rebound,GBP_USD,overlap,Q4,Q4,SELL,1,1,1.0,0.20654329147389294,0.2672531769305963,1.0,False,1/3,0.0,inf,14.0
trend_rebound,EUR_JPY,tokyo,Q1,Q1,BUY,0,0,0.0,0.0,1.0,1.0,False,0/3,0.0,0.0,0.0
trend_rebound,EUR_JPY,tokyo,Q1,Q1,SELL,0,0,0.0,0.0,1.0,1.0,False,0/3,0.0,0.0,0.0
trend_rebound,EUR_JPY,tokyo,Q1,Q2,BUY,0,0,0.0,0.0,1.0,1.0,False,0/3,0.0,0.0,0.0
trend_rebound,EUR_JPY,tokyo,Q1,Q2,SELL,0,0,0.0,0.0,1.0,1.0,False,0/3,0.0,0.0,0.0
trend_rebound,EUR_JPY,tokyo,Q1,Q3,BUY,0,0,0.0,0.0,1.0,1.0,False,0/3,0.0,0.0,0.0
trend_rebound,EUR_JPY,tokyo,Q1,Q3,SELL,0,0,0.0,0.0,1.0,1.0,False,0/3,0.0,0.0,0.0
trend_rebound,EUR_JPY,tokyo,Q1,Q4,BUY,0,0,0.0,0.0,1.0,1.0,False,0/3,0.0,0.0,0.0
trend_rebound,EUR_JPY,tokyo,Q1,Q4,SELL,0,0,0.0,0.0,1.0,1.0,False,0/3,0.0,0.0,0.0
trend_rebound,EUR_JPY,tokyo,Q2,Q1,BUY,0,0,0.0,0.0,1.0,1.0,False,0/3,0.0,0.0,0.0
trend_rebound,EUR_JPY,tokyo,Q2,Q1,SELL,0,0,0.0,0.0,1.0,1.0,False,0/3,0.0,0.0,0.0
trend_rebound,EUR_JPY,tokyo,Q2,Q2,BUY,0,0,0.0,0.0,1.0,1.0,False,0/3,0.0,0.0,0.0
trend_rebound,EUR_JPY,tokyo,Q2,Q2,SELL,0,0,0.0,0.0,1.0,1.0,False,0/3,0.0,0.0,0.0
trend_rebound,EUR_JPY,tokyo,Q2,Q3,BUY,0,0,0.0,0.0,1.0,1.0,False,0/3,0.0,0.0,0.0
trend_rebound,EUR_JPY,tokyo,Q2,Q3,SELL,0,0,0.0,0.0,1.0,1.0,False,0/3,0.0,0.0,0.0
trend_rebound,EUR_JPY,tokyo,Q2,Q4,BUY,0,0,0.0,0.0,1.0,1.0,False,0/3,0.0,0.0,0.0
trend_rebound,EUR_JPY,tokyo,Q2,Q4,SELL,0,0,0.0,0.0,1.0,1.0,False,0/3,0.0,0.0,0.0
trend_rebound,EUR_JPY,tokyo,Q3,Q1,BUY,0,0,0.0,0.0,1.0,1.0,False,0/3,0.0,0.0,0.0
trend_rebound,EUR_JPY,tokyo,Q3,Q1,SELL,0,0,0.0,0.0,1.0,1.0,False,0/3,0.0,0.0,0.0
trend_rebound,EUR_JPY,tokyo,Q3,Q2,BUY,0,0,0.0,0.0,1.0,1.0,False,0/3,0.0,0.0,0.0
trend_rebound,EUR_JPY,tokyo,Q3,Q2,SELL,0,0,0.0,0.0,1.0,1.0,False,0/3,0.0,0.0,0.0
trend_rebound,EUR_JPY,tokyo,Q3,Q3,BUY,0,0,0.0,0.0,1.0,1.0,False,0/3,0.0,0.0,0.0
trend_rebound,EUR_JPY,tokyo,Q3,Q3,SELL,0,0,0.0,0.0,1.0,1.0,False,0/3,0.0,0.0,0.0
trend_rebound,EUR_JPY,tokyo,Q3,Q4,BUY,0,0,0.0,0.0,1.0,1.0,False,0/3,0.0,0.0,0.0
trend_rebound,EUR_JPY,tokyo,Q3,Q4,SELL,0,0,0.0,0.0,1.0,1.0,False,0/3,0.0,0.0,0.0
trend_rebound,EUR_JPY,tokyo,Q4,Q1,BUY,0,0,0.0,0.0,1.0,1.0,False,0/3,0.0,0.0,0.0
trend_rebound,EUR_JPY,tokyo,Q4,Q1,SELL,0,0,0.0,0.0,1.0,1.0,False,0/3,0.0,0.0,0.0
trend_rebound,EUR_JPY,tokyo,Q4,Q2,BUY,0,0,0.0,0.0,1.0,1.0,False,0/3,0.0,0.0,0.0
trend_rebound,EUR_JPY,tokyo,Q4,Q2,SELL,0,0,0.0,0.0,1.0,1.0,False,0/3,0.0,0.0,0.0
trend_rebound,EUR_JPY,tokyo,Q4,Q3,BUY,0,0,0.0,0.0,1.0,1.0,False,0/3,0.0,0.0,0.0
trend_rebound,EUR_JPY,tokyo,Q4,Q3,SELL,0,0,0.0,0.0,1.0,1.0,False,0/3,0.0,0.0,0.0
trend_rebound,EUR_JPY,tokyo,Q4,Q4,BUY,0,0,0.0,0.0,1.0,1.0,False,0/3,0.0,0.0,0.0
trend_rebound,EUR_JPY,tokyo,Q4,Q4,SELL,0,0,0.0,0.0,1.0,1.0,False,0/3,0.0,0.0,0.0
trend_rebound,EUR_JPY,london,Q1,Q1,BUY,0,0,0.0,0.0,1.0,1.0,False,0/3,0.0,0.0,0.0
trend_rebound,EUR_JPY,london,Q1,Q1,SELL,0,0,0.0,0.0,1.0,1.0,False,0/3,0.0,0.0,0.0
trend_rebound,EUR_JPY,london,Q1,Q2,BUY,0,0,0.0,0.0,1.0,1.0,False,0/3,0.0,0.0,0.0
trend_rebound,EUR_JPY,london,Q1,Q2,SELL,0,0,0.0,0.0,1.0,1.0,False,0/3,0.0,0.0,0.0
trend_rebound,EUR_JPY,london,Q1,Q3,BUY,0,0,0.0,0.0,1.0,1.0,False,0/3,0.0,0.0,0.0
trend_rebound,EUR_JPY,london,Q1,Q3,SELL,0,0,0.0,0.0,1.0,1.0,False,0/3,0.0,0.0,0.0
trend_rebound,EUR_JPY,london,Q1,Q4,BUY,0,0,0.0,0.0,1.0,1.0,False,0/3,0.0,0.0,0.0
trend_rebound,EUR_JPY,london,Q1,Q4,SELL,0,0,0.0,0.0,1.0,1.0,False,0/3,0.0,0.0,0.0
trend_rebound,EUR_JPY,london,Q2,Q1,BUY,0,0,0.0,0.0,1.0,1.0,False,0/3,0.0,0.0,0.0
trend_rebound,EUR_JPY,london,Q2,Q1,SELL,0,0,0.0,0.0,1.0,1.0,False,0/3,0.0,0.0,0.0
trend_rebound,EUR_JPY,london,Q2,Q2,BUY,0,0,0.0,0.0,1.0,1.0,False,0/3,0.0,0.0,0.0
trend_rebound,EUR_JPY,london,Q2,Q2,SELL,0,0,0.0,0.0,1.0,1.0,False,0/3,0.0,0.0,0.0
trend_rebound,EUR_JPY,london,Q2,Q3,BUY,0,0,0.0,0.0,1.0,1.0,False,0/3,0.0,0.0,0.0
trend_rebound,EUR_JPY,london,Q2,Q3,SELL,0,0,0.0,0.0,1.0,1.0,False,0/3,0.0,0.0,0.0
trend_rebound,EUR_JPY,london,Q2,Q4,BUY,0,0,0.0,0.0,1.0,1.0,False,0/3,0.0,0.0,0.0
trend_rebound,EUR_JPY,london,Q2,Q4,SELL,0,0,0.0,0.0,1.0,1.0,False,0/3,0.0,0.0,0.0
trend_rebound,EUR_JPY,london,Q3,Q1,BUY,0,0,0.0,0.0,1.0,1.0,False,0/3,0.0,0.0,0.0
trend_rebound,EUR_JPY,london,Q3,Q1,SELL,0,0,0.0,0.0,1.0,1.0,False,0/3,0.0,0.0,0.0
trend_rebound,EUR_JPY,london,Q3,Q2,BUY,0,0,0.0,0.0,1.0,1.0,False,0/3,0.0,0.0,0.0
trend_rebound,EUR_JPY,london,Q3,Q2,SELL,0,0,0.0,0.0,1.0,1.0,False,0/3,0.0,0.0,0.0
trend_rebound,EUR_JPY,london,Q3,Q3,BUY,0,0,0.0,0.0,1.0,1.0,False,0/3,0.0,0.0,0.0
trend_rebound,EUR_JPY,london,Q3,Q3,SELL,0,0,0.0,0.0,1.0,1.0,False,0/3,0.0,0.0,0.0
trend_rebound,EUR_JPY,london,Q3,Q4,BUY,0,0,0.0,0.0,1.0,1.0,False,0/3,0.0,0.0,0.0
trend_rebound,EUR_JPY,london,Q3,Q4,SELL,0,0,0.0,0.0,1.0,1.0,False,0/3,0.0,0.0,0.0
trend_rebound,EUR_JPY,london,Q4,Q1,BUY,0,0,0.0,0.0,1.0,1.0,False,0/3,0.0,0.0,0.0
trend_rebound,EUR_JPY,london,Q4,Q1,SELL,0,0,0.0,0.0,1.0,1.0,False,0/3,0.0,0.0,0.0
trend_rebound,EUR_JPY,london,Q4,Q2,BUY,0,0,0.0,0.0,1.0,1.0,False,0/3,0.0,0.0,0.0
trend_rebound,EUR_JPY,london,Q4,Q2,SELL,0,0,0.0,0.0,1.0,1.0,False,0/3,0.0,0.0,0.0
trend_rebound,EUR_JPY,london,Q4,Q3,BUY,0,0,0.0,0.0,1.0,1.0,False,0/3,0.0,0.0,0.0
trend_rebound,EUR_JPY,london,Q4,Q3,SELL,0,0,0.0,0.0,1.0,1.0,False,0/3,0.0,0.0,0.0
trend_rebound,EUR_JPY,london,Q4,Q4,BUY,0,0,0.0,0.0,1.0,1.0,False,0/3,0.0,0.0,0.0
trend_rebound,EUR_JPY,london,Q4,Q4,SELL,0,0,0.0,0.0,1.0,1.0,False,0/3,0.0,0.0,0.0
trend_rebound,EUR_JPY,ny,Q1,Q1,BUY,0,0,0.0,0.0,1.0,1.0,False,0/3,0.0,0.0,0.0
trend_rebound,EUR_JPY,ny,Q1,Q1,SELL,0,0,0.0,0.0,1.0,1.0,False,0/3,0.0,0.0,0.0
trend_rebound,EUR_JPY,ny,Q1,Q2,BUY,0,0,0.0,0.0,1.0,1.0,False,0/3,0.0,0.0,0.0
trend_rebound,EUR_JPY,ny,Q1,Q2,SELL,0,0,0.0,0.0,1.0,1.0,False,0/3,0.0,0.0,0.0
trend_rebound,EUR_JPY,ny,Q1,Q3,BUY,0,0,0.0,0.0,1.0,1.0,False,0/3,0.0,0.0,0.0
trend_rebound,EUR_JPY,ny,Q1,Q3,SELL,0,0,0.0,0.0,1.0,1.0,False,0/3,0.0,0.0,0.0
trend_rebound,EUR_JPY,ny,Q1,Q4,BUY,0,0,0.0,0.0,1.0,1.0,False,0/3,0.0,0.0,0.0
trend_rebound,EUR_JPY,ny,Q1,Q4,SELL,0,0,0.0,0.0,1.0,1.0,False,0/3,0.0,0.0,0.0
trend_rebound,EUR_JPY,ny,Q2,Q1,BUY,0,0,0.0,0.0,1.0,1.0,False,0/3,0.0,0.0,0.0
trend_rebound,EUR_JPY,ny,Q2,Q1,SELL,0,0,0.0,0.0,1.0,1.0,False,0/3,0.0,0.0,0.0
trend_rebound,EUR_JPY,ny,Q2,Q2,BUY,0,0,0.0,0.0,1.0,1.0,False,0/3,0.0,0.0,0.0
trend_rebound,EUR_JPY,ny,Q2,Q2,SELL,0,0,0.0,0.0,1.0,1.0,False,0/3,0.0,0.0,0.0
trend_rebound,EUR_JPY,ny,Q2,Q3,BUY,0,0,0.0,0.0,1.0,1.0,False,0/3,0.0,0.0,0.0
trend_rebound,EUR_JPY,ny,Q2,Q3,SELL,0,0,0.0,0.0,1.0,1.0,False,0/3,0.0,0.0,0.0
trend_rebound,EUR_JPY,ny,Q2,Q4,BUY,0,0,0.0,0.0,1.0,1.0,False,0/3,0.0,0.0,0.0
trend_rebound,EUR_JPY,ny,Q2,Q4,SELL,0,0,0.0,0.0,1.0,1.0,False,0/3,0.0,0.0,0.0
trend_rebound,EUR_JPY,ny,Q3,Q1,BUY,0,0,0.0,0.0,1.0,1.0,False,0/3,0.0,0.0,0.0
trend_rebound,EUR_JPY,ny,Q3,Q1,SELL,0,0,0.0,0.0,1.0,1.0,False,0/3,0.0,0.0,0.0
trend_rebound,EUR_JPY,ny,Q3,Q2,BUY,0,0,0.0,0.0,1.0,1.0,False,0/3,0.0,0.0,0.0
trend_rebound,EUR_JPY,ny,Q3,Q2,SELL,0,0,0.0,0.0,1.0,1.0,False,0/3,0.0,0.0,0.0
trend_rebound,EUR_JPY,ny,Q3,Q3,BUY,0,0,0.0,0.0,1.0,1.0,False,0/3,0.0,0.0,0.0
trend_rebound,EUR_JPY,ny,Q3,Q3,SELL,0,0,0.0,0.0,1.0,1.0,False,0/3,0.0,0.0,0.0
trend_rebound,EUR_JPY,ny,Q3,Q4,BUY,0,0,0.0,0.0,1.0,1.0,False,0/3,0.0,0.0,0.0
trend_rebound,EUR_JPY,ny,Q3,Q4,SELL,0,0,0.0,0.0,1.0,1.0,False,0/3,0.0,0.0,0.0
trend_rebound,EUR_JPY,ny,Q4,Q1,BUY,0,0,0.0,0.0,1.0,1.0,False,0/3,0.0,0.0,0.0
trend_rebound,EUR_JPY,ny,Q4,Q1,SELL,0,0,0.0,0.0,1.0,1.0,False,0/3,0.0,0.0,0.0
trend_rebound,EUR_JPY,ny,Q4,Q2,BUY,0,0,0.0,0.0,1.0,1.0,False,0/3,0.0,0.0,0.0
trend_rebound,EUR_JPY,ny,Q4,Q2,SELL,0,0,0.0,0.0,1.0,1.0,False,0/3,0.0,0.0,0.0
trend_rebound,EUR_JPY,ny,Q4,Q3,BUY,0,0,0.0,0.0,1.0,1.0,False,0/3,0.0,0.0,0.0
trend_rebound,EUR_JPY,ny,Q4,Q3,SELL,0,0,0.0,0.0,1.0,1.0,False,0/3,0.0,0.0,0.0
trend_rebound,EUR_JPY,ny,Q4,Q4,BUY,0,0,0.0,0.0,1.0,1.0,False,0/3,0.0,0.0,0.0
trend_rebound,EUR_JPY,ny,Q4,Q4,SELL,0,0,0.0,0.0,1.0,1.0,False,0/3,0.0,0.0,0.0
trend_rebound,EUR_JPY,overlap,Q1,Q1,BUY,0,0,0.0,0.0,1.0,1.0,False,0/3,0.0,0.0,0.0
trend_rebound,EUR_JPY,overlap,Q1,Q1,SELL,0,0,0.0,0.0,1.0,1.0,False,0/3,0.0,0.0,0.0
trend_rebound,EUR_JPY,overlap,Q1,Q2,BUY,0,0,0.0,0.0,1.0,1.0,False,0/3,0.0,0.0,0.0
trend_rebound,EUR_JPY,overlap,Q1,Q2,SELL,0,0,0.0,0.0,1.0,1.0,False,0/3,0.0,0.0,0.0
trend_rebound,EUR_JPY,overlap,Q1,Q3,BUY,0,0,0.0,0.0,1.0,1.0,False,0/3,0.0,0.0,0.0
trend_rebound,EUR_JPY,overlap,Q1,Q3,SELL,0,0,0.0,0.0,1.0,1.0,False,0/3,0.0,0.0,0.0
trend_rebound,EUR_JPY,overlap,Q1,Q4,BUY,0,0,0.0,0.0,1.0,1.0,False,0/3,0.0,0.0,0.0
trend_rebound,EUR_JPY,overlap,Q1,Q4,SELL,0,0,0.0,0.0,1.0,1.0,False,0/3,0.0,0.0,0.0
trend_rebound,EUR_JPY,overlap,Q2,Q1,BUY,0,0,0.0,0.0,1.0,1.0,False,0/3,0.0,0.0,0.0
trend_rebound,EUR_JPY,overlap,Q2,Q1,SELL,0,0,0.0,0.0,1.0,1.0,False,0/3,0.0,0.0,0.0
trend_rebound,EUR_JPY,overlap,Q2,Q2,BUY,0,0,0.0,0.0,1.0,1.0,False,0/3,0.0,0.0,0.0
trend_rebound,EUR_JPY,overlap,Q2,Q2,SELL,0,0,0.0,0.0,1.0,1.0,False,0/3,0.0,0.0,0.0
trend_rebound,EUR_JPY,overlap,Q2,Q3,BUY,0,0,0.0,0.0,1.0,1.0,False,0/3,0.0,0.0,0.0
trend_rebound,EUR_JPY,overlap,Q2,Q3,SELL,0,0,0.0,0.0,1.0,1.0,False,0/3,0.0,0.0,0.0
trend_rebound,EUR_JPY,overlap,Q2,Q4,BUY,0,0,0.0,0.0,1.0,1.0,False,0/3,0.0,0.0,0.0
trend_rebound,EUR_JPY,overlap,Q2,Q4,SELL,0,0,0.0,0.0,1.0,1.0,False,0/3,0.0,0.0,0.0
trend_rebound,EUR_JPY,overlap,Q3,Q1,BUY,0,0,0.0,0.0,1.0,1.0,False,0/3,0.0,0.0,0.0
trend_rebound,EUR_JPY,overlap,Q3,Q1,SELL,0,0,0.0,0.0,1.0,1.0,False,0/3,0.0,0.0,0.0
trend_rebound,EUR_JPY,overlap,Q3,Q2,BUY,0,0,0.0,0.0,1.0,1.0,False,0/3,0.0,0.0,0.0
trend_rebound,EUR_JPY,overlap,Q3,Q2,SELL,0,0,0.0,0.0,1.0,1.0,False,0/3,0.0,0.0,0.0
trend_rebound,EUR_JPY,overlap,Q3,Q3,BUY,0,0,0.0,0.0,1.0,1.0,False,0/3,0.0,0.0,0.0
trend_rebound,EUR_JPY,overlap,Q3,Q3,SELL,0,0,0.0,0.0,1.0,1.0,False,0/3,0.0,0.0,0.0
trend_rebound,EUR_JPY,overlap,Q3,Q4,BUY,0,0,0.0,0.0,1.0,1.0,False,0/3,0.0,0.0,0.0
trend_rebound,EUR_JPY,overlap,Q3,Q4,SELL,0,0,0.0,0.0,1.0,1.0,False,0/3,0.0,0.0,0.0
trend_rebound,EUR_JPY,overlap,Q4,Q1,BUY,0,0,0.0,0.0,1.0,1.0,False,0/3,0.0,0.0,0.0
trend_rebound,EUR_JPY,overlap,Q4,Q1,SELL,0,0,0.0,0.0,1.0,1.0,False,0/3,0.0,0.0,0.0
trend_rebound,EUR_JPY,overlap,Q4,Q2,BUY,0,0,0.0,0.0,1.0,1.0,False,0/3,0.0,0.0,0.0
trend_rebound,EUR_JPY,overlap,Q4,Q2,SELL,0,0,0.0,0.0,1.0,1.0,False,0/3,0.0,0.0,0.0
trend_rebound,EUR_JPY,overlap,Q4,Q3,BUY,0,0,0.0,0.0,1.0,1.0,False,0/3,0.0,0.0,0.0
trend_rebound,EUR_JPY,overlap,Q4,Q3,SELL,0,0,0.0,0.0,1.0,1.0,False,0/3,0.0,0.0,0.0
trend_rebound,EUR_JPY,overlap,Q4,Q4,BUY,0,0,0.0,0.0,1.0,1.0,False,0/3,0.0,0.0,0.0
trend_rebound,EUR_JPY,overlap,Q4,Q4,SELL,0,0,0.0,0.0,1.0,1.0,False,0/3,0.0,0.0,0.0
trend_rebound,GBP_JPY,tokyo,Q1,Q1,BUY,0,0,0.0,0.0,1.0,1.0,False,0/3,0.0,0.0,0.0
trend_rebound,GBP_JPY,tokyo,Q1,Q1,SELL,0,0,0.0,0.0,1.0,1.0,False,0/3,0.0,0.0,0.0
trend_rebound,GBP_JPY,tokyo,Q1,Q2,BUY,0,0,0.0,0.0,1.0,1.0,False,0/3,0.0,0.0,0.0
trend_rebound,GBP_JPY,tokyo,Q1,Q2,SELL,0,0,0.0,0.0,1.0,1.0,False,0/3,0.0,0.0,0.0
trend_rebound,GBP_JPY,tokyo,Q1,Q3,BUY,0,0,0.0,0.0,1.0,1.0,False,0/3,0.0,0.0,0.0
trend_rebound,GBP_JPY,tokyo,Q1,Q3,SELL,0,0,0.0,0.0,1.0,1.0,False,0/3,0.0,0.0,0.0
trend_rebound,GBP_JPY,tokyo,Q1,Q4,BUY,0,0,0.0,0.0,1.0,1.0,False,0/3,0.0,0.0,0.0
trend_rebound,GBP_JPY,tokyo,Q1,Q4,SELL,0,0,0.0,0.0,1.0,1.0,False,0/3,0.0,0.0,0.0
trend_rebound,GBP_JPY,tokyo,Q2,Q1,BUY,0,0,0.0,0.0,1.0,1.0,False,0/3,0.0,0.0,0.0
trend_rebound,GBP_JPY,tokyo,Q2,Q1,SELL,0,0,0.0,0.0,1.0,1.0,False,0/3,0.0,0.0,0.0
trend_rebound,GBP_JPY,tokyo,Q2,Q2,BUY,0,0,0.0,0.0,1.0,1.0,False,0/3,0.0,0.0,0.0
trend_rebound,GBP_JPY,tokyo,Q2,Q2,SELL,0,0,0.0,0.0,1.0,1.0,False,0/3,0.0,0.0,0.0
trend_rebound,GBP_JPY,tokyo,Q2,Q3,BUY,0,0,0.0,0.0,1.0,1.0,False,0/3,0.0,0.0,0.0
trend_rebound,GBP_JPY,tokyo,Q2,Q3,SELL,0,0,0.0,0.0,1.0,1.0,False,0/3,0.0,0.0,0.0
trend_rebound,GBP_JPY,tokyo,Q2,Q4,BUY,0,0,0.0,0.0,1.0,1.0,False,0/3,0.0,0.0,0.0
trend_rebound,GBP_JPY,tokyo,Q2,Q4,SELL,0,0,0.0,0.0,1.0,1.0,False,0/3,0.0,0.0,0.0
trend_rebound,GBP_JPY,tokyo,Q3,Q1,BUY,0,0,0.0,0.0,1.0,1.0,False,0/3,0.0,0.0,0.0
trend_rebound,GBP_JPY,tokyo,Q3,Q1,SELL,0,0,0.0,0.0,1.0,1.0,False,0/3,0.0,0.0,0.0
trend_rebound,GBP_JPY,tokyo,Q3,Q2,BUY,0,0,0.0,0.0,1.0,1.0,False,0/3,0.0,0.0,0.0
trend_rebound,GBP_JPY,tokyo,Q3,Q2,SELL,0,0,0.0,0.0,1.0,1.0,False,0/3,0.0,0.0,0.0
trend_rebound,GBP_JPY,tokyo,Q3,Q3,BUY,0,0,0.0,0.0,1.0,1.0,False,0/3,0.0,0.0,0.0
trend_rebound,GBP_JPY,tokyo,Q3,Q3,SELL,0,0,0.0,0.0,1.0,1.0,False,0/3,0.0,0.0,0.0
trend_rebound,GBP_JPY,tokyo,Q3,Q4,BUY,0,0,0.0,0.0,1.0,1.0,False,0/3,0.0,0.0,0.0
trend_rebound,GBP_JPY,tokyo,Q3,Q4,SELL,0,0,0.0,0.0,1.0,1.0,False,0/3,0.0,0.0,0.0
trend_rebound,GBP_JPY,tokyo,Q4,Q1,BUY,0,0,0.0,0.0,1.0,1.0,False,0/3,0.0,0.0,0.0
trend_rebound,GBP_JPY,tokyo,Q4,Q1,SELL,0,0,0.0,0.0,1.0,1.0,False,0/3,0.0,0.0,0.0
trend_rebound,GBP_JPY,tokyo,Q4,Q2,BUY,0,0,0.0,0.0,1.0,1.0,False,0/3,0.0,0.0,0.0
trend_rebound,GBP_JPY,tokyo,Q4,Q2,SELL,0,0,0.0,0.0,1.0,1.0,False,0/3,0.0,0.0,0.0
trend_rebound,GBP_JPY,tokyo,Q4,Q3,BUY,0,0,0.0,0.0,1.0,1.0,False,0/3,0.0,0.0,0.0
trend_rebound,GBP_JPY,tokyo,Q4,Q3,SELL,0,0,0.0,0.0,1.0,1.0,False,0/3,0.0,0.0,0.0
trend_rebound,GBP_JPY,tokyo,Q4,Q4,BUY,0,0,0.0,0.0,1.0,1.0,False,0/3,0.0,0.0,0.0
trend_rebound,GBP_JPY,tokyo,Q4,Q4,SELL,0,0,0.0,0.0,1.0,1.0,False,0/3,0.0,0.0,0.0
trend_rebound,GBP_JPY,london,Q1,Q1,BUY,0,0,0.0,0.0,1.0,1.0,False,0/3,0.0,0.0,0.0
trend_rebound,GBP_JPY,london,Q1,Q1,SELL,0,0,0.0,0.0,1.0,1.0,False,0/3,0.0,0.0,0.0
trend_rebound,GBP_JPY,london,Q1,Q2,BUY,0,0,0.0,0.0,1.0,1.0,False,0/3,0.0,0.0,0.0
trend_rebound,GBP_JPY,london,Q1,Q2,SELL,0,0,0.0,0.0,1.0,1.0,False,0/3,0.0,0.0,0.0
trend_rebound,GBP_JPY,london,Q1,Q3,BUY,0,0,0.0,0.0,1.0,1.0,False,0/3,0.0,0.0,0.0
trend_rebound,GBP_JPY,london,Q1,Q3,SELL,0,0,0.0,0.0,1.0,1.0,False,0/3,0.0,0.0,0.0
trend_rebound,GBP_JPY,london,Q1,Q4,BUY,0,0,0.0,0.0,1.0,1.0,False,0/3,0.0,0.0,0.0
trend_rebound,GBP_JPY,london,Q1,Q4,SELL,0,0,0.0,0.0,1.0,1.0,False,0/3,0.0,0.0,0.0
trend_rebound,GBP_JPY,london,Q2,Q1,BUY,0,0,0.0,0.0,1.0,1.0,False,0/3,0.0,0.0,0.0
trend_rebound,GBP_JPY,london,Q2,Q1,SELL,0,0,0.0,0.0,1.0,1.0,False,0/3,0.0,0.0,0.0
trend_rebound,GBP_JPY,london,Q2,Q2,BUY,0,0,0.0,0.0,1.0,1.0,False,0/3,0.0,0.0,0.0
trend_rebound,GBP_JPY,london,Q2,Q2,SELL,0,0,0.0,0.0,1.0,1.0,False,0/3,0.0,0.0,0.0
trend_rebound,GBP_JPY,london,Q2,Q3,BUY,0,0,0.0,0.0,1.0,1.0,False,0/3,0.0,0.0,0.0
trend_rebound,GBP_JPY,london,Q2,Q3,SELL,0,0,0.0,0.0,1.0,1.0,False,0/3,0.0,0.0,0.0
trend_rebound,GBP_JPY,london,Q2,Q4,BUY,0,0,0.0,0.0,1.0,1.0,False,0/3,0.0,0.0,0.0
trend_rebound,GBP_JPY,london,Q2,Q4,SELL,0,0,0.0,0.0,1.0,1.0,False,0/3,0.0,0.0,0.0
trend_rebound,GBP_JPY,london,Q3,Q1,BUY,0,0,0.0,0.0,1.0,1.0,False,0/3,0.0,0.0,0.0
trend_rebound,GBP_JPY,london,Q3,Q1,SELL,0,0,0.0,0.0,1.0,1.0,False,0/3,0.0,0.0,0.0
trend_rebound,GBP_JPY,london,Q3,Q2,BUY,0,0,0.0,0.0,1.0,1.0,False,0/3,0.0,0.0,0.0
trend_rebound,GBP_JPY,london,Q3,Q2,SELL,0,0,0.0,0.0,1.0,1.0,False,0/3,0.0,0.0,0.0
trend_rebound,GBP_JPY,london,Q3,Q3,BUY,0,0,0.0,0.0,1.0,1.0,False,0/3,0.0,0.0,0.0
trend_rebound,GBP_JPY,london,Q3,Q3,SELL,0,0,0.0,0.0,1.0,1.0,False,0/3,0.0,0.0,0.0
trend_rebound,GBP_JPY,london,Q3,Q4,BUY,0,0,0.0,0.0,1.0,1.0,False,0/3,0.0,0.0,0.0
trend_rebound,GBP_JPY,london,Q3,Q4,SELL,0,0,0.0,0.0,1.0,1.0,False,0/3,0.0,0.0,0.0
trend_rebound,GBP_JPY,london,Q4,Q1,BUY,0,0,0.0,0.0,1.0,1.0,False,0/3,0.0,0.0,0.0
trend_rebound,GBP_JPY,london,Q4,Q1,SELL,0,0,0.0,0.0,1.0,1.0,False,0/3,0.0,0.0,0.0
trend_rebound,GBP_JPY,london,Q4,Q2,BUY,0,0,0.0,0.0,1.0,1.0,False,0/3,0.0,0.0,0.0
trend_rebound,GBP_JPY,london,Q4,Q2,SELL,0,0,0.0,0.0,1.0,1.0,False,0/3,0.0,0.0,0.0
trend_rebound,GBP_JPY,london,Q4,Q3,BUY,0,0,0.0,0.0,1.0,1.0,False,0/3,0.0,0.0,0.0
trend_rebound,GBP_JPY,london,Q4,Q3,SELL,0,0,0.0,0.0,1.0,1.0,False,0/3,0.0,0.0,0.0
trend_rebound,GBP_JPY,london,Q4,Q4,BUY,0,0,0.0,0.0,1.0,1.0,False,0/3,0.0,0.0,0.0
trend_rebound,GBP_JPY,london,Q4,Q4,SELL,0,0,0.0,0.0,1.0,1.0,False,0/3,0.0,0.0,0.0
trend_rebound,GBP_JPY,ny,Q1,Q1,BUY,0,0,0.0,0.0,1.0,1.0,False,0/3,0.0,0.0,0.0
trend_rebound,GBP_JPY,ny,Q1,Q1,SELL,0,0,0.0,0.0,1.0,1.0,False,0/3,0.0,0.0,0.0
trend_rebound,GBP_JPY,ny,Q1,Q2,BUY,0,0,0.0,0.0,1.0,1.0,False,0/3,0.0,0.0,0.0
trend_rebound,GBP_JPY,ny,Q1,Q2,SELL,0,0,0.0,0.0,1.0,1.0,False,0/3,0.0,0.0,0.0
trend_rebound,GBP_JPY,ny,Q1,Q3,BUY,0,0,0.0,0.0,1.0,1.0,False,0/3,0.0,0.0,0.0
trend_rebound,GBP_JPY,ny,Q1,Q3,SELL,0,0,0.0,0.0,1.0,1.0,False,0/3,0.0,0.0,0.0
trend_rebound,GBP_JPY,ny,Q1,Q4,BUY,0,0,0.0,0.0,1.0,1.0,False,0/3,0.0,0.0,0.0
trend_rebound,GBP_JPY,ny,Q1,Q4,SELL,0,0,0.0,0.0,1.0,1.0,False,0/3,0.0,0.0,0.0
trend_rebound,GBP_JPY,ny,Q2,Q1,BUY,0,0,0.0,0.0,1.0,1.0,False,0/3,0.0,0.0,0.0
trend_rebound,GBP_JPY,ny,Q2,Q1,SELL,0,0,0.0,0.0,1.0,1.0,False,0/3,0.0,0.0,0.0
trend_rebound,GBP_JPY,ny,Q2,Q2,BUY,0,0,0.0,0.0,1.0,1.0,False,0/3,0.0,0.0,0.0
trend_rebound,GBP_JPY,ny,Q2,Q2,SELL,0,0,0.0,0.0,1.0,1.0,False,0/3,0.0,0.0,0.0
trend_rebound,GBP_JPY,ny,Q2,Q3,BUY,0,0,0.0,0.0,1.0,1.0,False,0/3,0.0,0.0,0.0
trend_rebound,GBP_JPY,ny,Q2,Q3,SELL,0,0,0.0,0.0,1.0,1.0,False,0/3,0.0,0.0,0.0
trend_rebound,GBP_JPY,ny,Q2,Q4,BUY,0,0,0.0,0.0,1.0,1.0,False,0/3,0.0,0.0,0.0
trend_rebound,GBP_JPY,ny,Q2,Q4,SELL,0,0,0.0,0.0,1.0,1.0,False,0/3,0.0,0.0,0.0
trend_rebound,GBP_JPY,ny,Q3,Q1,BUY,0,0,0.0,0.0,1.0,1.0,False,0/3,0.0,0.0,0.0
trend_rebound,GBP_JPY,ny,Q3,Q1,SELL,0,0,0.0,0.0,1.0,1.0,False,0/3,0.0,0.0,0.0
trend_rebound,GBP_JPY,ny,Q3,Q2,BUY,0,0,0.0,0.0,1.0,1.0,False,0/3,0.0,0.0,0.0
trend_rebound,GBP_JPY,ny,Q3,Q2,SELL,0,0,0.0,0.0,1.0,1.0,False,0/3,0.0,0.0,0.0
trend_rebound,GBP_JPY,ny,Q3,Q3,BUY,0,0,0.0,0.0,1.0,1.0,False,0/3,0.0,0.0,0.0
trend_rebound,GBP_JPY,ny,Q3,Q3,SELL,0,0,0.0,0.0,1.0,1.0,False,0/3,0.0,0.0,0.0
trend_rebound,GBP_JPY,ny,Q3,Q4,BUY,0,0,0.0,0.0,1.0,1.0,False,0/3,0.0,0.0,0.0
trend_rebound,GBP_JPY,ny,Q3,Q4,SELL,0,0,0.0,0.0,1.0,1.0,False,0/3,0.0,0.0,0.0
trend_rebound,GBP_JPY,ny,Q4,Q1,BUY,0,0,0.0,0.0,1.0,1.0,False,0/3,0.0,0.0,0.0
trend_rebound,GBP_JPY,ny,Q4,Q1,SELL,0,0,0.0,0.0,1.0,1.0,False,0/3,0.0,0.0,0.0
trend_rebound,GBP_JPY,ny,Q4,Q2,BUY,0,0,0.0,0.0,1.0,1.0,False,0/3,0.0,0.0,0.0
trend_rebound,GBP_JPY,ny,Q4,Q2,SELL,0,0,0.0,0.0,1.0,1.0,False,0/3,0.0,0.0,0.0
trend_rebound,GBP_JPY,ny,Q4,Q3,BUY,0,0,0.0,0.0,1.0,1.0,False,0/3,0.0,0.0,0.0
trend_rebound,GBP_JPY,ny,Q4,Q3,SELL,0,0,0.0,0.0,1.0,1.0,False,0/3,0.0,0.0,0.0
trend_rebound,GBP_JPY,ny,Q4,Q4,BUY,0,0,0.0,0.0,1.0,1.0,False,0/3,0.0,0.0,0.0
trend_rebound,GBP_JPY,ny,Q4,Q4,SELL,0,0,0.0,0.0,1.0,1.0,False,0/3,0.0,0.0,0.0
trend_rebound,GBP_JPY,overlap,Q1,Q1,BUY,0,0,0.0,0.0,1.0,1.0,False,0/3,0.0,0.0,0.0
trend_rebound,GBP_JPY,overlap,Q1,Q1,SELL,0,0,0.0,0.0,1.0,1.0,False,0/3,0.0,0.0,0.0
trend_rebound,GBP_JPY,overlap,Q1,Q2,BUY,0,0,0.0,0.0,1.0,1.0,False,0/3,0.0,0.0,0.0
trend_rebound,GBP_JPY,overlap,Q1,Q2,SELL,0,0,0.0,0.0,1.0,1.0,False,0/3,0.0,0.0,0.0
trend_rebound,GBP_JPY,overlap,Q1,Q3,BUY,0,0,0.0,0.0,1.0,1.0,False,0/3,0.0,0.0,0.0
trend_rebound,GBP_JPY,overlap,Q1,Q3,SELL,0,0,0.0,0.0,1.0,1.0,False,0/3,0.0,0.0,0.0
trend_rebound,GBP_JPY,overlap,Q1,Q4,BUY,0,0,0.0,0.0,1.0,1.0,False,0/3,0.0,0.0,0.0
trend_rebound,GBP_JPY,overlap,Q1,Q4,SELL,0,0,0.0,0.0,1.0,1.0,False,0/3,0.0,0.0,0.0
trend_rebound,GBP_JPY,overlap,Q2,Q1,BUY,0,0,0.0,0.0,1.0,1.0,False,0/3,0.0,0.0,0.0
trend_rebound,GBP_JPY,overlap,Q2,Q1,SELL,0,0,0.0,0.0,1.0,1.0,False,0/3,0.0,0.0,0.0
trend_rebound,GBP_JPY,overlap,Q2,Q2,BUY,0,0,0.0,0.0,1.0,1.0,False,0/3,0.0,0.0,0.0
trend_rebound,GBP_JPY,overlap,Q2,Q2,SELL,0,0,0.0,0.0,1.0,1.0,False,0/3,0.0,0.0,0.0
trend_rebound,GBP_JPY,overlap,Q2,Q3,BUY,0,0,0.0,0.0,1.0,1.0,False,0/3,0.0,0.0,0.0
trend_rebound,GBP_JPY,overlap,Q2,Q3,SELL,0,0,0.0,0.0,1.0,1.0,False,0/3,0.0,0.0,0.0
trend_rebound,GBP_JPY,overlap,Q2,Q4,BUY,0,0,0.0,0.0,1.0,1.0,False,0/3,0.0,0.0,0.0
trend_rebound,GBP_JPY,overlap,Q2,Q4,SELL,0,0,0.0,0.0,1.0,1.0,False,0/3,0.0,0.0,0.0
trend_rebound,GBP_JPY,overlap,Q3,Q1,BUY,0,0,0.0,0.0,1.0,1.0,False,0/3,0.0,0.0,0.0
trend_rebound,GBP_JPY,overlap,Q3,Q1,SELL,0,0,0.0,0.0,1.0,1.0,False,0/3,0.0,0.0,0.0
trend_rebound,GBP_JPY,overlap,Q3,Q2,BUY,0,0,0.0,0.0,1.0,1.0,False,0/3,0.0,0.0,0.0
trend_rebound,GBP_JPY,overlap,Q3,Q2,SELL,0,0,0.0,0.0,1.0,1.0,False,0/3,0.0,0.0,0.0
trend_rebound,GBP_JPY,overlap,Q3,Q3,BUY,0,0,0.0,0.0,1.0,1.0,False,0/3,0.0,0.0,0.0
trend_rebound,GBP_JPY,overlap,Q3,Q3,SELL,0,0,0.0,0.0,1.0,1.0,False,0/3,0.0,0.0,0.0
trend_rebound,GBP_JPY,overlap,Q3,Q4,BUY,0,0,0.0,0.0,1.0,1.0,False,0/3,0.0,0.0,0.0
trend_rebound,GBP_JPY,overlap,Q3,Q4,SELL,0,0,0.0,0.0,1.0,1.0,False,0/3,0.0,0.0,0.0
trend_rebound,GBP_JPY,overlap,Q4,Q1,BUY,0,0,0.0,0.0,1.0,1.0,False,0/3,0.0,0.0,0.0
trend_rebound,GBP_JPY,overlap,Q4,Q1,SELL,0,0,0.0,0.0,1.0,1.0,False,0/3,0.0,0.0,0.0
trend_rebound,GBP_JPY,overlap,Q4,Q2,BUY,0,0,0.0,0.0,1.0,1.0,False,0/3,0.0,0.0,0.0
trend_rebound,GBP_JPY,overlap,Q4,Q2,SELL,0,0,0.0,0.0,1.0,1.0,False,0/3,0.0,0.0,0.0
trend_rebound,GBP_JPY,overlap,Q4,Q3,BUY,0,0,0.0,0.0,1.0,1.0,False,0/3,0.0,0.0,0.0
trend_rebound,GBP_JPY,overlap,Q4,Q3,SELL,0,0,0.0,0.0,1.0,1.0,False,0/3,0.0,0.0,0.0
trend_rebound,GBP_JPY,overlap,Q4,Q4,BUY,0,0,0.0,0.0,1.0,1.0,False,0/3,0.0,0.0,0.0
trend_rebound,GBP_JPY,overlap,Q4,Q4,SELL,0,0,0.0,0.0,1.0,1.0,False,0/3,0.0,0.0,0.0
trend_rebound,AUD_USD,tokyo,Q1,Q1,BUY,0,0,0.0,0.0,1.0,1.0,False,0/3,0.0,0.0,0.0
trend_rebound,AUD_USD,tokyo,Q1,Q1,SELL,0,0,0.0,0.0,1.0,1.0,False,0/3,0.0,0.0,0.0
trend_rebound,AUD_USD,tokyo,Q1,Q2,BUY,0,0,0.0,0.0,1.0,1.0,False,0/3,0.0,0.0,0.0
trend_rebound,AUD_USD,tokyo,Q1,Q2,SELL,0,0,0.0,0.0,1.0,1.0,False,0/3,0.0,0.0,0.0
trend_rebound,AUD_USD,tokyo,Q1,Q3,BUY,0,0,0.0,0.0,1.0,1.0,False,0/3,0.0,0.0,0.0
trend_rebound,AUD_USD,tokyo,Q1,Q3,SELL,0,0,0.0,0.0,1.0,1.0,False,0/3,0.0,0.0,0.0
trend_rebound,AUD_USD,tokyo,Q1,Q4,BUY,0,0,0.0,0.0,1.0,1.0,False,0/3,0.0,0.0,0.0
trend_rebound,AUD_USD,tokyo,Q1,Q4,SELL,0,0,0.0,0.0,1.0,1.0,False,0/3,0.0,0.0,0.0
trend_rebound,AUD_USD,tokyo,Q2,Q1,BUY,0,0,0.0,0.0,1.0,1.0,False,0/3,0.0,0.0,0.0
trend_rebound,AUD_USD,tokyo,Q2,Q1,SELL,0,0,0.0,0.0,1.0,1.0,False,0/3,0.0,0.0,0.0
trend_rebound,AUD_USD,tokyo,Q2,Q2,BUY,0,0,0.0,0.0,1.0,1.0,False,0/3,0.0,0.0,0.0
trend_rebound,AUD_USD,tokyo,Q2,Q2,SELL,0,0,0.0,0.0,1.0,1.0,False,0/3,0.0,0.0,0.0
trend_rebound,AUD_USD,tokyo,Q2,Q3,BUY,0,0,0.0,0.0,1.0,1.0,False,0/3,0.0,0.0,0.0
trend_rebound,AUD_USD,tokyo,Q2,Q3,SELL,0,0,0.0,0.0,1.0,1.0,False,0/3,0.0,0.0,0.0
trend_rebound,AUD_USD,tokyo,Q2,Q4,BUY,0,0,0.0,0.0,1.0,1.0,False,0/3,0.0,0.0,0.0
trend_rebound,AUD_USD,tokyo,Q2,Q4,SELL,0,0,0.0,0.0,1.0,1.0,False,0/3,0.0,0.0,0.0
trend_rebound,AUD_USD,tokyo,Q3,Q1,BUY,0,0,0.0,0.0,1.0,1.0,False,0/3,0.0,0.0,0.0
trend_rebound,AUD_USD,tokyo,Q3,Q1,SELL,0,0,0.0,0.0,1.0,1.0,False,0/3,0.0,0.0,0.0
trend_rebound,AUD_USD,tokyo,Q3,Q2,BUY,0,0,0.0,0.0,1.0,1.0,False,0/3,0.0,0.0,0.0
trend_rebound,AUD_USD,tokyo,Q3,Q2,SELL,0,0,0.0,0.0,1.0,1.0,False,0/3,0.0,0.0,0.0
trend_rebound,AUD_USD,tokyo,Q3,Q3,BUY,0,0,0.0,0.0,1.0,1.0,False,0/3,0.0,0.0,0.0
trend_rebound,AUD_USD,tokyo,Q3,Q3,SELL,0,0,0.0,0.0,1.0,1.0,False,0/3,0.0,0.0,0.0
trend_rebound,AUD_USD,tokyo,Q3,Q4,BUY,0,0,0.0,0.0,1.0,1.0,False,0/3,0.0,0.0,0.0
trend_rebound,AUD_USD,tokyo,Q3,Q4,SELL,0,0,0.0,0.0,1.0,1.0,False,0/3,0.0,0.0,0.0
trend_rebound,AUD_USD,tokyo,Q4,Q1,BUY,0,0,0.0,0.0,1.0,1.0,False,0/3,0.0,0.0,0.0
trend_rebound,AUD_USD,tokyo,Q4,Q1,SELL,0,0,0.0,0.0,1.0,1.0,False,0/3,0.0,0.0,0.0
trend_rebound,AUD_USD,tokyo,Q4,Q2,BUY,0,0,0.0,0.0,1.0,1.0,False,0/3,0.0,0.0,0.0
trend_rebound,AUD_USD,tokyo,Q4,Q2,SELL,0,0,0.0,0.0,1.0,1.0,False,0/3,0.0,0.0,0.0
trend_rebound,AUD_USD,tokyo,Q4,Q3,BUY,0,0,0.0,0.0,1.0,1.0,False,0/3,0.0,0.0,0.0
trend_rebound,AUD_USD,tokyo,Q4,Q3,SELL,0,0,0.0,0.0,1.0,1.0,False,0/3,0.0,0.0,0.0
trend_rebound,AUD_USD,tokyo,Q4,Q4,BUY,0,0,0.0,0.0,1.0,1.0,False,0/3,0.0,0.0,0.0
trend_rebound,AUD_USD,tokyo,Q4,Q4,SELL,0,0,0.0,0.0,1.0,1.0,False,0/3,0.0,0.0,0.0
trend_rebound,AUD_USD,london,Q1,Q1,BUY,0,0,0.0,0.0,1.0,1.0,False,0/3,0.0,0.0,0.0
trend_rebound,AUD_USD,london,Q1,Q1,SELL,0,0,0.0,0.0,1.0,1.0,False,0/3,0.0,0.0,0.0
trend_rebound,AUD_USD,london,Q1,Q2,BUY,0,0,0.0,0.0,1.0,1.0,False,0/3,0.0,0.0,0.0
trend_rebound,AUD_USD,london,Q1,Q2,SELL,0,0,0.0,0.0,1.0,1.0,False,0/3,0.0,0.0,0.0
trend_rebound,AUD_USD,london,Q1,Q3,BUY,0,0,0.0,0.0,1.0,1.0,False,0/3,0.0,0.0,0.0
trend_rebound,AUD_USD,london,Q1,Q3,SELL,0,0,0.0,0.0,1.0,1.0,False,0/3,0.0,0.0,0.0
trend_rebound,AUD_USD,london,Q1,Q4,BUY,0,0,0.0,0.0,1.0,1.0,False,0/3,0.0,0.0,0.0
trend_rebound,AUD_USD,london,Q1,Q4,SELL,0,0,0.0,0.0,1.0,1.0,False,0/3,0.0,0.0,0.0
trend_rebound,AUD_USD,london,Q2,Q1,BUY,0,0,0.0,0.0,1.0,1.0,False,0/3,0.0,0.0,0.0
trend_rebound,AUD_USD,london,Q2,Q1,SELL,0,0,0.0,0.0,1.0,1.0,False,0/3,0.0,0.0,0.0
trend_rebound,AUD_USD,london,Q2,Q2,BUY,0,0,0.0,0.0,1.0,1.0,False,0/3,0.0,0.0,0.0
trend_rebound,AUD_USD,london,Q2,Q2,SELL,0,0,0.0,0.0,1.0,1.0,False,0/3,0.0,0.0,0.0
trend_rebound,AUD_USD,london,Q2,Q3,BUY,0,0,0.0,0.0,1.0,1.0,False,0/3,0.0,0.0,0.0
trend_rebound,AUD_USD,london,Q2,Q3,SELL,0,0,0.0,0.0,1.0,1.0,False,0/3,0.0,0.0,0.0
trend_rebound,AUD_USD,london,Q2,Q4,BUY,0,0,0.0,0.0,1.0,1.0,False,0/3,0.0,0.0,0.0
trend_rebound,AUD_USD,london,Q2,Q4,SELL,0,0,0.0,0.0,1.0,1.0,False,0/3,0.0,0.0,0.0
trend_rebound,AUD_USD,london,Q3,Q1,BUY,0,0,0.0,0.0,1.0,1.0,False,0/3,0.0,0.0,0.0
trend_rebound,AUD_USD,london,Q3,Q1,SELL,0,0,0.0,0.0,1.0,1.0,False,0/3,0.0,0.0,0.0
trend_rebound,AUD_USD,london,Q3,Q2,BUY,0,0,0.0,0.0,1.0,1.0,False,0/3,0.0,0.0,0.0
trend_rebound,AUD_USD,london,Q3,Q2,SELL,0,0,0.0,0.0,1.0,1.0,False,0/3,0.0,0.0,0.0
trend_rebound,AUD_USD,london,Q3,Q3,BUY,0,0,0.0,0.0,1.0,1.0,False,0/3,0.0,0.0,0.0
trend_rebound,AUD_USD,london,Q3,Q3,SELL,0,0,0.0,0.0,1.0,1.0,False,0/3,0.0,0.0,0.0
trend_rebound,AUD_USD,london,Q3,Q4,BUY,0,0,0.0,0.0,1.0,1.0,False,0/3,0.0,0.0,0.0
trend_rebound,AUD_USD,london,Q3,Q4,SELL,0,0,0.0,0.0,1.0,1.0,False,0/3,0.0,0.0,0.0
trend_rebound,AUD_USD,london,Q4,Q1,BUY,0,0,0.0,0.0,1.0,1.0,False,0/3,0.0,0.0,0.0
trend_rebound,AUD_USD,london,Q4,Q1,SELL,0,0,0.0,0.0,1.0,1.0,False,0/3,0.0,0.0,0.0
trend_rebound,AUD_USD,london,Q4,Q2,BUY,0,0,0.0,0.0,1.0,1.0,False,0/3,0.0,0.0,0.0
trend_rebound,AUD_USD,london,Q4,Q2,SELL,0,0,0.0,0.0,1.0,1.0,False,0/3,0.0,0.0,0.0
trend_rebound,AUD_USD,london,Q4,Q3,BUY,0,0,0.0,0.0,1.0,1.0,False,0/3,0.0,0.0,0.0
trend_rebound,AUD_USD,london,Q4,Q3,SELL,0,0,0.0,0.0,1.0,1.0,False,0/3,0.0,0.0,0.0
trend_rebound,AUD_USD,london,Q4,Q4,BUY,0,0,0.0,0.0,1.0,1.0,False,0/3,0.0,0.0,0.0
trend_rebound,AUD_USD,london,Q4,Q4,SELL,0,0,0.0,0.0,1.0,1.0,False,0/3,0.0,0.0,0.0
trend_rebound,AUD_USD,ny,Q1,Q1,BUY,0,0,0.0,0.0,1.0,1.0,False,0/3,0.0,0.0,0.0
trend_rebound,AUD_USD,ny,Q1,Q1,SELL,0,0,0.0,0.0,1.0,1.0,False,0/3,0.0,0.0,0.0
trend_rebound,AUD_USD,ny,Q1,Q2,BUY,0,0,0.0,0.0,1.0,1.0,False,0/3,0.0,0.0,0.0
trend_rebound,AUD_USD,ny,Q1,Q2,SELL,0,0,0.0,0.0,1.0,1.0,False,0/3,0.0,0.0,0.0
trend_rebound,AUD_USD,ny,Q1,Q3,BUY,0,0,0.0,0.0,1.0,1.0,False,0/3,0.0,0.0,0.0
trend_rebound,AUD_USD,ny,Q1,Q3,SELL,0,0,0.0,0.0,1.0,1.0,False,0/3,0.0,0.0,0.0
trend_rebound,AUD_USD,ny,Q1,Q4,BUY,0,0,0.0,0.0,1.0,1.0,False,0/3,0.0,0.0,0.0
trend_rebound,AUD_USD,ny,Q1,Q4,SELL,0,0,0.0,0.0,1.0,1.0,False,0/3,0.0,0.0,0.0
trend_rebound,AUD_USD,ny,Q2,Q1,BUY,0,0,0.0,0.0,1.0,1.0,False,0/3,0.0,0.0,0.0
trend_rebound,AUD_USD,ny,Q2,Q1,SELL,0,0,0.0,0.0,1.0,1.0,False,0/3,0.0,0.0,0.0
trend_rebound,AUD_USD,ny,Q2,Q2,BUY,0,0,0.0,0.0,1.0,1.0,False,0/3,0.0,0.0,0.0
trend_rebound,AUD_USD,ny,Q2,Q2,SELL,0,0,0.0,0.0,1.0,1.0,False,0/3,0.0,0.0,0.0
trend_rebound,AUD_USD,ny,Q2,Q3,BUY,0,0,0.0,0.0,1.0,1.0,False,0/3,0.0,0.0,0.0
trend_rebound,AUD_USD,ny,Q2,Q3,SELL,0,0,0.0,0.0,1.0,1.0,False,0/3,0.0,0.0,0.0
trend_rebound,AUD_USD,ny,Q2,Q4,BUY,0,0,0.0,0.0,1.0,1.0,False,0/3,0.0,0.0,0.0
trend_rebound,AUD_USD,ny,Q2,Q4,SELL,0,0,0.0,0.0,1.0,1.0,False,0/3,0.0,0.0,0.0
trend_rebound,AUD_USD,ny,Q3,Q1,BUY,0,0,0.0,0.0,1.0,1.0,False,0/3,0.0,0.0,0.0
trend_rebound,AUD_USD,ny,Q3,Q1,SELL,0,0,0.0,0.0,1.0,1.0,False,0/3,0.0,0.0,0.0
trend_rebound,AUD_USD,ny,Q3,Q2,BUY,0,0,0.0,0.0,1.0,1.0,False,0/3,0.0,0.0,0.0
trend_rebound,AUD_USD,ny,Q3,Q2,SELL,0,0,0.0,0.0,1.0,1.0,False,0/3,0.0,0.0,0.0
trend_rebound,AUD_USD,ny,Q3,Q3,BUY,0,0,0.0,0.0,1.0,1.0,False,0/3,0.0,0.0,0.0
trend_rebound,AUD_USD,ny,Q3,Q3,SELL,0,0,0.0,0.0,1.0,1.0,False,0/3,0.0,0.0,0.0
trend_rebound,AUD_USD,ny,Q3,Q4,BUY,0,0,0.0,0.0,1.0,1.0,False,0/3,0.0,0.0,0.0
trend_rebound,AUD_USD,ny,Q3,Q4,SELL,0,0,0.0,0.0,1.0,1.0,False,0/3,0.0,0.0,0.0
trend_rebound,AUD_USD,ny,Q4,Q1,BUY,0,0,0.0,0.0,1.0,1.0,False,0/3,0.0,0.0,0.0
trend_rebound,AUD_USD,ny,Q4,Q1,SELL,0,0,0.0,0.0,1.0,1.0,False,0/3,0.0,0.0,0.0
trend_rebound,AUD_USD,ny,Q4,Q2,BUY,0,0,0.0,0.0,1.0,1.0,False,0/3,0.0,0.0,0.0
trend_rebound,AUD_USD,ny,Q4,Q2,SELL,0,0,0.0,0.0,1.0,1.0,False,0/3,0.0,0.0,0.0
trend_rebound,AUD_USD,ny,Q4,Q3,BUY,0,0,0.0,0.0,1.0,1.0,False,0/3,0.0,0.0,0.0
trend_rebound,AUD_USD,ny,Q4,Q3,SELL,0,0,0.0,0.0,1.0,1.0,False,0/3,0.0,0.0,0.0
trend_rebound,AUD_USD,ny,Q4,Q4,BUY,0,0,0.0,0.0,1.0,1.0,False,0/3,0.0,0.0,0.0
trend_rebound,AUD_USD,ny,Q4,Q4,SELL,0,0,0.0,0.0,1.0,1.0,False,0/3,0.0,0.0,0.0
trend_rebound,AUD_USD,overlap,Q1,Q1,BUY,0,0,0.0,0.0,1.0,1.0,False,0/3,0.0,0.0,0.0
trend_rebound,AUD_USD,overlap,Q1,Q1,SELL,0,0,0.0,0.0,1.0,1.0,False,0/3,0.0,0.0,0.0
trend_rebound,AUD_USD,overlap,Q1,Q2,BUY,0,0,0.0,0.0,1.0,1.0,False,0/3,0.0,0.0,0.0
trend_rebound,AUD_USD,overlap,Q1,Q2,SELL,0,0,0.0,0.0,1.0,1.0,False,0/3,0.0,0.0,0.0
trend_rebound,AUD_USD,overlap,Q1,Q3,BUY,0,0,0.0,0.0,1.0,1.0,False,0/3,0.0,0.0,0.0
trend_rebound,AUD_USD,overlap,Q1,Q3,SELL,0,0,0.0,0.0,1.0,1.0,False,0/3,0.0,0.0,0.0
trend_rebound,AUD_USD,overlap,Q1,Q4,BUY,0,0,0.0,0.0,1.0,1.0,False,0/3,0.0,0.0,0.0
trend_rebound,AUD_USD,overlap,Q1,Q4,SELL,0,0,0.0,0.0,1.0,1.0,False,0/3,0.0,0.0,0.0
trend_rebound,AUD_USD,overlap,Q2,Q1,BUY,0,0,0.0,0.0,1.0,1.0,False,0/3,0.0,0.0,0.0
trend_rebound,AUD_USD,overlap,Q2,Q1,SELL,0,0,0.0,0.0,1.0,1.0,False,0/3,0.0,0.0,0.0
trend_rebound,AUD_USD,overlap,Q2,Q2,BUY,0,0,0.0,0.0,1.0,1.0,False,0/3,0.0,0.0,0.0
trend_rebound,AUD_USD,overlap,Q2,Q2,SELL,0,0,0.0,0.0,1.0,1.0,False,0/3,0.0,0.0,0.0
trend_rebound,AUD_USD,overlap,Q2,Q3,BUY,0,0,0.0,0.0,1.0,1.0,False,0/3,0.0,0.0,0.0
trend_rebound,AUD_USD,overlap,Q2,Q3,SELL,0,0,0.0,0.0,1.0,1.0,False,0/3,0.0,0.0,0.0
trend_rebound,AUD_USD,overlap,Q2,Q4,BUY,0,0,0.0,0.0,1.0,1.0,False,0/3,0.0,0.0,0.0
trend_rebound,AUD_USD,overlap,Q2,Q4,SELL,0,0,0.0,0.0,1.0,1.0,False,0/3,0.0,0.0,0.0
trend_rebound,AUD_USD,overlap,Q3,Q1,BUY,0,0,0.0,0.0,1.0,1.0,False,0/3,0.0,0.0,0.0
trend_rebound,AUD_USD,overlap,Q3,Q1,SELL,0,0,0.0,0.0,1.0,1.0,False,0/3,0.0,0.0,0.0
trend_rebound,AUD_USD,overlap,Q3,Q2,BUY,0,0,0.0,0.0,1.0,1.0,False,0/3,0.0,0.0,0.0
trend_rebound,AUD_USD,overlap,Q3,Q2,SELL,0,0,0.0,0.0,1.0,1.0,False,0/3,0.0,0.0,0.0
trend_rebound,AUD_USD,overlap,Q3,Q3,BUY,0,0,0.0,0.0,1.0,1.0,False,0/3,0.0,0.0,0.0
trend_rebound,AUD_USD,overlap,Q3,Q3,SELL,0,0,0.0,0.0,1.0,1.0,False,0/3,0.0,0.0,0.0
trend_rebound,AUD_USD,overlap,Q3,Q4,BUY,0,0,0.0,0.0,1.0,1.0,False,0/3,0.0,0.0,0.0
trend_rebound,AUD_USD,overlap,Q3,Q4,SELL,0,0,0.0,0.0,1.0,1.0,False,0/3,0.0,0.0,0.0
trend_rebound,AUD_USD,overlap,Q4,Q1,BUY,0,0,0.0,0.0,1.0,1.0,False,0/3,0.0,0.0,0.0
trend_rebound,AUD_USD,overlap,Q4,Q1,SELL,0,0,0.0,0.0,1.0,1.0,False,0/3,0.0,0.0,0.0
trend_rebound,AUD_USD,overlap,Q4,Q2,BUY,0,0,0.0,0.0,1.0,1.0,False,0/3,0.0,0.0,0.0
trend_rebound,AUD_USD,overlap,Q4,Q2,SELL,0,0,0.0,0.0,1.0,1.0,False,0/3,0.0,0.0,0.0
trend_rebound,AUD_USD,overlap,Q4,Q3,BUY,0,0,0.0,0.0,1.0,1.0,False,0/3,0.0,0.0,0.0
trend_rebound,AUD_USD,overlap,Q4,Q3,SELL,0,0,0.0,0.0,1.0,1.0,False,0/3,0.0,0.0,0.0
trend_rebound,AUD_USD,overlap,Q4,Q4,BUY,0,0,0.0,0.0,1.0,1.0,False,0/3,0.0,0.0,0.0
trend_rebound,AUD_USD,overlap,Q4,Q4,SELL,0,0,0.0,0.0,1.0,1.0,False,0/3,0.0,0.0,0.0
dt_sr_channel_reversal,USD_JPY,tokyo,Q1,Q1,BUY,0,0,0.0,0.0,1.0,1.0,False,0/3,0.0,0.0,0.0
dt_sr_channel_reversal,USD_JPY,tokyo,Q1,Q1,SELL,1,1,1.0,0.20654329147389294,0.2672531769305963,1.0,False,1/3,0.0,inf,7.099999999999999
dt_sr_channel_reversal,USD_JPY,tokyo,Q1,Q2,BUY,0,0,0.0,0.0,1.0,1.0,False,0/3,0.0,0.0,0.0
dt_sr_channel_reversal,USD_JPY,tokyo,Q1,Q2,SELL,0,0,0.0,0.0,1.0,1.0,False,0/3,0.0,0.0,0.0
dt_sr_channel_reversal,USD_JPY,tokyo,Q1,Q3,BUY,0,0,0.0,0.0,1.0,1.0,False,0/3,0.0,0.0,0.0
dt_sr_channel_reversal,USD_JPY,tokyo,Q1,Q3,SELL,0,0,0.0,0.0,1.0,1.0,False,0/3,0.0,0.0,0.0
dt_sr_channel_reversal,USD_JPY,tokyo,Q1,Q4,BUY,0,0,0.0,0.0,1.0,1.0,False,0/3,0.0,0.0,0.0
dt_sr_channel_reversal,USD_JPY,tokyo,Q1,Q4,SELL,5,1,0.2,0.036223160969787456,0.7889138057650383,1.0,False,0/3,0.0,0.11904761904761903,-9.620000000000001
dt_sr_channel_reversal,USD_JPY,tokyo,Q2,Q1,BUY,0,0,0.0,0.0,1.0,1.0,False,0/3,0.0,0.0,0.0
dt_sr_channel_reversal,USD_JPY,tokyo,Q2,Q1,SELL,0,0,0.0,0.0,1.0,1.0,False,0/3,0.0,0.0,0.0
dt_sr_channel_reversal,USD_JPY,tokyo,Q2,Q2,BUY,0,0,0.0,0.0,1.0,1.0,False,0/3,0.0,0.0,0.0
dt_sr_channel_reversal,USD_JPY,tokyo,Q2,Q2,SELL,0,0,0.0,0.0,1.0,1.0,False,0/3,0.0,0.0,0.0
dt_sr_channel_reversal,USD_JPY,tokyo,Q2,Q3,BUY,1,1,1.0,0.20654329147389294,0.2672531769305963,1.0,False,1/3,0.0,inf,8.7
dt_sr_channel_reversal,USD_JPY,tokyo,Q2,Q3,SELL,0,0,0.0,0.0,1.0,1.0,False,0/3,0.0,0.0,0.0
dt_sr_channel_reversal,USD_JPY,tokyo,Q2,Q4,BUY,0,0,0.0,0.0,1.0,1.0,False,0/3,0.0,0.0,0.0
dt_sr_channel_reversal,USD_JPY,tokyo,Q2,Q4,SELL,0,0,0.0,0.0,1.0,1.0,False,0/3,0.0,0.0,0.0
dt_sr_channel_reversal,USD_JPY,tokyo,Q3,Q1,BUY,0,0,0.0,0.0,1.0,1.0,False,0/3,0.0,0.0,0.0
dt_sr_channel_reversal,USD_JPY,tokyo,Q3,Q1,SELL,0,0,0.0,0.0,1.0,1.0,False,0/3,0.0,0.0,0.0
dt_sr_channel_reversal,USD_JPY,tokyo,Q3,Q2,BUY,0,0,0.0,0.0,1.0,1.0,False,0/3,0.0,0.0,0.0
dt_sr_channel_reversal,USD_JPY,tokyo,Q3,Q2,SELL,0,0,0.0,0.0,1.0,1.0,False,0/3,0.0,0.0,0.0
dt_sr_channel_reversal,USD_JPY,tokyo,Q3,Q3,BUY,0,0,0.0,0.0,1.0,1.0,False,0/3,0.0,0.0,0.0
dt_sr_channel_reversal,USD_JPY,tokyo,Q3,Q3,SELL,0,0,0.0,0.0,1.0,1.0,False,0/3,0.0,0.0,0.0
dt_sr_channel_reversal,USD_JPY,tokyo,Q3,Q4,BUY,4,1,0.25,0.045586062644636216,0.711842537731066,1.0,False,1/3,0.0,0.0242914979757085,-6.025
dt_sr_channel_reversal,USD_JPY,tokyo,Q3,Q4,SELL,0,0,0.0,0.0,1.0,1.0,False,0/3,0.0,0.0,0.0
dt_sr_channel_reversal,USD_JPY,tokyo,Q4,Q1,BUY,0,0,0.0,0.0,1.0,1.0,False,0/3,0.0,0.0,0.0
dt_sr_channel_reversal,USD_JPY,tokyo,Q4,Q1,SELL,0,0,0.0,0.0,1.0,1.0,False,0/3,0.0,0.0,0.0
dt_sr_channel_reversal,USD_JPY,tokyo,Q4,Q2,BUY,0,0,0.0,0.0,1.0,1.0,False,0/3,0.0,0.0,0.0
dt_sr_channel_reversal,USD_JPY,tokyo,Q4,Q2,SELL,0,0,0.0,0.0,1.0,1.0,False,0/3,0.0,0.0,0.0
dt_sr_channel_reversal,USD_JPY,tokyo,Q4,Q3,BUY,0,0,0.0,0.0,1.0,1.0,False,0/3,0.0,0.0,0.0
dt_sr_channel_reversal,USD_JPY,tokyo,Q4,Q3,SELL,0,0,0.0,0.0,1.0,1.0,False,0/3,0.0,0.0,0.0
dt_sr_channel_reversal,USD_JPY,tokyo,Q4,Q4,BUY,0,0,0.0,0.0,1.0,1.0,False,0/3,0.0,0.0,0.0
dt_sr_channel_reversal,USD_JPY,tokyo,Q4,Q4,SELL,0,0,0.0,0.0,1.0,1.0,False,0/3,0.0,0.0,0.0
dt_sr_channel_reversal,USD_JPY,london,Q1,Q1,BUY,0,0,0.0,0.0,1.0,1.0,False,0/3,0.0,0.0,0.0
dt_sr_channel_reversal,USD_JPY,london,Q1,Q1,SELL,0,0,0.0,0.0,1.0,1.0,False,0/3,0.0,0.0,0.0
dt_sr_channel_reversal,USD_JPY,london,Q1,Q2,BUY,0,0,0.0,0.0,1.0,1.0,False,0/3,0.0,0.0,0.0
dt_sr_channel_reversal,USD_JPY,london,Q1,Q2,SELL,0,0,0.0,0.0,1.0,1.0,False,0/3,0.0,0.0,0.0
dt_sr_channel_reversal,USD_JPY,london,Q1,Q3,BUY,0,0,0.0,0.0,1.0,1.0,False,0/3,0.0,0.0,0.0
dt_sr_channel_reversal,USD_JPY,london,Q1,Q3,SELL,0,0,0.0,0.0,1.0,1.0,False,0/3,0.0,0.0,0.0
dt_sr_channel_reversal,USD_JPY,london,Q1,Q4,BUY,0,0,0.0,0.0,1.0,1.0,False,0/3,0.0,0.0,0.0
dt_sr_channel_reversal,USD_JPY,london,Q1,Q4,SELL,1,0,0.0,0.0,1.0,1.0,False,0/3,0.0,0.0,-5.8999999999999995
dt_sr_channel_reversal,USD_JPY,london,Q2,Q1,BUY,0,0,0.0,0.0,1.0,1.0,False,0/3,0.0,0.0,0.0
dt_sr_channel_reversal,USD_JPY,london,Q2,Q1,SELL,0,0,0.0,0.0,1.0,1.0,False,0/3,0.0,0.0,0.0
dt_sr_channel_reversal,USD_JPY,london,Q2,Q2,BUY,0,0,0.0,0.0,1.0,1.0,False,0/3,0.0,0.0,0.0
dt_sr_channel_reversal,USD_JPY,london,Q2,Q2,SELL,0,0,0.0,0.0,1.0,1.0,False,0/3,0.0,0.0,0.0
dt_sr_channel_reversal,USD_JPY,london,Q2,Q3,BUY,0,0,0.0,0.0,1.0,1.0,False,0/3,0.0,0.0,0.0
dt_sr_channel_reversal,USD_JPY,london,Q2,Q3,SELL,0,0,0.0,0.0,1.0,1.0,False,0/3,0.0,0.0,0.0
dt_sr_channel_reversal,USD_JPY,london,Q2,Q4,BUY,0,0,0.0,0.0,1.0,1.0,False,0/3,0.0,0.0,0.0
dt_sr_channel_reversal,USD_JPY,london,Q2,Q4,SELL,0,0,0.0,0.0,1.0,1.0,False,0/3,0.0,0.0,0.0
dt_sr_channel_reversal,USD_JPY,london,Q3,Q1,BUY,0,0,0.0,0.0,1.0,1.0,False,0/3,0.0,0.0,0.0
dt_sr_channel_reversal,USD_JPY,london,Q3,Q1,SELL,0,0,0.0,0.0,1.0,1.0,False,0/3,0.0,0.0,0.0
dt_sr_channel_reversal,USD_JPY,london,Q3,Q2,BUY,0,0,0.0,0.0,1.0,1.0,False,0/3,0.0,0.0,0.0
dt_sr_channel_reversal,USD_JPY,london,Q3,Q2,SELL,0,0,0.0,0.0,1.0,1.0,False,0/3,0.0,0.0,0.0
dt_sr_channel_reversal,USD_JPY,london,Q3,Q3,BUY,1,0,0.0,0.0,1.0,1.0,False,0/3,0.0,0.0,-12.900000000000002
dt_sr_channel_reversal,USD_JPY,london,Q3,Q3,SELL,0,0,0.0,0.0,1.0,1.0,False,0/3,0.0,0.0,0.0
dt_sr_channel_reversal,USD_JPY,london,Q3,Q4,BUY,4,3,0.75,0.30063605244263664,0.06097558386672511,1.0,False,2/3,0.15283842794759828,2.573033707865169,3.499999999999999
dt_sr_channel_reversal,USD_JPY,london,Q3,Q4,SELL,0,0,0.0,0.0,1.0,1.0,False,0/3,0.0,0.0,0.0
dt_sr_channel_reversal,USD_JPY,london,Q4,Q1,BUY,0,0,0.0,0.0,1.0,1.0,False,0/3,0.0,0.0,0.0
dt_sr_channel_reversal,USD_JPY,london,Q4,Q1,SELL,0,0,0.0,0.0,1.0,1.0,False,0/3,0.0,0.0,0.0
dt_sr_channel_reversal,USD_JPY,london,Q4,Q2,BUY,0,0,0.0,0.0,1.0,1.0,False,0/3,0.0,0.0,0.0
dt_sr_channel_reversal,USD_JPY,london,Q4,Q2,SELL,0,0,0.0,0.0,1.0,1.0,False,0/3,0.0,0.0,0.0
dt_sr_channel_reversal,USD_JPY,london,Q4,Q3,BUY,0,0,0.0,0.0,1.0,1.0,False,0/3,0.0,0.0,0.0
dt_sr_channel_reversal,USD_JPY,london,Q4,Q3,SELL,0,0,0.0,0.0,1.0,1.0,False,0/3,0.0,0.0,0.0
dt_sr_channel_reversal,USD_JPY,london,Q4,Q4,BUY,0,0,0.0,0.0,1.0,1.0,False,0/3,0.0,0.0,0.0
dt_sr_channel_reversal,USD_JPY,london,Q4,Q4,SELL,0,0,0.0,0.0,1.0,1.0,False,0/3,0.0,0.0,0.0
dt_sr_channel_reversal,USD_JPY,ny,Q1,Q1,BUY,0,0,0.0,0.0,1.0,1.0,False,0/3,0.0,0.0,0.0
dt_sr_channel_reversal,USD_JPY,ny,Q1,Q1,SELL,0,0,0.0,0.0,1.0,1.0,False,0/3,0.0,0.0,0.0
dt_sr_channel_reversal,USD_JPY,ny,Q1,Q2,BUY,0,0,0.0,0.0,1.0,1.0,False,0/3,0.0,0.0,0.0
dt_sr_channel_reversal,USD_JPY,ny,Q1,Q2,SELL,0,0,0.0,0.0,1.0,1.0,False,0/3,0.0,0.0,0.0
dt_sr_channel_reversal,USD_JPY,ny,Q1,Q3,BUY,0,0,0.0,0.0,1.0,1.0,False,0/3,0.0,0.0,0.0
dt_sr_channel_reversal,USD_JPY,ny,Q1,Q3,SELL,0,0,0.0,0.0,1.0,1.0,False,0/3,0.0,0.0,0.0
dt_sr_channel_reversal,USD_JPY,ny,Q1,Q4,BUY,0,0,0.0,0.0,1.0,1.0,False,0/3,0.0,0.0,0.0
dt_sr_channel_reversal,USD_JPY,ny,Q1,Q4,SELL,0,0,0.0,0.0,1.0,1.0,False,0/3,0.0,0.0,0.0
dt_sr_channel_reversal,USD_JPY,ny,Q2,Q1,BUY,0,0,0.0,0.0,1.0,1.0,False,0/3,0.0,0.0,0.0
dt_sr_channel_reversal,USD_JPY,ny,Q2,Q1,SELL,0,0,0.0,0.0,1.0,1.0,False,0/3,0.0,0.0,0.0
dt_sr_channel_reversal,USD_JPY,ny,Q2,Q2,BUY,0,0,0.0,0.0,1.0,1.0,False,0/3,0.0,0.0,0.0
dt_sr_channel_reversal,USD_JPY,ny,Q2,Q2,SELL,0,0,0.0,0.0,1.0,1.0,False,0/3,0.0,0.0,0.0
dt_sr_channel_reversal,USD_JPY,ny,Q2,Q3,BUY,2,1,0.5,0.09452865480086611,0.46312038599118976,1.0,False,1/3,0.0,0.375,-1.5
dt_sr_channel_reversal,USD_JPY,ny,Q2,Q3,SELL,0,0,0.0,0.0,1.0,1.0,False,0/3,0.0,0.0,0.0
dt_sr_channel_reversal,USD_JPY,ny,Q2,Q4,BUY,0,0,0.0,0.0,1.0,1.0,False,0/3,0.0,0.0,0.0
dt_sr_channel_reversal,USD_JPY,ny,Q2,Q4,SELL,0,0,0.0,0.0,1.0,1.0,False,0/3,0.0,0.0,0.0
dt_sr_channel_reversal,USD_JPY,ny,Q3,Q1,BUY,0,0,0.0,0.0,1.0,1.0,False,0/3,0.0,0.0,0.0
dt_sr_channel_reversal,USD_JPY,ny,Q3,Q1,SELL,0,0,0.0,0.0,1.0,1.0,False,0/3,0.0,0.0,0.0
dt_sr_channel_reversal,USD_JPY,ny,Q3,Q2,BUY,0,0,0.0,0.0,1.0,1.0,False,0/3,0.0,0.0,0.0
dt_sr_channel_reversal,USD_JPY,ny,Q3,Q2,SELL,0,0,0.0,0.0,1.0,1.0,False,0/3,0.0,0.0,0.0
dt_sr_channel_reversal,USD_JPY,ny,Q3,Q3,BUY,0,0,0.0,0.0,1.0,1.0,False,0/3,0.0,0.0,0.0
dt_sr_channel_reversal,USD_JPY,ny,Q3,Q3,SELL,0,0,0.0,0.0,1.0,1.0,False,0/3,0.0,0.0,0.0
dt_sr_channel_reversal,USD_JPY,ny,Q3,Q4,BUY,0,0,0.0,0.0,1.0,1.0,False,0/3,0.0,0.0,0.0
dt_sr_channel_reversal,USD_JPY,ny,Q3,Q4,SELL,0,0,0.0,0.0,1.0,1.0,False,0/3,0.0,0.0,0.0
dt_sr_channel_reversal,USD_JPY,ny,Q4,Q1,BUY,0,0,0.0,0.0,1.0,1.0,False,0/3,0.0,0.0,0.0
dt_sr_channel_reversal,USD_JPY,ny,Q4,Q1,SELL,0,0,0.0,0.0,1.0,1.0,False,0/3,0.0,0.0,0.0
dt_sr_channel_reversal,USD_JPY,ny,Q4,Q2,BUY,0,0,0.0,0.0,1.0,1.0,False,0/3,0.0,0.0,0.0
dt_sr_channel_reversal,USD_JPY,ny,Q4,Q2,SELL,0,0,0.0,0.0,1.0,1.0,False,0/3,0.0,0.0,0.0
dt_sr_channel_reversal,USD_JPY,ny,Q4,Q3,BUY,0,0,0.0,0.0,1.0,1.0,False,0/3,0.0,0.0,0.0
dt_sr_channel_reversal,USD_JPY,ny,Q4,Q3,SELL,0,0,0.0,0.0,1.0,1.0,False,0/3,0.0,0.0,0.0
dt_sr_channel_reversal,USD_JPY,ny,Q4,Q4,BUY,0,0,0.0,0.0,1.0,1.0,False,0/3,0.0,0.0,0.0
dt_sr_channel_reversal,USD_JPY,ny,Q4,Q4,SELL,0,0,0.0,0.0,1.0,1.0,False,0/3,0.0,0.0,0.0
dt_sr_channel_reversal,USD_JPY,overlap,Q1,Q1,BUY,0,0,0.0,0.0,1.0,1.0,False,0/3,0.0,0.0,0.0
dt_sr_channel_reversal,USD_JPY,overlap,Q1,Q1,SELL,0,0,0.0,0.0,1.0,1.0,False,0/3,0.0,0.0,0.0
dt_sr_channel_reversal,USD_JPY,overlap,Q1,Q2,BUY,0,0,0.0,0.0,1.0,1.0,False,0/3,0.0,0.0,0.0
dt_sr_channel_reversal,USD_JPY,overlap,Q1,Q2,SELL,0,0,0.0,0.0,1.0,1.0,False,0/3,0.0,0.0,0.0
dt_sr_channel_reversal,USD_JPY,overlap,Q1,Q3,BUY,0,0,0.0,0.0,1.0,1.0,False,0/3,0.0,0.0,0.0
dt_sr_channel_reversal,USD_JPY,overlap,Q1,Q3,SELL,0,0,0.0,0.0,1.0,1.0,False,0/3,0.0,0.0,0.0
dt_sr_channel_reversal,USD_JPY,overlap,Q1,Q4,BUY,0,0,0.0,0.0,1.0,1.0,False,0/3,0.0,0.0,0.0
dt_sr_channel_reversal,USD_JPY,overlap,Q1,Q4,SELL,1,0,0.0,0.0,1.0,1.0,False,0/3,0.0,0.0,-6.4
dt_sr_channel_reversal,USD_JPY,overlap,Q2,Q1,BUY,0,0,0.0,0.0,1.0,1.0,False,0/3,0.0,0.0,0.0
dt_sr_channel_reversal,USD_JPY,overlap,Q2,Q1,SELL,0,0,0.0,0.0,1.0,1.0,False,0/3,0.0,0.0,0.0
dt_sr_channel_reversal,USD_JPY,overlap,Q2,Q2,BUY,0,0,0.0,0.0,1.0,1.0,False,0/3,0.0,0.0,0.0
dt_sr_channel_reversal,USD_JPY,overlap,Q2,Q2,SELL,1,0,0.0,0.0,1.0,1.0,False,0/3,0.0,0.0,-2.5
dt_sr_channel_reversal,USD_JPY,overlap,Q2,Q3,BUY,0,0,0.0,0.0,1.0,1.0,False,0/3,0.0,0.0,0.0
dt_sr_channel_reversal,USD_JPY,overlap,Q2,Q3,SELL,0,0,0.0,0.0,1.0,1.0,False,0/3,0.0,0.0,0.0
dt_sr_channel_reversal,USD_JPY,overlap,Q2,Q4,BUY,0,0,0.0,0.0,1.0,1.0,False,0/3,0.0,0.0,0.0
dt_sr_channel_reversal,USD_JPY,overlap,Q2,Q4,SELL,0,0,0.0,0.0,1.0,1.0,False,0/3,0.0,0.0,0.0
dt_sr_channel_reversal,USD_JPY,overlap,Q3,Q1,BUY,0,0,0.0,0.0,1.0,1.0,False,0/3,0.0,0.0,0.0
dt_sr_channel_reversal,USD_JPY,overlap,Q3,Q1,SELL,0,0,0.0,0.0,1.0,1.0,False,0/3,0.0,0.0,0.0
dt_sr_channel_reversal,USD_JPY,overlap,Q3,Q2,BUY,0,0,0.0,0.0,1.0,1.0,False,0/3,0.0,0.0,0.0
dt_sr_channel_reversal,USD_JPY,overlap,Q3,Q2,SELL,1,1,1.0,0.20654329147389294,0.2672531769305963,1.0,False,1/3,0.0,inf,18.7
dt_sr_channel_reversal,USD_JPY,overlap,Q3,Q3,BUY,2,0,0.0,0.0,1.0,1.0,False,0/3,0.0,0.0,-4.8
dt_sr_channel_reversal,USD_JPY,overlap,Q3,Q3,SELL,0,0,0.0,0.0,1.0,1.0,False,0/3,0.0,0.0,0.0
dt_sr_channel_reversal,USD_JPY,overlap,Q3,Q4,BUY,0,0,0.0,0.0,1.0,1.0,False,0/3,0.0,0.0,0.0
dt_sr_channel_reversal,USD_JPY,overlap,Q3,Q4,SELL,0,0,0.0,0.0,1.0,1.0,False,0/3,0.0,0.0,0.0
dt_sr_channel_reversal,USD_JPY,overlap,Q4,Q1,BUY,0,0,0.0,0.0,1.0,1.0,False,0/3,0.0,0.0,0.0
dt_sr_channel_reversal,USD_JPY,overlap,Q4,Q1,SELL,0,0,0.0,0.0,1.0,1.0,False,0/3,0.0,0.0,0.0
dt_sr_channel_reversal,USD_JPY,overlap,Q4,Q2,BUY,0,0,0.0,0.0,1.0,1.0,False,0/3,0.0,0.0,0.0
dt_sr_channel_reversal,USD_JPY,overlap,Q4,Q2,SELL,0,0,0.0,0.0,1.0,1.0,False,0/3,0.0,0.0,0.0
dt_sr_channel_reversal,USD_JPY,overlap,Q4,Q3,BUY,0,0,0.0,0.0,1.0,1.0,False,0/3,0.0,0.0,0.0
dt_sr_channel_reversal,USD_JPY,overlap,Q4,Q3,SELL,0,0,0.0,0.0,1.0,1.0,False,0/3,0.0,0.0,0.0
dt_sr_channel_reversal,USD_JPY,overlap,Q4,Q4,BUY,0,0,0.0,0.0,1.0,1.0,False,0/3,0.0,0.0,0.0
dt_sr_channel_reversal,USD_JPY,overlap,Q4,Q4,SELL,0,0,0.0,0.0,1.0,1.0,False,0/3,0.0,0.0,0.0
dt_sr_channel_reversal,EUR_USD,tokyo,Q1,Q1,BUY,0,0,0.0,0.0,1.0,1.0,False,0/3,0.0,0.0,0.0
dt_sr_channel_reversal,EUR_USD,tokyo,Q1,Q1,SELL,0,0,0.0,0.0,1.0,1.0,False,0/3,0.0,0.0,0.0
dt_sr_channel_reversal,EUR_USD,tokyo,Q1,Q2,BUY,0,0,0.0,0.0,1.0,1.0,False,0/3,0.0,0.0,0.0
dt_sr_channel_reversal,EUR_USD,tokyo,Q1,Q2,SELL,0,0,0.0,0.0,1.0,1.0,False,0/3,0.0,0.0,0.0
dt_sr_channel_reversal,EUR_USD,tokyo,Q1,Q3,BUY,0,0,0.0,0.0,1.0,1.0,False,0/3,0.0,0.0,0.0
dt_sr_channel_reversal,EUR_USD,tokyo,Q1,Q3,SELL,0,0,0.0,0.0,1.0,1.0,False,0/3,0.0,0.0,0.0
dt_sr_channel_reversal,EUR_USD,tokyo,Q1,Q4,BUY,0,0,0.0,0.0,1.0,1.0,False,0/3,0.0,0.0,0.0
dt_sr_channel_reversal,EUR_USD,tokyo,Q1,Q4,SELL,0,0,0.0,0.0,1.0,1.0,False,0/3,0.0,0.0,0.0
dt_sr_channel_reversal,EUR_USD,tokyo,Q2,Q1,BUY,0,0,0.0,0.0,1.0,1.0,False,0/3,0.0,0.0,0.0
dt_sr_channel_reversal,EUR_USD,tokyo,Q2,Q1,SELL,0,0,0.0,0.0,1.0,1.0,False,0/3,0.0,0.0,0.0
dt_sr_channel_reversal,EUR_USD,tokyo,Q2,Q2,BUY,0,0,0.0,0.0,1.0,1.0,False,0/3,0.0,0.0,0.0
dt_sr_channel_reversal,EUR_USD,tokyo,Q2,Q2,SELL,0,0,0.0,0.0,1.0,1.0,False,0/3,0.0,0.0,0.0
dt_sr_channel_reversal,EUR_USD,tokyo,Q2,Q3,BUY,0,0,0.0,0.0,1.0,1.0,False,0/3,0.0,0.0,0.0
dt_sr_channel_reversal,EUR_USD,tokyo,Q2,Q3,SELL,0,0,0.0,0.0,1.0,1.0,False,0/3,0.0,0.0,0.0
dt_sr_channel_reversal,EUR_USD,tokyo,Q2,Q4,BUY,0,0,0.0,0.0,1.0,1.0,False,0/3,0.0,0.0,0.0
dt_sr_channel_reversal,EUR_USD,tokyo,Q2,Q4,SELL,0,0,0.0,0.0,1.0,1.0,False,0/3,0.0,0.0,0.0
dt_sr_channel_reversal,EUR_USD,tokyo,Q3,Q1,BUY,0,0,0.0,0.0,1.0,1.0,False,0/3,0.0,0.0,0.0
dt_sr_channel_reversal,EUR_USD,tokyo,Q3,Q1,SELL,0,0,0.0,0.0,1.0,1.0,False,0/3,0.0,0.0,0.0
dt_sr_channel_reversal,EUR_USD,tokyo,Q3,Q2,BUY,0,0,0.0,0.0,1.0,1.0,False,0/3,0.0,0.0,0.0
dt_sr_channel_reversal,EUR_USD,tokyo,Q3,Q2,SELL,0,0,0.0,0.0,1.0,1.0,False,0/3,0.0,0.0,0.0
dt_sr_channel_reversal,EUR_USD,tokyo,Q3,Q3,BUY,0,0,0.0,0.0,1.0,1.0,False,0/3,0.0,0.0,0.0
dt_sr_channel_reversal,EUR_USD,tokyo,Q3,Q3,SELL,0,0,0.0,0.0,1.0,1.0,False,0/3,0.0,0.0,0.0
dt_sr_channel_reversal,EUR_USD,tokyo,Q3,Q4,BUY,0,0,0.0,0.0,1.0,1.0,False,0/3,0.0,0.0,0.0
dt_sr_channel_reversal,EUR_USD,tokyo,Q3,Q4,SELL,0,0,0.0,0.0,1.0,1.0,False,0/3,0.0,0.0,0.0
dt_sr_channel_reversal,EUR_USD,tokyo,Q4,Q1,BUY,0,0,0.0,0.0,1.0,1.0,False,0/3,0.0,0.0,0.0
dt_sr_channel_reversal,EUR_USD,tokyo,Q4,Q1,SELL,0,0,0.0,0.0,1.0,1.0,False,0/3,0.0,0.0,0.0
dt_sr_channel_reversal,EUR_USD,tokyo,Q4,Q2,BUY,0,0,0.0,0.0,1.0,1.0,False,0/3,0.0,0.0,0.0
dt_sr_channel_reversal,EUR_USD,tokyo,Q4,Q2,SELL,0,0,0.0,0.0,1.0,1.0,False,0/3,0.0,0.0,0.0
dt_sr_channel_reversal,EUR_USD,tokyo,Q4,Q3,BUY,0,0,0.0,0.0,1.0,1.0,False,0/3,0.0,0.0,0.0
dt_sr_channel_reversal,EUR_USD,tokyo,Q4,Q3,SELL,0,0,0.0,0.0,1.0,1.0,False,0/3,0.0,0.0,0.0
dt_sr_channel_reversal,EUR_USD,tokyo,Q4,Q4,BUY,2,0,0.0,0.0,1.0,1.0,False,0/3,0.0,0.0,-3.3
dt_sr_channel_reversal,EUR_USD,tokyo,Q4,Q4,SELL,0,0,0.0,0.0,1.0,1.0,False,0/3,0.0,0.0,0.0
dt_sr_channel_reversal,EUR_USD,london,Q1,Q1,BUY,0,0,0.0,0.0,1.0,1.0,False,0/3,0.0,0.0,0.0
dt_sr_channel_reversal,EUR_USD,london,Q1,Q1,SELL,0,0,0.0,0.0,1.0,1.0,False,0/3,0.0,0.0,0.0
dt_sr_channel_reversal,EUR_USD,london,Q1,Q2,BUY,0,0,0.0,0.0,1.0,1.0,False,0/3,0.0,0.0,0.0
dt_sr_channel_reversal,EUR_USD,london,Q1,Q2,SELL,0,0,0.0,0.0,1.0,1.0,False,0/3,0.0,0.0,0.0
dt_sr_channel_reversal,EUR_USD,london,Q1,Q3,BUY,0,0,0.0,0.0,1.0,1.0,False,0/3,0.0,0.0,0.0
dt_sr_channel_reversal,EUR_USD,london,Q1,Q3,SELL,0,0,0.0,0.0,1.0,1.0,False,0/3,0.0,0.0,0.0
dt_sr_channel_reversal,EUR_USD,london,Q1,Q4,BUY,0,0,0.0,0.0,1.0,1.0,False,0/3,0.0,0.0,0.0
dt_sr_channel_reversal,EUR_USD,london,Q1,Q4,SELL,0,0,0.0,0.0,1.0,1.0,False,0/3,0.0,0.0,0.0
dt_sr_channel_reversal,EUR_USD,london,Q2,Q1,BUY,0,0,0.0,0.0,1.0,1.0,False,0/3,0.0,0.0,0.0
dt_sr_channel_reversal,EUR_USD,london,Q2,Q1,SELL,0,0,0.0,0.0,1.0,1.0,False,0/3,0.0,0.0,0.0
dt_sr_channel_reversal,EUR_USD,london,Q2,Q2,BUY,0,0,0.0,0.0,1.0,1.0,False,0/3,0.0,0.0,0.0
dt_sr_channel_reversal,EUR_USD,london,Q2,Q2,SELL,0,0,0.0,0.0,1.0,1.0,False,0/3,0.0,0.0,0.0
dt_sr_channel_reversal,EUR_USD,london,Q2,Q3,BUY,1,1,1.0,0.20654329147389294,0.2672531769305963,1.0,False,1/3,0.0,inf,0.8000000000000002
dt_sr_channel_reversal,EUR_USD,london,Q2,Q3,SELL,0,0,0.0,0.0,1.0,1.0,False,0/3,0.0,0.0,0.0
dt_sr_channel_reversal,EUR_USD,london,Q2,Q4,BUY,0,0,0.0,0.0,1.0,1.0,False,0/3,0.0,0.0,0.0
dt_sr_channel_reversal,EUR_USD,london,Q2,Q4,SELL,0,0,0.0,0.0,1.0,1.0,False,0/3,0.0,0.0,0.0
dt_sr_channel_reversal,EUR_USD,london,Q3,Q1,BUY,0,0,0.0,0.0,1.0,1.0,False,0/3,0.0,0.0,0.0
dt_sr_channel_reversal,EUR_USD,london,Q3,Q1,SELL,0,0,0.0,0.0,1.0,1.0,False,0/3,0.0,0.0,0.0
dt_sr_channel_reversal,EUR_USD,london,Q3,Q2,BUY,0,0,0.0,0.0,1.0,1.0,False,0/3,0.0,0.0,0.0
dt_sr_channel_reversal,EUR_USD,london,Q3,Q2,SELL,0,0,0.0,0.0,1.0,1.0,False,0/3,0.0,0.0,0.0
dt_sr_channel_reversal,EUR_USD,london,Q3,Q3,BUY,3,0,0.0,0.0,1.0,1.0,False,0/3,0.0,0.0,-8.733333333333333
dt_sr_channel_reversal,EUR_USD,london,Q3,Q3,SELL,0,0,0.0,0.0,1.0,1.0,False,0/3,0.0,0.0,0.0
dt_sr_channel_reversal,EUR_USD,london,Q3,Q4,BUY,1,1,1.0,0.20654329147389294,0.2672531769305963,1.0,False,0/3,0.0,0.0,-1.4000000000000001
dt_sr_channel_reversal,EUR_USD,london,Q3,Q4,SELL,0,0,0.0,0.0,1.0,1.0,False,0/3,0.0,0.0,0.0
dt_sr_channel_reversal,EUR_USD,london,Q4,Q1,BUY,0,0,0.0,0.0,1.0,1.0,False,0/3,0.0,0.0,0.0
dt_sr_channel_reversal,EUR_USD,london,Q4,Q1,SELL,0,0,0.0,0.0,1.0,1.0,False,0/3,0.0,0.0,0.0
dt_sr_channel_reversal,EUR_USD,london,Q4,Q2,BUY,0,0,0.0,0.0,1.0,1.0,False,0/3,0.0,0.0,0.0
dt_sr_channel_reversal,EUR_USD,london,Q4,Q2,SELL,0,0,0.0,0.0,1.0,1.0,False,0/3,0.0,0.0,0.0
dt_sr_channel_reversal,EUR_USD,london,Q4,Q3,BUY,3,1,0.3333333333333333,0.061490315276160515,0.6066592931592014,1.0,False,1/3,0.0,0.8242424242424242,-0.9666666666666662
dt_sr_channel_reversal,EUR_USD,london,Q4,Q3,SELL,0,0,0.0,0.0,1.0,1.0,False,0/3,0.0,0.0,0.0
dt_sr_channel_reversal,EUR_USD,london,Q4,Q4,BUY,0,0,0.0,0.0,1.0,1.0,False,0/3,0.0,0.0,0.0
dt_sr_channel_reversal,EUR_USD,london,Q4,Q4,SELL,1,1,1.0,0.20654329147389294,0.2672531769305963,1.0,False,0/3,0.0,0.0,-0.09999999999999998
dt_sr_channel_reversal,EUR_USD,ny,Q1,Q1,BUY,0,0,0.0,0.0,1.0,1.0,False,0/3,0.0,0.0,0.0
dt_sr_channel_reversal,EUR_USD,ny,Q1,Q1,SELL,0,0,0.0,0.0,1.0,1.0,False,0/3,0.0,0.0,0.0
dt_sr_channel_reversal,EUR_USD,ny,Q1,Q2,BUY,0,0,0.0,0.0,1.0,1.0,False,0/3,0.0,0.0,0.0
dt_sr_channel_reversal,EUR_USD,ny,Q1,Q2,SELL,0,0,0.0,0.0,1.0,1.0,False,0/3,0.0,0.0,0.0
dt_sr_channel_reversal,EUR_USD,ny,Q1,Q3,BUY,0,0,0.0,0.0,1.0,1.0,False,0/3,0.0,0.0,0.0
dt_sr_channel_reversal,EUR_USD,ny,Q1,Q3,SELL,0,0,0.0,0.0,1.0,1.0,False,0/3,0.0,0.0,0.0
dt_sr_channel_reversal,EUR_USD,ny,Q1,Q4,BUY,0,0,0.0,0.0,1.0,1.0,False,0/3,0.0,0.0,0.0
dt_sr_channel_reversal,EUR_USD,ny,Q1,Q4,SELL,0,0,0.0,0.0,1.0,1.0,False,0/3,0.0,0.0,0.0
dt_sr_channel_reversal,EUR_USD,ny,Q2,Q1,BUY,0,0,0.0,0.0,1.0,1.0,False,0/3,0.0,0.0,0.0
dt_sr_channel_reversal,EUR_USD,ny,Q2,Q1,SELL,0,0,0.0,0.0,1.0,1.0,False,0/3,0.0,0.0,0.0
dt_sr_channel_reversal,EUR_USD,ny,Q2,Q2,BUY,0,0,0.0,0.0,1.0,1.0,False,0/3,0.0,0.0,0.0
dt_sr_channel_reversal,EUR_USD,ny,Q2,Q2,SELL,0,0,0.0,0.0,1.0,1.0,False,0/3,0.0,0.0,0.0
dt_sr_channel_reversal,EUR_USD,ny,Q2,Q3,BUY,0,0,0.0,0.0,1.0,1.0,False,0/3,0.0,0.0,0.0
dt_sr_channel_reversal,EUR_USD,ny,Q2,Q3,SELL,0,0,0.0,0.0,1.0,1.0,False,0/3,0.0,0.0,0.0
dt_sr_channel_reversal,EUR_USD,ny,Q2,Q4,BUY,0,0,0.0,0.0,1.0,1.0,False,0/3,0.0,0.0,0.0
dt_sr_channel_reversal,EUR_USD,ny,Q2,Q4,SELL,0,0,0.0,0.0,1.0,1.0,False,0/3,0.0,0.0,0.0
dt_sr_channel_reversal,EUR_USD,ny,Q3,Q1,BUY,0,0,0.0,0.0,1.0,1.0,False,0/3,0.0,0.0,0.0
dt_sr_channel_reversal,EUR_USD,ny,Q3,Q1,SELL,0,0,0.0,0.0,1.0,1.0,False,0/3,0.0,0.0,0.0
dt_sr_channel_reversal,EUR_USD,ny,Q3,Q2,BUY,0,0,0.0,0.0,1.0,1.0,False,0/3,0.0,0.0,0.0
dt_sr_channel_reversal,EUR_USD,ny,Q3,Q2,SELL,0,0,0.0,0.0,1.0,1.0,False,0/3,0.0,0.0,0.0
dt_sr_channel_reversal,EUR_USD,ny,Q3,Q3,BUY,0,0,0.0,0.0,1.0,1.0,False,0/3,0.0,0.0,0.0
dt_sr_channel_reversal,EUR_USD,ny,Q3,Q3,SELL,0,0,0.0,0.0,1.0,1.0,False,0/3,0.0,0.0,0.0
dt_sr_channel_reversal,EUR_USD,ny,Q3,Q4,BUY,0,0,0.0,0.0,1.0,1.0,False,0/3,0.0,0.0,0.0
dt_sr_channel_reversal,EUR_USD,ny,Q3,Q4,SELL,0,0,0.0,0.0,1.0,1.0,False,0/3,0.0,0.0,0.0
dt_sr_channel_reversal,EUR_USD,ny,Q4,Q1,BUY,0,0,0.0,0.0,1.0,1.0,False,0/3,0.0,0.0,0.0
dt_sr_channel_reversal,EUR_USD,ny,Q4,Q1,SELL,0,0,0.0,0.0,1.0,1.0,False,0/3,0.0,0.0,0.0
dt_sr_channel_reversal,EUR_USD,ny,Q4,Q2,BUY,0,0,0.0,0.0,1.0,1.0,False,0/3,0.0,0.0,0.0
dt_sr_channel_reversal,EUR_USD,ny,Q4,Q2,SELL,0,0,0.0,0.0,1.0,1.0,False,0/3,0.0,0.0,0.0
dt_sr_channel_reversal,EUR_USD,ny,Q4,Q3,BUY,0,0,0.0,0.0,1.0,1.0,False,0/3,0.0,0.0,0.0
dt_sr_channel_reversal,EUR_USD,ny,Q4,Q3,SELL,0,0,0.0,0.0,1.0,1.0,False,0/3,0.0,0.0,0.0
dt_sr_channel_reversal,EUR_USD,ny,Q4,Q4,BUY,0,0,0.0,0.0,1.0,1.0,False,0/3,0.0,0.0,0.0
dt_sr_channel_reversal,EUR_USD,ny,Q4,Q4,SELL,0,0,0.0,0.0,1.0,1.0,False,0/3,0.0,0.0,0.0
dt_sr_channel_reversal,EUR_USD,overlap,Q1,Q1,BUY,0,0,0.0,0.0,1.0,1.0,False,0/3,0.0,0.0,0.0
dt_sr_channel_reversal,EUR_USD,overlap,Q1,Q1,SELL,0,0,0.0,0.0,1.0,1.0,False,0/3,0.0,0.0,0.0
dt_sr_channel_reversal,EUR_USD,overlap,Q1,Q2,BUY,0,0,0.0,0.0,1.0,1.0,False,0/3,0.0,0.0,0.0
dt_sr_channel_reversal,EUR_USD,overlap,Q1,Q2,SELL,0,0,0.0,0.0,1.0,1.0,False,0/3,0.0,0.0,0.0
dt_sr_channel_reversal,EUR_USD,overlap,Q1,Q3,BUY,0,0,0.0,0.0,1.0,1.0,False,0/3,0.0,0.0,0.0
dt_sr_channel_reversal,EUR_USD,overlap,Q1,Q3,SELL,0,0,0.0,0.0,1.0,1.0,False,0/3,0.0,0.0,0.0
dt_sr_channel_reversal,EUR_USD,overlap,Q1,Q4,BUY,0,0,0.0,0.0,1.0,1.0,False,0/3,0.0,0.0,0.0
dt_sr_channel_reversal,EUR_USD,overlap,Q1,Q4,SELL,1,0,0.0,0.0,1.0,1.0,False,0/3,0.0,0.0,-1.8000000000000003
dt_sr_channel_reversal,EUR_USD,overlap,Q2,Q1,BUY,0,0,0.0,0.0,1.0,1.0,False,0/3,0.0,0.0,0.0
dt_sr_channel_reversal,EUR_USD,overlap,Q2,Q1,SELL,0,0,0.0,0.0,1.0,1.0,False,0/3,0.0,0.0,0.0
dt_sr_channel_reversal,EUR_USD,overlap,Q2,Q2,BUY,0,0,0.0,0.0,1.0,1.0,False,0/3,0.0,0.0,0.0
dt_sr_channel_reversal,EUR_USD,overlap,Q2,Q2,SELL,0,0,0.0,0.0,1.0,1.0,False,0/3,0.0,0.0,0.0
dt_sr_channel_reversal,EUR_USD,overlap,Q2,Q3,BUY,1,0,0.0,0.0,1.0,1.0,False,0/3,0.0,0.0,-6.8999999999999995
dt_sr_channel_reversal,EUR_USD,overlap,Q2,Q3,SELL,0,0,0.0,0.0,1.0,1.0,False,0/3,0.0,0.0,0.0
dt_sr_channel_reversal,EUR_USD,overlap,Q2,Q4,BUY,0,0,0.0,0.0,1.0,1.0,False,0/3,0.0,0.0,0.0
dt_sr_channel_reversal,EUR_USD,overlap,Q2,Q4,SELL,0,0,0.0,0.0,1.0,1.0,False,0/3,0.0,0.0,0.0
dt_sr_channel_reversal,EUR_USD,overlap,Q3,Q1,BUY,0,0,0.0,0.0,1.0,1.0,False,0/3,0.0,0.0,0.0
dt_sr_channel_reversal,EUR_USD,overlap,Q3,Q1,SELL,0,0,0.0,0.0,1.0,1.0,False,0/3,0.0,0.0,0.0
dt_sr_channel_reversal,EUR_USD,overlap,Q3,Q2,BUY,0,0,0.0,0.0,1.0,1.0,False,0/3,0.0,0.0,0.0
dt_sr_channel_reversal,EUR_USD,overlap,Q3,Q2,SELL,0,0,0.0,0.0,1.0,1.0,False,0/3,0.0,0.0,0.0
dt_sr_channel_reversal,EUR_USD,overlap,Q3,Q3,BUY,0,0,0.0,0.0,1.0,1.0,False,0/3,0.0,0.0,0.0
dt_sr_channel_reversal,EUR_USD,overlap,Q3,Q3,SELL,0,0,0.0,0.0,1.0,1.0,False,0/3,0.0,0.0,0.0
dt_sr_channel_reversal,EUR_USD,overlap,Q3,Q4,BUY,0,0,0.0,0.0,1.0,1.0,False,0/3,0.0,0.0,0.0
dt_sr_channel_reversal,EUR_USD,overlap,Q3,Q4,SELL,0,0,0.0,0.0,1.0,1.0,False,0/3,0.0,0.0,0.0
dt_sr_channel_reversal,EUR_USD,overlap,Q4,Q1,BUY,0,0,0.0,0.0,1.0,1.0,False,0/3,0.0,0.0,0.0
dt_sr_channel_reversal,EUR_USD,overlap,Q4,Q1,SELL,0,0,0.0,0.0,1.0,1.0,False,0/3,0.0,0.0,0.0
dt_sr_channel_reversal,EUR_USD,overlap,Q4,Q2,BUY,0,0,0.0,0.0,1.0,1.0,False,0/3,0.0,0.0,0.0
dt_sr_channel_reversal,EUR_USD,overlap,Q4,Q2,SELL,0,0,0.0,0.0,1.0,1.0,False,0/3,0.0,0.0,0.0
dt_sr_channel_reversal,EUR_USD,overlap,Q4,Q3,BUY,0,0,0.0,0.0,1.0,1.0,False,0/3,0.0,0.0,0.0
dt_sr_channel_reversal,EUR_USD,overlap,Q4,Q3,SELL,0,0,0.0,0.0,1.0,1.0,False,0/3,0.0,0.0,0.0
dt_sr_channel_reversal,EUR_USD,overlap,Q4,Q4,BUY,0,0,0.0,0.0,1.0,1.0,False,0/3,0.0,0.0,0.0
dt_sr_channel_reversal,EUR_USD,overlap,Q4,Q4,SELL,0,0,0.0,0.0,1.0,1.0,False,0/3,0.0,0.0,0.0
dt_sr_channel_reversal,GBP_USD,tokyo,Q1,Q1,BUY,0,0,0.0,0.0,1.0,1.0,False,0/3,0.0,0.0,0.0
dt_sr_channel_reversal,GBP_USD,tokyo,Q1,Q1,SELL,0,0,0.0,0.0,1.0,1.0,False,0/3,0.0,0.0,0.0
dt_sr_channel_reversal,GBP_USD,tokyo,Q1,Q2,BUY,0,0,0.0,0.0,1.0,1.0,False,0/3,0.0,0.0,0.0
dt_sr_channel_reversal,GBP_USD,tokyo,Q1,Q2,SELL,0,0,0.0,0.0,1.0,1.0,False,0/3,0.0,0.0,0.0
dt_sr_channel_reversal,GBP_USD,tokyo,Q1,Q3,BUY,0,0,0.0,0.0,1.0,1.0,False,0/3,0.0,0.0,0.0
dt_sr_channel_reversal,GBP_USD,tokyo,Q1,Q3,SELL,0,0,0.0,0.0,1.0,1.0,False,0/3,0.0,0.0,0.0
dt_sr_channel_reversal,GBP_USD,tokyo,Q1,Q4,BUY,1,1,1.0,0.20654329147389294,0.2672531769305963,1.0,False,1/3,0.0,inf,0.7000000000000002
dt_sr_channel_reversal,GBP_USD,tokyo,Q1,Q4,SELL,0,0,0.0,0.0,1.0,1.0,False,0/3,0.0,0.0,0.0
dt_sr_channel_reversal,GBP_USD,tokyo,Q2,Q1,BUY,0,0,0.0,0.0,1.0,1.0,False,0/3,0.0,0.0,0.0
dt_sr_channel_reversal,GBP_USD,tokyo,Q2,Q1,SELL,0,0,0.0,0.0,1.0,1.0,False,0/3,0.0,0.0,0.0
dt_sr_channel_reversal,GBP_USD,tokyo,Q2,Q2,BUY,0,0,0.0,0.0,1.0,1.0,False,0/3,0.0,0.0,0.0
dt_sr_channel_reversal,GBP_USD,tokyo,Q2,Q2,SELL,0,0,0.0,0.0,1.0,1.0,False,0/3,0.0,0.0,0.0
dt_sr_channel_reversal,GBP_USD,tokyo,Q2,Q3,BUY,0,0,0.0,0.0,1.0,1.0,False,0/3,0.0,0.0,0.0
dt_sr_channel_reversal,GBP_USD,tokyo,Q2,Q3,SELL,0,0,0.0,0.0,1.0,1.0,False,0/3,0.0,0.0,0.0
dt_sr_channel_reversal,GBP_USD,tokyo,Q2,Q4,BUY,1,1,1.0,0.20654329147389294,0.2672531769305963,1.0,False,0/3,0.0,0.0,-0.7
dt_sr_channel_reversal,GBP_USD,tokyo,Q2,Q4,SELL,0,0,0.0,0.0,1.0,1.0,False,0/3,0.0,0.0,0.0
dt_sr_channel_reversal,GBP_USD,tokyo,Q3,Q1,BUY,0,0,0.0,0.0,1.0,1.0,False,0/3,0.0,0.0,0.0
dt_sr_channel_reversal,GBP_USD,tokyo,Q3,Q1,SELL,0,0,0.0,0.0,1.0,1.0,False,0/3,0.0,0.0,0.0
dt_sr_channel_reversal,GBP_USD,tokyo,Q3,Q2,BUY,0,0,0.0,0.0,1.0,1.0,False,0/3,0.0,0.0,0.0
dt_sr_channel_reversal,GBP_USD,tokyo,Q3,Q2,SELL,0,0,0.0,0.0,1.0,1.0,False,0/3,0.0,0.0,0.0
dt_sr_channel_reversal,GBP_USD,tokyo,Q3,Q3,BUY,0,0,0.0,0.0,1.0,1.0,False,0/3,0.0,0.0,0.0
dt_sr_channel_reversal,GBP_USD,tokyo,Q3,Q3,SELL,0,0,0.0,0.0,1.0,1.0,False,0/3,0.0,0.0,0.0
dt_sr_channel_reversal,GBP_USD,tokyo,Q3,Q4,BUY,0,0,0.0,0.0,1.0,1.0,False,0/3,0.0,0.0,0.0
dt_sr_channel_reversal,GBP_USD,tokyo,Q3,Q4,SELL,0,0,0.0,0.0,1.0,1.0,False,0/3,0.0,0.0,0.0
dt_sr_channel_reversal,GBP_USD,tokyo,Q4,Q1,BUY,0,0,0.0,0.0,1.0,1.0,False,0/3,0.0,0.0,0.0
dt_sr_channel_reversal,GBP_USD,tokyo,Q4,Q1,SELL,0,0,0.0,0.0,1.0,1.0,False,0/3,0.0,0.0,0.0
dt_sr_channel_reversal,GBP_USD,tokyo,Q4,Q2,BUY,0,0,0.0,0.0,1.0,1.0,False,0/3,0.0,0.0,0.0
dt_sr_channel_reversal,GBP_USD,tokyo,Q4,Q2,SELL,0,0,0.0,0.0,1.0,1.0,False,0/3,0.0,0.0,0.0
dt_sr_channel_reversal,GBP_USD,tokyo,Q4,Q3,BUY,1,0,0.0,0.0,1.0,1.0,False,0/3,0.0,0.0,-5.999999999999999
dt_sr_channel_reversal,GBP_USD,tokyo,Q4,Q3,SELL,0,0,0.0,0.0,1.0,1.0,False,0/3,0.0,0.0,0.0
dt_sr_channel_reversal,GBP_USD,tokyo,Q4,Q4,BUY,0,0,0.0,0.0,1.0,1.0,False,0/3,0.0,0.0,0.0
dt_sr_channel_reversal,GBP_USD,tokyo,Q4,Q4,SELL,0,0,0.0,0.0,1.0,1.0,False,0/3,0.0,0.0,0.0
dt_sr_channel_reversal,GBP_USD,london,Q1,Q1,BUY,0,0,0.0,0.0,1.0,1.0,False,0/3,0.0,0.0,0.0
dt_sr_channel_reversal,GBP_USD,london,Q1,Q1,SELL,0,0,0.0,0.0,1.0,1.0,False,0/3,0.0,0.0,0.0
dt_sr_channel_reversal,GBP_USD,london,Q1,Q2,BUY,0,0,0.0,0.0,1.0,1.0,False,0/3,0.0,0.0,0.0
dt_sr_channel_reversal,GBP_USD,london,Q1,Q2,SELL,0,0,0.0,0.0,1.0,1.0,False,0/3,0.0,0.0,0.0
dt_sr_channel_reversal,GBP_USD,london,Q1,Q3,BUY,0,0,0.0,0.0,1.0,1.0,False,0/3,0.0,0.0,0.0
dt_sr_channel_reversal,GBP_USD,london,Q1,Q3,SELL,0,0,0.0,0.0,1.0,1.0,False,0/3,0.0,0.0,0.0
dt_sr_channel_reversal,GBP_USD,london,Q1,Q4,BUY,0,0,0.0,0.0,1.0,1.0,False,0/3,0.0,0.0,0.0
dt_sr_channel_reversal,GBP_USD,london,Q1,Q4,SELL,0,0,0.0,0.0,1.0,1.0,False,0/3,0.0,0.0,0.0
dt_sr_channel_reversal,GBP_USD,london,Q2,Q1,BUY,0,0,0.0,0.0,1.0,1.0,False,0/3,0.0,0.0,0.0
dt_sr_channel_reversal,GBP_USD,london,Q2,Q1,SELL,0,0,0.0,0.0,1.0,1.0,False,0/3,0.0,0.0,0.0
dt_sr_channel_reversal,GBP_USD,london,Q2,Q2,BUY,0,0,0.0,0.0,1.0,1.0,False,0/3,0.0,0.0,0.0
dt_sr_channel_reversal,GBP_USD,london,Q2,Q2,SELL,0,0,0.0,0.0,1.0,1.0,False,0/3,0.0,0.0,0.0
dt_sr_channel_reversal,GBP_USD,london,Q2,Q3,BUY,0,0,0.0,0.0,1.0,1.0,False,0/3,0.0,0.0,0.0
dt_sr_channel_reversal,GBP_USD,london,Q2,Q3,SELL,0,0,0.0,0.0,1.0,1.0,False,0/3,0.0,0.0,0.0
dt_sr_channel_reversal,GBP_USD,london,Q2,Q4,BUY,0,0,0.0,0.0,1.0,1.0,False,0/3,0.0,0.0,0.0
dt_sr_channel_reversal,GBP_USD,london,Q2,Q4,SELL,0,0,0.0,0.0,1.0,1.0,False,0/3,0.0,0.0,0.0
dt_sr_channel_reversal,GBP_USD,london,Q3,Q1,BUY,1,0,0.0,0.0,1.0,1.0,False,0/3,0.0,0.0,-9.1
dt_sr_channel_reversal,GBP_USD,london,Q3,Q1,SELL,0,0,0.0,0.0,1.0,1.0,False,0/3,0.0,0.0,0.0
dt_sr_channel_reversal,GBP_USD,london,Q3,Q2,BUY,0,0,0.0,0.0,1.0,1.0,False,0/3,0.0,0.0,0.0
dt_sr_channel_reversal,GBP_USD,london,Q3,Q2,SELL,0,0,0.0,0.0,1.0,1.0,False,0/3,0.0,0.0,0.0
dt_sr_channel_reversal,GBP_USD,london,Q3,Q3,BUY,2,0,0.0,0.0,1.0,1.0,False,0/3,0.0,0.0,-12.9
dt_sr_channel_reversal,GBP_USD,london,Q3,Q3,SELL,0,0,0.0,0.0,1.0,1.0,False,0/3,0.0,0.0,0.0
dt_sr_channel_reversal,GBP_USD,london,Q3,Q4,BUY,0,0,0.0,0.0,1.0,1.0,False,0/3,0.0,0.0,0.0
dt_sr_channel_reversal,GBP_USD,london,Q3,Q4,SELL,0,0,0.0,0.0,1.0,1.0,False,0/3,0.0,0.0,0.0
dt_sr_channel_reversal,GBP_USD,london,Q4,Q1,BUY,0,0,0.0,0.0,1.0,1.0,False,0/3,0.0,0.0,0.0
dt_sr_channel_reversal,GBP_USD,london,Q4,Q1,SELL,0,0,0.0,0.0,1.0,1.0,False,0/3,0.0,0.0,0.0
dt_sr_channel_reversal,GBP_USD,london,Q4,Q2,BUY,0,0,0.0,0.0,1.0,1.0,False,0/3,0.0,0.0,0.0
dt_sr_channel_reversal,GBP_USD,london,Q4,Q2,SELL,0,0,0.0,0.0,1.0,1.0,False,0/3,0.0,0.0,0.0
dt_sr_channel_reversal,GBP_USD,london,Q4,Q3,BUY,3,0,0.0,0.0,1.0,1.0,False,0/3,0.0,0.0,-6.5
dt_sr_channel_reversal,GBP_USD,london,Q4,Q3,SELL,0,0,0.0,0.0,1.0,1.0,False,0/3,0.0,0.0,0.0
dt_sr_channel_reversal,GBP_USD,london,Q4,Q4,BUY,0,0,0.0,0.0,1.0,1.0,False,0/3,0.0,0.0,0.0
dt_sr_channel_reversal,GBP_USD,london,Q4,Q4,SELL,2,1,0.5,0.09452865480086611,0.46312038599118976,1.0,False,0/3,0.0,0.0,-5.2
dt_sr_channel_reversal,GBP_USD,ny,Q1,Q1,BUY,0,0,0.0,0.0,1.0,1.0,False,0/3,0.0,0.0,0.0
dt_sr_channel_reversal,GBP_USD,ny,Q1,Q1,SELL,0,0,0.0,0.0,1.0,1.0,False,0/3,0.0,0.0,0.0
dt_sr_channel_reversal,GBP_USD,ny,Q1,Q2,BUY,0,0,0.0,0.0,1.0,1.0,False,0/3,0.0,0.0,0.0
dt_sr_channel_reversal,GBP_USD,ny,Q1,Q2,SELL,0,0,0.0,0.0,1.0,1.0,False,0/3,0.0,0.0,0.0
dt_sr_channel_reversal,GBP_USD,ny,Q1,Q3,BUY,0,0,0.0,0.0,1.0,1.0,False,0/3,0.0,0.0,0.0
dt_sr_channel_reversal,GBP_USD,ny,Q1,Q3,SELL,0,0,0.0,0.0,1.0,1.0,False,0/3,0.0,0.0,0.0
dt_sr_channel_reversal,GBP_USD,ny,Q1,Q4,BUY,0,0,0.0,0.0,1.0,1.0,False,0/3,0.0,0.0,0.0
dt_sr_channel_reversal,GBP_USD,ny,Q1,Q4,SELL,0,0,0.0,0.0,1.0,1.0,False,0/3,0.0,0.0,0.0
dt_sr_channel_reversal,GBP_USD,ny,Q2,Q1,BUY,0,0,0.0,0.0,1.0,1.0,False,0/3,0.0,0.0,0.0
dt_sr_channel_reversal,GBP_USD,ny,Q2,Q1,SELL,0,0,0.0,0.0,1.0,1.0,False,0/3,0.0,0.0,0.0
dt_sr_channel_reversal,GBP_USD,ny,Q2,Q2,BUY,0,0,0.0,0.0,1.0,1.0,False,0/3,0.0,0.0,0.0
dt_sr_channel_reversal,GBP_USD,ny,Q2,Q2,SELL,0,0,0.0,0.0,1.0,1.0,False,0/3,0.0,0.0,0.0
dt_sr_channel_reversal,GBP_USD,ny,Q2,Q3,BUY,0,0,0.0,0.0,1.0,1.0,False,0/3,0.0,0.0,0.0
dt_sr_channel_reversal,GBP_USD,ny,Q2,Q3,SELL,0,0,0.0,0.0,1.0,1.0,False,0/3,0.0,0.0,0.0
dt_sr_channel_reversal,GBP_USD,ny,Q2,Q4,BUY,0,0,0.0,0.0,1.0,1.0,False,0/3,0.0,0.0,0.0
dt_sr_channel_reversal,GBP_USD,ny,Q2,Q4,SELL,0,0,0.0,0.0,1.0,1.0,False,0/3,0.0,0.0,0.0
dt_sr_channel_reversal,GBP_USD,ny,Q3,Q1,BUY,4,0,0.0,0.0,1.0,1.0,False,0/3,0.0,0.0,-12.174999999999999
dt_sr_channel_reversal,GBP_USD,ny,Q3,Q1,SELL,0,0,0.0,0.0,1.0,1.0,False,0/3,0.0,0.0,0.0
dt_sr_channel_reversal,GBP_USD,ny,Q3,Q2,BUY,0,0,0.0,0.0,1.0,1.0,False,0/3,0.0,0.0,0.0
dt_sr_channel_reversal,GBP_USD,ny,Q3,Q2,SELL,0,0,0.0,0.0,1.0,1.0,False,0/3,0.0,0.0,0.0
dt_sr_channel_reversal,GBP_USD,ny,Q3,Q3,BUY,0,0,0.0,0.0,1.0,1.0,False,0/3,0.0,0.0,0.0
dt_sr_channel_reversal,GBP_USD,ny,Q3,Q3,SELL,0,0,0.0,0.0,1.0,1.0,False,0/3,0.0,0.0,0.0
dt_sr_channel_reversal,GBP_USD,ny,Q3,Q4,BUY,0,0,0.0,0.0,1.0,1.0,False,0/3,0.0,0.0,0.0
dt_sr_channel_reversal,GBP_USD,ny,Q3,Q4,SELL,1,0,0.0,0.0,1.0,1.0,False,0/3,0.0,0.0,-9.299999999999999
dt_sr_channel_reversal,GBP_USD,ny,Q4,Q1,BUY,0,0,0.0,0.0,1.0,1.0,False,0/3,0.0,0.0,0.0
dt_sr_channel_reversal,GBP_USD,ny,Q4,Q1,SELL,0,0,0.0,0.0,1.0,1.0,False,0/3,0.0,0.0,0.0
dt_sr_channel_reversal,GBP_USD,ny,Q4,Q2,BUY,1,1,1.0,0.20654329147389294,0.2672531769305963,1.0,False,0/3,0.0,0.0,-0.5000000000000002
dt_sr_channel_reversal,GBP_USD,ny,Q4,Q2,SELL,0,0,0.0,0.0,1.0,1.0,False,0/3,0.0,0.0,0.0
dt_sr_channel_reversal,GBP_USD,ny,Q4,Q3,BUY,0,0,0.0,0.0,1.0,1.0,False,0/3,0.0,0.0,0.0
dt_sr_channel_reversal,GBP_USD,ny,Q4,Q3,SELL,0,0,0.0,0.0,1.0,1.0,False,0/3,0.0,0.0,0.0
dt_sr_channel_reversal,GBP_USD,ny,Q4,Q4,BUY,0,0,0.0,0.0,1.0,1.0,False,0/3,0.0,0.0,0.0
dt_sr_channel_reversal,GBP_USD,ny,Q4,Q4,SELL,0,0,0.0,0.0,1.0,1.0,False,0/3,0.0,0.0,0.0
dt_sr_channel_reversal,GBP_USD,overlap,Q1,Q1,BUY,0,0,0.0,0.0,1.0,1.0,False,0/3,0.0,0.0,0.0
dt_sr_channel_reversal,GBP_USD,overlap,Q1,Q1,SELL,0,0,0.0,0.0,1.0,1.0,False,0/3,0.0,0.0,0.0
dt_sr_channel_reversal,GBP_USD,overlap,Q1,Q2,BUY,0,0,0.0,0.0,1.0,1.0,False,0/3,0.0,0.0,0.0
dt_sr_channel_reversal,GBP_USD,overlap,Q1,Q2,SELL,0,0,0.0,0.0,1.0,1.0,False,0/3,0.0,0.0,0.0
dt_sr_channel_reversal,GBP_USD,overlap,Q1,Q3,BUY,0,0,0.0,0.0,1.0,1.0,False,0/3,0.0,0.0,0.0
dt_sr_channel_reversal,GBP_USD,overlap,Q1,Q3,SELL,0,0,0.0,0.0,1.0,1.0,False,0/3,0.0,0.0,0.0
dt_sr_channel_reversal,GBP_USD,overlap,Q1,Q4,BUY,0,0,0.0,0.0,1.0,1.0,False,0/3,0.0,0.0,0.0
dt_sr_channel_reversal,GBP_USD,overlap,Q1,Q4,SELL,0,0,0.0,0.0,1.0,1.0,False,0/3,0.0,0.0,0.0
dt_sr_channel_reversal,GBP_USD,overlap,Q2,Q1,BUY,0,0,0.0,0.0,1.0,1.0,False,0/3,0.0,0.0,0.0
dt_sr_channel_reversal,GBP_USD,overlap,Q2,Q1,SELL,0,0,0.0,0.0,1.0,1.0,False,0/3,0.0,0.0,0.0
dt_sr_channel_reversal,GBP_USD,overlap,Q2,Q2,BUY,0,0,0.0,0.0,1.0,1.0,False,0/3,0.0,0.0,0.0
dt_sr_channel_reversal,GBP_USD,overlap,Q2,Q2,SELL,0,0,0.0,0.0,1.0,1.0,False,0/3,0.0,0.0,0.0
dt_sr_channel_reversal,GBP_USD,overlap,Q2,Q3,BUY,0,0,0.0,0.0,1.0,1.0,False,0/3,0.0,0.0,0.0
dt_sr_channel_reversal,GBP_USD,overlap,Q2,Q3,SELL,0,0,0.0,0.0,1.0,1.0,False,0/3,0.0,0.0,0.0
dt_sr_channel_reversal,GBP_USD,overlap,Q2,Q4,BUY,0,0,0.0,0.0,1.0,1.0,False,0/3,0.0,0.0,0.0
dt_sr_channel_reversal,GBP_USD,overlap,Q2,Q4,SELL,0,0,0.0,0.0,1.0,1.0,False,0/3,0.0,0.0,0.0
dt_sr_channel_reversal,GBP_USD,overlap,Q3,Q1,BUY,0,0,0.0,0.0,1.0,1.0,False,0/3,0.0,0.0,0.0
dt_sr_channel_reversal,GBP_USD,overlap,Q3,Q1,SELL,1,0,0.0,0.0,1.0,1.0,False,0/3,0.0,0.0,-4.7
dt_sr_channel_reversal,GBP_USD,overlap,Q3,Q2,BUY,0,0,0.0,0.0,1.0,1.0,False,0/3,0.0,0.0,0.0
dt_sr_channel_reversal,GBP_USD,overlap,Q3,Q2,SELL,0,0,0.0,0.0,1.0,1.0,False,0/3,0.0,0.0,0.0
dt_sr_channel_reversal,GBP_USD,overlap,Q3,Q3,BUY,0,0,0.0,0.0,1.0,1.0,False,0/3,0.0,0.0,0.0
dt_sr_channel_reversal,GBP_USD,overlap,Q3,Q3,SELL,0,0,0.0,0.0,1.0,1.0,False,0/3,0.0,0.0,0.0
dt_sr_channel_reversal,GBP_USD,overlap,Q3,Q4,BUY,0,0,0.0,0.0,1.0,1.0,False,0/3,0.0,0.0,0.0
dt_sr_channel_reversal,GBP_USD,overlap,Q3,Q4,SELL,4,0,0.0,0.0,1.0,1.0,False,0/3,0.0,0.0,-8.575
dt_sr_channel_reversal,GBP_USD,overlap,Q4,Q1,BUY,0,0,0.0,0.0,1.0,1.0,False,0/3,0.0,0.0,0.0
dt_sr_channel_reversal,GBP_USD,overlap,Q4,Q1,SELL,0,0,0.0,0.0,1.0,1.0,False,0/3,0.0,0.0,0.0
dt_sr_channel_reversal,GBP_USD,overlap,Q4,Q2,BUY,0,0,0.0,0.0,1.0,1.0,False,0/3,0.0,0.0,0.0
dt_sr_channel_reversal,GBP_USD,overlap,Q4,Q2,SELL,0,0,0.0,0.0,1.0,1.0,False,0/3,0.0,0.0,0.0
dt_sr_channel_reversal,GBP_USD,overlap,Q4,Q3,BUY,2,0,0.0,0.0,1.0,1.0,False,0/3,0.0,0.0,-13.15
dt_sr_channel_reversal,GBP_USD,overlap,Q4,Q3,SELL,0,0,0.0,0.0,1.0,1.0,False,0/3,0.0,0.0,0.0
dt_sr_channel_reversal,GBP_USD,overlap,Q4,Q4,BUY,0,0,0.0,0.0,1.0,1.0,False,0/3,0.0,0.0,0.0
dt_sr_channel_reversal,GBP_USD,overlap,Q4,Q4,SELL,0,0,0.0,0.0,1.0,1.0,False,0/3,0.0,0.0,0.0
dt_sr_channel_reversal,EUR_JPY,tokyo,Q1,Q1,BUY,0,0,0.0,0.0,1.0,1.0,False,0/3,0.0,0.0,0.0
dt_sr_channel_reversal,EUR_JPY,tokyo,Q1,Q1,SELL,0,0,0.0,0.0,1.0,1.0,False,0/3,0.0,0.0,0.0
dt_sr_channel_reversal,EUR_JPY,tokyo,Q1,Q2,BUY,0,0,0.0,0.0,1.0,1.0,False,0/3,0.0,0.0,0.0
dt_sr_channel_reversal,EUR_JPY,tokyo,Q1,Q2,SELL,0,0,0.0,0.0,1.0,1.0,False,0/3,0.0,0.0,0.0
dt_sr_channel_reversal,EUR_JPY,tokyo,Q1,Q3,BUY,0,0,0.0,0.0,1.0,1.0,False,0/3,0.0,0.0,0.0
dt_sr_channel_reversal,EUR_JPY,tokyo,Q1,Q3,SELL,0,0,0.0,0.0,1.0,1.0,False,0/3,0.0,0.0,0.0
dt_sr_channel_reversal,EUR_JPY,tokyo,Q1,Q4,BUY,0,0,0.0,0.0,1.0,1.0,False,0/3,0.0,0.0,0.0
dt_sr_channel_reversal,EUR_JPY,tokyo,Q1,Q4,SELL,0,0,0.0,0.0,1.0,1.0,False,0/3,0.0,0.0,0.0
dt_sr_channel_reversal,EUR_JPY,tokyo,Q2,Q1,BUY,0,0,0.0,0.0,1.0,1.0,False,0/3,0.0,0.0,0.0
dt_sr_channel_reversal,EUR_JPY,tokyo,Q2,Q1,SELL,0,0,0.0,0.0,1.0,1.0,False,0/3,0.0,0.0,0.0
dt_sr_channel_reversal,EUR_JPY,tokyo,Q2,Q2,BUY,0,0,0.0,0.0,1.0,1.0,False,0/3,0.0,0.0,0.0
dt_sr_channel_reversal,EUR_JPY,tokyo,Q2,Q2,SELL,0,0,0.0,0.0,1.0,1.0,False,0/3,0.0,0.0,0.0
dt_sr_channel_reversal,EUR_JPY,tokyo,Q2,Q3,BUY,0,0,0.0,0.0,1.0,1.0,False,0/3,0.0,0.0,0.0
dt_sr_channel_reversal,EUR_JPY,tokyo,Q2,Q3,SELL,0,0,0.0,0.0,1.0,1.0,False,0/3,0.0,0.0,0.0
dt_sr_channel_reversal,EUR_JPY,tokyo,Q2,Q4,BUY,0,0,0.0,0.0,1.0,1.0,False,0/3,0.0,0.0,0.0
dt_sr_channel_reversal,EUR_JPY,tokyo,Q2,Q4,SELL,0,0,0.0,0.0,1.0,1.0,False,0/3,0.0,0.0,0.0
dt_sr_channel_reversal,EUR_JPY,tokyo,Q3,Q1,BUY,0,0,0.0,0.0,1.0,1.0,False,0/3,0.0,0.0,0.0
dt_sr_channel_reversal,EUR_JPY,tokyo,Q3,Q1,SELL,0,0,0.0,0.0,1.0,1.0,False,0/3,0.0,0.0,0.0
dt_sr_channel_reversal,EUR_JPY,tokyo,Q3,Q2,BUY,0,0,0.0,0.0,1.0,1.0,False,0/3,0.0,0.0,0.0
dt_sr_channel_reversal,EUR_JPY,tokyo,Q3,Q2,SELL,2,0,0.0,0.0,1.0,1.0,False,0/3,0.0,0.0,-11.8
dt_sr_channel_reversal,EUR_JPY,tokyo,Q3,Q3,BUY,0,0,0.0,0.0,1.0,1.0,False,0/3,0.0,0.0,0.0
dt_sr_channel_reversal,EUR_JPY,tokyo,Q3,Q3,SELL,0,0,0.0,0.0,1.0,1.0,False,0/3,0.0,0.0,0.0
dt_sr_channel_reversal,EUR_JPY,tokyo,Q3,Q4,BUY,1,0,0.0,0.0,1.0,1.0,False,0/3,0.0,0.0,-11.500000000000002
dt_sr_channel_reversal,EUR_JPY,tokyo,Q3,Q4,SELL,0,0,0.0,0.0,1.0,1.0,False,0/3,0.0,0.0,0.0
dt_sr_channel_reversal,EUR_JPY,tokyo,Q4,Q1,BUY,0,0,0.0,0.0,1.0,1.0,False,0/3,0.0,0.0,0.0
dt_sr_channel_reversal,EUR_JPY,tokyo,Q4,Q1,SELL,0,0,0.0,0.0,1.0,1.0,False,0/3,0.0,0.0,0.0
dt_sr_channel_reversal,EUR_JPY,tokyo,Q4,Q2,BUY,0,0,0.0,0.0,1.0,1.0,False,0/3,0.0,0.0,0.0
dt_sr_channel_reversal,EUR_JPY,tokyo,Q4,Q2,SELL,0,0,0.0,0.0,1.0,1.0,False,0/3,0.0,0.0,0.0
dt_sr_channel_reversal,EUR_JPY,tokyo,Q4,Q3,BUY,0,0,0.0,0.0,1.0,1.0,False,0/3,0.0,0.0,0.0
dt_sr_channel_reversal,EUR_JPY,tokyo,Q4,Q3,SELL,0,0,0.0,0.0,1.0,1.0,False,0/3,0.0,0.0,0.0
dt_sr_channel_reversal,EUR_JPY,tokyo,Q4,Q4,BUY,1,1,1.0,0.20654329147389294,0.2672531769305963,1.0,False,1/3,0.0,inf,20.2
dt_sr_channel_reversal,EUR_JPY,tokyo,Q4,Q4,SELL,0,0,0.0,0.0,1.0,1.0,False,0/3,0.0,0.0,0.0
dt_sr_channel_reversal,EUR_JPY,london,Q1,Q1,BUY,0,0,0.0,0.0,1.0,1.0,False,0/3,0.0,0.0,0.0
dt_sr_channel_reversal,EUR_JPY,london,Q1,Q1,SELL,0,0,0.0,0.0,1.0,1.0,False,0/3,0.0,0.0,0.0
dt_sr_channel_reversal,EUR_JPY,london,Q1,Q2,BUY,0,0,0.0,0.0,1.0,1.0,False,0/3,0.0,0.0,0.0
dt_sr_channel_reversal,EUR_JPY,london,Q1,Q2,SELL,0,0,0.0,0.0,1.0,1.0,False,0/3,0.0,0.0,0.0
dt_sr_channel_reversal,EUR_JPY,london,Q1,Q3,BUY,0,0,0.0,0.0,1.0,1.0,False,0/3,0.0,0.0,0.0
dt_sr_channel_reversal,EUR_JPY,london,Q1,Q3,SELL,0,0,0.0,0.0,1.0,1.0,False,0/3,0.0,0.0,0.0
dt_sr_channel_reversal,EUR_JPY,london,Q1,Q4,BUY,0,0,0.0,0.0,1.0,1.0,False,0/3,0.0,0.0,0.0
dt_sr_channel_reversal,EUR_JPY,london,Q1,Q4,SELL,0,0,0.0,0.0,1.0,1.0,False,0/3,0.0,0.0,0.0
dt_sr_channel_reversal,EUR_JPY,london,Q2,Q1,BUY,0,0,0.0,0.0,1.0,1.0,False,0/3,0.0,0.0,0.0
dt_sr_channel_reversal,EUR_JPY,london,Q2,Q1,SELL,0,0,0.0,0.0,1.0,1.0,False,0/3,0.0,0.0,0.0
dt_sr_channel_reversal,EUR_JPY,london,Q2,Q2,BUY,0,0,0.0,0.0,1.0,1.0,False,0/3,0.0,0.0,0.0
dt_sr_channel_reversal,EUR_JPY,london,Q2,Q2,SELL,0,0,0.0,0.0,1.0,1.0,False,0/3,0.0,0.0,0.0
dt_sr_channel_reversal,EUR_JPY,london,Q2,Q3,BUY,0,0,0.0,0.0,1.0,1.0,False,0/3,0.0,0.0,0.0
dt_sr_channel_reversal,EUR_JPY,london,Q2,Q3,SELL,0,0,0.0,0.0,1.0,1.0,False,0/3,0.0,0.0,0.0
dt_sr_channel_reversal,EUR_JPY,london,Q2,Q4,BUY,1,1,1.0,0.20654329147389294,0.2672531769305963,1.0,False,1/3,0.0,inf,0.6000000000000001
dt_sr_channel_reversal,EUR_JPY,london,Q2,Q4,SELL,0,0,0.0,0.0,1.0,1.0,False,0/3,0.0,0.0,0.0
dt_sr_channel_reversal,EUR_JPY,london,Q3,Q1,BUY,0,0,0.0,0.0,1.0,1.0,False,0/3,0.0,0.0,0.0
dt_sr_channel_reversal,EUR_JPY,london,Q3,Q1,SELL,0,0,0.0,0.0,1.0,1.0,False,0/3,0.0,0.0,0.0
dt_sr_channel_reversal,EUR_JPY,london,Q3,Q2,BUY,1,0,0.0,0.0,1.0,1.0,False,0/3,0.0,0.0,-11.0
dt_sr_channel_reversal,EUR_JPY,london,Q3,Q2,SELL,3,0,0.0,0.0,1.0,1.0,False,0/3,0.0,0.0,-16.3
dt_sr_channel_reversal,EUR_JPY,london,Q3,Q3,BUY,1,0,0.0,0.0,1.0,1.0,False,0/3,0.0,0.0,-14.700000000000001
dt_sr_channel_reversal,EUR_JPY,london,Q3,Q3,SELL,1,0,0.0,0.0,1.0,1.0,False,0/3,0.0,0.0,-12.7
dt_sr_channel_reversal,EUR_JPY,london,Q3,Q4,BUY,3,0,0.0,0.0,1.0,1.0,False,0/3,0.0,0.0,-9.966666666666667
dt_sr_channel_reversal,EUR_JPY,london,Q3,Q4,SELL,0,0,0.0,0.0,1.0,1.0,False,0/3,0.0,0.0,0.0
dt_sr_channel_reversal,EUR_JPY,london,Q4,Q1,BUY,0,0,0.0,0.0,1.0,1.0,False,0/3,0.0,0.0,0.0
dt_sr_channel_reversal,EUR_JPY,london,Q4,Q1,SELL,0,0,0.0,0.0,1.0,1.0,False,0/3,0.0,0.0,0.0
dt_sr_channel_reversal,EUR_JPY,london,Q4,Q2,BUY,0,0,0.0,0.0,1.0,1.0,False,0/3,0.0,0.0,0.0
dt_sr_channel_reversal,EUR_JPY,london,Q4,Q2,SELL,0,0,0.0,0.0,1.0,1.0,False,0/3,0.0,0.0,0.0
dt_sr_channel_reversal,EUR_JPY,london,Q4,Q3,BUY,1,1,1.0,0.20654329147389294,0.2672531769305963,1.0,False,1/3,0.0,inf,7.300000000000001
dt_sr_channel_reversal,EUR_JPY,london,Q4,Q3,SELL,0,0,0.0,0.0,1.0,1.0,False,0/3,0.0,0.0,0.0
dt_sr_channel_reversal,EUR_JPY,london,Q4,Q4,BUY,0,0,0.0,0.0,1.0,1.0,False,0/3,0.0,0.0,0.0
dt_sr_channel_reversal,EUR_JPY,london,Q4,Q4,SELL,0,0,0.0,0.0,1.0,1.0,False,0/3,0.0,0.0,0.0
dt_sr_channel_reversal,EUR_JPY,ny,Q1,Q1,BUY,0,0,0.0,0.0,1.0,1.0,False,0/3,0.0,0.0,0.0
dt_sr_channel_reversal,EUR_JPY,ny,Q1,Q1,SELL,0,0,0.0,0.0,1.0,1.0,False,0/3,0.0,0.0,0.0
dt_sr_channel_reversal,EUR_JPY,ny,Q1,Q2,BUY,0,0,0.0,0.0,1.0,1.0,False,0/3,0.0,0.0,0.0
dt_sr_channel_reversal,EUR_JPY,ny,Q1,Q2,SELL,0,0,0.0,0.0,1.0,1.0,False,0/3,0.0,0.0,0.0
dt_sr_channel_reversal,EUR_JPY,ny,Q1,Q3,BUY,0,0,0.0,0.0,1.0,1.0,False,0/3,0.0,0.0,0.0
dt_sr_channel_reversal,EUR_JPY,ny,Q1,Q3,SELL,0,0,0.0,0.0,1.0,1.0,False,0/3,0.0,0.0,0.0
dt_sr_channel_reversal,EUR_JPY,ny,Q1,Q4,BUY,0,0,0.0,0.0,1.0,1.0,False,0/3,0.0,0.0,0.0
dt_sr_channel_reversal,EUR_JPY,ny,Q1,Q4,SELL,0,0,0.0,0.0,1.0,1.0,False,0/3,0.0,0.0,0.0
dt_sr_channel_reversal,EUR_JPY,ny,Q2,Q1,BUY,0,0,0.0,0.0,1.0,1.0,False,0/3,0.0,0.0,0.0
dt_sr_channel_reversal,EUR_JPY,ny,Q2,Q1,SELL,0,0,0.0,0.0,1.0,1.0,False,0/3,0.0,0.0,0.0
dt_sr_channel_reversal,EUR_JPY,ny,Q2,Q2,BUY,0,0,0.0,0.0,1.0,1.0,False,0/3,0.0,0.0,0.0
dt_sr_channel_reversal,EUR_JPY,ny,Q2,Q2,SELL,0,0,0.0,0.0,1.0,1.0,False,0/3,0.0,0.0,0.0
dt_sr_channel_reversal,EUR_JPY,ny,Q2,Q3,BUY,0,0,0.0,0.0,1.0,1.0,False,0/3,0.0,0.0,0.0
dt_sr_channel_reversal,EUR_JPY,ny,Q2,Q3,SELL,0,0,0.0,0.0,1.0,1.0,False,0/3,0.0,0.0,0.0
dt_sr_channel_reversal,EUR_JPY,ny,Q2,Q4,BUY,0,0,0.0,0.0,1.0,1.0,False,0/3,0.0,0.0,0.0
dt_sr_channel_reversal,EUR_JPY,ny,Q2,Q4,SELL,0,0,0.0,0.0,1.0,1.0,False,0/3,0.0,0.0,0.0
dt_sr_channel_reversal,EUR_JPY,ny,Q3,Q1,BUY,0,0,0.0,0.0,1.0,1.0,False,0/3,0.0,0.0,0.0
dt_sr_channel_reversal,EUR_JPY,ny,Q3,Q1,SELL,0,0,0.0,0.0,1.0,1.0,False,0/3,0.0,0.0,0.0
dt_sr_channel_reversal,EUR_JPY,ny,Q3,Q2,BUY,0,0,0.0,0.0,1.0,1.0,False,0/3,0.0,0.0,0.0
dt_sr_channel_reversal,EUR_JPY,ny,Q3,Q2,SELL,3,0,0.0,0.0,1.0,1.0,False,0/3,0.0,0.0,-13.700000000000001
dt_sr_channel_reversal,EUR_JPY,ny,Q3,Q3,BUY,0,0,0.0,0.0,1.0,1.0,False,0/3,0.0,0.0,0.0
dt_sr_channel_reversal,EUR_JPY,ny,Q3,Q3,SELL,0,0,0.0,0.0,1.0,1.0,False,0/3,0.0,0.0,0.0
dt_sr_channel_reversal,EUR_JPY,ny,Q3,Q4,BUY,0,0,0.0,0.0,1.0,1.0,False,0/3,0.0,0.0,0.0
dt_sr_channel_reversal,EUR_JPY,ny,Q3,Q4,SELL,0,0,0.0,0.0,1.0,1.0,False,0/3,0.0,0.0,0.0
dt_sr_channel_reversal,EUR_JPY,ny,Q4,Q1,BUY,0,0,0.0,0.0,1.0,1.0,False,0/3,0.0,0.0,0.0
dt_sr_channel_reversal,EUR_JPY,ny,Q4,Q1,SELL,0,0,0.0,0.0,1.0,1.0,False,0/3,0.0,0.0,0.0
dt_sr_channel_reversal,EUR_JPY,ny,Q4,Q2,BUY,0,0,0.0,0.0,1.0,1.0,False,0/3,0.0,0.0,0.0
dt_sr_channel_reversal,EUR_JPY,ny,Q4,Q2,SELL,0,0,0.0,0.0,1.0,1.0,False,0/3,0.0,0.0,0.0
dt_sr_channel_reversal,EUR_JPY,ny,Q4,Q3,BUY,0,0,0.0,0.0,1.0,1.0,False,0/3,0.0,0.0,0.0
dt_sr_channel_reversal,EUR_JPY,ny,Q4,Q3,SELL,0,0,0.0,0.0,1.0,1.0,False,0/3,0.0,0.0,0.0
dt_sr_channel_reversal,EUR_JPY,ny,Q4,Q4,BUY,0,0,0.0,0.0,1.0,1.0,False,0/3,0.0,0.0,0.0
dt_sr_channel_reversal,EUR_JPY,ny,Q4,Q4,SELL,0,0,0.0,0.0,1.0,1.0,False,0/3,0.0,0.0,0.0
dt_sr_channel_reversal,EUR_JPY,overlap,Q1,Q1,BUY,0,0,0.0,0.0,1.0,1.0,False,0/3,0.0,0.0,0.0
dt_sr_channel_reversal,EUR_JPY,overlap,Q1,Q1,SELL,2,2,1.0,0.3423719528896193,0.07138596787000283,1.0,False,2/3,0.0,inf,16.200000000000003
dt_sr_channel_reversal,EUR_JPY,overlap,Q1,Q2,BUY,0,0,0.0,0.0,1.0,1.0,False,0/3,0.0,0.0,0.0
dt_sr_channel_reversal,EUR_JPY,overlap,Q1,Q2,SELL,1,1,1.0,0.20654329147389294,0.2672531769305963,1.0,False,1/3,0.0,inf,16.8
dt_sr_channel_reversal,EUR_JPY,overlap,Q1,Q3,BUY,0,0,0.0,0.0,1.0,1.0,False,0/3,0.0,0.0,0.0
dt_sr_channel_reversal,EUR_JPY,overlap,Q1,Q3,SELL,0,0,0.0,0.0,1.0,1.0,False,0/3,0.0,0.0,0.0
dt_sr_channel_reversal,EUR_JPY,overlap,Q1,Q4,BUY,0,0,0.0,0.0,1.0,1.0,False,0/3,0.0,0.0,0.0
dt_sr_channel_reversal,EUR_JPY,overlap,Q1,Q4,SELL,0,0,0.0,0.0,1.0,1.0,False,0/3,0.0,0.0,0.0
dt_sr_channel_reversal,EUR_JPY,overlap,Q2,Q1,BUY,0,0,0.0,0.0,1.0,1.0,False,0/3,0.0,0.0,0.0
dt_sr_channel_reversal,EUR_JPY,overlap,Q2,Q1,SELL,1,1,1.0,0.20654329147389294,0.2672531769305963,1.0,False,1/3,0.0,inf,19.400000000000002
dt_sr_channel_reversal,EUR_JPY,overlap,Q2,Q2,BUY,0,0,0.0,0.0,1.0,1.0,False,0/3,0.0,0.0,0.0
dt_sr_channel_reversal,EUR_JPY,overlap,Q2,Q2,SELL,0,0,0.0,0.0,1.0,1.0,False,0/3,0.0,0.0,0.0
dt_sr_channel_reversal,EUR_JPY,overlap,Q2,Q3,BUY,0,0,0.0,0.0,1.0,1.0,False,0/3,0.0,0.0,0.0
dt_sr_channel_reversal,EUR_JPY,overlap,Q2,Q3,SELL,0,0,0.0,0.0,1.0,1.0,False,0/3,0.0,0.0,0.0
dt_sr_channel_reversal,EUR_JPY,overlap,Q2,Q4,BUY,0,0,0.0,0.0,1.0,1.0,False,0/3,0.0,0.0,0.0
dt_sr_channel_reversal,EUR_JPY,overlap,Q2,Q4,SELL,0,0,0.0,0.0,1.0,1.0,False,0/3,0.0,0.0,0.0
dt_sr_channel_reversal,EUR_JPY,overlap,Q3,Q1,BUY,0,0,0.0,0.0,1.0,1.0,False,0/3,0.0,0.0,0.0
dt_sr_channel_reversal,EUR_JPY,overlap,Q3,Q1,SELL,0,0,0.0,0.0,1.0,1.0,False,0/3,0.0,0.0,0.0
dt_sr_channel_reversal,EUR_JPY,overlap,Q3,Q2,BUY,0,0,0.0,0.0,1.0,1.0,False,0/3,0.0,0.0,0.0
dt_sr_channel_reversal,EUR_JPY,overlap,Q3,Q2,SELL,1,1,1.0,0.20654329147389294,0.2672531769305963,1.0,False,1/3,0.0,inf,7.0
dt_sr_channel_reversal,EUR_JPY,overlap,Q3,Q3,BUY,2,0,0.0,0.0,1.0,1.0,False,0/3,0.0,0.0,-11.15
dt_sr_channel_reversal,EUR_JPY,overlap,Q3,Q3,SELL,1,0,0.0,0.0,1.0,1.0,False,0/3,0.0,0.0,-8.7
dt_sr_channel_reversal,EUR_JPY,overlap,Q3,Q4,BUY,1,0,0.0,0.0,1.0,1.0,False,0/3,0.0,0.0,-7.199999999999999
dt_sr_channel_reversal,EUR_JPY,overlap,Q3,Q4,SELL,1,1,1.0,0.20654329147389294,0.2672531769305963,1.0,False,0/3,0.0,0.0,-2.1
dt_sr_channel_reversal,EUR_JPY,overlap,Q4,Q1,BUY,0,0,0.0,0.0,1.0,1.0,False,0/3,0.0,0.0,0.0
dt_sr_channel_reversal,EUR_JPY,overlap,Q4,Q1,SELL,0,0,0.0,0.0,1.0,1.0,False,0/3,0.0,0.0,0.0
dt_sr_channel_reversal,EUR_JPY,overlap,Q4,Q2,BUY,0,0,0.0,0.0,1.0,1.0,False,0/3,0.0,0.0,0.0
dt_sr_channel_reversal,EUR_JPY,overlap,Q4,Q2,SELL,0,0,0.0,0.0,1.0,1.0,False,0/3,0.0,0.0,0.0
dt_sr_channel_reversal,EUR_JPY,overlap,Q4,Q3,BUY,0,0,0.0,0.0,1.0,1.0,False,0/3,0.0,0.0,0.0
dt_sr_channel_reversal,EUR_JPY,overlap,Q4,Q3,SELL,0,0,0.0,0.0,1.0,1.0,False,0/3,0.0,0.0,0.0
dt_sr_channel_reversal,EUR_JPY,overlap,Q4,Q4,BUY,7,3,0.42857142857142855,0.15821692226262685,0.2800990597967736,1.0,False,1/3,0.03426958742104558,1.1903695408734605,2.42857142857143
dt_sr_channel_reversal,EUR_JPY,overlap,Q4,Q4,SELL,0,0,0.0,0.0,1.0,1.0,False,0/3,0.0,0.0,0.0
dt_sr_channel_reversal,GBP_JPY,tokyo,Q1,Q1,BUY,0,0,0.0,0.0,1.0,1.0,False,0/3,0.0,0.0,0.0
dt_sr_channel_reversal,GBP_JPY,tokyo,Q1,Q1,SELL,2,1,0.5,0.09452865480086611,0.46312038599118976,1.0,False,1/3,0.0,0.8813559322033898,-1.0499999999999998
dt_sr_channel_reversal,GBP_JPY,tokyo,Q1,Q2,BUY,0,0,0.0,0.0,1.0,1.0,False,0/3,0.0,0.0,0.0
dt_sr_channel_reversal,GBP_JPY,tokyo,Q1,Q2,SELL,0,0,0.0,0.0,1.0,1.0,False,0/3,0.0,0.0,0.0
dt_sr_channel_reversal,GBP_JPY,tokyo,Q1,Q3,BUY,0,0,0.0,0.0,1.0,1.0,False,0/3,0.0,0.0,0.0
dt_sr_channel_reversal,GBP_JPY,tokyo,Q1,Q3,SELL,0,0,0.0,0.0,1.0,1.0,False,0/3,0.0,0.0,0.0
dt_sr_channel_reversal,GBP_JPY,tokyo,Q1,Q4,BUY,0,0,0.0,0.0,1.0,1.0,False,0/3,0.0,0.0,0.0
dt_sr_channel_reversal,GBP_JPY,tokyo,Q1,Q4,SELL,0,0,0.0,0.0,1.0,1.0,False,0/3,0.0,0.0,0.0
dt_sr_channel_reversal,GBP_JPY,tokyo,Q2,Q1,BUY,0,0,0.0,0.0,1.0,1.0,False,0/3,0.0,0.0,0.0
dt_sr_channel_reversal,GBP_JPY,tokyo,Q2,Q1,SELL,0,0,0.0,0.0,1.0,1.0,False,0/3,0.0,0.0,0.0
dt_sr_channel_reversal,GBP_JPY,tokyo,Q2,Q2,BUY,0,0,0.0,0.0,1.0,1.0,False,0/3,0.0,0.0,0.0
dt_sr_channel_reversal,GBP_JPY,tokyo,Q2,Q2,SELL,0,0,0.0,0.0,1.0,1.0,False,0/3,0.0,0.0,0.0
dt_sr_channel_reversal,GBP_JPY,tokyo,Q2,Q3,BUY,0,0,0.0,0.0,1.0,1.0,False,0/3,0.0,0.0,0.0
dt_sr_channel_reversal,GBP_JPY,tokyo,Q2,Q3,SELL,0,0,0.0,0.0,1.0,1.0,False,0/3,0.0,0.0,0.0
dt_sr_channel_reversal,GBP_JPY,tokyo,Q2,Q4,BUY,0,0,0.0,0.0,1.0,1.0,False,0/3,0.0,0.0,0.0
dt_sr_channel_reversal,GBP_JPY,tokyo,Q2,Q4,SELL,0,0,0.0,0.0,1.0,1.0,False,0/3,0.0,0.0,0.0
dt_sr_channel_reversal,GBP_JPY,tokyo,Q3,Q1,BUY,0,0,0.0,0.0,1.0,1.0,False,0/3,0.0,0.0,0.0
dt_sr_channel_reversal,GBP_JPY,tokyo,Q3,Q1,SELL,0,0,0.0,0.0,1.0,1.0,False,0/3,0.0,0.0,0.0
dt_sr_channel_reversal,GBP_JPY,tokyo,Q3,Q2,BUY,0,0,0.0,0.0,1.0,1.0,False,0/3,0.0,0.0,0.0
dt_sr_channel_reversal,GBP_JPY,tokyo,Q3,Q2,SELL,0,0,0.0,0.0,1.0,1.0,False,0/3,0.0,0.0,0.0
dt_sr_channel_reversal,GBP_JPY,tokyo,Q3,Q3,BUY,0,0,0.0,0.0,1.0,1.0,False,0/3,0.0,0.0,0.0
dt_sr_channel_reversal,GBP_JPY,tokyo,Q3,Q3,SELL,0,0,0.0,0.0,1.0,1.0,False,0/3,0.0,0.0,0.0
dt_sr_channel_reversal,GBP_JPY,tokyo,Q3,Q4,BUY,0,0,0.0,0.0,1.0,1.0,False,0/3,0.0,0.0,0.0
dt_sr_channel_reversal,GBP_JPY,tokyo,Q3,Q4,SELL,0,0,0.0,0.0,1.0,1.0,False,0/3,0.0,0.0,0.0
dt_sr_channel_reversal,GBP_JPY,tokyo,Q4,Q1,BUY,0,0,0.0,0.0,1.0,1.0,False,0/3,0.0,0.0,0.0
dt_sr_channel_reversal,GBP_JPY,tokyo,Q4,Q1,SELL,0,0,0.0,0.0,1.0,1.0,False,0/3,0.0,0.0,0.0
dt_sr_channel_reversal,GBP_JPY,tokyo,Q4,Q2,BUY,0,0,0.0,0.0,1.0,1.0,False,0/3,0.0,0.0,0.0
dt_sr_channel_reversal,GBP_JPY,tokyo,Q4,Q2,SELL,0,0,0.0,0.0,1.0,1.0,False,0/3,0.0,0.0,0.0
dt_sr_channel_reversal,GBP_JPY,tokyo,Q4,Q3,BUY,0,0,0.0,0.0,1.0,1.0,False,0/3,0.0,0.0,0.0
dt_sr_channel_reversal,GBP_JPY,tokyo,Q4,Q3,SELL,0,0,0.0,0.0,1.0,1.0,False,0/3,0.0,0.0,0.0
dt_sr_channel_reversal,GBP_JPY,tokyo,Q4,Q4,BUY,0,0,0.0,0.0,1.0,1.0,False,0/3,0.0,0.0,0.0
dt_sr_channel_reversal,GBP_JPY,tokyo,Q4,Q4,SELL,0,0,0.0,0.0,1.0,1.0,False,0/3,0.0,0.0,0.0
dt_sr_channel_reversal,GBP_JPY,london,Q1,Q1,BUY,1,0,0.0,0.0,1.0,1.0,False,0/3,0.0,0.0,-27.8
dt_sr_channel_reversal,GBP_JPY,london,Q1,Q1,SELL,0,0,0.0,0.0,1.0,1.0,False,0/3,0.0,0.0,0.0
dt_sr_channel_reversal,GBP_JPY,london,Q1,Q2,BUY,0,0,0.0,0.0,1.0,1.0,False,0/3,0.0,0.0,0.0
dt_sr_channel_reversal,GBP_JPY,london,Q1,Q2,SELL,0,0,0.0,0.0,1.0,1.0,False,0/3,0.0,0.0,0.0
dt_sr_channel_reversal,GBP_JPY,london,Q1,Q3,BUY,0,0,0.0,0.0,1.0,1.0,False,0/3,0.0,0.0,0.0
dt_sr_channel_reversal,GBP_JPY,london,Q1,Q3,SELL,0,0,0.0,0.0,1.0,1.0,False,0/3,0.0,0.0,0.0
dt_sr_channel_reversal,GBP_JPY,london,Q1,Q4,BUY,0,0,0.0,0.0,1.0,1.0,False,0/3,0.0,0.0,0.0
dt_sr_channel_reversal,GBP_JPY,london,Q1,Q4,SELL,0,0,0.0,0.0,1.0,1.0,False,0/3,0.0,0.0,0.0
dt_sr_channel_reversal,GBP_JPY,london,Q2,Q1,BUY,0,0,0.0,0.0,1.0,1.0,False,0/3,0.0,0.0,0.0
dt_sr_channel_reversal,GBP_JPY,london,Q2,Q1,SELL,0,0,0.0,0.0,1.0,1.0,False,0/3,0.0,0.0,0.0
dt_sr_channel_reversal,GBP_JPY,london,Q2,Q2,BUY,0,0,0.0,0.0,1.0,1.0,False,0/3,0.0,0.0,0.0
dt_sr_channel_reversal,GBP_JPY,london,Q2,Q2,SELL,0,0,0.0,0.0,1.0,1.0,False,0/3,0.0,0.0,0.0
dt_sr_channel_reversal,GBP_JPY,london,Q2,Q3,BUY,0,0,0.0,0.0,1.0,1.0,False,0/3,0.0,0.0,0.0
dt_sr_channel_reversal,GBP_JPY,london,Q2,Q3,SELL,0,0,0.0,0.0,1.0,1.0,False,0/3,0.0,0.0,0.0
dt_sr_channel_reversal,GBP_JPY,london,Q2,Q4,BUY,0,0,0.0,0.0,1.0,1.0,False,0/3,0.0,0.0,0.0
dt_sr_channel_reversal,GBP_JPY,london,Q2,Q4,SELL,0,0,0.0,0.0,1.0,1.0,False,0/3,0.0,0.0,0.0
dt_sr_channel_reversal,GBP_JPY,london,Q3,Q1,BUY,0,0,0.0,0.0,1.0,1.0,False,0/3,0.0,0.0,0.0
dt_sr_channel_reversal,GBP_JPY,london,Q3,Q1,SELL,0,0,0.0,0.0,1.0,1.0,False,0/3,0.0,0.0,0.0
dt_sr_channel_reversal,GBP_JPY,london,Q3,Q2,BUY,0,0,0.0,0.0,1.0,1.0,False,0/3,0.0,0.0,0.0
dt_sr_channel_reversal,GBP_JPY,london,Q3,Q2,SELL,0,0,0.0,0.0,1.0,1.0,False,0/3,0.0,0.0,0.0
dt_sr_channel_reversal,GBP_JPY,london,Q3,Q3,BUY,0,0,0.0,0.0,1.0,1.0,False,0/3,0.0,0.0,0.0
dt_sr_channel_reversal,GBP_JPY,london,Q3,Q3,SELL,0,0,0.0,0.0,1.0,1.0,False,0/3,0.0,0.0,0.0
dt_sr_channel_reversal,GBP_JPY,london,Q3,Q4,BUY,0,0,0.0,0.0,1.0,1.0,False,0/3,0.0,0.0,0.0
dt_sr_channel_reversal,GBP_JPY,london,Q3,Q4,SELL,0,0,0.0,0.0,1.0,1.0,False,0/3,0.0,0.0,0.0
dt_sr_channel_reversal,GBP_JPY,london,Q4,Q1,BUY,0,0,0.0,0.0,1.0,1.0,False,0/3,0.0,0.0,0.0
dt_sr_channel_reversal,GBP_JPY,london,Q4,Q1,SELL,0,0,0.0,0.0,1.0,1.0,False,0/3,0.0,0.0,0.0
dt_sr_channel_reversal,GBP_JPY,london,Q4,Q2,BUY,0,0,0.0,0.0,1.0,1.0,False,0/3,0.0,0.0,0.0
dt_sr_channel_reversal,GBP_JPY,london,Q4,Q2,SELL,0,0,0.0,0.0,1.0,1.0,False,0/3,0.0,0.0,0.0
dt_sr_channel_reversal,GBP_JPY,london,Q4,Q3,BUY,1,1,1.0,0.20654329147389294,0.2672531769305963,1.0,False,1/3,0.0,inf,7.599999999999999
dt_sr_channel_reversal,GBP_JPY,london,Q4,Q3,SELL,0,0,0.0,0.0,1.0,1.0,False,0/3,0.0,0.0,0.0
dt_sr_channel_reversal,GBP_JPY,london,Q4,Q4,BUY,1,0,0.0,0.0,1.0,1.0,False,0/3,0.0,0.0,-32.5
dt_sr_channel_reversal,GBP_JPY,london,Q4,Q4,SELL,0,0,0.0,0.0,1.0,1.0,False,0/3,0.0,0.0,0.0
dt_sr_channel_reversal,GBP_JPY,ny,Q1,Q1,BUY,0,0,0.0,0.0,1.0,1.0,False,0/3,0.0,0.0,0.0
dt_sr_channel_reversal,GBP_JPY,ny,Q1,Q1,SELL,0,0,0.0,0.0,1.0,1.0,False,0/3,0.0,0.0,0.0
dt_sr_channel_reversal,GBP_JPY,ny,Q1,Q2,BUY,0,0,0.0,0.0,1.0,1.0,False,0/3,0.0,0.0,0.0
dt_sr_channel_reversal,GBP_JPY,ny,Q1,Q2,SELL,0,0,0.0,0.0,1.0,1.0,False,0/3,0.0,0.0,0.0
dt_sr_channel_reversal,GBP_JPY,ny,Q1,Q3,BUY,0,0,0.0,0.0,1.0,1.0,False,0/3,0.0,0.0,0.0
dt_sr_channel_reversal,GBP_JPY,ny,Q1,Q3,SELL,0,0,0.0,0.0,1.0,1.0,False,0/3,0.0,0.0,0.0
dt_sr_channel_reversal,GBP_JPY,ny,Q1,Q4,BUY,0,0,0.0,0.0,1.0,1.0,False,0/3,0.0,0.0,0.0
dt_sr_channel_reversal,GBP_JPY,ny,Q1,Q4,SELL,0,0,0.0,0.0,1.0,1.0,False,0/3,0.0,0.0,0.0
dt_sr_channel_reversal,GBP_JPY,ny,Q2,Q1,BUY,0,0,0.0,0.0,1.0,1.0,False,0/3,0.0,0.0,0.0
dt_sr_channel_reversal,GBP_JPY,ny,Q2,Q1,SELL,0,0,0.0,0.0,1.0,1.0,False,0/3,0.0,0.0,0.0
dt_sr_channel_reversal,GBP_JPY,ny,Q2,Q2,BUY,0,0,0.0,0.0,1.0,1.0,False,0/3,0.0,0.0,0.0
dt_sr_channel_reversal,GBP_JPY,ny,Q2,Q2,SELL,0,0,0.0,0.0,1.0,1.0,False,0/3,0.0,0.0,0.0
dt_sr_channel_reversal,GBP_JPY,ny,Q2,Q3,BUY,0,0,0.0,0.0,1.0,1.0,False,0/3,0.0,0.0,0.0
dt_sr_channel_reversal,GBP_JPY,ny,Q2,Q3,SELL,0,0,0.0,0.0,1.0,1.0,False,0/3,0.0,0.0,0.0
dt_sr_channel_reversal,GBP_JPY,ny,Q2,Q4,BUY,0,0,0.0,0.0,1.0,1.0,False,0/3,0.0,0.0,0.0
dt_sr_channel_reversal,GBP_JPY,ny,Q2,Q4,SELL,0,0,0.0,0.0,1.0,1.0,False,0/3,0.0,0.0,0.0
dt_sr_channel_reversal,GBP_JPY,ny,Q3,Q1,BUY,0,0,0.0,0.0,1.0,1.0,False,0/3,0.0,0.0,0.0
dt_sr_channel_reversal,GBP_JPY,ny,Q3,Q1,SELL,0,0,0.0,0.0,1.0,1.0,False,0/3,0.0,0.0,0.0
dt_sr_channel_reversal,GBP_JPY,ny,Q3,Q2,BUY,0,0,0.0,0.0,1.0,1.0,False,0/3,0.0,0.0,0.0
dt_sr_channel_reversal,GBP_JPY,ny,Q3,Q2,SELL,0,0,0.0,0.0,1.0,1.0,False,0/3,0.0,0.0,0.0
dt_sr_channel_reversal,GBP_JPY,ny,Q3,Q3,BUY,0,0,0.0,0.0,1.0,1.0,False,0/3,0.0,0.0,0.0
dt_sr_channel_reversal,GBP_JPY,ny,Q3,Q3,SELL,0,0,0.0,0.0,1.0,1.0,False,0/3,0.0,0.0,0.0
dt_sr_channel_reversal,GBP_JPY,ny,Q3,Q4,BUY,0,0,0.0,0.0,1.0,1.0,False,0/3,0.0,0.0,0.0
dt_sr_channel_reversal,GBP_JPY,ny,Q3,Q4,SELL,0,0,0.0,0.0,1.0,1.0,False,0/3,0.0,0.0,0.0
dt_sr_channel_reversal,GBP_JPY,ny,Q4,Q1,BUY,0,0,0.0,0.0,1.0,1.0,False,0/3,0.0,0.0,0.0
dt_sr_channel_reversal,GBP_JPY,ny,Q4,Q1,SELL,0,0,0.0,0.0,1.0,1.0,False,0/3,0.0,0.0,0.0
dt_sr_channel_reversal,GBP_JPY,ny,Q4,Q2,BUY,0,0,0.0,0.0,1.0,1.0,False,0/3,0.0,0.0,0.0
dt_sr_channel_reversal,GBP_JPY,ny,Q4,Q2,SELL,0,0,0.0,0.0,1.0,1.0,False,0/3,0.0,0.0,0.0
dt_sr_channel_reversal,GBP_JPY,ny,Q4,Q3,BUY,0,0,0.0,0.0,1.0,1.0,False,0/3,0.0,0.0,0.0
dt_sr_channel_reversal,GBP_JPY,ny,Q4,Q3,SELL,0,0,0.0,0.0,1.0,1.0,False,0/3,0.0,0.0,0.0
dt_sr_channel_reversal,GBP_JPY,ny,Q4,Q4,BUY,0,0,0.0,0.0,1.0,1.0,False,0/3,0.0,0.0,0.0
dt_sr_channel_reversal,GBP_JPY,ny,Q4,Q4,SELL,0,0,0.0,0.0,1.0,1.0,False,0/3,0.0,0.0,0.0
dt_sr_channel_reversal,GBP_JPY,overlap,Q1,Q1,BUY,0,0,0.0,0.0,1.0,1.0,False,0/3,0.0,0.0,0.0
dt_sr_channel_reversal,GBP_JPY,overlap,Q1,Q1,SELL,3,2,0.6666666666666666,0.20765495512648788,0.17604257165516643,1.0,False,2/3,0.1661569826707441,1.9939024390243902,5.433333333333333
dt_sr_channel_reversal,GBP_JPY,overlap,Q1,Q2,BUY,0,0,0.0,0.0,1.0,1.0,False,0/3,0.0,0.0,0.0
dt_sr_channel_reversal,GBP_JPY,overlap,Q1,Q2,SELL,0,0,0.0,0.0,1.0,1.0,False,0/3,0.0,0.0,0.0
dt_sr_channel_reversal,GBP_JPY,overlap,Q1,Q3,BUY,0,0,0.0,0.0,1.0,1.0,False,0/3,0.0,0.0,0.0
dt_sr_channel_reversal,GBP_JPY,overlap,Q1,Q3,SELL,0,0,0.0,0.0,1.0,1.0,False,0/3,0.0,0.0,0.0
dt_sr_channel_reversal,GBP_JPY,overlap,Q1,Q4,BUY,0,0,0.0,0.0,1.0,1.0,False,0/3,0.0,0.0,0.0
dt_sr_channel_reversal,GBP_JPY,overlap,Q1,Q4,SELL,0,0,0.0,0.0,1.0,1.0,False,0/3,0.0,0.0,0.0
dt_sr_channel_reversal,GBP_JPY,overlap,Q2,Q1,BUY,0,0,0.0,0.0,1.0,1.0,False,0/3,0.0,0.0,0.0
dt_sr_channel_reversal,GBP_JPY,overlap,Q2,Q1,SELL,0,0,0.0,0.0,1.0,1.0,False,0/3,0.0,0.0,0.0
dt_sr_channel_reversal,GBP_JPY,overlap,Q2,Q2,BUY,0,0,0.0,0.0,1.0,1.0,False,0/3,0.0,0.0,0.0
dt_sr_channel_reversal,GBP_JPY,overlap,Q2,Q2,SELL,0,0,0.0,0.0,1.0,1.0,False,0/3,0.0,0.0,0.0
dt_sr_channel_reversal,GBP_JPY,overlap,Q2,Q3,BUY,0,0,0.0,0.0,1.0,1.0,False,0/3,0.0,0.0,0.0
dt_sr_channel_reversal,GBP_JPY,overlap,Q2,Q3,SELL,0,0,0.0,0.0,1.0,1.0,False,0/3,0.0,0.0,0.0
dt_sr_channel_reversal,GBP_JPY,overlap,Q2,Q4,BUY,0,0,0.0,0.0,1.0,1.0,False,0/3,0.0,0.0,0.0
dt_sr_channel_reversal,GBP_JPY,overlap,Q2,Q4,SELL,0,0,0.0,0.0,1.0,1.0,False,0/3,0.0,0.0,0.0
dt_sr_channel_reversal,GBP_JPY,overlap,Q3,Q1,BUY,0,0,0.0,0.0,1.0,1.0,False,0/3,0.0,0.0,0.0
dt_sr_channel_reversal,GBP_JPY,overlap,Q3,Q1,SELL,0,0,0.0,0.0,1.0,1.0,False,0/3,0.0,0.0,0.0
dt_sr_channel_reversal,GBP_JPY,overlap,Q3,Q2,BUY,0,0,0.0,0.0,1.0,1.0,False,0/3,0.0,0.0,0.0
dt_sr_channel_reversal,GBP_JPY,overlap,Q3,Q2,SELL,0,0,0.0,0.0,1.0,1.0,False,0/3,0.0,0.0,0.0
dt_sr_channel_reversal,GBP_JPY,overlap,Q3,Q3,BUY,0,0,0.0,0.0,1.0,1.0,False,0/3,0.0,0.0,0.0
dt_sr_channel_reversal,GBP_JPY,overlap,Q3,Q3,SELL,0,0,0.0,0.0,1.0,1.0,False,0/3,0.0,0.0,0.0
dt_sr_channel_reversal,GBP_JPY,overlap,Q3,Q4,BUY,0,0,0.0,0.0,1.0,1.0,False,0/3,0.0,0.0,0.0
dt_sr_channel_reversal,GBP_JPY,overlap,Q3,Q4,SELL,0,0,0.0,0.0,1.0,1.0,False,0/3,0.0,0.0,0.0
dt_sr_channel_reversal,GBP_JPY,overlap,Q4,Q1,BUY,0,0,0.0,0.0,1.0,1.0,False,0/3,0.0,0.0,0.0
dt_sr_channel_reversal,GBP_JPY,overlap,Q4,Q1,SELL,0,0,0.0,0.0,1.0,1.0,False,0/3,0.0,0.0,0.0
dt_sr_channel_reversal,GBP_JPY,overlap,Q4,Q2,BUY,0,0,0.0,0.0,1.0,1.0,False,0/3,0.0,0.0,0.0
dt_sr_channel_reversal,GBP_JPY,overlap,Q4,Q2,SELL,0,0,0.0,0.0,1.0,1.0,False,0/3,0.0,0.0,0.0
dt_sr_channel_reversal,GBP_JPY,overlap,Q4,Q3,BUY,0,0,0.0,0.0,1.0,1.0,False,0/3,0.0,0.0,0.0
dt_sr_channel_reversal,GBP_JPY,overlap,Q4,Q3,SELL,0,0,0.0,0.0,1.0,1.0,False,0/3,0.0,0.0,0.0
dt_sr_channel_reversal,GBP_JPY,overlap,Q4,Q4,BUY,2,2,1.0,0.3423719528896193,0.07138596787000283,1.0,False,1/3,0.07539682539682538,1.4318181818181817,0.9499999999999997
dt_sr_channel_reversal,GBP_JPY,overlap,Q4,Q4,SELL,0,0,0.0,0.0,1.0,1.0,False,0/3,0.0,0.0,0.0
dt_sr_channel_reversal,AUD_USD,tokyo,Q1,Q1,BUY,0,0,0.0,0.0,1.0,1.0,False,0/3,0.0,0.0,0.0
dt_sr_channel_reversal,AUD_USD,tokyo,Q1,Q1,SELL,0,0,0.0,0.0,1.0,1.0,False,0/3,0.0,0.0,0.0
dt_sr_channel_reversal,AUD_USD,tokyo,Q1,Q2,BUY,0,0,0.0,0.0,1.0,1.0,False,0/3,0.0,0.0,0.0
dt_sr_channel_reversal,AUD_USD,tokyo,Q1,Q2,SELL,0,0,0.0,0.0,1.0,1.0,False,0/3,0.0,0.0,0.0
dt_sr_channel_reversal,AUD_USD,tokyo,Q1,Q3,BUY,0,0,0.0,0.0,1.0,1.0,False,0/3,0.0,0.0,0.0
dt_sr_channel_reversal,AUD_USD,tokyo,Q1,Q3,SELL,0,0,0.0,0.0,1.0,1.0,False,0/3,0.0,0.0,0.0
dt_sr_channel_reversal,AUD_USD,tokyo,Q1,Q4,BUY,0,0,0.0,0.0,1.0,1.0,False,0/3,0.0,0.0,0.0
dt_sr_channel_reversal,AUD_USD,tokyo,Q1,Q4,SELL,0,0,0.0,0.0,1.0,1.0,False,0/3,0.0,0.0,0.0
dt_sr_channel_reversal,AUD_USD,tokyo,Q2,Q1,BUY,0,0,0.0,0.0,1.0,1.0,False,0/3,0.0,0.0,0.0
dt_sr_channel_reversal,AUD_USD,tokyo,Q2,Q1,SELL,0,0,0.0,0.0,1.0,1.0,False,0/3,0.0,0.0,0.0
dt_sr_channel_reversal,AUD_USD,tokyo,Q2,Q2,BUY,0,0,0.0,0.0,1.0,1.0,False,0/3,0.0,0.0,0.0
dt_sr_channel_reversal,AUD_USD,tokyo,Q2,Q2,SELL,0,0,0.0,0.0,1.0,1.0,False,0/3,0.0,0.0,0.0
dt_sr_channel_reversal,AUD_USD,tokyo,Q2,Q3,BUY,0,0,0.0,0.0,1.0,1.0,False,0/3,0.0,0.0,0.0
dt_sr_channel_reversal,AUD_USD,tokyo,Q2,Q3,SELL,0,0,0.0,0.0,1.0,1.0,False,0/3,0.0,0.0,0.0
dt_sr_channel_reversal,AUD_USD,tokyo,Q2,Q4,BUY,0,0,0.0,0.0,1.0,1.0,False,0/3,0.0,0.0,0.0
dt_sr_channel_reversal,AUD_USD,tokyo,Q2,Q4,SELL,0,0,0.0,0.0,1.0,1.0,False,0/3,0.0,0.0,0.0
dt_sr_channel_reversal,AUD_USD,tokyo,Q3,Q1,BUY,0,0,0.0,0.0,1.0,1.0,False,0/3,0.0,0.0,0.0
dt_sr_channel_reversal,AUD_USD,tokyo,Q3,Q1,SELL,0,0,0.0,0.0,1.0,1.0,False,0/3,0.0,0.0,0.0
dt_sr_channel_reversal,AUD_USD,tokyo,Q3,Q2,BUY,0,0,0.0,0.0,1.0,1.0,False,0/3,0.0,0.0,0.0
dt_sr_channel_reversal,AUD_USD,tokyo,Q3,Q2,SELL,0,0,0.0,0.0,1.0,1.0,False,0/3,0.0,0.0,0.0
dt_sr_channel_reversal,AUD_USD,tokyo,Q3,Q3,BUY,0,0,0.0,0.0,1.0,1.0,False,0/3,0.0,0.0,0.0
dt_sr_channel_reversal,AUD_USD,tokyo,Q3,Q3,SELL,0,0,0.0,0.0,1.0,1.0,False,0/3,0.0,0.0,0.0
dt_sr_channel_reversal,AUD_USD,tokyo,Q3,Q4,BUY,0,0,0.0,0.0,1.0,1.0,False,0/3,0.0,0.0,0.0
dt_sr_channel_reversal,AUD_USD,tokyo,Q3,Q4,SELL,0,0,0.0,0.0,1.0,1.0,False,0/3,0.0,0.0,0.0
dt_sr_channel_reversal,AUD_USD,tokyo,Q4,Q1,BUY,0,0,0.0,0.0,1.0,1.0,False,0/3,0.0,0.0,0.0
dt_sr_channel_reversal,AUD_USD,tokyo,Q4,Q1,SELL,0,0,0.0,0.0,1.0,1.0,False,0/3,0.0,0.0,0.0
dt_sr_channel_reversal,AUD_USD,tokyo,Q4,Q2,BUY,0,0,0.0,0.0,1.0,1.0,False,0/3,0.0,0.0,0.0
dt_sr_channel_reversal,AUD_USD,tokyo,Q4,Q2,SELL,0,0,0.0,0.0,1.0,1.0,False,0/3,0.0,0.0,0.0
dt_sr_channel_reversal,AUD_USD,tokyo,Q4,Q3,BUY,0,0,0.0,0.0,1.0,1.0,False,0/3,0.0,0.0,0.0
dt_sr_channel_reversal,AUD_USD,tokyo,Q4,Q3,SELL,0,0,0.0,0.0,1.0,1.0,False,0/3,0.0,0.0,0.0
dt_sr_channel_reversal,AUD_USD,tokyo,Q4,Q4,BUY,0,0,0.0,0.0,1.0,1.0,False,0/3,0.0,0.0,0.0
dt_sr_channel_reversal,AUD_USD,tokyo,Q4,Q4,SELL,0,0,0.0,0.0,1.0,1.0,False,0/3,0.0,0.0,0.0
dt_sr_channel_reversal,AUD_USD,london,Q1,Q1,BUY,0,0,0.0,0.0,1.0,1.0,False,0/3,0.0,0.0,0.0
dt_sr_channel_reversal,AUD_USD,london,Q1,Q1,SELL,0,0,0.0,0.0,1.0,1.0,False,0/3,0.0,0.0,0.0
dt_sr_channel_reversal,AUD_USD,london,Q1,Q2,BUY,0,0,0.0,0.0,1.0,1.0,False,0/3,0.0,0.0,0.0
dt_sr_channel_reversal,AUD_USD,london,Q1,Q2,SELL,0,0,0.0,0.0,1.0,1.0,False,0/3,0.0,0.0,0.0
dt_sr_channel_reversal,AUD_USD,london,Q1,Q3,BUY,0,0,0.0,0.0,1.0,1.0,False,0/3,0.0,0.0,0.0
dt_sr_channel_reversal,AUD_USD,london,Q1,Q3,SELL,0,0,0.0,0.0,1.0,1.0,False,0/3,0.0,0.0,0.0
dt_sr_channel_reversal,AUD_USD,london,Q1,Q4,BUY,0,0,0.0,0.0,1.0,1.0,False,0/3,0.0,0.0,0.0
dt_sr_channel_reversal,AUD_USD,london,Q1,Q4,SELL,0,0,0.0,0.0,1.0,1.0,False,0/3,0.0,0.0,0.0
dt_sr_channel_reversal,AUD_USD,london,Q2,Q1,BUY,0,0,0.0,0.0,1.0,1.0,False,0/3,0.0,0.0,0.0
dt_sr_channel_reversal,AUD_USD,london,Q2,Q1,SELL,0,0,0.0,0.0,1.0,1.0,False,0/3,0.0,0.0,0.0
dt_sr_channel_reversal,AUD_USD,london,Q2,Q2,BUY,0,0,0.0,0.0,1.0,1.0,False,0/3,0.0,0.0,0.0
dt_sr_channel_reversal,AUD_USD,london,Q2,Q2,SELL,0,0,0.0,0.0,1.0,1.0,False,0/3,0.0,0.0,0.0
dt_sr_channel_reversal,AUD_USD,london,Q2,Q3,BUY,0,0,0.0,0.0,1.0,1.0,False,0/3,0.0,0.0,0.0
dt_sr_channel_reversal,AUD_USD,london,Q2,Q3,SELL,0,0,0.0,0.0,1.0,1.0,False,0/3,0.0,0.0,0.0
dt_sr_channel_reversal,AUD_USD,london,Q2,Q4,BUY,0,0,0.0,0.0,1.0,1.0,False,0/3,0.0,0.0,0.0
dt_sr_channel_reversal,AUD_USD,london,Q2,Q4,SELL,0,0,0.0,0.0,1.0,1.0,False,0/3,0.0,0.0,0.0
dt_sr_channel_reversal,AUD_USD,london,Q3,Q1,BUY,0,0,0.0,0.0,1.0,1.0,False,0/3,0.0,0.0,0.0
dt_sr_channel_reversal,AUD_USD,london,Q3,Q1,SELL,0,0,0.0,0.0,1.0,1.0,False,0/3,0.0,0.0,0.0
dt_sr_channel_reversal,AUD_USD,london,Q3,Q2,BUY,0,0,0.0,0.0,1.0,1.0,False,0/3,0.0,0.0,0.0
dt_sr_channel_reversal,AUD_USD,london,Q3,Q2,SELL,0,0,0.0,0.0,1.0,1.0,False,0/3,0.0,0.0,0.0
dt_sr_channel_reversal,AUD_USD,london,Q3,Q3,BUY,0,0,0.0,0.0,1.0,1.0,False,0/3,0.0,0.0,0.0
dt_sr_channel_reversal,AUD_USD,london,Q3,Q3,SELL,0,0,0.0,0.0,1.0,1.0,False,0/3,0.0,0.0,0.0
dt_sr_channel_reversal,AUD_USD,london,Q3,Q4,BUY,0,0,0.0,0.0,1.0,1.0,False,0/3,0.0,0.0,0.0
dt_sr_channel_reversal,AUD_USD,london,Q3,Q4,SELL,0,0,0.0,0.0,1.0,1.0,False,0/3,0.0,0.0,0.0
dt_sr_channel_reversal,AUD_USD,london,Q4,Q1,BUY,0,0,0.0,0.0,1.0,1.0,False,0/3,0.0,0.0,0.0
dt_sr_channel_reversal,AUD_USD,london,Q4,Q1,SELL,0,0,0.0,0.0,1.0,1.0,False,0/3,0.0,0.0,0.0
dt_sr_channel_reversal,AUD_USD,london,Q4,Q2,BUY,0,0,0.0,0.0,1.0,1.0,False,0/3,0.0,0.0,0.0
dt_sr_channel_reversal,AUD_USD,london,Q4,Q2,SELL,0,0,0.0,0.0,1.0,1.0,False,0/3,0.0,0.0,0.0
dt_sr_channel_reversal,AUD_USD,london,Q4,Q3,BUY,0,0,0.0,0.0,1.0,1.0,False,0/3,0.0,0.0,0.0
dt_sr_channel_reversal,AUD_USD,london,Q4,Q3,SELL,0,0,0.0,0.0,1.0,1.0,False,0/3,0.0,0.0,0.0
dt_sr_channel_reversal,AUD_USD,london,Q4,Q4,BUY,0,0,0.0,0.0,1.0,1.0,False,0/3,0.0,0.0,0.0
dt_sr_channel_reversal,AUD_USD,london,Q4,Q4,SELL,0,0,0.0,0.0,1.0,1.0,False,0/3,0.0,0.0,0.0
dt_sr_channel_reversal,AUD_USD,ny,Q1,Q1,BUY,0,0,0.0,0.0,1.0,1.0,False,0/3,0.0,0.0,0.0
dt_sr_channel_reversal,AUD_USD,ny,Q1,Q1,SELL,0,0,0.0,0.0,1.0,1.0,False,0/3,0.0,0.0,0.0
dt_sr_channel_reversal,AUD_USD,ny,Q1,Q2,BUY,0,0,0.0,0.0,1.0,1.0,False,0/3,0.0,0.0,0.0
dt_sr_channel_reversal,AUD_USD,ny,Q1,Q2,SELL,0,0,0.0,0.0,1.0,1.0,False,0/3,0.0,0.0,0.0
dt_sr_channel_reversal,AUD_USD,ny,Q1,Q3,BUY,0,0,0.0,0.0,1.0,1.0,False,0/3,0.0,0.0,0.0
dt_sr_channel_reversal,AUD_USD,ny,Q1,Q3,SELL,0,0,0.0,0.0,1.0,1.0,False,0/3,0.0,0.0,0.0
dt_sr_channel_reversal,AUD_USD,ny,Q1,Q4,BUY,0,0,0.0,0.0,1.0,1.0,False,0/3,0.0,0.0,0.0
dt_sr_channel_reversal,AUD_USD,ny,Q1,Q4,SELL,0,0,0.0,0.0,1.0,1.0,False,0/3,0.0,0.0,0.0
dt_sr_channel_reversal,AUD_USD,ny,Q2,Q1,BUY,0,0,0.0,0.0,1.0,1.0,False,0/3,0.0,0.0,0.0
dt_sr_channel_reversal,AUD_USD,ny,Q2,Q1,SELL,0,0,0.0,0.0,1.0,1.0,False,0/3,0.0,0.0,0.0
dt_sr_channel_reversal,AUD_USD,ny,Q2,Q2,BUY,0,0,0.0,0.0,1.0,1.0,False,0/3,0.0,0.0,0.0
dt_sr_channel_reversal,AUD_USD,ny,Q2,Q2,SELL,0,0,0.0,0.0,1.0,1.0,False,0/3,0.0,0.0,0.0
dt_sr_channel_reversal,AUD_USD,ny,Q2,Q3,BUY,0,0,0.0,0.0,1.0,1.0,False,0/3,0.0,0.0,0.0
dt_sr_channel_reversal,AUD_USD,ny,Q2,Q3,SELL,0,0,0.0,0.0,1.0,1.0,False,0/3,0.0,0.0,0.0
dt_sr_channel_reversal,AUD_USD,ny,Q2,Q4,BUY,0,0,0.0,0.0,1.0,1.0,False,0/3,0.0,0.0,0.0
dt_sr_channel_reversal,AUD_USD,ny,Q2,Q4,SELL,0,0,0.0,0.0,1.0,1.0,False,0/3,0.0,0.0,0.0
dt_sr_channel_reversal,AUD_USD,ny,Q3,Q1,BUY,0,0,0.0,0.0,1.0,1.0,False,0/3,0.0,0.0,0.0
dt_sr_channel_reversal,AUD_USD,ny,Q3,Q1,SELL,0,0,0.0,0.0,1.0,1.0,False,0/3,0.0,0.0,0.0
dt_sr_channel_reversal,AUD_USD,ny,Q3,Q2,BUY,0,0,0.0,0.0,1.0,1.0,False,0/3,0.0,0.0,0.0
dt_sr_channel_reversal,AUD_USD,ny,Q3,Q2,SELL,0,0,0.0,0.0,1.0,1.0,False,0/3,0.0,0.0,0.0
dt_sr_channel_reversal,AUD_USD,ny,Q3,Q3,BUY,0,0,0.0,0.0,1.0,1.0,False,0/3,0.0,0.0,0.0
dt_sr_channel_reversal,AUD_USD,ny,Q3,Q3,SELL,0,0,0.0,0.0,1.0,1.0,False,0/3,0.0,0.0,0.0
dt_sr_channel_reversal,AUD_USD,ny,Q3,Q4,BUY,0,0,0.0,0.0,1.0,1.0,False,0/3,0.0,0.0,0.0
dt_sr_channel_reversal,AUD_USD,ny,Q3,Q4,SELL,0,0,0.0,0.0,1.0,1.0,False,0/3,0.0,0.0,0.0
dt_sr_channel_reversal,AUD_USD,ny,Q4,Q1,BUY,0,0,0.0,0.0,1.0,1.0,False,0/3,0.0,0.0,0.0
dt_sr_channel_reversal,AUD_USD,ny,Q4,Q1,SELL,0,0,0.0,0.0,1.0,1.0,False,0/3,0.0,0.0,0.0
dt_sr_channel_reversal,AUD_USD,ny,Q4,Q2,BUY,0,0,0.0,0.0,1.0,1.0,False,0/3,0.0,0.0,0.0
dt_sr_channel_reversal,AUD_USD,ny,Q4,Q2,SELL,0,0,0.0,0.0,1.0,1.0,False,0/3,0.0,0.0,0.0
dt_sr_channel_reversal,AUD_USD,ny,Q4,Q3,BUY,0,0,0.0,0.0,1.0,1.0,False,0/3,0.0,0.0,0.0
dt_sr_channel_reversal,AUD_USD,ny,Q4,Q3,SELL,0,0,0.0,0.0,1.0,1.0,False,0/3,0.0,0.0,0.0
dt_sr_channel_reversal,AUD_USD,ny,Q4,Q4,BUY,0,0,0.0,0.0,1.0,1.0,False,0/3,0.0,0.0,0.0
dt_sr_channel_reversal,AUD_USD,ny,Q4,Q4,SELL,0,0,0.0,0.0,1.0,1.0,False,0/3,0.0,0.0,0.0
dt_sr_channel_reversal,AUD_USD,overlap,Q1,Q1,BUY,0,0,0.0,0.0,1.0,1.0,False,0/3,0.0,0.0,0.0
dt_sr_channel_reversal,AUD_USD,overlap,Q1,Q1,SELL,0,0,0.0,0.0,1.0,1.0,False,0/3,0.0,0.0,0.0
dt_sr_channel_reversal,AUD_USD,overlap,Q1,Q2,BUY,0,0,0.0,0.0,1.0,1.0,False,0/3,0.0,0.0,0.0
dt_sr_channel_reversal,AUD_USD,overlap,Q1,Q2,SELL,0,0,0.0,0.0,1.0,1.0,False,0/3,0.0,0.0,0.0
dt_sr_channel_reversal,AUD_USD,overlap,Q1,Q3,BUY,0,0,0.0,0.0,1.0,1.0,False,0/3,0.0,0.0,0.0
dt_sr_channel_reversal,AUD_USD,overlap,Q1,Q3,SELL,0,0,0.0,0.0,1.0,1.0,False,0/3,0.0,0.0,0.0
dt_sr_channel_reversal,AUD_USD,overlap,Q1,Q4,BUY,0,0,0.0,0.0,1.0,1.0,False,0/3,0.0,0.0,0.0
dt_sr_channel_reversal,AUD_USD,overlap,Q1,Q4,SELL,0,0,0.0,0.0,1.0,1.0,False,0/3,0.0,0.0,0.0
dt_sr_channel_reversal,AUD_USD,overlap,Q2,Q1,BUY,0,0,0.0,0.0,1.0,1.0,False,0/3,0.0,0.0,0.0
dt_sr_channel_reversal,AUD_USD,overlap,Q2,Q1,SELL,0,0,0.0,0.0,1.0,1.0,False,0/3,0.0,0.0,0.0
dt_sr_channel_reversal,AUD_USD,overlap,Q2,Q2,BUY,0,0,0.0,0.0,1.0,1.0,False,0/3,0.0,0.0,0.0
dt_sr_channel_reversal,AUD_USD,overlap,Q2,Q2,SELL,0,0,0.0,0.0,1.0,1.0,False,0/3,0.0,0.0,0.0
dt_sr_channel_reversal,AUD_USD,overlap,Q2,Q3,BUY,0,0,0.0,0.0,1.0,1.0,False,0/3,0.0,0.0,0.0
dt_sr_channel_reversal,AUD_USD,overlap,Q2,Q3,SELL,0,0,0.0,0.0,1.0,1.0,False,0/3,0.0,0.0,0.0
dt_sr_channel_reversal,AUD_USD,overlap,Q2,Q4,BUY,0,0,0.0,0.0,1.0,1.0,False,0/3,0.0,0.0,0.0
dt_sr_channel_reversal,AUD_USD,overlap,Q2,Q4,SELL,0,0,0.0,0.0,1.0,1.0,False,0/3,0.0,0.0,0.0
dt_sr_channel_reversal,AUD_USD,overlap,Q3,Q1,BUY,0,0,0.0,0.0,1.0,1.0,False,0/3,0.0,0.0,0.0
dt_sr_channel_reversal,AUD_USD,overlap,Q3,Q1,SELL,0,0,0.0,0.0,1.0,1.0,False,0/3,0.0,0.0,0.0
dt_sr_channel_reversal,AUD_USD,overlap,Q3,Q2,BUY,0,0,0.0,0.0,1.0,1.0,False,0/3,0.0,0.0,0.0
dt_sr_channel_reversal,AUD_USD,overlap,Q3,Q2,SELL,0,0,0.0,0.0,1.0,1.0,False,0/3,0.0,0.0,0.0
dt_sr_channel_reversal,AUD_USD,overlap,Q3,Q3,BUY,0,0,0.0,0.0,1.0,1.0,False,0/3,0.0,0.0,0.0
dt_sr_channel_reversal,AUD_USD,overlap,Q3,Q3,SELL,0,0,0.0,0.0,1.0,1.0,False,0/3,0.0,0.0,0.0
dt_sr_channel_reversal,AUD_USD,overlap,Q3,Q4,BUY,0,0,0.0,0.0,1.0,1.0,False,0/3,0.0,0.0,0.0
dt_sr_channel_reversal,AUD_USD,overlap,Q3,Q4,SELL,0,0,0.0,0.0,1.0,1.0,False,0/3,0.0,0.0,0.0
dt_sr_channel_reversal,AUD_USD,overlap,Q4,Q1,BUY,0,0,0.0,0.0,1.0,1.0,False,0/3,0.0,0.0,0.0
dt_sr_channel_reversal,AUD_USD,overlap,Q4,Q1,SELL,0,0,0.0,0.0,1.0,1.0,False,0/3,0.0,0.0,0.0
dt_sr_channel_reversal,AUD_USD,overlap,Q4,Q2,BUY,0,0,0.0,0.0,1.0,1.0,False,0/3,0.0,0.0,0.0
dt_sr_channel_reversal,AUD_USD,overlap,Q4,Q2,SELL,0,0,0.0,0.0,1.0,1.0,False,0/3,0.0,0.0,0.0
dt_sr_channel_reversal,AUD_USD,overlap,Q4,Q3,BUY,0,0,0.0,0.0,1.0,1.0,False,0/3,0.0,0.0,0.0
dt_sr_channel_reversal,AUD_USD,overlap,Q4,Q3,SELL,0,0,0.0,0.0,1.0,1.0,False,0/3,0.0,0.0,0.0
dt_sr_channel_reversal,AUD_USD,overlap,Q4,Q4,BUY,0,0,0.0,0.0,1.0,1.0,False,0/3,0.0,0.0,0.0
dt_sr_channel_reversal,AUD_USD,overlap,Q4,Q4,SELL,0,0,0.0,0.0,1.0,1.0,False,0/3,0.0,0.0,0.0
wick_imbalance_reversion,USD_JPY,tokyo,Q1,Q1,BUY,0,0,0.0,0.0,1.0,1.0,False,0/3,0.0,0.0,0.0
wick_imbalance_reversion,USD_JPY,tokyo,Q1,Q1,SELL,0,0,0.0,0.0,1.0,1.0,False,0/3,0.0,0.0,0.0
wick_imbalance_reversion,USD_JPY,tokyo,Q1,Q2,BUY,0,0,0.0,0.0,1.0,1.0,False,0/3,0.0,0.0,0.0
wick_imbalance_reversion,USD_JPY,tokyo,Q1,Q2,SELL,0,0,0.0,0.0,1.0,1.0,False,0/3,0.0,0.0,0.0
wick_imbalance_reversion,USD_JPY,tokyo,Q1,Q3,BUY,0,0,0.0,0.0,1.0,1.0,False,0/3,0.0,0.0,0.0
wick_imbalance_reversion,USD_JPY,tokyo,Q1,Q3,SELL,0,0,0.0,0.0,1.0,1.0,False,0/3,0.0,0.0,0.0
wick_imbalance_reversion,USD_JPY,tokyo,Q1,Q4,BUY,3,0,0.0,0.0,1.0,1.0,False,0/3,0.0,0.0,-7.633333333333333
wick_imbalance_reversion,USD_JPY,tokyo,Q1,Q4,SELL,0,0,0.0,0.0,1.0,1.0,False,0/3,0.0,0.0,0.0
wick_imbalance_reversion,USD_JPY,tokyo,Q2,Q1,BUY,0,0,0.0,0.0,1.0,1.0,False,0/3,0.0,0.0,0.0
wick_imbalance_reversion,USD_JPY,tokyo,Q2,Q1,SELL,0,0,0.0,0.0,1.0,1.0,False,0/3,0.0,0.0,0.0
wick_imbalance_reversion,USD_JPY,tokyo,Q2,Q2,BUY,0,0,0.0,0.0,1.0,1.0,False,0/3,0.0,0.0,0.0
wick_imbalance_reversion,USD_JPY,tokyo,Q2,Q2,SELL,0,0,0.0,0.0,1.0,1.0,False,0/3,0.0,0.0,0.0
wick_imbalance_reversion,USD_JPY,tokyo,Q2,Q3,BUY,0,0,0.0,0.0,1.0,1.0,False,0/3,0.0,0.0,0.0
wick_imbalance_reversion,USD_JPY,tokyo,Q2,Q3,SELL,0,0,0.0,0.0,1.0,1.0,False,0/3,0.0,0.0,0.0
wick_imbalance_reversion,USD_JPY,tokyo,Q2,Q4,BUY,1,1,1.0,0.20654329147389294,0.2672531769305963,1.0,False,1/3,0.0,inf,10.399999999999999
wick_imbalance_reversion,USD_JPY,tokyo,Q2,Q4,SELL,0,0,0.0,0.0,1.0,1.0,False,0/3,0.0,0.0,0.0
wick_imbalance_reversion,USD_JPY,tokyo,Q3,Q1,BUY,0,0,0.0,0.0,1.0,1.0,False,0/3,0.0,0.0,0.0
wick_imbalance_reversion,USD_JPY,tokyo,Q3,Q1,SELL,0,0,0.0,0.0,1.0,1.0,False,0/3,0.0,0.0,0.0
wick_imbalance_reversion,USD_JPY,tokyo,Q3,Q2,BUY,0,0,0.0,0.0,1.0,1.0,False,0/3,0.0,0.0,0.0
wick_imbalance_reversion,USD_JPY,tokyo,Q3,Q2,SELL,0,0,0.0,0.0,1.0,1.0,False,0/3,0.0,0.0,0.0
wick_imbalance_reversion,USD_JPY,tokyo,Q3,Q3,BUY,0,0,0.0,0.0,1.0,1.0,False,0/3,0.0,0.0,0.0
wick_imbalance_reversion,USD_JPY,tokyo,Q3,Q3,SELL,0,0,0.0,0.0,1.0,1.0,False,0/3,0.0,0.0,0.0
wick_imbalance_reversion,USD_JPY,tokyo,Q3,Q4,BUY,0,0,0.0,0.0,1.0,1.0,False,0/3,0.0,0.0,0.0
wick_imbalance_reversion,USD_JPY,tokyo,Q3,Q4,SELL,0,0,0.0,0.0,1.0,1.0,False,0/3,0.0,0.0,0.0
wick_imbalance_reversion,USD_JPY,tokyo,Q4,Q1,BUY,0,0,0.0,0.0,1.0,1.0,False,0/3,0.0,0.0,0.0
wick_imbalance_reversion,USD_JPY,tokyo,Q4,Q1,SELL,0,0,0.0,0.0,1.0,1.0,False,0/3,0.0,0.0,0.0
wick_imbalance_reversion,USD_JPY,tokyo,Q4,Q2,BUY,0,0,0.0,0.0,1.0,1.0,False,0/3,0.0,0.0,0.0
wick_imbalance_reversion,USD_JPY,tokyo,Q4,Q2,SELL,0,0,0.0,0.0,1.0,1.0,False,0/3,0.0,0.0,0.0
wick_imbalance_reversion,USD_JPY,tokyo,Q4,Q3,BUY,1,1,1.0,0.20654329147389294,0.2672531769305963,1.0,False,1/3,0.0,inf,5.500000000000001
wick_imbalance_reversion,USD_JPY,tokyo,Q4,Q3,SELL,0,0,0.0,0.0,1.0,1.0,False,0/3,0.0,0.0,0.0
wick_imbalance_reversion,USD_JPY,tokyo,Q4,Q4,BUY,0,0,0.0,0.0,1.0,1.0,False,0/3,0.0,0.0,0.0
wick_imbalance_reversion,USD_JPY,tokyo,Q4,Q4,SELL,0,0,0.0,0.0,1.0,1.0,False,0/3,0.0,0.0,0.0
wick_imbalance_reversion,USD_JPY,london,Q1,Q1,BUY,0,0,0.0,0.0,1.0,1.0,False,0/3,0.0,0.0,0.0
wick_imbalance_reversion,USD_JPY,london,Q1,Q1,SELL,0,0,0.0,0.0,1.0,1.0,False,0/3,0.0,0.0,0.0
wick_imbalance_reversion,USD_JPY,london,Q1,Q2,BUY,0,0,0.0,0.0,1.0,1.0,False,0/3,0.0,0.0,0.0
wick_imbalance_reversion,USD_JPY,london,Q1,Q2,SELL,0,0,0.0,0.0,1.0,1.0,False,0/3,0.0,0.0,0.0
wick_imbalance_reversion,USD_JPY,london,Q1,Q3,BUY,0,0,0.0,0.0,1.0,1.0,False,0/3,0.0,0.0,0.0
wick_imbalance_reversion,USD_JPY,london,Q1,Q3,SELL,0,0,0.0,0.0,1.0,1.0,False,0/3,0.0,0.0,0.0
wick_imbalance_reversion,USD_JPY,london,Q1,Q4,BUY,1,0,0.0,0.0,1.0,1.0,False,0/3,0.0,0.0,-31.1
wick_imbalance_reversion,USD_JPY,london,Q1,Q4,SELL,0,0,0.0,0.0,1.0,1.0,False,0/3,0.0,0.0,0.0
wick_imbalance_reversion,USD_JPY,london,Q2,Q1,BUY,0,0,0.0,0.0,1.0,1.0,False,0/3,0.0,0.0,0.0
wick_imbalance_reversion,USD_JPY,london,Q2,Q1,SELL,0,0,0.0,0.0,1.0,1.0,False,0/3,0.0,0.0,0.0
wick_imbalance_reversion,USD_JPY,london,Q2,Q2,BUY,0,0,0.0,0.0,1.0,1.0,False,0/3,0.0,0.0,0.0
wick_imbalance_reversion,USD_JPY,london,Q2,Q2,SELL,0,0,0.0,0.0,1.0,1.0,False,0/3,0.0,0.0,0.0
wick_imbalance_reversion,USD_JPY,london,Q2,Q3,BUY,0,0,0.0,0.0,1.0,1.0,False,0/3,0.0,0.0,0.0
wick_imbalance_reversion,USD_JPY,london,Q2,Q3,SELL,0,0,0.0,0.0,1.0,1.0,False,0/3,0.0,0.0,0.0
wick_imbalance_reversion,USD_JPY,london,Q2,Q4,BUY,0,0,0.0,0.0,1.0,1.0,False,0/3,0.0,0.0,0.0
wick_imbalance_reversion,USD_JPY,london,Q2,Q4,SELL,0,0,0.0,0.0,1.0,1.0,False,0/3,0.0,0.0,0.0
wick_imbalance_reversion,USD_JPY,london,Q3,Q1,BUY,0,0,0.0,0.0,1.0,1.0,False,0/3,0.0,0.0,0.0
wick_imbalance_reversion,USD_JPY,london,Q3,Q1,SELL,0,0,0.0,0.0,1.0,1.0,False,0/3,0.0,0.0,0.0
wick_imbalance_reversion,USD_JPY,london,Q3,Q2,BUY,1,1,1.0,0.20654329147389294,0.2672531769305963,1.0,False,1/3,0.0,inf,8.299999999999999
wick_imbalance_reversion,USD_JPY,london,Q3,Q2,SELL,0,0,0.0,0.0,1.0,1.0,False,0/3,0.0,0.0,0.0
wick_imbalance_reversion,USD_JPY,london,Q3,Q3,BUY,0,0,0.0,0.0,1.0,1.0,False,0/3,0.0,0.0,0.0
wick_imbalance_reversion,USD_JPY,london,Q3,Q3,SELL,0,0,0.0,0.0,1.0,1.0,False,0/3,0.0,0.0,0.0
wick_imbalance_reversion,USD_JPY,london,Q3,Q4,BUY,0,0,0.0,0.0,1.0,1.0,False,0/3,0.0,0.0,0.0
wick_imbalance_reversion,USD_JPY,london,Q3,Q4,SELL,0,0,0.0,0.0,1.0,1.0,False,0/3,0.0,0.0,0.0
wick_imbalance_reversion,USD_JPY,london,Q4,Q1,BUY,0,0,0.0,0.0,1.0,1.0,False,0/3,0.0,0.0,0.0
wick_imbalance_reversion,USD_JPY,london,Q4,Q1,SELL,0,0,0.0,0.0,1.0,1.0,False,0/3,0.0,0.0,0.0
wick_imbalance_reversion,USD_JPY,london,Q4,Q2,BUY,0,0,0.0,0.0,1.0,1.0,False,0/3,0.0,0.0,0.0
wick_imbalance_reversion,USD_JPY,london,Q4,Q2,SELL,0,0,0.0,0.0,1.0,1.0,False,0/3,0.0,0.0,0.0
wick_imbalance_reversion,USD_JPY,london,Q4,Q3,BUY,0,0,0.0,0.0,1.0,1.0,False,0/3,0.0,0.0,0.0
wick_imbalance_reversion,USD_JPY,london,Q4,Q3,SELL,0,0,0.0,0.0,1.0,1.0,False,0/3,0.0,0.0,0.0
wick_imbalance_reversion,USD_JPY,london,Q4,Q4,BUY,0,0,0.0,0.0,1.0,1.0,False,0/3,0.0,0.0,0.0
wick_imbalance_reversion,USD_JPY,london,Q4,Q4,SELL,0,0,0.0,0.0,1.0,1.0,False,0/3,0.0,0.0,0.0
wick_imbalance_reversion,USD_JPY,ny,Q1,Q1,BUY,0,0,0.0,0.0,1.0,1.0,False,0/3,0.0,0.0,0.0
wick_imbalance_reversion,USD_JPY,ny,Q1,Q1,SELL,0,0,0.0,0.0,1.0,1.0,False,0/3,0.0,0.0,0.0
wick_imbalance_reversion,USD_JPY,ny,Q1,Q2,BUY,0,0,0.0,0.0,1.0,1.0,False,0/3,0.0,0.0,0.0
wick_imbalance_reversion,USD_JPY,ny,Q1,Q2,SELL,0,0,0.0,0.0,1.0,1.0,False,0/3,0.0,0.0,0.0
wick_imbalance_reversion,USD_JPY,ny,Q1,Q3,BUY,0,0,0.0,0.0,1.0,1.0,False,0/3,0.0,0.0,0.0
wick_imbalance_reversion,USD_JPY,ny,Q1,Q3,SELL,0,0,0.0,0.0,1.0,1.0,False,0/3,0.0,0.0,0.0
wick_imbalance_reversion,USD_JPY,ny,Q1,Q4,BUY,5,3,0.6,0.23071993220883702,0.12243770021625448,1.0,False,2/3,0.22549342105263154,4.026490066225165,9.139999999999999
wick_imbalance_reversion,USD_JPY,ny,Q1,Q4,SELL,0,0,0.0,0.0,1.0,1.0,False,0/3,0.0,0.0,0.0
wick_imbalance_reversion,USD_JPY,ny,Q2,Q1,BUY,0,0,0.0,0.0,1.0,1.0,False,0/3,0.0,0.0,0.0
wick_imbalance_reversion,USD_JPY,ny,Q2,Q1,SELL,0,0,0.0,0.0,1.0,1.0,False,0/3,0.0,0.0,0.0
wick_imbalance_reversion,USD_JPY,ny,Q2,Q2,BUY,0,0,0.0,0.0,1.0,1.0,False,0/3,0.0,0.0,0.0
wick_imbalance_reversion,USD_JPY,ny,Q2,Q2,SELL,0,0,0.0,0.0,1.0,1.0,False,0/3,0.0,0.0,0.0
wick_imbalance_reversion,USD_JPY,ny,Q2,Q3,BUY,0,0,0.0,0.0,1.0,1.0,False,0/3,0.0,0.0,0.0
wick_imbalance_reversion,USD_JPY,ny,Q2,Q3,SELL,0,0,0.0,0.0,1.0,1.0,False,0/3,0.0,0.0,0.0
wick_imbalance_reversion,USD_JPY,ny,Q2,Q4,BUY,0,0,0.0,0.0,1.0,1.0,False,0/3,0.0,0.0,0.0
wick_imbalance_reversion,USD_JPY,ny,Q2,Q4,SELL,0,0,0.0,0.0,1.0,1.0,False,0/3,0.0,0.0,0.0
wick_imbalance_reversion,USD_JPY,ny,Q3,Q1,BUY,0,0,0.0,0.0,1.0,1.0,False,0/3,0.0,0.0,0.0
wick_imbalance_reversion,USD_JPY,ny,Q3,Q1,SELL,0,0,0.0,0.0,1.0,1.0,False,0/3,0.0,0.0,0.0
wick_imbalance_reversion,USD_JPY,ny,Q3,Q2,BUY,0,0,0.0,0.0,1.0,1.0,False,0/3,0.0,0.0,0.0
wick_imbalance_reversion,USD_JPY,ny,Q3,Q2,SELL,0,0,0.0,0.0,1.0,1.0,False,0/3,0.0,0.0,0.0
wick_imbalance_reversion,USD_JPY,ny,Q3,Q3,BUY,0,0,0.0,0.0,1.0,1.0,False,0/3,0.0,0.0,0.0
wick_imbalance_reversion,USD_JPY,ny,Q3,Q3,SELL,0,0,0.0,0.0,1.0,1.0,False,0/3,0.0,0.0,0.0
wick_imbalance_reversion,USD_JPY,ny,Q3,Q4,BUY,0,0,0.0,0.0,1.0,1.0,False,0/3,0.0,0.0,0.0
wick_imbalance_reversion,USD_JPY,ny,Q3,Q4,SELL,0,0,0.0,0.0,1.0,1.0,False,0/3,0.0,0.0,0.0
wick_imbalance_reversion,USD_JPY,ny,Q4,Q1,BUY,0,0,0.0,0.0,1.0,1.0,False,0/3,0.0,0.0,0.0
wick_imbalance_reversion,USD_JPY,ny,Q4,Q1,SELL,0,0,0.0,0.0,1.0,1.0,False,0/3,0.0,0.0,0.0
wick_imbalance_reversion,USD_JPY,ny,Q4,Q2,BUY,0,0,0.0,0.0,1.0,1.0,False,0/3,0.0,0.0,0.0
wick_imbalance_reversion,USD_JPY,ny,Q4,Q2,SELL,0,0,0.0,0.0,1.0,1.0,False,0/3,0.0,0.0,0.0
wick_imbalance_reversion,USD_JPY,ny,Q4,Q3,BUY,0,0,0.0,0.0,1.0,1.0,False,0/3,0.0,0.0,0.0
wick_imbalance_reversion,USD_JPY,ny,Q4,Q3,SELL,0,0,0.0,0.0,1.0,1.0,False,0/3,0.0,0.0,0.0
wick_imbalance_reversion,USD_JPY,ny,Q4,Q4,BUY,0,0,0.0,0.0,1.0,1.0,False,0/3,0.0,0.0,0.0
wick_imbalance_reversion,USD_JPY,ny,Q4,Q4,SELL,0,0,0.0,0.0,1.0,1.0,False,0/3,0.0,0.0,0.0
wick_imbalance_reversion,USD_JPY,overlap,Q1,Q1,BUY,0,0,0.0,0.0,1.0,1.0,False,0/3,0.0,0.0,0.0
wick_imbalance_reversion,USD_JPY,overlap,Q1,Q1,SELL,0,0,0.0,0.0,1.0,1.0,False,0/3,0.0,0.0,0.0
wick_imbalance_reversion,USD_JPY,overlap,Q1,Q2,BUY,0,0,0.0,0.0,1.0,1.0,False,0/3,0.0,0.0,0.0
wick_imbalance_reversion,USD_JPY,overlap,Q1,Q2,SELL,0,0,0.0,0.0,1.0,1.0,False,0/3,0.0,0.0,0.0
wick_imbalance_reversion,USD_JPY,overlap,Q1,Q3,BUY,0,0,0.0,0.0,1.0,1.0,False,0/3,0.0,0.0,0.0
wick_imbalance_reversion,USD_JPY,overlap,Q1,Q3,SELL,0,0,0.0,0.0,1.0,1.0,False,0/3,0.0,0.0,0.0
wick_imbalance_reversion,USD_JPY,overlap,Q1,Q4,BUY,0,0,0.0,0.0,1.0,1.0,False,0/3,0.0,0.0,0.0
wick_imbalance_reversion,USD_JPY,overlap,Q1,Q4,SELL,0,0,0.0,0.0,1.0,1.0,False,0/3,0.0,0.0,0.0
wick_imbalance_reversion,USD_JPY,overlap,Q2,Q1,BUY,0,0,0.0,0.0,1.0,1.0,False,0/3,0.0,0.0,0.0
wick_imbalance_reversion,USD_JPY,overlap,Q2,Q1,SELL,0,0,0.0,0.0,1.0,1.0,False,0/3,0.0,0.0,0.0
wick_imbalance_reversion,USD_JPY,overlap,Q2,Q2,BUY,0,0,0.0,0.0,1.0,1.0,False,0/3,0.0,0.0,0.0
wick_imbalance_reversion,USD_JPY,overlap,Q2,Q2,SELL,0,0,0.0,0.0,1.0,1.0,False,0/3,0.0,0.0,0.0
wick_imbalance_reversion,USD_JPY,overlap,Q2,Q3,BUY,0,0,0.0,0.0,1.0,1.0,False,0/3,0.0,0.0,0.0
wick_imbalance_reversion,USD_JPY,overlap,Q2,Q3,SELL,0,0,0.0,0.0,1.0,1.0,False,0/3,0.0,0.0,0.0
wick_imbalance_reversion,USD_JPY,overlap,Q2,Q4,BUY,0,0,0.0,0.0,1.0,1.0,False,0/3,0.0,0.0,0.0
wick_imbalance_reversion,USD_JPY,overlap,Q2,Q4,SELL,0,0,0.0,0.0,1.0,1.0,False,0/3,0.0,0.0,0.0
wick_imbalance_reversion,USD_JPY,overlap,Q3,Q1,BUY,0,0,0.0,0.0,1.0,1.0,False,0/3,0.0,0.0,0.0
wick_imbalance_reversion,USD_JPY,overlap,Q3,Q1,SELL,0,0,0.0,0.0,1.0,1.0,False,0/3,0.0,0.0,0.0
wick_imbalance_reversion,USD_JPY,overlap,Q3,Q2,BUY,0,0,0.0,0.0,1.0,1.0,False,0/3,0.0,0.0,0.0
wick_imbalance_reversion,USD_JPY,overlap,Q3,Q2,SELL,0,0,0.0,0.0,1.0,1.0,False,0/3,0.0,0.0,0.0
wick_imbalance_reversion,USD_JPY,overlap,Q3,Q3,BUY,0,0,0.0,0.0,1.0,1.0,False,0/3,0.0,0.0,0.0
wick_imbalance_reversion,USD_JPY,overlap,Q3,Q3,SELL,0,0,0.0,0.0,1.0,1.0,False,0/3,0.0,0.0,0.0
wick_imbalance_reversion,USD_JPY,overlap,Q3,Q4,BUY,0,0,0.0,0.0,1.0,1.0,False,0/3,0.0,0.0,0.0
wick_imbalance_reversion,USD_JPY,overlap,Q3,Q4,SELL,0,0,0.0,0.0,1.0,1.0,False,0/3,0.0,0.0,0.0
wick_imbalance_reversion,USD_JPY,overlap,Q4,Q1,BUY,1,0,0.0,0.0,1.0,1.0,False,0/3,0.0,0.0,-10.9
wick_imbalance_reversion,USD_JPY,overlap,Q4,Q1,SELL,0,0,0.0,0.0,1.0,1.0,False,0/3,0.0,0.0,0.0
wick_imbalance_reversion,USD_JPY,overlap,Q4,Q2,BUY,0,0,0.0,0.0,1.0,1.0,False,0/3,0.0,0.0,0.0
wick_imbalance_reversion,USD_JPY,overlap,Q4,Q2,SELL,0,0,0.0,0.0,1.0,1.0,False,0/3,0.0,0.0,0.0
wick_imbalance_reversion,USD_JPY,overlap,Q4,Q3,BUY,0,0,0.0,0.0,1.0,1.0,False,0/3,0.0,0.0,0.0
wick_imbalance_reversion,USD_JPY,overlap,Q4,Q3,SELL,0,0,0.0,0.0,1.0,1.0,False,0/3,0.0,0.0,0.0
wick_imbalance_reversion,USD_JPY,overlap,Q4,Q4,BUY,0,0,0.0,0.0,1.0,1.0,False,0/3,0.0,0.0,0.0
wick_imbalance_reversion,USD_JPY,overlap,Q4,Q4,SELL,0,0,0.0,0.0,1.0,1.0,False,0/3,0.0,0.0,0.0
wick_imbalance_reversion,EUR_USD,tokyo,Q1,Q1,BUY,0,0,0.0,0.0,1.0,1.0,False,0/3,0.0,0.0,0.0
wick_imbalance_reversion,EUR_USD,tokyo,Q1,Q1,SELL,0,0,0.0,0.0,1.0,1.0,False,0/3,0.0,0.0,0.0
wick_imbalance_reversion,EUR_USD,tokyo,Q1,Q2,BUY,0,0,0.0,0.0,1.0,1.0,False,0/3,0.0,0.0,0.0
wick_imbalance_reversion,EUR_USD,tokyo,Q1,Q2,SELL,0,0,0.0,0.0,1.0,1.0,False,0/3,0.0,0.0,0.0
wick_imbalance_reversion,EUR_USD,tokyo,Q1,Q3,BUY,0,0,0.0,0.0,1.0,1.0,False,0/3,0.0,0.0,0.0
wick_imbalance_reversion,EUR_USD,tokyo,Q1,Q3,SELL,0,0,0.0,0.0,1.0,1.0,False,0/3,0.0,0.0,0.0
wick_imbalance_reversion,EUR_USD,tokyo,Q1,Q4,BUY,0,0,0.0,0.0,1.0,1.0,False,0/3,0.0,0.0,0.0
wick_imbalance_reversion,EUR_USD,tokyo,Q1,Q4,SELL,0,0,0.0,0.0,1.0,1.0,False,0/3,0.0,0.0,0.0
wick_imbalance_reversion,EUR_USD,tokyo,Q2,Q1,BUY,0,0,0.0,0.0,1.0,1.0,False,0/3,0.0,0.0,0.0
wick_imbalance_reversion,EUR_USD,tokyo,Q2,Q1,SELL,0,0,0.0,0.0,1.0,1.0,False,0/3,0.0,0.0,0.0
wick_imbalance_reversion,EUR_USD,tokyo,Q2,Q2,BUY,0,0,0.0,0.0,1.0,1.0,False,0/3,0.0,0.0,0.0
wick_imbalance_reversion,EUR_USD,tokyo,Q2,Q2,SELL,0,0,0.0,0.0,1.0,1.0,False,0/3,0.0,0.0,0.0
wick_imbalance_reversion,EUR_USD,tokyo,Q2,Q3,BUY,0,0,0.0,0.0,1.0,1.0,False,0/3,0.0,0.0,0.0
wick_imbalance_reversion,EUR_USD,tokyo,Q2,Q3,SELL,0,0,0.0,0.0,1.0,1.0,False,0/3,0.0,0.0,0.0
wick_imbalance_reversion,EUR_USD,tokyo,Q2,Q4,BUY,0,0,0.0,0.0,1.0,1.0,False,0/3,0.0,0.0,0.0
wick_imbalance_reversion,EUR_USD,tokyo,Q2,Q4,SELL,0,0,0.0,0.0,1.0,1.0,False,0/3,0.0,0.0,0.0
wick_imbalance_reversion,EUR_USD,tokyo,Q3,Q1,BUY,0,0,0.0,0.0,1.0,1.0,False,0/3,0.0,0.0,0.0
wick_imbalance_reversion,EUR_USD,tokyo,Q3,Q1,SELL,0,0,0.0,0.0,1.0,1.0,False,0/3,0.0,0.0,0.0
wick_imbalance_reversion,EUR_USD,tokyo,Q3,Q2,BUY,0,0,0.0,0.0,1.0,1.0,False,0/3,0.0,0.0,0.0
wick_imbalance_reversion,EUR_USD,tokyo,Q3,Q2,SELL,0,0,0.0,0.0,1.0,1.0,False,0/3,0.0,0.0,0.0
wick_imbalance_reversion,EUR_USD,tokyo,Q3,Q3,BUY,0,0,0.0,0.0,1.0,1.0,False,0/3,0.0,0.0,0.0
wick_imbalance_reversion,EUR_USD,tokyo,Q3,Q3,SELL,0,0,0.0,0.0,1.0,1.0,False,0/3,0.0,0.0,0.0
wick_imbalance_reversion,EUR_USD,tokyo,Q3,Q4,BUY,0,0,0.0,0.0,1.0,1.0,False,0/3,0.0,0.0,0.0
wick_imbalance_reversion,EUR_USD,tokyo,Q3,Q4,SELL,0,0,0.0,0.0,1.0,1.0,False,0/3,0.0,0.0,0.0
wick_imbalance_reversion,EUR_USD,tokyo,Q4,Q1,BUY,0,0,0.0,0.0,1.0,1.0,False,0/3,0.0,0.0,0.0
wick_imbalance_reversion,EUR_USD,tokyo,Q4,Q1,SELL,0,0,0.0,0.0,1.0,1.0,False,0/3,0.0,0.0,0.0
wick_imbalance_reversion,EUR_USD,tokyo,Q4,Q2,BUY,2,1,0.5,0.09452865480086611,0.46312038599118976,1.0,False,0/3,0.0,0.0,-4.05
wick_imbalance_reversion,EUR_USD,tokyo,Q4,Q2,SELL,0,0,0.0,0.0,1.0,1.0,False,0/3,0.0,0.0,0.0
wick_imbalance_reversion,EUR_USD,tokyo,Q4,Q3,BUY,0,0,0.0,0.0,1.0,1.0,False,0/3,0.0,0.0,0.0
wick_imbalance_reversion,EUR_USD,tokyo,Q4,Q3,SELL,0,0,0.0,0.0,1.0,1.0,False,0/3,0.0,0.0,0.0
wick_imbalance_reversion,EUR_USD,tokyo,Q4,Q4,BUY,0,0,0.0,0.0,1.0,1.0,False,0/3,0.0,0.0,0.0
wick_imbalance_reversion,EUR_USD,tokyo,Q4,Q4,SELL,0,0,0.0,0.0,1.0,1.0,False,0/3,0.0,0.0,0.0
wick_imbalance_reversion,EUR_USD,london,Q1,Q1,BUY,0,0,0.0,0.0,1.0,1.0,False,0/3,0.0,0.0,0.0
wick_imbalance_reversion,EUR_USD,london,Q1,Q1,SELL,0,0,0.0,0.0,1.0,1.0,False,0/3,0.0,0.0,0.0
wick_imbalance_reversion,EUR_USD,london,Q1,Q2,BUY,0,0,0.0,0.0,1.0,1.0,False,0/3,0.0,0.0,0.0
wick_imbalance_reversion,EUR_USD,london,Q1,Q2,SELL,0,0,0.0,0.0,1.0,1.0,False,0/3,0.0,0.0,0.0
wick_imbalance_reversion,EUR_USD,london,Q1,Q3,BUY,0,0,0.0,0.0,1.0,1.0,False,0/3,0.0,0.0,0.0
wick_imbalance_reversion,EUR_USD,london,Q1,Q3,SELL,0,0,0.0,0.0,1.0,1.0,False,0/3,0.0,0.0,0.0
wick_imbalance_reversion,EUR_USD,london,Q1,Q4,BUY,0,0,0.0,0.0,1.0,1.0,False,0/3,0.0,0.0,0.0
wick_imbalance_reversion,EUR_USD,london,Q1,Q4,SELL,0,0,0.0,0.0,1.0,1.0,False,0/3,0.0,0.0,0.0
wick_imbalance_reversion,EUR_USD,london,Q2,Q1,BUY,0,0,0.0,0.0,1.0,1.0,False,0/3,0.0,0.0,0.0
wick_imbalance_reversion,EUR_USD,london,Q2,Q1,SELL,0,0,0.0,0.0,1.0,1.0,False,0/3,0.0,0.0,0.0
wick_imbalance_reversion,EUR_USD,london,Q2,Q2,BUY,0,0,0.0,0.0,1.0,1.0,False,0/3,0.0,0.0,0.0
wick_imbalance_reversion,EUR_USD,london,Q2,Q2,SELL,0,0,0.0,0.0,1.0,1.0,False,0/3,0.0,0.0,0.0
wick_imbalance_reversion,EUR_USD,london,Q2,Q3,BUY,0,0,0.0,0.0,1.0,1.0,False,0/3,0.0,0.0,0.0
wick_imbalance_reversion,EUR_USD,london,Q2,Q3,SELL,0,0,0.0,0.0,1.0,1.0,False,0/3,0.0,0.0,0.0
wick_imbalance_reversion,EUR_USD,london,Q2,Q4,BUY,0,0,0.0,0.0,1.0,1.0,False,0/3,0.0,0.0,0.0
wick_imbalance_reversion,EUR_USD,london,Q2,Q4,SELL,0,0,0.0,0.0,1.0,1.0,False,0/3,0.0,0.0,0.0
wick_imbalance_reversion,EUR_USD,london,Q3,Q1,BUY,0,0,0.0,0.0,1.0,1.0,False,0/3,0.0,0.0,0.0
wick_imbalance_reversion,EUR_USD,london,Q3,Q1,SELL,0,0,0.0,0.0,1.0,1.0,False,0/3,0.0,0.0,0.0
wick_imbalance_reversion,EUR_USD,london,Q3,Q2,BUY,1,0,0.0,0.0,1.0,1.0,False,0/3,0.0,0.0,-20.6
wick_imbalance_reversion,EUR_USD,london,Q3,Q2,SELL,0,0,0.0,0.0,1.0,1.0,False,0/3,0.0,0.0,0.0
wick_imbalance_reversion,EUR_USD,london,Q3,Q3,BUY,0,0,0.0,0.0,1.0,1.0,False,0/3,0.0,0.0,0.0
wick_imbalance_reversion,EUR_USD,london,Q3,Q3,SELL,0,0,0.0,0.0,1.0,1.0,False,0/3,0.0,0.0,0.0
wick_imbalance_reversion,EUR_USD,london,Q3,Q4,BUY,0,0,0.0,0.0,1.0,1.0,False,0/3,0.0,0.0,0.0
wick_imbalance_reversion,EUR_USD,london,Q3,Q4,SELL,0,0,0.0,0.0,1.0,1.0,False,0/3,0.0,0.0,0.0
wick_imbalance_reversion,EUR_USD,london,Q4,Q1,BUY,0,0,0.0,0.0,1.0,1.0,False,0/3,0.0,0.0,0.0
wick_imbalance_reversion,EUR_USD,london,Q4,Q1,SELL,0,0,0.0,0.0,1.0,1.0,False,0/3,0.0,0.0,0.0
wick_imbalance_reversion,EUR_USD,london,Q4,Q2,BUY,0,0,0.0,0.0,1.0,1.0,False,0/3,0.0,0.0,0.0
wick_imbalance_reversion,EUR_USD,london,Q4,Q2,SELL,0,0,0.0,0.0,1.0,1.0,False,0/3,0.0,0.0,0.0
wick_imbalance_reversion,EUR_USD,london,Q4,Q3,BUY,0,0,0.0,0.0,1.0,1.0,False,0/3,0.0,0.0,0.0
wick_imbalance_reversion,EUR_USD,london,Q4,Q3,SELL,0,0,0.0,0.0,1.0,1.0,False,0/3,0.0,0.0,0.0
wick_imbalance_reversion,EUR_USD,london,Q4,Q4,BUY,0,0,0.0,0.0,1.0,1.0,False,0/3,0.0,0.0,0.0
wick_imbalance_reversion,EUR_USD,london,Q4,Q4,SELL,0,0,0.0,0.0,1.0,1.0,False,0/3,0.0,0.0,0.0
wick_imbalance_reversion,EUR_USD,ny,Q1,Q1,BUY,0,0,0.0,0.0,1.0,1.0,False,0/3,0.0,0.0,0.0
wick_imbalance_reversion,EUR_USD,ny,Q1,Q1,SELL,0,0,0.0,0.0,1.0,1.0,False,0/3,0.0,0.0,0.0
wick_imbalance_reversion,EUR_USD,ny,Q1,Q2,BUY,0,0,0.0,0.0,1.0,1.0,False,0/3,0.0,0.0,0.0
wick_imbalance_reversion,EUR_USD,ny,Q1,Q2,SELL,0,0,0.0,0.0,1.0,1.0,False,0/3,0.0,0.0,0.0
wick_imbalance_reversion,EUR_USD,ny,Q1,Q3,BUY,0,0,0.0,0.0,1.0,1.0,False,0/3,0.0,0.0,0.0
wick_imbalance_reversion,EUR_USD,ny,Q1,Q3,SELL,0,0,0.0,0.0,1.0,1.0,False,0/3,0.0,0.0,0.0
wick_imbalance_reversion,EUR_USD,ny,Q1,Q4,BUY,0,0,0.0,0.0,1.0,1.0,False,0/3,0.0,0.0,0.0
wick_imbalance_reversion,EUR_USD,ny,Q1,Q4,SELL,0,0,0.0,0.0,1.0,1.0,False,0/3,0.0,0.0,0.0
wick_imbalance_reversion,EUR_USD,ny,Q2,Q1,BUY,0,0,0.0,0.0,1.0,1.0,False,0/3,0.0,0.0,0.0
wick_imbalance_reversion,EUR_USD,ny,Q2,Q1,SELL,0,0,0.0,0.0,1.0,1.0,False,0/3,0.0,0.0,0.0
wick_imbalance_reversion,EUR_USD,ny,Q2,Q2,BUY,0,0,0.0,0.0,1.0,1.0,False,0/3,0.0,0.0,0.0
wick_imbalance_reversion,EUR_USD,ny,Q2,Q2,SELL,0,0,0.0,0.0,1.0,1.0,False,0/3,0.0,0.0,0.0
wick_imbalance_reversion,EUR_USD,ny,Q2,Q3,BUY,0,0,0.0,0.0,1.0,1.0,False,0/3,0.0,0.0,0.0
wick_imbalance_reversion,EUR_USD,ny,Q2,Q3,SELL,0,0,0.0,0.0,1.0,1.0,False,0/3,0.0,0.0,0.0
wick_imbalance_reversion,EUR_USD,ny,Q2,Q4,BUY,0,0,0.0,0.0,1.0,1.0,False,0/3,0.0,0.0,0.0
wick_imbalance_reversion,EUR_USD,ny,Q2,Q4,SELL,0,0,0.0,0.0,1.0,1.0,False,0/3,0.0,0.0,0.0
wick_imbalance_reversion,EUR_USD,ny,Q3,Q1,BUY,0,0,0.0,0.0,1.0,1.0,False,0/3,0.0,0.0,0.0
wick_imbalance_reversion,EUR_USD,ny,Q3,Q1,SELL,0,0,0.0,0.0,1.0,1.0,False,0/3,0.0,0.0,0.0
wick_imbalance_reversion,EUR_USD,ny,Q3,Q2,BUY,0,0,0.0,0.0,1.0,1.0,False,0/3,0.0,0.0,0.0
wick_imbalance_reversion,EUR_USD,ny,Q3,Q2,SELL,0,0,0.0,0.0,1.0,1.0,False,0/3,0.0,0.0,0.0
wick_imbalance_reversion,EUR_USD,ny,Q3,Q3,BUY,0,0,0.0,0.0,1.0,1.0,False,0/3,0.0,0.0,0.0
wick_imbalance_reversion,EUR_USD,ny,Q3,Q3,SELL,0,0,0.0,0.0,1.0,1.0,False,0/3,0.0,0.0,0.0
wick_imbalance_reversion,EUR_USD,ny,Q3,Q4,BUY,0,0,0.0,0.0,1.0,1.0,False,0/3,0.0,0.0,0.0
wick_imbalance_reversion,EUR_USD,ny,Q3,Q4,SELL,0,0,0.0,0.0,1.0,1.0,False,0/3,0.0,0.0,0.0
wick_imbalance_reversion,EUR_USD,ny,Q4,Q1,BUY,0,0,0.0,0.0,1.0,1.0,False,0/3,0.0,0.0,0.0
wick_imbalance_reversion,EUR_USD,ny,Q4,Q1,SELL,0,0,0.0,0.0,1.0,1.0,False,0/3,0.0,0.0,0.0
wick_imbalance_reversion,EUR_USD,ny,Q4,Q2,BUY,0,0,0.0,0.0,1.0,1.0,False,0/3,0.0,0.0,0.0
wick_imbalance_reversion,EUR_USD,ny,Q4,Q2,SELL,0,0,0.0,0.0,1.0,1.0,False,0/3,0.0,0.0,0.0
wick_imbalance_reversion,EUR_USD,ny,Q4,Q3,BUY,0,0,0.0,0.0,1.0,1.0,False,0/3,0.0,0.0,0.0
wick_imbalance_reversion,EUR_USD,ny,Q4,Q3,SELL,0,0,0.0,0.0,1.0,1.0,False,0/3,0.0,0.0,0.0
wick_imbalance_reversion,EUR_USD,ny,Q4,Q4,BUY,0,0,0.0,0.0,1.0,1.0,False,0/3,0.0,0.0,0.0
wick_imbalance_reversion,EUR_USD,ny,Q4,Q4,SELL,0,0,0.0,0.0,1.0,1.0,False,0/3,0.0,0.0,0.0
wick_imbalance_reversion,EUR_USD,overlap,Q1,Q1,BUY,0,0,0.0,0.0,1.0,1.0,False,0/3,0.0,0.0,0.0
wick_imbalance_reversion,EUR_USD,overlap,Q1,Q1,SELL,0,0,0.0,0.0,1.0,1.0,False,0/3,0.0,0.0,0.0
wick_imbalance_reversion,EUR_USD,overlap,Q1,Q2,BUY,0,0,0.0,0.0,1.0,1.0,False,0/3,0.0,0.0,0.0
wick_imbalance_reversion,EUR_USD,overlap,Q1,Q2,SELL,0,0,0.0,0.0,1.0,1.0,False,0/3,0.0,0.0,0.0
wick_imbalance_reversion,EUR_USD,overlap,Q1,Q3,BUY,0,0,0.0,0.0,1.0,1.0,False,0/3,0.0,0.0,0.0
wick_imbalance_reversion,EUR_USD,overlap,Q1,Q3,SELL,0,0,0.0,0.0,1.0,1.0,False,0/3,0.0,0.0,0.0
wick_imbalance_reversion,EUR_USD,overlap,Q1,Q4,BUY,0,0,0.0,0.0,1.0,1.0,False,0/3,0.0,0.0,0.0
wick_imbalance_reversion,EUR_USD,overlap,Q1,Q4,SELL,0,0,0.0,0.0,1.0,1.0,False,0/3,0.0,0.0,0.0
wick_imbalance_reversion,EUR_USD,overlap,Q2,Q1,BUY,0,0,0.0,0.0,1.0,1.0,False,0/3,0.0,0.0,0.0
wick_imbalance_reversion,EUR_USD,overlap,Q2,Q1,SELL,0,0,0.0,0.0,1.0,1.0,False,0/3,0.0,0.0,0.0
wick_imbalance_reversion,EUR_USD,overlap,Q2,Q2,BUY,0,0,0.0,0.0,1.0,1.0,False,0/3,0.0,0.0,0.0
wick_imbalance_reversion,EUR_USD,overlap,Q2,Q2,SELL,0,0,0.0,0.0,1.0,1.0,False,0/3,0.0,0.0,0.0
wick_imbalance_reversion,EUR_USD,overlap,Q2,Q3,BUY,3,0,0.0,0.0,1.0,1.0,False,0/3,0.0,0.0,-7.533333333333334
wick_imbalance_reversion,EUR_USD,overlap,Q2,Q3,SELL,0,0,0.0,0.0,1.0,1.0,False,0/3,0.0,0.0,0.0
wick_imbalance_reversion,EUR_USD,overlap,Q2,Q4,BUY,0,0,0.0,0.0,1.0,1.0,False,0/3,0.0,0.0,0.0
wick_imbalance_reversion,EUR_USD,overlap,Q2,Q4,SELL,0,0,0.0,0.0,1.0,1.0,False,0/3,0.0,0.0,0.0
wick_imbalance_reversion,EUR_USD,overlap,Q3,Q1,BUY,1,0,0.0,0.0,1.0,1.0,False,0/3,0.0,0.0,-3.1
wick_imbalance_reversion,EUR_USD,overlap,Q3,Q1,SELL,0,0,0.0,0.0,1.0,1.0,False,0/3,0.0,0.0,0.0
wick_imbalance_reversion,EUR_USD,overlap,Q3,Q2,BUY,0,0,0.0,0.0,1.0,1.0,False,0/3,0.0,0.0,0.0
wick_imbalance_reversion,EUR_USD,overlap,Q3,Q2,SELL,0,0,0.0,0.0,1.0,1.0,False,0/3,0.0,0.0,0.0
wick_imbalance_reversion,EUR_USD,overlap,Q3,Q3,BUY,0,0,0.0,0.0,1.0,1.0,False,0/3,0.0,0.0,0.0
wick_imbalance_reversion,EUR_USD,overlap,Q3,Q3,SELL,0,0,0.0,0.0,1.0,1.0,False,0/3,0.0,0.0,0.0
wick_imbalance_reversion,EUR_USD,overlap,Q3,Q4,BUY,0,0,0.0,0.0,1.0,1.0,False,0/3,0.0,0.0,0.0
wick_imbalance_reversion,EUR_USD,overlap,Q3,Q4,SELL,0,0,0.0,0.0,1.0,1.0,False,0/3,0.0,0.0,0.0
wick_imbalance_reversion,EUR_USD,overlap,Q4,Q1,BUY,0,0,0.0,0.0,1.0,1.0,False,0/3,0.0,0.0,0.0
wick_imbalance_reversion,EUR_USD,overlap,Q4,Q1,SELL,0,0,0.0,0.0,1.0,1.0,False,0/3,0.0,0.0,0.0
wick_imbalance_reversion,EUR_USD,overlap,Q4,Q2,BUY,0,0,0.0,0.0,1.0,1.0,False,0/3,0.0,0.0,0.0
wick_imbalance_reversion,EUR_USD,overlap,Q4,Q2,SELL,0,0,0.0,0.0,1.0,1.0,False,0/3,0.0,0.0,0.0
wick_imbalance_reversion,EUR_USD,overlap,Q4,Q3,BUY,0,0,0.0,0.0,1.0,1.0,False,0/3,0.0,0.0,0.0
wick_imbalance_reversion,EUR_USD,overlap,Q4,Q3,SELL,0,0,0.0,0.0,1.0,1.0,False,0/3,0.0,0.0,0.0
wick_imbalance_reversion,EUR_USD,overlap,Q4,Q4,BUY,0,0,0.0,0.0,1.0,1.0,False,0/3,0.0,0.0,0.0
wick_imbalance_reversion,EUR_USD,overlap,Q4,Q4,SELL,0,0,0.0,0.0,1.0,1.0,False,0/3,0.0,0.0,0.0
wick_imbalance_reversion,GBP_USD,tokyo,Q1,Q1,BUY,0,0,0.0,0.0,1.0,1.0,False,0/3,0.0,0.0,0.0
wick_imbalance_reversion,GBP_USD,tokyo,Q1,Q1,SELL,0,0,0.0,0.0,1.0,1.0,False,0/3,0.0,0.0,0.0
wick_imbalance_reversion,GBP_USD,tokyo,Q1,Q2,BUY,0,0,0.0,0.0,1.0,1.0,False,0/3,0.0,0.0,0.0
wick_imbalance_reversion,GBP_USD,tokyo,Q1,Q2,SELL,0,0,0.0,0.0,1.0,1.0,False,0/3,0.0,0.0,0.0
wick_imbalance_reversion,GBP_USD,tokyo,Q1,Q3,BUY,0,0,0.0,0.0,1.0,1.0,False,0/3,0.0,0.0,0.0
wick_imbalance_reversion,GBP_USD,tokyo,Q1,Q3,SELL,0,0,0.0,0.0,1.0,1.0,False,0/3,0.0,0.0,0.0
wick_imbalance_reversion,GBP_USD,tokyo,Q1,Q4,BUY,0,0,0.0,0.0,1.0,1.0,False,0/3,0.0,0.0,0.0
wick_imbalance_reversion,GBP_USD,tokyo,Q1,Q4,SELL,0,0,0.0,0.0,1.0,1.0,False,0/3,0.0,0.0,0.0
wick_imbalance_reversion,GBP_USD,tokyo,Q2,Q1,BUY,0,0,0.0,0.0,1.0,1.0,False,0/3,0.0,0.0,0.0
wick_imbalance_reversion,GBP_USD,tokyo,Q2,Q1,SELL,0,0,0.0,0.0,1.0,1.0,False,0/3,0.0,0.0,0.0
wick_imbalance_reversion,GBP_USD,tokyo,Q2,Q2,BUY,0,0,0.0,0.0,1.0,1.0,False,0/3,0.0,0.0,0.0
wick_imbalance_reversion,GBP_USD,tokyo,Q2,Q2,SELL,0,0,0.0,0.0,1.0,1.0,False,0/3,0.0,0.0,0.0
wick_imbalance_reversion,GBP_USD,tokyo,Q2,Q3,BUY,0,0,0.0,0.0,1.0,1.0,False,0/3,0.0,0.0,0.0
wick_imbalance_reversion,GBP_USD,tokyo,Q2,Q3,SELL,0,0,0.0,0.0,1.0,1.0,False,0/3,0.0,0.0,0.0
wick_imbalance_reversion,GBP_USD,tokyo,Q2,Q4,BUY,0,0,0.0,0.0,1.0,1.0,False,0/3,0.0,0.0,0.0
wick_imbalance_reversion,GBP_USD,tokyo,Q2,Q4,SELL,0,0,0.0,0.0,1.0,1.0,False,0/3,0.0,0.0,0.0
wick_imbalance_reversion,GBP_USD,tokyo,Q3,Q1,BUY,5,5,1.0,0.565508505247919,0.0013560734428065783,1.0,False,3/3,0.0,inf,15.8
wick_imbalance_reversion,GBP_USD,tokyo,Q3,Q1,SELL,0,0,0.0,0.0,1.0,1.0,False,0/3,0.0,0.0,0.0
wick_imbalance_reversion,GBP_USD,tokyo,Q3,Q2,BUY,1,0,0.0,0.0,1.0,1.0,False,0/3,0.0,0.0,-7.5
wick_imbalance_reversion,GBP_USD,tokyo,Q3,Q2,SELL,0,0,0.0,0.0,1.0,1.0,False,0/3,0.0,0.0,0.0
wick_imbalance_reversion,GBP_USD,tokyo,Q3,Q3,BUY,1,0,0.0,0.0,1.0,1.0,False,0/3,0.0,0.0,-2.9
wick_imbalance_reversion,GBP_USD,tokyo,Q3,Q3,SELL,0,0,0.0,0.0,1.0,1.0,False,0/3,0.0,0.0,0.0
wick_imbalance_reversion,GBP_USD,tokyo,Q3,Q4,BUY,1,1,1.0,0.20654329147389294,0.2672531769305963,1.0,False,1/3,0.0,inf,13.2
wick_imbalance_reversion,GBP_USD,tokyo,Q3,Q4,SELL,0,0,0.0,0.0,1.0,1.0,False,0/3,0.0,0.0,0.0
wick_imbalance_reversion,GBP_USD,tokyo,Q4,Q1,BUY,0,0,0.0,0.0,1.0,1.0,False,0/3,0.0,0.0,0.0
wick_imbalance_reversion,GBP_USD,tokyo,Q4,Q1,SELL,0,0,0.0,0.0,1.0,1.0,False,0/3,0.0,0.0,0.0
wick_imbalance_reversion,GBP_USD,tokyo,Q4,Q2,BUY,0,0,0.0,0.0,1.0,1.0,False,0/3,0.0,0.0,0.0
wick_imbalance_reversion,GBP_USD,tokyo,Q4,Q2,SELL,0,0,0.0,0.0,1.0,1.0,False,0/3,0.0,0.0,0.0
wick_imbalance_reversion,GBP_USD,tokyo,Q4,Q3,BUY,2,1,0.5,0.09452865480086611,0.46312038599118976,1.0,False,1/3,0.0,0.08823529411764704,-3.1
wick_imbalance_reversion,GBP_USD,tokyo,Q4,Q3,SELL,0,0,0.0,0.0,1.0,1.0,False,0/3,0.0,0.0,0.0
wick_imbalance_reversion,GBP_USD,tokyo,Q4,Q4,BUY,0,0,0.0,0.0,1.0,1.0,False,0/3,0.0,0.0,0.0
wick_imbalance_reversion,GBP_USD,tokyo,Q4,Q4,SELL,0,0,0.0,0.0,1.0,1.0,False,0/3,0.0,0.0,0.0
wick_imbalance_reversion,GBP_USD,london,Q1,Q1,BUY,0,0,0.0,0.0,1.0,1.0,False,0/3,0.0,0.0,0.0
wick_imbalance_reversion,GBP_USD,london,Q1,Q1,SELL,0,0,0.0,0.0,1.0,1.0,False,0/3,0.0,0.0,0.0
wick_imbalance_reversion,GBP_USD,london,Q1,Q2,BUY,0,0,0.0,0.0,1.0,1.0,False,0/3,0.0,0.0,0.0
wick_imbalance_reversion,GBP_USD,london,Q1,Q2,SELL,0,0,0.0,0.0,1.0,1.0,False,0/3,0.0,0.0,0.0
wick_imbalance_reversion,GBP_USD,london,Q1,Q3,BUY,0,0,0.0,0.0,1.0,1.0,False,0/3,0.0,0.0,0.0
wick_imbalance_reversion,GBP_USD,london,Q1,Q3,SELL,0,0,0.0,0.0,1.0,1.0,False,0/3,0.0,0.0,0.0
wick_imbalance_reversion,GBP_USD,london,Q1,Q4,BUY,0,0,0.0,0.0,1.0,1.0,False,0/3,0.0,0.0,0.0
wick_imbalance_reversion,GBP_USD,london,Q1,Q4,SELL,0,0,0.0,0.0,1.0,1.0,False,0/3,0.0,0.0,0.0
wick_imbalance_reversion,GBP_USD,london,Q2,Q1,BUY,0,0,0.0,0.0,1.0,1.0,False,0/3,0.0,0.0,0.0
wick_imbalance_reversion,GBP_USD,london,Q2,Q1,SELL,0,0,0.0,0.0,1.0,1.0,False,0/3,0.0,0.0,0.0
wick_imbalance_reversion,GBP_USD,london,Q2,Q2,BUY,0,0,0.0,0.0,1.0,1.0,False,0/3,0.0,0.0,0.0
wick_imbalance_reversion,GBP_USD,london,Q2,Q2,SELL,0,0,0.0,0.0,1.0,1.0,False,0/3,0.0,0.0,0.0
wick_imbalance_reversion,GBP_USD,london,Q2,Q3,BUY,0,0,0.0,0.0,1.0,1.0,False,0/3,0.0,0.0,0.0
wick_imbalance_reversion,GBP_USD,london,Q2,Q3,SELL,0,0,0.0,0.0,1.0,1.0,False,0/3,0.0,0.0,0.0
wick_imbalance_reversion,GBP_USD,london,Q2,Q4,BUY,0,0,0.0,0.0,1.0,1.0,False,0/3,0.0,0.0,0.0
wick_imbalance_reversion,GBP_USD,london,Q2,Q4,SELL,0,0,0.0,0.0,1.0,1.0,False,0/3,0.0,0.0,0.0
wick_imbalance_reversion,GBP_USD,london,Q3,Q1,BUY,5,3,0.6,0.23071993220883702,0.12243770021625448,1.0,False,2/3,0.2919847328244275,37.42857142857144,10.2
wick_imbalance_reversion,GBP_USD,london,Q3,Q1,SELL,0,0,0.0,0.0,1.0,1.0,False,0/3,0.0,0.0,0.0
wick_imbalance_reversion,GBP_USD,london,Q3,Q2,BUY,0,0,0.0,0.0,1.0,1.0,False,0/3,0.0,0.0,0.0
wick_imbalance_reversion,GBP_USD,london,Q3,Q2,SELL,0,0,0.0,0.0,1.0,1.0,False,0/3,0.0,0.0,0.0
wick_imbalance_reversion,GBP_USD,london,Q3,Q3,BUY,0,0,0.0,0.0,1.0,1.0,False,0/3,0.0,0.0,0.0
wick_imbalance_reversion,GBP_USD,london,Q3,Q3,SELL,0,0,0.0,0.0,1.0,1.0,False,0/3,0.0,0.0,0.0
wick_imbalance_reversion,GBP_USD,london,Q3,Q4,BUY,0,0,0.0,0.0,1.0,1.0,False,0/3,0.0,0.0,0.0
wick_imbalance_reversion,GBP_USD,london,Q3,Q4,SELL,0,0,0.0,0.0,1.0,1.0,False,0/3,0.0,0.0,0.0
wick_imbalance_reversion,GBP_USD,london,Q4,Q1,BUY,0,0,0.0,0.0,1.0,1.0,False,0/3,0.0,0.0,0.0
wick_imbalance_reversion,GBP_USD,london,Q4,Q1,SELL,0,0,0.0,0.0,1.0,1.0,False,0/3,0.0,0.0,0.0
wick_imbalance_reversion,GBP_USD,london,Q4,Q2,BUY,0,0,0.0,0.0,1.0,1.0,False,0/3,0.0,0.0,0.0
wick_imbalance_reversion,GBP_USD,london,Q4,Q2,SELL,0,0,0.0,0.0,1.0,1.0,False,0/3,0.0,0.0,0.0
wick_imbalance_reversion,GBP_USD,london,Q4,Q3,BUY,0,0,0.0,0.0,1.0,1.0,False,0/3,0.0,0.0,0.0
wick_imbalance_reversion,GBP_USD,london,Q4,Q3,SELL,0,0,0.0,0.0,1.0,1.0,False,0/3,0.0,0.0,0.0
wick_imbalance_reversion,GBP_USD,london,Q4,Q4,BUY,0,0,0.0,0.0,1.0,1.0,False,0/3,0.0,0.0,0.0
wick_imbalance_reversion,GBP_USD,london,Q4,Q4,SELL,0,0,0.0,0.0,1.0,1.0,False,0/3,0.0,0.0,0.0
wick_imbalance_reversion,GBP_USD,ny,Q1,Q1,BUY,1,0,0.0,0.0,1.0,1.0,False,0/3,0.0,0.0,-11.900000000000002
wick_imbalance_reversion,GBP_USD,ny,Q1,Q1,SELL,0,0,0.0,0.0,1.0,1.0,False,0/3,0.0,0.0,0.0
wick_imbalance_reversion,GBP_USD,ny,Q1,Q2,BUY,0,0,0.0,0.0,1.0,1.0,False,0/3,0.0,0.0,0.0
wick_imbalance_reversion,GBP_USD,ny,Q1,Q2,SELL,0,0,0.0,0.0,1.0,1.0,False,0/3,0.0,0.0,0.0
wick_imbalance_reversion,GBP_USD,ny,Q1,Q3,BUY,0,0,0.0,0.0,1.0,1.0,False,0/3,0.0,0.0,0.0
wick_imbalance_reversion,GBP_USD,ny,Q1,Q3,SELL,0,0,0.0,0.0,1.0,1.0,False,0/3,0.0,0.0,0.0
wick_imbalance_reversion,GBP_USD,ny,Q1,Q4,BUY,0,0,0.0,0.0,1.0,1.0,False,0/3,0.0,0.0,0.0
wick_imbalance_reversion,GBP_USD,ny,Q1,Q4,SELL,0,0,0.0,0.0,1.0,1.0,False,0/3,0.0,0.0,0.0
wick_imbalance_reversion,GBP_USD,ny,Q2,Q1,BUY,0,0,0.0,0.0,1.0,1.0,False,0/3,0.0,0.0,0.0
wick_imbalance_reversion,GBP_USD,ny,Q2,Q1,SELL,0,0,0.0,0.0,1.0,1.0,False,0/3,0.0,0.0,0.0
wick_imbalance_reversion,GBP_USD,ny,Q2,Q2,BUY,0,0,0.0,0.0,1.0,1.0,False,0/3,0.0,0.0,0.0
wick_imbalance_reversion,GBP_USD,ny,Q2,Q2,SELL,0,0,0.0,0.0,1.0,1.0,False,0/3,0.0,0.0,0.0
wick_imbalance_reversion,GBP_USD,ny,Q2,Q3,BUY,0,0,0.0,0.0,1.0,1.0,False,0/3,0.0,0.0,0.0
wick_imbalance_reversion,GBP_USD,ny,Q2,Q3,SELL,0,0,0.0,0.0,1.0,1.0,False,0/3,0.0,0.0,0.0
wick_imbalance_reversion,GBP_USD,ny,Q2,Q4,BUY,0,0,0.0,0.0,1.0,1.0,False,0/3,0.0,0.0,0.0
wick_imbalance_reversion,GBP_USD,ny,Q2,Q4,SELL,0,0,0.0,0.0,1.0,1.0,False,0/3,0.0,0.0,0.0
wick_imbalance_reversion,GBP_USD,ny,Q3,Q1,BUY,1,0,0.0,0.0,1.0,1.0,False,0/3,0.0,0.0,-13.6
wick_imbalance_reversion,GBP_USD,ny,Q3,Q1,SELL,0,0,0.0,0.0,1.0,1.0,False,0/3,0.0,0.0,0.0
wick_imbalance_reversion,GBP_USD,ny,Q3,Q2,BUY,0,0,0.0,0.0,1.0,1.0,False,0/3,0.0,0.0,0.0
wick_imbalance_reversion,GBP_USD,ny,Q3,Q2,SELL,0,0,0.0,0.0,1.0,1.0,False,0/3,0.0,0.0,0.0
wick_imbalance_reversion,GBP_USD,ny,Q3,Q3,BUY,0,0,0.0,0.0,1.0,1.0,False,0/3,0.0,0.0,0.0
wick_imbalance_reversion,GBP_USD,ny,Q3,Q3,SELL,0,0,0.0,0.0,1.0,1.0,False,0/3,0.0,0.0,0.0
wick_imbalance_reversion,GBP_USD,ny,Q3,Q4,BUY,0,0,0.0,0.0,1.0,1.0,False,0/3,0.0,0.0,0.0
wick_imbalance_reversion,GBP_USD,ny,Q3,Q4,SELL,0,0,0.0,0.0,1.0,1.0,False,0/3,0.0,0.0,0.0
wick_imbalance_reversion,GBP_USD,ny,Q4,Q1,BUY,0,0,0.0,0.0,1.0,1.0,False,0/3,0.0,0.0,0.0
wick_imbalance_reversion,GBP_USD,ny,Q4,Q1,SELL,0,0,0.0,0.0,1.0,1.0,False,0/3,0.0,0.0,0.0
wick_imbalance_reversion,GBP_USD,ny,Q4,Q2,BUY,0,0,0.0,0.0,1.0,1.0,False,0/3,0.0,0.0,0.0
wick_imbalance_reversion,GBP_USD,ny,Q4,Q2,SELL,0,0,0.0,0.0,1.0,1.0,False,0/3,0.0,0.0,0.0
wick_imbalance_reversion,GBP_USD,ny,Q4,Q3,BUY,0,0,0.0,0.0,1.0,1.0,False,0/3,0.0,0.0,0.0
wick_imbalance_reversion,GBP_USD,ny,Q4,Q3,SELL,0,0,0.0,0.0,1.0,1.0,False,0/3,0.0,0.0,0.0
wick_imbalance_reversion,GBP_USD,ny,Q4,Q4,BUY,0,0,0.0,0.0,1.0,1.0,False,0/3,0.0,0.0,0.0
wick_imbalance_reversion,GBP_USD,ny,Q4,Q4,SELL,0,0,0.0,0.0,1.0,1.0,False,0/3,0.0,0.0,0.0
wick_imbalance_reversion,GBP_USD,overlap,Q1,Q1,BUY,0,0,0.0,0.0,1.0,1.0,False,0/3,0.0,0.0,0.0
wick_imbalance_reversion,GBP_USD,overlap,Q1,Q1,SELL,0,0,0.0,0.0,1.0,1.0,False,0/3,0.0,0.0,0.0
wick_imbalance_reversion,GBP_USD,overlap,Q1,Q2,BUY,0,0,0.0,0.0,1.0,1.0,False,0/3,0.0,0.0,0.0
wick_imbalance_reversion,GBP_USD,overlap,Q1,Q2,SELL,0,0,0.0,0.0,1.0,1.0,False,0/3,0.0,0.0,0.0
wick_imbalance_reversion,GBP_USD,overlap,Q1,Q3,BUY,0,0,0.0,0.0,1.0,1.0,False,0/3,0.0,0.0,0.0
wick_imbalance_reversion,GBP_USD,overlap,Q1,Q3,SELL,0,0,0.0,0.0,1.0,1.0,False,0/3,0.0,0.0,0.0
wick_imbalance_reversion,GBP_USD,overlap,Q1,Q4,BUY,0,0,0.0,0.0,1.0,1.0,False,0/3,0.0,0.0,0.0
wick_imbalance_reversion,GBP_USD,overlap,Q1,Q4,SELL,0,0,0.0,0.0,1.0,1.0,False,0/3,0.0,0.0,0.0
wick_imbalance_reversion,GBP_USD,overlap,Q2,Q1,BUY,0,0,0.0,0.0,1.0,1.0,False,0/3,0.0,0.0,0.0
wick_imbalance_reversion,GBP_USD,overlap,Q2,Q1,SELL,0,0,0.0,0.0,1.0,1.0,False,0/3,0.0,0.0,0.0
wick_imbalance_reversion,GBP_USD,overlap,Q2,Q2,BUY,0,0,0.0,0.0,1.0,1.0,False,0/3,0.0,0.0,0.0
wick_imbalance_reversion,GBP_USD,overlap,Q2,Q2,SELL,0,0,0.0,0.0,1.0,1.0,False,0/3,0.0,0.0,0.0
wick_imbalance_reversion,GBP_USD,overlap,Q2,Q3,BUY,0,0,0.0,0.0,1.0,1.0,False,0/3,0.0,0.0,0.0
wick_imbalance_reversion,GBP_USD,overlap,Q2,Q3,SELL,0,0,0.0,0.0,1.0,1.0,False,0/3,0.0,0.0,0.0
wick_imbalance_reversion,GBP_USD,overlap,Q2,Q4,BUY,0,0,0.0,0.0,1.0,1.0,False,0/3,0.0,0.0,0.0
wick_imbalance_reversion,GBP_USD,overlap,Q2,Q4,SELL,0,0,0.0,0.0,1.0,1.0,False,0/3,0.0,0.0,0.0
wick_imbalance_reversion,GBP_USD,overlap,Q3,Q1,BUY,0,0,0.0,0.0,1.0,1.0,False,0/3,0.0,0.0,0.0
wick_imbalance_reversion,GBP_USD,overlap,Q3,Q1,SELL,0,0,0.0,0.0,1.0,1.0,False,0/3,0.0,0.0,0.0
wick_imbalance_reversion,GBP_USD,overlap,Q3,Q2,BUY,0,0,0.0,0.0,1.0,1.0,False,0/3,0.0,0.0,0.0
wick_imbalance_reversion,GBP_USD,overlap,Q3,Q2,SELL,0,0,0.0,0.0,1.0,1.0,False,0/3,0.0,0.0,0.0
wick_imbalance_reversion,GBP_USD,overlap,Q3,Q3,BUY,0,0,0.0,0.0,1.0,1.0,False,0/3,0.0,0.0,0.0
wick_imbalance_reversion,GBP_USD,overlap,Q3,Q3,SELL,0,0,0.0,0.0,1.0,1.0,False,0/3,0.0,0.0,0.0
wick_imbalance_reversion,GBP_USD,overlap,Q3,Q4,BUY,0,0,0.0,0.0,1.0,1.0,False,0/3,0.0,0.0,0.0
wick_imbalance_reversion,GBP_USD,overlap,Q3,Q4,SELL,0,0,0.0,0.0,1.0,1.0,False,0/3,0.0,0.0,0.0
wick_imbalance_reversion,GBP_USD,overlap,Q4,Q1,BUY,0,0,0.0,0.0,1.0,1.0,False,0/3,0.0,0.0,0.0
wick_imbalance_reversion,GBP_USD,overlap,Q4,Q1,SELL,0,0,0.0,0.0,1.0,1.0,False,0/3,0.0,0.0,0.0
wick_imbalance_reversion,GBP_USD,overlap,Q4,Q2,BUY,0,0,0.0,0.0,1.0,1.0,False,0/3,0.0,0.0,0.0
wick_imbalance_reversion,GBP_USD,overlap,Q4,Q2,SELL,0,0,0.0,0.0,1.0,1.0,False,0/3,0.0,0.0,0.0
wick_imbalance_reversion,GBP_USD,overlap,Q4,Q3,BUY,0,0,0.0,0.0,1.0,1.0,False,0/3,0.0,0.0,0.0
wick_imbalance_reversion,GBP_USD,overlap,Q4,Q3,SELL,0,0,0.0,0.0,1.0,1.0,False,0/3,0.0,0.0,0.0
wick_imbalance_reversion,GBP_USD,overlap,Q4,Q4,BUY,0,0,0.0,0.0,1.0,1.0,False,0/3,0.0,0.0,0.0
wick_imbalance_reversion,GBP_USD,overlap,Q4,Q4,SELL,0,0,0.0,0.0,1.0,1.0,False,0/3,0.0,0.0,0.0
wick_imbalance_reversion,EUR_JPY,tokyo,Q1,Q1,BUY,0,0,0.0,0.0,1.0,1.0,False,0/3,0.0,0.0,0.0
wick_imbalance_reversion,EUR_JPY,tokyo,Q1,Q1,SELL,0,0,0.0,0.0,1.0,1.0,False,0/3,0.0,0.0,0.0
wick_imbalance_reversion,EUR_JPY,tokyo,Q1,Q2,BUY,0,0,0.0,0.0,1.0,1.0,False,0/3,0.0,0.0,0.0
wick_imbalance_reversion,EUR_JPY,tokyo,Q1,Q2,SELL,0,0,0.0,0.0,1.0,1.0,False,0/3,0.0,0.0,0.0
wick_imbalance_reversion,EUR_JPY,tokyo,Q1,Q3,BUY,0,0,0.0,0.0,1.0,1.0,False,0/3,0.0,0.0,0.0
wick_imbalance_reversion,EUR_JPY,tokyo,Q1,Q3,SELL,0,0,0.0,0.0,1.0,1.0,False,0/3,0.0,0.0,0.0
wick_imbalance_reversion,EUR_JPY,tokyo,Q1,Q4,BUY,0,0,0.0,0.0,1.0,1.0,False,0/3,0.0,0.0,0.0
wick_imbalance_reversion,EUR_JPY,tokyo,Q1,Q4,SELL,0,0,0.0,0.0,1.0,1.0,False,0/3,0.0,0.0,0.0
wick_imbalance_reversion,EUR_JPY,tokyo,Q2,Q1,BUY,1,1,1.0,0.20654329147389294,0.2672531769305963,1.0,False,1/3,0.0,inf,10.2
wick_imbalance_reversion,EUR_JPY,tokyo,Q2,Q1,SELL,0,0,0.0,0.0,1.0,1.0,False,0/3,0.0,0.0,0.0
wick_imbalance_reversion,EUR_JPY,tokyo,Q2,Q2,BUY,0,0,0.0,0.0,1.0,1.0,False,0/3,0.0,0.0,0.0
wick_imbalance_reversion,EUR_JPY,tokyo,Q2,Q2,SELL,0,0,0.0,0.0,1.0,1.0,False,0/3,0.0,0.0,0.0
wick_imbalance_reversion,EUR_JPY,tokyo,Q2,Q3,BUY,0,0,0.0,0.0,1.0,1.0,False,0/3,0.0,0.0,0.0
wick_imbalance_reversion,EUR_JPY,tokyo,Q2,Q3,SELL,0,0,0.0,0.0,1.0,1.0,False,0/3,0.0,0.0,0.0
wick_imbalance_reversion,EUR_JPY,tokyo,Q2,Q4,BUY,0,0,0.0,0.0,1.0,1.0,False,0/3,0.0,0.0,0.0
wick_imbalance_reversion,EUR_JPY,tokyo,Q2,Q4,SELL,0,0,0.0,0.0,1.0,1.0,False,0/3,0.0,0.0,0.0
wick_imbalance_reversion,EUR_JPY,tokyo,Q3,Q1,BUY,0,0,0.0,0.0,1.0,1.0,False,0/3,0.0,0.0,0.0
wick_imbalance_reversion,EUR_JPY,tokyo,Q3,Q1,SELL,0,0,0.0,0.0,1.0,1.0,False,0/3,0.0,0.0,0.0
wick_imbalance_reversion,EUR_JPY,tokyo,Q3,Q2,BUY,3,0,0.0,0.0,1.0,1.0,False,0/3,0.0,0.0,-14.4
wick_imbalance_reversion,EUR_JPY,tokyo,Q3,Q2,SELL,0,0,0.0,0.0,1.0,1.0,False,0/3,0.0,0.0,0.0
wick_imbalance_reversion,EUR_JPY,tokyo,Q3,Q3,BUY,0,0,0.0,0.0,1.0,1.0,False,0/3,0.0,0.0,0.0
wick_imbalance_reversion,EUR_JPY,tokyo,Q3,Q3,SELL,0,0,0.0,0.0,1.0,1.0,False,0/3,0.0,0.0,0.0
wick_imbalance_reversion,EUR_JPY,tokyo,Q3,Q4,BUY,0,0,0.0,0.0,1.0,1.0,False,0/3,0.0,0.0,0.0
wick_imbalance_reversion,EUR_JPY,tokyo,Q3,Q4,SELL,0,0,0.0,0.0,1.0,1.0,False,0/3,0.0,0.0,0.0
wick_imbalance_reversion,EUR_JPY,tokyo,Q4,Q1,BUY,0,0,0.0,0.0,1.0,1.0,False,0/3,0.0,0.0,0.0
wick_imbalance_reversion,EUR_JPY,tokyo,Q4,Q1,SELL,0,0,0.0,0.0,1.0,1.0,False,0/3,0.0,0.0,0.0
wick_imbalance_reversion,EUR_JPY,tokyo,Q4,Q2,BUY,0,0,0.0,0.0,1.0,1.0,False,0/3,0.0,0.0,0.0
wick_imbalance_reversion,EUR_JPY,tokyo,Q4,Q2,SELL,0,0,0.0,0.0,1.0,1.0,False,0/3,0.0,0.0,0.0
wick_imbalance_reversion,EUR_JPY,tokyo,Q4,Q3,BUY,0,0,0.0,0.0,1.0,1.0,False,0/3,0.0,0.0,0.0
wick_imbalance_reversion,EUR_JPY,tokyo,Q4,Q3,SELL,0,0,0.0,0.0,1.0,1.0,False,0/3,0.0,0.0,0.0
wick_imbalance_reversion,EUR_JPY,tokyo,Q4,Q4,BUY,0,0,0.0,0.0,1.0,1.0,False,0/3,0.0,0.0,0.0
wick_imbalance_reversion,EUR_JPY,tokyo,Q4,Q4,SELL,0,0,0.0,0.0,1.0,1.0,False,0/3,0.0,0.0,0.0
wick_imbalance_reversion,EUR_JPY,london,Q1,Q1,BUY,0,0,0.0,0.0,1.0,1.0,False,0/3,0.0,0.0,0.0
wick_imbalance_reversion,EUR_JPY,london,Q1,Q1,SELL,0,0,0.0,0.0,1.0,1.0,False,0/3,0.0,0.0,0.0
wick_imbalance_reversion,EUR_JPY,london,Q1,Q2,BUY,0,0,0.0,0.0,1.0,1.0,False,0/3,0.0,0.0,0.0
wick_imbalance_reversion,EUR_JPY,london,Q1,Q2,SELL,0,0,0.0,0.0,1.0,1.0,False,0/3,0.0,0.0,0.0
wick_imbalance_reversion,EUR_JPY,london,Q1,Q3,BUY,0,0,0.0,0.0,1.0,1.0,False,0/3,0.0,0.0,0.0
wick_imbalance_reversion,EUR_JPY,london,Q1,Q3,SELL,0,0,0.0,0.0,1.0,1.0,False,0/3,0.0,0.0,0.0
wick_imbalance_reversion,EUR_JPY,london,Q1,Q4,BUY,0,0,0.0,0.0,1.0,1.0,False,0/3,0.0,0.0,0.0
wick_imbalance_reversion,EUR_JPY,london,Q1,Q4,SELL,0,0,0.0,0.0,1.0,1.0,False,0/3,0.0,0.0,0.0
wick_imbalance_reversion,EUR_JPY,london,Q2,Q1,BUY,0,0,0.0,0.0,1.0,1.0,False,0/3,0.0,0.0,0.0
wick_imbalance_reversion,EUR_JPY,london,Q2,Q1,SELL,0,0,0.0,0.0,1.0,1.0,False,0/3,0.0,0.0,0.0
wick_imbalance_reversion,EUR_JPY,london,Q2,Q2,BUY,0,0,0.0,0.0,1.0,1.0,False,0/3,0.0,0.0,0.0
wick_imbalance_reversion,EUR_JPY,london,Q2,Q2,SELL,0,0,0.0,0.0,1.0,1.0,False,0/3,0.0,0.0,0.0
wick_imbalance_reversion,EUR_JPY,london,Q2,Q3,BUY,0,0,0.0,0.0,1.0,1.0,False,0/3,0.0,0.0,0.0
wick_imbalance_reversion,EUR_JPY,london,Q2,Q3,SELL,0,0,0.0,0.0,1.0,1.0,False,0/3,0.0,0.0,0.0
wick_imbalance_reversion,EUR_JPY,london,Q2,Q4,BUY,0,0,0.0,0.0,1.0,1.0,False,0/3,0.0,0.0,0.0
wick_imbalance_reversion,EUR_JPY,london,Q2,Q4,SELL,0,0,0.0,0.0,1.0,1.0,False,0/3,0.0,0.0,0.0
wick_imbalance_reversion,EUR_JPY,london,Q3,Q1,BUY,0,0,0.0,0.0,1.0,1.0,False,0/3,0.0,0.0,0.0
wick_imbalance_reversion,EUR_JPY,london,Q3,Q1,SELL,0,0,0.0,0.0,1.0,1.0,False,0/3,0.0,0.0,0.0
wick_imbalance_reversion,EUR_JPY,london,Q3,Q2,BUY,1,1,1.0,0.20654329147389294,0.2672531769305963,1.0,False,1/3,0.0,inf,9.7
wick_imbalance_reversion,EUR_JPY,london,Q3,Q2,SELL,0,0,0.0,0.0,1.0,1.0,False,0/3,0.0,0.0,0.0
wick_imbalance_reversion,EUR_JPY,london,Q3,Q3,BUY,0,0,0.0,0.0,1.0,1.0,False,0/3,0.0,0.0,0.0
wick_imbalance_reversion,EUR_JPY,london,Q3,Q3,SELL,0,0,0.0,0.0,1.0,1.0,False,0/3,0.0,0.0,0.0
wick_imbalance_reversion,EUR_JPY,london,Q3,Q4,BUY,0,0,0.0,0.0,1.0,1.0,False,0/3,0.0,0.0,0.0
wick_imbalance_reversion,EUR_JPY,london,Q3,Q4,SELL,0,0,0.0,0.0,1.0,1.0,False,0/3,0.0,0.0,0.0
wick_imbalance_reversion,EUR_JPY,london,Q4,Q1,BUY,0,0,0.0,0.0,1.0,1.0,False,0/3,0.0,0.0,0.0
wick_imbalance_reversion,EUR_JPY,london,Q4,Q1,SELL,0,0,0.0,0.0,1.0,1.0,False,0/3,0.0,0.0,0.0
wick_imbalance_reversion,EUR_JPY,london,Q4,Q2,BUY,0,0,0.0,0.0,1.0,1.0,False,0/3,0.0,0.0,0.0
wick_imbalance_reversion,EUR_JPY,london,Q4,Q2,SELL,0,0,0.0,0.0,1.0,1.0,False,0/3,0.0,0.0,0.0
wick_imbalance_reversion,EUR_JPY,london,Q4,Q3,BUY,1,0,0.0,0.0,1.0,1.0,False,0/3,0.0,0.0,-20.400000000000002
wick_imbalance_reversion,EUR_JPY,london,Q4,Q3,SELL,0,0,0.0,0.0,1.0,1.0,False,0/3,0.0,0.0,0.0
wick_imbalance_reversion,EUR_JPY,london,Q4,Q4,BUY,3,0,0.0,0.0,1.0,1.0,False,0/3,0.0,0.0,-26.866666666666664
wick_imbalance_reversion,EUR_JPY,london,Q4,Q4,SELL,0,0,0.0,0.0,1.0,1.0,False,0/3,0.0,0.0,0.0
wick_imbalance_reversion,EUR_JPY,ny,Q1,Q1,BUY,0,0,0.0,0.0,1.0,1.0,False,0/3,0.0,0.0,0.0
wick_imbalance_reversion,EUR_JPY,ny,Q1,Q1,SELL,0,0,0.0,0.0,1.0,1.0,False,0/3,0.0,0.0,0.0
wick_imbalance_reversion,EUR_JPY,ny,Q1,Q2,BUY,0,0,0.0,0.0,1.0,1.0,False,0/3,0.0,0.0,0.0
wick_imbalance_reversion,EUR_JPY,ny,Q1,Q2,SELL,0,0,0.0,0.0,1.0,1.0,False,0/3,0.0,0.0,0.0
wick_imbalance_reversion,EUR_JPY,ny,Q1,Q3,BUY,0,0,0.0,0.0,1.0,1.0,False,0/3,0.0,0.0,0.0
wick_imbalance_reversion,EUR_JPY,ny,Q1,Q3,SELL,0,0,0.0,0.0,1.0,1.0,False,0/3,0.0,0.0,0.0
wick_imbalance_reversion,EUR_JPY,ny,Q1,Q4,BUY,0,0,0.0,0.0,1.0,1.0,False,0/3,0.0,0.0,0.0
wick_imbalance_reversion,EUR_JPY,ny,Q1,Q4,SELL,0,0,0.0,0.0,1.0,1.0,False,0/3,0.0,0.0,0.0
wick_imbalance_reversion,EUR_JPY,ny,Q2,Q1,BUY,0,0,0.0,0.0,1.0,1.0,False,0/3,0.0,0.0,0.0
wick_imbalance_reversion,EUR_JPY,ny,Q2,Q1,SELL,0,0,0.0,0.0,1.0,1.0,False,0/3,0.0,0.0,0.0
wick_imbalance_reversion,EUR_JPY,ny,Q2,Q2,BUY,0,0,0.0,0.0,1.0,1.0,False,0/3,0.0,0.0,0.0
wick_imbalance_reversion,EUR_JPY,ny,Q2,Q2,SELL,0,0,0.0,0.0,1.0,1.0,False,0/3,0.0,0.0,0.0
wick_imbalance_reversion,EUR_JPY,ny,Q2,Q3,BUY,0,0,0.0,0.0,1.0,1.0,False,0/3,0.0,0.0,0.0
wick_imbalance_reversion,EUR_JPY,ny,Q2,Q3,SELL,0,0,0.0,0.0,1.0,1.0,False,0/3,0.0,0.0,0.0
wick_imbalance_reversion,EUR_JPY,ny,Q2,Q4,BUY,0,0,0.0,0.0,1.0,1.0,False,0/3,0.0,0.0,0.0
wick_imbalance_reversion,EUR_JPY,ny,Q2,Q4,SELL,0,0,0.0,0.0,1.0,1.0,False,0/3,0.0,0.0,0.0
wick_imbalance_reversion,EUR_JPY,ny,Q3,Q1,BUY,0,0,0.0,0.0,1.0,1.0,False,0/3,0.0,0.0,0.0
wick_imbalance_reversion,EUR_JPY,ny,Q3,Q1,SELL,0,0,0.0,0.0,1.0,1.0,False,0/3,0.0,0.0,0.0
wick_imbalance_reversion,EUR_JPY,ny,Q3,Q2,BUY,0,0,0.0,0.0,1.0,1.0,False,0/3,0.0,0.0,0.0
wick_imbalance_reversion,EUR_JPY,ny,Q3,Q2,SELL,0,0,0.0,0.0,1.0,1.0,False,0/3,0.0,0.0,0.0
wick_imbalance_reversion,EUR_JPY,ny,Q3,Q3,BUY,0,0,0.0,0.0,1.0,1.0,False,0/3,0.0,0.0,0.0
wick_imbalance_reversion,EUR_JPY,ny,Q3,Q3,SELL,0,0,0.0,0.0,1.0,1.0,False,0/3,0.0,0.0,0.0
wick_imbalance_reversion,EUR_JPY,ny,Q3,Q4,BUY,0,0,0.0,0.0,1.0,1.0,False,0/3,0.0,0.0,0.0
wick_imbalance_reversion,EUR_JPY,ny,Q3,Q4,SELL,0,0,0.0,0.0,1.0,1.0,False,0/3,0.0,0.0,0.0
wick_imbalance_reversion,EUR_JPY,ny,Q4,Q1,BUY,0,0,0.0,0.0,1.0,1.0,False,0/3,0.0,0.0,0.0
wick_imbalance_reversion,EUR_JPY,ny,Q4,Q1,SELL,0,0,0.0,0.0,1.0,1.0,False,0/3,0.0,0.0,0.0
wick_imbalance_reversion,EUR_JPY,ny,Q4,Q2,BUY,0,0,0.0,0.0,1.0,1.0,False,0/3,0.0,0.0,0.0
wick_imbalance_reversion,EUR_JPY,ny,Q4,Q2,SELL,0,0,0.0,0.0,1.0,1.0,False,0/3,0.0,0.0,0.0
wick_imbalance_reversion,EUR_JPY,ny,Q4,Q3,BUY,0,0,0.0,0.0,1.0,1.0,False,0/3,0.0,0.0,0.0
wick_imbalance_reversion,EUR_JPY,ny,Q4,Q3,SELL,0,0,0.0,0.0,1.0,1.0,False,0/3,0.0,0.0,0.0
wick_imbalance_reversion,EUR_JPY,ny,Q4,Q4,BUY,0,0,0.0,0.0,1.0,1.0,False,0/3,0.0,0.0,0.0
wick_imbalance_reversion,EUR_JPY,ny,Q4,Q4,SELL,0,0,0.0,0.0,1.0,1.0,False,0/3,0.0,0.0,0.0
wick_imbalance_reversion,EUR_JPY,overlap,Q1,Q1,BUY,0,0,0.0,0.0,1.0,1.0,False,0/3,0.0,0.0,0.0
wick_imbalance_reversion,EUR_JPY,overlap,Q1,Q1,SELL,0,0,0.0,0.0,1.0,1.0,False,0/3,0.0,0.0,0.0
wick_imbalance_reversion,EUR_JPY,overlap,Q1,Q2,BUY,0,0,0.0,0.0,1.0,1.0,False,0/3,0.0,0.0,0.0
wick_imbalance_reversion,EUR_JPY,overlap,Q1,Q2,SELL,0,0,0.0,0.0,1.0,1.0,False,0/3,0.0,0.0,0.0
wick_imbalance_reversion,EUR_JPY,overlap,Q1,Q3,BUY,0,0,0.0,0.0,1.0,1.0,False,0/3,0.0,0.0,0.0
wick_imbalance_reversion,EUR_JPY,overlap,Q1,Q3,SELL,0,0,0.0,0.0,1.0,1.0,False,0/3,0.0,0.0,0.0
wick_imbalance_reversion,EUR_JPY,overlap,Q1,Q4,BUY,0,0,0.0,0.0,1.0,1.0,False,0/3,0.0,0.0,0.0
wick_imbalance_reversion,EUR_JPY,overlap,Q1,Q4,SELL,0,0,0.0,0.0,1.0,1.0,False,0/3,0.0,0.0,0.0
wick_imbalance_reversion,EUR_JPY,overlap,Q2,Q1,BUY,0,0,0.0,0.0,1.0,1.0,False,0/3,0.0,0.0,0.0
wick_imbalance_reversion,EUR_JPY,overlap,Q2,Q1,SELL,0,0,0.0,0.0,1.0,1.0,False,0/3,0.0,0.0,0.0
wick_imbalance_reversion,EUR_JPY,overlap,Q2,Q2,BUY,0,0,0.0,0.0,1.0,1.0,False,0/3,0.0,0.0,0.0
wick_imbalance_reversion,EUR_JPY,overlap,Q2,Q2,SELL,0,0,0.0,0.0,1.0,1.0,False,0/3,0.0,0.0,0.0
wick_imbalance_reversion,EUR_JPY,overlap,Q2,Q3,BUY,0,0,0.0,0.0,1.0,1.0,False,0/3,0.0,0.0,0.0
wick_imbalance_reversion,EUR_JPY,overlap,Q2,Q3,SELL,0,0,0.0,0.0,1.0,1.0,False,0/3,0.0,0.0,0.0
wick_imbalance_reversion,EUR_JPY,overlap,Q2,Q4,BUY,0,0,0.0,0.0,1.0,1.0,False,0/3,0.0,0.0,0.0
wick_imbalance_reversion,EUR_JPY,overlap,Q2,Q4,SELL,0,0,0.0,0.0,1.0,1.0,False,0/3,0.0,0.0,0.0
wick_imbalance_reversion,EUR_JPY,overlap,Q3,Q1,BUY,0,0,0.0,0.0,1.0,1.0,False,0/3,0.0,0.0,0.0
wick_imbalance_reversion,EUR_JPY,overlap,Q3,Q1,SELL,0,0,0.0,0.0,1.0,1.0,False,0/3,0.0,0.0,0.0
wick_imbalance_reversion,EUR_JPY,overlap,Q3,Q2,BUY,1,0,0.0,0.0,1.0,1.0,False,0/3,0.0,0.0,-7.6
wick_imbalance_reversion,EUR_JPY,overlap,Q3,Q2,SELL,0,0,0.0,0.0,1.0,1.0,False,0/3,0.0,0.0,0.0
wick_imbalance_reversion,EUR_JPY,overlap,Q3,Q3,BUY,0,0,0.0,0.0,1.0,1.0,False,0/3,0.0,0.0,0.0
wick_imbalance_reversion,EUR_JPY,overlap,Q3,Q3,SELL,0,0,0.0,0.0,1.0,1.0,False,0/3,0.0,0.0,0.0
wick_imbalance_reversion,EUR_JPY,overlap,Q3,Q4,BUY,0,0,0.0,0.0,1.0,1.0,False,0/3,0.0,0.0,0.0
wick_imbalance_reversion,EUR_JPY,overlap,Q3,Q4,SELL,0,0,0.0,0.0,1.0,1.0,False,0/3,0.0,0.0,0.0
wick_imbalance_reversion,EUR_JPY,overlap,Q4,Q1,BUY,0,0,0.0,0.0,1.0,1.0,False,0/3,0.0,0.0,0.0
wick_imbalance_reversion,EUR_JPY,overlap,Q4,Q1,SELL,0,0,0.0,0.0,1.0,1.0,False,0/3,0.0,0.0,0.0
wick_imbalance_reversion,EUR_JPY,overlap,Q4,Q2,BUY,0,0,0.0,0.0,1.0,1.0,False,0/3,0.0,0.0,0.0
wick_imbalance_reversion,EUR_JPY,overlap,Q4,Q2,SELL,0,0,0.0,0.0,1.0,1.0,False,0/3,0.0,0.0,0.0
wick_imbalance_reversion,EUR_JPY,overlap,Q4,Q3,BUY,0,0,0.0,0.0,1.0,1.0,False,0/3,0.0,0.0,0.0
wick_imbalance_reversion,EUR_JPY,overlap,Q4,Q3,SELL,0,0,0.0,0.0,1.0,1.0,False,0/3,0.0,0.0,0.0
wick_imbalance_reversion,EUR_JPY,overlap,Q4,Q4,BUY,0,0,0.0,0.0,1.0,1.0,False,0/3,0.0,0.0,0.0
wick_imbalance_reversion,EUR_JPY,overlap,Q4,Q4,SELL,0,0,0.0,0.0,1.0,1.0,False,0/3,0.0,0.0,0.0
wick_imbalance_reversion,GBP_JPY,tokyo,Q1,Q1,BUY,3,1,0.3333333333333333,0.061490315276160515,0.6066592931592014,1.0,False,1/3,0.0,0.8966666666666666,-1.0333333333333332
wick_imbalance_reversion,GBP_JPY,tokyo,Q1,Q1,SELL,0,0,0.0,0.0,1.0,1.0,False,0/3,0.0,0.0,0.0
wick_imbalance_reversion,GBP_JPY,tokyo,Q1,Q2,BUY,0,0,0.0,0.0,1.0,1.0,False,0/3,0.0,0.0,0.0
wick_imbalance_reversion,GBP_JPY,tokyo,Q1,Q2,SELL,0,0,0.0,0.0,1.0,1.0,False,0/3,0.0,0.0,0.0
wick_imbalance_reversion,GBP_JPY,tokyo,Q1,Q3,BUY,0,0,0.0,0.0,1.0,1.0,False,0/3,0.0,0.0,0.0
wick_imbalance_reversion,GBP_JPY,tokyo,Q1,Q3,SELL,0,0,0.0,0.0,1.0,1.0,False,0/3,0.0,0.0,0.0
wick_imbalance_reversion,GBP_JPY,tokyo,Q1,Q4,BUY,0,0,0.0,0.0,1.0,1.0,False,0/3,0.0,0.0,0.0
wick_imbalance_reversion,GBP_JPY,tokyo,Q1,Q4,SELL,0,0,0.0,0.0,1.0,1.0,False,0/3,0.0,0.0,0.0
wick_imbalance_reversion,GBP_JPY,tokyo,Q2,Q1,BUY,0,0,0.0,0.0,1.0,1.0,False,0/3,0.0,0.0,0.0
wick_imbalance_reversion,GBP_JPY,tokyo,Q2,Q1,SELL,0,0,0.0,0.0,1.0,1.0,False,0/3,0.0,0.0,0.0
wick_imbalance_reversion,GBP_JPY,tokyo,Q2,Q2,BUY,0,0,0.0,0.0,1.0,1.0,False,0/3,0.0,0.0,0.0
wick_imbalance_reversion,GBP_JPY,tokyo,Q2,Q2,SELL,0,0,0.0,0.0,1.0,1.0,False,0/3,0.0,0.0,0.0
wick_imbalance_reversion,GBP_JPY,tokyo,Q2,Q3,BUY,0,0,0.0,0.0,1.0,1.0,False,0/3,0.0,0.0,0.0
wick_imbalance_reversion,GBP_JPY,tokyo,Q2,Q3,SELL,0,0,0.0,0.0,1.0,1.0,False,0/3,0.0,0.0,0.0
wick_imbalance_reversion,GBP_JPY,tokyo,Q2,Q4,BUY,0,0,0.0,0.0,1.0,1.0,False,0/3,0.0,0.0,0.0
wick_imbalance_reversion,GBP_JPY,tokyo,Q2,Q4,SELL,0,0,0.0,0.0,1.0,1.0,False,0/3,0.0,0.0,0.0
wick_imbalance_reversion,GBP_JPY,tokyo,Q3,Q1,BUY,0,0,0.0,0.0,1.0,1.0,False,0/3,0.0,0.0,0.0
wick_imbalance_reversion,GBP_JPY,tokyo,Q3,Q1,SELL,0,0,0.0,0.0,1.0,1.0,False,0/3,0.0,0.0,0.0
wick_imbalance_reversion,GBP_JPY,tokyo,Q3,Q2,BUY,0,0,0.0,0.0,1.0,1.0,False,0/3,0.0,0.0,0.0
wick_imbalance_reversion,GBP_JPY,tokyo,Q3,Q2,SELL,0,0,0.0,0.0,1.0,1.0,False,0/3,0.0,0.0,0.0
wick_imbalance_reversion,GBP_JPY,tokyo,Q3,Q3,BUY,0,0,0.0,0.0,1.0,1.0,False,0/3,0.0,0.0,0.0
wick_imbalance_reversion,GBP_JPY,tokyo,Q3,Q3,SELL,0,0,0.0,0.0,1.0,1.0,False,0/3,0.0,0.0,0.0
wick_imbalance_reversion,GBP_JPY,tokyo,Q3,Q4,BUY,0,0,0.0,0.0,1.0,1.0,False,0/3,0.0,0.0,0.0
wick_imbalance_reversion,GBP_JPY,tokyo,Q3,Q4,SELL,0,0,0.0,0.0,1.0,1.0,False,0/3,0.0,0.0,0.0
wick_imbalance_reversion,GBP_JPY,tokyo,Q4,Q1,BUY,0,0,0.0,0.0,1.0,1.0,False,0/3,0.0,0.0,0.0
wick_imbalance_reversion,GBP_JPY,tokyo,Q4,Q1,SELL,0,0,0.0,0.0,1.0,1.0,False,0/3,0.0,0.0,0.0
wick_imbalance_reversion,GBP_JPY,tokyo,Q4,Q2,BUY,0,0,0.0,0.0,1.0,1.0,False,0/3,0.0,0.0,0.0
wick_imbalance_reversion,GBP_JPY,tokyo,Q4,Q2,SELL,0,0,0.0,0.0,1.0,1.0,False,0/3,0.0,0.0,0.0
wick_imbalance_reversion,GBP_JPY,tokyo,Q4,Q3,BUY,0,0,0.0,0.0,1.0,1.0,False,0/3,0.0,0.0,0.0
wick_imbalance_reversion,GBP_JPY,tokyo,Q4,Q3,SELL,0,0,0.0,0.0,1.0,1.0,False,0/3,0.0,0.0,0.0
wick_imbalance_reversion,GBP_JPY,tokyo,Q4,Q4,BUY,2,0,0.0,0.0,1.0,1.0,False,0/3,0.0,0.0,-16.3
wick_imbalance_reversion,GBP_JPY,tokyo,Q4,Q4,SELL,0,0,0.0,0.0,1.0,1.0,False,0/3,0.0,0.0,0.0
wick_imbalance_reversion,GBP_JPY,london,Q1,Q1,BUY,3,0,0.0,0.0,1.0,1.0,False,0/3,0.0,0.0,-24.566666666666666
wick_imbalance_reversion,GBP_JPY,london,Q1,Q1,SELL,0,0,0.0,0.0,1.0,1.0,False,0/3,0.0,0.0,0.0
wick_imbalance_reversion,GBP_JPY,london,Q1,Q2,BUY,0,0,0.0,0.0,1.0,1.0,False,0/3,0.0,0.0,0.0
wick_imbalance_reversion,GBP_JPY,london,Q1,Q2,SELL,0,0,0.0,0.0,1.0,1.0,False,0/3,0.0,0.0,0.0
wick_imbalance_reversion,GBP_JPY,london,Q1,Q3,BUY,0,0,0.0,0.0,1.0,1.0,False,0/3,0.0,0.0,0.0
wick_imbalance_reversion,GBP_JPY,london,Q1,Q3,SELL,0,0,0.0,0.0,1.0,1.0,False,0/3,0.0,0.0,0.0
wick_imbalance_reversion,GBP_JPY,london,Q1,Q4,BUY,0,0,0.0,0.0,1.0,1.0,False,0/3,0.0,0.0,0.0
wick_imbalance_reversion,GBP_JPY,london,Q1,Q4,SELL,0,0,0.0,0.0,1.0,1.0,False,0/3,0.0,0.0,0.0
wick_imbalance_reversion,GBP_JPY,london,Q2,Q1,BUY,0,0,0.0,0.0,1.0,1.0,False,0/3,0.0,0.0,0.0
wick_imbalance_reversion,GBP_JPY,london,Q2,Q1,SELL,0,0,0.0,0.0,1.0,1.0,False,0/3,0.0,0.0,0.0
wick_imbalance_reversion,GBP_JPY,london,Q2,Q2,BUY,0,0,0.0,0.0,1.0,1.0,False,0/3,0.0,0.0,0.0
wick_imbalance_reversion,GBP_JPY,london,Q2,Q2,SELL,0,0,0.0,0.0,1.0,1.0,False,0/3,0.0,0.0,0.0
wick_imbalance_reversion,GBP_JPY,london,Q2,Q3,BUY,0,0,0.0,0.0,1.0,1.0,False,0/3,0.0,0.0,0.0
wick_imbalance_reversion,GBP_JPY,london,Q2,Q3,SELL,0,0,0.0,0.0,1.0,1.0,False,0/3,0.0,0.0,0.0
wick_imbalance_reversion,GBP_JPY,london,Q2,Q4,BUY,0,0,0.0,0.0,1.0,1.0,False,0/3,0.0,0.0,0.0
wick_imbalance_reversion,GBP_JPY,london,Q2,Q4,SELL,0,0,0.0,0.0,1.0,1.0,False,0/3,0.0,0.0,0.0
wick_imbalance_reversion,GBP_JPY,london,Q3,Q1,BUY,0,0,0.0,0.0,1.0,1.0,False,0/3,0.0,0.0,0.0
wick_imbalance_reversion,GBP_JPY,london,Q3,Q1,SELL,0,0,0.0,0.0,1.0,1.0,False,0/3,0.0,0.0,0.0
wick_imbalance_reversion,GBP_JPY,london,Q3,Q2,BUY,0,0,0.0,0.0,1.0,1.0,False,0/3,0.0,0.0,0.0
wick_imbalance_reversion,GBP_JPY,london,Q3,Q2,SELL,0,0,0.0,0.0,1.0,1.0,False,0/3,0.0,0.0,0.0
wick_imbalance_reversion,GBP_JPY,london,Q3,Q3,BUY,0,0,0.0,0.0,1.0,1.0,False,0/3,0.0,0.0,0.0
wick_imbalance_reversion,GBP_JPY,london,Q3,Q3,SELL,0,0,0.0,0.0,1.0,1.0,False,0/3,0.0,0.0,0.0
wick_imbalance_reversion,GBP_JPY,london,Q3,Q4,BUY,0,0,0.0,0.0,1.0,1.0,False,0/3,0.0,0.0,0.0
wick_imbalance_reversion,GBP_JPY,london,Q3,Q4,SELL,0,0,0.0,0.0,1.0,1.0,False,0/3,0.0,0.0,0.0
wick_imbalance_reversion,GBP_JPY,london,Q4,Q1,BUY,0,0,0.0,0.0,1.0,1.0,False,0/3,0.0,0.0,0.0
wick_imbalance_reversion,GBP_JPY,london,Q4,Q1,SELL,0,0,0.0,0.0,1.0,1.0,False,0/3,0.0,0.0,0.0
wick_imbalance_reversion,GBP_JPY,london,Q4,Q2,BUY,0,0,0.0,0.0,1.0,1.0,False,0/3,0.0,0.0,0.0
wick_imbalance_reversion,GBP_JPY,london,Q4,Q2,SELL,0,0,0.0,0.0,1.0,1.0,False,0/3,0.0,0.0,0.0
wick_imbalance_reversion,GBP_JPY,london,Q4,Q3,BUY,0,0,0.0,0.0,1.0,1.0,False,0/3,0.0,0.0,0.0
wick_imbalance_reversion,GBP_JPY,london,Q4,Q3,SELL,0,0,0.0,0.0,1.0,1.0,False,0/3,0.0,0.0,0.0
wick_imbalance_reversion,GBP_JPY,london,Q4,Q4,BUY,3,1,0.3333333333333333,0.061490315276160515,0.6066592931592014,1.0,False,1/3,0.08817533129459734,2.1233766233766236,5.766666666666668
wick_imbalance_reversion,GBP_JPY,london,Q4,Q4,SELL,0,0,0.0,0.0,1.0,1.0,False,0/3,0.0,0.0,0.0
wick_imbalance_reversion,GBP_JPY,ny,Q1,Q1,BUY,1,0,0.0,0.0,1.0,1.0,False,0/3,0.0,0.0,-17.5
wick_imbalance_reversion,GBP_JPY,ny,Q1,Q1,SELL,0,0,0.0,0.0,1.0,1.0,False,0/3,0.0,0.0,0.0
wick_imbalance_reversion,GBP_JPY,ny,Q1,Q2,BUY,0,0,0.0,0.0,1.0,1.0,False,0/3,0.0,0.0,0.0
wick_imbalance_reversion,GBP_JPY,ny,Q1,Q2,SELL,0,0,0.0,0.0,1.0,1.0,False,0/3,0.0,0.0,0.0
wick_imbalance_reversion,GBP_JPY,ny,Q1,Q3,BUY,0,0,0.0,0.0,1.0,1.0,False,0/3,0.0,0.0,0.0
wick_imbalance_reversion,GBP_JPY,ny,Q1,Q3,SELL,0,0,0.0,0.0,1.0,1.0,False,0/3,0.0,0.0,0.0
wick_imbalance_reversion,GBP_JPY,ny,Q1,Q4,BUY,1,0,0.0,0.0,1.0,1.0,False,0/3,0.0,0.0,-27.9
wick_imbalance_reversion,GBP_JPY,ny,Q1,Q4,SELL,0,0,0.0,0.0,1.0,1.0,False,0/3,0.0,0.0,0.0
wick_imbalance_reversion,GBP_JPY,ny,Q2,Q1,BUY,0,0,0.0,0.0,1.0,1.0,False,0/3,0.0,0.0,0.0
wick_imbalance_reversion,GBP_JPY,ny,Q2,Q1,SELL,0,0,0.0,0.0,1.0,1.0,False,0/3,0.0,0.0,0.0
wick_imbalance_reversion,GBP_JPY,ny,Q2,Q2,BUY,0,0,0.0,0.0,1.0,1.0,False,0/3,0.0,0.0,0.0
wick_imbalance_reversion,GBP_JPY,ny,Q2,Q2,SELL,0,0,0.0,0.0,1.0,1.0,False,0/3,0.0,0.0,0.0
wick_imbalance_reversion,GBP_JPY,ny,Q2,Q3,BUY,0,0,0.0,0.0,1.0,1.0,False,0/3,0.0,0.0,0.0
wick_imbalance_reversion,GBP_JPY,ny,Q2,Q3,SELL,0,0,0.0,0.0,1.0,1.0,False,0/3,0.0,0.0,0.0
wick_imbalance_reversion,GBP_JPY,ny,Q2,Q4,BUY,0,0,0.0,0.0,1.0,1.0,False,0/3,0.0,0.0,0.0
wick_imbalance_reversion,GBP_JPY,ny,Q2,Q4,SELL,0,0,0.0,0.0,1.0,1.0,False,0/3,0.0,0.0,0.0
wick_imbalance_reversion,GBP_JPY,ny,Q3,Q1,BUY,0,0,0.0,0.0,1.0,1.0,False,0/3,0.0,0.0,0.0
wick_imbalance_reversion,GBP_JPY,ny,Q3,Q1,SELL,0,0,0.0,0.0,1.0,1.0,False,0/3,0.0,0.0,0.0
wick_imbalance_reversion,GBP_JPY,ny,Q3,Q2,BUY,0,0,0.0,0.0,1.0,1.0,False,0/3,0.0,0.0,0.0
wick_imbalance_reversion,GBP_JPY,ny,Q3,Q2,SELL,0,0,0.0,0.0,1.0,1.0,False,0/3,0.0,0.0,0.0
wick_imbalance_reversion,GBP_JPY,ny,Q3,Q3,BUY,0,0,0.0,0.0,1.0,1.0,False,0/3,0.0,0.0,0.0
wick_imbalance_reversion,GBP_JPY,ny,Q3,Q3,SELL,0,0,0.0,0.0,1.0,1.0,False,0/3,0.0,0.0,0.0
wick_imbalance_reversion,GBP_JPY,ny,Q3,Q4,BUY,0,0,0.0,0.0,1.0,1.0,False,0/3,0.0,0.0,0.0
wick_imbalance_reversion,GBP_JPY,ny,Q3,Q4,SELL,0,0,0.0,0.0,1.0,1.0,False,0/3,0.0,0.0,0.0
wick_imbalance_reversion,GBP_JPY,ny,Q4,Q1,BUY,0,0,0.0,0.0,1.0,1.0,False,0/3,0.0,0.0,0.0
wick_imbalance_reversion,GBP_JPY,ny,Q4,Q1,SELL,0,0,0.0,0.0,1.0,1.0,False,0/3,0.0,0.0,0.0
wick_imbalance_reversion,GBP_JPY,ny,Q4,Q2,BUY,0,0,0.0,0.0,1.0,1.0,False,0/3,0.0,0.0,0.0
wick_imbalance_reversion,GBP_JPY,ny,Q4,Q2,SELL,0,0,0.0,0.0,1.0,1.0,False,0/3,0.0,0.0,0.0
wick_imbalance_reversion,GBP_JPY,ny,Q4,Q3,BUY,0,0,0.0,0.0,1.0,1.0,False,0/3,0.0,0.0,0.0
wick_imbalance_reversion,GBP_JPY,ny,Q4,Q3,SELL,0,0,0.0,0.0,1.0,1.0,False,0/3,0.0,0.0,0.0
wick_imbalance_reversion,GBP_JPY,ny,Q4,Q4,BUY,0,0,0.0,0.0,1.0,1.0,False,0/3,0.0,0.0,0.0
wick_imbalance_reversion,GBP_JPY,ny,Q4,Q4,SELL,0,0,0.0,0.0,1.0,1.0,False,0/3,0.0,0.0,0.0
wick_imbalance_reversion,GBP_JPY,overlap,Q1,Q1,BUY,0,0,0.0,0.0,1.0,1.0,False,0/3,0.0,0.0,0.0
wick_imbalance_reversion,GBP_JPY,overlap,Q1,Q1,SELL,0,0,0.0,0.0,1.0,1.0,False,0/3,0.0,0.0,0.0
wick_imbalance_reversion,GBP_JPY,overlap,Q1,Q2,BUY,0,0,0.0,0.0,1.0,1.0,False,0/3,0.0,0.0,0.0
wick_imbalance_reversion,GBP_JPY,overlap,Q1,Q2,SELL,0,0,0.0,0.0,1.0,1.0,False,0/3,0.0,0.0,0.0
wick_imbalance_reversion,GBP_JPY,overlap,Q1,Q3,BUY,0,0,0.0,0.0,1.0,1.0,False,0/3,0.0,0.0,0.0
wick_imbalance_reversion,GBP_JPY,overlap,Q1,Q3,SELL,0,0,0.0,0.0,1.0,1.0,False,0/3,0.0,0.0,0.0
wick_imbalance_reversion,GBP_JPY,overlap,Q1,Q4,BUY,0,0,0.0,0.0,1.0,1.0,False,0/3,0.0,0.0,0.0
wick_imbalance_reversion,GBP_JPY,overlap,Q1,Q4,SELL,0,0,0.0,0.0,1.0,1.0,False,0/3,0.0,0.0,0.0
wick_imbalance_reversion,GBP_JPY,overlap,Q2,Q1,BUY,0,0,0.0,0.0,1.0,1.0,False,0/3,0.0,0.0,0.0
wick_imbalance_reversion,GBP_JPY,overlap,Q2,Q1,SELL,0,0,0.0,0.0,1.0,1.0,False,0/3,0.0,0.0,0.0
wick_imbalance_reversion,GBP_JPY,overlap,Q2,Q2,BUY,0,0,0.0,0.0,1.0,1.0,False,0/3,0.0,0.0,0.0
wick_imbalance_reversion,GBP_JPY,overlap,Q2,Q2,SELL,0,0,0.0,0.0,1.0,1.0,False,0/3,0.0,0.0,0.0
wick_imbalance_reversion,GBP_JPY,overlap,Q2,Q3,BUY,0,0,0.0,0.0,1.0,1.0,False,0/3,0.0,0.0,0.0
wick_imbalance_reversion,GBP_JPY,overlap,Q2,Q3,SELL,0,0,0.0,0.0,1.0,1.0,False,0/3,0.0,0.0,0.0
wick_imbalance_reversion,GBP_JPY,overlap,Q2,Q4,BUY,0,0,0.0,0.0,1.0,1.0,False,0/3,0.0,0.0,0.0
wick_imbalance_reversion,GBP_JPY,overlap,Q2,Q4,SELL,0,0,0.0,0.0,1.0,1.0,False,0/3,0.0,0.0,0.0
wick_imbalance_reversion,GBP_JPY,overlap,Q3,Q1,BUY,0,0,0.0,0.0,1.0,1.0,False,0/3,0.0,0.0,0.0
wick_imbalance_reversion,GBP_JPY,overlap,Q3,Q1,SELL,0,0,0.0,0.0,1.0,1.0,False,0/3,0.0,0.0,0.0
wick_imbalance_reversion,GBP_JPY,overlap,Q3,Q2,BUY,1,0,0.0,0.0,1.0,1.0,False,0/3,0.0,0.0,-28.6
wick_imbalance_reversion,GBP_JPY,overlap,Q3,Q2,SELL,0,0,0.0,0.0,1.0,1.0,False,0/3,0.0,0.0,0.0
wick_imbalance_reversion,GBP_JPY,overlap,Q3,Q3,BUY,0,0,0.0,0.0,1.0,1.0,False,0/3,0.0,0.0,0.0
wick_imbalance_reversion,GBP_JPY,overlap,Q3,Q3,SELL,0,0,0.0,0.0,1.0,1.0,False,0/3,0.0,0.0,0.0
wick_imbalance_reversion,GBP_JPY,overlap,Q3,Q4,BUY,0,0,0.0,0.0,1.0,1.0,False,0/3,0.0,0.0,0.0
wick_imbalance_reversion,GBP_JPY,overlap,Q3,Q4,SELL,0,0,0.0,0.0,1.0,1.0,False,0/3,0.0,0.0,0.0
wick_imbalance_reversion,GBP_JPY,overlap,Q4,Q1,BUY,0,0,0.0,0.0,1.0,1.0,False,0/3,0.0,0.0,0.0
wick_imbalance_reversion,GBP_JPY,overlap,Q4,Q1,SELL,0,0,0.0,0.0,1.0,1.0,False,0/3,0.0,0.0,0.0
wick_imbalance_reversion,GBP_JPY,overlap,Q4,Q2,BUY,0,0,0.0,0.0,1.0,1.0,False,0/3,0.0,0.0,0.0
wick_imbalance_reversion,GBP_JPY,overlap,Q4,Q2,SELL,0,0,0.0,0.0,1.0,1.0,False,0/3,0.0,0.0,0.0
wick_imbalance_reversion,GBP_JPY,overlap,Q4,Q3,BUY,2,0,0.0,0.0,1.0,1.0,False,0/3,0.0,0.0,-10.5
wick_imbalance_reversion,GBP_JPY,overlap,Q4,Q3,SELL,0,0,0.0,0.0,1.0,1.0,False,0/3,0.0,0.0,0.0
wick_imbalance_reversion,GBP_JPY,overlap,Q4,Q4,BUY,1,0,0.0,0.0,1.0,1.0,False,0/3,0.0,0.0,-23.2
wick_imbalance_reversion,GBP_JPY,overlap,Q4,Q4,SELL,0,0,0.0,0.0,1.0,1.0,False,0/3,0.0,0.0,0.0
wick_imbalance_reversion,AUD_USD,tokyo,Q1,Q1,BUY,0,0,0.0,0.0,1.0,1.0,False,0/3,0.0,0.0,0.0
wick_imbalance_reversion,AUD_USD,tokyo,Q1,Q1,SELL,0,0,0.0,0.0,1.0,1.0,False,0/3,0.0,0.0,0.0
wick_imbalance_reversion,AUD_USD,tokyo,Q1,Q2,BUY,0,0,0.0,0.0,1.0,1.0,False,0/3,0.0,0.0,0.0
wick_imbalance_reversion,AUD_USD,tokyo,Q1,Q2,SELL,0,0,0.0,0.0,1.0,1.0,False,0/3,0.0,0.0,0.0
wick_imbalance_reversion,AUD_USD,tokyo,Q1,Q3,BUY,0,0,0.0,0.0,1.0,1.0,False,0/3,0.0,0.0,0.0
wick_imbalance_reversion,AUD_USD,tokyo,Q1,Q3,SELL,0,0,0.0,0.0,1.0,1.0,False,0/3,0.0,0.0,0.0
wick_imbalance_reversion,AUD_USD,tokyo,Q1,Q4,BUY,0,0,0.0,0.0,1.0,1.0,False,0/3,0.0,0.0,0.0
wick_imbalance_reversion,AUD_USD,tokyo,Q1,Q4,SELL,0,0,0.0,0.0,1.0,1.0,False,0/3,0.0,0.0,0.0
wick_imbalance_reversion,AUD_USD,tokyo,Q2,Q1,BUY,0,0,0.0,0.0,1.0,1.0,False,0/3,0.0,0.0,0.0
wick_imbalance_reversion,AUD_USD,tokyo,Q2,Q1,SELL,0,0,0.0,0.0,1.0,1.0,False,0/3,0.0,0.0,0.0
wick_imbalance_reversion,AUD_USD,tokyo,Q2,Q2,BUY,0,0,0.0,0.0,1.0,1.0,False,0/3,0.0,0.0,0.0
wick_imbalance_reversion,AUD_USD,tokyo,Q2,Q2,SELL,0,0,0.0,0.0,1.0,1.0,False,0/3,0.0,0.0,0.0
wick_imbalance_reversion,AUD_USD,tokyo,Q2,Q3,BUY,0,0,0.0,0.0,1.0,1.0,False,0/3,0.0,0.0,0.0
wick_imbalance_reversion,AUD_USD,tokyo,Q2,Q3,SELL,0,0,0.0,0.0,1.0,1.0,False,0/3,0.0,0.0,0.0
wick_imbalance_reversion,AUD_USD,tokyo,Q2,Q4,BUY,0,0,0.0,0.0,1.0,1.0,False,0/3,0.0,0.0,0.0
wick_imbalance_reversion,AUD_USD,tokyo,Q2,Q4,SELL,0,0,0.0,0.0,1.0,1.0,False,0/3,0.0,0.0,0.0
wick_imbalance_reversion,AUD_USD,tokyo,Q3,Q1,BUY,0,0,0.0,0.0,1.0,1.0,False,0/3,0.0,0.0,0.0
wick_imbalance_reversion,AUD_USD,tokyo,Q3,Q1,SELL,0,0,0.0,0.0,1.0,1.0,False,0/3,0.0,0.0,0.0
wick_imbalance_reversion,AUD_USD,tokyo,Q3,Q2,BUY,0,0,0.0,0.0,1.0,1.0,False,0/3,0.0,0.0,0.0
wick_imbalance_reversion,AUD_USD,tokyo,Q3,Q2,SELL,0,0,0.0,0.0,1.0,1.0,False,0/3,0.0,0.0,0.0
wick_imbalance_reversion,AUD_USD,tokyo,Q3,Q3,BUY,0,0,0.0,0.0,1.0,1.0,False,0/3,0.0,0.0,0.0
wick_imbalance_reversion,AUD_USD,tokyo,Q3,Q3,SELL,0,0,0.0,0.0,1.0,1.0,False,0/3,0.0,0.0,0.0
wick_imbalance_reversion,AUD_USD,tokyo,Q3,Q4,BUY,0,0,0.0,0.0,1.0,1.0,False,0/3,0.0,0.0,0.0
wick_imbalance_reversion,AUD_USD,tokyo,Q3,Q4,SELL,0,0,0.0,0.0,1.0,1.0,False,0/3,0.0,0.0,0.0
wick_imbalance_reversion,AUD_USD,tokyo,Q4,Q1,BUY,0,0,0.0,0.0,1.0,1.0,False,0/3,0.0,0.0,0.0
wick_imbalance_reversion,AUD_USD,tokyo,Q4,Q1,SELL,0,0,0.0,0.0,1.0,1.0,False,0/3,0.0,0.0,0.0
wick_imbalance_reversion,AUD_USD,tokyo,Q4,Q2,BUY,0,0,0.0,0.0,1.0,1.0,False,0/3,0.0,0.0,0.0
wick_imbalance_reversion,AUD_USD,tokyo,Q4,Q2,SELL,0,0,0.0,0.0,1.0,1.0,False,0/3,0.0,0.0,0.0
wick_imbalance_reversion,AUD_USD,tokyo,Q4,Q3,BUY,0,0,0.0,0.0,1.0,1.0,False,0/3,0.0,0.0,0.0
wick_imbalance_reversion,AUD_USD,tokyo,Q4,Q3,SELL,0,0,0.0,0.0,1.0,1.0,False,0/3,0.0,0.0,0.0
wick_imbalance_reversion,AUD_USD,tokyo,Q4,Q4,BUY,0,0,0.0,0.0,1.0,1.0,False,0/3,0.0,0.0,0.0
wick_imbalance_reversion,AUD_USD,tokyo,Q4,Q4,SELL,0,0,0.0,0.0,1.0,1.0,False,0/3,0.0,0.0,0.0
wick_imbalance_reversion,AUD_USD,london,Q1,Q1,BUY,0,0,0.0,0.0,1.0,1.0,False,0/3,0.0,0.0,0.0
wick_imbalance_reversion,AUD_USD,london,Q1,Q1,SELL,0,0,0.0,0.0,1.0,1.0,False,0/3,0.0,0.0,0.0
wick_imbalance_reversion,AUD_USD,london,Q1,Q2,BUY,0,0,0.0,0.0,1.0,1.0,False,0/3,0.0,0.0,0.0
wick_imbalance_reversion,AUD_USD,london,Q1,Q2,SELL,0,0,0.0,0.0,1.0,1.0,False,0/3,0.0,0.0,0.0
wick_imbalance_reversion,AUD_USD,london,Q1,Q3,BUY,0,0,0.0,0.0,1.0,1.0,False,0/3,0.0,0.0,0.0
wick_imbalance_reversion,AUD_USD,london,Q1,Q3,SELL,0,0,0.0,0.0,1.0,1.0,False,0/3,0.0,0.0,0.0
wick_imbalance_reversion,AUD_USD,london,Q1,Q4,BUY,0,0,0.0,0.0,1.0,1.0,False,0/3,0.0,0.0,0.0
wick_imbalance_reversion,AUD_USD,london,Q1,Q4,SELL,0,0,0.0,0.0,1.0,1.0,False,0/3,0.0,0.0,0.0
wick_imbalance_reversion,AUD_USD,london,Q2,Q1,BUY,0,0,0.0,0.0,1.0,1.0,False,0/3,0.0,0.0,0.0
wick_imbalance_reversion,AUD_USD,london,Q2,Q1,SELL,0,0,0.0,0.0,1.0,1.0,False,0/3,0.0,0.0,0.0
wick_imbalance_reversion,AUD_USD,london,Q2,Q2,BUY,0,0,0.0,0.0,1.0,1.0,False,0/3,0.0,0.0,0.0
wick_imbalance_reversion,AUD_USD,london,Q2,Q2,SELL,0,0,0.0,0.0,1.0,1.0,False,0/3,0.0,0.0,0.0
wick_imbalance_reversion,AUD_USD,london,Q2,Q3,BUY,0,0,0.0,0.0,1.0,1.0,False,0/3,0.0,0.0,0.0
wick_imbalance_reversion,AUD_USD,london,Q2,Q3,SELL,0,0,0.0,0.0,1.0,1.0,False,0/3,0.0,0.0,0.0
wick_imbalance_reversion,AUD_USD,london,Q2,Q4,BUY,0,0,0.0,0.0,1.0,1.0,False,0/3,0.0,0.0,0.0
wick_imbalance_reversion,AUD_USD,london,Q2,Q4,SELL,0,0,0.0,0.0,1.0,1.0,False,0/3,0.0,0.0,0.0
wick_imbalance_reversion,AUD_USD,london,Q3,Q1,BUY,0,0,0.0,0.0,1.0,1.0,False,0/3,0.0,0.0,0.0
wick_imbalance_reversion,AUD_USD,london,Q3,Q1,SELL,0,0,0.0,0.0,1.0,1.0,False,0/3,0.0,0.0,0.0
wick_imbalance_reversion,AUD_USD,london,Q3,Q2,BUY,0,0,0.0,0.0,1.0,1.0,False,0/3,0.0,0.0,0.0
wick_imbalance_reversion,AUD_USD,london,Q3,Q2,SELL,0,0,0.0,0.0,1.0,1.0,False,0/3,0.0,0.0,0.0
wick_imbalance_reversion,AUD_USD,london,Q3,Q3,BUY,0,0,0.0,0.0,1.0,1.0,False,0/3,0.0,0.0,0.0
wick_imbalance_reversion,AUD_USD,london,Q3,Q3,SELL,0,0,0.0,0.0,1.0,1.0,False,0/3,0.0,0.0,0.0
wick_imbalance_reversion,AUD_USD,london,Q3,Q4,BUY,0,0,0.0,0.0,1.0,1.0,False,0/3,0.0,0.0,0.0
wick_imbalance_reversion,AUD_USD,london,Q3,Q4,SELL,0,0,0.0,0.0,1.0,1.0,False,0/3,0.0,0.0,0.0
wick_imbalance_reversion,AUD_USD,london,Q4,Q1,BUY,0,0,0.0,0.0,1.0,1.0,False,0/3,0.0,0.0,0.0
wick_imbalance_reversion,AUD_USD,london,Q4,Q1,SELL,0,0,0.0,0.0,1.0,1.0,False,0/3,0.0,0.0,0.0
wick_imbalance_reversion,AUD_USD,london,Q4,Q2,BUY,0,0,0.0,0.0,1.0,1.0,False,0/3,0.0,0.0,0.0
wick_imbalance_reversion,AUD_USD,london,Q4,Q2,SELL,0,0,0.0,0.0,1.0,1.0,False,0/3,0.0,0.0,0.0
wick_imbalance_reversion,AUD_USD,london,Q4,Q3,BUY,0,0,0.0,0.0,1.0,1.0,False,0/3,0.0,0.0,0.0
wick_imbalance_reversion,AUD_USD,london,Q4,Q3,SELL,0,0,0.0,0.0,1.0,1.0,False,0/3,0.0,0.0,0.0
wick_imbalance_reversion,AUD_USD,london,Q4,Q4,BUY,0,0,0.0,0.0,1.0,1.0,False,0/3,0.0,0.0,0.0
wick_imbalance_reversion,AUD_USD,london,Q4,Q4,SELL,0,0,0.0,0.0,1.0,1.0,False,0/3,0.0,0.0,0.0
wick_imbalance_reversion,AUD_USD,ny,Q1,Q1,BUY,0,0,0.0,0.0,1.0,1.0,False,0/3,0.0,0.0,0.0
wick_imbalance_reversion,AUD_USD,ny,Q1,Q1,SELL,0,0,0.0,0.0,1.0,1.0,False,0/3,0.0,0.0,0.0
wick_imbalance_reversion,AUD_USD,ny,Q1,Q2,BUY,0,0,0.0,0.0,1.0,1.0,False,0/3,0.0,0.0,0.0
wick_imbalance_reversion,AUD_USD,ny,Q1,Q2,SELL,0,0,0.0,0.0,1.0,1.0,False,0/3,0.0,0.0,0.0
wick_imbalance_reversion,AUD_USD,ny,Q1,Q3,BUY,0,0,0.0,0.0,1.0,1.0,False,0/3,0.0,0.0,0.0
wick_imbalance_reversion,AUD_USD,ny,Q1,Q3,SELL,0,0,0.0,0.0,1.0,1.0,False,0/3,0.0,0.0,0.0
wick_imbalance_reversion,AUD_USD,ny,Q1,Q4,BUY,0,0,0.0,0.0,1.0,1.0,False,0/3,0.0,0.0,0.0
wick_imbalance_reversion,AUD_USD,ny,Q1,Q4,SELL,0,0,0.0,0.0,1.0,1.0,False,0/3,0.0,0.0,0.0
wick_imbalance_reversion,AUD_USD,ny,Q2,Q1,BUY,0,0,0.0,0.0,1.0,1.0,False,0/3,0.0,0.0,0.0
wick_imbalance_reversion,AUD_USD,ny,Q2,Q1,SELL,0,0,0.0,0.0,1.0,1.0,False,0/3,0.0,0.0,0.0
wick_imbalance_reversion,AUD_USD,ny,Q2,Q2,BUY,0,0,0.0,0.0,1.0,1.0,False,0/3,0.0,0.0,0.0
wick_imbalance_reversion,AUD_USD,ny,Q2,Q2,SELL,0,0,0.0,0.0,1.0,1.0,False,0/3,0.0,0.0,0.0
wick_imbalance_reversion,AUD_USD,ny,Q2,Q3,BUY,0,0,0.0,0.0,1.0,1.0,False,0/3,0.0,0.0,0.0
wick_imbalance_reversion,AUD_USD,ny,Q2,Q3,SELL,0,0,0.0,0.0,1.0,1.0,False,0/3,0.0,0.0,0.0
wick_imbalance_reversion,AUD_USD,ny,Q2,Q4,BUY,0,0,0.0,0.0,1.0,1.0,False,0/3,0.0,0.0,0.0
wick_imbalance_reversion,AUD_USD,ny,Q2,Q4,SELL,0,0,0.0,0.0,1.0,1.0,False,0/3,0.0,0.0,0.0
wick_imbalance_reversion,AUD_USD,ny,Q3,Q1,BUY,0,0,0.0,0.0,1.0,1.0,False,0/3,0.0,0.0,0.0
wick_imbalance_reversion,AUD_USD,ny,Q3,Q1,SELL,0,0,0.0,0.0,1.0,1.0,False,0/3,0.0,0.0,0.0
wick_imbalance_reversion,AUD_USD,ny,Q3,Q2,BUY,0,0,0.0,0.0,1.0,1.0,False,0/3,0.0,0.0,0.0
wick_imbalance_reversion,AUD_USD,ny,Q3,Q2,SELL,0,0,0.0,0.0,1.0,1.0,False,0/3,0.0,0.0,0.0
wick_imbalance_reversion,AUD_USD,ny,Q3,Q3,BUY,0,0,0.0,0.0,1.0,1.0,False,0/3,0.0,0.0,0.0
wick_imbalance_reversion,AUD_USD,ny,Q3,Q3,SELL,0,0,0.0,0.0,1.0,1.0,False,0/3,0.0,0.0,0.0
wick_imbalance_reversion,AUD_USD,ny,Q3,Q4,BUY,0,0,0.0,0.0,1.0,1.0,False,0/3,0.0,0.0,0.0
wick_imbalance_reversion,AUD_USD,ny,Q3,Q4,SELL,0,0,0.0,0.0,1.0,1.0,False,0/3,0.0,0.0,0.0
wick_imbalance_reversion,AUD_USD,ny,Q4,Q1,BUY,0,0,0.0,0.0,1.0,1.0,False,0/3,0.0,0.0,0.0
wick_imbalance_reversion,AUD_USD,ny,Q4,Q1,SELL,0,0,0.0,0.0,1.0,1.0,False,0/3,0.0,0.0,0.0
wick_imbalance_reversion,AUD_USD,ny,Q4,Q2,BUY,0,0,0.0,0.0,1.0,1.0,False,0/3,0.0,0.0,0.0
wick_imbalance_reversion,AUD_USD,ny,Q4,Q2,SELL,0,0,0.0,0.0,1.0,1.0,False,0/3,0.0,0.0,0.0
wick_imbalance_reversion,AUD_USD,ny,Q4,Q3,BUY,0,0,0.0,0.0,1.0,1.0,False,0/3,0.0,0.0,0.0
wick_imbalance_reversion,AUD_USD,ny,Q4,Q3,SELL,0,0,0.0,0.0,1.0,1.0,False,0/3,0.0,0.0,0.0
wick_imbalance_reversion,AUD_USD,ny,Q4,Q4,BUY,0,0,0.0,0.0,1.0,1.0,False,0/3,0.0,0.0,0.0
wick_imbalance_reversion,AUD_USD,ny,Q4,Q4,SELL,0,0,0.0,0.0,1.0,1.0,False,0/3,0.0,0.0,0.0
wick_imbalance_reversion,AUD_USD,overlap,Q1,Q1,BUY,0,0,0.0,0.0,1.0,1.0,False,0/3,0.0,0.0,0.0
wick_imbalance_reversion,AUD_USD,overlap,Q1,Q1,SELL,0,0,0.0,0.0,1.0,1.0,False,0/3,0.0,0.0,0.0
wick_imbalance_reversion,AUD_USD,overlap,Q1,Q2,BUY,0,0,0.0,0.0,1.0,1.0,False,0/3,0.0,0.0,0.0
wick_imbalance_reversion,AUD_USD,overlap,Q1,Q2,SELL,0,0,0.0,0.0,1.0,1.0,False,0/3,0.0,0.0,0.0
wick_imbalance_reversion,AUD_USD,overlap,Q1,Q3,BUY,0,0,0.0,0.0,1.0,1.0,False,0/3,0.0,0.0,0.0
wick_imbalance_reversion,AUD_USD,overlap,Q1,Q3,SELL,0,0,0.0,0.0,1.0,1.0,False,0/3,0.0,0.0,0.0
wick_imbalance_reversion,AUD_USD,overlap,Q1,Q4,BUY,0,0,0.0,0.0,1.0,1.0,False,0/3,0.0,0.0,0.0
wick_imbalance_reversion,AUD_USD,overlap,Q1,Q4,SELL,0,0,0.0,0.0,1.0,1.0,False,0/3,0.0,0.0,0.0
wick_imbalance_reversion,AUD_USD,overlap,Q2,Q1,BUY,0,0,0.0,0.0,1.0,1.0,False,0/3,0.0,0.0,0.0
wick_imbalance_reversion,AUD_USD,overlap,Q2,Q1,SELL,0,0,0.0,0.0,1.0,1.0,False,0/3,0.0,0.0,0.0
wick_imbalance_reversion,AUD_USD,overlap,Q2,Q2,BUY,0,0,0.0,0.0,1.0,1.0,False,0/3,0.0,0.0,0.0
wick_imbalance_reversion,AUD_USD,overlap,Q2,Q2,SELL,0,0,0.0,0.0,1.0,1.0,False,0/3,0.0,0.0,0.0
wick_imbalance_reversion,AUD_USD,overlap,Q2,Q3,BUY,0,0,0.0,0.0,1.0,1.0,False,0/3,0.0,0.0,0.0
wick_imbalance_reversion,AUD_USD,overlap,Q2,Q3,SELL,0,0,0.0,0.0,1.0,1.0,False,0/3,0.0,0.0,0.0
wick_imbalance_reversion,AUD_USD,overlap,Q2,Q4,BUY,0,0,0.0,0.0,1.0,1.0,False,0/3,0.0,0.0,0.0
wick_imbalance_reversion,AUD_USD,overlap,Q2,Q4,SELL,0,0,0.0,0.0,1.0,1.0,False,0/3,0.0,0.0,0.0
wick_imbalance_reversion,AUD_USD,overlap,Q3,Q1,BUY,0,0,0.0,0.0,1.0,1.0,False,0/3,0.0,0.0,0.0
wick_imbalance_reversion,AUD_USD,overlap,Q3,Q1,SELL,0,0,0.0,0.0,1.0,1.0,False,0/3,0.0,0.0,0.0
wick_imbalance_reversion,AUD_USD,overlap,Q3,Q2,BUY,0,0,0.0,0.0,1.0,1.0,False,0/3,0.0,0.0,0.0
wick_imbalance_reversion,AUD_USD,overlap,Q3,Q2,SELL,0,0,0.0,0.0,1.0,1.0,False,0/3,0.0,0.0,0.0
wick_imbalance_reversion,AUD_USD,overlap,Q3,Q3,BUY,0,0,0.0,0.0,1.0,1.0,False,0/3,0.0,0.0,0.0
wick_imbalance_reversion,AUD_USD,overlap,Q3,Q3,SELL,0,0,0.0,0.0,1.0,1.0,False,0/3,0.0,0.0,0.0
wick_imbalance_reversion,AUD_USD,overlap,Q3,Q4,BUY,0,0,0.0,0.0,1.0,1.0,False,0/3,0.0,0.0,0.0
wick_imbalance_reversion,AUD_USD,overlap,Q3,Q4,SELL,0,0,0.0,0.0,1.0,1.0,False,0/3,0.0,0.0,0.0
wick_imbalance_reversion,AUD_USD,overlap,Q4,Q1,BUY,0,0,0.0,0.0,1.0,1.0,False,0/3,0.0,0.0,0.0
wick_imbalance_reversion,AUD_USD,overlap,Q4,Q1,SELL,0,0,0.0,0.0,1.0,1.0,False,0/3,0.0,0.0,0.0
wick_imbalance_reversion,AUD_USD,overlap,Q4,Q2,BUY,0,0,0.0,0.0,1.0,1.0,False,0/3,0.0,0.0,0.0
wick_imbalance_reversion,AUD_USD,overlap,Q4,Q2,SELL,0,0,0.0,0.0,1.0,1.0,False,0/3,0.0,0.0,0.0
wick_imbalance_reversion,AUD_USD,overlap,Q4,Q3,BUY,0,0,0.0,0.0,1.0,1.0,False,0/3,0.0,0.0,0.0
wick_imbalance_reversion,AUD_USD,overlap,Q4,Q3,SELL,0,0,0.0,0.0,1.0,1.0,False,0/3,0.0,0.0,0.0
wick_imbalance_reversion,AUD_USD,overlap,Q4,Q4,BUY,0,0,0.0,0.0,1.0,1.0,False,0/3,0.0,0.0,0.0
wick_imbalance_reversion,AUD_USD,overlap,Q4,Q4,SELL,0,0,0.0,0.0,1.0,1.0,False,0/3,0.0,0.0,0.0
