cell_id,pair,tf,direction,percentile,horizon_bars,vol_quintile,n_trades,win_rate,ev_pip,ev_pct,profit_factor,wilson_lower_95,sharpe_annual,kelly_fraction,max_dd_pct,mae_mean_pct,mae_p5_pct,mfe_mean_pct,year_flip_count,p_value,bonferroni_pass,bh_fdr_pass,verdict,period_start,period_end,bt_data_source,generated_at
USD_JPY_H1_LONG_SHOCK_1_1_ALL,USD_JPY,H1,LONG_SHOCK,0.01,1,ALL,79,0.43037974683544306,-3.3329113924051117,-0.021467073577241112,0.7178525503643335,0.3269382343461824,-9.128400813787717,-0.1669247253483827,-3.0011452318121856,-0.15631472044134076,-0.4346483397898371,0.11395341141877316,0,0.8499801388675925,0,0,REJECT,2025-05-02T00:00:00+00:00,2026-05-05T22:00:00+00:00,MASSIVE_parquet,2026-05-15T08:24:34.034053+00:00
USD_JPY_H1_LONG_SHOCK_1_1_Q1,USD_JPY,H1,LONG_SHOCK,0.01,1,Q1,0,0.0,0.0,0.0,0.0,0.0,0.0,0.0,0.0,0.0,0.0,0.0,0,1.0,0,0,REJECT,2025-05-02T00:00:00+00:00,2026-05-05T22:00:00+00:00,MASSIVE_parquet,2026-05-15T08:24:34.034053+00:00
USD_JPY_H1_LONG_SHOCK_1_1_Q2,USD_JPY,H1,LONG_SHOCK,0.01,1,Q2,3,1.0,22.033333333333378,0.1462986370763586,inf,0.4385029682449545,170.33242088665656,1.0,0.0,-0.057726773494926054,-0.08470890538559539,0.18817836965017895,0,0.031495715115100964,0,0,REJECT,2025-05-02T00:00:00+00:00,2026-05-05T22:00:00+00:00,MASSIVE_parquet,2026-05-15T08:24:34.034053+00:00
USD_JPY_H1_LONG_SHOCK_1_1_Q3,USD_JPY,H1,LONG_SHOCK,0.01,1,Q3,10,0.6,-0.6399999999996453,-0.006205085051727011,0.9306608884074037,0.3126737697336583,-3.3783144045026345,-0.06785026969667429,-0.2077922077922123,-0.17190321342638537,-0.6973358779392391,0.08586478727274915,1,0.5531190581652223,0,0,REJECT,2025-05-02T00:00:00+00:00,2026-05-05T22:00:00+00:00,MASSIVE_parquet,2026-05-15T08:24:34.034053+00:00
USD_JPY_H1_LONG_SHOCK_1_1_Q4,USD_JPY,H1,LONG_SHOCK,0.01,1,Q4,12,0.3333333333333333,-6.391666666667106,-0.043252257156789486,0.37027914614118096,0.13812009109121315,-29.423255432045963,-0.5880395431894783,-0.5977401462355592,-0.13995128397926251,-0.27676363763951384,0.0825905121751902,0,0.8916542369177576,0,0,REJECT,2025-05-02T00:00:00+00:00,2026-05-05T22:00:00+00:00,MASSIVE_parquet,2026-05-15T08:24:34.034053+00:00
USD_JPY_H1_LONG_SHOCK_1_1_Q5,USD_JPY,H1,LONG_SHOCK,0.01,1,Q5,54,0.3888888888888889,-4.561111111111153,-0.028772533100599625,0.657488527325821,0.270419338291165,-11.039910245839488,-0.19549796364037114,-2.9326530118731764,-0.1625413898586322,-0.43468563670812144,0.12200093285745865,0,0.8491985238218626,0,0,REJECT,2025-05-02T00:00:00+00:00,2026-05-05T22:00:00+00:00,MASSIVE_parquet,2026-05-15T08:24:34.034053+00:00
USD_JPY_H1_LONG_SHOCK_1_3_ALL,USD_JPY,H1,LONG_SHOCK,0.01,3,ALL,79,0.45569620253164556,-13.656962025316659,-0.0886944419504211,0.46541472599345285,0.3504845759399334,-17.529438800204836,-0.5463115822793367,-8.095913235207863,-0.2826301001364332,-1.0335582362621365,0.16687794957663848,0,0.9756982736146556,0,0,REJECT,2025-05-02T00:00:00+00:00,2026-05-05T22:00:00+00:00,MASSIVE_parquet,2026-05-15T08:24:34.034053+00:00
USD_JPY_H1_LONG_SHOCK_1_3_Q1,USD_JPY,H1,LONG_SHOCK,0.01,3,Q1,0,0.0,0.0,0.0,0.0,0.0,0.0,0.0,0.0,0.0,0.0,0.0,0,1.0,0,0,REJECT,2025-05-02T00:00:00+00:00,2026-05-05T22:00:00+00:00,MASSIVE_parquet,2026-05-15T08:24:34.034053+00:00
USD_JPY_H1_LONG_SHOCK_1_3_Q2,USD_JPY,H1,LONG_SHOCK,0.01,3,Q2,3,0.6666666666666666,16.56666666666619,0.10154641861870688,3.0285714285713325,0.20765960080204768,33.22974609742131,0.4285403568319485,0.0,-0.09089151937006212,-0.17425371924846278,0.2933521627358937,1,0.2681669299089739,0,0,REJECT,2025-05-02T00:00:00+00:00,2026-05-05T22:00:00+00:00,MASSIVE_parquet,2026-05-15T08:24:34.034053+00:00
USD_JPY_H1_LONG_SHOCK_1_3_Q3,USD_JPY,H1,LONG_SHOCK,0.01,3,Q3,10,0.7,1.6099999999994452,0.006079829348967225,1.1197026022304422,0.3967781474611453,1.9579772249410134,0.044225711369291654,-0.2447076049158392,-0.22325526540104224,-0.7422046512571234,0.16339392607165326,1,0.46914233242829817,0,0,REJECT,2025-05-02T00:00:00+00:00,2026-05-05T22:00:00+00:00,MASSIVE_parquet,2026-05-15T08:24:34.034053+00:00
USD_JPY_H1_LONG_SHOCK_1_3_Q4,USD_JPY,H1,LONG_SHOCK,0.01,3,Q4,12,0.5833333333333334,-7.633333333334018,-0.05041036084030004,0.4550862581796007,0.3195113125495498,-23.158676713733225,-0.6972745706277955,-0.7380135734758153,-0.19994628478041307,-0.432497970365216,0.11742416510212757,0,0.8377890457983574,0,0,REJECT,2025-05-02T00:00:00+00:00,2026-05-05T22:00:00+00:00,MASSIVE_parquet,2026-05-15T08:24:34.034053+00:00
USD_JPY_H1_LONG_SHOCK_1_3_Q5,USD_JPY,H1,LONG_SHOCK,0.01,3,Q5,54,0.37037037037037035,-19.501851851851868,-0.1253217432101011,0.3772692330435829,0.25423375191660275,-21.554717467799186,-0.6315786218138023,-7.5999310122625054,-0.3226517644683826,-1.091372547211768,0.1714865238223091,0,0.9766569576115874,0,0,REJECT,2025-05-02T00:00:00+00:00,2026-05-05T22:00:00+00:00,MASSIVE_parquet,2026-05-15T08:24:34.034053+00:00
USD_JPY_H1_LONG_SHOCK_1_6_ALL,USD_JPY,H1,LONG_SHOCK,0.01,6,ALL,79,0.5063291139240507,-15.502531645569785,-0.09965760614400654,0.5127899112861485,0.3983739722469014,-16.20096808347471,-0.4739967879217074,-9.15967338736038,-0.37016882049975774,-1.083889096286582,0.207819660748995,0,0.9660665753140895,0,0,REJECT,2025-05-02T00:00:00+00:00,2026-05-05T22:00:00+00:00,MASSIVE_parquet,2026-05-15T08:24:34.034053+00:00
USD_JPY_H1_LONG_SHOCK_1_6_Q1,USD_JPY,H1,LONG_SHOCK,0.01,6,Q1,0,0.0,0.0,0.0,0.0,0.0,0.0,0.0,0.0,0.0,0.0,0.0,0,1.0,0,0,REJECT,2025-05-02T00:00:00+00:00,2026-05-05T22:00:00+00:00,MASSIVE_parquet,2026-05-15T08:24:34.034053+00:00
USD_JPY_H1_LONG_SHOCK_1_6_Q2,USD_JPY,H1,LONG_SHOCK,0.01,6,Q2,3,0.6666666666666666,16.70000000000016,0.10272998460886991,3.2168141592920656,0.20765960080204768,33.82016272726217,0.44247682609702466,0.0,-0.1238259545099522,-0.26317669412616596,0.33146272888338785,1,0.2649518641546494,0,0,REJECT,2025-05-02T00:00:00+00:00,2026-05-05T22:00:00+00:00,MASSIVE_parquet,2026-05-15T08:24:34.034053+00:00
USD_JPY_H1_LONG_SHOCK_1_6_Q3,USD_JPY,H1,LONG_SHOCK,0.01,6,Q3,10,0.6,5.009999999999479,0.028868577447676014,1.3781132075471256,0.3126737697336583,8.694039188629548,0.14800419579442592,-0.23928472170441362,-0.24386861279680372,-0.7476953205087006,0.19008255765293303,0,0.3659186552597732,0,0,REJECT,2025-05-02T00:00:00+00:00,2026-05-05T22:00:00+00:00,MASSIVE_parquet,2026-05-15T08:24:34.034053+00:00
USD_JPY_H1_LONG_SHOCK_1_6_Q4,USD_JPY,H1,LONG_SHOCK,0.01,6,Q4,12,0.4166666666666667,-3.7333333333336327,-0.023320976759142836,0.7776674937965099,0.19326031365875665,-6.906175385218613,-0.11137912821105705,-0.8672890694635838,-0.24646559879040833,-0.6164299082905927,0.158509481157613,1,0.6179432584725333,0,0,REJECT,2025-05-02T00:00:00+00:00,2026-05-05T22:00:00+00:00,MASSIVE_parquet,2026-05-15T08:24:34.034053+00:00
USD_JPY_H1_LONG_SHOCK_1_6_Q5,USD_JPY,H1,LONG_SHOCK,0.01,6,Q5,54,0.5,-23.705555555555648,-0.15166620171426246,0.40656436882851915,0.3711458304022563,-21.550834265597835,-0.7148561394084663,-8.954622891012532,-0.43473306745366785,-1.6282066648824354,0.21519306781666214,0,0.9766379046806218,0,0,REJECT,2025-05-02T00:00:00+00:00,2026-05-05T22:00:00+00:00,MASSIVE_parquet,2026-05-15T08:24:34.034053+00:00
USD_JPY_H1_LONG_SHOCK_1_12_ALL,USD_JPY,H1,LONG_SHOCK,0.01,12,ALL,79,0.4936708860759494,-15.891139240506297,-0.1001455764977137,0.6167653702912268,0.38630272176150804,-12.56464502603579,-0.29389420770301605,-13.046332620390821,-0.46876864714869426,-1.6428556488036306,0.28592493843357547,1,0.9225011809024851,0,0,REJECT,2025-05-02T00:00:00+00:00,2026-05-05T22:00:00+00:00,MASSIVE_parquet,2026-05-15T08:24:34.034053+00:00
USD_JPY_H1_LONG_SHOCK_1_12_Q1,USD_JPY,H1,LONG_SHOCK,0.01,12,Q1,0,0.0,0.0,0.0,0.0,0.0,0.0,0.0,0.0,0.0,0.0,0.0,0,1.0,0,0,REJECT,2025-05-02T00:00:00+00:00,2026-05-05T22:00:00+00:00,MASSIVE_parquet,2026-05-15T08:24:34.034053+00:00
USD_JPY_H1_LONG_SHOCK_1_12_Q2,USD_JPY,H1,LONG_SHOCK,0.01,12,Q2,3,0.6666666666666666,27.86666666666709,0.16597219814098452,2.2115942028985733,0.20765960080204768,23.016569557730538,0.34057461968169256,0.0,-0.20927123728547622,-0.4938789576200808,0.44685373314883314,1,0.3296099359954536,0,0,REJECT,2025-05-02T00:00:00+00:00,2026-05-05T22:00:00+00:00,MASSIVE_parquet,2026-05-15T08:24:34.034053+00:00
USD_JPY_H1_LONG_SHOCK_1_12_Q3,USD_JPY,H1,LONG_SHOCK,0.01,12,Q3,10,0.5,12.889999999999873,0.08238143503367712,3.1483333333333325,0.236593090512564,27.816756232474074,0.33773865651492374,-0.20200239962582245,-0.2582917595416745,-0.7476953205087006,0.24211052289403456,1,0.1436260907291152,0,0,REJECT,2025-05-02T00:00:00+00:00,2026-05-05T22:00:00+00:00,MASSIVE_parquet,2026-05-15T08:24:34.034053+00:00
USD_JPY_H1_LONG_SHOCK_1_12_Q4,USD_JPY,H1,LONG_SHOCK,0.01,12,Q4,12,0.4166666666666667,-4.766666666666926,-0.026032248894375387,0.7983074753173383,0.19326031365875665,-6.066252290289233,-0.08461583541638878,-1.3067087178272763,-0.3479668796859218,-0.6942631145405065,0.23944682245589655,1,0.6040003441301252,0,0,REJECT,2025-05-02T00:00:00+00:00,2026-05-05T22:00:00+00:00,MASSIVE_parquet,2026-05-15T08:24:34.034053+00:00
USD_JPY_H1_LONG_SHOCK_1_12_Q5,USD_JPY,H1,LONG_SHOCK,0.01,12,Q5,54,0.5,-26.12407407407397,-0.16520082409901116,0.5072995250069862,0.3711458304022563,-18.06804991945334,-0.46672392144071306,-12.329384614889749,-0.5490072085415296,-1.9508954411521586,0.29542670071101584,1,0.9531877447699041,0,0,REJECT,2025-05-02T00:00:00+00:00,2026-05-05T22:00:00+00:00,MASSIVE_parquet,2026-05-15T08:24:34.034053+00:00
USD_JPY_H1_SHORT_SHOCK_1_1_ALL,USD_JPY,H1,SHORT_SHOCK,0.01,1,ALL,83,0.43373493975903615,-2.138554216867648,-0.01496390361413489,0.7474388161638975,0.3323916544628671,-9.430927405326488,-0.15639967472030042,-2.6623927961193616,-0.11383951020085005,-0.31853107579106976,0.09139446446882853,1,0.8637633877548425,0,0,REJECT,2025-05-02T00:00:00+00:00,2026-05-05T22:00:00+00:00,MASSIVE_parquet,2026-05-15T08:24:34.034053+00:00
USD_JPY_H1_SHORT_SHOCK_1_1_Q1,USD_JPY,H1,SHORT_SHOCK,0.01,1,Q1,0,0.0,0.0,0.0,0.0,0.0,0.0,0.0,0.0,0.0,0.0,0.0,0,1.0,0,0,REJECT,2025-05-02T00:00:00+00:00,2026-05-05T22:00:00+00:00,MASSIVE_parquet,2026-05-15T08:24:34.034053+00:00
USD_JPY_H1_SHORT_SHOCK_1_1_Q2,USD_JPY,H1,SHORT_SHOCK,0.01,1,Q2,9,0.3333333333333333,-11.72222222222293,-0.07925625078155024,0.35116851168510227,0.1205838183869109,-32.92482061430166,-0.6033609774702702,-0.9944651326768139,-0.17952595993860157,-0.3895979701812968,0.06694737152883354,0,0.8801290833401056,0,0,REJECT,2025-05-02T00:00:00+00:00,2026-05-05T22:00:00+00:00,MASSIVE_parquet,2026-05-15T08:24:34.034053+00:00
USD_JPY_H1_SHORT_SHOCK_1_1_Q3,USD_JPY,H1,SHORT_SHOCK,0.01,1,Q3,9,0.4444444444444444,0.777777777777702,0.005453319414779519,1.366492146596818,0.18877852109766458,10.74477758115466,0.12605638370722538,-0.08006852276497556,-0.09076320712401535,-0.16872204099876775,0.0756149478268458,1,0.34470366079798326,0,0,REJECT,2025-05-02T00:00:00+00:00,2026-05-05T22:00:00+00:00,MASSIVE_parquet,2026-05-15T08:24:34.034053+00:00
USD_JPY_H1_SHORT_SHOCK_1_1_Q4,USD_JPY,H1,SHORT_SHOCK,0.01,1,Q4,20,0.6,2.3799999999998533,0.013947619553386081,1.3544303797468165,0.3865815007622531,8.719719535543305,0.1428302459834297,-0.6479742888115925,-0.08988866493188086,-0.1784117722107048,0.09695171893963295,1,0.31091386643011665,0,0,REJECT,2025-05-02T00:00:00+00:00,2026-05-05T22:00:00+00:00,MASSIVE_parquet,2026-05-15T08:24:34.034053+00:00
USD_JPY_H1_SHORT_SHOCK_1_1_Q5,USD_JPY,H1,SHORT_SHOCK,0.01,1,Q5,45,0.37777777777777777,-2.81333333333344,-0.019038444638666243,0.6726990692864425,0.25108084672137915,-12.64438486866281,-0.18977652860843364,-1.1781955717705905,-0.11596230098820853,-0.3037656411831602,0.09696989550931098,1,0.859325055581346,0,0,REJECT,2025-05-02T00:00:00+00:00,2026-05-05T22:00:00+00:00,MASSIVE_parquet,2026-05-15T08:24:34.034053+00:00
USD_JPY_H1_SHORT_SHOCK_1_3_ALL,USD_JPY,H1,SHORT_SHOCK,0.01,3,ALL,83,0.40963855421686746,-4.793975903614645,-0.032816185360463025,0.6761090761090635,0.31012912673980514,-11.320658695567113,-0.21815279839788582,-5.958796665696209,-0.18108671991115605,-0.4229472820219826,0.14600094524180057,1,0.9057700970929727,0,0,REJECT,2025-05-02T00:00:00+00:00,2026-05-05T22:00:00+00:00,MASSIVE_parquet,2026-05-15T08:24:34.034053+00:00
USD_JPY_H1_SHORT_SHOCK_1_3_Q1,USD_JPY,H1,SHORT_SHOCK,0.01,3,Q1,0,0.0,0.0,0.0,0.0,0.0,0.0,0.0,0.0,0.0,0.0,0.0,0,1.0,0,0,REJECT,2025-05-02T00:00:00+00:00,2026-05-05T22:00:00+00:00,MASSIVE_parquet,2026-05-15T08:24:34.034053+00:00
USD_JPY_H1_SHORT_SHOCK_1_3_Q2,USD_JPY,H1,SHORT_SHOCK,0.01,3,Q2,9,0.2222222222222222,-10.877777777777927,-0.07339552049276943,0.4644420131290964,0.06322510711784671,-19.180170764567745,-0.24891120068509048,-1.1816691523033107,-0.2247326194498177,-0.568612490305076,0.1228123321353901,0,0.7597437147388731,0,0,REJECT,2025-05-02T00:00:00+00:00,2026-05-05T22:00:00+00:00,MASSIVE_parquet,2026-05-15T08:24:34.034053+00:00
USD_JPY_H1_SHORT_SHOCK_1_3_Q3,USD_JPY,H1,SHORT_SHOCK,0.01,3,Q3,9,0.5555555555555556,7.599999999999341,0.048932177416627365,2.910614525139629,0.26665129349549305,23.2729356692505,0.3615151765548378,-0.12283748957543361,-0.13114995229745896,-0.21485793481071047,0.16640344820706668,0,0.1977606414978125,0,0,REJECT,2025-05-02T00:00:00+00:00,2026-05-05T22:00:00+00:00,MASSIVE_parquet,2026-05-15T08:24:34.034053+00:00
USD_JPY_H1_SHORT_SHOCK_1_3_Q4,USD_JPY,H1,SHORT_SHOCK,0.01,3,Q4,20,0.5,-1.9250000000000966,-0.014398458917710966,0.8397836038285448,0.29929800819821234,-5.814558253268911,-0.11060955113842041,-1.3422158406912077,-0.14807201716596052,-0.41389211711835794,0.1485018501926516,1,0.6291180361099714,0,0,REJECT,2025-05-02T00:00:00+00:00,2026-05-05T22:00:00+00:00,MASSIVE_parquet,2026-05-15T08:24:34.034053+00:00
USD_JPY_H1_SHORT_SHOCK_1_3_Q5,USD_JPY,H1,SHORT_SHOCK,0.01,3,Q5,45,0.37777777777777777,-7.331111111111252,-0.049235647086198514,0.5713357588357473,0.25108084672137915,-16.238462579679556,-0.3169165876311616,-3.5636156845724853,-0.19701809474624998,-0.4221253689513049,0.1454466539585401,1,0.9158415632866937,0,0,REJECT,2025-05-02T00:00:00+00:00,2026-05-05T22:00:00+00:00,MASSIVE_parquet,2026-05-15T08:24:34.034053+00:00
USD_JPY_H1_SHORT_SHOCK_1_6_ALL,USD_JPY,H1,SHORT_SHOCK,0.01,6,ALL,83,0.3855421686746988,-11.671084337349651,-0.07701546189262076,0.4724430889881185,0.2881115719314857,-21.10544897086215,-0.43059941009045477,-7.756060235953232,-0.24740785675541846,-0.6794436779503232,0.17839565180920702,1,0.9922567381992021,0,0,REJECT,2025-05-02T00:00:00+00:00,2026-05-05T22:00:00+00:00,MASSIVE_parquet,2026-05-15T08:24:34.034053+00:00
USD_JPY_H1_SHORT_SHOCK_1_6_Q1,USD_JPY,H1,SHORT_SHOCK,0.01,6,Q1,0,0.0,0.0,0.0,0.0,0.0,0.0,0.0,0.0,0.0,0.0,0.0,0,1.0,0,0,REJECT,2025-05-02T00:00:00+00:00,2026-05-05T22:00:00+00:00,MASSIVE_parquet,2026-05-15T08:24:34.034053+00:00
USD_JPY_H1_SHORT_SHOCK_1_6_Q2,USD_JPY,H1,SHORT_SHOCK,0.01,6,Q2,9,0.3333333333333333,-17.466666666667013,-0.11657045199551612,0.40790960451976255,0.1205838183869109,-23.102679036809022,-0.4666771711863296,-1.6039142493971759,-0.2937788886382606,-0.7491200845838142,0.14118169627091634,0,0.800585490666317,0,0,REJECT,2025-05-02T00:00:00+00:00,2026-05-05T22:00:00+00:00,MASSIVE_parquet,2026-05-15T08:24:34.034053+00:00
USD_JPY_H1_SHORT_SHOCK_1_6_Q3,USD_JPY,H1,SHORT_SHOCK,0.01,6,Q3,9,0.4444444444444444,2.1000000000002377,0.01579167377860778,1.1766355140187175,0.18877852109766458,5.910730096973099,0.07574728662729396,-0.4576038560191953,-0.17234862092515568,-0.2824400482961176,0.2280901366676,1,0.4126786004669156,0,0,REJECT,2025-05-02T00:00:00+00:00,2026-05-05T22:00:00+00:00,MASSIVE_parquet,2026-05-15T08:24:34.034053+00:00
USD_JPY_H1_SHORT_SHOCK_1_6_Q4,USD_JPY,H1,SHORT_SHOCK,0.01,6,Q4,20,0.4,-14.52500000000029,-0.09481769774636384,0.3830961987683115,0.2188065323728171,-29.105096583315763,-0.6427698477318083,-2.1072335876478054,-0.22107303665980682,-0.47350517514988866,0.18166207159119208,0,0.9447135038507231,0,0,REJECT,2025-05-02T00:00:00+00:00,2026-05-05T22:00:00+00:00,MASSIVE_parquet,2026-05-15T08:24:34.034053+00:00
USD_JPY_H1_SHORT_SHOCK_1_6_Q5,USD_JPY,H1,SHORT_SHOCK,0.01,6,Q5,45,0.37777777777777777,-11.997777777778095,-0.07975378618240159,0.4561845286059515,0.25108084672137915,-21.363429812465647,-0.45804340519842857,-4.335296109934306,-0.26484986203184113,-0.6758522044437831,0.17444780381985986,1,0.9639468915400914,0,0,REJECT,2025-05-02T00:00:00+00:00,2026-05-05T22:00:00+00:00,MASSIVE_parquet,2026-05-15T08:24:34.034053+00:00
USD_JPY_H1_SHORT_SHOCK_1_12_ALL,USD_JPY,H1,SHORT_SHOCK,0.01,12,ALL,83,0.42168674698795183,-11.154216867470199,-0.07345402635997135,0.5980375130253488,0.3212301490182536,-15.371877800825567,-0.28298522067510945,-7.923362029221414,-0.3198451102425231,-0.9423513823029173,0.27141066212630166,1,0.9622926991612692,0,0,REJECT,2025-05-02T00:00:00+00:00,2026-05-05T22:00:00+00:00,MASSIVE_parquet,2026-05-15T08:24:34.034053+00:00
USD_JPY_H1_SHORT_SHOCK_1_12_Q1,USD_JPY,H1,SHORT_SHOCK,0.01,12,Q1,0,0.0,0.0,0.0,0.0,0.0,0.0,0.0,0.0,0.0,0.0,0.0,0,1.0,0,0,REJECT,2025-05-02T00:00:00+00:00,2026-05-05T22:00:00+00:00,MASSIVE_parquet,2026-05-15T08:24:34.034053+00:00
USD_JPY_H1_SHORT_SHOCK_1_12_Q2,USD_JPY,H1,SHORT_SHOCK,0.01,12,Q2,9,0.2222222222222222,-46.844444444444854,-0.3144732976784069,0.1924918597969717,0.06322510711784671,-46.97198355136062,-0.9147599426956105,-3.1351525837326477,-0.46811981545088105,-1.0847809206110504,0.2007513856514246,0,0.9462181414887683,0,0,REJECT,2025-05-02T00:00:00+00:00,2026-05-05T22:00:00+00:00,MASSIVE_parquet,2026-05-15T08:24:34.034053+00:00
USD_JPY_H1_SHORT_SHOCK_1_12_Q3,USD_JPY,H1,SHORT_SHOCK,0.01,12,Q3,9,0.5555555555555556,-3.533333333332836,-0.0253079454685433,0.845029239766101,0.26665129349549305,-5.966272862258447,-0.11158518264749961,-0.602643461351926,-0.2612381036550815,-0.5065258098848213,0.3006302905882811,1,0.5881259209634591,0,0,REJECT,2025-05-02T00:00:00+00:00,2026-05-05T22:00:00+00:00,MASSIVE_parquet,2026-05-15T08:24:34.034053+00:00
USD_JPY_H1_SHORT_SHOCK_1_12_Q4,USD_JPY,H1,SHORT_SHOCK,0.01,12,Q4,20,0.45,-7.930000000000206,-0.051948715486773156,0.6398728428701154,0.2581978582556243,-14.351781391216756,-0.2570128752479058,-1.7269917255023803,-0.27296298371492506,-0.5429668618392031,0.25793311568459876,1,0.7902799671621555,0,0,REJECT,2025-05-02T00:00:00+00:00,2026-05-05T22:00:00+00:00,MASSIVE_parquet,2026-05-15T08:24:34.034053+00:00
USD_JPY_H1_SHORT_SHOCK_1_12_Q5,USD_JPY,H1,SHORT_SHOCK,0.01,12,Q5,45,0.4222222222222222,-6.9733333333338505,-0.04443730421821347,0.7236459709378962,0.289687024672703,-9.214866283630432,-0.15508416326021884,-4.0142872886150265,-0.3227480711972724,-0.9416827079847656,0.285688612369638,1,0.7845184728508133,0,0,REJECT,2025-05-02T00:00:00+00:00,2026-05-05T22:00:00+00:00,MASSIVE_parquet,2026-05-15T08:24:34.034053+00:00
USD_JPY_H1_LONG_SHOCK_2p5_1_ALL,USD_JPY,H1,LONG_SHOCK,0.025,1,ALL,167,0.4550898203592814,-1.762874251496914,-0.01179943836716309,0.8106752411575653,0.38142001429262007,-6.089180498096772,-0.10927796007024365,-3.555204355349062,-0.12851272951291579,-0.3176603422552804,0.10059896889752327,0,0.8434560727296517,0,0,REJECT,2025-05-02T00:00:00+00:00,2026-05-05T22:00:00+00:00,MASSIVE_parquet,2026-05-15T08:24:34.034053+00:00
USD_JPY_H1_LONG_SHOCK_2p5_1_Q1,USD_JPY,H1,LONG_SHOCK,0.025,1,Q1,3,0.6666666666666666,10.733333333333425,0.06667057616075074,4.156862745097946,0.20765960080204768,40.902355591370466,0.5005991576699671,0.0,-0.0649921872642049,-0.1427878152880735,0.1183410191734217,1,0.22923632659289758,0,0,REJECT,2025-05-02T00:00:00+00:00,2026-05-05T22:00:00+00:00,MASSIVE_parquet,2026-05-15T08:24:34.034053+00:00
USD_JPY_H1_LONG_SHOCK_2p5_1_Q2,USD_JPY,H1,LONG_SHOCK,0.025,1,Q2,16,0.5625,0.5937500000003482,0.003101507907557477,1.0697503671072364,0.331785563988119,1.7171736099343369,0.02897530920444391,-0.607743700822394,-0.10252870835800523,-0.27615266590322596,0.08824695878160427,1,0.46539462089576483,0,0,REJECT,2025-05-02T00:00:00+00:00,2026-05-05T22:00:00+00:00,MASSIVE_parquet,2026-05-15T08:24:34.034053+00:00
USD_JPY_H1_LONG_SHOCK_2p5_1_Q3,USD_JPY,H1,LONG_SHOCK,0.025,1,Q3,31,0.3870967741935484,-2.6258064516126973,-0.018729513228321615,0.6646065100947885,0.23733101420380248,-13.994884972457536,-0.21783873198624826,-1.040997322908277,-0.13584439854293023,-0.27171274154796365,0.07549758025839473,1,0.8378083619793979,0,0,REJECT,2025-05-02T00:00:00+00:00,2026-05-05T22:00:00+00:00,MASSIVE_parquet,2026-05-15T08:24:34.034053+00:00
USD_JPY_H1_LONG_SHOCK_2p5_1_Q4,USD_JPY,H1,LONG_SHOCK,0.025,1,Q4,36,0.3888888888888889,-3.4305555555556726,-0.022964688614610405,0.5906529665230255,0.24784873065371002,-15.865559942538562,-0.27544277153296554,-1.1854371372292838,-0.11615383443148843,-0.2330999268088274,0.08309536324058792,0,0.8854461089733205,0,0,REJECT,2025-05-02T00:00:00+00:00,2026-05-05T22:00:00+00:00,MASSIVE_parquet,2026-05-15T08:24:34.034053+00:00
USD_JPY_H1_LONG_SHOCK_2p5_1_Q5,USD_JPY,H1,LONG_SHOCK,0.025,1,Q5,81,0.48148148148148145,-1.6197530864196623,-0.010034547680437819,0.8481832909048905,0.37599641612884654,-4.291728434948572,-0.08191455861654745,-2.6100870211563265,-0.1386848831947138,-0.4277827737809603,0.1197678437430747,1,0.68960844318546,0,0,REJECT,2025-05-02T00:00:00+00:00,2026-05-05T22:00:00+00:00,MASSIVE_parquet,2026-05-15T08:24:34.034053+00:00
USD_JPY_H1_LONG_SHOCK_2p5_3_ALL,USD_JPY,H1,LONG_SHOCK,0.025,3,ALL,167,0.5029940119760479,-6.208383233532931,-0.04095788440913589,0.6416672426902603,0.4279521433830941,-10.57549596565297,-0.31474081548457,-8.235129908440465,-0.21885955204798935,-0.5848971400132918,0.14879413134789576,0,0.9596473961395853,0,0,REJECT,2025-05-02T00:00:00+00:00,2026-05-05T22:00:00+00:00,MASSIVE_parquet,2026-05-15T08:24:34.034053+00:00
USD_JPY_H1_LONG_SHOCK_2p5_3_Q1,USD_JPY,H1,LONG_SHOCK,0.025,3,Q1,3,0.6666666666666666,17.866666666666713,0.111711256035348,7.871794871794629,0.20765960080204768,43.05637541629665,0.5790052012829965,0.0,-0.10163723552074992,-0.24172944558074505,0.17804714003929098,1,0.21939020760269062,0,0,REJECT,2025-05-02T00:00:00+00:00,2026-05-05T22:00:00+00:00,MASSIVE_parquet,2026-05-15T08:24:34.034053+00:00
USD_JPY_H1_LONG_SHOCK_2p5_3_Q2,USD_JPY,H1,LONG_SHOCK,0.025,3,Q2,16,0.3125,-14.86875000000012,-0.10021828025017845,0.32337883959043656,0.14164643854782036,-36.26928559257484,-0.7797950216879479,-1.9681453640044588,-0.21562426234610563,-0.4391378223976117,0.11509235245305144,1,0.9591035034798756,0,0,REJECT,2025-05-02T00:00:00+00:00,2026-05-05T22:00:00+00:00,MASSIVE_parquet,2026-05-15T08:24:34.034053+00:00
USD_JPY_H1_LONG_SHOCK_2p5_3_Q3,USD_JPY,H1,LONG_SHOCK,0.025,3,Q3,31,0.5483870967741935,-2.0903225806453323,-0.016601827293871003,0.8185382245869384,0.3777216763735451,-7.258699334303141,-0.1498938972821976,-1.3782399898422004,-0.18522948982861925,-0.3713292581283223,0.13034255694295713,1,0.6964489803948308,0,0,REJECT,2025-05-02T00:00:00+00:00,2026-05-05T22:00:00+00:00,MASSIVE_parquet,2026-05-15T08:24:34.034053+00:00
USD_JPY_H1_LONG_SHOCK_2p5_3_Q4,USD_JPY,H1,LONG_SHOCK,0.025,3,Q4,36,0.6666666666666666,3.2944444444443852,0.021852556558557557,1.4545802989651209,0.5033399787115652,10.85840120040318,0.16768986044465473,-1.0599656311791383,-0.15103784792913044,-0.4092669979624264,0.1374618032640995,1,0.20392955779418834,0,0,REJECT,2025-05-02T00:00:00+00:00,2026-05-05T22:00:00+00:00,MASSIVE_parquet,2026-05-15T08:24:34.034053+00:00
USD_JPY_H1_LONG_SHOCK_2p5_3_Q5,USD_JPY,H1,LONG_SHOCK,0.025,3,Q5,81,0.4444444444444444,-11.18888888888877,-0.07214374531391302,0.5269832985386264,0.3411955250345785,-14.418593643407533,-0.41545694426933566,-6.932055898266654,-0.26685393305899247,-0.7770922620449316,0.16646613201225485,0,0.950449714131484,0,0,REJECT,2025-05-02T00:00:00+00:00,2026-05-05T22:00:00+00:00,MASSIVE_parquet,2026-05-15T08:24:34.034053+00:00
USD_JPY_H1_LONG_SHOCK_2p5_6_ALL,USD_JPY,H1,LONG_SHOCK,0.025,6,ALL,167,0.5449101796407185,-4.048502994011956,-0.025842415577037654,0.8061806610669965,0.46922071620387673,-5.38131046641192,-0.1280152930916092,-8.674883284029644,-0.28143361196475863,-0.7555386720426283,0.20625713262255485,1,0.8137483802716808,0,0,REJECT,2025-05-02T00:00:00+00:00,2026-05-05T22:00:00+00:00,MASSIVE_parquet,2026-05-15T08:24:34.034053+00:00
USD_JPY_H1_LONG_SHOCK_2p5_6_Q1,USD_JPY,H1,LONG_SHOCK,0.025,6,Q1,3,0.3333333333333333,14.166666666666098,0.0878885103847223,3.4285714285711735,0.061491944720396215,26.795036385881442,0.2330158779660062,-0.008781558726678185,-0.11717150464606678,-0.2505529507356463,0.19082929029032858,1,0.3056078422775418,0,0,REJECT,2025-05-02T00:00:00+00:00,2026-05-05T22:00:00+00:00,MASSIVE_parquet,2026-05-15T08:24:34.034053+00:00
USD_JPY_H1_LONG_SHOCK_2p5_6_Q2,USD_JPY,H1,LONG_SHOCK,0.025,6,Q2,16,0.4375,-11.762499999999676,-0.078554488446958,0.41260923845194225,0.2309865240549235,-28.08107613634989,-0.6414647560039874,-1.7853536270669101,-0.26916500082855355,-0.6119852284031391,0.14094915882503362,1,0.9153959342593201,0,0,REJECT,2025-05-02T00:00:00+00:00,2026-05-05T22:00:00+00:00,MASSIVE_parquet,2026-05-15T08:24:34.034053+00:00
USD_JPY_H1_LONG_SHOCK_2p5_6_Q3,USD_JPY,H1,LONG_SHOCK,0.025,6,Q3,31,0.5161290322580645,1.3741935483867822,0.006725449784709734,1.1041055718474824,0.348403954480288,2.2810832093668565,0.03668288479215848,-1.14612489714786,-0.21470244723937093,-0.44137012777056284,0.1806772666561961,1,0.43568429125396846,0,0,REJECT,2025-05-02T00:00:00+00:00,2026-05-05T22:00:00+00:00,MASSIVE_parquet,2026-05-15T08:24:34.034053+00:00
USD_JPY_H1_LONG_SHOCK_2p5_6_Q4,USD_JPY,H1,LONG_SHOCK,0.025,6,Q4,36,0.6388888888888888,11.852777777777845,0.07912324555670622,2.3903551645487133,0.47575075485558044,26.274187815304373,0.3740554018428876,-1.2075927074156834,-0.18960753067798114,-0.47641744724528645,0.21758415924773628,1,0.02516122108913584,0,0,REJECT,2025-05-02T00:00:00+00:00,2026-05-05T22:00:00+00:00,MASSIVE_parquet,2026-05-15T08:24:34.034053+00:00
USD_JPY_H1_LONG_SHOCK_2p5_6_Q5,USD_JPY,H1,LONG_SHOCK,0.025,6,Q5,81,0.5432098765432098,-12.341975308641889,-0.07875806050290807,0.5893275274206168,0.43524015896677065,-12.885098742657595,-0.37113623402653306,-9.593760745910906,-0.35629150249496067,-1.0314263716825534,0.22448446588437715,1,0.9300739510415511,0,0,REJECT,2025-05-02T00:00:00+00:00,2026-05-05T22:00:00+00:00,MASSIVE_parquet,2026-05-15T08:24:34.034053+00:00
USD_JPY_H1_LONG_SHOCK_2p5_12_ALL,USD_JPY,H1,LONG_SHOCK,0.025,12,ALL,167,0.5568862275449101,-3.9676646706585683,-0.023480591812028932,0.8609414678167472,0.48110709969318294,-3.739728974366814,-0.08081743752030468,-12.910385567344008,-0.3653738315330658,-1.0613611117993471,0.286101170774023,1,0.7324155287060653,0,0,REJECT,2025-05-02T00:00:00+00:00,2026-05-05T22:00:00+00:00,MASSIVE_parquet,2026-05-15T08:24:34.034053+00:00
USD_JPY_H1_LONG_SHOCK_2p5_12_Q1,USD_JPY,H1,LONG_SHOCK,0.025,12,Q1,3,0.6666666666666666,11.633333333332985,0.07205567578948413,3.528985507246205,0.20765960080204768,36.86365292309481,0.4710497969515177,0.0,-0.1238699659303492,-0.2530828921730932,0.2013064626272302,1,0.2489636738404401,0,0,REJECT,2025-05-02T00:00:00+00:00,2026-05-05T22:00:00+00:00,MASSIVE_parquet,2026-05-15T08:24:34.034053+00:00
USD_JPY_H1_LONG_SHOCK_2p5_12_Q2,USD_JPY,H1,LONG_SHOCK,0.025,12,Q2,16,0.3125,-16.931249999999665,-0.11258457601096006,0.49768218060449204,0.14164643854782036,-23.606229543213445,-0.3203113555081323,-2.59403508503655,-0.39537264590704047,-0.696425224052255,0.22199095550190368,1,0.878274013290412,0,0,REJECT,2025-05-02T00:00:00+00:00,2026-05-05T22:00:00+00:00,MASSIVE_parquet,2026-05-15T08:24:34.034053+00:00
USD_JPY_H1_LONG_SHOCK_2p5_12_Q3,USD_JPY,H1,LONG_SHOCK,0.025,12,Q3,31,0.6129032258064516,11.354838709677544,0.07395516256520585,2.0328638497652647,0.4382410861966073,20.98360323426408,0.3085631333597575,-1.0702339505727188,-0.2599649313133626,-0.5718555424221561,0.2582768671712523,0,0.0717375761004183,0,0,REJECT,2025-05-02T00:00:00+00:00,2026-05-05T22:00:00+00:00,MASSIVE_parquet,2026-05-15T08:24:34.034053+00:00
USD_JPY_H1_LONG_SHOCK_2p5_12_Q4,USD_JPY,H1,LONG_SHOCK,0.025,12,Q4,36,0.6111111111111112,5.86111111111107,0.042104636427096116,1.3114850900501884,0.44864459096605147,9.866318267986587,0.15613683678544604,-2.560653416775982,-0.27563979324594734,-0.6360716128548993,0.3067755104457318,1,0.22581718249665253,0,0,REJECT,2025-05-02T00:00:00+00:00,2026-05-05T22:00:00+00:00,MASSIVE_parquet,2026-05-15T08:24:34.034053+00:00
USD_JPY_H1_LONG_SHOCK_2p5_12_Q5,USD_JPY,H1,LONG_SHOCK,0.025,12,Q5,81,0.5555555555555556,-12.217283950617126,-0.07585740240368845,0.6901302605210446,0.44727573776431023,-9.548976604309528,-0.23590330059411002,-12.847299209158468,-0.4486162000759252,-1.6347205433719036,0.3033656738888213,1,0.8637811494971671,0,0,REJECT,2025-05-02T00:00:00+00:00,2026-05-05T22:00:00+00:00,MASSIVE_parquet,2026-05-15T08:24:34.034053+00:00
USD_JPY_H1_SHORT_SHOCK_2p5_1_ALL,USD_JPY,H1,SHORT_SHOCK,0.025,1,ALL,162,0.46296296296296297,-0.7006172839507521,-0.00503067405680088,0.9032148034450236,0.38792737738593824,-3.401021989657118,-0.05415190140441212,-2.60651228313703,-0.10197853957943424,-0.24230974186991938,0.09595888959634442,1,0.7107210047874459,0,0,REJECT,2025-05-02T00:00:00+00:00,2026-05-05T22:00:00+00:00,MASSIVE_parquet,2026-05-15T08:24:34.034053+00:00
USD_JPY_H1_SHORT_SHOCK_2p5_1_Q1,USD_JPY,H1,SHORT_SHOCK,0.025,1,Q1,6,0.0,-11.866666666666958,-0.07907896001356034,0.0,3.384324554477539e-17,-119.7536193326889,0.0,-0.4648075882306313,-0.12518064776912605,-0.1969655658515701,0.04307987337334914,0,0.9935011337948803,0,0,REJECT,2025-05-02T00:00:00+00:00,2026-05-05T22:00:00+00:00,MASSIVE_parquet,2026-05-15T08:24:34.034053+00:00
USD_JPY_H1_SHORT_SHOCK_2p5_1_Q2,USD_JPY,H1,SHORT_SHOCK,0.025,1,Q2,16,0.4375,-4.218750000000426,-0.03007219365288097,0.664346096469393,0.2309865240549235,-13.337781011099809,-0.23862659611364645,-1.0883571665226355,-0.1445792216289786,-0.3718046339733688,0.13094587540014024,1,0.7484169335794084,0,0,REJECT,2025-05-02T00:00:00+00:00,2026-05-05T22:00:00+00:00,MASSIVE_parquet,2026-05-15T08:24:34.034053+00:00
USD_JPY_H1_SHORT_SHOCK_2p5_1_Q3,USD_JPY,H1,SHORT_SHOCK,0.025,1,Q3,26,0.5,0.2038461538455968,0.0019179211098516382,1.0361527967256834,0.32060593525759046,1.4810305646054964,0.024704913199067757,-0.30918827386913206,-0.10156640261277511,-0.22257526979752862,0.09529734137251077,1,0.4617083754197197,0,0,REJECT,2025-05-02T00:00:00+00:00,2026-05-05T22:00:00+00:00,MASSIVE_parquet,2026-05-15T08:24:34.034053+00:00
USD_JPY_H1_SHORT_SHOCK_2p5_1_Q4,USD_JPY,H1,SHORT_SHOCK,0.025,1,Q4,39,0.5384615384615384,2.1333333333333897,0.013368530672629414,1.3443708609271658,0.38569448270515755,9.322422119108973,0.1321789216399179,-0.8560447554526118,-0.08447324682785788,-0.19236282348160771,0.09437600222993134,0,0.22935077507110146,0,0,REJECT,2025-05-02T00:00:00+00:00,2026-05-05T22:00:00+00:00,MASSIVE_parquet,2026-05-15T08:24:34.034053+00:00
USD_JPY_H1_SHORT_SHOCK_2p5_1_Q5,USD_JPY,H1,SHORT_SHOCK,0.025,1,Q5,75,0.4533333333333333,-0.8440000000000131,-0.005741053116839663,0.8764154627098767,0.3456979638413221,-4.111824462037131,-0.06612032936827544,-1.362043075852959,-0.10027985179961767,-0.23449913948218604,0.09377775873750475,1,0.6758127087846912,0,0,REJECT,2025-05-02T00:00:00+00:00,2026-05-05T22:00:00+00:00,MASSIVE_parquet,2026-05-15T08:24:34.034053+00:00
USD_JPY_H1_SHORT_SHOCK_2p5_3_ALL,USD_JPY,H1,SHORT_SHOCK,0.025,3,ALL,162,0.42592592592592593,-3.903086419753214,-0.026415488898596236,0.7057975060487534,0.3523642022129437,-10.179045432330721,-0.19011103197902313,-7.355335522319773,-0.1634579214867852,-0.4044536770816831,0.1444197142739721,1,0.9511648118004872,0,0,REJECT,2025-05-02T00:00:00+00:00,2026-05-05T22:00:00+00:00,MASSIVE_parquet,2026-05-15T08:24:34.034053+00:00
USD_JPY_H1_SHORT_SHOCK_2p5_3_Q1,USD_JPY,H1,SHORT_SHOCK,0.025,3,Q1,6,0.16666666666666666,-12.966666666667,-0.08753154158135563,0.09744779582366696,0.030053369748306632,-61.41509689849003,-1.5221318264134494,-0.47026893824269056,-0.19775062578685776,-0.2837124756452203,0.054743016006160904,0,0.9445678491605315,0,0,REJECT,2025-05-02T00:00:00+00:00,2026-05-05T22:00:00+00:00,MASSIVE_parquet,2026-05-15T08:24:34.034053+00:00
USD_JPY_H1_SHORT_SHOCK_2p5_3_Q2,USD_JPY,H1,SHORT_SHOCK,0.025,3,Q2,16,0.3125,-6.368750000000034,-0.045648561055475906,0.6475268073330998,0.14164643854782036,-12.310543739883133,-0.1844614857360382,-1.7286952539094624,-0.19878222821885505,-0.5078838662580132,0.16581592300906056,1,0.731926355553786,0,0,REJECT,2025-05-02T00:00:00+00:00,2026-05-05T22:00:00+00:00,MASSIVE_parquet,2026-05-15T08:24:34.034053+00:00
USD_JPY_H1_SHORT_SHOCK_2p5_3_Q3,USD_JPY,H1,SHORT_SHOCK,0.025,3,Q3,26,0.5769230769230769,5.223076923076501,0.03427586683822242,1.690391459074683,0.3894861374659171,15.412958055952727,0.2362103047425379,-0.33762511264632256,-0.1344716623285592,-0.33109290472009834,0.16061213726350243,0,0.1609516768841692,0,0,REJECT,2025-05-02T00:00:00+00:00,2026-05-05T22:00:00+00:00,MASSIVE_parquet,2026-05-15T08:24:34.034053+00:00
USD_JPY_H1_SHORT_SHOCK_2p5_3_Q4,USD_JPY,H1,SHORT_SHOCK,0.025,3,Q4,39,0.41025641025641024,-4.915384615384619,-0.032729529918608995,0.6160624874824813,0.2707931000072517,-14.127828053834572,-0.2597124188646831,-2.4368146538563007,-0.15009494657435454,-0.4226962760935804,0.1473402007215039,1,0.8681530675550967,0,0,REJECT,2025-05-02T00:00:00+00:00,2026-05-05T22:00:00+00:00,MASSIVE_parquet,2026-05-15T08:24:34.034053+00:00
USD_JPY_H1_SHORT_SHOCK_2p5_3_Q5,USD_JPY,H1,SHORT_SHOCK,0.025,3,Q5,75,0.4266666666666667,-5.289333333333427,-0.03517951794886498,0.631969570461074,0.3210074201902476,-13.289750796064297,-0.2694096372786265,-4.469443950584584,-0.17017596983592015,-0.39934665515562684,0.1398972993494911,1,0.9284317526657915,0,0,REJECT,2025-05-02T00:00:00+00:00,2026-05-05T22:00:00+00:00,MASSIVE_parquet,2026-05-15T08:24:34.034053+00:00
USD_JPY_H1_SHORT_SHOCK_2p5_6_ALL,USD_JPY,H1,SHORT_SHOCK,0.025,6,ALL,162,0.3888888888888889,-11.243209876543315,-0.07406130614122186,0.4686697782963796,0.3172230206390702,-21.787454478486673,-0.4396632451111749,-12.552711776315475,-0.2364843639907102,-0.6007878619962298,0.17849281510789303,0,0.9997610738640922,0,0,REJECT,2025-05-02T00:00:00+00:00,2026-05-05T22:00:00+00:00,MASSIVE_parquet,2026-05-15T08:24:34.034053+00:00
USD_JPY_H1_SHORT_SHOCK_2p5_6_Q1,USD_JPY,H1,SHORT_SHOCK,0.025,6,Q1,6,0.0,-42.549999999999955,-0.28766374920235854,0.0,3.384324554477539e-17,-78.65361509505118,0.0,-1.372316826242459,-0.39976028405358704,-0.7287164499805293,0.07514594142966624,0,0.9719888000941558,0,0,REJECT,2025-05-02T00:00:00+00:00,2026-05-05T22:00:00+00:00,MASSIVE_parquet,2026-05-15T08:24:34.034053+00:00
USD_JPY_H1_SHORT_SHOCK_2p5_6_Q2,USD_JPY,H1,SHORT_SHOCK,0.025,6,Q2,16,0.375,-13.143750000000232,-0.09012231553346892,0.47438140464882916,0.18481232558863636,-20.060881074513315,-0.42776808758053897,-2.272638538675331,-0.25942177759451723,-0.7095494395738533,0.17810834240633844,1,0.8407465189578507,0,0,REJECT,2025-05-02T00:00:00+00:00,2026-05-05T22:00:00+00:00,MASSIVE_parquet,2026-05-15T08:24:34.034053+00:00
USD_JPY_H1_SHORT_SHOCK_2p5_6_Q3,USD_JPY,H1,SHORT_SHOCK,0.025,6,Q3,26,0.5,-0.45000000000007173,0.00037201122774029787,0.9697986577181159,0.32060593525759046,0.11975532381888922,0.0019218099863729243,-1.3761643350292618,-0.19782339078535066,-0.4055662666312798,0.22725819393747917,1,0.49689873235659254,0,0,REJECT,2025-05-02T00:00:00+00:00,2026-05-05T22:00:00+00:00,MASSIVE_parquet,2026-05-15T08:24:34.034053+00:00
USD_JPY_H1_SHORT_SHOCK_2p5_6_Q4,USD_JPY,H1,SHORT_SHOCK,0.025,6,Q4,39,0.3333333333333333,-15.958974358974405,-0.10482739983390009,0.29022693579655673,0.20632956189598373,-37.6394876524264,-0.8145323241634215,-3.795783517383144,-0.2207369049525167,-0.4876984408564388,0.17278520749125303,0,0.997764390074195,0,0,REJECT,2025-05-02T00:00:00+00:00,2026-05-05T22:00:00+00:00,MASSIVE_parquet,2026-05-15T08:24:34.034053+00:00
USD_JPY_H1_SHORT_SHOCK_2p5_6_Q5,USD_JPY,H1,SHORT_SHOCK,0.025,6,Q5,75,0.41333333333333333,-9.622666666666797,-0.06335194332703241,0.5215142876085621,0.3087772913040633,-18.397629531165578,-0.38069384223954617,-6.040078460294528,-0.2401201248945865,-0.5799592172581691,0.17290521047821245,1,0.9779828583755826,0,0,REJECT,2025-05-02T00:00:00+00:00,2026-05-05T22:00:00+00:00,MASSIVE_parquet,2026-05-15T08:24:34.034053+00:00
USD_JPY_H1_SHORT_SHOCK_2p5_12_ALL,USD_JPY,H1,SHORT_SHOCK,0.025,12,ALL,162,0.3950617283950617,-11.763580246913678,-0.07740033080288827,0.5826599215995423,0.3230499188494301,-15.624812943308083,-0.2822346449062977,-13.94691265428487,-0.31764217686148516,-0.9312583063581885,0.2628941406692973,1,0.9942623981993839,0,0,REJECT,2025-05-02T00:00:00+00:00,2026-05-05T22:00:00+00:00,MASSIVE_parquet,2026-05-15T08:24:34.034053+00:00
USD_JPY_H1_SHORT_SHOCK_2p5_12_Q1,USD_JPY,H1,SHORT_SHOCK,0.025,12,Q1,6,0.0,-75.63333333333304,-0.5097994796167904,0.0,3.384324554477539e-17,-119.19483531099803,0.0,-2.3873291136403796,-0.6644241088825461,-1.060662011548269,0.0844442035479916,0,0.9933824134956004,0,0,REJECT,2025-05-02T00:00:00+00:00,2026-05-05T22:00:00+00:00,MASSIVE_parquet,2026-05-15T08:24:34.034053+00:00
USD_JPY_H1_SHORT_SHOCK_2p5_12_Q2,USD_JPY,H1,SHORT_SHOCK,0.025,12,Q2,16,0.3125,-18.750000000000355,-0.13140961921890362,0.567224466243503,0.14164643854782036,-15.609819092510795,-0.25620230328224425,-3.804964091473728,-0.3906244756123868,-1.0587807843625145,0.28465914318536456,1,0.7827096862435959,0,0,REJECT,2025-05-02T00:00:00+00:00,2026-05-05T22:00:00+00:00,MASSIVE_parquet,2026-05-15T08:24:34.034053+00:00
USD_JPY_H1_SHORT_SHOCK_2p5_12_Q3,USD_JPY,H1,SHORT_SHOCK,0.025,12,Q3,26,0.46153846153846156,-8.82692307692292,-0.05821323892499444,0.6449566831683216,0.28755853530391223,-13.538096654115778,-0.2552241696587836,-1.4706557131287434,-0.2997815819854678,-0.62759101209513,0.30958853804225434,0,0.8084033798286965,0,0,REJECT,2025-05-02T00:00:00+00:00,2026-05-05T22:00:00+00:00,MASSIVE_parquet,2026-05-15T08:24:34.034053+00:00
USD_JPY_H1_SHORT_SHOCK_2p5_12_Q4,USD_JPY,H1,SHORT_SHOCK,0.025,12,Q4,39,0.38461538461538464,-15.733333333333176,-0.10291094348724354,0.39307616221563324,0.2489137346556135,-31.163433069029697,-0.5966292619465525,-4.287906714774403,-0.2963548566224213,-0.6930277147422303,0.2198709110092134,0,0.9916237141766856,0,0,REJECT,2025-05-02T00:00:00+00:00,2026-05-05T22:00:00+00:00,MASSIVE_parquet,2026-05-15T08:24:34.034053+00:00
USD_JPY_H1_SHORT_SHOCK_2p5_12_Q5,USD_JPY,H1,SHORT_SHOCK,0.025,12,Q5,75,0.4266666666666667,-4.117333333333629,-0.02467242395749795,0.8247346614450201,0.3210074201902476,-5.168648677269474,-0.08170935156134679,-5.825264758700799,-0.2915911446476072,-0.7663271297102503,0.27871162343619255,1,0.7166755771292221,0,0,REJECT,2025-05-02T00:00:00+00:00,2026-05-05T22:00:00+00:00,MASSIVE_parquet,2026-05-15T08:24:34.034053+00:00
USD_JPY_H1_LONG_SHOCK_5_1_ALL,USD_JPY,H1,LONG_SHOCK,0.05,1,ALL,317,0.501577287066246,-0.7731861198737522,-0.0048679009944374045,0.9033631668178128,0.4468478976405923,-2.4955616131475016,-0.051502018362139634,-3.9774169114964786,-0.1142337407338163,-0.2808860612041375,0.09647205850470524,1,0.7159111861971243,0,0,REJECT,2025-05-02T00:00:00+00:00,2026-05-05T22:00:00+00:00,MASSIVE_parquet,2026-05-15T08:24:34.034053+00:00
USD_JPY_H1_LONG_SHOCK_5_1_Q1,USD_JPY,H1,LONG_SHOCK,0.05,1,Q1,16,0.5625,5.343749999999758,0.03656201760303748,2.2704309063892407,0.331785563988119,24.045096097174685,0.32053712256170186,-0.3138821644940837,-0.07635547295253703,-0.17691139758915508,0.11057902366811007,0,0.11759780221830077,0,0,REJECT,2025-05-02T00:00:00+00:00,2026-05-05T22:00:00+00:00,MASSIVE_parquet,2026-05-15T08:24:34.034053+00:00
USD_JPY_H1_LONG_SHOCK_5_1_Q2,USD_JPY,H1,LONG_SHOCK,0.05,1,Q2,49,0.5510204081632653,1.9673469387755074,0.012620189278965892,1.3453959154424973,0.41315108219497904,8.800163520326928,0.13752640023745538,-0.5323318096825402,-0.08950114172828895,-0.24656683684235678,0.0904963038124464,0,0.21609834024625282,0,0,REJECT,2025-05-02T00:00:00+00:00,2026-05-05T22:00:00+00:00,MASSIVE_parquet,2026-05-15T08:24:34.034053+00:00
USD_JPY_H1_LONG_SHOCK_5_1_Q3,USD_JPY,H1,LONG_SHOCK,0.05,1,Q3,57,0.45614035087719296,0.0315789473686217,-0.0009453325597052641,1.005261619409563,0.3337260558309283,-0.7293751010585933,-0.011054250925800535,-1.3616484614359492,-0.10250124917267087,-0.23316405259842465,0.08070794217348595,1,0.5280985927684948,0,0,REJECT,2025-05-02T00:00:00+00:00,2026-05-05T22:00:00+00:00,MASSIVE_parquet,2026-05-15T08:24:34.034053+00:00
USD_JPY_H1_LONG_SHOCK_5_1_Q4,USD_JPY,H1,LONG_SHOCK,0.05,1,Q4,68,0.5147058823529411,-0.3411764705881925,-0.0021031294787938943,0.943483556638253,0.3983475330632514,-1.6541106112444381,-0.028726138306218507,-0.7259089364049176,-0.09563660620068339,-0.2117395726330218,0.08639298295801548,1,0.5693502169296707,0,0,REJECT,2025-05-02T00:00:00+00:00,2026-05-05T22:00:00+00:00,MASSIVE_parquet,2026-05-15T08:24:34.034053+00:00
USD_JPY_H1_LONG_SHOCK_5_1_Q5,USD_JPY,H1,LONG_SHOCK,0.05,1,Q5,124,0.4838709677419355,-3.2153225806450885,-0.020181279601021666,0.715681380589037,0.3977266917010925,-7.7196265160543165,-0.18502367002899656,-4.284065078673461,-0.1441501698512472,-0.3766573826803249,0.10858522307512104,1,0.8644180922559738,0,0,REJECT,2025-05-02T00:00:00+00:00,2026-05-05T22:00:00+00:00,MASSIVE_parquet,2026-05-15T08:24:34.034053+00:00
USD_JPY_H1_LONG_SHOCK_5_3_ALL,USD_JPY,H1,LONG_SHOCK,0.05,3,ALL,317,0.5394321766561514,-2.4145110410094897,-0.015352604861791278,0.8233800996861711,0.4844176399831728,-4.470795456695088,-0.12585980345029213,-8.23118166583614,-0.1876421545912753,-0.45797741574624684,0.14968944474267754,1,0.8465843166197915,0,0,REJECT,2025-05-02T00:00:00+00:00,2026-05-05T22:00:00+00:00,MASSIVE_parquet,2026-05-15T08:24:34.034053+00:00
USD_JPY_H1_LONG_SHOCK_5_3_Q1,USD_JPY,H1,LONG_SHOCK,0.05,3,Q1,16,0.5625,4.043749999999946,0.02780730875236448,1.365536723163835,0.331785563988119,10.315848507189646,0.15465291119924596,-0.8906472900189644,-0.13056215572627775,-0.32662251766985284,0.1857155511239994,0,0.30173517033766467,0,0,REJECT,2025-05-02T00:00:00+00:00,2026-05-05T22:00:00+00:00,MASSIVE_parquet,2026-05-15T08:24:34.034053+00:00
USD_JPY_H1_LONG_SHOCK_5_3_Q2,USD_JPY,H1,LONG_SHOCK,0.05,3,Q2,49,0.5102040816326531,-1.0795918367349184,-0.008143429325659743,0.8950813169377013,0.37467563740468035,-3.6755171012491488,-0.09413001744950533,-1.7171684697508405,-0.15443382806868264,-0.38689369212953517,0.1366587927401757,1,0.6288952485555508,0,0,REJECT,2025-05-02T00:00:00+00:00,2026-05-05T22:00:00+00:00,MASSIVE_parquet,2026-05-15T08:24:34.034053+00:00
USD_JPY_H1_LONG_SHOCK_5_3_Q3,USD_JPY,H1,LONG_SHOCK,0.05,3,Q3,57,0.6140350877192983,2.094736842105193,0.011991144165697399,1.2500523560209307,0.4842973291580957,5.837009915821826,0.10851889643654766,-1.780741218045112,-0.13951875524312757,-0.358531500708672,0.1405839254838443,1,0.2866049944774774,0,0,REJECT,2025-05-02T00:00:00+00:00,2026-05-05T22:00:00+00:00,MASSIVE_parquet,2026-05-15T08:24:34.034053+00:00
USD_JPY_H1_LONG_SHOCK_5_3_Q4,USD_JPY,H1,LONG_SHOCK,0.05,3,Q4,68,0.6323529411764706,3.4294117647059146,0.023782817124751655,1.479046836483166,0.5135563563911616,11.707156263010686,0.19570946153509805,-1.2888458553268478,-0.1372053996445977,-0.404415444561404,0.1375859424448322,1,0.10939948975629299,0,0,REJECT,2025-05-02T00:00:00+00:00,2026-05-05T22:00:00+00:00,MASSIVE_parquet,2026-05-15T08:24:34.034053+00:00
USD_JPY_H1_LONG_SHOCK_5_3_Q5,USD_JPY,H1,LONG_SHOCK,0.05,3,Q5,124,0.46774193548387094,-9.338709677419319,-0.05974258480982027,0.5682970474202221,0.3822137004464401,-12.54728093445351,-0.3614794282384926,-9.279706442093437,-0.25738925633353155,-0.7723253723753593,0.16043675057560797,0,0.9625743510250292,0,0,REJECT,2025-05-02T00:00:00+00:00,2026-05-05T22:00:00+00:00,MASSIVE_parquet,2026-05-15T08:24:34.034053+00:00
USD_JPY_H1_LONG_SHOCK_5_6_ALL,USD_JPY,H1,LONG_SHOCK,0.05,6,ALL,317,0.5457413249211357,-1.1690851735016186,-0.00654791474679839,0.934450006190634,0.490709554923972,-1.499703106640512,-0.036658945143033694,-10.113516750694439,-0.24620929408028575,-0.6641575338323769,0.2089110248121827,1,0.6342158734341437,0,0,REJECT,2025-05-02T00:00:00+00:00,2026-05-05T22:00:00+00:00,MASSIVE_parquet,2026-05-15T08:24:34.034053+00:00
USD_JPY_H1_LONG_SHOCK_5_6_Q1,USD_JPY,H1,LONG_SHOCK,0.05,6,Q1,16,0.5625,0.4687499999995737,0.002714745947998004,1.0338447653429295,0.331785563988119,0.8171174686095937,0.015933896301562944,-0.8265438439027828,-0.19307413852393124,-0.5242525549100818,0.20700168229327576,1,0.4835153626018496,0,0,REJECT,2025-05-02T00:00:00+00:00,2026-05-05T22:00:00+00:00,MASSIVE_parquet,2026-05-15T08:24:34.034053+00:00
USD_JPY_H1_LONG_SHOCK_5_6_Q2,USD_JPY,H1,LONG_SHOCK,0.05,6,Q2,49,0.5510204081632653,5.036734693877471,0.034470642640215696,1.4242007562736259,0.41315108219497904,11.106477288084896,0.1693508899694553,-1.1914556838218626,-0.1973166948925761,-0.45026749179531755,0.20182999672740254,0,0.16123512909267348,0,0,REJECT,2025-05-02T00:00:00+00:00,2026-05-05T22:00:00+00:00,MASSIVE_parquet,2026-05-15T08:24:34.034053+00:00
USD_JPY_H1_LONG_SHOCK_5_6_Q3,USD_JPY,H1,LONG_SHOCK,0.05,6,Q3,57,0.47368421052631576,0.9403508771928353,0.004789178432483189,1.0768348623853088,0.3498716798112527,1.7596928352863705,0.026430064058457325,-1.924488254618828,-0.18069733708786992,-0.3945008812462625,0.17762551144840677,1,0.43248593550658837,0,0,REJECT,2025-05-02T00:00:00+00:00,2026-05-05T22:00:00+00:00,MASSIVE_parquet,2026-05-15T08:24:34.034053+00:00
USD_JPY_H1_LONG_SHOCK_5_6_Q4,USD_JPY,H1,LONG_SHOCK,0.05,6,Q4,68,0.6176470588235294,7.216176470588418,0.04957180396623008,1.720981486923326,0.4988071245222142,16.34613672302028,0.2677959751327121,-2.0354422805372594,-0.1793835106493696,-0.4529525757805508,0.2034817766710939,1,0.04382487196584404,0,0,REJECT,2025-05-02T00:00:00+00:00,2026-05-05T22:00:00+00:00,MASSIVE_parquet,2026-05-15T08:24:34.034053+00:00
USD_JPY_H1_LONG_SHOCK_5_6_Q5,USD_JPY,H1,LONG_SHOCK,0.05,6,Q5,124,0.532258064516129,-9.550000000000034,-0.060931517700668104,0.658229674738087,0.4447912091341383,-10.364196950001599,-0.28427610978922324,-10.826658266430744,-0.34004280718359814,-1.0231664199548607,0.22986458225243686,1,0.9298195352177709,0,0,REJECT,2025-05-02T00:00:00+00:00,2026-05-05T22:00:00+00:00,MASSIVE_parquet,2026-05-15T08:24:34.034053+00:00
USD_JPY_H1_LONG_SHOCK_5_12_ALL,USD_JPY,H1,LONG_SHOCK,0.05,12,ALL,317,0.555205047318612,-0.49274447949525396,-0.0012112777695468453,0.9798175569165575,0.500163777968691,-0.21268209338369395,-0.004265671525146897,-14.263451808879022,-0.3265741695031321,-0.9712928143222643,0.2842372887758936,1,0.5194021125637633,0,0,REJECT,2025-05-02T00:00:00+00:00,2026-05-05T22:00:00+00:00,MASSIVE_parquet,2026-05-15T08:24:34.034053+00:00
USD_JPY_H1_LONG_SHOCK_5_12_Q1,USD_JPY,H1,LONG_SHOCK,0.05,12,Q1,16,0.5,0.006249999999852207,-3.218590722345316e-05,1.0003849114703527,0.27999563610326017,-0.00965342206512648,-0.00014928410386705337,-1.3781275017144434,-0.2329147253123831,-0.5664224299019693,0.2315541878932334,1,0.5001948105774604,0,0,REJECT,2025-05-02T00:00:00+00:00,2026-05-05T22:00:00+00:00,MASSIVE_parquet,2026-05-15T08:24:34.034053+00:00
USD_JPY_H1_LONG_SHOCK_5_12_Q2,USD_JPY,H1,LONG_SHOCK,0.05,12,Q2,49,0.5306122448979592,1.6918367346938352,0.012650986142714643,1.0933348344967322,0.39380863983661896,3.17404476551494,0.050943928135136984,-1.7677454290681793,-0.2627998442238509,-0.6563162846382009,0.2712091567629273,0,0.388169880333117,0,0,REJECT,2025-05-02T00:00:00+00:00,2026-05-05T22:00:00+00:00,MASSIVE_parquet,2026-05-15T08:24:34.034053+00:00
USD_JPY_H1_LONG_SHOCK_5_12_Q3,USD_JPY,H1,LONG_SHOCK,0.05,12,Q3,57,0.5964912280701754,8.091228070175529,0.05194272317565206,1.6186452045607032,0.4669729242085391,14.762837807213312,0.22375687125232474,-1.4797590274708616,-0.25703673265387283,-0.6266215760974791,0.24606017987324497,0,0.07868269893087351,0,0,REJECT,2025-05-02T00:00:00+00:00,2026-05-05T22:00:00+00:00,MASSIVE_parquet,2026-05-15T08:24:34.034053+00:00
USD_JPY_H1_LONG_SHOCK_5_12_Q4,USD_JPY,H1,LONG_SHOCK,0.05,12,Q4,68,0.5588235294117647,4.138235294117762,0.030582232915175783,1.2202912165335902,0.4408186530458819,7.106021143481028,0.11205540820134052,-3.0939823235083934,-0.2690050755742984,-0.6624189895763372,0.2869653640425509,1,0.2268988955153191,0,0,REJECT,2025-05-02T00:00:00+00:00,2026-05-05T22:00:00+00:00,MASSIVE_parquet,2026-05-15T08:24:34.034053+00:00
USD_JPY_H1_LONG_SHOCK_5_12_Q5,USD_JPY,H1,LONG_SHOCK,0.05,12,Q5,124,0.5564516129032258,-7.428225806451622,-0.045369558686474534,0.7951608957680069,0.4686201195166233,-5.894999445341515,-0.13346768059150083,-14.031205057240726,-0.4277682090687141,-1.5230226152496344,0.31460931373373907,1,0.7998710762406086,0,0,REJECT,2025-05-02T00:00:00+00:00,2026-05-05T22:00:00+00:00,MASSIVE_parquet,2026-05-15T08:24:34.034053+00:00
USD_JPY_H1_SHORT_SHOCK_5_1_ALL,USD_JPY,H1,SHORT_SHOCK,0.05,1,ALL,313,0.4696485623003195,-1.7578274760384052,-0.011928795865634551,0.7515914939726301,0.4150618047863744,-8.878469842104808,-0.1603284447679184,-5.362075562359639,-0.09780120130888137,-0.23144943034688836,0.08480317751353787,1,0.9778697204639576,0,0,REJECT,2025-05-02T00:00:00+00:00,2026-05-05T22:00:00+00:00,MASSIVE_parquet,2026-05-15T08:24:34.034053+00:00
USD_JPY_H1_SHORT_SHOCK_5_1_Q1,USD_JPY,H1,SHORT_SHOCK,0.05,1,Q1,22,0.45454545454545453,-2.3090909090910827,-0.015750317063067953,0.6747759282970271,0.26920294180813314,-12.700300195950266,-0.22600655087525007,-0.6316583853539282,-0.09181535560812187,-0.22880527176039667,0.07887928659719384,1,0.7738946872847383,0,0,REJECT,2025-05-02T00:00:00+00:00,2026-05-05T22:00:00+00:00,MASSIVE_parquet,2026-05-15T08:24:34.034053+00:00
USD_JPY_H1_SHORT_SHOCK_5_1_Q2,USD_JPY,H1,SHORT_SHOCK,0.05,1,Q2,45,0.5333333333333333,-2.3866666666668834,-0.017159178694251914,0.7213284898806192,0.3907745474012537,-10.102482494715836,-0.22677449069855482,-1.4684570257192053,-0.10564544350394088,-0.35150815072051644,0.09874646419794224,1,0.8058730234494992,0,0,REJECT,2025-05-02T00:00:00+00:00,2026-05-05T22:00:00+00:00,MASSIVE_parquet,2026-05-15T08:24:34.034053+00:00
USD_JPY_H1_SHORT_SHOCK_5_1_Q3,USD_JPY,H1,SHORT_SHOCK,0.05,1,Q3,58,0.39655172413793105,-3.1000000000001013,-0.02007571394171078,0.5500500500500428,0.2808875779487437,-16.809363914553224,-0.31652886599233854,-1.5628633108141776,-0.10373393275910053,-0.21889222770837213,0.07288080271648914,0,0.9473778946771779,0,0,REJECT,2025-05-02T00:00:00+00:00,2026-05-05T22:00:00+00:00,MASSIVE_parquet,2026-05-15T08:24:34.034053+00:00
USD_JPY_H1_SHORT_SHOCK_5_1_Q4,USD_JPY,H1,SHORT_SHOCK,0.05,1,Q4,68,0.5,0.5676470588234395,0.003193565426590054,1.0928330928330772,0.38438064984606757,2.4501549888568195,0.036481599487047045,-1.0935912469065556,-0.08500877856996403,-0.19950994612399742,0.08939023341294679,1,0.3979066843775972,0,0,REJECT,2025-05-02T00:00:00+00:00,2026-05-05T22:00:00+00:00,MASSIVE_parquet,2026-05-15T08:24:34.034053+00:00
USD_JPY_H1_SHORT_SHOCK_5_1_Q5,USD_JPY,H1,SHORT_SHOCK,0.05,1,Q5,119,0.47058823529411764,-2.0546218487394423,-0.013652683655590534,0.7128933771723838,0.3832373024605454,-10.35403794093105,-0.19165750273717486,-2.8300187488323636,-0.10063515007996915,-0.22855372765502868,0.08428039936609079,1,0.9254737120850698,0,0,REJECT,2025-05-02T00:00:00+00:00,2026-05-05T22:00:00+00:00,MASSIVE_parquet,2026-05-15T08:24:34.034053+00:00
USD_JPY_H1_SHORT_SHOCK_5_3_ALL,USD_JPY,H1,SHORT_SHOCK,0.05,3,ALL,313,0.4281150159744409,-4.065814696485678,-0.027117576854176425,0.6735918744228956,0.3744965136490874,-11.557153542140036,-0.21783449149827738,-11.411604210165176,-0.1537621744268759,-0.39290632851126883,0.1289720413276658,1,0.9955082319693238,0,0,REJECT,2025-05-02T00:00:00+00:00,2026-05-05T22:00:00+00:00,MASSIVE_parquet,2026-05-15T08:24:34.034053+00:00
USD_JPY_H1_SHORT_SHOCK_5_3_Q1,USD_JPY,H1,SHORT_SHOCK,0.05,3,Q1,22,0.5454545454545454,-2.272727272727273,-0.01464850014839536,0.7273718647764454,0.34659795320734943,-8.170121842699748,-0.19422836668026378,-0.9669916829603942,-0.14307042639843695,-0.3139250353746359,0.10099614025093274,0,0.6863519175935535,0,0,REJECT,2025-05-02T00:00:00+00:00,2026-05-05T22:00:00+00:00,MASSIVE_parquet,2026-05-15T08:24:34.034053+00:00
USD_JPY_H1_SHORT_SHOCK_5_3_Q2,USD_JPY,H1,SHORT_SHOCK,0.05,3,Q2,45,0.4444444444444444,-3.4311111111110097,-0.024805879137750342,0.7486570079765662,0.30938930034997586,-8.816087734909484,-0.16496042089598606,-2.453080679958386,-0.15600844805715466,-0.39217522965912854,0.13575674400765841,1,0.7744821048994285,0,0,REJECT,2025-05-02T00:00:00+00:00,2026-05-05T22:00:00+00:00,MASSIVE_parquet,2026-05-15T08:24:34.034053+00:00
USD_JPY_H1_SHORT_SHOCK_5_3_Q3,USD_JPY,H1,SHORT_SHOCK,0.05,3,Q3,58,0.5344827586206896,0.7689655172413268,0.005725032667679775,1.0731867410567721,0.408001750439952,2.3781819724761615,0.04086938483977226,-0.8906913718181197,-0.14515536630125378,-0.38920359534727444,0.1390987891700576,1,0.4083400588209578,0,0,REJECT,2025-05-02T00:00:00+00:00,2026-05-05T22:00:00+00:00,MASSIVE_parquet,2026-05-15T08:24:34.034053+00:00
USD_JPY_H1_SHORT_SHOCK_5_3_Q4,USD_JPY,H1,SHORT_SHOCK,0.05,3,Q4,68,0.36764705882352944,-5.375000000000169,-0.03583688534633321,0.5555150188495627,0.26300465135235673,-17.670028805391244,-0.2999745441022934,-3.3720320270279935,-0.14661272286537855,-0.3379591692542999,0.1280530816338185,1,0.9673288692405315,0,0,REJECT,2025-05-02T00:00:00+00:00,2026-05-05T22:00:00+00:00,MASSIVE_parquet,2026-05-15T08:24:34.034053+00:00
USD_JPY_H1_SHORT_SHOCK_5_3_Q5,USD_JPY,H1,SHORT_SHOCK,0.05,3,Q5,119,0.37815126050420167,-6.314285714285771,-0.041785815462419225,0.5498981670061034,0.2961237753092029,-17.4140622628628,-0.33351338099493777,-6.995727603823619,-0.16363929820433737,-0.39471710966126783,0.12775041092112568,1,0.9919698079897795,0,0,REJECT,2025-05-02T00:00:00+00:00,2026-05-05T22:00:00+00:00,MASSIVE_parquet,2026-05-15T08:24:34.034053+00:00
USD_JPY_H1_SHORT_SHOCK_5_6_ALL,USD_JPY,H1,SHORT_SHOCK,0.05,6,ALL,313,0.41214057507987223,-8.987859424920147,-0.05919361259104805,0.5201119033809825,0.35899692936697947,-18.839972852248653,-0.3795806129798799,-19.61551156248612,-0.21668795890835027,-0.5676449877964496,0.16548586182070046,0,0.9999878619957634,0,0,REJECT,2025-05-02T00:00:00+00:00,2026-05-05T22:00:00+00:00,MASSIVE_parquet,2026-05-15T08:24:34.034053+00:00
USD_JPY_H1_SHORT_SHOCK_5_6_Q1,USD_JPY,H1,SHORT_SHOCK,0.05,6,Q1,22,0.5,-8.200000000000397,-0.05406539199024189,0.4998613806487182,0.3072210627372502,-16.659547816511793,-0.48252686886828733,-1.9879657398772954,-0.21458641826636954,-0.5841148167303728,0.13020747090816032,0,0.8367783150450679,0,0,REJECT,2025-05-02T00:00:00+00:00,2026-05-05T22:00:00+00:00,MASSIVE_parquet,2026-05-15T08:24:34.034053+00:00
USD_JPY_H1_SHORT_SHOCK_5_6_Q2,USD_JPY,H1,SHORT_SHOCK,0.05,6,Q2,45,0.5111111111111111,-4.824444444444301,-0.033534322232161205,0.7376117959874374,0.37004464644583185,-8.988990562149558,-0.19278229173103745,-2.81520254498947,-0.20788993635466776,-0.5917532763956457,0.17973681692988294,1,0.7788669295717886,0,0,REJECT,2025-05-02T00:00:00+00:00,2026-05-05T22:00:00+00:00,MASSIVE_parquet,2026-05-15T08:24:34.034053+00:00
USD_JPY_H1_SHORT_SHOCK_5_6_Q3,USD_JPY,H1,SHORT_SHOCK,0.05,6,Q3,58,0.4482758620689655,-3.010344827586125,-0.01856728599530635,0.8034226525557355,0.3274985404778122,-6.414240312106426,-0.10142009172773458,-2.64794320226851,-0.19286814126318627,-0.44568992009020203,0.19391727794545954,1,0.7337880167895066,0,0,REJECT,2025-05-02T00:00:00+00:00,2026-05-05T22:00:00+00:00,MASSIVE_parquet,2026-05-15T08:24:34.034053+00:00
USD_JPY_H1_SHORT_SHOCK_5_6_Q4,USD_JPY,H1,SHORT_SHOCK,0.05,6,Q4,68,0.3088235294117647,-15.491176470588304,-0.10152395396626539,0.2687768985145062,0.21172386467551982,-38.70906142704119,-0.8347265517100702,-6.920097038324545,-0.21456138936900637,-0.464312883205914,0.14517068906192193,0,0.9999438726384329,0,0,REJECT,2025-05-02T00:00:00+00:00,2026-05-05T22:00:00+00:00,MASSIVE_parquet,2026-05-15T08:24:34.034053+00:00
USD_JPY_H1_SHORT_SHOCK_5_6_Q5,USD_JPY,H1,SHORT_SHOCK,0.05,6,Q5,119,0.3949579831932773,-10.299159663865572,-0.06814224953322451,0.47742293096831856,0.3117346506448596,-20.949084827956604,-0.438174263750527,-10.497665997077332,-0.23422670558400208,-0.573550403492612,0.1633763165146547,1,0.9980163195725466,0,0,REJECT,2025-05-02T00:00:00+00:00,2026-05-05T22:00:00+00:00,MASSIVE_parquet,2026-05-15T08:24:34.034053+00:00
USD_JPY_H1_SHORT_SHOCK_5_12_ALL,USD_JPY,H1,SHORT_SHOCK,0.05,12,ALL,313,0.41214057507987223,-9.266453674121458,-0.06039570746602061,0.638421741569531,0.35899692936697947,-12.516583412181117,-0.2301659715069332,-21.982072022230817,-0.2975810171952796,-0.7534575631607665,0.25119731817476576,1,0.9976500934113594,0,0,REJECT,2025-05-02T00:00:00+00:00,2026-05-05T22:00:00+00:00,MASSIVE_parquet,2026-05-15T08:24:34.034053+00:00
USD_JPY_H1_SHORT_SHOCK_5_12_Q1,USD_JPY,H1,SHORT_SHOCK,0.05,12,Q1,22,0.4090909090909091,-17.045454545454547,-0.11342111731987797,0.408237336278998,0.23255816196471868,-24.944016344971008,-0.5818684310382132,-3.335189172133035,-0.34042380474966927,-0.929789026764779,0.21231978892250328,0,0.9263183920520299,0,0,REJECT,2025-05-02T00:00:00+00:00,2026-05-05T22:00:00+00:00,MASSIVE_parquet,2026-05-15T08:24:34.034053+00:00
USD_JPY_H1_SHORT_SHOCK_5_12_Q2,USD_JPY,H1,SHORT_SHOCK,0.05,12,Q2,45,0.4888888888888889,-5.893333333333304,-0.04306088035291817,0.8027666220437324,0.349570237528785,-6.840991390302857,-0.1343634976306795,-4.9550786768986494,-0.28607124041933646,-0.9400021088293675,0.2756593469354135,1,0.7209261030141112,0,0,REJECT,2025-05-02T00:00:00+00:00,2026-05-05T22:00:00+00:00,MASSIVE_parquet,2026-05-15T08:24:34.034053+00:00
USD_JPY_H1_SHORT_SHOCK_5_12_Q3,USD_JPY,H1,SHORT_SHOCK,0.05,12,Q3,58,0.41379310344827586,-13.86896551724135,-0.09011848505479839,0.5014564611093894,0.29628026374083305,-20.982895226910813,-0.4018682338986295,-5.643265406810849,-0.3049425288721399,-0.6606504021475534,0.2544680484550684,0,0.977754839881316,0,0,REJECT,2025-05-02T00:00:00+00:00,2026-05-05T22:00:00+00:00,MASSIVE_parquet,2026-05-15T08:24:34.034053+00:00
USD_JPY_H1_SHORT_SHOCK_5_12_Q4,USD_JPY,H1,SHORT_SHOCK,0.05,12,Q4,68,0.3382352941176471,-15.138235294117706,-0.09841530554151243,0.3774794388001944,0.2371425321525542,-31.33781904044158,-0.5516455821923717,-7.879247750913273,-0.29390262201076295,-0.6870239755253205,0.18566250990750297,0,0.9992768671072746,0,0,REJECT,2025-05-02T00:00:00+00:00,2026-05-05T22:00:00+00:00,MASSIVE_parquet,2026-05-15T08:24:34.034053+00:00
USD_JPY_H1_SHORT_SHOCK_5_12_Q5,USD_JPY,H1,SHORT_SHOCK,0.05,12,Q5,119,0.42016806722689076,-4.123529411764834,-0.025161591478666295,0.8232412377075705,0.33534413735633245,-4.778889602780774,-0.08322255301873688,-10.1396459021884,-0.2942050900991906,-0.6956023602749306,0.28040847406552816,1,0.7480242839208983,0,0,REJECT,2025-05-02T00:00:00+00:00,2026-05-05T22:00:00+00:00,MASSIVE_parquet,2026-05-15T08:24:34.034053+00:00
EUR_USD_H1_LONG_SHOCK_1_1_ALL,EUR_USD,H1,LONG_SHOCK,0.01,1,ALL,78,0.5256410256410257,0.8435897435896905,0.00741839857676197,1.19111240197501,0.41624765387740176,5.075017970857818,0.08618695335680893,-0.6493913393849859,-0.0939210205677923,-0.24111156175724124,0.0949507576848928,1,0.28303305578699867,0,0,REJECT,2025-05-02T00:00:00+00:00,2026-05-05T22:00:00+00:00,MASSIVE_parquet,2026-05-15T08:24:34.034053+00:00
EUR_USD_H1_LONG_SHOCK_1_1_Q1,EUR_USD,H1,LONG_SHOCK,0.01,1,Q1,1,0.0,-0.9999999999998899,-0.00852020993796776,0.0,0.0,0.0,0.0,0.0,-0.08349805739212846,-0.08349805739212846,0.06134551155341228,0,1.0,0,0,REJECT,2025-05-02T00:00:00+00:00,2026-05-05T22:00:00+00:00,MASSIVE_parquet,2026-05-15T08:24:34.034053+00:00
EUR_USD_H1_LONG_SHOCK_1_1_Q2,EUR_USD,H1,LONG_SHOCK,0.01,1,Q2,8,0.625,4.037499999999527,0.03571460616169503,2.9112426035498564,0.3057423946026273,23.067030575277865,0.41451697850259045,-0.14508101923659256,-0.07375232297705814,-0.1176825782577251,0.09684271334128858,0,0.21460920618009632,0,0,REJECT,2025-05-02T00:00:00+00:00,2026-05-05T22:00:00+00:00,MASSIVE_parquet,2026-05-15T08:24:34.034053+00:00
EUR_USD_H1_LONG_SHOCK_1_1_Q3,EUR_USD,H1,LONG_SHOCK,0.01,1,Q3,7,0.2857142857142857,-5.585714285714401,-0.04732936815669474,0.3223570190641171,0.0822189240040568,-31.31961145971634,-0.5861310018433417,-0.40745801278450067,-0.13653256366675168,-0.2350295776318967,0.07787474652807587,1,0.836184692824522,0,0,REJECT,2025-05-02T00:00:00+00:00,2026-05-05T22:00:00+00:00,MASSIVE_parquet,2026-05-15T08:24:34.034053+00:00
EUR_USD_H1_LONG_SHOCK_1_1_Q4,EUR_USD,H1,LONG_SHOCK,0.01,1,Q4,16,0.625,3.9749999999998122,0.03401566187473601,2.2301740812378243,0.38641040545502725,21.11939310634987,0.34376385001514514,-0.20956978072473875,-0.07928546451864693,-0.22182223813519142,0.1112672029977474,0,0.1472554019356976,0,0,REJECT,2025-05-02T00:00:00+00:00,2026-05-05T22:00:00+00:00,MASSIVE_parquet,2026-05-15T08:24:34.034053+00:00
EUR_USD_H1_LONG_SHOCK_1_1_Q5,EUR_USD,H1,LONG_SHOCK,0.01,1,Q5,45,0.5333333333333333,0.5266666666667122,0.004695985084212959,1.1165764879488558,0.3907745474012537,3.362273374411203,0.0578797104148534,-0.7857797972993241,-0.09521291750713626,-0.2327370605723833,0.093329920879412,1,0.38658030362910323,0,0,REJECT,2025-05-02T00:00:00+00:00,2026-05-05T22:00:00+00:00,MASSIVE_parquet,2026-05-15T08:24:34.034053+00:00
EUR_USD_H1_LONG_SHOCK_1_3_ALL,EUR_USD,H1,LONG_SHOCK,0.01,3,ALL,78,0.5641025641025641,2.217948717948701,0.019256667263863936,1.2951211190719878,0.45361986570375756,7.388227582676687,0.12975169959290667,-0.9979593056744007,-0.14248540620525693,-0.3625752514333558,0.15882626167765101,0,0.20202263667011197,0,0,REJECT,2025-05-02T00:00:00+00:00,2026-05-05T22:00:00+00:00,MASSIVE_parquet,2026-05-15T08:24:34.034053+00:00
EUR_USD_H1_LONG_SHOCK_1_3_Q1,EUR_USD,H1,LONG_SHOCK,0.01,3,Q1,1,1.0,20.000000000000018,0.17040419875946622,inf,0.20654931437723742,0.0,1.0,0.0,-0.08349805739212846,-0.08349805739212846,0.2649785290709472,0,1.0,0,0,REJECT,2025-05-02T00:00:00+00:00,2026-05-05T22:00:00+00:00,MASSIVE_parquet,2026-05-15T08:24:34.034053+00:00
EUR_USD_H1_LONG_SHOCK_1_3_Q2,EUR_USD,H1,LONG_SHOCK,0.01,3,Q2,8,0.875,6.1749999999993745,0.05412248775529538,3.374999999999666,0.5291118177871466,32.61786821370334,0.6197473700582301,-0.17832953239940164,-0.08887610949003394,-0.18775026756009117,0.1292742285658427,0,0.13710110146933557,0,0,REJECT,2025-05-02T00:00:00+00:00,2026-05-05T22:00:00+00:00,MASSIVE_parquet,2026-05-15T08:24:34.034053+00:00
EUR_USD_H1_LONG_SHOCK_1_3_Q3,EUR_USD,H1,LONG_SHOCK,0.01,3,Q3,7,0.42857142857142855,-5.014285714285576,-0.04216752662726808,0.5724725943970798,0.15821985525146973,-18.634354720367696,-0.31134753046728075,-0.39213713612646917,-0.1994768453251226,-0.3323563055462453,0.15158313854764596,1,0.7252496820406782,0,0,REJECT,2025-05-02T00:00:00+00:00,2026-05-05T22:00:00+00:00,MASSIVE_parquet,2026-05-15T08:24:34.034053+00:00
EUR_USD_H1_LONG_SHOCK_1_3_Q4,EUR_USD,H1,LONG_SHOCK,0.01,3,Q4,16,0.625,0.356249999999557,0.0025302276957413217,1.0449172576831582,0.38641040545502725,1.0279562996746665,0.022283722018820118,-0.5383849231206828,-0.13677871584411444,-0.4222907739909104,0.15089648399791988,1,0.4792656640185457,0,0,REJECT,2025-05-02T00:00:00+00:00,2026-05-05T22:00:00+00:00,MASSIVE_parquet,2026-05-15T08:24:34.034053+00:00
EUR_USD_H1_LONG_SHOCK_1_3_Q5,EUR_USD,H1,LONG_SHOCK,0.01,3,Q5,45,0.5111111111111111,3.157777777777987,0.027442446013858923,1.4091563489778596,0.37004464644583185,9.469341717559603,0.15004308739625688,-0.8082161547269484,-0.14491513361540936,-0.31385026261594007,0.16820051936788805,0,0.20921932613722485,0,0,REJECT,2025-05-02T00:00:00+00:00,2026-05-05T22:00:00+00:00,MASSIVE_parquet,2026-05-15T08:24:34.034053+00:00
EUR_USD_H1_LONG_SHOCK_1_6_ALL,EUR_USD,H1,LONG_SHOCK,0.01,6,ALL,78,0.5256410256410257,0.24487179487177627,0.0022773323897858824,1.02607508532423,0.41624765387740176,0.8231929947452898,0.014450409246543172,-1.746594846926386,-0.1846109777840613,-0.45730838076985525,0.18874534736185902,1,0.46288044735949235,0,0,REJECT,2025-05-02T00:00:00+00:00,2026-05-05T22:00:00+00:00,MASSIVE_parquet,2026-05-15T08:24:34.034053+00:00
EUR_USD_H1_LONG_SHOCK_1_6_Q1,EUR_USD,H1,LONG_SHOCK,0.01,6,Q1,1,1.0,13.900000000000023,0.11843091813781292,inf,0.20654931437723742,0.0,1.0,0.0,-0.08349805739212846,-0.08349805739212846,0.2649785290709472,0,1.0,0,0,REJECT,2025-05-02T00:00:00+00:00,2026-05-05T22:00:00+00:00,MASSIVE_parquet,2026-05-15T08:24:34.034053+00:00
EUR_USD_H1_LONG_SHOCK_1_6_Q2,EUR_USD,H1,LONG_SHOCK,0.01,6,Q2,8,0.5,3.912499999999818,0.03482023535546219,1.9750778816198447,0.2152160622138776,17.55252261751965,0.25117479739433335,-0.23408895774386096,-0.11533593084422644,-0.267949916005657,0.15846853076502687,0,0.2717696355823756,0,0,REJECT,2025-05-02T00:00:00+00:00,2026-05-05T22:00:00+00:00,MASSIVE_parquet,2026-05-15T08:24:34.034053+00:00
EUR_USD_H1_LONG_SHOCK_1_6_Q3,EUR_USD,H1,LONG_SHOCK,0.01,6,Q3,7,0.2857142857142857,-7.185714285714097,-0.06217952221025153,0.3175033921302643,0.0822189240040568,-30.70136793269075,-0.6181639293989043,-0.5244928162604912,-0.22588351402084625,-0.3505296271101943,0.15850926928809692,0,0.8317471602749983,0,0,REJECT,2025-05-02T00:00:00+00:00,2026-05-05T22:00:00+00:00,MASSIVE_parquet,2026-05-15T08:24:34.034053+00:00
EUR_USD_H1_LONG_SHOCK_1_6_Q4,EUR_USD,H1,LONG_SHOCK,0.01,6,Q4,16,0.5625,-1.0687500000002017,-0.00973282025094474,0.8927899686520198,0.331785563988119,-3.5192343542830518,-0.07178623742765433,-0.6745770012280272,-0.17726162181691263,-0.4704767420218442,0.16901652062983746,1,0.5706085502200411,0,0,REJECT,2025-05-02T00:00:00+00:00,2026-05-05T22:00:00+00:00,MASSIVE_parquet,2026-05-15T08:24:34.034053+00:00
EUR_USD_H1_LONG_SHOCK_1_6_Q5,EUR_USD,H1,LONG_SHOCK,0.01,6,Q5,45,0.5333333333333333,0.8622222222222452,0.007760164910149105,1.0830479452054824,0.3907745474012537,2.5319891445818277,0.04286703403151865,-0.9098775561404704,-0.19472719663492855,-0.4554474043938672,0.20615470610113762,1,0.41406178171327385,0,0,REJECT,2025-05-02T00:00:00+00:00,2026-05-05T22:00:00+00:00,MASSIVE_parquet,2026-05-15T08:24:34.034053+00:00
EUR_USD_H1_LONG_SHOCK_1_12_ALL,EUR_USD,H1,LONG_SHOCK,0.01,12,ALL,78,0.5384615384615384,1.0358974358974193,0.010173622295658666,1.0868163747716755,0.42863643940397567,2.843767479235163,0.04886040534505681,-2.263388833878155,-0.2460304489042985,-0.6748867613773141,0.25522051567533627,1,0.3738041769432469,0,0,REJECT,2025-05-02T00:00:00+00:00,2026-05-05T22:00:00+00:00,MASSIVE_parquet,2026-05-15T08:24:34.034053+00:00
EUR_USD_H1_LONG_SHOCK_1_12_Q1,EUR_USD,H1,LONG_SHOCK,0.01,12,Q1,1,0.0,-0.700000000000145,-0.005964146956582983,0.0,0.0,0.0,0.0,0.0,-0.08349805739212846,-0.08349805739212846,0.2649785290709472,0,1.0,0,0,REJECT,2025-05-02T00:00:00+00:00,2026-05-05T22:00:00+00:00,MASSIVE_parquet,2026-05-15T08:24:34.034053+00:00
EUR_USD_H1_LONG_SHOCK_1_12_Q2,EUR_USD,H1,LONG_SHOCK,0.01,12,Q2,8,0.875,17.312499999999897,0.15142470992958318,12.638655462184568,0.5291118177871466,60.040717681047624,0.8070310726344971,-0.1020250690169644,-0.11533593084422644,-0.267949916005657,0.23709486042393924,0,0.03264350249239966,0,0,REJECT,2025-05-02T00:00:00+00:00,2026-05-05T22:00:00+00:00,MASSIVE_parquet,2026-05-15T08:24:34.034053+00:00
EUR_USD_H1_LONG_SHOCK_1_12_Q3,EUR_USD,H1,LONG_SHOCK,0.01,12,Q3,7,0.5714285714285714,-8.714285714286024,-0.07490640527572408,0.43882244710210416,0.2504583645276572,-25.918479370789484,-0.7318446022589478,-0.5593092024781754,-0.302511450876386,-0.5009132694778806,0.17699932531678453,0,0.7940840794558099,0,0,REJECT,2025-05-02T00:00:00+00:00,2026-05-05T22:00:00+00:00,MASSIVE_parquet,2026-05-15T08:24:34.034053+00:00
EUR_USD_H1_LONG_SHOCK_1_12_Q4,EUR_USD,H1,LONG_SHOCK,0.01,12,Q4,16,0.625,8.94375000000003,0.07655834200359923,2.0898705255140677,0.38641040545502725,22.795790877833408,0.3251145138298624,-0.25079662283451487,-0.21895246083998288,-0.5429890822565231,0.24388830273097545,0,0.12964295378351984,0,0,REJECT,2025-05-02T00:00:00+00:00,2026-05-05T22:00:00+00:00,MASSIVE_parquet,2026-05-15T08:24:34.034053+00:00
EUR_USD_H1_LONG_SHOCK_1_12_Q5,EUR_USD,H1,LONG_SHOCK,0.01,12,Q5,45,0.4444444444444444,-3.7555555555555364,-0.03067877548025535,0.7507742220911379,0.30938930034997586,-7.971010201902793,-0.13946640037988622,-2.567420697663547,-0.2744443025242754,-0.720682193574369,0.2711291550703478,1,0.7523322977139286,0,0,REJECT,2025-05-02T00:00:00+00:00,2026-05-05T22:00:00+00:00,MASSIVE_parquet,2026-05-15T08:24:34.034053+00:00
EUR_USD_H1_SHORT_SHOCK_1_1_ALL,EUR_USD,H1,SHORT_SHOCK,0.01,1,ALL,75,0.6133333333333333,1.1093333333333777,0.009559522495829734,1.2305986696230697,0.5001747668382223,6.237344515681539,0.11541537028752996,-0.6851335426684257,-0.09710307206251256,-0.25841340719285566,0.10402778922422673,1,0.24474571110543747,0,0,REJECT,2025-05-02T00:00:00+00:00,2026-05-05T22:00:00+00:00,MASSIVE_parquet,2026-05-15T08:24:34.034053+00:00
EUR_USD_H1_SHORT_SHOCK_1_1_Q1,EUR_USD,H1,SHORT_SHOCK,0.01,1,Q1,0,0.0,0.0,0.0,0.0,0.0,0.0,0.0,0.0,0.0,0.0,0.0,0,1.0,0,0,REJECT,2025-05-02T00:00:00+00:00,2026-05-05T22:00:00+00:00,MASSIVE_parquet,2026-05-15T08:24:34.034053+00:00
EUR_USD_H1_SHORT_SHOCK_1_1_Q2,EUR_USD,H1,SHORT_SHOCK,0.01,1,Q2,3,0.6666666666666666,-2.2333333333339014,-0.019019847379301662,0.7563636363635771,0.20765960080204768,-7.86516945244905,-0.2141173047420557,-0.23471774124717015,-0.12608168959838592,-0.2628720746190405,0.09562766806536782,1,0.5614626876885904,0,0,REJECT,2025-05-02T00:00:00+00:00,2026-05-05T22:00:00+00:00,MASSIVE_parquet,2026-05-15T08:24:34.034053+00:00
EUR_USD_H1_SHORT_SHOCK_1_1_Q3,EUR_USD,H1,SHORT_SHOCK,0.01,1,Q3,9,0.4444444444444444,-2.6222222222218843,-0.022113100225562565,0.6199677938808758,0.18877852109766458,-15.652858141665043,-0.26572906552826947,-0.4263850583560047,-0.1074348390519712,-0.22347832675763568,0.09077050403433577,1,0.7186558929780095,0,0,REJECT,2025-05-02T00:00:00+00:00,2026-05-05T22:00:00+00:00,MASSIVE_parquet,2026-05-15T08:24:34.034053+00:00
EUR_USD_H1_SHORT_SHOCK_1_1_Q4,EUR_USD,H1,SHORT_SHOCK,0.01,1,Q4,18,0.8333333333333334,6.1444444444446065,0.052749679357533275,4.361702127659648,0.6077796189608428,42.9151731029863,0.6433576360982938,-0.13169597044535575,-0.06793215160029978,-0.1554062860002653,0.1266300825278911,0,0.01583188082911158,0,0,REJECT,2025-05-02T00:00:00+00:00,2026-05-05T22:00:00+00:00,MASSIVE_parquet,2026-05-15T08:24:34.034053+00:00
EUR_USD_H1_SHORT_SHOCK_1_1_Q5,EUR_USD,H1,SHORT_SHOCK,0.01,1,Q5,45,0.5555555555555556,0.0644444444444227,0.0005232756204355384,1.0121695342005834,0.4117613449352105,0.3273692662637445,0.006320810327127946,-0.6851335426684257,-0.10477317901378104,-0.26520369660548937,0.09819833701799643,1,0.48879989896347775,0,0,REJECT,2025-05-02T00:00:00+00:00,2026-05-05T22:00:00+00:00,MASSIVE_parquet,2026-05-15T08:24:34.034053+00:00
EUR_USD_H1_SHORT_SHOCK_1_3_ALL,EUR_USD,H1,SHORT_SHOCK,0.01,3,ALL,75,0.6,1.965333333333507,0.016936964133718185,1.2773805043282167,0.4868803879621067,7.58904865930177,0.13083377372267335,-1.1011225567562177,-0.14555085453330982,-0.3784230709198688,0.1527172714377419,0,0.20038743895268654,0,0,REJECT,2025-05-02T00:00:00+00:00,2026-05-05T22:00:00+00:00,MASSIVE_parquet,2026-05-15T08:24:34.034053+00:00
EUR_USD_H1_SHORT_SHOCK_1_3_Q1,EUR_USD,H1,SHORT_SHOCK,0.01,3,Q1,0,0.0,0.0,0.0,0.0,0.0,0.0,0.0,0.0,0.0,0.0,0.0,0,1.0,0,0,REJECT,2025-05-02T00:00:00+00:00,2026-05-05T22:00:00+00:00,MASSIVE_parquet,2026-05-15T08:24:34.034053+00:00
EUR_USD_H1_SHORT_SHOCK_1_3_Q2,EUR_USD,H1,SHORT_SHOCK,0.01,3,Q2,3,0.3333333333333333,-16.966666666666796,-0.14477543158984604,0.045028142589121085,0.061491944720396215,-57.431524530711584,-7.109318214409971,-0.36143243174127093,-0.20368447638675993,-0.3539210726269759,0.11974169888335033,0,0.8353954020775003,0,0,REJECT,2025-05-02T00:00:00+00:00,2026-05-05T22:00:00+00:00,MASSIVE_parquet,2026-05-15T08:24:34.034053+00:00
EUR_USD_H1_SHORT_SHOCK_1_3_Q3,EUR_USD,H1,SHORT_SHOCK,0.01,3,Q3,9,0.4444444444444444,-4.211111111111067,-0.036564245608896845,0.5807522123893922,0.18877852109766458,-17.263312611448583,-0.32455055916690767,-0.4579768899388936,-0.19002799163203207,-0.45592295271260186,0.1274971574971362,0,0.7379104557868303,0,0,REJECT,2025-05-02T00:00:00+00:00,2026-05-05T22:00:00+00:00,MASSIVE_parquet,2026-05-15T08:24:34.034053+00:00
EUR_USD_H1_SHORT_SHOCK_1_3_Q4,EUR_USD,H1,SHORT_SHOCK,0.01,3,Q4,18,0.7222222222222222,8.527777777778011,0.07282899009193569,3.554076539101631,0.4912734343970254,37.35768447504435,0.5185860365518777,-0.21454042629212022,-0.09165124513169211,-0.19879013480444074,0.18226979233094934,0,0.02870871348112664,0,0,REJECT,2025-05-02T00:00:00+00:00,2026-05-05T22:00:00+00:00,MASSIVE_parquet,2026-05-15T08:24:34.034053+00:00
EUR_USD_H1_SHORT_SHOCK_1_3_Q5,EUR_USD,H1,SHORT_SHOCK,0.01,3,Q5,45,0.6,1.8377777777779751,0.016061222080525135,1.2524420024420337,0.45451854590351387,7.042768095372858,0.12289191095341584,-0.8491156530812449,-0.15433969608398243,-0.37088672658379895,0.1481386573722062,1,0.27332208426806537,0,0,REJECT,2025-05-02T00:00:00+00:00,2026-05-05T22:00:00+00:00,MASSIVE_parquet,2026-05-15T08:24:34.034053+00:00
EUR_USD_H1_SHORT_SHOCK_1_6_ALL,EUR_USD,H1,SHORT_SHOCK,0.01,6,ALL,75,0.5333333333333333,4.29333333333357,0.036971073303310696,1.5221339387060495,0.4215753738908497,12.847931446585285,0.18373442246082222,-1.4967261515332897,-0.1769029839938098,-0.5365731379751448,0.20254097445909025,1,0.07835836433412392,0,0,REJECT,2025-05-02T00:00:00+00:00,2026-05-05T22:00:00+00:00,MASSIVE_parquet,2026-05-15T08:24:34.034053+00:00
EUR_USD_H1_SHORT_SHOCK_1_6_Q1,EUR_USD,H1,SHORT_SHOCK,0.01,6,Q1,0,0.0,0.0,0.0,0.0,0.0,0.0,0.0,0.0,0.0,0.0,0.0,0,1.0,0,0,REJECT,2025-05-02T00:00:00+00:00,2026-05-05T22:00:00+00:00,MASSIVE_parquet,2026-05-15T08:24:34.034053+00:00
EUR_USD_H1_SHORT_SHOCK_1_6_Q2,EUR_USD,H1,SHORT_SHOCK,0.01,6,Q2,3,0.3333333333333333,-16.099999999999635,-0.13739026624909334,0.10720887245841665,0.061491944720396215,-48.417387057805996,-2.7909174430114025,-0.3809637445241765,-0.30784041327735673,-0.6255788730878931,0.11974169888335033,0,0.8031718752344084,0,0,REJECT,2025-05-02T00:00:00+00:00,2026-05-05T22:00:00+00:00,MASSIVE_parquet,2026-05-15T08:24:34.034053+00:00
EUR_USD_H1_SHORT_SHOCK_1_6_Q3,EUR_USD,H1,SHORT_SHOCK,0.01,6,Q3,9,0.4444444444444444,-9.388888888888964,-0.08107521796086253,0.21686746987951733,0.18877852109766458,-36.881372133649634,-1.6159101448732238,-0.6899633394107596,-0.21842745603827632,-0.5441485730708839,0.1274971574971362,0,0.9036922110926635,0,0,REJECT,2025-05-02T00:00:00+00:00,2026-05-05T22:00:00+00:00,MASSIVE_parquet,2026-05-15T08:24:34.034053+00:00
EUR_USD_H1_SHORT_SHOCK_1_6_Q4,EUR_USD,H1,SHORT_SHOCK,0.01,6,Q4,18,0.7222222222222222,16.750000000000192,0.1434256374598264,5.388646288209699,0.4912734343970254,53.30011009972495,0.5885466065046391,-0.25717812936706386,-0.11279731395414568,-0.256049924038117,0.24906090727370034,0,0.00490002279228157,0,0,REJECT,2025-05-02T00:00:00+00:00,2026-05-05T22:00:00+00:00,MASSIVE_parquet,2026-05-15T08:24:34.034053+00:00
EUR_USD_H1_SHORT_SHOCK_1_6_Q5,EUR_USD,H1,SHORT_SHOCK,0.01,6,Q5,45,0.4888888888888889,3.4066666666669776,0.02962259519703266,1.3971502590673985,0.349570237528785,10.285644175737021,0.1407292588311191,-1.1593165309646492,-0.18551119564854568,-0.5001321304765693,0.20446171643068634,1,0.18989198417679395,0,0,REJECT,2025-05-02T00:00:00+00:00,2026-05-05T22:00:00+00:00,MASSIVE_parquet,2026-05-15T08:24:34.034053+00:00
EUR_USD_H1_SHORT_SHOCK_1_12_ALL,EUR_USD,H1,SHORT_SHOCK,0.01,12,ALL,75,0.5466666666666666,0.4933333333335456,0.00464479398253322,1.0364244930104507,0.4344837385429268,1.1319740124973316,0.021131558840503772,-3.162536574644448,-0.24270766348845715,-0.6885818002858279,0.24939716231796685,1,0.45001499648522675,0,0,REJECT,2025-05-02T00:00:00+00:00,2026-05-05T22:00:00+00:00,MASSIVE_parquet,2026-05-15T08:24:34.034053+00:00
EUR_USD_H1_SHORT_SHOCK_1_12_Q1,EUR_USD,H1,SHORT_SHOCK,0.01,12,Q1,0,0.0,0.0,0.0,0.0,0.0,0.0,0.0,0.0,0.0,0.0,0.0,0,1.0,0,0,REJECT,2025-05-02T00:00:00+00:00,2026-05-05T22:00:00+00:00,MASSIVE_parquet,2026-05-15T08:24:34.034053+00:00
EUR_USD_H1_SHORT_SHOCK_1_12_Q2,EUR_USD,H1,SHORT_SHOCK,0.01,12,Q2,3,0.0,-28.80000000000068,-0.2450115090712098,0.0,4.8683609171202235e-17,-389.7802062063792,0.0,-0.49667485186121185,-0.4543442058473938,-0.6495657517299458,0.11974169888335033,0,0.9934945081282258,0,0,REJECT,2025-05-02T00:00:00+00:00,2026-05-05T22:00:00+00:00,MASSIVE_parquet,2026-05-15T08:24:34.034053+00:00
EUR_USD_H1_SHORT_SHOCK_1_12_Q3,EUR_USD,H1,SHORT_SHOCK,0.01,12,Q3,9,0.3333333333333333,-16.98888888888818,-0.1465288987147484,0.2094105480868871,0.1205838183869109,-42.29844792943865,-1.2670952597392766,-1.2847305042521517,-0.26472826682966377,-0.6255645850304226,0.14803733160194554,0,0.929306005036377,0,0,REJECT,2025-05-02T00:00:00+00:00,2026-05-05T22:00:00+00:00,MASSIVE_parquet,2026-05-15T08:24:34.034053+00:00
EUR_USD_H1_SHORT_SHOCK_1_12_Q4,EUR_USD,H1,SHORT_SHOCK,0.01,12,Q4,18,0.6666666666666666,18.5277777777779,0.15819767343480426,6.154559505409634,0.437494672959451,47.626769876258436,0.5578641179263137,-0.19345323546766657,-0.1334354161030091,-0.3035056109144235,0.32046512362197377,0,0.009373829370244592,0,0,REJECT,2025-05-02T00:00:00+00:00,2026-05-05T22:00:00+00:00,MASSIVE_parquet,2026-05-15T08:24:34.034053+00:00
EUR_USD_H1_SHORT_SHOCK_1_12_Q5,EUR_USD,H1,SHORT_SHOCK,0.01,12,Q5,45,0.5777777777777777,-1.2711111111109001,-0.009897865722002673,0.9147921942499764,0.43300788709203136,-2.285959483688424,-0.04890532231147671,-2.3065054297384258,-0.26790333895046586,-0.7046737144252568,0.24988564150187617,1,0.5777037007660997,0,0,REJECT,2025-05-02T00:00:00+00:00,2026-05-05T22:00:00+00:00,MASSIVE_parquet,2026-05-15T08:24:34.034053+00:00
EUR_USD_H1_LONG_SHOCK_2p5_1_ALL,EUR_USD,H1,LONG_SHOCK,0.025,1,ALL,169,0.5029585798816568,0.37041420118342794,0.0032944950380111465,1.0819586279130662,0.4283532859406722,2.354871987248726,0.03941751182114411,-1.2100516373477088,-0.09445918268845634,-0.2322904274879023,0.08771438973115138,1,0.34717113891657864,0,0,REJECT,2025-05-02T00:00:00+00:00,2026-05-05T22:00:00+00:00,MASSIVE_parquet,2026-05-15T08:24:34.034053+00:00
EUR_USD_H1_LONG_SHOCK_2p5_1_Q1,EUR_USD,H1,LONG_SHOCK,0.025,1,Q1,12,0.6666666666666666,3.9749999999997656,0.034340505527954056,3.3969849246227835,0.39062208887279953,40.66607315886943,0.47156424155168775,-0.07104435197403669,-0.06323296163347943,-0.16403684505754912,0.09067254939222891,0,0.04872057729655128,0,0,REJECT,2025-05-02T00:00:00+00:00,2026-05-05T22:00:00+00:00,MASSIVE_parquet,2026-05-15T08:24:34.034053+00:00
EUR_USD_H1_LONG_SHOCK_2p5_1_Q2,EUR_USD,H1,LONG_SHOCK,0.025,1,Q2,16,0.5,4.918750000000026,0.04273992921548439,3.1099195710455816,0.27999563610326017,27.857821836568867,0.3408289619340267,-0.21579446805694014,-0.07503058901008747,-0.12455696257538396,0.10844068236760401,0,0.0862061565723037,0,0,REJECT,2025-05-02T00:00:00+00:00,2026-05-05T22:00:00+00:00,MASSIVE_parquet,2026-05-15T08:24:34.034053+00:00
EUR_USD_H1_LONG_SHOCK_2p5_1_Q3,EUR_USD,H1,LONG_SHOCK,0.025,1,Q3,25,0.32,-3.2720000000002973,-0.027572508842807597,0.5285302593659629,0.1720519030690798,-17.26189696198643,-0.2774341413828307,-1.0064918630618758,-0.12039633013983408,-0.26135593070067076,0.07100230870648705,1,0.8609634090446363,0,0,REJECT,2025-05-02T00:00:00+00:00,2026-05-05T22:00:00+00:00,MASSIVE_parquet,2026-05-15T08:24:34.034053+00:00
EUR_USD_H1_LONG_SHOCK_2p5_1_Q4,EUR_USD,H1,LONG_SHOCK,0.025,1,Q4,34,0.5588235294117647,1.379411764705776,0.01174584139237956,1.3515742128935286,0.3945389925620306,8.202499011214131,0.1443374069945314,-0.5197527424553705,-0.08576132685697177,-0.22431126135811053,0.08928805109550213,0,0.2713841898832939,0,0,REJECT,2025-05-02T00:00:00+00:00,2026-05-05T22:00:00+00:00,MASSIVE_parquet,2026-05-15T08:24:34.034053+00:00
EUR_USD_H1_LONG_SHOCK_2p5_1_Q5,EUR_USD,H1,LONG_SHOCK,0.025,1,Q5,81,0.5185185185185185,-0.18765432098751292,-0.0015601884762145096,0.9606217616580595,0.41135648703875716,-1.1651319756036769,-0.02062423907853328,-1.1292965470543925,-0.0979639166254397,-0.22930855312314202,0.08820903618719796,1,0.553460614077082,0,0,REJECT,2025-05-02T00:00:00+00:00,2026-05-05T22:00:00+00:00,MASSIVE_parquet,2026-05-15T08:24:34.034053+00:00
EUR_USD_H1_LONG_SHOCK_2p5_3_ALL,EUR_USD,H1,LONG_SHOCK,0.025,3,ALL,169,0.5266272189349113,0.12130177514789586,0.0013360447636632954,1.014634494574525,0.45159802839319757,0.5466654090167323,0.0031869480178530196,-2.065369901437575,-0.1512992311565576,-0.3752896740706335,0.14513258823108924,0,0.46364910000714693,0,0,REJECT,2025-05-02T00:00:00+00:00,2026-05-05T22:00:00+00:00,MASSIVE_parquet,2026-05-15T08:24:34.034053+00:00
EUR_USD_H1_LONG_SHOCK_2p5_3_Q1,EUR_USD,H1,LONG_SHOCK,0.025,3,Q1,12,0.75,3.7499999999997726,0.03246496203832642,2.2162162162161305,0.46769466506643437,23.11382807434963,0.24812424173852332,-0.19198423350719196,-0.07596597385681654,-0.22596756766424253,0.1369058203824621,1,0.16265909143045326,0,0,REJECT,2025-05-02T00:00:00+00:00,2026-05-05T22:00:00+00:00,MASSIVE_parquet,2026-05-15T08:24:34.034053+00:00
EUR_USD_H1_LONG_SHOCK_2p5_3_Q2,EUR_USD,H1,LONG_SHOCK,0.025,3,Q2,16,0.6875,7.474999999999703,0.06494655802542632,3.4558521560574333,0.44404355834740666,28.348580719687675,0.4910104158860488,-0.29666387286370055,-0.11008889880498168,-0.2395256134214152,0.19735894684280997,1,0.08271692573063064,0,0,REJECT,2025-05-02T00:00:00+00:00,2026-05-05T22:00:00+00:00,MASSIVE_parquet,2026-05-15T08:24:34.034053+00:00
EUR_USD_H1_LONG_SHOCK_2p5_3_Q3,EUR_USD,H1,LONG_SHOCK,0.025,3,Q3,25,0.36,-5.400000000000205,-0.04564467485506363,0.5103373231773538,0.2024788077445822,-19.674209124309993,-0.3379084170481439,-1.4053448087671172,-0.17235171606405422,-0.4206202209316867,0.11275014312745135,0,0.8909767103879561,0,0,REJECT,2025-05-02T00:00:00+00:00,2026-05-05T22:00:00+00:00,MASSIVE_parquet,2026-05-15T08:24:34.034053+00:00
EUR_USD_H1_LONG_SHOCK_2p5_3_Q4,EUR_USD,H1,LONG_SHOCK,0.025,3,Q4,34,0.5294117647058824,-1.5470588235296858,-0.013725943288021928,0.8176144244105114,0.36736712980068925,-6.460828162443607,-0.12233554609175157,-0.9588012955247804,-0.14748288376469484,-0.3633122875320055,0.12356944400239744,1,0.6843560869205878,0,0,REJECT,2025-05-02T00:00:00+00:00,2026-05-05T22:00:00+00:00,MASSIVE_parquet,2026-05-15T08:24:34.034053+00:00
EUR_USD_H1_LONG_SHOCK_2p5_3_Q5,EUR_USD,H1,LONG_SHOCK,0.025,3,Q5,81,0.5185185185185185,0.64938271604958,0.0060055693450218935,1.070899042997731,0.41135648703875716,2.1920684424331265,0.03694556272340721,-0.9415126779991789,-0.16493788495645956,-0.38659138308154706,0.15631917005935667,1,0.4001957949697608,0,0,REJECT,2025-05-02T00:00:00+00:00,2026-05-05T22:00:00+00:00,MASSIVE_parquet,2026-05-15T08:24:34.034053+00:00
EUR_USD_H1_LONG_SHOCK_2p5_6_ALL,EUR_USD,H1,LONG_SHOCK,0.025,6,ALL,169,0.5207100591715976,-0.9147928994082332,-0.007496834633884818,0.9073585810163034,0.44577150395443843,-2.770509647734932,-0.05781033464309293,-3.351643522533476,-0.19171832393907273,-0.4805461797419208,0.17692019216247687,1,0.6780625094518269,0,0,REJECT,2025-05-02T00:00:00+00:00,2026-05-05T22:00:00+00:00,MASSIVE_parquet,2026-05-15T08:24:34.034053+00:00
EUR_USD_H1_LONG_SHOCK_2p5_6_Q1,EUR_USD,H1,LONG_SHOCK,0.025,6,Q1,12,0.6666666666666666,1.2666666666666382,0.011754082965238314,1.2174535050071464,0.39062208887279953,6.2221548110291724,0.12808604584563488,-0.32736149130032643,-0.1168796148244879,-0.3636212062357097,0.1644771601512792,1,0.39339945631703305,0,0,REJECT,2025-05-02T00:00:00+00:00,2026-05-05T22:00:00+00:00,MASSIVE_parquet,2026-05-15T08:24:34.034053+00:00
EUR_USD_H1_LONG_SHOCK_2p5_6_Q2,EUR_USD,H1,LONG_SHOCK,0.025,6,Q2,16,0.5,7.5687500000000405,0.06541696013505974,2.5850785340314486,0.27999563610326017,25.4020153771339,0.30720732923120014,-0.5653398945070442,-0.1294742213118906,-0.264608150814849,0.23026566545139293,0,0.10552404205281186,0,0,REJECT,2025-05-02T00:00:00+00:00,2026-05-05T22:00:00+00:00,MASSIVE_parquet,2026-05-15T08:24:34.034053+00:00
EUR_USD_H1_LONG_SHOCK_2p5_6_Q3,EUR_USD,H1,LONG_SHOCK,0.025,6,Q3,25,0.44,-5.199999999999871,-0.0440333149885106,0.5716639209225757,0.2666563888106735,-15.732348479841397,-0.3229521081033308,-1.4417770958848664,-0.21401088391637657,-0.5376571992186618,0.1412348126159264,0,0.8390620937075294,0,0,REJECT,2025-05-02T00:00:00+00:00,2026-05-05T22:00:00+00:00,MASSIVE_parquet,2026-05-15T08:24:34.034053+00:00
EUR_USD_H1_LONG_SHOCK_2p5_6_Q4,EUR_USD,H1,LONG_SHOCK,0.025,6,Q4,34,0.5588235294117647,-0.79117647058839,-0.007362833757097649,0.9083162917518569,0.3945389925620306,-2.991234042546315,-0.061370838514425374,-0.9485369318661174,-0.18022199669738606,-0.45189689998044846,0.1517015020379323,1,0.5880375390080192,0,0,REJECT,2025-05-02T00:00:00+00:00,2026-05-05T22:00:00+00:00,MASSIVE_parquet,2026-05-15T08:24:34.034053+00:00
EUR_USD_H1_LONG_SHOCK_2p5_6_Q5,EUR_USD,H1,LONG_SHOCK,0.025,6,Q5,81,0.5061728395061729,-1.6851851851850688,-0.01390036632553358,0.8525280898876488,0.3995078470731793,-4.759354306145685,-0.09917867920751966,-2.5120393086925707,-0.21277848733303842,-0.5194043243429758,0.19079253323882125,0,0.7083431320368545,0,0,REJECT,2025-05-02T00:00:00+00:00,2026-05-05T22:00:00+00:00,MASSIVE_parquet,2026-05-15T08:24:34.034053+00:00
EUR_USD_H1_LONG_SHOCK_2p5_12_ALL,EUR_USD,H1,LONG_SHOCK,0.025,12,ALL,169,0.4970414201183432,-0.7520710059171992,-0.005531558237618432,0.9416222671320932,0.4225676370181101,-1.4832478215352685,-0.032506587662552766,-3.90447374484606,-0.25394688636174656,-0.6346984950076595,0.23046608192083615,1,0.5977592018911363,0,0,REJECT,2025-05-02T00:00:00+00:00,2026-05-05T22:00:00+00:00,MASSIVE_parquet,2026-05-15T08:24:34.034053+00:00
EUR_USD_H1_LONG_SHOCK_2p5_12_Q1,EUR_USD,H1,LONG_SHOCK,0.025,12,Q1,12,0.3333333333333333,-0.1500000000000575,-0.000717175680415664,0.9826923076923009,0.13812009109121315,-0.29850479834276694,-0.0032598935332696644,-0.5247297063635692,-0.16046612288868334,-0.37385497598434125,0.1967647218747981,1,0.5051853167278382,0,0,REJECT,2025-05-02T00:00:00+00:00,2026-05-05T22:00:00+00:00,MASSIVE_parquet,2026-05-15T08:24:34.034053+00:00
EUR_USD_H1_LONG_SHOCK_2p5_12_Q2,EUR_USD,H1,LONG_SHOCK,0.025,12,Q2,16,0.75,14.668750000000063,0.1270535317868575,5.930672268907713,0.5050168346449122,50.201035719617025,0.6242974296894713,-0.28479954098291627,-0.1332702508818756,-0.30229285212522716,0.2824192736179662,0,0.010414552974127573,0,0,REJECT,2025-05-02T00:00:00+00:00,2026-05-05T22:00:00+00:00,MASSIVE_parquet,2026-05-15T08:24:34.034053+00:00
EUR_USD_H1_LONG_SHOCK_2p5_12_Q3,EUR_USD,H1,LONG_SHOCK,0.025,12,Q3,25,0.48,-3.9200000000003694,-0.03246484313968834,0.7697368421052435,0.3003128595411297,-6.411395572584257,-0.1888556172303706,-1.396341424959524,-0.28610333606689764,-0.6045271381987871,0.21682634360637998,1,0.6580772345119112,0,0,REJECT,2025-05-02T00:00:00+00:00,2026-05-05T22:00:00+00:00,MASSIVE_parquet,2026-05-15T08:24:34.034053+00:00
EUR_USD_H1_LONG_SHOCK_2p5_12_Q4,EUR_USD,H1,LONG_SHOCK,0.025,12,Q4,34,0.5588235294117647,3.6088235294117648,0.030421420824565802,1.3273745997865514,0.3945389925620306,8.664744937726907,0.1355199840931181,-1.2120182571069948,-0.2342206579521529,-0.5416058926994677,0.2071432292071903,0,0.260202818445485,0,0,REJECT,2025-05-02T00:00:00+00:00,2026-05-05T22:00:00+00:00,MASSIVE_parquet,2026-05-15T08:24:34.034053+00:00
EUR_USD_H1_LONG_SHOCK_2p5_12_Q5,EUR_USD,H1,LONG_SHOCK,0.025,12,Q5,81,0.4444444444444444,-5.118518518518497,-0.04259081778013013,0.6616062683643488,0.3411955250345785,-11.660789178058252,-0.21927446023583752,-5.2276300850467425,-0.2904894341616394,-0.7330534299451408,0.23706063839379374,0,0.9095043167303639,0,0,REJECT,2025-05-02T00:00:00+00:00,2026-05-05T22:00:00+00:00,MASSIVE_parquet,2026-05-15T08:24:34.034053+00:00
EUR_USD_H1_SHORT_SHOCK_2p5_1_ALL,EUR_USD,H1,SHORT_SHOCK,0.025,1,ALL,175,0.5657142857142857,0.20057142857143567,0.001639514569771881,1.0434674922600633,0.49164495351343335,1.174808161766545,0.022462956497738773,-1.4819553697436372,-0.09174617153523412,-0.25072839534379,0.09193643396615439,1,0.42091995701615076,0,0,REJECT,2025-05-02T00:00:00+00:00,2026-05-05T22:00:00+00:00,MASSIVE_parquet,2026-05-15T08:24:34.034053+00:00
EUR_USD_H1_SHORT_SHOCK_2p5_1_Q1,EUR_USD,H1,SHORT_SHOCK,0.025,1,Q1,1,1.0,1.40000000000029,0.01188899079451744,inf,0.20654931437723742,0.0,1.0,0.0,-0.15006740315566258,-0.15006740315566258,0.17863218781899448,0,1.0,0,0,REJECT,2025-05-02T00:00:00+00:00,2026-05-05T22:00:00+00:00,MASSIVE_parquet,2026-05-15T08:24:34.034053+00:00
EUR_USD_H1_SHORT_SHOCK_2p5_1_Q2,EUR_USD,H1,SHORT_SHOCK,0.025,1,Q2,19,0.631578947368421,-1.6473684210525554,-0.014027489706175691,0.6368909512761218,0.41039533164803066,-12.962672955248571,-0.357663287107305,-0.3099514661452418,-0.08140977925295352,-0.183615335088827,0.05829603138982503,1,0.7615776987926202,0,0,REJECT,2025-05-02T00:00:00+00:00,2026-05-05T22:00:00+00:00,MASSIVE_parquet,2026-05-15T08:24:34.034053+00:00
EUR_USD_H1_SHORT_SHOCK_2p5_1_Q3,EUR_USD,H1,SHORT_SHOCK,0.025,1,Q3,36,0.4722222222222222,-2.694444444444394,-0.023155767662000646,0.5847602739726074,0.3198604151517906,-16.49045755240426,-0.33487542060431175,-1.25255554543231,-0.12500821279580954,-0.27510665583145855,0.07979903606965359,1,0.8941667768393369,0,0,REJECT,2025-05-02T00:00:00+00:00,2026-05-05T22:00:00+00:00,MASSIVE_parquet,2026-05-15T08:24:34.034053+00:00
EUR_USD_H1_SHORT_SHOCK_2p5_1_Q4,EUR_USD,H1,SHORT_SHOCK,0.025,1,Q4,48,0.7291666666666666,4.2625000000000295,0.036466699782435975,3.278396436525518,0.5900303501775939,34.54063072469801,0.5067458242305714,-0.2706841057438458,-0.06332078773968973,-0.14504102209213443,0.10483695185147014,0,0.0017405214147120647,0,0,REJECT,2025-05-02T00:00:00+00:00,2026-05-05T22:00:00+00:00,MASSIVE_parquet,2026-05-15T08:24:34.034053+00:00
EUR_USD_H1_SHORT_SHOCK_2p5_1_Q5,EUR_USD,H1,SHORT_SHOCK,0.025,1,Q5,69,0.4927536231884058,-0.2333333333334137,-0.0020215127726549704,0.9566505115777992,0.3783242300928733,-1.2545267765445731,-0.022541992244585363,-0.7064635399264718,-0.09480331083970919,-0.2624875808404359,0.09836099545782125,1,0.5531000552258901,0,0,REJECT,2025-05-02T00:00:00+00:00,2026-05-05T22:00:00+00:00,MASSIVE_parquet,2026-05-15T08:24:34.034053+00:00
EUR_USD_H1_SHORT_SHOCK_2p5_3_ALL,EUR_USD,H1,SHORT_SHOCK,0.025,3,ALL,175,0.52,-1.0165714285714145,-0.008742886357891206,0.8717930239262053,0.44634804084609114,-4.077884577545183,-0.07664309504034883,-3.386730684902406,-0.14750941584321436,-0.3784230709198688,0.1328560155576941,1,0.7555904937489015,0,0,REJECT,2025-05-02T00:00:00+00:00,2026-05-05T22:00:00+00:00,MASSIVE_parquet,2026-05-15T08:24:34.034053+00:00
EUR_USD_H1_SHORT_SHOCK_2p5_3_Q1,EUR_USD,H1,SHORT_SHOCK,0.025,3,Q1,1,1.0,7.200000000000539,0.06117351186936126,inf,0.20654931437723742,0.0,1.0,0.0,-0.2287360216875589,-0.2287360216875589,0.17863218781899448,0,1.0,0,0,REJECT,2025-05-02T00:00:00+00:00,2026-05-05T22:00:00+00:00,MASSIVE_parquet,2026-05-15T08:24:34.034053+00:00
EUR_USD_H1_SHORT_SHOCK_2p5_3_Q2,EUR_USD,H1,SHORT_SHOCK,0.025,3,Q2,19,0.47368421052631576,-3.3736842105264473,-0.02867782217190634,0.5780118499012415,0.2732980516117956,-15.085073877170744,-0.34189051219447125,-0.7714303297314484,-0.12917743246378954,-0.2751890823728087,0.10223328828216316,0,0.795537122316901,0,0,REJECT,2025-05-02T00:00:00+00:00,2026-05-05T22:00:00+00:00,MASSIVE_parquet,2026-05-15T08:24:34.034053+00:00
EUR_USD_H1_SHORT_SHOCK_2p5_3_Q3,EUR_USD,H1,SHORT_SHOCK,0.025,3,Q3,36,0.3888888888888889,-5.82222222222231,-0.05030244867986015,0.45416666666666156,0.24784873065371002,-24.94145102047421,-0.4704378983179594,-2.1346349491715655,-0.1865880153463534,-0.48053264413384644,0.11896785836052223,1,0.9687594260583983,0,0,REJECT,2025-05-02T00:00:00+00:00,2026-05-05T22:00:00+00:00,MASSIVE_parquet,2026-05-15T08:24:34.034053+00:00
EUR_USD_H1_SHORT_SHOCK_2p5_3_Q4,EUR_USD,H1,SHORT_SHOCK,0.025,3,Q4,48,0.6041666666666666,2.062500000000143,0.017749660032242293,1.3275976174719015,0.4631040849254725,8.021883754774768,0.15017432262318336,-0.8660184545240979,-0.11851232505180169,-0.24113381078086416,0.14806607052600534,0,0.23918120167802454,0,0,REJECT,2025-05-02T00:00:00+00:00,2026-05-05T22:00:00+00:00,MASSIVE_parquet,2026-05-15T08:24:34.034053+00:00
EUR_USD_H1_SHORT_SHOCK_2p5_3_Q5,EUR_USD,H1,SHORT_SHOCK,0.025,3,Q5,69,0.5362318840579711,0.3202898550724702,0.002901143485614775,1.043384373773067,0.4197840683642111,1.3332488653306258,0.02347841727984934,-1.0216884167272955,-0.14768638275173918,-0.3702510754243815,0.13857481074314928,1,0.44359000907754226,0,0,REJECT,2025-05-02T00:00:00+00:00,2026-05-05T22:00:00+00:00,MASSIVE_parquet,2026-05-15T08:24:34.034053+00:00
EUR_USD_H1_SHORT_SHOCK_2p5_6_ALL,EUR_USD,H1,SHORT_SHOCK,0.025,6,ALL,175,0.52,0.7880000000000873,0.006804774711548881,1.0812945823262485,0.44634804084609114,2.2838753265833183,0.03935321530211333,-2.606751096516824,-0.1916965470409549,-0.6826745442876536,0.17934519186715783,1,0.3490623148300878,0,0,REJECT,2025-05-02T00:00:00+00:00,2026-05-05T22:00:00+00:00,MASSIVE_parquet,2026-05-15T08:24:34.034053+00:00
EUR_USD_H1_SHORT_SHOCK_2p5_6_Q1,EUR_USD,H1,SHORT_SHOCK,0.025,6,Q1,1,1.0,23.999999999999577,0.20420318216625155,inf,0.20654931437723742,0.0,1.0,0.0,-0.2287360216875589,-0.2287360216875589,0.2809945504087086,0,1.0,0,0,REJECT,2025-05-02T00:00:00+00:00,2026-05-05T22:00:00+00:00,MASSIVE_parquet,2026-05-15T08:24:34.034053+00:00
EUR_USD_H1_SHORT_SHOCK_2p5_6_Q2,EUR_USD,H1,SHORT_SHOCK,0.025,6,Q2,19,0.5789473684210527,0.7947368421054446,0.007189319628911485,1.1122676579925947,0.3627590353425504,2.9839338256158183,0.06142306110151963,-0.5407807764947647,-0.17385358032563067,-0.4472567962113383,0.1333134626140311,1,0.4345198851791156,0,0,REJECT,2025-05-02T00:00:00+00:00,2026-05-05T22:00:00+00:00,MASSIVE_parquet,2026-05-15T08:24:34.034053+00:00
EUR_USD_H1_SHORT_SHOCK_2p5_6_Q3,EUR_USD,H1,SHORT_SHOCK,0.025,6,Q3,36,0.5,-5.208333333333468,-0.04490401493740556,0.5067087608523956,0.34474325409626827,-20.24300283407085,-0.487477287041435,-2.071909556885454,-0.21673771336441058,-0.5258068486452799,0.13316968675621388,0,0.9363314033126955,0,0,REJECT,2025-05-02T00:00:00+00:00,2026-05-05T22:00:00+00:00,MASSIVE_parquet,2026-05-15T08:24:34.034053+00:00
EUR_USD_H1_SHORT_SHOCK_2p5_6_Q4,EUR_USD,H1,SHORT_SHOCK,0.025,6,Q4,48,0.5833333333333334,8.110416666666787,0.06957262511672728,2.064533770850453,0.44281332283976277,21.917447439943253,0.3015384054305048,-0.9393826474797806,-0.15288528333741933,-0.435451261587263,0.2206543103840918,0,0.028420897617730468,0,0,REJECT,2025-05-02T00:00:00+00:00,2026-05-05T22:00:00+00:00,MASSIVE_parquet,2026-05-15T08:24:34.034053+00:00
EUR_USD_H1_SHORT_SHOCK_2p5_6_Q5,EUR_USD,H1,SHORT_SHOCK,0.025,6,Q5,69,0.463768115942029,-1.3550724637679823,-0.01142979092001547,0.8835616438356279,0.35114184069675103,-3.4780458797620617,-0.060019499214134464,-1.7550065937610437,-0.20781116570637542,-0.7074905978870194,0.18853450413195946,1,0.6442883558370078,0,0,REJECT,2025-05-02T00:00:00+00:00,2026-05-05T22:00:00+00:00,MASSIVE_parquet,2026-05-15T08:24:34.034053+00:00
EUR_USD_H1_SHORT_SHOCK_2p5_12_ALL,EUR_USD,H1,SHORT_SHOCK,0.025,12,ALL,175,0.49714285714285716,-0.9205714285713053,-0.008037121191571675,0.9344375712192825,0.42392564596037857,-1.9658614750387382,-0.03552638240755285,-5.5182083370375326,-0.25254688395993735,-0.8533343560082507,0.22962772796426553,1,0.6307597032460563,0,0,REJECT,2025-05-02T00:00:00+00:00,2026-05-05T22:00:00+00:00,MASSIVE_parquet,2026-05-15T08:24:34.034053+00:00
EUR_USD_H1_SHORT_SHOCK_2p5_12_Q1,EUR_USD,H1,SHORT_SHOCK,0.025,12,Q1,1,1.0,27.200000000000557,0.23149330201366336,inf,0.20654931437723742,0.0,1.0,0.0,-0.2287360216875589,-0.2287360216875589,0.3775771987692522,0,1.0,0,0,REJECT,2025-05-02T00:00:00+00:00,2026-05-05T22:00:00+00:00,MASSIVE_parquet,2026-05-15T08:24:34.034053+00:00
EUR_USD_H1_SHORT_SHOCK_2p5_12_Q2,EUR_USD,H1,SHORT_SHOCK,0.025,12,Q2,19,0.42105263157894735,-2.6789473684209564,-0.022264580616961436,0.749137506160681,0.23141891282454238,-7.856808260961324,-0.13602364389264965,-0.8021335779407779,-0.22317488623938095,-0.5513971283638885,0.17995600505116283,1,0.667543834069538,0,0,REJECT,2025-05-02T00:00:00+00:00,2026-05-05T22:00:00+00:00,MASSIVE_parquet,2026-05-15T08:24:34.034053+00:00
EUR_USD_H1_SHORT_SHOCK_2p5_12_Q3,EUR_USD,H1,SHORT_SHOCK,0.025,12,Q3,36,0.3888888888888889,-8.522222222222172,-0.07367809664007635,0.4703953046780631,0.24784873065371002,-23.472072052199827,-0.4409051234978761,-2.9476401450763134,-0.2634000790446801,-0.6132509238936018,0.16909892378524977,1,0.9606272378073103,0,0,REJECT,2025-05-02T00:00:00+00:00,2026-05-05T22:00:00+00:00,MASSIVE_parquet,2026-05-15T08:24:34.034053+00:00
EUR_USD_H1_SHORT_SHOCK_2p5_12_Q4,EUR_USD,H1,SHORT_SHOCK,0.025,12,Q4,48,0.5625,7.970833333333464,0.06792614572291462,1.7525570416994611,0.4227501741982777,15.829197663033506,0.2406035901876768,-1.135902157687707,-0.2040860457223024,-0.6930320175936322,0.2773856367623423,0,0.082535682834282,0,0,REJECT,2025-05-02T00:00:00+00:00,2026-05-05T22:00:00+00:00,MASSIVE_parquet,2026-05-15T08:24:34.034053+00:00
EUR_USD_H1_SHORT_SHOCK_2p5_12_Q5,EUR_USD,H1,SHORT_SHOCK,0.025,12,Q5,69,0.5362318840579711,-1.8405797101447885,-0.015337686060268469,0.8824509440947884,0.4197840683642111,-3.403968652486821,-0.06938414192597764,-2.79047434068711,-0.27715537608210067,-0.9384034406246822,0.24192897889704187,1,0.6413515139631458,0,0,REJECT,2025-05-02T00:00:00+00:00,2026-05-05T22:00:00+00:00,MASSIVE_parquet,2026-05-15T08:24:34.034053+00:00
EUR_USD_H1_LONG_SHOCK_5_1_ALL,EUR_USD,H1,LONG_SHOCK,0.05,1,ALL,319,0.4952978056426332,0.6711598746082109,0.005870273585786018,1.1663041789653745,0.44081509606247227,4.458999659420827,0.06917368799896761,-1.5348539782968795,-0.08750617232475687,-0.21552719849844526,0.08279628659429322,0,0.15329182769785504,0,0,REJECT,2025-05-02T00:00:00+00:00,2026-05-05T22:00:00+00:00,MASSIVE_parquet,2026-05-15T08:24:34.034053+00:00
EUR_USD_H1_LONG_SHOCK_5_1_Q1,EUR_USD,H1,LONG_SHOCK,0.05,1,Q1,33,0.5151515151515151,0.7848484848486473,0.0067458088372257365,1.2050673000792238,0.35218375448914147,6.015868207355856,0.08776216745864124,-0.2957354708102433,-0.08408460592498099,-0.22777082639062307,0.09509331178733733,0,0.3298812776626923,0,0,REJECT,2025-05-02T00:00:00+00:00,2026-05-05T22:00:00+00:00,MASSIVE_parquet,2026-05-15T08:24:34.034053+00:00
EUR_USD_H1_LONG_SHOCK_5_1_Q2,EUR_USD,H1,LONG_SHOCK,0.05,1,Q2,39,0.5641025641025641,4.2230769230769765,0.03652150442038542,2.986731001206319,0.40975691648669477,30.158652902600522,0.376265392102824,-0.21806459430491199,-0.06493157732126513,-0.12374774945593137,0.09693155886185234,0,0.010162089174806295,0,0,REJECT,2025-05-02T00:00:00+00:00,2026-05-05T22:00:00+00:00,MASSIVE_parquet,2026-05-15T08:24:34.034053+00:00
EUR_USD_H1_LONG_SHOCK_5_1_Q3,EUR_USD,H1,LONG_SHOCK,0.05,1,Q3,51,0.39215686274509803,-2.701960784313924,-0.02295708321758873,0.5458141067896937,0.270273409817598,-17.542579415599516,-0.3211018926258314,-1.3732444008978106,-0.10595200506719132,-0.20217415933486138,0.0632454740550018,0,0.9432530297364413,0,0,REJECT,2025-05-02T00:00:00+00:00,2026-05-05T22:00:00+00:00,MASSIVE_parquet,2026-05-15T08:24:34.034053+00:00
EUR_USD_H1_LONG_SHOCK_5_1_Q4,EUR_USD,H1,LONG_SHOCK,0.05,1,Q4,69,0.5217391304347826,2.676811594202961,0.02308952783382364,1.8766018035121446,0.40587254873611156,16.74855454294029,0.23585009677868501,-0.275236031683046,-0.07459930209878833,-0.2085620911607311,0.08557430064960185,0,0.03903901754246575,0,0,REJECT,2025-05-02T00:00:00+00:00,2026-05-05T22:00:00+00:00,MASSIVE_parquet,2026-05-15T08:24:34.034053+00:00
EUR_USD_H1_LONG_SHOCK_5_1_Q5,EUR_USD,H1,LONG_SHOCK,0.05,1,Q5,126,0.5,-0.07698412698399675,-0.0005862966233166005,0.9823764534884014,0.4139974353838817,-0.4416745912769187,-0.007955832753603898,-1.2951064450952177,-0.09454757984133422,-0.21856953926568112,0.08189390832899728,1,0.5253645314950741,0,0,REJECT,2025-05-02T00:00:00+00:00,2026-05-05T22:00:00+00:00,MASSIVE_parquet,2026-05-15T08:24:34.034053+00:00
EUR_USD_H1_LONG_SHOCK_5_3_ALL,EUR_USD,H1,LONG_SHOCK,0.05,3,ALL,319,0.54858934169279,1.3445141065830677,0.011790409199300909,1.2024450108562252,0.4937252047062865,5.4618348119920785,0.09103301675153896,-2.1362955126123295,-0.13505285854652613,-0.3373528522245295,0.13592455600421985,0,0.10531314825152291,0,0,REJECT,2025-05-02T00:00:00+00:00,2026-05-05T22:00:00+00:00,MASSIVE_parquet,2026-05-15T08:24:34.034053+00:00
EUR_USD_H1_LONG_SHOCK_5_3_Q1,EUR_USD,H1,LONG_SHOCK,0.05,3,Q1,33,0.5757575757575758,0.8969696969699215,0.007674355960956272,1.1504829689883476,0.4080726333731245,4.088235309311372,0.036922337987902676,-0.8041451819643552,-0.12792231370251703,-0.351964842735637,0.13200437935323237,1,0.3823083430986289,0,0,REJECT,2025-05-02T00:00:00+00:00,2026-05-05T22:00:00+00:00,MASSIVE_parquet,2026-05-15T08:24:34.034053+00:00
EUR_USD_H1_LONG_SHOCK_5_3_Q2,EUR_USD,H1,LONG_SHOCK,0.05,3,Q2,39,0.6666666666666666,6.758974358974115,0.05879069159787699,2.9554896142432625,0.50977394399346,29.9399637458216,0.44371540311611024,-0.3605941862953821,-0.1020938808503143,-0.25403668619839226,0.1661822457742228,1,0.01059388936145455,0,0,REJECT,2025-05-02T00:00:00+00:00,2026-05-05T22:00:00+00:00,MASSIVE_parquet,2026-05-15T08:24:34.034053+00:00
EUR_USD_H1_LONG_SHOCK_5_3_Q3,EUR_USD,H1,LONG_SHOCK,0.05,3,Q3,51,0.43137254901960786,-2.192156862745309,-0.018486631935080426,0.7190954773869113,0.30501236107909546,-9.568636621055097,-0.16497923372636514,-1.230826497257942,-0.14679756423454887,-0.33527632493522974,0.1051678699640937,0,0.808110181667892,0,0,REJECT,2025-05-02T00:00:00+00:00,2026-05-05T22:00:00+00:00,MASSIVE_parquet,2026-05-15T08:24:34.034053+00:00
EUR_USD_H1_LONG_SHOCK_5_3_Q4,EUR_USD,H1,LONG_SHOCK,0.05,3,Q4,69,0.5942028985507246,1.779710144927417,0.01525906488790889,1.3317125877903566,0.476358878348368,8.381284062805713,0.14764137098101687,-0.5968016958931899,-0.11314353568425502,-0.28192445672343025,0.12210733926697293,0,0.18691404862251226,0,0,REJECT,2025-05-02T00:00:00+00:00,2026-05-05T22:00:00+00:00,MASSIVE_parquet,2026-05-15T08:24:34.034053+00:00
EUR_USD_H1_LONG_SHOCK_5_3_Q5,EUR_USD,H1,LONG_SHOCK,0.05,3,Q5,126,0.5317460317460317,1.0619047619049162,0.009417282925053151,1.1325014854426818,0.444972621282495,3.753628183723075,0.06425194641633153,-1.5768361198765124,-0.15374450845713014,-0.41358637812426713,0.14832449615873794,1,0.29446396270087455,0,0,REJECT,2025-05-02T00:00:00+00:00,2026-05-05T22:00:00+00:00,MASSIVE_parquet,2026-05-15T08:24:34.034053+00:00
EUR_USD_H1_LONG_SHOCK_5_6_ALL,EUR_USD,H1,LONG_SHOCK,0.05,6,ALL,319,0.5297805642633229,0.7081504702194668,0.006373344636891291,1.0830636858361566,0.4749808402197568,2.4872472562318126,0.03926182232580239,-2.799633238962218,-0.17388658550965685,-0.45695685690293475,0.1712100523342616,1,0.28412476964000744,0,0,REJECT,2025-05-02T00:00:00+00:00,2026-05-05T22:00:00+00:00,MASSIVE_parquet,2026-05-15T08:24:34.034053+00:00
EUR_USD_H1_LONG_SHOCK_5_6_Q1,EUR_USD,H1,LONG_SHOCK,0.05,6,Q1,33,0.5454545454545454,0.378787878788073,0.003500987876183265,1.0445632798574207,0.37985938536217456,1.4649465186920294,0.025095395857976266,-1.3072814686589829,-0.16878642643613948,-0.42985207420642935,0.1597304933084335,1,0.4572518547234639,0,0,REJECT,2025-05-02T00:00:00+00:00,2026-05-05T22:00:00+00:00,MASSIVE_parquet,2026-05-15T08:24:34.034053+00:00
EUR_USD_H1_LONG_SHOCK_5_6_Q2,EUR_USD,H1,LONG_SHOCK,0.05,6,Q2,39,0.5128205128205128,5.499999999999991,0.04789156907927051,2.018518518518524,0.3619936288445797,20.12413736065934,0.2605513136986467,-0.6969634164822547,-0.1236598510019321,-0.2716945307159768,0.19890843990373785,1,0.05718286207113886,0,0,REJECT,2025-05-02T00:00:00+00:00,2026-05-05T22:00:00+00:00,MASSIVE_parquet,2026-05-15T08:24:34.034053+00:00
EUR_USD_H1_LONG_SHOCK_5_6_Q3,EUR_USD,H1,LONG_SHOCK,0.05,6,Q3,51,0.45098039215686275,-1.2411764705883122,-0.010436484150394228,0.8622415669205572,0.32267518549374014,-4.318841636070809,-0.07044047174573548,-1.2607310100650193,-0.17708831451366172,-0.37670338823964644,0.14320036971274275,0,0.6533228483104851,0,0,REJECT,2025-05-02T00:00:00+00:00,2026-05-05T22:00:00+00:00,MASSIVE_parquet,2026-05-15T08:24:34.034053+00:00
EUR_USD_H1_LONG_SHOCK_5_6_Q4,EUR_USD,H1,LONG_SHOCK,0.05,6,Q4,69,0.6231884057971014,2.8666666666666845,0.024517660050877788,1.453046266605591,0.5052188643395578,10.807827021195823,0.19358298314304034,-0.78589668966218,-0.14751989065507592,-0.3995519096059996,0.1610652881033933,0,0.12618817503333005,0,0,REJECT,2025-05-02T00:00:00+00:00,2026-05-05T22:00:00+00:00,MASSIVE_parquet,2026-05-15T08:24:34.034053+00:00
EUR_USD_H1_LONG_SHOCK_5_6_Q5,EUR_USD,H1,LONG_SHOCK,0.05,6,Q5,126,0.5079365079365079,-1.096031746031701,-0.008984747544680103,0.8963524467127022,0.42170965005414923,-3.136345144775175,-0.06528556154556608,-3.4638711279972423,-0.2035982670912148,-0.5328311975656447,0.1831121285343871,0,0.6742225231009802,0,0,REJECT,2025-05-02T00:00:00+00:00,2026-05-05T22:00:00+00:00,MASSIVE_parquet,2026-05-15T08:24:34.034053+00:00
EUR_USD_H1_LONG_SHOCK_5_12_ALL,EUR_USD,H1,LONG_SHOCK,0.05,12,ALL,319,0.5203761755485894,1.5727272727272392,0.013991656370814716,1.1407490531631335,0.4656374467885917,4.009754855555857,0.06338162711072953,-3.9186085495518608,-0.2299908355210176,-0.6245362344978733,0.230604533486215,0,0.17890323418048024,0,0,REJECT,2025-05-02T00:00:00+00:00,2026-05-05T22:00:00+00:00,MASSIVE_parquet,2026-05-15T08:24:34.034053+00:00
EUR_USD_H1_LONG_SHOCK_5_12_Q1,EUR_USD,H1,LONG_SHOCK,0.05,12,Q1,33,0.45454545454545453,-0.1757575757574484,-0.001449841308008276,0.9840703103543095,0.29842938513876116,-0.4818541794011104,-0.007072679836530815,-1.2871443738502464,-0.21352029510297577,-0.515923458056935,0.20991058479911184,0,0.5140860700900665,0,0,REJECT,2025-05-02T00:00:00+00:00,2026-05-05T22:00:00+00:00,MASSIVE_parquet,2026-05-15T08:24:34.034053+00:00
EUR_USD_H1_LONG_SHOCK_5_12_Q2,EUR_USD,H1,LONG_SHOCK,0.05,12,Q2,39,0.6666666666666666,8.589743589743499,0.07442973390681232,2.339464214314261,0.50977394399346,26.8883223323314,0.38279433121642337,-0.7340353339602035,-0.15895232539696744,-0.36501509778307345,0.24173482321906448,1,0.018606797100489535,0,0,REJECT,2025-05-02T00:00:00+00:00,2026-05-05T22:00:00+00:00,MASSIVE_parquet,2026-05-15T08:24:34.034053+00:00
EUR_USD_H1_LONG_SHOCK_5_12_Q3,EUR_USD,H1,LONG_SHOCK,0.05,12,Q3,51,0.5098039215686274,-0.8705882352944229,-0.007054949740093997,0.9291300877892813,0.376809238945697,-1.7752042290001961,-0.059343348737678325,-1.5619865891359996,-0.22986993896241056,-0.5480316154135856,0.2029662594664314,1,0.564418136983992,0,0,REJECT,2025-05-02T00:00:00+00:00,2026-05-05T22:00:00+00:00,MASSIVE_parquet,2026-05-15T08:24:34.034053+00:00
EUR_USD_H1_LONG_SHOCK_5_12_Q4,EUR_USD,H1,LONG_SHOCK,0.05,12,Q4,69,0.5507246376811594,6.815942028985558,0.058398385316494404,1.8242201191728058,0.4337876750268812,17.491512878133396,0.24827311293922644,-1.8616881274221897,-0.19539856679549547,-0.4652457178414937,0.22989177758787802,0,0.03301466772150822,0,0,REJECT,2025-05-02T00:00:00+00:00,2026-05-05T22:00:00+00:00,MASSIVE_parquet,2026-05-15T08:24:34.034053+00:00
EUR_USD_H1_LONG_SHOCK_5_12_Q5,EUR_USD,H1,LONG_SHOCK,0.05,12,Q5,126,0.47619047619047616,-2.248412698412695,-0.018486729325953168,0.8384097650011404,0.3909870103609822,-5.073477939431082,-0.08772357371516848,-5.751947869135887,-0.27541683919944465,-0.7175893844816761,0.24278479508493486,0,0.767319844641174,0,0,REJECT,2025-05-02T00:00:00+00:00,2026-05-05T22:00:00+00:00,MASSIVE_parquet,2026-05-15T08:24:34.034053+00:00
EUR_USD_H1_SHORT_SHOCK_5_1_ALL,EUR_USD,H1,SHORT_SHOCK,0.05,1,ALL,323,0.5386996904024768,-0.2136222910217103,-0.0019017558786320879,0.9537099154702724,0.4841992676333773,-1.4322804390218453,-0.02713951567497508,-2.1174186291950226,-0.0883735815033113,-0.2389261866428627,0.08489794329327914,1,0.6295687989107641,0,0,REJECT,2025-05-02T00:00:00+00:00,2026-05-05T22:00:00+00:00,MASSIVE_parquet,2026-05-15T08:24:34.034053+00:00
EUR_USD_H1_SHORT_SHOCK_5_1_Q1,EUR_USD,H1,SHORT_SHOCK,0.05,1,Q1,18,0.3888888888888889,-3.516666666666761,-0.030105994427820977,0.3097055616139326,0.20305246572163624,-29.97028249313649,-0.8744756928732991,-0.754508651989183,-0.0848647018041277,-0.19602533508677578,0.05588569150867868,1,0.9397870363599325,0,0,REJECT,2025-05-02T00:00:00+00:00,2026-05-05T22:00:00+00:00,MASSIVE_parquet,2026-05-15T08:24:34.034053+00:00
EUR_USD_H1_SHORT_SHOCK_5_1_Q2,EUR_USD,H1,SHORT_SHOCK,0.05,1,Q2,53,0.5094339622641509,-1.4000000000000805,-0.011908950853795588,0.6823630136986126,0.3788352911467995,-11.555629132508926,-0.23470273257722718,-0.7662470856858783,-0.07819158334009446,-0.1833746720725249,0.06330223592026245,0,0.8578219078051225,0,0,REJECT,2025-05-02T00:00:00+00:00,2026-05-05T22:00:00+00:00,MASSIVE_parquet,2026-05-15T08:24:34.034053+00:00
EUR_USD_H1_SHORT_SHOCK_5_1_Q3,EUR_USD,H1,SHORT_SHOCK,0.05,1,Q3,54,0.4444444444444444,-3.5537037037037105,-0.03041128857681917,0.4685682636388748,0.32002464172229655,-22.62985879478023,-0.5011078117376582,-2.0043568360348707,-0.11861665769475563,-0.25664554647185756,0.07293541201313626,0,0.9814404973839601,0,0,REJECT,2025-05-02T00:00:00+00:00,2026-05-05T22:00:00+00:00,MASSIVE_parquet,2026-05-15T08:24:34.034053+00:00
EUR_USD_H1_SHORT_SHOCK_5_1_Q4,EUR_USD,H1,SHORT_SHOCK,0.05,1,Q4,82,0.6707317073170732,2.69512195121954,0.02297012251411234,1.9923664122137308,0.5633838807286914,19.97456305813511,0.33274474921518,-0.4061776710280962,-0.06984835733063825,-0.1830152922713857,0.09550487713657169,0,0.011264436824849207,0,0,REJECT,2025-05-02T00:00:00+00:00,2026-05-05T22:00:00+00:00,MASSIVE_parquet,2026-05-15T08:24:34.034053+00:00
EUR_USD_H1_SHORT_SHOCK_5_1_Q5,EUR_USD,H1,SHORT_SHOCK,0.05,1,Q5,111,0.5405405405405406,1.0657657657656667,0.009177857995829992,1.2359393697646355,0.44802860675412204,6.119624638665814,0.10355171301006294,-0.6944443517581722,-0.08852974831905681,-0.2448660782845946,0.09946746677541994,0,0.20443593335574284,0,0,REJECT,2025-05-02T00:00:00+00:00,2026-05-05T22:00:00+00:00,MASSIVE_parquet,2026-05-15T08:24:34.034053+00:00
EUR_USD_H1_SHORT_SHOCK_5_3_ALL,EUR_USD,H1,SHORT_SHOCK,0.05,3,ALL,323,0.5170278637770898,-1.4724458204335138,-0.012646210810629624,0.8199098792078379,0.46265253385690397,-5.7607954878262335,-0.11773684356261627,-5.197345644407748,-0.14544101189397496,-0.4063412920695719,0.12810729485116287,0,0.9079849171459208,0,0,REJECT,2025-05-02T00:00:00+00:00,2026-05-05T22:00:00+00:00,MASSIVE_parquet,2026-05-15T08:24:34.034053+00:00
EUR_USD_H1_SHORT_SHOCK_5_3_Q1,EUR_USD,H1,SHORT_SHOCK,0.05,3,Q1,18,0.2777777777777778,-8.311111111111403,-0.0709468642551139,0.22926326635753516,0.12499753379553996,-41.677835524635256,-0.9313932783869531,-1.3551242538429986,-0.15007786734673365,-0.3489983674579977,0.08124780865157197,1,0.9818818862870838,0,0,REJECT,2025-05-02T00:00:00+00:00,2026-05-05T22:00:00+00:00,MASSIVE_parquet,2026-05-15T08:24:34.034053+00:00
EUR_USD_H1_SHORT_SHOCK_5_3_Q2,EUR_USD,H1,SHORT_SHOCK,0.05,3,Q2,53,0.4716981132075472,-3.6018867924531333,-0.030798672116649144,0.5600368748559345,0.3438224347819615,-16.587376057311083,-0.4001984735398221,-1.5870907877476692,-0.13205116085432328,-0.3093152364260421,0.10450996856482438,0,0.9367292470420261,0,0,REJECT,2025-05-02T00:00:00+00:00,2026-05-05T22:00:00+00:00,MASSIVE_parquet,2026-05-15T08:24:34.034053+00:00
EUR_USD_H1_SHORT_SHOCK_5_3_Q3,EUR_USD,H1,SHORT_SHOCK,0.05,3,Q3,54,0.4074074074074074,-6.198148148148251,-0.05315603953566043,0.3927793904208928,0.28678212085914584,-27.661917837480843,-0.6289608748137416,-3.2016141946919596,-0.17849775064131587,-0.44539557681251396,0.10759115949974539,0,0.9941850685789536,0,0,REJECT,2025-05-02T00:00:00+00:00,2026-05-05T22:00:00+00:00,MASSIVE_parquet,2026-05-15T08:24:34.034053+00:00
EUR_USD_H1_SHORT_SHOCK_5_3_Q4,EUR_USD,H1,SHORT_SHOCK,0.05,3,Q4,82,0.5853658536585366,0.5926829268293603,0.004960097447305839,1.0797505743354243,0.4772569583441246,2.127166292505356,0.04232753561137437,-1.6575377546844128,-0.13004680697277293,-0.3547210249842281,0.13646600062944325,1,0.4025018528259737,0,0,REJECT,2025-05-02T00:00:00+00:00,2026-05-05T22:00:00+00:00,MASSIVE_parquet,2026-05-15T08:24:34.034053+00:00
EUR_USD_H1_SHORT_SHOCK_5_3_Q5,EUR_USD,H1,SHORT_SHOCK,0.05,3,Q5,111,0.5855855855855856,2.2495495495495037,0.019482059015692627,1.3452232821788932,0.49258005386253684,8.775761857089018,0.15149687494256903,-0.9444458070026918,-0.13901929508968192,-0.37597083845012924,0.1527526024678861,0,0.11852225279087981,0,0,REJECT,2025-05-02T00:00:00+00:00,2026-05-05T22:00:00+00:00,MASSIVE_parquet,2026-05-15T08:24:34.034053+00:00
EUR_USD_H1_SHORT_SHOCK_5_6_ALL,EUR_USD,H1,SHORT_SHOCK,0.05,6,ALL,323,0.5015479876160991,-1.064396284829703,-0.008869735435949117,0.8990456614300415,0.44732378026170716,-2.9619430974108054,-0.054670338988525136,-5.722611335877781,-0.1957433494823748,-0.6753886731326186,0.17501142507999484,1,0.7529233901711299,0,0,REJECT,2025-05-02T00:00:00+00:00,2026-05-05T22:00:00+00:00,MASSIVE_parquet,2026-05-15T08:24:34.034053+00:00
EUR_USD_H1_SHORT_SHOCK_5_6_Q1,EUR_USD,H1,SHORT_SHOCK,0.05,6,Q1,18,0.3888888888888889,-10.133333333333352,-0.08649815380108326,0.30088156381755177,0.20305246572163624,-32.924708468848955,-0.9021126648022029,-1.5530331917944507,-0.20331941586318827,-0.5067440408625301,0.10348144378540629,0,0.9548713804318033,0,0,REJECT,2025-05-02T00:00:00+00:00,2026-05-05T22:00:00+00:00,MASSIVE_parquet,2026-05-15T08:24:34.034053+00:00
EUR_USD_H1_SHORT_SHOCK_5_6_Q2,EUR_USD,H1,SHORT_SHOCK,0.05,6,Q2,53,0.5471698113207547,-1.7320754716981484,-0.01440189906162991,0.8058786212729935,0.414539754871058,-5.902255939767561,-0.12734807284608385,-1.5312029688221096,-0.18361054656630338,-0.5241983037324527,0.1408661901353811,1,0.7085211676550464,0,0,REJECT,2025-05-02T00:00:00+00:00,2026-05-05T22:00:00+00:00,MASSIVE_parquet,2026-05-15T08:24:34.034053+00:00
EUR_USD_H1_SHORT_SHOCK_5_6_Q3,EUR_USD,H1,SHORT_SHOCK,0.05,6,Q3,54,0.42592592592592593,-7.622222222222361,-0.06483692454974377,0.39754098360654977,0.3033182401992927,-23.928396130304897,-0.6360046912279677,-4.123992239416596,-0.22573339549825283,-0.5345974624725286,0.12860729638828544,0,0.9860560281424877,0,0,REJECT,2025-05-02T00:00:00+00:00,2026-05-05T22:00:00+00:00,MASSIVE_parquet,2026-05-15T08:24:34.034053+00:00
EUR_USD_H1_SHORT_SHOCK_5_6_Q4,EUR_USD,H1,SHORT_SHOCK,0.05,6,Q4,82,0.573170731707317,4.1475609756099034,0.03547110021704177,1.4695568134750985,0.46521208028574046,11.522698363847457,0.18306830225405263,-1.8596968357561416,-0.16758019719086198,-0.5213748105896338,0.19519901082198163,0,0.09172141667252237,0,0,REJECT,2025-05-02T00:00:00+00:00,2026-05-05T22:00:00+00:00,MASSIVE_parquet,2026-05-15T08:24:34.034053+00:00
EUR_USD_H1_SHORT_SHOCK_5_6_Q5,EUR_USD,H1,SHORT_SHOCK,0.05,6,Q5,111,0.4774774774774775,0.13333333333334685,0.0014562834213865399,1.0123005319148946,0.3868737253708906,0.44610415620021215,0.007384146939826974,-3.079357383252046,-0.20084072509082712,-0.6962470897421913,0.2116834496838999,1,0.475959239270087,0,0,REJECT,2025-05-02T00:00:00+00:00,2026-05-05T22:00:00+00:00,MASSIVE_parquet,2026-05-15T08:24:34.034053+00:00
EUR_USD_H1_SHORT_SHOCK_5_12_ALL,EUR_USD,H1,SHORT_SHOCK,0.05,12,ALL,323,0.48606811145510836,-1.3733746130030806,-0.011526113445892092,0.9038328130419715,0.4320463859458439,-2.877905974138171,-0.05054250231640184,-6.759068462268278,-0.2558254978368499,-0.7307892044639541,0.22542827740891455,1,0.7467613672336324,0,0,REJECT,2025-05-02T00:00:00+00:00,2026-05-05T22:00:00+00:00,MASSIVE_parquet,2026-05-15T08:24:34.034053+00:00
EUR_USD_H1_SHORT_SHOCK_5_12_Q1,EUR_USD,H1,SHORT_SHOCK,0.05,12,Q1,18,0.3888888888888889,-11.611111111111189,-0.09921237157328917,0.37963787474027477,0.20305246572163624,-29.31876171781621,-0.6339558153364557,-1.4645048079574896,-0.2765029944690597,-0.687684642487687,0.13814940394697933,0,0.9359324959483054,0,0,REJECT,2025-05-02T00:00:00+00:00,2026-05-05T22:00:00+00:00,MASSIVE_parquet,2026-05-15T08:24:34.034053+00:00
EUR_USD_H1_SHORT_SHOCK_5_12_Q2,EUR_USD,H1,SHORT_SHOCK,0.05,12,Q2,53,0.4716981132075472,-1.696226415094434,-0.013841713404823656,0.8674823113207485,0.3438224347819615,-3.7727018929961806,-0.06833345594947193,-2.350040121612995,-0.23623027054760212,-0.5985520934410271,0.1939790568425605,1,0.6373058561242924,0,0,REJECT,2025-05-02T00:00:00+00:00,2026-05-05T22:00:00+00:00,MASSIVE_parquet,2026-05-15T08:24:34.034053+00:00
EUR_USD_H1_SHORT_SHOCK_5_12_Q3,EUR_USD,H1,SHORT_SHOCK,0.05,12,Q3,54,0.35185185185185186,-9.877777777777808,-0.08454742190586172,0.39756042466681885,0.23823011108114728,-27.306248981013074,-0.5294438399851524,-4.9224328364384835,-0.27337748210466084,-0.6284747747898605,0.16313544137952862,0,0.9936592727315627,0,0,REJECT,2025-05-02T00:00:00+00:00,2026-05-05T22:00:00+00:00,MASSIVE_parquet,2026-05-15T08:24:34.034053+00:00
EUR_USD_H1_SHORT_SHOCK_5_12_Q4,EUR_USD,H1,SHORT_SHOCK,0.05,12,Q4,82,0.573170731707317,4.746341463414696,0.040612399582178355,1.393012218519644,0.46521208028574046,9.703700383565664,0.16149734255689424,-2.077165056149488,-0.222526329457804,-0.6865415970675531,0.2531802588292364,0,0.13092748209458588,0,0,REJECT,2025-05-02T00:00:00+00:00,2026-05-05T22:00:00+00:00,MASSIVE_parquet,2026-05-15T08:24:34.034053+00:00
EUR_USD_H1_SHORT_SHOCK_5_12_Q5,EUR_USD,H1,SHORT_SHOCK,0.05,12,Q5,111,0.5135135135135135,0.5549549549550093,0.005246166057635302,1.0382727555141387,0.4216469238103697,1.1976199310024913,0.020847049033038745,-3.965920045213078,-0.26780062361672,-0.8540421084985983,0.2644018209489921,1,0.4357048084825194,0,0,REJECT,2025-05-02T00:00:00+00:00,2026-05-05T22:00:00+00:00,MASSIVE_parquet,2026-05-15T08:24:34.034053+00:00
GBP_USD_H1_LONG_SHOCK_1_1_ALL,GBP_USD,H1,LONG_SHOCK,0.01,1,ALL,80,0.575,2.431250000000079,0.018229724893151916,1.4126007636826632,0.4656928984656886,10.200976690361585,0.15678915506097207,-1.2965893431609699,-0.10311472465335356,-0.2649181336008011,0.11125826452032472,0,0.12211566033374786,0,0,REJECT,2025-05-02T00:00:00+00:00,2026-05-05T22:00:00+00:00,MASSIVE_parquet,2026-05-15T08:24:34.034053+00:00
GBP_USD_H1_LONG_SHOCK_1_1_Q1,GBP_USD,H1,LONG_SHOCK,0.01,1,Q1,3,0.6666666666666666,9.63333333333353,0.07161700988576047,12.560000000006644,0.20765960080204768,56.907870239171,0.6142630017482794,0.0,-0.04808536708734712,-0.058112677298812754,0.16433300365477077,0,0.16629706421915172,0,0,REJECT,2025-05-02T00:00:00+00:00,2026-05-05T22:00:00+00:00,MASSIVE_parquet,2026-05-15T08:24:34.034053+00:00
GBP_USD_H1_LONG_SHOCK_1_1_Q2,GBP_USD,H1,LONG_SHOCK,0.01,1,Q2,4,1.0,4.899999999999904,0.03663497806830063,inf,0.5101091635454027,85.52172318132193,1.0,0.0,-0.09069607427134585,-0.13502522573355713,0.06537372850646261,0,0.05761927970919057,0,0,REJECT,2025-05-02T00:00:00+00:00,2026-05-05T22:00:00+00:00,MASSIVE_parquet,2026-05-15T08:24:34.034053+00:00
GBP_USD_H1_LONG_SHOCK_1_1_Q3,GBP_USD,H1,LONG_SHOCK,0.01,1,Q3,12,0.75,14.608333333333741,0.10855113365100348,14.484615384617248,0.46769466506643437,69.74277251461558,0.6980935095877026,-0.0968553633697744,-0.06046531290169651,-0.15218870431379317,0.1640561845924889,0,0.004993015867567543,0,0,REJECT,2025-05-02T00:00:00+00:00,2026-05-05T22:00:00+00:00,MASSIVE_parquet,2026-05-15T08:24:34.034053+00:00
GBP_USD_H1_LONG_SHOCK_1_1_Q4,GBP_USD,H1,LONG_SHOCK,0.01,1,Q4,17,0.47058823529411764,-2.2470588235292426,-0.01657433481360356,0.6921837228042086,0.26165106442409436,-8.805948187004711,-0.20863110018076603,-0.5978005177116552,-0.11139382449052176,-0.3385876949908595,0.07980709409610644,1,0.6765559380506989,0,0,REJECT,2025-05-02T00:00:00+00:00,2026-05-05T22:00:00+00:00,MASSIVE_parquet,2026-05-15T08:24:34.034053+00:00
GBP_USD_H1_LONG_SHOCK_1_1_Q5,GBP_USD,H1,LONG_SHOCK,0.01,1,Q5,44,0.5227272727272727,0.20227272727269002,0.0017303894895656395,1.026823387582876,0.3793546556062164,0.9520940386314688,-0.009713625745969567,-1.1837683591676362,-0.11642860915367347,-0.25569382683529485,0.1095630095884577,0,0.46782656632982467,0,0,REJECT,2025-05-02T00:00:00+00:00,2026-05-05T22:00:00+00:00,MASSIVE_parquet,2026-05-15T08:24:34.034053+00:00
GBP_USD_H1_LONG_SHOCK_1_3_ALL,GBP_USD,H1,LONG_SHOCK,0.01,3,ALL,80,0.6375,1.6975000000000744,0.012910735312592347,1.1810425276629861,0.5281079450222216,5.004921737879881,0.08054121444463025,-2.3828907835938717,-0.15618158816254307,-0.4517244126901604,0.16061534921211845,1,0.28325383859294717,0,0,REJECT,2025-05-02T00:00:00+00:00,2026-05-05T22:00:00+00:00,MASSIVE_parquet,2026-05-15T08:24:34.034053+00:00
GBP_USD_H1_LONG_SHOCK_1_3_Q1,GBP_USD,H1,LONG_SHOCK,0.01,3,Q1,3,0.6666666666666666,5.533333333333316,0.04165250249475264,2.33870967741945,0.20765960080204768,22.542573369083854,0.385902508044873,0.0,-0.0908536218004093,-0.16364048313259993,0.19511193398765356,0,0.33272249086275596,0,0,REJECT,2025-05-02T00:00:00+00:00,2026-05-05T22:00:00+00:00,MASSIVE_parquet,2026-05-15T08:24:34.034053+00:00
GBP_USD_H1_LONG_SHOCK_1_3_Q2,GBP_USD,H1,LONG_SHOCK,0.01,3,Q2,4,0.5,-14.949999999999687,-0.11055794154211096,0.19731543624162295,0.15003898915214947,-32.69788597607116,-2.018568746063766,-0.05443698732288116,-0.21080180125877535,-0.5208045247376397,0.09625643870559975,1,0.7689282507694495,0,0,REJECT,2025-05-02T00:00:00+00:00,2026-05-05T22:00:00+00:00,MASSIVE_parquet,2026-05-15T08:24:34.034053+00:00
GBP_USD_H1_LONG_SHOCK_1_3_Q3,GBP_USD,H1,LONG_SHOCK,0.01,3,Q3,12,0.75,7.075000000000092,0.05236892193929791,2.3693548387096492,0.46769466506643437,25.432158904369324,0.4322793811148621,-0.46188702073153287,-0.11249214997611594,-0.2542321056056307,0.20989431847330633,1,0.14068531561880973,0,0,REJECT,2025-05-02T00:00:00+00:00,2026-05-05T22:00:00+00:00,MASSIVE_parquet,2026-05-15T08:24:34.034053+00:00
GBP_USD_H1_LONG_SHOCK_1_3_Q4,GBP_USD,H1,LONG_SHOCK,0.01,3,Q4,17,0.7058823529411765,-3.7882352941176465,-0.027966963363085566,0.6678700361010832,0.46866889933460154,-10.629524795629935,-0.34966404014835273,-0.8442081652490829,-0.1706824534879894,-0.5669509575055676,0.10834884211717528,1,0.7095632008758732,0,0,REJECT,2025-05-02T00:00:00+00:00,2026-05-05T22:00:00+00:00,MASSIVE_parquet,2026-05-15T08:24:34.034053+00:00
GBP_USD_H1_LONG_SHOCK_1_3_Q5,GBP_USD,H1,LONG_SHOCK,0.01,3,Q5,44,0.5909090909090909,3.60227272727281,0.027207827218010305,1.389148048121787,0.444097537410319,10.17592419238894,0.14249378674064228,-1.2235446314906029,-0.16198298803540692,-0.3465703903379974,0.17086827823891956,1,0.19512022654004968,0,0,REJECT,2025-05-02T00:00:00+00:00,2026-05-05T22:00:00+00:00,MASSIVE_parquet,2026-05-15T08:24:34.034053+00:00
GBP_USD_H1_LONG_SHOCK_1_6_ALL,GBP_USD,H1,LONG_SHOCK,0.01,6,ALL,80,0.575,0.8162499999999902,0.006603575982300908,1.0654439767488468,0.4656928984656886,2.0836347263198345,0.03824321444950607,-2.5632394502129174,-0.19951245431129194,-0.536022814141976,0.20984966467042704,1,0.4056147203957451,0,0,REJECT,2025-05-02T00:00:00+00:00,2026-05-05T22:00:00+00:00,MASSIVE_parquet,2026-05-15T08:24:34.034053+00:00
GBP_USD_H1_LONG_SHOCK_1_6_Q1,GBP_USD,H1,LONG_SHOCK,0.01,6,Q1,3,0.3333333333333333,-3.566666666667088,-0.026048424769816354,0.2770270270270139,0.061491944720396215,-31.949329505666753,-0.8531875636009321,-0.014097047039629551,-0.12300478171533753,-0.1732858311070784,0.2435142841079152,0,0.7247333017350293,0,0,REJECT,2025-05-02T00:00:00+00:00,2026-05-05T22:00:00+00:00,MASSIVE_parquet,2026-05-15T08:24:34.034053+00:00
GBP_USD_H1_LONG_SHOCK_1_6_Q2,GBP_USD,H1,LONG_SHOCK,0.01,6,Q2,4,0.25,-21.34999999999998,-0.1587760343235739,0.2644272179155842,0.045587260809700575,-33.839584062327745,-0.6988990032024915,-0.2221126652442007,-0.26943901334568476,-0.6458917549767096,0.16764659443608831,1,0.775901790219399,0,0,REJECT,2025-05-02T00:00:00+00:00,2026-05-05T22:00:00+00:00,MASSIVE_parquet,2026-05-15T08:24:34.034053+00:00
GBP_USD_H1_LONG_SHOCK_1_6_Q3,GBP_USD,H1,LONG_SHOCK,0.01,6,Q3,12,0.5,-4.3166666666666345,-0.03185147877803977,0.7038307604345363,0.2537815976337061,-10.741834122908845,-0.20898735134698787,-0.7446738596403102,-0.17743940341287587,-0.4004632594877844,0.2150049392152631,0,0.6791610661936648,0,0,REJECT,2025-05-02T00:00:00+00:00,2026-05-05T22:00:00+00:00,MASSIVE_parquet,2026-05-15T08:24:34.034053+00:00
GBP_USD_H1_LONG_SHOCK_1_6_Q4,GBP_USD,H1,LONG_SHOCK,0.01,6,Q4,17,0.6470588235294118,3.505882352941156,0.026160825353689222,1.404341926729985,0.4130036348521869,9.676667362904153,0.18684336678415614,-0.5824805545180611,-0.19201639227302264,-0.5772009660243116,0.17301876861159524,1,0.30746971003457235,0,0,REJECT,2025-05-02T00:00:00+00:00,2026-05-05T22:00:00+00:00,MASSIVE_parquet,2026-05-15T08:24:34.034053+00:00
GBP_USD_H1_LONG_SHOCK_1_6_Q5,GBP_USD,H1,LONG_SHOCK,0.01,6,Q5,44,0.6136363636363636,3.4909090909091005,0.026795891011626768,1.2820418655894232,0.4662357539237828,7.963383518554707,0.13831751303704592,-1.5916347470335435,-0.2072880553813343,-0.4748257196229616,0.22421512742240432,0,0.25031547501438184,0,0,REJECT,2025-05-02T00:00:00+00:00,2026-05-05T22:00:00+00:00,MASSIVE_parquet,2026-05-15T08:24:34.034053+00:00
GBP_USD_H1_LONG_SHOCK_1_12_ALL,GBP_USD,H1,LONG_SHOCK,0.01,12,ALL,80,0.55,4.230000000000095,0.032348929876527543,1.3177166463242977,0.4411950788935596,8.835827243843674,0.13557988869736476,-2.5830846445289324,-0.2597301825463726,-0.6494403971703461,0.2725814107677782,0,0.15631421180145713,0,0,REJECT,2025-05-02T00:00:00+00:00,2026-05-05T22:00:00+00:00,MASSIVE_parquet,2026-05-15T08:24:34.034053+00:00
GBP_USD_H1_LONG_SHOCK_1_12_Q1,GBP_USD,H1,LONG_SHOCK,0.01,12,Q1,3,0.6666666666666666,-5.23333333333357,-0.037281424159367006,0.6503340757238057,0.20765960080204768,-10.881207238455824,-0.3430557128878008,0.0,-0.25707759162274524,-0.38648331056731045,0.2435142841079152,1,0.5844504705537523,0,0,REJECT,2025-05-02T00:00:00+00:00,2026-05-05T22:00:00+00:00,MASSIVE_parquet,2026-05-15T08:24:34.034053+00:00
GBP_USD_H1_LONG_SHOCK_1_12_Q2,GBP_USD,H1,LONG_SHOCK,0.01,12,Q2,4,0.5,-14.425000000000132,-0.1074081398115656,0.45872420262663116,0.15003898915214947,-22.62158792281633,-0.5925032148857869,-0.223806054779907,-0.37509124522175086,-0.785313945128121,0.21747794628085848,1,0.6992215208128842,0,0,REJECT,2025-05-02T00:00:00+00:00,2026-05-05T22:00:00+00:00,MASSIVE_parquet,2026-05-15T08:24:34.034053+00:00
GBP_USD_H1_LONG_SHOCK_1_12_Q3,GBP_USD,H1,LONG_SHOCK,0.01,12,Q3,12,0.5,4.916666666666864,0.036816647063713424,1.4297159504734462,0.2537815976337061,11.013944422385087,0.15120672003197116,-0.7323541581835902,-0.2974056959154092,-0.7432243749764511,0.31109056948439756,1,0.3166745583629621,0,0,REJECT,2025-05-02T00:00:00+00:00,2026-05-05T22:00:00+00:00,MASSIVE_parquet,2026-05-15T08:24:34.034053+00:00
GBP_USD_H1_LONG_SHOCK_1_12_Q4,GBP_USD,H1,LONG_SHOCK,0.01,12,Q4,17,0.6470588235294118,15.070588235294103,0.11204851054655916,2.9409090909090736,0.4130036348521869,32.55364145745063,0.4264803214988121,-0.4332182035157284,-0.20558382378783405,-0.5772009660243116,0.2485677631133629,0,0.05180976976327763,0,0,REJECT,2025-05-02T00:00:00+00:00,2026-05-05T22:00:00+00:00,MASSIVE_parquet,2026-05-15T08:24:34.034053+00:00
GBP_USD_H1_LONG_SHOCK_1_12_Q5,GBP_USD,H1,LONG_SHOCK,0.01,12,Q5,44,0.5227272727272727,2.195454545454695,0.017790154040693184,1.149930156759284,0.3793546556062164,4.682981118237008,0.07349418168125682,-2.3683291572955456,-0.2600687157403745,-0.6399776044271249,0.27834816857352584,0,0.3457760004399375,0,0,REJECT,2025-05-02T00:00:00+00:00,2026-05-05T22:00:00+00:00,MASSIVE_parquet,2026-05-15T08:24:34.034053+00:00
GBP_USD_H1_SHORT_SHOCK_1_1_ALL,GBP_USD,H1,SHORT_SHOCK,0.01,1,ALL,79,0.5316455696202531,-1.021518987341438,-0.007580509308272208,0.8357084690554233,0.42271409399274446,-4.769346499443246,-0.10414398165778738,-1.1712437530887132,-0.109133811953414,-0.2850182120214795,0.08856139320851913,0,0.7063758289972569,0,0,REJECT,2025-05-02T00:00:00+00:00,2026-05-05T22:00:00+00:00,MASSIVE_parquet,2026-05-15T08:24:34.034053+00:00
GBP_USD_H1_SHORT_SHOCK_1_1_Q1,GBP_USD,H1,SHORT_SHOCK,0.01,1,Q1,0,0.0,0.0,0.0,0.0,0.0,0.0,0.0,0.0,0.0,0.0,0.0,0,1.0,0,0,REJECT,2025-05-02T00:00:00+00:00,2026-05-05T22:00:00+00:00,MASSIVE_parquet,2026-05-15T08:24:34.034053+00:00
GBP_USD_H1_SHORT_SHOCK_1_1_Q2,GBP_USD,H1,SHORT_SHOCK,0.01,1,Q2,3,0.6666666666666666,3.8333333333347617,0.028194207715344827,3.738095238097139,0.20765960080204768,37.51612537216912,0.4869198035131056,0.0,-0.07148870871788542,-0.09572990235299561,0.09513077347991968,1,0.24566267305433467,0,0,REJECT,2025-05-02T00:00:00+00:00,2026-05-05T22:00:00+00:00,MASSIVE_parquet,2026-05-15T08:24:34.034053+00:00
GBP_USD_H1_SHORT_SHOCK_1_1_Q3,GBP_USD,H1,SHORT_SHOCK,0.01,1,Q3,10,0.7,2.080000000000082,0.015434734043063836,2.496402877697898,0.3967781474611453,28.150795088273163,0.41870234250663446,-0.06929542203146788,-0.0699857196391962,-0.1769617275213431,0.07443138529474869,0,0.14093463222691016,0,0,REJECT,2025-05-02T00:00:00+00:00,2026-05-05T22:00:00+00:00,MASSIVE_parquet,2026-05-15T08:24:34.034053+00:00
GBP_USD_H1_SHORT_SHOCK_1_1_Q4,GBP_USD,H1,SHORT_SHOCK,0.01,1,Q4,23,0.5217391304347826,2.065217391304652,0.014954531368304786,1.459381044487504,0.32962737336427406,11.086391912147539,0.1602838431024755,-0.3756564654243566,-0.10642148561864145,-0.20858472292550778,0.09585024046887064,1,0.2506599386506993,0,0,REJECT,2025-05-02T00:00:00+00:00,2026-05-05T22:00:00+00:00,MASSIVE_parquet,2026-05-15T08:24:34.034053+00:00
GBP_USD_H1_SHORT_SHOCK_1_1_Q5,GBP_USD,H1,SHORT_SHOCK,0.01,1,Q5,42,0.5,-3.819047619047314,-0.0281189609463915,0.5660173160173388,0.35525989596374485,-14.860097647429528,-0.37763503120997133,-1.6082108470493628,-0.12483568816919768,-0.3495553320502842,0.08568436992578646,0,0.8886833858405924,0,0,REJECT,2025-05-02T00:00:00+00:00,2026-05-05T22:00:00+00:00,MASSIVE_parquet,2026-05-15T08:24:34.034053+00:00
GBP_USD_H1_SHORT_SHOCK_1_3_ALL,GBP_USD,H1,SHORT_SHOCK,0.01,3,ALL,79,0.5569620253164557,1.940506329114045,0.014850604593133932,1.23418881759855,0.44731912948308383,6.432315401722781,0.10827242479979221,-1.1016879029312587,-0.14434240784993538,-0.37126206051340316,0.1498653793093556,0,0.232226919891409,0,0,REJECT,2025-05-02T00:00:00+00:00,2026-05-05T22:00:00+00:00,MASSIVE_parquet,2026-05-15T08:24:34.034053+00:00
GBP_USD_H1_SHORT_SHOCK_1_3_Q1,GBP_USD,H1,SHORT_SHOCK,0.01,3,Q1,0,0.0,0.0,0.0,0.0,0.0,0.0,0.0,0.0,0.0,0.0,0.0,0,1.0,0,0,REJECT,2025-05-02T00:00:00+00:00,2026-05-05T22:00:00+00:00,MASSIVE_parquet,2026-05-15T08:24:34.034053+00:00
GBP_USD_H1_SHORT_SHOCK_1_3_Q2,GBP_USD,H1,SHORT_SHOCK,0.01,3,Q2,3,0.6666666666666666,8.700000000000744,0.06571774007856357,3.193277310924512,0.20765960080204768,33.725793005708525,0.46266773700737446,-0.08692857247213359,-0.07148870871788542,-0.09572990235299561,0.16660526427529168,1,0.2654632610655311,0,0,REJECT,2025-05-02T00:00:00+00:00,2026-05-05T22:00:00+00:00,MASSIVE_parquet,2026-05-15T08:24:34.034053+00:00
GBP_USD_H1_SHORT_SHOCK_1_3_Q3,GBP_USD,H1,SHORT_SHOCK,0.01,3,Q3,10,0.6,2.919999999999812,0.021991804360304013,1.54579439252331,0.3126737697336583,14.423065652042986,0.21431862190033862,-0.14136524783326943,-0.11977315084173101,-0.23721364956760804,0.1423715869750808,0,0.28598432432232895,0,0,REJECT,2025-05-02T00:00:00+00:00,2026-05-05T22:00:00+00:00,MASSIVE_parquet,2026-05-15T08:24:34.034053+00:00
GBP_USD_H1_SHORT_SHOCK_1_3_Q4,GBP_USD,H1,SHORT_SHOCK,0.01,3,Q4,23,0.5217391304347826,5.495652173913229,0.04116027916480141,1.778804682686422,0.32962737336427406,17.590435321672448,0.22924849704577355,-0.4040765470103014,-0.1271931115695124,-0.2636393341368459,0.16310144771702606,0,0.14488582176852027,0,0,REJECT,2025-05-02T00:00:00+00:00,2026-05-05T22:00:00+00:00,MASSIVE_parquet,2026-05-15T08:24:34.034053+00:00
GBP_USD_H1_SHORT_SHOCK_1_3_Q5,GBP_USD,H1,SHORT_SHOCK,0.01,3,Q5,42,0.5714285714285714,-0.1952380952379993,-0.0009447270346545144,0.9798377182198277,0.4220623987810458,-0.37769377435671453,-0.007606668994723398,-0.8885924292147185,-0.16182929684979355,-0.380242783572336,0.14288464721314525,1,0.512478067275532,0,0,REJECT,2025-05-02T00:00:00+00:00,2026-05-05T22:00:00+00:00,MASSIVE_parquet,2026-05-15T08:24:34.034053+00:00
GBP_USD_H1_SHORT_SHOCK_1_6_ALL,GBP_USD,H1,SHORT_SHOCK,0.01,6,ALL,79,0.5189873417721519,0.958227848101304,0.007666423941976867,1.0848464469849852,0.41051105599405935,2.4718747560791487,0.04351794612206655,-1.8697408413285599,-0.18629155796012692,-0.5324662188186257,0.20037026427294705,1,0.38915032620519796,0,0,REJECT,2025-05-02T00:00:00+00:00,2026-05-05T22:00:00+00:00,MASSIVE_parquet,2026-05-15T08:24:34.034053+00:00
GBP_USD_H1_SHORT_SHOCK_1_6_Q1,GBP_USD,H1,SHORT_SHOCK,0.01,6,Q1,0,0.0,0.0,0.0,0.0,0.0,0.0,0.0,0.0,0.0,0.0,0.0,0,1.0,0,0,REJECT,2025-05-02T00:00:00+00:00,2026-05-05T22:00:00+00:00,MASSIVE_parquet,2026-05-15T08:24:34.034053+00:00
GBP_USD_H1_SHORT_SHOCK_1_6_Q2,GBP_USD,H1,SHORT_SHOCK,0.01,6,Q2,3,0.3333333333333333,0.9666666666670783,0.007837033370861057,1.1510416666667371,0.061491944720396215,4.282580929217682,0.04760731810126717,-0.14110714942188185,-0.09981393272617083,-0.161353765990212,0.17619183345658485,1,0.4663542808227434,0,0,REJECT,2025-05-02T00:00:00+00:00,2026-05-05T22:00:00+00:00,MASSIVE_parquet,2026-05-15T08:24:34.034053+00:00
GBP_USD_H1_SHORT_SHOCK_1_6_Q3,GBP_USD,H1,SHORT_SHOCK,0.01,6,Q3,10,0.5,2.450000000000063,0.019202839755142476,1.4298245614035336,0.236593090512564,9.606346014636637,0.1563574856881031,-0.18347537878787845,-0.13752498539719715,-0.2500030183190255,0.16307978710742743,1,0.35258231290674086,0,0,REJECT,2025-05-02T00:00:00+00:00,2026-05-05T22:00:00+00:00,MASSIVE_parquet,2026-05-15T08:24:34.034053+00:00
GBP_USD_H1_SHORT_SHOCK_1_6_Q4,GBP_USD,H1,SHORT_SHOCK,0.01,6,Q4,23,0.6086956521739131,6.843478260869796,0.05164082640460962,1.7633365664403964,0.4078552239138171,17.39298595314653,0.26659650526017914,-0.5493633923769115,-0.1652218403451171,-0.4879935547071146,0.2140966176217343,0,0.14754101156062752,0,0,REJECT,2025-05-02T00:00:00+00:00,2026-05-05T22:00:00+00:00,MASSIVE_parquet,2026-05-15T08:24:34.034053+00:00
GBP_USD_H1_SHORT_SHOCK_1_6_Q5,GBP_USD,H1,SHORT_SHOCK,0.01,6,Q5,42,0.47619047619047616,-2.638095238095338,-0.019294041839077035,0.8183010823220652,0.33359601230705466,-5.519107728792287,-0.10374304495203102,-2.2615725194919944,-0.2136585368328104,-0.7705624273198651,0.20434072567619505,1,0.6760003149060116,0,0,REJECT,2025-05-02T00:00:00+00:00,2026-05-05T22:00:00+00:00,MASSIVE_parquet,2026-05-15T08:24:34.034053+00:00
GBP_USD_H1_SHORT_SHOCK_1_12_ALL,GBP_USD,H1,SHORT_SHOCK,0.01,12,ALL,79,0.5189873417721519,2.1240506329116475,0.01660800558819821,1.1411507402422791,0.41051105599405935,4.179248694047153,0.06721182561851013,-2.2931037936889664,-0.237681385217993,-0.6287586019739022,0.24976400186987494,1,0.3171191066236397,0,0,REJECT,2025-05-02T00:00:00+00:00,2026-05-05T22:00:00+00:00,MASSIVE_parquet,2026-05-15T08:24:34.034053+00:00
GBP_USD_H1_SHORT_SHOCK_1_12_Q1,GBP_USD,H1,SHORT_SHOCK,0.01,12,Q1,0,0.0,0.0,0.0,0.0,0.0,0.0,0.0,0.0,0.0,0.0,0.0,0,1.0,0,0,REJECT,2025-05-02T00:00:00+00:00,2026-05-05T22:00:00+00:00,MASSIVE_parquet,2026-05-15T08:24:34.034053+00:00
GBP_USD_H1_SHORT_SHOCK_1_12_Q2,GBP_USD,H1,SHORT_SHOCK,0.01,12,Q2,3,0.6666666666666666,8.466666666667363,0.06407270480493683,4.386666666666817,0.20765960080204768,47.633744767635314,0.5187597665387746,-0.05480453050785705,-0.1198998364378608,-0.16620074081298064,0.21558197626322753,0,0.19995879689767918,0,0,REJECT,2025-05-02T00:00:00+00:00,2026-05-05T22:00:00+00:00,MASSIVE_parquet,2026-05-15T08:24:34.034053+00:00
GBP_USD_H1_SHORT_SHOCK_1_12_Q3,GBP_USD,H1,SHORT_SHOCK,0.01,12,Q3,10,0.3,-1.8599999999999723,-0.01236288967089716,0.8565921356977655,0.10779126740630099,-4.0998273513495285,-0.04422140246899098,-0.6011292351515318,-0.2183944203287036,-0.424677675401961,0.19709340674726183,1,0.5643579142648198,0,0,REJECT,2025-05-02T00:00:00+00:00,2026-05-05T22:00:00+00:00,MASSIVE_parquet,2026-05-15T08:24:34.034053+00:00
GBP_USD_H1_SHORT_SHOCK_1_12_Q4,GBP_USD,H1,SHORT_SHOCK,0.01,12,Q4,23,0.6086956521739131,12.008695652174387,0.09054355758691571,1.9928109273904149,0.4078552239138171,21.163755795609116,0.3056609204486984,-0.693499390085961,-0.2011389090850099,-0.49898681642316145,0.29806962666972175,0,0.10266894003068591,0,0,REJECT,2025-05-02T00:00:00+00:00,2026-05-05T22:00:00+00:00,MASSIVE_parquet,2026-05-15T08:24:34.034053+00:00
GBP_USD_H1_SHORT_SHOCK_1_12_Q5,GBP_USD,H1,SHORT_SHOCK,0.01,12,Q5,42,0.5,-2.9571428571427227,-0.021581664797965767,0.8394103956555532,0.35525989596374485,-5.186900073136233,-0.0938164541818205,-2.5129619394308023,-0.2699621490209948,-0.8711611392598849,0.23981451167520973,1,0.6660846385512826,0,0,REJECT,2025-05-02T00:00:00+00:00,2026-05-05T22:00:00+00:00,MASSIVE_parquet,2026-05-15T08:24:34.034053+00:00
GBP_USD_H1_LONG_SHOCK_2p5_1_ALL,GBP_USD,H1,LONG_SHOCK,0.025,1,ALL,168,0.5059523809523809,0.6726190476190267,0.005056843161455842,1.1148607440536649,0.43106710846148427,3.3022699997041527,0.04708712175560714,-1.6105127484639659,-0.09899036983890962,-0.25885426108174125,0.0966926466416546,1,0.2913976670716691,0,0,REJECT,2025-05-02T00:00:00+00:00,2026-05-05T22:00:00+00:00,MASSIVE_parquet,2026-05-15T08:24:34.034053+00:00
GBP_USD_H1_LONG_SHOCK_2p5_1_Q1,GBP_USD,H1,LONG_SHOCK,0.025,1,Q1,7,0.5714285714285714,1.728571428571016,0.012742460228571633,1.3040201005024328,0.2504583645276572,8.364663291684618,0.1321526387428309,-0.1768522204489309,-0.0762842334823837,-0.17150766863330613,0.10902458685917438,0,0.3927694150243547,0,0,REJECT,2025-05-02T00:00:00+00:00,2026-05-05T22:00:00+00:00,MASSIVE_parquet,2026-05-15T08:24:34.034053+00:00
GBP_USD_H1_LONG_SHOCK_2p5_1_Q2,GBP_USD,H1,LONG_SHOCK,0.025,1,Q2,16,0.75,4.781250000000098,0.03585795973754871,3.7517985611511304,0.5050168346449122,38.27383595235996,0.5517679217550264,-0.07819074072694665,-0.0670366138193483,-0.1333446236642527,0.08324750936594544,0,0.03388190087352013,0,0,REJECT,2025-05-02T00:00:00+00:00,2026-05-05T22:00:00+00:00,MASSIVE_parquet,2026-05-15T08:24:34.034053+00:00
GBP_USD_H1_LONG_SHOCK_2p5_1_Q3,GBP_USD,H1,LONG_SHOCK,0.025,1,Q3,27,0.5925925925925926,7.433333333333428,0.05526467902200584,4.0455235204856805,0.40726700968064683,39.35136723500299,0.4461012847175422,-0.14109380025493223,-0.06750040203732706,-0.15260246247072673,0.1261008071456283,0,0.007089597495074355,0,0,REJECT,2025-05-02T00:00:00+00:00,2026-05-05T22:00:00+00:00,MASSIVE_parquet,2026-05-15T08:24:34.034053+00:00
GBP_USD_H1_LONG_SHOCK_2p5_1_Q4,GBP_USD,H1,LONG_SHOCK,0.025,1,Q4,51,0.43137254901960786,-2.8254901960783947,-0.021002364120037854,0.6090613130765096,0.30501236107909546,-13.700976093273415,-0.27639170465257434,-1.610780299355885,-0.10805670884038591,-0.2977172901549141,0.08027029369167832,1,0.8929084605951212,0,0,REJECT,2025-05-02T00:00:00+00:00,2026-05-05T22:00:00+00:00,MASSIVE_parquet,2026-05-15T08:24:34.034053+00:00
GBP_USD_H1_LONG_SHOCK_2p5_1_Q5,GBP_USD,H1,LONG_SHOCK,0.025,1,Q5,66,0.4696969696969697,-0.343939393939494,-0.002466459875820211,0.9519271495129051,0.3543042849637767,-1.5049113512078347,-0.037310758214613715,-1.1837683591676362,-0.11512781492363418,-0.2530660730277856,0.10025459129681147,0,0.5622162140011331,0,0,REJECT,2025-05-02T00:00:00+00:00,2026-05-05T22:00:00+00:00,MASSIVE_parquet,2026-05-15T08:24:34.034053+00:00
GBP_USD_H1_LONG_SHOCK_2p5_3_ALL,GBP_USD,H1,LONG_SHOCK,0.025,3,ALL,168,0.6071428571428571,1.9523809523810147,0.014869996717782144,1.2242735042735116,0.5316875927713974,5.7408771189750345,0.10592891392254289,-2.852989802366135,-0.14963549700742815,-0.3607274369455543,0.15119431516624654,1,0.17002239467175903,0,0,REJECT,2025-05-02T00:00:00+00:00,2026-05-05T22:00:00+00:00,MASSIVE_parquet,2026-05-15T08:24:34.034053+00:00
GBP_USD_H1_LONG_SHOCK_2p5_3_Q1,GBP_USD,H1,LONG_SHOCK,0.025,3,Q1,7,0.5714285714285714,0.25714285714232127,0.002065519675068358,1.032374100719357,0.2504583645276572,1.1293148396284172,0.019341258288285812,-0.2613563161916188,-0.10743496444467482,-0.20777033474881912,0.13684157014482842,1,0.4852995988083288,0,0,REJECT,2025-05-02T00:00:00+00:00,2026-05-05T22:00:00+00:00,MASSIVE_parquet,2026-05-15T08:24:34.034053+00:00
GBP_USD_H1_LONG_SHOCK_2p5_3_Q2,GBP_USD,H1,LONG_SHOCK,0.025,3,Q2,16,0.6875,1.9500000000000077,0.01484910068442688,1.2910447761194028,0.44404355834740666,6.868648549525733,0.15820809888462972,-0.497335701598578,-0.10807719196965979,-0.3353077572807117,0.12621227555273257,1,0.3643953055193843,0,0,REJECT,2025-05-02T00:00:00+00:00,2026-05-05T22:00:00+00:00,MASSIVE_parquet,2026-05-15T08:24:34.034053+00:00
GBP_USD_H1_LONG_SHOCK_2p5_3_Q3,GBP_USD,H1,LONG_SHOCK,0.025,3,Q3,27,0.6666666666666666,4.592592592592745,0.0341459149508943,1.9171597633136568,0.4782476050732008,19.379945876159688,0.3190368814253848,-0.9342144731933066,-0.11442550043199039,-0.22775610305553196,0.17310449495611607,0,0.10337200685952504,0,0,REJECT,2025-05-02T00:00:00+00:00,2026-05-05T22:00:00+00:00,MASSIVE_parquet,2026-05-15T08:24:34.034053+00:00
GBP_USD_H1_LONG_SHOCK_2p5_3_Q4,GBP_USD,H1,LONG_SHOCK,0.025,3,Q4,51,0.6078431372549019,-1.898039215686258,-0.013881161626927865,0.8264299802761356,0.4708515898394834,-5.446564130785047,-0.12527547610677525,-1.7280476148828106,-0.16045673125587467,-0.4839357783685716,0.12277848703384318,1,0.6904187681328053,0,0,REJECT,2025-05-02T00:00:00+00:00,2026-05-05T22:00:00+00:00,MASSIVE_parquet,2026-05-15T08:24:34.034053+00:00
GBP_USD_H1_LONG_SHOCK_2p5_3_Q5,GBP_USD,H1,LONG_SHOCK,0.025,3,Q5,66,0.5606060606060606,3.9696969696971047,0.03012715608041576,1.4317732366512994,0.44082635379991364,9.80823239729928,0.15771013369705267,-1.3453695637382967,-0.17061089502159268,-0.3510372392885014,0.17300728049992775,0,0.15467367066104026,0,0,REJECT,2025-05-02T00:00:00+00:00,2026-05-05T22:00:00+00:00,MASSIVE_parquet,2026-05-15T08:24:34.034053+00:00
GBP_USD_H1_LONG_SHOCK_2p5_6_ALL,GBP_USD,H1,LONG_SHOCK,0.025,6,ALL,168,0.5297619047619048,0.7702380952380656,0.006123179994259651,1.0602869921729379,0.45446878667774243,1.8498787917684394,0.025688628077599307,-3.8128658765564483,-0.20493163162546257,-0.5367982763451934,0.20759755636392396,1,0.3791141555759017,0,0,REJECT,2025-05-02T00:00:00+00:00,2026-05-05T22:00:00+00:00,MASSIVE_parquet,2026-05-15T08:24:34.034053+00:00
GBP_USD_H1_LONG_SHOCK_2p5_6_Q1,GBP_USD,H1,LONG_SHOCK,0.025,6,Q1,7,0.5714285714285714,-1.7000000000006692,-0.012349767562258585,0.6590257879655028,0.2504583645276572,-10.902547151891515,-0.28967054798212677,-0.24288668267702374,-0.13506874755029002,-0.2579500490101305,0.18321529810174336,0,0.6382768122622923,0,0,REJECT,2025-05-02T00:00:00+00:00,2026-05-05T22:00:00+00:00,MASSIVE_parquet,2026-05-15T08:24:34.034053+00:00
GBP_USD_H1_LONG_SHOCK_2p5_6_Q2,GBP_USD,H1,LONG_SHOCK,0.025,6,Q2,16,0.5625,0.01250000000008189,-3.042717156703789e-06,1.00095374344302,0.331785563988119,-0.0008759202048075684,-1.7545607096436378e-05,-0.7980528457130376,-0.16051296906536353,-0.3993651911641971,0.18460171208781323,1,0.5000176764806483,0,0,REJECT,2025-05-02T00:00:00+00:00,2026-05-05T22:00:00+00:00,MASSIVE_parquet,2026-05-15T08:24:34.034053+00:00
GBP_USD_H1_LONG_SHOCK_2p5_6_Q3,GBP_USD,H1,LONG_SHOCK,0.025,6,Q3,27,0.37037037037037035,-4.8444444444445205,-0.03541061871418392,0.6764778629730362,0.215325129609656,-12.11211908614511,-0.20752485184956615,-1.7051434235843543,-0.19589355287507254,-0.47912923857930445,0.20445621469029454,0,0.7871493206614653,0,0,REJECT,2025-05-02T00:00:00+00:00,2026-05-05T22:00:00+00:00,MASSIVE_parquet,2026-05-15T08:24:34.034053+00:00
GBP_USD_H1_LONG_SHOCK_2p5_6_Q4,GBP_USD,H1,LONG_SHOCK,0.025,6,Q4,51,0.5294117647058824,-1.0803921568627264,-0.008082474405162536,0.925003402749423,0.3952330421009646,-2.3151163891700697,-0.043084848397065834,-2.7001344369366076,-0.22215805126228416,-0.6345251601202251,0.180173730798712,1,0.5837461877842338,0,0,REJECT,2025-05-02T00:00:00+00:00,2026-05-05T22:00:00+00:00,MASSIVE_parquet,2026-05-15T08:24:34.034053+00:00
GBP_USD_H1_LONG_SHOCK_2p5_6_Q5,GBP_USD,H1,LONG_SHOCK,0.025,6,Q5,66,0.5757575757575758,4.813636363636342,0.03656632617758208,1.4164918720503372,0.4556065322409429,10.497511033446502,0.17183741025578797,-1.5916347470335435,-0.21471600054082177,-0.504033901570225,0.23899280876018628,0,0.1384289446462073,0,0,REJECT,2025-05-02T00:00:00+00:00,2026-05-05T22:00:00+00:00,MASSIVE_parquet,2026-05-15T08:24:34.034053+00:00
GBP_USD_H1_LONG_SHOCK_2p5_12_ALL,GBP_USD,H1,LONG_SHOCK,0.025,12,ALL,168,0.5297619047619048,2.1434523809524397,0.01652439507741242,1.1441149397686834,0.45446878667774243,4.1186244829296506,0.06885002745337993,-4.0174104310047305,-0.26272535348383624,-0.64173307479365,0.2589204797409966,0,0.24669464989757312,0,0,REJECT,2025-05-02T00:00:00+00:00,2026-05-05T22:00:00+00:00,MASSIVE_parquet,2026-05-15T08:24:34.034053+00:00
GBP_USD_H1_LONG_SHOCK_2p5_12_Q1,GBP_USD,H1,LONG_SHOCK,0.025,12,Q1,7,0.42857142857142855,-12.828571428571731,-0.09495782422346595,0.3416422287389922,0.15821985525146973,-33.05578529526902,-0.8187026898923628,-0.5435264602567491,-0.24048986469853903,-0.420730101100637,0.18643224584028292,0,0.848133155349134,0,0,REJECT,2025-05-02T00:00:00+00:00,2026-05-05T22:00:00+00:00,MASSIVE_parquet,2026-05-15T08:24:34.034053+00:00
GBP_USD_H1_LONG_SHOCK_2p5_12_Q2,GBP_USD,H1,LONG_SHOCK,0.025,12,Q2,16,0.625,-3.768750000000263,-0.02789222423873819,0.8026832460732839,0.38641040545502725,-6.636764679469261,-0.15292123926939893,-1.191559545038745,-0.26224634366858873,-0.6914310216144554,0.227293152089246,0,0.6312156508760505,0,0,REJECT,2025-05-02T00:00:00+00:00,2026-05-05T22:00:00+00:00,MASSIVE_parquet,2026-05-15T08:24:34.034053+00:00
GBP_USD_H1_LONG_SHOCK_2p5_12_Q3,GBP_USD,H1,LONG_SHOCK,0.025,12,Q3,27,0.48148148148148145,1.8703703703704517,0.014144104797384236,1.1633247089262706,0.30743226976218463,4.51731291480067,0.06861864627900421,-1.745248083619344,-0.26568852535472776,-0.5557124431306271,0.2635110146051317,1,0.38259302323658645,0,0,REJECT,2025-05-02T00:00:00+00:00,2026-05-05T22:00:00+00:00,MASSIVE_parquet,2026-05-15T08:24:34.034053+00:00
GBP_USD_H1_LONG_SHOCK_2p5_12_Q4,GBP_USD,H1,LONG_SHOCK,0.025,12,Q4,51,0.5294117647058824,0.44901960784316225,0.003124174691260033,1.0280122324159036,0.3952330421009646,0.7618334219607205,0.013464096929207692,-2.3093804003674,-0.2658269772014082,-0.6868807072532679,0.22607056873400347,1,0.4722529542136933,0,0,REJECT,2025-05-02T00:00:00+00:00,2026-05-05T22:00:00+00:00,MASSIVE_parquet,2026-05-15T08:24:34.034053+00:00
GBP_USD_H1_LONG_SHOCK_2p5_12_Q5,GBP_USD,H1,LONG_SHOCK,0.025,12,Q5,66,0.5303030303030303,6.122727272727449,0.046959862152274275,1.4345161290322719,0.41157685726598636,10.760219897371657,0.1644017959448863,-2.3683291572955456,-0.2636869699146309,-0.6037481597080424,0.2961654242624357,0,0.13256210867987667,0,0,REJECT,2025-05-02T00:00:00+00:00,2026-05-05T22:00:00+00:00,MASSIVE_parquet,2026-05-15T08:24:34.034053+00:00
GBP_USD_H1_SHORT_SHOCK_2p5_1_ALL,GBP_USD,H1,SHORT_SHOCK,0.025,1,ALL,165,0.5333333333333333,-0.005454545454392873,4.249090877500751e-05,0.9989769239513755,0.45732028560774496,0.030004989147073915,0.0005708260644219365,-1.4480048509821097,-0.09432061278002349,-0.24184737468055495,0.09178918373448135,1,0.4980258697567764,0,0,REJECT,2025-05-02T00:00:00+00:00,2026-05-05T22:00:00+00:00,MASSIVE_parquet,2026-05-15T08:24:34.034053+00:00
GBP_USD_H1_SHORT_SHOCK_2p5_1_Q1,GBP_USD,H1,SHORT_SHOCK,0.025,1,Q1,4,0.5,1.0999999999999899,0.008304078688198269,1.3308270676691567,0.15003898915214947,9.443454327054742,0.1260059595532248,-0.03482926250889529,-0.055990906318423295,-0.08207036732658768,0.0792612413501037,1,0.411886023563609,0,0,REJECT,2025-05-02T00:00:00+00:00,2026-05-05T22:00:00+00:00,MASSIVE_parquet,2026-05-15T08:24:34.034053+00:00
GBP_USD_H1_SHORT_SHOCK_2p5_1_Q2,GBP_USD,H1,SHORT_SHOCK,0.025,1,Q2,22,0.5,2.559090909091223,0.019067924896569822,2.05628517823656,0.3072210627372502,22.82920933200824,0.25779487003948454,-0.13293462693690916,-0.06940947598902958,-0.1308783206305747,0.08317834714250759,0,0.0915257385893048,0,0,REJECT,2025-05-02T00:00:00+00:00,2026-05-05T22:00:00+00:00,MASSIVE_parquet,2026-05-15T08:24:34.034053+00:00
GBP_USD_H1_SHORT_SHOCK_2p5_1_Q3,GBP_USD,H1,SHORT_SHOCK,0.025,1,Q3,23,0.7391304347826086,3.3391304347827626,0.024680051363724496,3.341463414634448,0.5352999516257462,36.29560750290932,0.5157429133901791,-0.11922002175743796,-0.068759653237813,-0.16420350318101629,0.09527718418274045,0,0.017824056196710302,0,0,REJECT,2025-05-02T00:00:00+00:00,2026-05-05T22:00:00+00:00,MASSIVE_parquet,2026-05-15T08:24:34.034053+00:00
GBP_USD_H1_SHORT_SHOCK_2p5_1_Q4,GBP_USD,H1,SHORT_SHOCK,0.025,1,Q4,42,0.5238095238095238,0.5047619047619338,0.003674323635177723,1.0952808988764096,0.37722464131344974,2.7255423039768014,0.04455157017038741,-0.8058860041392446,-0.09730501706249313,-0.2139662761183525,0.09843399074971548,1,0.410726273768625,0,0,REJECT,2025-05-02T00:00:00+00:00,2026-05-05T22:00:00+00:00,MASSIVE_parquet,2026-05-15T08:24:34.034053+00:00
GBP_USD_H1_SHORT_SHOCK_2p5_1_Q5,GBP_USD,H1,SHORT_SHOCK,0.025,1,Q5,73,0.4931506849315068,-2.18493150684915,-0.015985128437258033,0.7140039447731908,0.38170859812288216,-9.137031884404294,-0.19329333398765058,-1.63938327411286,-0.11133139070052177,-0.2842158404004991,0.0891684800485486,0,0.8405891100319491,0,0,REJECT,2025-05-02T00:00:00+00:00,2026-05-05T22:00:00+00:00,MASSIVE_parquet,2026-05-15T08:24:34.034053+00:00
GBP_USD_H1_SHORT_SHOCK_2p5_3_ALL,GBP_USD,H1,SHORT_SHOCK,0.025,3,ALL,165,0.509090909090909,-0.3806060606060513,-0.0025089798090429122,0.9564976447769474,0.43347764307836356,-1.1236851472113216,-0.020420791978887354,-2.1296868660927504,-0.14531866808668656,-0.3937469428027329,0.1494403406982958,1,0.5735065577219964,0,0,REJECT,2025-05-02T00:00:00+00:00,2026-05-05T22:00:00+00:00,MASSIVE_parquet,2026-05-15T08:24:34.034053+00:00
GBP_USD_H1_SHORT_SHOCK_2p5_3_Q1,GBP_USD,H1,SHORT_SHOCK,0.025,3,Q1,4,0.5,-4.325000000000578,-0.031738797517597006,0.3188976377952405,0.15003898915214947,-32.73419234564735,-1.0485033596537823,-0.06523970092362497,-0.10421284924557184,-0.15588429389792047,0.1249203932387477,0,0.7691529045725236,0,0,REJECT,2025-05-02T00:00:00+00:00,2026-05-05T22:00:00+00:00,MASSIVE_parquet,2026-05-15T08:24:34.034053+00:00
GBP_USD_H1_SHORT_SHOCK_2p5_3_Q2,GBP_USD,H1,SHORT_SHOCK,0.025,3,Q2,22,0.4090909090909091,-0.09999999999974708,1.9046660869704757e-06,0.984496124031047,0.23255816196471868,0.00118697833736005,1.6333511329513772e-05,-0.5743543968060094,-0.11044411120849387,-0.19797013193540824,0.13867762421709132,1,0.49997177785077185,0,0,REJECT,2025-05-02T00:00:00+00:00,2026-05-05T22:00:00+00:00,MASSIVE_parquet,2026-05-15T08:24:34.034053+00:00
GBP_USD_H1_SHORT_SHOCK_2p5_3_Q3,GBP_USD,H1,SHORT_SHOCK,0.025,3,Q3,23,0.6956521739130435,4.347826086956526,0.03268308303527384,2.0152284263959257,0.49134243731240795,23.874021166445228,0.3533001492885013,-0.15769951209400057,-0.11569665496233936,-0.28478329797742896,0.16081246688344497,0,0.07755700361683149,0,0,REJECT,2025-05-02T00:00:00+00:00,2026-05-05T22:00:00+00:00,MASSIVE_parquet,2026-05-15T08:24:34.034053+00:00
GBP_USD_H1_SHORT_SHOCK_2p5_3_Q4,GBP_USD,H1,SHORT_SHOCK,0.025,3,Q4,42,0.5238095238095238,2.826190476190329,0.02129857288375183,1.3626642224258882,0.37722464131344974,9.863203441830498,0.14075147974376212,-0.7330194004023016,-0.1394116470285552,-0.42967574125433,0.16267234546490558,0,0.20793453110087143,0,0,REJECT,2025-05-02T00:00:00+00:00,2026-05-05T22:00:00+00:00,MASSIVE_parquet,2026-05-15T08:24:34.034053+00:00
GBP_USD_H1_SHORT_SHOCK_2p5_3_Q5,GBP_USD,H1,SHORT_SHOCK,0.025,3,Q5,73,0.4794520547945205,-3.3123287671232386,-0.024416958434087508,0.7087799590509478,0.3687745445673386,-9.177511599411913,-0.19416588062054935,-2.500214347355789,-0.16912418629612594,-0.4797606014218547,0.14264105259210721,1,0.8416513180147125,0,0,REJECT,2025-05-02T00:00:00+00:00,2026-05-05T22:00:00+00:00,MASSIVE_parquet,2026-05-15T08:24:34.034053+00:00
GBP_USD_H1_SHORT_SHOCK_2p5_6_ALL,GBP_USD,H1,SHORT_SHOCK,0.025,6,ALL,165,0.503030303030303,-2.140000000000064,-0.015549695774195318,0.8250767858912065,0.4275440974839724,-5.334121688980456,-0.10387656002264412,-4.894193064061215,-0.1981079195643904,-0.5068050046647143,0.19306397392441282,1,0.8102090860665095,0,0,REJECT,2025-05-02T00:00:00+00:00,2026-05-05T22:00:00+00:00,MASSIVE_parquet,2026-05-15T08:24:34.034053+00:00
GBP_USD_H1_SHORT_SHOCK_2p5_6_Q1,GBP_USD,H1,SHORT_SHOCK,0.025,6,Q1,4,0.0,-10.30000000000031,-0.07655469931281689,0.0,0.0,-124.7599574925138,0.0,-0.28619268913994134,-0.24226244608898384,-0.3741740932020299,0.13884944325069926,0,0.9754934455548285,0,0,REJECT,2025-05-02T00:00:00+00:00,2026-05-05T22:00:00+00:00,MASSIVE_parquet,2026-05-15T08:24:34.034053+00:00
GBP_USD_H1_SHORT_SHOCK_2p5_6_Q2,GBP_USD,H1,SHORT_SHOCK,0.025,6,Q2,22,0.5454545454545454,-0.8954545454544575,-0.006607295151908357,0.8924085199344745,0.34659795320734943,-3.4505443357478502,-0.06541061376038138,-0.9515303288236243,-0.17031425038448758,-0.3394334440167096,0.1728668947476808,1,0.5814259226718719,0,0,REJECT,2025-05-02T00:00:00+00:00,2026-05-05T22:00:00+00:00,MASSIVE_parquet,2026-05-15T08:24:34.034053+00:00
GBP_USD_H1_SHORT_SHOCK_2p5_6_Q3,GBP_USD,H1,SHORT_SHOCK,0.025,6,Q3,23,0.6086956521739131,7.821739130434762,0.05923761674778463,2.4165354330708695,0.4078552239138171,27.196312212604393,0.3608646182212787,-0.3507467003056708,-0.1333931718078718,-0.28478329797742896,0.21861689701602618,0,0.05383453550425199,0,0,REJECT,2025-05-02T00:00:00+00:00,2026-05-05T22:00:00+00:00,MASSIVE_parquet,2026-05-15T08:24:34.034053+00:00
GBP_USD_H1_SHORT_SHOCK_2p5_6_Q4,GBP_USD,H1,SHORT_SHOCK,0.025,6,Q4,42,0.5,-2.2023809523810534,-0.01590585715879492,0.8245447647951357,0.35525989596374485,-5.607412048999099,-0.10313385370220096,-2.024541875938124,-0.1915129799460479,-0.5100491368002819,0.1957195254253493,0,0.6786147466718595,0,0,REJECT,2025-05-02T00:00:00+00:00,2026-05-05T22:00:00+00:00,MASSIVE_parquet,2026-05-15T08:24:34.034053+00:00
GBP_USD_H1_SHORT_SHOCK_2p5_6_Q5,GBP_USD,H1,SHORT_SHOCK,0.025,6,Q5,73,0.4794520547945205,-5.223287671232968,-0.03864737589542486,0.6655556530128874,0.3687745445673386,-11.24352213218783,-0.23886601259055112,-4.126057328687405,-0.22728321608508045,-0.8251288120366351,0.1929497632660871,1,0.8896250624193304,0,0,REJECT,2025-05-02T00:00:00+00:00,2026-05-05T22:00:00+00:00,MASSIVE_parquet,2026-05-15T08:24:34.034053+00:00
GBP_USD_H1_SHORT_SHOCK_2p5_12_ALL,GBP_USD,H1,SHORT_SHOCK,0.025,12,ALL,165,0.47878787878787876,-4.847272727272603,-0.03544410859748161,0.7267135925647573,0.40391823496673646,-8.99356443391582,-0.17639176240221843,-7.313689570869931,-0.25986309361679594,-0.8301848719102821,0.23786562992810836,1,0.9303322907833609,0,0,REJECT,2025-05-02T00:00:00+00:00,2026-05-05T22:00:00+00:00,MASSIVE_parquet,2026-05-15T08:24:34.034053+00:00
GBP_USD_H1_SHORT_SHOCK_2p5_12_Q1,GBP_USD,H1,SHORT_SHOCK,0.025,12,Q1,4,0.25,-25.95000000000014,-0.19155545357654735,0.016113744075829623,0.045587260809700575,-76.99483220951173,-14.993158031102139,-0.37852216335358957,-0.30070658094629443,-0.42389360918943797,0.13884944325069926,0,0.9289777186696658,0,0,REJECT,2025-05-02T00:00:00+00:00,2026-05-05T22:00:00+00:00,MASSIVE_parquet,2026-05-15T08:24:34.034053+00:00
GBP_USD_H1_SHORT_SHOCK_2p5_12_Q2,GBP_USD,H1,SHORT_SHOCK,0.025,12,Q2,22,0.5454545454545454,-1.2818181818180998,-0.00999988207214253,0.8942632170978699,0.34659795320734943,-3.5764497130972144,-0.06772711106133533,-1.3126145376215703,-0.20956056157405548,-0.47982110933111555,0.22671091273107927,1,0.5843499822695577,0,0,REJECT,2025-05-02T00:00:00+00:00,2026-05-05T22:00:00+00:00,MASSIVE_parquet,2026-05-15T08:24:34.034053+00:00
GBP_USD_H1_SHORT_SHOCK_2p5_12_Q3,GBP_USD,H1,SHORT_SHOCK,0.025,12,Q3,23,0.4782608695652174,3.6956521739132167,0.029080135426184445,1.3500823723229183,0.29237157416646653,9.707307320530678,0.13024250038164858,-0.9451202224801891,-0.1996659553161793,-0.46579453564510764,0.2574652385422919,1,0.27776766056485697,0,0,REJECT,2025-05-02T00:00:00+00:00,2026-05-05T22:00:00+00:00,MASSIVE_parquet,2026-05-15T08:24:34.034053+00:00
GBP_USD_H1_SHORT_SHOCK_2p5_12_Q4,GBP_USD,H1,SHORT_SHOCK,0.025,12,Q4,42,0.47619047619047616,-2.921428571428359,-0.02059593079797174,0.8331747110809083,0.33359601230705466,-4.931183412540099,-0.08989972364451138,-2.3686868054678567,-0.2584188901867732,-0.7066637197276265,0.2491125356611493,0,0.6583688106615505,0,0,REJECT,2025-05-02T00:00:00+00:00,2026-05-05T22:00:00+00:00,MASSIVE_parquet,2026-05-15T08:24:34.034053+00:00
GBP_USD_H1_SHORT_SHOCK_2p5_12_Q5,GBP_USD,H1,SHORT_SHOCK,0.025,12,Q5,73,0.4657534246575342,-8.75479452054787,-0.06483895946240946,0.5945054247826939,0.3559204166394807,-14.684109892018874,-0.3156413942661177,-5.8209526975163355,-0.2924624774857056,-0.9304969134308583,0.23471916237143745,1,0.9444681133826254,0,0,REJECT,2025-05-02T00:00:00+00:00,2026-05-05T22:00:00+00:00,MASSIVE_parquet,2026-05-15T08:24:34.034053+00:00
GBP_USD_H1_LONG_SHOCK_5_1_ALL,GBP_USD,H1,LONG_SHOCK,0.05,1,ALL,322,0.5279503105590062,0.930124223602434,0.00698491298429749,1.1744931251456439,0.4734152979284551,4.8119495391418905,0.07605916693349407,-1.5188693946370124,-0.08956258008087925,-0.22691911544768573,0.09203534386739726,0,0.13384887118574745,0,0,REJECT,2025-05-02T00:00:00+00:00,2026-05-05T22:00:00+00:00,MASSIVE_parquet,2026-05-15T08:24:34.034053+00:00
GBP_USD_H1_LONG_SHOCK_5_1_Q1,GBP_USD,H1,LONG_SHOCK,0.05,1,Q1,35,0.5142857142857142,1.1857142857144405,0.008935487744546096,1.2682611506141404,0.35568804595868575,7.340132048836301,0.11011029596087796,-0.5366157856209197,-0.07747624677988808,-0.15784778121586518,0.0820298340259524,0,0.29012098803196773,0,0,REJECT,2025-05-02T00:00:00+00:00,2026-05-05T22:00:00+00:00,MASSIVE_parquet,2026-05-15T08:24:34.034053+00:00
GBP_USD_H1_LONG_SHOCK_5_1_Q2,GBP_USD,H1,LONG_SHOCK,0.05,1,Q2,39,0.6153846153846154,4.384615384615414,0.03282368271043838,2.260132645541658,0.45899061456925083,23.205552095755756,0.3448175005052362,-0.30674801965495657,-0.07659505339952223,-0.17252097428558266,0.10250330604451531,0,0.0350701465762847,0,0,REJECT,2025-05-02T00:00:00+00:00,2026-05-05T22:00:00+00:00,MASSIVE_parquet,2026-05-15T08:24:34.034053+00:00
GBP_USD_H1_LONG_SHOCK_5_1_Q3,GBP_USD,H1,LONG_SHOCK,0.05,1,Q3,49,0.6122448979591837,4.128571428571422,0.030702486353964723,2.039568345323761,0.47245999443520453,21.062364194147243,0.31170633197090947,-0.3213242453748766,-0.07462893047560126,-0.16576355458399306,0.10511092067440235,0,0.03200580051400278,0,0,REJECT,2025-05-02T00:00:00+00:00,2026-05-05T22:00:00+00:00,MASSIVE_parquet,2026-05-15T08:24:34.034053+00:00
GBP_USD_H1_LONG_SHOCK_5_1_Q4,GBP_USD,H1,LONG_SHOCK,0.05,1,Q4,84,0.4880952380952381,-0.4928571428572526,-0.0035481378094568785,0.9093695271453393,0.3840835367193851,-2.479418098121826,-0.04697335954490639,-1.2347230597981373,-0.0899314743437291,-0.2735849935512008,0.08504292572210055,1,0.6145694174088056,0,0,REJECT,2025-05-02T00:00:00+00:00,2026-05-05T22:00:00+00:00,MASSIVE_parquet,2026-05-15T08:24:34.034053+00:00
GBP_USD_H1_LONG_SHOCK_5_1_Q5,GBP_USD,H1,LONG_SHOCK,0.05,1,Q5,114,0.5,-0.5649122807018717,-0.004197259940596664,0.9158279963403317,0.409724679232304,-2.7450482309365247,-0.055511956824071174,-1.2208742497845315,-0.10383548895934015,-0.26722872471045267,0.09156793108617385,0,0.6465130910050627,0,0,REJECT,2025-05-02T00:00:00+00:00,2026-05-05T22:00:00+00:00,MASSIVE_parquet,2026-05-15T08:24:34.034053+00:00
GBP_USD_H1_LONG_SHOCK_5_3_ALL,GBP_USD,H1,LONG_SHOCK,0.05,3,ALL,322,0.5683229813664596,1.008695652173922,0.007765176239661324,1.1138570477091887,0.5137313181352992,3.1535719298958007,0.056235617345920086,-3.7653833380922763,-0.1460501773380705,-0.3968590704212305,0.14443097225245918,0,0.23367797747557476,0,0,REJECT,2025-05-02T00:00:00+00:00,2026-05-05T22:00:00+00:00,MASSIVE_parquet,2026-05-15T08:24:34.034053+00:00
GBP_USD_H1_LONG_SHOCK_5_3_Q1,GBP_USD,H1,LONG_SHOCK,0.05,3,Q1,35,0.5428571428571428,1.7657142857142434,0.013561137018894673,1.2480931352870295,0.38189725068483754,7.161519349788761,0.11087099489436214,-0.7296141209874207,-0.12603630383765457,-0.2528939882121972,0.12586921123683378,1,0.29472511784410893,0,0,REJECT,2025-05-02T00:00:00+00:00,2026-05-05T22:00:00+00:00,MASSIVE_parquet,2026-05-15T08:24:34.034053+00:00
GBP_USD_H1_LONG_SHOCK_5_3_Q2,GBP_USD,H1,LONG_SHOCK,0.05,3,Q2,39,0.5897435897435898,1.6435897435898068,0.012833071171525212,1.2057124518613693,0.4341862288289697,5.469729204585171,0.1052677989302907,-1.0793941010838193,-0.12398863925119837,-0.30526580663071234,0.15445419434721172,1,0.33149117506745046,0,0,REJECT,2025-05-02T00:00:00+00:00,2026-05-05T22:00:00+00:00,MASSIVE_parquet,2026-05-15T08:24:34.034053+00:00
GBP_USD_H1_LONG_SHOCK_5_3_Q3,GBP_USD,H1,LONG_SHOCK,0.05,3,Q3,49,0.6326530612244898,1.8061224489796424,0.013547572997507187,1.2745037220843762,0.49267067560792427,6.706926232630751,0.13690469911207181,-1.4751923283668922,-0.12620505045432334,-0.3592375080209486,0.14568640014468923,0,0.2744453434743219,0,0,REJECT,2025-05-02T00:00:00+00:00,2026-05-05T22:00:00+00:00,MASSIVE_parquet,2026-05-15T08:24:34.034053+00:00
GBP_USD_H1_LONG_SHOCK_5_3_Q4,GBP_USD,H1,LONG_SHOCK,0.05,3,Q4,84,0.5833333333333334,0.9773809523808792,0.007471197362761879,1.113727663111226,0.4765264298684705,3.175011309051378,0.061118498681689726,-2.029520305416843,-0.14128815054481247,-0.40096939837362844,0.13568826181256974,1,0.3546128019536343,0,0,REJECT,2025-05-02T00:00:00+00:00,2026-05-05T22:00:00+00:00,MASSIVE_parquet,2026-05-15T08:24:34.034053+00:00
GBP_USD_H1_LONG_SHOCK_5_3_Q5,GBP_USD,H1,LONG_SHOCK,0.05,3,Q5,114,0.5263157894736842,0.19736842105267793,0.001667746355855025,1.018033181053142,0.43530365279900507,0.5727207147897071,0.0008166989229020372,-2.663097811898596,-0.17197100545820862,-0.42438190545956156,0.15326172509280922,1,0.4687329152341528,0,0,REJECT,2025-05-02T00:00:00+00:00,2026-05-05T22:00:00+00:00,MASSIVE_parquet,2026-05-15T08:24:34.034053+00:00
GBP_USD_H1_LONG_SHOCK_5_6_ALL,GBP_USD,H1,LONG_SHOCK,0.05,6,ALL,322,0.5248447204968945,0.5204968944099208,0.004294648311115965,1.0420440007024043,0.4703287037243015,1.3351680070834897,0.016764720542638,-4.252044683942435,-0.20078205225053192,-0.5406394309270413,0.19793037167341418,0,0.3791121312942714,0,0,REJECT,2025-05-02T00:00:00+00:00,2026-05-05T22:00:00+00:00,MASSIVE_parquet,2026-05-15T08:24:34.034053+00:00
GBP_USD_H1_LONG_SHOCK_5_6_Q1,GBP_USD,H1,LONG_SHOCK,0.05,6,Q1,35,0.5142857142857142,-1.8228571428570932,-0.012747411633815542,0.8447688564476924,0.35568804595868575,-4.206811651820149,-0.08863855160859979,-1.2576430036777553,-0.18564421825899377,-0.4314990515805661,0.17408133578842364,1,0.6245453538704612,0,0,REJECT,2025-05-02T00:00:00+00:00,2026-05-05T22:00:00+00:00,MASSIVE_parquet,2026-05-15T08:24:34.034053+00:00
GBP_USD_H1_LONG_SHOCK_5_6_Q2,GBP_USD,H1,LONG_SHOCK,0.05,6,Q2,39,0.5128205128205128,1.4461538461539258,0.011603146712858302,1.1137555465913742,0.3619936288445797,3.498651309038233,0.03093927467601676,-1.55360456045468,-0.1734982212058865,-0.3983404040127303,0.21034062946483353,1,0.3901369136050575,0,0,REJECT,2025-05-02T00:00:00+00:00,2026-05-05T22:00:00+00:00,MASSIVE_parquet,2026-05-15T08:24:34.034053+00:00
GBP_USD_H1_LONG_SHOCK_5_6_Q3,GBP_USD,H1,LONG_SHOCK,0.05,6,Q3,49,0.40816326530612246,-4.0367346938775786,-0.029459346722240196,0.6874209860935504,0.2821523852038687,-10.892594907326902,-0.20188515031439813,-2.4649130592768853,-0.18784709545702566,-0.47763986016915894,0.17469388488032697,0,0.8341088671302406,0,0,REJECT,2025-05-02T00:00:00+00:00,2026-05-05T22:00:00+00:00,MASSIVE_parquet,2026-05-15T08:24:34.034053+00:00
GBP_USD_H1_LONG_SHOCK_5_6_Q4,GBP_USD,H1,LONG_SHOCK,0.05,6,Q4,84,0.5714285714285714,2.020238095238087,0.015106709666354037,1.1682363438088623,0.46476952745720773,4.5060516567778786,0.08262935270503025,-2.534909891582837,-0.19982535887726335,-0.5870998704020913,0.19451092749441173,0,0.29840350361174633,0,0,REJECT,2025-05-02T00:00:00+00:00,2026-05-05T22:00:00+00:00,MASSIVE_parquet,2026-05-15T08:24:34.034053+00:00
GBP_USD_H1_LONG_SHOCK_5_6_Q5,GBP_USD,H1,LONG_SHOCK,0.05,6,Q5,114,0.543859649122807,1.6999999999999182,0.01299079957285671,1.134770514603609,0.45249119322970244,3.841871277897779,0.06604840109452054,-2.898512422614985,-0.22169843805272232,-0.5447331126485028,0.21386823302606986,0,0.2994542267811156,0,0,REJECT,2025-05-02T00:00:00+00:00,2026-05-05T22:00:00+00:00,MASSIVE_parquet,2026-05-15T08:24:34.034053+00:00
GBP_USD_H1_LONG_SHOCK_5_12_ALL,GBP_USD,H1,LONG_SHOCK,0.05,12,ALL,321,0.49221183800623053,0.8043613707165437,0.006660273000311703,1.0531144573356397,0.43793757241417447,1.688913475062771,0.02750594459833805,-6.425880199528922,-0.2582025211480248,-0.6321472760676294,0.2475056449772791,0,0.34873286725604796,0,0,REJECT,2025-05-02T00:00:00+00:00,2026-05-05T22:00:00+00:00,MASSIVE_parquet,2026-05-15T08:24:34.034053+00:00
GBP_USD_H1_LONG_SHOCK_5_12_Q1,GBP_USD,H1,LONG_SHOCK,0.05,12,Q1,35,0.45714285714285713,-7.148571428571314,-0.052353712086206726,0.5998080614203541,0.30466019288407215,-15.700832329664035,-0.29831546150521787,-2.7779607154875707,-0.24876088596082116,-0.5221585363142212,0.19783486367003317,0,0.879706657068667,0,0,REJECT,2025-05-02T00:00:00+00:00,2026-05-05T22:00:00+00:00,MASSIVE_parquet,2026-05-15T08:24:34.034053+00:00
GBP_USD_H1_LONG_SHOCK_5_12_Q2,GBP_USD,H1,LONG_SHOCK,0.05,12,Q2,38,0.42105263157894735,-11.978947368421174,-0.08788660759077611,0.46491124955917973,0.27852501157758713,-22.408660432367526,-0.477185282007242,-4.062049442946936,-0.2754663838557886,-0.672116002510989,0.2356797329094001,0,0.9580412364355625,0,0,REJECT,2025-05-02T00:00:00+00:00,2026-05-05T22:00:00+00:00,MASSIVE_parquet,2026-05-15T08:24:34.034053+00:00
GBP_USD_H1_LONG_SHOCK_5_12_Q3,GBP_USD,H1,LONG_SHOCK,0.05,12,Q3,49,0.42857142857142855,-1.3306122448979758,-0.009593922052582842,0.8946177468886353,0.3002331907888159,-3.0790172203955684,-0.04873061854931088,-2.7189153876245875,-0.24406855600487704,-0.554698529136437,0.22111792589100643,1,0.6085698956875099,0,0,REJECT,2025-05-02T00:00:00+00:00,2026-05-05T22:00:00+00:00,MASSIVE_parquet,2026-05-15T08:24:34.034053+00:00
GBP_USD_H1_LONG_SHOCK_5_12_Q4,GBP_USD,H1,LONG_SHOCK,0.05,12,Q4,84,0.5357142857142857,4.250000000000035,0.03179995128962176,1.3138461538461557,0.42984715937637186,8.115430741404055,0.12828730710499825,-2.7033365673441723,-0.24440580062824485,-0.6313572473881973,0.2450289371237805,0,0.17082062917346114,0,0,REJECT,2025-05-02T00:00:00+00:00,2026-05-05T22:00:00+00:00,MASSIVE_parquet,2026-05-15T08:24:34.034053+00:00
GBP_USD_H1_LONG_SHOCK_5_12_Q5,GBP_USD,H1,LONG_SHOCK,0.05,12,Q5,114,0.5175438596491229,5.606140350877262,0.04265281427420609,1.3923024983119572,0.4267504103946124,9.738439556478884,0.14831232570859598,-2.369174808139407,-0.2727616350778378,-0.636127695921061,0.2788284458820819,0,0.09195174751657618,0,0,REJECT,2025-05-02T00:00:00+00:00,2026-05-05T22:00:00+00:00,MASSIVE_parquet,2026-05-15T08:24:34.034053+00:00
GBP_USD_H1_SHORT_SHOCK_5_1_ALL,GBP_USD,H1,SHORT_SHOCK,0.05,1,ALL,314,0.5445859872611465,0.42802547770706684,0.003275293890093118,1.0847414880201893,0.48929508050820997,2.343716935525736,0.04014114408060998,-1.9512998116279712,-0.08807440711983107,-0.21309981608284123,0.08937651817355413,1,0.29685058805630277,0,0,REJECT,2025-05-02T00:00:00+00:00,2026-05-05T22:00:00+00:00,MASSIVE_parquet,2026-05-15T08:24:34.034053+00:00
GBP_USD_H1_SHORT_SHOCK_5_1_Q1,GBP_USD,H1,SHORT_SHOCK,0.05,1,Q1,16,0.5625,-2.318750000000203,-0.016935854678477164,0.6558441558441332,0.331785563988119,-12.203252980694598,-0.2895781030979717,-0.4537739567647803,-0.12685107141110138,-0.30616597507625576,0.06711561694720813,1,0.7301699061905618,0,0,REJECT,2025-05-02T00:00:00+00:00,2026-05-05T22:00:00+00:00,MASSIVE_parquet,2026-05-15T08:24:34.034053+00:00
GBP_USD_H1_SHORT_SHOCK_5_1_Q2,GBP_USD,H1,SHORT_SHOCK,0.05,1,Q2,47,0.5531914893617021,3.717021276595955,0.027637702647499974,2.673371647509778,0.4124545983821873,29.95859706459459,0.3466018262650573,-0.2044314927053814,-0.06233364672270163,-0.13022869689497285,0.0887781656169712,0,0.005627388327615563,0,0,REJECT,2025-05-02T00:00:00+00:00,2026-05-05T22:00:00+00:00,MASSIVE_parquet,2026-05-15T08:24:34.034053+00:00
GBP_USD_H1_SHORT_SHOCK_5_1_Q3,GBP_USD,H1,SHORT_SHOCK,0.05,1,Q3,53,0.6037735849056604,2.0622641509433746,0.015272451090289367,1.573151546932351,0.46941478673205506,11.047815831038934,0.19893829970334292,-0.6332175556077568,-0.07581897127549422,-0.1828633446439576,0.09274114953641947,1,0.1529121150434146,0,0,REJECT,2025-05-02T00:00:00+00:00,2026-05-05T22:00:00+00:00,MASSIVE_parquet,2026-05-15T08:24:34.034053+00:00
GBP_USD_H1_SHORT_SHOCK_5_1_Q4,GBP_USD,H1,SHORT_SHOCK,0.05,1,Q4,77,0.5324675324675324,-0.6194805194804541,-0.004504034416009993,0.8853640951694417,0.4221502098286919,-3.6128404548280435,-0.06716908603689631,-0.987405373451522,-0.09013800175041806,-0.24090863306493793,0.08666069530788084,1,0.6576619265041752,0,0,REJECT,2025-05-02T00:00:00+00:00,2026-05-05T22:00:00+00:00,MASSIVE_parquet,2026-05-15T08:24:34.034053+00:00
GBP_USD_H1_SHORT_SHOCK_5_1_Q5,GBP_USD,H1,SHORT_SHOCK,0.05,1,Q5,118,0.5254237288135594,-0.5533898305084118,-0.003945823557484469,0.9140337019484027,0.43595227635211836,-2.401260010250711,-0.047245414130965724,-1.4666518831892295,-0.09822913603257358,-0.24796057361710697,0.09279821892324841,0,0.6310412612475943,0,0,REJECT,2025-05-02T00:00:00+00:00,2026-05-05T22:00:00+00:00,MASSIVE_parquet,2026-05-15T08:24:34.034053+00:00
GBP_USD_H1_SHORT_SHOCK_5_3_ALL,GBP_USD,H1,SHORT_SHOCK,0.05,3,ALL,314,0.5063694267515924,-0.3162420382165531,-0.0021691777369599948,0.9635556208022908,0.45132848625805433,-1.0083460538533715,-0.017607846245825454,-3.2300867796405175,-0.13666568191949294,-0.36947476188315787,0.14341613536423645,1,0.5907846193286442,0,0,REJECT,2025-05-02T00:00:00+00:00,2026-05-05T22:00:00+00:00,MASSIVE_parquet,2026-05-15T08:24:34.034053+00:00
GBP_USD_H1_SHORT_SHOCK_5_3_Q1,GBP_USD,H1,SHORT_SHOCK,0.05,3,Q1,16,0.3125,-6.293750000000292,-0.04619284823698527,0.34482758620688014,0.14164643854782036,-34.476720239206166,-0.581286080911105,-0.7355791293348624,-0.1614149421874267,-0.3499786766924584,0.11370406623632673,1,0.9517600965336007,0,0,REJECT,2025-05-02T00:00:00+00:00,2026-05-05T22:00:00+00:00,MASSIVE_parquet,2026-05-15T08:24:34.034053+00:00
GBP_USD_H1_SHORT_SHOCK_5_3_Q2,GBP_USD,H1,SHORT_SHOCK,0.05,3,Q2,47,0.5531914893617021,4.31914893617035,0.032465715259599265,1.921889191644002,0.4124545983821873,19.663458885442697,0.26726113504348514,-0.8739375967316332,-0.09224189572696186,-0.1988812323596134,0.15389746008867047,0,0.04486040835697792,0,0,REJECT,2025-05-02T00:00:00+00:00,2026-05-05T22:00:00+00:00,MASSIVE_parquet,2026-05-15T08:24:34.034053+00:00
GBP_USD_H1_SHORT_SHOCK_5_3_Q3,GBP_USD,H1,SHORT_SHOCK,0.05,3,Q3,53,0.5283018867924528,-0.8962264150942629,-0.006830383804729734,0.8978494623655991,0.3966008127870629,-3.435540276690119,-0.06141416403200628,-1.426804575767504,-0.1343287477086469,-0.3310419458934244,0.13882304797957384,1,0.6254806083923986,0,0,REJECT,2025-05-02T00:00:00+00:00,2026-05-05T22:00:00+00:00,MASSIVE_parquet,2026-05-15T08:24:34.034053+00:00
GBP_USD_H1_SHORT_SHOCK_5_3_Q4,GBP_USD,H1,SHORT_SHOCK,0.05,3,Q4,77,0.5064935064935064,0.5207792207791435,0.004330535697784553,1.0594514455151873,0.39720009365287134,2.0115905337844366,0.031640582225529734,-1.5993680243616915,-0.13835552574340795,-0.3426712958503519,0.14103090533670137,1,0.41052609517100414,0,0,REJECT,2025-05-02T00:00:00+00:00,2026-05-05T22:00:00+00:00,MASSIVE_parquet,2026-05-15T08:24:34.034053+00:00
GBP_USD_H1_SHORT_SHOCK_5_3_Q5,GBP_USD,H1,SHORT_SHOCK,0.05,3,Q5,118,0.5,-1.7618644067796483,-0.013070910251898204,0.8254554613382599,0.41121889415183216,-5.305060657418949,-0.10526200064519942,-2.669976971500243,-0.15105165595384734,-0.4005983786651407,0.14630555857054997,0,0.769914707304223,0,0,REJECT,2025-05-02T00:00:00+00:00,2026-05-05T22:00:00+00:00,MASSIVE_parquet,2026-05-15T08:24:34.034053+00:00
GBP_USD_H1_SHORT_SHOCK_5_6_ALL,GBP_USD,H1,SHORT_SHOCK,0.05,6,ALL,314,0.5031847133757962,-1.1601910828025748,-0.008191039591252494,0.9077931610519099,0.44817895879467073,-2.6970340264445873,-0.04838335768440627,-5.3380511596755165,-0.19491012193897295,-0.5486788051415764,0.194611410738407,1,0.7303452577247607,0,0,REJECT,2025-05-02T00:00:00+00:00,2026-05-05T22:00:00+00:00,MASSIVE_parquet,2026-05-15T08:24:34.034053+00:00
GBP_USD_H1_SHORT_SHOCK_5_6_Q1,GBP_USD,H1,SHORT_SHOCK,0.05,6,Q1,16,0.1875,-12.087500000000084,-0.08947224217236774,0.25067803177062303,0.06591599071428139,-47.44115693532986,-0.55873237620714,-1.4754387954496906,-0.25405686439346903,-0.4698208725867875,0.12595267814007466,0,0.9862141861663537,0,0,REJECT,2025-05-02T00:00:00+00:00,2026-05-05T22:00:00+00:00,MASSIVE_parquet,2026-05-15T08:24:34.034053+00:00
GBP_USD_H1_SHORT_SHOCK_5_6_Q2,GBP_USD,H1,SHORT_SHOCK,0.05,6,Q2,47,0.6170212765957447,3.991489361702151,0.029722607746218946,1.4608204372390101,0.4742656695641358,11.981108670483481,0.19481439529235178,-1.0810299862706318,-0.15550137705602302,-0.3956943476108665,0.19502604354478506,0,0.14819962596732394,0,0,REJECT,2025-05-02T00:00:00+00:00,2026-05-05T22:00:00+00:00,MASSIVE_parquet,2026-05-15T08:24:34.034053+00:00
GBP_USD_H1_SHORT_SHOCK_5_6_Q3,GBP_USD,H1,SHORT_SHOCK,0.05,6,Q3,53,0.5283018867924528,1.899999999999962,0.014421945892372496,1.2012792324605188,0.3966008127870629,5.439363427738062,0.08974964353705256,-0.8699824612607987,-0.1717030318247801,-0.40724501933972146,0.21325904772292056,0,0.3063864360380809,0,0,REJECT,2025-05-02T00:00:00+00:00,2026-05-05T22:00:00+00:00,MASSIVE_parquet,2026-05-15T08:24:34.034053+00:00
GBP_USD_H1_SHORT_SHOCK_5_6_Q4,GBP_USD,H1,SHORT_SHOCK,0.05,6,Q4,77,0.4935064935064935,-2.429870129870159,-0.01703793271760457,0.8251401869158852,0.38483020307212373,-5.210278985002053,-0.09819493838491816,-3.114262575846405,-0.20544662529993984,-0.6134344621469112,0.18674185528271933,1,0.7208274854714105,0,0,REJECT,2025-05-02T00:00:00+00:00,2026-05-05T22:00:00+00:00,MASSIVE_parquet,2026-05-15T08:24:34.034053+00:00
GBP_USD_H1_SHORT_SHOCK_5_6_Q5,GBP_USD,H1,SHORT_SHOCK,0.05,6,Q5,118,0.4830508474576271,-2.7101694915254533,-0.019891115501971018,0.8135711787338211,0.39485353472703205,-5.925075980786795,-0.10908624434640696,-3.671521283224255,-0.20771636836356044,-0.6605030361347562,0.20039978423044918,1,0.7952136424892271,0,0,REJECT,2025-05-02T00:00:00+00:00,2026-05-05T22:00:00+00:00,MASSIVE_parquet,2026-05-15T08:24:34.034053+00:00
GBP_USD_H1_SHORT_SHOCK_5_12_ALL,GBP_USD,H1,SHORT_SHOCK,0.05,12,ALL,314,0.4968152866242038,-2.8840764331209834,-0.020732698513671554,0.8294410125056519,0.44188651347485397,-5.240965359077395,-0.09843490363618645,-8.151298592400503,-0.24989488989861838,-0.6973177495553723,0.24119805561724797,0,0.8833443438194578,0,0,REJECT,2025-05-02T00:00:00+00:00,2026-05-05T22:00:00+00:00,MASSIVE_parquet,2026-05-15T08:24:34.034053+00:00
GBP_USD_H1_SHORT_SHOCK_5_12_Q1,GBP_USD,H1,SHORT_SHOCK,0.05,12,Q1,16,0.4375,-17.456250000000146,-0.1286599566764822,0.11948297604035109,0.2309865240549235,-55.634352616335654,-3.1833577913999895,-1.8390649471070275,-0.2900691419588361,-0.5192696318590428,0.138020109208907,0,0.9940569531112032,0,0,REJECT,2025-05-02T00:00:00+00:00,2026-05-05T22:00:00+00:00,MASSIVE_parquet,2026-05-15T08:24:34.034053+00:00
GBP_USD_H1_SHORT_SHOCK_5_12_Q2,GBP_USD,H1,SHORT_SHOCK,0.05,12,Q2,47,0.5531914893617021,5.391489361702253,0.039931425141193785,1.4909901181941627,0.4124545983821873,12.445876976617392,0.1812903027414523,-1.8559928262113279,-0.19484307298865397,-0.5453906562081079,0.24726744956274757,1,0.1391416882198157,0,0,REJECT,2025-05-02T00:00:00+00:00,2026-05-05T22:00:00+00:00,MASSIVE_parquet,2026-05-15T08:24:34.034053+00:00
GBP_USD_H1_SHORT_SHOCK_5_12_Q3,GBP_USD,H1,SHORT_SHOCK,0.05,12,Q3,53,0.4528301886792453,-0.21132075471698267,-0.0006143595720520466,0.9825218476903868,0.3265757915292224,-0.21307179854255548,-0.0031246278338472044,-1.3968321136896167,-0.22228394774230942,-0.5459317349972181,0.24217032673580527,1,0.5079186455818634,0,0,REJECT,2025-05-02T00:00:00+00:00,2026-05-05T22:00:00+00:00,MASSIVE_parquet,2026-05-15T08:24:34.034053+00:00
GBP_USD_H1_SHORT_SHOCK_5_12_Q4,GBP_USD,H1,SHORT_SHOCK,0.05,12,Q4,77,0.4935064935064935,-4.027272727272639,-0.028065821656915582,0.7830558276199848,0.38483020307212373,-6.274040763868821,-0.12723223762067276,-4.531542877908102,-0.25691449996505217,-0.7322749412237672,0.2428509554829469,1,0.7594211206177377,0,0,REJECT,2025-05-02T00:00:00+00:00,2026-05-05T22:00:00+00:00,MASSIVE_parquet,2026-05-15T08:24:34.034053+00:00
GBP_USD_H1_SHORT_SHOCK_5_12_Q5,GBP_USD,H1,SHORT_SHOCK,0.05,12,Q5,118,0.5,-4.465254237288128,-0.03304898946289009,0.7738335407992439,0.41121889415183216,-7.520457841059668,-0.1454027117669464,-5.638466784300401,-0.27150162123191507,-0.7939409504307353,0.2515025591774572,0,0.8521641487852258,0,0,REJECT,2025-05-02T00:00:00+00:00,2026-05-05T22:00:00+00:00,MASSIVE_parquet,2026-05-15T08:24:34.034053+00:00
EUR_JPY_H1_LONG_SHOCK_1_1_ALL,EUR_JPY,H1,LONG_SHOCK,0.01,1,ALL,89,0.5393258426966292,-0.558765946231472,-0.0021517455108498564,0.9444231457145716,0.4362945616137018,-1.051212616097102,-0.021697488388429553,-2.1731016418306215,-0.12884335679865275,-0.3706867686616299,0.10538871321195305,1,0.5505902620849891,0,0,REJECT,2025-05-02T00:00:00+00:00,2026-05-05T22:00:00+00:00,MASSIVE_parquet,2026-05-15T08:24:34.034053+00:00
EUR_JPY_H1_LONG_SHOCK_1_1_Q1,EUR_JPY,H1,LONG_SHOCK,0.01,1,Q1,1,1.0,1.6999999999995907,0.009256133549673251,inf,0.20654931437723742,0.0,1.0,0.0,-0.04464723241606183,-0.04464723241606183,0.07871341295051515,0,1.0,0,0,REJECT,2025-05-02T00:00:00+00:00,2026-05-05T22:00:00+00:00,MASSIVE_parquet,2026-05-15T08:24:34.034053+00:00
EUR_JPY_H1_LONG_SHOCK_1_1_Q2,EUR_JPY,H1,LONG_SHOCK,0.01,1,Q2,2,0.0,-9.000000000000341,-0.05251111207474346,0.0,0.0,-201.58842995240838,0.0,-0.03818670986779349,-0.178521015179528,-0.18036793098186787,0.02826138401358369,0,0.9152313435099296,0,0,REJECT,2025-05-02T00:00:00+00:00,2026-05-05T22:00:00+00:00,MASSIVE_parquet,2026-05-15T08:24:34.034053+00:00
EUR_JPY_H1_LONG_SHOCK_1_1_Q3,EUR_JPY,H1,LONG_SHOCK,0.01,1,Q3,14,0.5,-4.978571428571448,-0.02864358037099533,0.5166435506241432,0.26799202452413634,-17.880804526857546,-0.4706190426945145,-0.5873524777396444,-0.12172632486384513,-0.30316258716994504,0.08655107741815422,0,0.7973921877280445,0,0,REJECT,2025-05-02T00:00:00+00:00,2026-05-05T22:00:00+00:00,MASSIVE_parquet,2026-05-15T08:24:34.034053+00:00
EUR_JPY_H1_LONG_SHOCK_1_1_Q4,EUR_JPY,H1,LONG_SHOCK,0.01,1,Q4,19,0.47368421052631576,-2.2302508942345867,-0.010707177284021823,0.7488158447512804,0.2732980516117956,-6.782308811920702,-0.1332047002887186,-0.5975065956213776,-0.10893354204699379,-0.22462053078823208,0.077392378229726,1,0.6458566225467277,0,0,REJECT,2025-05-02T00:00:00+00:00,2026-05-05T22:00:00+00:00,MASSIVE_parquet,2026-05-15T08:24:34.034053+00:00
EUR_JPY_H1_LONG_SHOCK_1_1_Q5,EUR_JPY,H1,LONG_SHOCK,0.01,1,Q5,53,0.5849056603773585,1.4838603353935378,0.00959824969291558,1.1394655041245927,0.4509442218134438,4.089166012520024,0.08261858239827413,-1.7305706430572165,-0.13757478576072193,-0.33815416319385116,0.12381488725787144,1,0.3517158671216651,0,0,REJECT,2025-05-02T00:00:00+00:00,2026-05-05T22:00:00+00:00,MASSIVE_parquet,2026-05-15T08:24:34.034053+00:00
EUR_JPY_H1_LONG_SHOCK_1_3_ALL,EUR_JPY,H1,LONG_SHOCK,0.01,3,ALL,89,0.550561797752809,-4.108204148478845,-0.020328452924949024,0.7805460991161299,0.44726333152374137,-4.915894939176397,-0.15337347623931197,-4.662090654181627,-0.21077137033900403,-0.5838464080439554,0.15418782945357287,1,0.7237594456905235,0,0,REJECT,2025-05-02T00:00:00+00:00,2026-05-05T22:00:00+00:00,MASSIVE_parquet,2026-05-15T08:24:34.034053+00:00
EUR_JPY_H1_LONG_SHOCK_1_3_Q1,EUR_JPY,H1,LONG_SHOCK,0.01,3,Q1,1,1.0,1.999999999998181,0.01088956888195547,inf,0.20654931437723742,0.0,1.0,0.0,-0.04464723241606183,-0.04464723241606183,0.14717082725925756,0,1.0,0,0,REJECT,2025-05-02T00:00:00+00:00,2026-05-05T22:00:00+00:00,MASSIVE_parquet,2026-05-15T08:24:34.034053+00:00
EUR_JPY_H1_LONG_SHOCK_1_3_Q2,EUR_JPY,H1,LONG_SHOCK,0.01,3,Q2,2,0.0,-9.050000000002001,-0.052377459295777085,0.0,0.0,-57.56843042322786,0.0,-0.10240981282727546,-0.19877154313971968,-0.2151501025015523,0.04819478300988056,0,0.7572877773391815,0,0,REJECT,2025-05-02T00:00:00+00:00,2026-05-05T22:00:00+00:00,MASSIVE_parquet,2026-05-15T08:24:34.034053+00:00
EUR_JPY_H1_LONG_SHOCK_1_3_Q3,EUR_JPY,H1,LONG_SHOCK,0.01,3,Q3,14,0.5714285714285714,1.73571428571425,0.008517301896916938,1.1402192729370977,0.32590644579650746,3.4578314387162634,0.06036205174013465,-0.33035683182571773,-0.16521134996051615,-0.4205493371479613,0.13226675229752896,0,0.43521468564283766,0,0,REJECT,2025-05-02T00:00:00+00:00,2026-05-05T22:00:00+00:00,MASSIVE_parquet,2026-05-15T08:24:34.034053+00:00
EUR_JPY_H1_LONG_SHOCK_1_3_Q4,EUR_JPY,H1,LONG_SHOCK,0.01,3,Q4,19,0.3684210526315789,-12.019724578445633,-0.06581011091059072,0.3355229933919994,0.19149512745135075,-29.263617819425033,-0.6977921680862338,-1.1444274615171501,-0.17378864676820846,-0.4860362145040453,0.10071910880511754,0,0.9408398849794197,0,0,REJECT,2025-05-02T00:00:00+00:00,2026-05-05T22:00:00+00:00,MASSIVE_parquet,2026-05-15T08:24:34.034053+00:00
EUR_JPY_H1_LONG_SHOCK_1_3_Q5,EUR_JPY,H1,LONG_SHOCK,0.01,3,Q5,53,0.6226415094339622,-2.7444415513989413,-0.011022963771065625,0.8713922173084491,0.4880689594175337,-2.184186311516113,-0.10193094639306677,-3.8914942764873284,-0.2396512915742013,-0.9518887814930888,0.18327846846464774,1,0.5806063406753166,0,0,REJECT,2025-05-02T00:00:00+00:00,2026-05-05T22:00:00+00:00,MASSIVE_parquet,2026-05-15T08:24:34.034053+00:00
EUR_JPY_H1_LONG_SHOCK_1_6_ALL,EUR_JPY,H1,LONG_SHOCK,0.01,6,ALL,89,0.5955056179775281,-0.19415920465843775,0.0018060145165332455,0.99074557702391,0.49164224772692616,0.3890460481406757,0.00917951002166606,-4.217093072711542,-0.25471078933064384,-0.6700080217323845,0.19953288433777006,1,0.48123263081886114,0,0,REJECT,2025-05-02T00:00:00+00:00,2026-05-05T22:00:00+00:00,MASSIVE_parquet,2026-05-15T08:24:34.034053+00:00
EUR_JPY_H1_LONG_SHOCK_1_6_Q1,EUR_JPY,H1,LONG_SHOCK,0.01,6,Q1,1,0.0,-2.2999999999996135,-0.012523004214259892,0.0,0.0,0.0,0.0,0.0,-0.06098158573901724,-0.06098158573901724,0.14717082725925756,0,1.0,0,0,REJECT,2025-05-02T00:00:00+00:00,2026-05-05T22:00:00+00:00,MASSIVE_parquet,2026-05-15T08:24:34.034053+00:00
EUR_JPY_H1_LONG_SHOCK_1_6_Q2,EUR_JPY,H1,LONG_SHOCK,0.01,6,Q2,2,0.0,-3.0000000000015348,-0.0173883551061349,0.0,0.0,-75.30245944795077,0.0,-0.030086498683723484,-0.19877154313971968,-0.2151501025015523,0.13672252561107712,0,0.7992254100023063,0,0,REJECT,2025-05-02T00:00:00+00:00,2026-05-05T22:00:00+00:00,MASSIVE_parquet,2026-05-15T08:24:34.034053+00:00
EUR_JPY_H1_LONG_SHOCK_1_6_Q3,EUR_JPY,H1,LONG_SHOCK,0.01,6,Q3,14,0.6428571428571429,2.0428571428569495,0.010215841688081064,1.1324687355256926,0.387644231039074,3.204653250425276,0.06618406179637659,-0.5381637435278863,-0.20494988222491803,-0.48801583285881134,0.17347415646628958,1,0.4399162981755342,0,0,REJECT,2025-05-02T00:00:00+00:00,2026-05-05T22:00:00+00:00,MASSIVE_parquet,2026-05-15T08:24:34.034053+00:00
EUR_JPY_H1_LONG_SHOCK_1_6_Q4,EUR_JPY,H1,LONG_SHOCK,0.01,6,Q4,19,0.42105263157894735,-8.985514052129343,-0.049519459329519074,0.47182228281176364,0.23141891282454238,-22.06345338663825,-0.45873286919436485,-0.8868620986023368,-0.21439173212829282,-0.5537150581968731,0.11911008876437719,0,0.8839436682131986,0,0,REJECT,2025-05-02T00:00:00+00:00,2026-05-05T22:00:00+00:00,MASSIVE_parquet,2026-05-15T08:24:34.034053+00:00
EUR_JPY_H1_LONG_SHOCK_1_6_Q5,EUR_JPY,H1,LONG_SHOCK,0.01,6,Q5,53,0.6792452830188679,2.5121622221860744,0.01897892358539087,1.1008824047400076,0.545185201490326,3.3566896662066483,0.08358043037081064,-3.7913016810691147,-0.28807536446834775,-1.0941933560035122,0.2386053009533755,1,0.3773030163574382,0,0,REJECT,2025-05-02T00:00:00+00:00,2026-05-05T22:00:00+00:00,MASSIVE_parquet,2026-05-15T08:24:34.034053+00:00
EUR_JPY_H1_LONG_SHOCK_1_12_ALL,EUR_JPY,H1,LONG_SHOCK,0.01,12,ALL,89,0.6741573033707865,3.5855795795706156,0.02455642673317069,1.1391860734796506,0.5713422761622178,4.337116989222669,0.09969792144830314,-5.621368782370195,-0.30958950214961994,-1.0225221790854921,0.28022807630548163,1,0.30006186554219655,0,0,REJECT,2025-05-02T00:00:00+00:00,2026-05-05T22:00:00+00:00,MASSIVE_parquet,2026-05-15T08:24:34.034053+00:00
EUR_JPY_H1_LONG_SHOCK_1_12_Q1,EUR_JPY,H1,LONG_SHOCK,0.01,12,Q1,1,1.0,13.399999999998613,0.07296011150916826,inf,0.20654931437723742,0.0,1.0,0.0,-0.06642637018001718,-0.06642637018001718,0.17915049935997018,0,1.0,0,0,REJECT,2025-05-02T00:00:00+00:00,2026-05-05T22:00:00+00:00,MASSIVE_parquet,2026-05-15T08:24:34.034053+00:00
EUR_JPY_H1_LONG_SHOCK_1_12_Q2,EUR_JPY,H1,LONG_SHOCK,0.01,12,Q2,2,1.0,62.84999999999883,0.36499505082752126,inf,0.3423802275066531,126.53311456557438,1.0,0.0,-0.19877154313971968,-0.2151501025015523,0.48114110749304384,0,0.1304978877664091,0,0,REJECT,2025-05-02T00:00:00+00:00,2026-05-05T22:00:00+00:00,MASSIVE_parquet,2026-05-15T08:24:34.034053+00:00
EUR_JPY_H1_LONG_SHOCK_1_12_Q3,EUR_JPY,H1,LONG_SHOCK,0.01,12,Q3,14,0.7142857142857143,9.788049739163641,0.05519117520969642,1.8458808416561148,0.4535091567010681,17.96471901436691,0.3214462884964007,-0.25389759823676306,-0.23554798580935185,-0.5428290148689158,0.24876865558010053,0,0.201537362231843,0,0,REJECT,2025-05-02T00:00:00+00:00,2026-05-05T22:00:00+00:00,MASSIVE_parquet,2026-05-15T08:24:34.034053+00:00
EUR_JPY_H1_LONG_SHOCK_1_12_Q4,EUR_JPY,H1,LONG_SHOCK,0.01,12,Q4,19,0.5263157894736842,-6.746040367918968,-0.03614421791679391,0.6373441027306326,0.31707809245113167,-13.719115842240996,-0.2807100396541643,-0.9907279314161799,-0.2780234114046469,-0.6297331736405953,0.1506893282792211,1,0.7740517604276557,0,0,REJECT,2025-05-02T00:00:00+00:00,2026-05-05T22:00:00+00:00,MASSIVE_parquet,2026-05-15T08:24:34.034053+00:00
EUR_JPY_H1_LONG_SHOCK_1_12_Q5,EUR_JPY,H1,LONG_SHOCK,0.01,12,Q5,53,0.6981132075471698,3.2294085513954323,0.024464819878704063,1.096302623768614,0.5646316733114987,3.5194878657281357,0.08250839543524813,-4.996609614997894,-0.34923357767617924,-1.310018006220972,0.3293020313474566,1,0.37156321257520786,0,0,REJECT,2025-05-02T00:00:00+00:00,2026-05-05T22:00:00+00:00,MASSIVE_parquet,2026-05-15T08:24:34.034053+00:00
EUR_JPY_H1_SHORT_SHOCK_1_1_ALL,EUR_JPY,H1,SHORT_SHOCK,0.01,1,ALL,85,0.5058823529411764,-1.0835022647134285,-0.006150438374138619,0.8251204554034828,0.4016643580854897,-5.373657019435445,-0.10777357002185661,-1.0962158519044918,-0.08788127877197828,-0.1993368551618202,0.0923757152470618,1,0.737087639706723,0,0,REJECT,2025-05-02T00:00:00+00:00,2026-05-05T22:00:00+00:00,MASSIVE_parquet,2026-05-15T08:24:34.034053+00:00
EUR_JPY_H1_SHORT_SHOCK_1_1_Q1,EUR_JPY,H1,SHORT_SHOCK,0.01,1,Q1,1,0.0,-0.40000000000190994,-0.002222345685887195,0.0,0.0,0.0,0.0,0.0,-0.018886790356642535,-0.018886790356642535,0.08674859589610229,0,1.0,0,0,REJECT,2025-05-02T00:00:00+00:00,2026-05-05T22:00:00+00:00,MASSIVE_parquet,2026-05-15T08:24:34.034053+00:00
EUR_JPY_H1_SHORT_SHOCK_1_1_Q2,EUR_JPY,H1,SHORT_SHOCK,0.01,1,Q2,5,1.0,5.620000000000118,0.032752583786881395,inf,0.5655175352168252,70.37726661017216,1.0,0.0,-0.05966925881504048,-0.1225414706879735,0.09662149612265303,0,0.05652058671667331,0,0,REJECT,2025-05-02T00:00:00+00:00,2026-05-05T22:00:00+00:00,MASSIVE_parquet,2026-05-15T08:24:34.034053+00:00
EUR_JPY_H1_SHORT_SHOCK_1_1_Q3,EUR_JPY,H1,SHORT_SHOCK,0.01,1,Q3,7,0.42857142857142855,-6.128571428571457,-0.035177690438893884,0.24999999999996272,0.15821985525146973,-34.08532862847164,-1.283185998740944,-0.2868693105368192,-0.0966649480457866,-0.22238878539235118,0.05782579309042849,0,0.8548673309202958,0,0,REJECT,2025-05-02T00:00:00+00:00,2026-05-05T22:00:00+00:00,MASSIVE_parquet,2026-05-15T08:24:34.034053+00:00
EUR_JPY_H1_SHORT_SHOCK_1_1_Q4,EUR_JPY,H1,SHORT_SHOCK,0.01,1,Q4,19,0.5789473684210527,1.1419061408236972,0.006558725497814824,1.3247936628091324,0.3627590353425504,8.766028818576377,0.14388504286818787,-0.2648323354597748,-0.07191217017334646,-0.13856447391067617,0.08929735811829571,1,0.31456495762287195,0,0,REJECT,2025-05-02T00:00:00+00:00,2026-05-05T22:00:00+00:00,MASSIVE_parquet,2026-05-15T08:24:34.034053+00:00
EUR_JPY_H1_SHORT_SHOCK_1_1_Q5,EUR_JPY,H1,SHORT_SHOCK,0.01,1,Q5,53,0.4528301886792453,-1.8602624372884933,-0.010616977102575979,0.7548848205012456,0.3265757915292224,-8.079326072049028,-0.14931490045681517,-0.8475081279074703,-0.09640924040702302,-0.21061757980329388,0.09774810120019374,1,0.7735656678125166,0,0,REJECT,2025-05-02T00:00:00+00:00,2026-05-05T22:00:00+00:00,MASSIVE_parquet,2026-05-15T08:24:34.034053+00:00
EUR_JPY_H1_SHORT_SHOCK_1_3_ALL,EUR_JPY,H1,SHORT_SHOCK,0.01,3,ALL,85,0.4588235294117647,-3.9081154275087933,-0.022531140539422987,0.6867800787694356,0.35697131819019406,-10.72802741070179,-0.21521588052440593,-3.1415972519063695,-0.1351671676957148,-0.32928460906631596,0.13284820495639557,1,0.8965253596844978,0,0,REJECT,2025-05-02T00:00:00+00:00,2026-05-05T22:00:00+00:00,MASSIVE_parquet,2026-05-15T08:24:34.034053+00:00
EUR_JPY_H1_SHORT_SHOCK_1_3_Q1,EUR_JPY,H1,SHORT_SHOCK,0.01,3,Q1,1,1.0,16.59999999999968,0.09231453675897505,inf,0.20654931437723742,0.0,1.0,0.0,-0.018886790356642535,-0.018886790356642535,0.1090160743089097,0,1.0,0,0,REJECT,2025-05-02T00:00:00+00:00,2026-05-05T22:00:00+00:00,MASSIVE_parquet,2026-05-15T08:24:34.034053+00:00
EUR_JPY_H1_SHORT_SHOCK_1_3_Q2,EUR_JPY,H1,SHORT_SHOCK,0.01,3,Q2,5,0.4,2.7000000000003865,0.017099594303264798,1.675000000000135,0.11762077423264786,17.250919486177274,0.17538120425253334,-0.08828399764487793,-0.061559859345312606,-0.1225414706879735,0.12506681514111495,1,0.3229519711123833,0,0,REJECT,2025-05-02T00:00:00+00:00,2026-05-05T22:00:00+00:00,MASSIVE_parquet,2026-05-15T08:24:34.034053+00:00
EUR_JPY_H1_SHORT_SHOCK_1_3_Q3,EUR_JPY,H1,SHORT_SHOCK,0.01,3,Q3,7,0.14285714285714285,-10.80000000000041,-0.06240381460765728,0.33450704225351,0.025679624344743555,-38.935960049207935,-0.3022151053222833,-0.38136063981296653,-0.16634761945181525,-0.24074838330620518,0.09825676480436561,0,0.8832448698871226,0,0,REJECT,2025-05-02T00:00:00+00:00,2026-05-05T22:00:00+00:00,MASSIVE_parquet,2026-05-15T08:24:34.034053+00:00
EUR_JPY_H1_SHORT_SHOCK_1_3_Q4,EUR_JPY,H1,SHORT_SHOCK,0.01,3,Q4,19,0.6842105263157895,4.310741991476687,0.023279922202112946,1.5905300485548992,0.4601040767532747,13.409071478009848,0.24507785122145176,-0.42793424551472725,-0.09972899478344285,-0.22473166820415558,0.1425589841031045,0,0.23101201122584952,0,0,REJECT,2025-05-02T00:00:00+00:00,2026-05-05T22:00:00+00:00,MASSIVE_parquet,2026-05-15T08:24:34.034053+00:00
EUR_JPY_H1_SHORT_SHOCK_1_3_Q5,EUR_JPY,H1,SHORT_SHOCK,0.01,3,Q5,53,0.41509433962264153,-6.95460205993025,-0.03959342025873204,0.5324003949086902,0.29260908779813966,-16.988328977590715,-0.36998891960601,-2.5720613044910134,-0.15289130056612132,-0.3915126270085012,0.1351194192394263,1,0.9410869140043184,0,0,REJECT,2025-05-02T00:00:00+00:00,2026-05-05T22:00:00+00:00,MASSIVE_parquet,2026-05-15T08:24:34.034053+00:00
EUR_JPY_H1_SHORT_SHOCK_1_6_ALL,EUR_JPY,H1,SHORT_SHOCK,0.01,6,ALL,85,0.4823529411764706,-5.877072944286831,-0.03364112710062395,0.6389775497717157,0.37920743679068153,-12.455081379747002,-0.2773831596029676,-3.791692467794616,-0.17672194474466899,-0.481799456585823,0.17651304506827223,1,0.9282331512317302,0,0,REJECT,2025-05-02T00:00:00+00:00,2026-05-05T22:00:00+00:00,MASSIVE_parquet,2026-05-15T08:24:34.034053+00:00
EUR_JPY_H1_SHORT_SHOCK_1_6_Q1,EUR_JPY,H1,SHORT_SHOCK,0.01,6,Q1,1,1.0,1.5999999999991132,0.008890370617309351,inf,0.20654931437723742,0.0,1.0,0.0,-0.018886790356642535,-0.018886790356642535,0.14800801246381834,0,1.0,0,0,REJECT,2025-05-02T00:00:00+00:00,2026-05-05T22:00:00+00:00,MASSIVE_parquet,2026-05-15T08:24:34.034053+00:00
EUR_JPY_H1_SHORT_SHOCK_1_6_Q2,EUR_JPY,H1,SHORT_SHOCK,0.01,6,Q2,5,0.4,-10.420000000000869,-0.052964758828049074,0.4645426515929739,0.11762077423264786,-16.94842626749433,-0.40071064973890025,-0.4666688608896963,-0.15523322544641172,-0.4487681871022864,0.17870706883182486,1,0.6742314818298769,0,0,REJECT,2025-05-02T00:00:00+00:00,2026-05-05T22:00:00+00:00,MASSIVE_parquet,2026-05-15T08:24:34.034053+00:00
EUR_JPY_H1_SHORT_SHOCK_1_6_Q3,EUR_JPY,H1,SHORT_SHOCK,0.01,6,Q3,7,0.8571428571428571,11.469539172368773,0.06582806581159854,2.7192028738026566,0.48687217072568106,33.144125502828985,0.5514671474576615,-0.2554173640052837,-0.19746531986876148,-0.25411904281708364,0.19916303624677287,0,0.15127886659024917,0,0,REJECT,2025-05-02T00:00:00+00:00,2026-05-05T22:00:00+00:00,MASSIVE_parquet,2026-05-15T08:24:34.034053+00:00
EUR_JPY_H1_SHORT_SHOCK_1_6_Q4,EUR_JPY,H1,SHORT_SHOCK,0.01,6,Q4,19,0.5789473684210527,0.6107419914768212,0.0014123869922745339,1.0481905951632664,0.3627590353425504,0.569263596114193,0.01099746592275741,-0.797308580406475,-0.14167237823651901,-0.37884860348068816,0.18915450970576372,1,0.48744872529647565,0,0,REJECT,2025-05-02T00:00:00+00:00,2026-05-05T22:00:00+00:00,MASSIVE_parquet,2026-05-15T08:24:34.034053+00:00
EUR_JPY_H1_SHORT_SHOCK_1_6_Q5,EUR_JPY,H1,SHORT_SHOCK,0.01,6,Q5,53,0.39622641509433965,-10.206454194509744,-0.058324418746500115,0.4584711187856578,0.27589406738001676,-20.570958509867694,-0.47652084516299253,-3.6649719488603516,-0.19155245207798058,-0.5344747217520318,0.1693205384159109,1,0.970190483903414,0,0,REJECT,2025-05-02T00:00:00+00:00,2026-05-05T22:00:00+00:00,MASSIVE_parquet,2026-05-15T08:24:34.034053+00:00
EUR_JPY_H1_SHORT_SHOCK_1_12_ALL,EUR_JPY,H1,SHORT_SHOCK,0.01,12,ALL,85,0.43529411764705883,-7.985762486332265,-0.044955175003661876,0.6489856114812352,0.33495777427196094,-12.330830845969047,-0.23475066676311018,-4.136964338462779,-0.24662587247096635,-0.652145179435395,0.24096820420115944,0,0.926240102655115,0,0,REJECT,2025-05-02T00:00:00+00:00,2026-05-05T22:00:00+00:00,MASSIVE_parquet,2026-05-15T08:24:34.034053+00:00
EUR_JPY_H1_SHORT_SHOCK_1_12_Q1,EUR_JPY,H1,SHORT_SHOCK,0.01,12,Q1,1,1.0,10.599999999999454,0.05892817433843511,inf,0.20654931437723742,0.0,1.0,0.0,-0.041097411973789466,-0.041097411973789466,0.14800801246381834,0,1.0,0,0,REJECT,2025-05-02T00:00:00+00:00,2026-05-05T22:00:00+00:00,MASSIVE_parquet,2026-05-15T08:24:34.034053+00:00
EUR_JPY_H1_SHORT_SHOCK_1_12_Q2,EUR_JPY,H1,SHORT_SHOCK,0.01,12,Q2,5,0.2,-21.579999999999018,-0.11994790003133193,0.30161812297735957,0.03622410863243013,-36.910863835530726,-0.47294993664283186,-0.6456522085998562,-0.2563168090570578,-0.5089546403692435,0.22404428794698283,1,0.8258061250346991,0,0,REJECT,2025-05-02T00:00:00+00:00,2026-05-05T22:00:00+00:00,MASSIVE_parquet,2026-05-15T08:24:34.034053+00:00
EUR_JPY_H1_SHORT_SHOCK_1_12_Q3,EUR_JPY,H1,SHORT_SHOCK,0.01,12,Q3,7,0.42857142857142855,-6.928571428571623,-0.036920335323060396,0.4501133786847949,0.15821985525146973,-19.010055752468038,-0.4761309480408776,-0.39470859184363993,-0.23031201181304498,-0.38587163045696427,0.24554780234646856,1,0.7291311531035308,0,0,REJECT,2025-05-02T00:00:00+00:00,2026-05-05T22:00:00+00:00,MASSIVE_parquet,2026-05-15T08:24:34.034053+00:00
EUR_JPY_H1_SHORT_SHOCK_1_12_Q4,EUR_JPY,H1,SHORT_SHOCK,0.01,12,Q4,19,0.42105263157894735,-3.0629422190498334,-0.01760903060369824,0.8117830742418235,0.23141891282454238,-6.0943936382341475,-0.09862994078251075,-1.0956843403915562,-0.18078699311526783,-0.5752622309927524,0.24693033164178496,1,0.6316914514379923,0,0,REJECT,2025-05-02T00:00:00+00:00,2026-05-05T22:00:00+00:00,MASSIVE_parquet,2026-05-15T08:24:34.034053+00:00
EUR_JPY_H1_SHORT_SHOCK_1_12_Q5,EUR_JPY,H1,SHORT_SHOCK,0.01,12,Q5,53,0.4528301886792453,-8.958375644835824,-0.05070499284455369,0.6564192227956939,0.3265757915292224,-12.2411650335136,-0.23804677449198175,-3.178193470330326,-0.27534680662059735,-0.6996973642513438,0.24157654692982294,0,0.871463037408614,0,0,REJECT,2025-05-02T00:00:00+00:00,2026-05-05T22:00:00+00:00,MASSIVE_parquet,2026-05-15T08:24:34.034053+00:00
EUR_JPY_H1_LONG_SHOCK_2p5_1_ALL,EUR_JPY,H1,LONG_SHOCK,0.025,1,ALL,178,0.5337078651685393,-0.01461180679379577,0.0004749121357028568,0.998175829983661,0.4604848538166716,0.2839817810147258,-0.007424462802929188,-2.6210803207552313,-0.10777019166198139,-0.25797849621970015,0.09084657783442761,1,0.4805992506312402,0,0,REJECT,2025-05-02T00:00:00+00:00,2026-05-05T22:00:00+00:00,MASSIVE_parquet,2026-05-15T08:24:34.034053+00:00
EUR_JPY_H1_LONG_SHOCK_2p5_1_Q1,EUR_JPY,H1,LONG_SHOCK,0.025,1,Q1,5,0.8,7.039999999999509,0.041772032038416285,4.955056179775066,0.37553462976252533,44.70000259866722,0.641116359674666,-0.051760436416081745,-0.04572952819057674,-0.10065177176320494,0.08453008692999919,0,0.13403751530638774,0,0,REJECT,2025-05-02T00:00:00+00:00,2026-05-05T22:00:00+00:00,MASSIVE_parquet,2026-05-15T08:24:34.034053+00:00
EUR_JPY_H1_LONG_SHOCK_2p5_1_Q2,EUR_JPY,H1,LONG_SHOCK,0.025,1,Q2,15,0.6,-0.4235698814540001,-0.0032610757986987573,0.9111391857089515,0.35746830120624606,-3.902132246841086,-0.07829123410734762,-0.2515196051832702,-0.10650215692639724,-0.23917384283535847,0.06484905389739559,1,0.5756457599859814,0,0,REJECT,2025-05-02T00:00:00+00:00,2026-05-05T22:00:00+00:00,MASSIVE_parquet,2026-05-15T08:24:34.034053+00:00
EUR_JPY_H1_LONG_SHOCK_2p5_1_Q3,EUR_JPY,H1,LONG_SHOCK,0.025,1,Q3,36,0.3888888888888889,-3.3583333333333423,-0.018803838510207824,0.6087378640776765,0.24784873065371002,-14.197793942058073,-0.24617507304440484,-0.95276129895282,-0.09820429173961198,-0.21672044719836803,0.07803214686900718,0,0.8595853685333102,0,0,REJECT,2025-05-02T00:00:00+00:00,2026-05-05T22:00:00+00:00,MASSIVE_parquet,2026-05-15T08:24:34.034053+00:00
EUR_JPY_H1_LONG_SHOCK_2p5_1_Q4,EUR_JPY,H1,LONG_SHOCK,0.025,1,Q4,39,0.4358974358974359,-2.224994025396526,-0.012077657014001405,0.7332469505365335,0.2930475387568963,-8.34857627084537,-0.180094267139855,-0.887231820633827,-0.10715847914444729,-0.20318189916903817,0.07138499371837935,1,0.7466738498696466,0,0,REJECT,2025-05-02T00:00:00+00:00,2026-05-05T22:00:00+00:00,MASSIVE_parquet,2026-05-15T08:24:34.034053+00:00
EUR_JPY_H1_LONG_SHOCK_2p5_1_Q5,EUR_JPY,H1,LONG_SHOCK,0.025,1,Q5,83,0.6144578313253012,2.123221850638333,0.012922375263337891,1.247823672624079,0.506901079362841,6.402665280695446,0.1167747997372332,-2.1512240479803713,-0.11617324014125746,-0.3282007897666483,0.11062810324236302,1,0.22768370991038558,0,0,REJECT,2025-05-02T00:00:00+00:00,2026-05-05T22:00:00+00:00,MASSIVE_parquet,2026-05-15T08:24:34.034053+00:00
EUR_JPY_H1_LONG_SHOCK_2p5_3_ALL,EUR_JPY,H1,LONG_SHOCK,0.025,3,ALL,178,0.5449438202247191,0.3555863961498917,0.0035065478727664416,1.0279531294525661,0.47160956831536355,1.1077398772259537,0.01939062584077289,-4.625993395831529,-0.1663847887152615,-0.37543369802483795,0.13774154508835307,1,0.4247483131399077,0,0,REJECT,2025-05-02T00:00:00+00:00,2026-05-05T22:00:00+00:00,MASSIVE_parquet,2026-05-15T08:24:34.034053+00:00
EUR_JPY_H1_LONG_SHOCK_2p5_3_Q1,EUR_JPY,H1,LONG_SHOCK,0.025,3,Q1,5,0.6,10.279999999999063,0.05994024259941666,2.4519774011298727,0.23072428127601285,24.48630400367438,0.35542933840996177,-0.1954101869191427,-0.08341130342407022,-0.20238736818385616,0.1846520221328829,0,0.26011472291719834,0,0,REJECT,2025-05-02T00:00:00+00:00,2026-05-05T22:00:00+00:00,MASSIVE_parquet,2026-05-15T08:24:34.034053+00:00
EUR_JPY_H1_LONG_SHOCK_2p5_3_Q2,EUR_JPY,H1,LONG_SHOCK,0.025,3,Q2,15,0.26666666666666666,-3.7369032147878065,-0.02111868541727328,0.4464041092266696,0.10897453325692374,-21.763861445991385,-0.32587700803857583,-0.5735996413772204,-0.1556082074486557,-0.2729329404606107,0.08781446789298523,1,0.8516311051685563,0,0,REJECT,2025-05-02T00:00:00+00:00,2026-05-05T22:00:00+00:00,MASSIVE_parquet,2026-05-15T08:24:34.034053+00:00
EUR_JPY_H1_LONG_SHOCK_2p5_3_Q3,EUR_JPY,H1,LONG_SHOCK,0.025,3,Q3,36,0.5555555555555556,5.544444444444549,0.03115962488504684,1.7422833767199706,0.39581061755697294,16.394206063193185,0.2342231698426826,-0.3593252099441724,-0.13225070050408816,-0.26615848725435876,0.12087283085883878,0,0.10714287669648385,0,0,REJECT,2025-05-02T00:00:00+00:00,2026-05-05T22:00:00+00:00,MASSIVE_parquet,2026-05-15T08:24:34.034053+00:00
EUR_JPY_H1_LONG_SHOCK_2p5_3_Q4,EUR_JPY,H1,LONG_SHOCK,0.025,3,Q4,39,0.46153846153846156,-4.73113194049637,-0.025561938332987817,0.650230293696446,0.31566885606727846,-12.416657782817401,-0.2363625485658407,-1.4095246112772908,-0.15650052788479898,-0.35950924075684676,0.10441740246737363,1,0.8374841962603689,0,0,REJECT,2025-05-02T00:00:00+00:00,2026-05-05T22:00:00+00:00,MASSIVE_parquet,2026-05-15T08:24:34.034053+00:00
EUR_JPY_H1_LONG_SHOCK_2p5_3_Q5,EUR_JPY,H1,LONG_SHOCK,0.025,3,Q5,83,0.6265060240963856,0.6368924387452668,0.006221851671557604,1.0397094962915618,0.5190168552955077,1.4874470555543198,0.022138923732330396,-3.8941390960152256,-0.19278032478086765,-0.5138701317118243,0.1669134613195408,1,0.43104894309549163,0,0,REJECT,2025-05-02T00:00:00+00:00,2026-05-05T22:00:00+00:00,MASSIVE_parquet,2026-05-15T08:24:34.034053+00:00
EUR_JPY_H1_LONG_SHOCK_2p5_6_ALL,EUR_JPY,H1,LONG_SHOCK,0.025,6,ALL,178,0.6067415730337079,2.874417775789699,0.0178413102381997,1.18136069764114,0.5334534080943271,4.801362673950909,0.10244255365288257,-4.671052844553571,-0.21244171301072987,-0.5515816122091061,0.19332635633877196,1,0.20560950392408023,0,0,REJECT,2025-05-02T00:00:00+00:00,2026-05-05T22:00:00+00:00,MASSIVE_parquet,2026-05-15T08:24:34.034053+00:00
EUR_JPY_H1_LONG_SHOCK_2p5_6_Q1,EUR_JPY,H1,LONG_SHOCK,0.025,6,Q1,5,0.4,5.859999999999559,0.03442698492998275,1.8772455089819615,0.11762077423264786,17.520997314528543,0.188121152585924,-0.16633129005617642,-0.11808338270066887,-0.32800820263188646,0.22084659963629516,0,0.32044930254890736,0,0,REJECT,2025-05-02T00:00:00+00:00,2026-05-05T22:00:00+00:00,MASSIVE_parquet,2026-05-15T08:24:34.034053+00:00
EUR_JPY_H1_LONG_SHOCK_2p5_6_Q2,EUR_JPY,H1,LONG_SHOCK,0.025,6,Q2,15,0.6,2.1164301185456225,0.014607593577832626,1.1746229470747174,0.35746830120624606,5.471358809717604,0.10510956157381984,-0.5304608595653182,-0.20522575815470642,-0.39044227052504543,0.17765682527287238,0,0.39461523573877666,0,0,REJECT,2025-05-02T00:00:00+00:00,2026-05-05T22:00:00+00:00,MASSIVE_parquet,2026-05-15T08:24:34.034053+00:00
EUR_JPY_H1_LONG_SHOCK_2p5_6_Q3,EUR_JPY,H1,LONG_SHOCK,0.025,6,Q3,36,0.6666666666666666,6.29722222222229,0.03513587959270487,1.5678857715430936,0.5033399787115652,13.238208636658992,0.23867007849817545,-0.5870293211674316,-0.17286251058127403,-0.47229424826924216,0.17466997062011774,0,0.1570483768278805,0,0,REJECT,2025-05-02T00:00:00+00:00,2026-05-05T22:00:00+00:00,MASSIVE_parquet,2026-05-15T08:24:34.034053+00:00
EUR_JPY_H1_LONG_SHOCK_2p5_6_Q4,EUR_JPY,H1,LONG_SHOCK,0.025,6,Q4,39,0.48717948717948717,-3.300635051037477,-0.017682975579533744,0.7798197461040398,0.3386517532986201,-6.983755752404418,-0.13083819468872043,-1.4041991109183027,-0.2124918054274474,-0.5494908408209132,0.14842397438806804,1,0.7108903071481427,0,0,REJECT,2025-05-02T00:00:00+00:00,2026-05-05T22:00:00+00:00,MASSIVE_parquet,2026-05-15T08:24:34.034053+00:00
EUR_JPY_H1_LONG_SHOCK_2p5_6_Q5,EUR_JPY,H1,LONG_SHOCK,0.025,6,Q5,83,0.6506024096385542,4.248490112082451,0.026617455136705832,1.2173850868157687,0.543442186532409,5.638500173748741,0.12959115876610838,-3.9224988523493876,-0.23657338358421276,-0.6788109236182371,0.22369098924780673,1,0.25538052817397755,0,0,REJECT,2025-05-02T00:00:00+00:00,2026-05-05T22:00:00+00:00,MASSIVE_parquet,2026-05-15T08:24:34.034053+00:00
EUR_JPY_H1_LONG_SHOCK_2p5_12_ALL,EUR_JPY,H1,LONG_SHOCK,0.025,12,ALL,178,0.6404494382022472,4.5507479746335555,0.02884682009519204,1.211729799726916,0.5676725567389842,5.7761065108049685,0.12526038885733992,-7.627529936583632,-0.2759050331738961,-0.7737176058767626,0.2632408418758209,1,0.16153827605397822,0,0,REJECT,2025-05-02T00:00:00+00:00,2026-05-05T22:00:00+00:00,MASSIVE_parquet,2026-05-15T08:24:34.034053+00:00
EUR_JPY_H1_LONG_SHOCK_2p5_12_Q1,EUR_JPY,H1,LONG_SHOCK,0.025,12,Q1,5,0.6,14.419999999998936,0.08310271555960203,10.363636363635894,0.23072428127601285,51.88589400105,0.5413332556070738,-0.03722098798459861,-0.12267400579837329,-0.32800820263188646,0.22957842324184963,0,0.10500499465242992,0,0,REJECT,2025-05-02T00:00:00+00:00,2026-05-05T22:00:00+00:00,MASSIVE_parquet,2026-05-15T08:24:34.034053+00:00
EUR_JPY_H1_LONG_SHOCK_2p5_12_Q2,EUR_JPY,H1,LONG_SHOCK,0.025,12,Q2,15,0.6,14.876430118545917,0.08882688794414821,1.9505562470448652,0.35746830120624606,19.132918921233863,0.29875573994920784,-0.5446616801917492,-0.26061468709242935,-0.5496843467070422,0.28275710221494627,0,0.17841631055755658,0,0,REJECT,2025-05-02T00:00:00+00:00,2026-05-05T22:00:00+00:00,MASSIVE_parquet,2026-05-15T08:24:34.034053+00:00
EUR_JPY_H1_LONG_SHOCK_2p5_12_Q3,EUR_JPY,H1,LONG_SHOCK,0.025,12,Q3,36,0.6666666666666666,10.581463787452824,0.060572896943660796,1.8160511918344069,0.5033399787115652,19.522871185536697,0.3016945300914028,-0.6415355421074409,-0.20740844926307517,-0.5867046665629816,0.24826930271082157,1,0.07049155656032051,0,0,REJECT,2025-05-02T00:00:00+00:00,2026-05-05T22:00:00+00:00,MASSIVE_parquet,2026-05-15T08:24:34.034053+00:00
EUR_JPY_H1_LONG_SHOCK_2p5_12_Q4,EUR_JPY,H1,LONG_SHOCK,0.025,12,Q4,39,0.5641025641025641,-5.430378035708973,-0.027216885113433252,0.7557645653391911,0.40975691648669477,-5.679024894500277,-0.16232764060350324,-3.051252001979854,-0.31460283825556756,-0.6297331736405953,0.1966639809811226,1,0.6745205210049259,0,0,REJECT,2025-05-02T00:00:00+00:00,2026-05-05T22:00:00+00:00,MASSIVE_parquet,2026-05-15T08:24:34.034053+00:00
EUR_JPY_H1_LONG_SHOCK_2p5_12_Q5,EUR_JPY,H1,LONG_SHOCK,0.025,12,Q5,83,0.6746987951807228,4.164322105432984,0.02732110011368745,1.1536581909624508,0.5681352168462455,4.629991803903169,0.10472234424638094,-5.073446797513704,-0.29942518920647415,-1.0295509578972462,0.299518446368787,1,0.29450973658597046,0,0,REJECT,2025-05-02T00:00:00+00:00,2026-05-05T22:00:00+00:00,MASSIVE_parquet,2026-05-15T08:24:34.034053+00:00
EUR_JPY_H1_SHORT_SHOCK_2p5_1_ALL,EUR_JPY,H1,SHORT_SHOCK,0.025,1,ALL,171,0.4678362573099415,-2.127969018252845,-0.01186382681556384,0.6853953963288814,0.3945797997890047,-10.913790454401465,-0.21130195623371228,-2.34056571950354,-0.08680225877590647,-0.1998134283973385,0.08172240449287538,0,0.9658833180810491,0,0,REJECT,2025-05-02T00:00:00+00:00,2026-05-05T22:00:00+00:00,MASSIVE_parquet,2026-05-15T08:24:34.034053+00:00
EUR_JPY_H1_SHORT_SHOCK_2p5_1_Q1,EUR_JPY,H1,SHORT_SHOCK,0.025,1,Q1,7,0.2857142857142857,-5.158304808530748,-0.030195542846075556,0.18122145896343075,0.0822189240040568,-41.21252385299894,-1.2529045410537232,-0.14917158741413195,-0.08010338923436341,-0.2024854024175482,0.05512165570969214,0,0.8947747100765592,0,0,REJECT,2025-05-02T00:00:00+00:00,2026-05-05T22:00:00+00:00,MASSIVE_parquet,2026-05-15T08:24:34.034053+00:00
EUR_JPY_H1_SHORT_SHOCK_2p5_1_Q2,EUR_JPY,H1,SHORT_SHOCK,0.025,1,Q2,11,0.8181818181818182,4.245454545454405,0.024398112487673942,3.021645021644754,0.523019438039156,30.956916680661745,0.5553662984337935,-0.11260768793458498,-0.060773728415993,-0.1376349651475206,0.09799836698171992,0,0.10808976141624298,0,0,REJECT,2025-05-02T00:00:00+00:00,2026-05-05T22:00:00+00:00,MASSIVE_parquet,2026-05-15T08:24:34.034053+00:00
EUR_JPY_H1_SHORT_SHOCK_2p5_1_Q3,EUR_JPY,H1,SHORT_SHOCK,0.025,1,Q3,23,0.34782608695652173,-6.7217391304349965,-0.03762900446834105,0.2802607076349756,0.1881127593879773,-33.43868276170534,-0.8985433977691661,-0.9012678476659985,-0.09580130990343402,-0.24202407611534027,0.06791863603909834,0,0.9743972422465601,0,0,REJECT,2025-05-02T00:00:00+00:00,2026-05-05T22:00:00+00:00,MASSIVE_parquet,2026-05-15T08:24:34.034053+00:00
EUR_JPY_H1_SHORT_SHOCK_2p5_1_Q4,EUR_JPY,H1,SHORT_SHOCK,0.025,1,Q4,40,0.625,2.2978374980349514,0.013310923048951429,1.6023165132463901,0.470324391373011,15.56671350548522,0.23885025787656455,-0.34273277310336026,-0.06397534337978544,-0.13584504675565157,0.08480294351302153,0,0.1065182685732032,0,0,REJECT,2025-05-02T00:00:00+00:00,2026-05-05T22:00:00+00:00,MASSIVE_parquet,2026-05-15T08:24:34.034053+00:00
EUR_JPY_H1_SHORT_SHOCK_2p5_1_Q5,EUR_JPY,H1,SHORT_SHOCK,0.025,1,Q5,89,0.4044943820224719,-3.17739402677431,-0.01769854417370904,0.5919570293828738,0.3085343968169969,-15.122009906249815,-0.27464805208587895,-1.633452585916817,-0.09724082209135496,-0.19790206030878998,0.08457311159690166,0,0.9650144446941064,0,0,REJECT,2025-05-02T00:00:00+00:00,2026-05-05T22:00:00+00:00,MASSIVE_parquet,2026-05-15T08:24:34.034053+00:00
EUR_JPY_H1_SHORT_SHOCK_2p5_3_ALL,EUR_JPY,H1,SHORT_SHOCK,0.025,3,ALL,171,0.4327485380116959,-3.2821175684478754,-0.018552222948725897,0.7243013113074287,0.3607714617073462,-9.104612742115844,-0.16480174965890593,-4.204380126893669,-0.13309396829312206,-0.32417277914948417,0.12644298581563285,1,0.93617655391218,0,0,REJECT,2025-05-02T00:00:00+00:00,2026-05-05T22:00:00+00:00,MASSIVE_parquet,2026-05-15T08:24:34.034053+00:00
EUR_JPY_H1_SHORT_SHOCK_2p5_3_Q1,EUR_JPY,H1,SHORT_SHOCK,0.025,3,Q1,7,0.7142857142857143,4.498838048611934,0.024561666202041872,2.9439423666840954,0.35893445183261935,30.39804702581615,0.4564121737457891,-0.028369615562762185,-0.1216042299449779,-0.27891327578007497,0.09791043699586753,0,0.17046549574488598,0,0,REJECT,2025-05-02T00:00:00+00:00,2026-05-05T22:00:00+00:00,MASSIVE_parquet,2026-05-15T08:24:34.034053+00:00
EUR_JPY_H1_SHORT_SHOCK_2p5_3_Q2,EUR_JPY,H1,SHORT_SHOCK,0.025,3,Q2,11,0.36363636363636365,2.5363636363636033,0.014728388570008709,1.6940298507462823,0.15166471095367573,17.090740704906676,0.1535169731419219,-0.08049050834157967,-0.07595957701114915,-0.1617113529647385,0.13313531077907156,0,0.24140033551666468,0,0,REJECT,2025-05-02T00:00:00+00:00,2026-05-05T22:00:00+00:00,MASSIVE_parquet,2026-05-15T08:24:34.034053+00:00
EUR_JPY_H1_SHORT_SHOCK_2p5_3_Q3,EUR_JPY,H1,SHORT_SHOCK,0.025,3,Q3,23,0.2608695652173913,-7.373913043478622,-0.04147955340592863,0.45918367346937516,0.12548616044986347,-25.788960952934726,-0.3144965708868443,-0.8985636658957241,-0.13344969888776406,-0.2624502518924199,0.11185448402971498,0,0.9369874333637379,0,0,REJECT,2025-05-02T00:00:00+00:00,2026-05-05T22:00:00+00:00,MASSIVE_parquet,2026-05-15T08:24:34.034053+00:00
EUR_JPY_H1_SHORT_SHOCK_2p5_3_Q4,EUR_JPY,H1,SHORT_SHOCK,0.025,3,Q4,40,0.625,1.9676024459515418,0.011283536036959252,1.2097680102169466,0.470324391373011,5.784032123447197,0.1092690126486614,-1.1497952246171783,-0.10959587692888433,-0.3251832777783942,0.1340005770194641,1,0.3203495129647322,0,0,REJECT,2025-05-02T00:00:00+00:00,2026-05-05T22:00:00+00:00,MASSIVE_parquet,2026-05-15T08:24:34.034053+00:00
EUR_JPY_H1_SHORT_SHOCK_2p5_3_Q5,EUR_JPY,H1,SHORT_SHOCK,0.025,3,Q5,89,0.38202247191011235,-5.646495150369933,-0.031878224266337754,0.6022060133540192,0.2879491474996802,-13.780778164767996,-0.251789824221283,-2.9933809040839976,-0.15080933691516737,-0.34687028121266783,0.12932324318539096,1,0.950933763409865,0,0,REJECT,2025-05-02T00:00:00+00:00,2026-05-05T22:00:00+00:00,MASSIVE_parquet,2026-05-15T08:24:34.034053+00:00
EUR_JPY_H1_SHORT_SHOCK_2p5_6_ALL,EUR_JPY,H1,SHORT_SHOCK,0.025,6,ALL,171,0.4269005847953216,-7.142367354994697,-0.04046844200725808,0.5677736378657088,0.35517214573215306,-15.513751103275432,-0.32754122896546206,-7.566506796923401,-0.17938093304194963,-0.4542871938908566,0.16572840650970475,0,0.9950495625054242,0,0,REJECT,2025-05-02T00:00:00+00:00,2026-05-05T22:00:00+00:00,MASSIVE_parquet,2026-05-15T08:24:34.034053+00:00
EUR_JPY_H1_SHORT_SHOCK_2p5_6_Q1,EUR_JPY,H1,SHORT_SHOCK,0.025,6,Q1,7,0.2857142857142857,-10.644019094244836,-0.06184202096507496,0.07900947268589047,0.0822189240040568,-50.06790063129959,-3.4531177630113783,-0.3464879157709877,-0.16846419208224844,-0.3885014258178654,0.10685876346841246,0,0.9303027524576347,0,0,REJECT,2025-05-02T00:00:00+00:00,2026-05-05T22:00:00+00:00,MASSIVE_parquet,2026-05-15T08:24:34.034053+00:00
EUR_JPY_H1_SHORT_SHOCK_2p5_6_Q2,EUR_JPY,H1,SHORT_SHOCK,0.025,6,Q2,11,0.18181818181818182,-10.909090909091322,-0.05841058156069723,0.2736077481839985,0.05136768974608512,-28.102621601020637,-0.44191161456622735,-0.8112349916684081,-0.14358042177401745,-0.38571627587262736,0.17835676713658832,1,0.870822727098896,0,0,REJECT,2025-05-02T00:00:00+00:00,2026-05-05T22:00:00+00:00,MASSIVE_parquet,2026-05-15T08:24:34.034053+00:00
EUR_JPY_H1_SHORT_SHOCK_2p5_6_Q3,EUR_JPY,H1,SHORT_SHOCK,0.025,6,Q3,23,0.4782608695652174,-1.957096773627081,-0.009439007150278894,0.8456336564011575,0.29237157416646653,-4.664315457767176,-0.07530382730665008,-0.7234153570509938,-0.17435888854785422,-0.26978311241629305,0.14985736229696162,1,0.6118419351228712,0,0,REJECT,2025-05-02T00:00:00+00:00,2026-05-05T22:00:00+00:00,MASSIVE_parquet,2026-05-15T08:24:34.034053+00:00
EUR_JPY_H1_SHORT_SHOCK_2p5_6_Q4,EUR_JPY,H1,SHORT_SHOCK,0.025,6,Q4,40,0.525,-0.8471806683827054,-0.006515586593585088,0.9401492900144374,0.3749736210669247,-2.2235138548172313,-0.04587931853573568,-2.128700008922979,-0.15517021291937938,-0.3730815563546941,0.19046567297382133,1,0.5712802017451437,0,0,REJECT,2025-05-02T00:00:00+00:00,2026-05-05T22:00:00+00:00,MASSIVE_parquet,2026-05-15T08:24:34.034053+00:00
EUR_JPY_H1_SHORT_SHOCK_2p5_6_Q5,EUR_JPY,H1,SHORT_SHOCK,0.025,6,Q5,89,0.4044943820224719,-10.682429567591523,-0.06049602371712042,0.4478276168054585,0.3085343968169969,-22.080155507721155,-0.5017141519672469,-5.425905607205016,-0.19664458571174254,-0.47603612109584414,0.16317480547397903,0,0.9955878890630817,0,0,REJECT,2025-05-02T00:00:00+00:00,2026-05-05T22:00:00+00:00,MASSIVE_parquet,2026-05-15T08:24:34.034053+00:00
EUR_JPY_H1_SHORT_SHOCK_2p5_12_ALL,EUR_JPY,H1,SHORT_SHOCK,0.025,12,ALL,171,0.4444444444444444,-5.945784789511261,-0.03350185121621036,0.7157646597482062,0.3720006030411409,-8.776909014397434,-0.17658700869345367,-7.77228050971386,-0.243173615722275,-0.6078251685309566,0.23575661030595715,0,0.9290791548140022,0,0,REJECT,2025-05-02T00:00:00+00:00,2026-05-05T22:00:00+00:00,MASSIVE_parquet,2026-05-15T08:24:34.034053+00:00
EUR_JPY_H1_SHORT_SHOCK_2p5_12_Q1,EUR_JPY,H1,SHORT_SHOCK,0.025,12,Q1,7,0.42857142857142855,-5.544019094244845,-0.032462817528879286,0.5936321082752644,0.15821985525146973,-18.68889790001187,-0.30253494296121713,-0.24137284446869023,-0.21331734562523336,-0.3885014258178654,0.12830596755351348,0,0.7258153331670378,0,0,REJECT,2025-05-02T00:00:00+00:00,2026-05-05T22:00:00+00:00,MASSIVE_parquet,2026-05-15T08:24:34.034053+00:00
EUR_JPY_H1_SHORT_SHOCK_2p5_12_Q2,EUR_JPY,H1,SHORT_SHOCK,0.025,12,Q2,11,0.18181818181818182,-7.590909090908388,-0.04268799230512276,0.5337800111669734,0.05136768974608512,-16.85425200370504,-0.16341560172153463,-0.48081960250053735,-0.20759307311323552,-0.42500286391677355,0.22988521165428538,0,0.7556362508191932,0,0,REJECT,2025-05-02T00:00:00+00:00,2026-05-05T22:00:00+00:00,MASSIVE_parquet,2026-05-15T08:24:34.034053+00:00
EUR_JPY_H1_SHORT_SHOCK_2p5_12_Q3,EUR_JPY,H1,SHORT_SHOCK,0.025,12,Q3,23,0.43478260869565216,-8.810730299487831,-0.048200904096185535,0.42018083866031036,0.25634635325674215,-27.099521253009055,-0.5855793501941475,-1.5621930892396607,-0.20956848142661025,-0.40102528457829467,0.19913659416870094,0,0.9455725704242119,0,0,REJECT,2025-05-02T00:00:00+00:00,2026-05-05T22:00:00+00:00,MASSIVE_parquet,2026-05-15T08:24:34.034053+00:00
EUR_JPY_H1_SHORT_SHOCK_2p5_12_Q4,EUR_JPY,H1,SHORT_SHOCK,0.025,12,Q4,40,0.475,0.7227195035719092,0.0023048620509247275,1.033851193044009,0.32935470112678905,0.43123239630305626,0.008842962140388322,-3.0999714895716624,-0.21987804062631094,-0.5708109768191449,0.30096387248522094,1,0.48610141401160045,0,0,REJECT,2025-05-02T00:00:00+00:00,2026-05-05T22:00:00+00:00,MASSIVE_parquet,2026-05-15T08:24:34.034053+00:00
EUR_JPY_H1_SHORT_SHOCK_2p5_12_Q5,EUR_JPY,H1,SHORT_SHOCK,0.025,12,Q5,89,0.4606741573033708,-8.376214029228962,-0.04683031514721114,0.6448342616166408,0.360897211239025,-12.718223716775165,-0.251098049095421,-4.2144171810484785,-0.2695918189062897,-0.6337025878619706,0.22547478891816145,0,0.9367686227460712,0,0,REJECT,2025-05-02T00:00:00+00:00,2026-05-05T22:00:00+00:00,MASSIVE_parquet,2026-05-15T08:24:34.034053+00:00
EUR_JPY_H1_LONG_SHOCK_5_1_ALL,EUR_JPY,H1,LONG_SHOCK,0.05,1,ALL,323,0.544891640866873,0.36984433344216633,0.0026214992390058652,1.0527569854705219,0.49037409000377136,1.7785677463200127,0.027226004257995595,-3.124297857247127,-0.09878087992217921,-0.2553680759767796,0.08380311119285576,1,0.3406646551365271,0,0,REJECT,2025-05-02T00:00:00+00:00,2026-05-05T22:00:00+00:00,MASSIVE_parquet,2026-05-15T08:24:34.034053+00:00
EUR_JPY_H1_LONG_SHOCK_5_1_Q1,EUR_JPY,H1,LONG_SHOCK,0.05,1,Q1,22,0.5,0.9909090909089131,0.006195741088225889,1.1570605187319598,0.3072210627372502,4.378079443380813,0.07397376361401181,-0.5392177416462585,-0.09162176411949073,-0.26369535763636376,0.08140210875310562,0,0.3971570003294264,0,0,REJECT,2025-05-02T00:00:00+00:00,2026-05-05T22:00:00+00:00,MASSIVE_parquet,2026-05-15T08:24:34.034053+00:00
EUR_JPY_H1_LONG_SHOCK_5_1_Q2,EUR_JPY,H1,LONG_SHOCK,0.05,1,Q2,35,0.6,1.6041843365197954,0.009179376581754146,1.3124454745586747,0.435727090128925,8.300801418300896,0.14260289259859693,-0.31623171962475993,-0.0910749107822885,-0.24147460410562926,0.0750044196273628,0,0.2659802160394665,0,0,REJECT,2025-05-02T00:00:00+00:00,2026-05-05T22:00:00+00:00,MASSIVE_parquet,2026-05-15T08:24:34.034053+00:00
EUR_JPY_H1_LONG_SHOCK_5_1_Q3,EUR_JPY,H1,LONG_SHOCK,0.05,1,Q3,73,0.4657534246575342,-2.0712328767123296,-0.011420046906532881,0.7141236528644395,0.3559204166394807,-9.756222200168446,-0.18294722746702807,-1.3481570071174231,-0.0914914856363961,-0.20123184012129425,0.0700333046981353,0,0.8563182340789728,0,0,REJECT,2025-05-02T00:00:00+00:00,2026-05-05T22:00:00+00:00,MASSIVE_parquet,2026-05-15T08:24:34.034053+00:00
EUR_JPY_H1_LONG_SHOCK_5_1_Q4,EUR_JPY,H1,LONG_SHOCK,0.05,1,Q4,70,0.4857142857142857,-1.255916366847844,-0.006592783550507361,0.8224815120475744,0.37245878383038566,-5.016173640969892,-0.1139212647297781,-1.0716681928841565,-0.09696553649316254,-0.25799130690253413,0.07437920640917353,1,0.7044136150248467,0,0,REJECT,2025-05-02T00:00:00+00:00,2026-05-05T22:00:00+00:00,MASSIVE_parquet,2026-05-15T08:24:34.034053+00:00
EUR_JPY_H1_LONG_SHOCK_5_1_Q5,EUR_JPY,H1,LONG_SHOCK,0.05,1,Q5,122,0.6229508196721312,2.341208308221133,0.014058482569912389,1.3115822118500917,0.5344381181408694,7.8148099283574695,0.14763877430904393,-2.2717067735186003,-0.10790952846837246,-0.2729721278377506,0.10057332354479001,1,0.13461679290879253,0,0,REJECT,2025-05-02T00:00:00+00:00,2026-05-05T22:00:00+00:00,MASSIVE_parquet,2026-05-15T08:24:34.034053+00:00
EUR_JPY_H1_LONG_SHOCK_5_3_ALL,EUR_JPY,H1,LONG_SHOCK,0.05,3,ALL,323,0.5820433436532507,0.5413138653705365,0.004220744505254228,1.0465171999974285,0.5275988172144238,1.5529891792870583,0.027530740240560347,-5.866002442606165,-0.15315178273978117,-0.4093026895929963,0.13192314784526396,1,0.35995553879187586,0,0,REJECT,2025-05-02T00:00:00+00:00,2026-05-05T22:00:00+00:00,MASSIVE_parquet,2026-05-15T08:24:34.034053+00:00
EUR_JPY_H1_LONG_SHOCK_5_3_Q1,EUR_JPY,H1,LONG_SHOCK,0.05,3,Q1,22,0.5454545454545454,-0.013636363636816317,-0.00027807849417633095,0.9987239472564442,0.34659795320734943,-0.1374123996576198,-0.002519456875280879,-0.5702826495378344,-0.1426527654079135,-0.4139409132865407,0.14088540126129157,1,0.503267141970962,0,0,REJECT,2025-05-02T00:00:00+00:00,2026-05-05T22:00:00+00:00,MASSIVE_parquet,2026-05-15T08:24:34.034053+00:00
EUR_JPY_H1_LONG_SHOCK_5_3_Q2,EUR_JPY,H1,LONG_SHOCK,0.05,3,Q2,35,0.5142857142857142,0.504184336519659,0.0024778741077944944,1.0601747255410547,0.35568804595868575,1.362057318957569,0.025274931907826814,-0.9038742439945069,-0.13979031585308144,-0.3605444321039153,0.10822488841608889,1,0.4590417490883282,0,0,REJECT,2025-05-02T00:00:00+00:00,2026-05-05T22:00:00+00:00,MASSIVE_parquet,2026-05-15T08:24:34.034053+00:00
EUR_JPY_H1_LONG_SHOCK_5_3_Q3,EUR_JPY,H1,LONG_SHOCK,0.05,3,Q3,73,0.547945205479452,0.42876712328777183,0.00335298531287999,1.0420021470746208,0.43424321509808306,1.6902342780858892,0.01438586249268492,-1.9266205600031117,-0.14152065040209671,-0.35176480241133623,0.11080289162495437,1,0.42660267772113647,0,0,REJECT,2025-05-02T00:00:00+00:00,2026-05-05T22:00:00+00:00,MASSIVE_parquet,2026-05-15T08:24:34.034053+00:00
EUR_JPY_H1_LONG_SHOCK_5_3_Q4,EUR_JPY,H1,LONG_SHOCK,0.05,3,Q4,70,0.5428571428571428,-2.22591636684805,-0.01143222361384961,0.8230049201738375,0.4269825920547558,-5.349022918133539,-0.10566547477661203,-2.227287258997257,-0.14288073176933086,-0.3817095753686306,0.11848347980373326,1,0.7165749707186615,0,0,REJECT,2025-05-02T00:00:00+00:00,2026-05-05T22:00:00+00:00,MASSIVE_parquet,2026-05-15T08:24:34.034053+00:00
EUR_JPY_H1_LONG_SHOCK_5_3_Q5,EUR_JPY,H1,LONG_SHOCK,0.05,3,Q5,122,0.6475409836065574,2.191902232916884,0.014329468747032075,1.1666305791308373,0.5594468999792833,3.9714906168466757,0.09476766224504019,-4.048586924981523,-0.1724004113129171,-0.5196573588634178,0.15757849481670086,1,0.2868776607475194,0,0,REJECT,2025-05-02T00:00:00+00:00,2026-05-05T22:00:00+00:00,MASSIVE_parquet,2026-05-15T08:24:34.034053+00:00
EUR_JPY_H1_LONG_SHOCK_5_6_ALL,EUR_JPY,H1,LONG_SHOCK,0.05,6,ALL,323,0.5727554179566563,1.7882563794481945,0.011626668996107955,1.1227004817936335,0.5182641520270312,3.594741328316044,0.07201559121805723,-5.874296907012645,-0.1974829679075349,-0.5428040490016417,0.18012959329124587,1,0.203369169660504,0,0,REJECT,2025-05-02T00:00:00+00:00,2026-05-05T22:00:00+00:00,MASSIVE_parquet,2026-05-15T08:24:34.034053+00:00
EUR_JPY_H1_LONG_SHOCK_5_6_Q1,EUR_JPY,H1,LONG_SHOCK,0.05,6,Q1,22,0.5,3.0454545454544886,0.020907793493978918,1.2413544668587841,0.3072210627372502,7.239264009337556,0.11487250195637083,-0.6754631149324397,-0.18657202736473372,-0.4997338715901184,0.20466628189742442,1,0.33342298819060867,0,0,REJECT,2025-05-02T00:00:00+00:00,2026-05-05T22:00:00+00:00,MASSIVE_parquet,2026-05-15T08:24:34.034053+00:00
EUR_JPY_H1_LONG_SHOCK_5_6_Q2,EUR_JPY,H1,LONG_SHOCK,0.05,6,Q2,35,0.6571428571428571,5.014627532466989,0.028730306171904325,1.48726253091711,0.4915194951399626,11.749996885821277,0.21583835765621756,-0.6629079495119927,-0.17121962601425875,-0.4356243475028243,0.17266607752515903,0,0.1888423155929216,0,0,REJECT,2025-05-02T00:00:00+00:00,2026-05-05T22:00:00+00:00,MASSIVE_parquet,2026-05-15T08:24:34.034053+00:00
EUR_JPY_H1_LONG_SHOCK_5_6_Q3,EUR_JPY,H1,LONG_SHOCK,0.05,6,Q3,73,0.589041095890411,2.0383561643836776,0.01236943062048985,1.1635704078267668,0.4744922324418476,4.6631061464057995,0.08910182028533287,-1.5972906937462117,-0.18704903037768245,-0.4811601798705367,0.1595287450910193,0,0.3050018604043057,0,0,REJECT,2025-05-02T00:00:00+00:00,2026-05-05T22:00:00+00:00,MASSIVE_parquet,2026-05-15T08:24:34.034053+00:00
EUR_JPY_H1_LONG_SHOCK_5_6_Q4,EUR_JPY,H1,LONG_SHOCK,0.05,6,Q4,70,0.5,-2.920426176820407,-0.015536919823241346,0.7958424252159736,0.3859571764530239,-6.466004376534758,-0.12102403534937545,-2.050315569123784,-0.18763587036592932,-0.5114698761981135,0.15093736867753538,1,0.7555019454483236,0,0,REJECT,2025-05-02T00:00:00+00:00,2026-05-05T22:00:00+00:00,MASSIVE_parquet,2026-05-15T08:24:34.034053+00:00
EUR_JPY_H1_LONG_SHOCK_5_6_Q5,EUR_JPY,H1,LONG_SHOCK,0.05,6,Q5,122,0.5901639344262295,2.975612125433131,0.01888338214664698,1.1681744322824754,0.5014409020634226,4.566359509412559,0.09594547793864677,-4.606138142894588,-0.21991099943188064,-0.6501108774678638,0.20657521311173366,1,0.2589287947295378,0,0,REJECT,2025-05-02T00:00:00+00:00,2026-05-05T22:00:00+00:00,MASSIVE_parquet,2026-05-15T08:24:34.034053+00:00
EUR_JPY_H1_LONG_SHOCK_5_12_ALL,EUR_JPY,H1,LONG_SHOCK,0.05,12,ALL,323,0.5820433436532507,0.6905050758042411,0.007319430828456902,1.0329244569379168,0.5275988172144238,1.6506956600113345,0.03462777733464173,-13.445065288412316,-0.2610467718790821,-0.7312819637512202,0.2401186377988995,1,0.3515524123820627,0,0,REJECT,2025-05-02T00:00:00+00:00,2026-05-05T22:00:00+00:00,MASSIVE_parquet,2026-05-15T08:24:34.034053+00:00
EUR_JPY_H1_LONG_SHOCK_5_12_Q1,EUR_JPY,H1,LONG_SHOCK,0.05,12,Q1,22,0.5909090909090909,6.436363636363364,0.04381670246469909,1.4196799051570699,0.38734818476315125,11.115440269100032,0.20286092789094223,-1.061415889698425,-0.2049550501527704,-0.4997338715901184,0.24544620930074307,1,0.2549553729608694,0,0,REJECT,2025-05-02T00:00:00+00:00,2026-05-05T22:00:00+00:00,MASSIVE_parquet,2026-05-15T08:24:34.034053+00:00
EUR_JPY_H1_LONG_SHOCK_5_12_Q2,EUR_JPY,H1,LONG_SHOCK,0.05,12,Q2,35,0.6285714285714286,9.084184336519781,0.0541280391027927,1.6397910889576377,0.4633693684359533,15.000738053680172,0.2527789700973708,-0.9542189981166849,-0.22546167632306116,-0.5403438337421085,0.2526062697725173,0,0.1308918767925214,0,0,REJECT,2025-05-02T00:00:00+00:00,2026-05-05T22:00:00+00:00,MASSIVE_parquet,2026-05-15T08:24:34.034053+00:00
EUR_JPY_H1_LONG_SHOCK_5_12_Q3,EUR_JPY,H1,LONG_SHOCK,0.05,12,Q3,73,0.5753424657534246,0.07031090888087002,0.0029950193419896586,1.0036596765406802,0.46099380463793876,0.8256845620492215,0.0157723265849653,-3.151305935209847,-0.2298826903109225,-0.6834985229127288,0.22271083280603307,1,0.46398625291682805,0,0,REJECT,2025-05-02T00:00:00+00:00,2026-05-05T22:00:00+00:00,MASSIVE_parquet,2026-05-15T08:24:34.034053+00:00
EUR_JPY_H1_LONG_SHOCK_5_12_Q4,EUR_JPY,H1,LONG_SHOCK,0.05,12,Q4,70,0.5428571428571428,-7.7954963341807115,-0.04075368187616557,0.6664383232026454,0.4269825920547558,-9.469233037209962,-0.252456632866888,-5.217692099698845,-0.286049038032741,-0.6394940532554338,0.19957816969684414,1,0.8440544007771881,0,0,REJECT,2025-05-02T00:00:00+00:00,2026-05-05T22:00:00+00:00,MASSIVE_parquet,2026-05-15T08:24:34.034053+00:00
EUR_JPY_H1_LONG_SHOCK_5_12_Q5,EUR_JPY,H1,LONG_SHOCK,0.05,12,Q5,122,0.5901639344262295,1.6757273340240046,0.012508011329532085,1.0704645278843716,0.5014409020634226,2.420624384338109,0.051473211033504995,-6.650073968013048,-0.2872260117995979,-1.0113551976149249,0.2654564033374396,1,0.3657980196724801,0,0,REJECT,2025-05-02T00:00:00+00:00,2026-05-05T22:00:00+00:00,MASSIVE_parquet,2026-05-15T08:24:34.034053+00:00
EUR_JPY_H1_SHORT_SHOCK_5_1_ALL,EUR_JPY,H1,SHORT_SHOCK,0.05,1,ALL,320,0.484375,-1.5983834441288902,-0.009108143851552022,0.7433906704736363,0.4301298582109422,-8.629775524344007,-0.17270242927793622,-3.229038467000578,-0.07801917351333734,-0.1961654809720187,0.07621176468159026,0,0.976001727014809,0,0,REJECT,2025-05-02T00:00:00+00:00,2026-05-05T22:00:00+00:00,MASSIVE_parquet,2026-05-15T08:24:34.034053+00:00
EUR_JPY_H1_SHORT_SHOCK_5_1_Q1,EUR_JPY,H1,SHORT_SHOCK,0.05,1,Q1,27,0.4074074074074074,-5.09289383924875,-0.029166149182988408,0.34861139905394917,0.24514757074395555,-26.39642726525479,-0.7714714949784007,-0.5844683849133836,-0.08217374961929112,-0.22102991870680433,0.05472324769309745,0,0.9552327191235453,0,0,REJECT,2025-05-02T00:00:00+00:00,2026-05-05T22:00:00+00:00,MASSIVE_parquet,2026-05-15T08:24:34.034053+00:00
EUR_JPY_H1_SHORT_SHOCK_5_1_Q2,EUR_JPY,H1,SHORT_SHOCK,0.05,1,Q2,30,0.6666666666666666,-0.1866666666668948,-0.0018436931868633561,0.9626417611740717,0.4878005164454384,-1.788398776589752,-0.045666993104734876,-0.5395321998408642,-0.0658644692055732,-0.1631482074249152,0.07581289611491293,1,0.5496820539794622,0,0,REJECT,2025-05-02T00:00:00+00:00,2026-05-05T22:00:00+00:00,MASSIVE_parquet,2026-05-15T08:24:34.034053+00:00
EUR_JPY_H1_SHORT_SHOCK_5_1_Q3,EUR_JPY,H1,SHORT_SHOCK,0.05,1,Q3,48,0.4583333333333333,-2.4312500000001216,-0.013194583186717604,0.6104806408544506,0.32575242292867446,-13.225079081103626,-0.27618192857810747,-0.9395914503779745,-0.07665247276113715,-0.22554956542433002,0.06742839863551851,0,0.8776727976005778,0,0,REJECT,2025-05-02T00:00:00+00:00,2026-05-05T22:00:00+00:00,MASSIVE_parquet,2026-05-15T08:24:34.034053+00:00
EUR_JPY_H1_SHORT_SHOCK_5_1_Q4,EUR_JPY,H1,SHORT_SHOCK,0.05,1,Q4,67,0.5373134328358209,1.0733358197223761,0.006121481136917598,1.2650700328838844,0.4191645760462989,7.425066474268285,0.09933775350607987,-0.5470139626896686,-0.06318950595115759,-0.13309481765792053,0.07492965955462504,0,0.21864996944825546,0,0,REJECT,2025-05-02T00:00:00+00:00,2026-05-05T22:00:00+00:00,MASSIVE_parquet,2026-05-15T08:24:34.034053+00:00
EUR_JPY_H1_SHORT_SHOCK_5_1_Q5,EUR_JPY,H1,SHORT_SHOCK,0.05,1,Q5,145,0.4482758620689655,-1.8502625405718305,-0.010412372530573696,0.7321231280258952,0.36970462483994415,-9.159569290502214,-0.1641388891340494,-2.040301263192612,-0.08589535366569875,-0.193259727355104,0.084294244079581,0,0.9208610277847216,0,0,REJECT,2025-05-02T00:00:00+00:00,2026-05-05T22:00:00+00:00,MASSIVE_parquet,2026-05-15T08:24:34.034053+00:00
EUR_JPY_H1_SHORT_SHOCK_5_3_ALL,EUR_JPY,H1,SHORT_SHOCK,0.05,3,ALL,320,0.446875,-3.187631575639385,-0.018432126244694518,0.7269627552620731,0.3933529965484626,-9.383499012327999,-0.17229115115364757,-6.789820756996084,-0.12656711465824952,-0.33257387014271056,0.11964399713533527,1,0.9841791690267939,0,0,REJECT,2025-05-02T00:00:00+00:00,2026-05-05T22:00:00+00:00,MASSIVE_parquet,2026-05-15T08:24:34.034053+00:00
EUR_JPY_H1_SHORT_SHOCK_5_3_Q1,EUR_JPY,H1,SHORT_SHOCK,0.05,3,Q1,27,0.4444444444444444,-3.7299308762860157,-0.021330868322958045,0.6341876728669784,0.27585858177023004,-13.301687215503016,-0.26023761856312055,-0.7488660820038073,-0.1267149576308571,-0.30800707275213224,0.07936501241376627,1,0.8088584203161802,0,0,REJECT,2025-05-02T00:00:00+00:00,2026-05-05T22:00:00+00:00,MASSIVE_parquet,2026-05-15T08:24:34.034053+00:00
EUR_JPY_H1_SHORT_SHOCK_5_3_Q2,EUR_JPY,H1,SHORT_SHOCK,0.05,3,Q2,30,0.5333333333333333,-0.8333333333332386,-0.006105916036751591,0.903213317847474,0.3614229961987329,-3.7480564953358217,-0.07457171174265809,-0.9727605710084575,-0.09833854427596544,-0.2963516727613852,0.11875964011871891,1,0.6031665217407827,0,0,REJECT,2025-05-02T00:00:00+00:00,2026-05-05T22:00:00+00:00,MASSIVE_parquet,2026-05-15T08:24:34.034053+00:00
EUR_JPY_H1_SHORT_SHOCK_5_3_Q3,EUR_JPY,H1,SHORT_SHOCK,0.05,3,Q3,48,0.4166666666666667,-2.610416666666815,-0.014232900707970378,0.7583879676050812,0.2884966777841157,-8.129861179572401,-0.1283933670011545,-1.2373628263365077,-0.11469249427931727,-0.2734909986254336,0.11441285844139791,0,0.7637536357964108,0,0,REJECT,2025-05-02T00:00:00+00:00,2026-05-05T22:00:00+00:00,MASSIVE_parquet,2026-05-15T08:24:34.034053+00:00
EUR_JPY_H1_SHORT_SHOCK_5_3_Q4,EUR_JPY,H1,SHORT_SHOCK,0.05,3,Q4,67,0.5074626865671642,-0.6178492859991546,-0.003909561391619212,0.9404457686584101,0.3906377464811486,-2.127869976938106,-0.03595808759596408,-1.9294842326459505,-0.11617843445868625,-0.3117354951352036,0.12182722679560089,1,0.5882610964647115,0,0,REJECT,2025-05-02T00:00:00+00:00,2026-05-05T22:00:00+00:00,MASSIVE_parquet,2026-05-15T08:24:34.034053+00:00
EUR_JPY_H1_SHORT_SHOCK_5_3_Q5,EUR_JPY,H1,SHORT_SHOCK,0.05,3,Q5,145,0.41379310344827586,-4.547159092296095,-0.02604062516839733,0.6546182335039007,0.3368636608653136,-11.848891689287543,-0.22251103896572993,-4.234052622131512,-0.13971116040070528,-0.3565767839077272,0.12944730160922624,1,0.9656901514517189,0,0,REJECT,2025-05-02T00:00:00+00:00,2026-05-05T22:00:00+00:00,MASSIVE_parquet,2026-05-15T08:24:34.034053+00:00
EUR_JPY_H1_SHORT_SHOCK_5_6_ALL,EUR_JPY,H1,SHORT_SHOCK,0.05,6,ALL,320,0.4375,-4.225360117465202,-0.024083624369976925,0.7204685236517792,0.3842066479376594,-9.198988888400171,-0.17158054707635217,-10.929495829087317,-0.172694053558257,-0.4687338704642957,0.16854060331556103,1,0.9824390338438033,0,0,REJECT,2025-05-02T00:00:00+00:00,2026-05-05T22:00:00+00:00,MASSIVE_parquet,2026-05-15T08:24:34.034053+00:00
EUR_JPY_H1_SHORT_SHOCK_5_6_Q1,EUR_JPY,H1,SHORT_SHOCK,0.05,6,Q1,27,0.37037037037037035,-8.469576057203515,-0.04786679923848497,0.45883918328489376,0.215325129609656,-19.567400693221245,-0.4284986565192177,-1.0441004346652405,-0.17226800079907165,-0.4211565731250233,0.1183910715384587,0,0.8987398410987787,0,0,REJECT,2025-05-02T00:00:00+00:00,2026-05-05T22:00:00+00:00,MASSIVE_parquet,2026-05-15T08:24:34.034053+00:00
EUR_JPY_H1_SHORT_SHOCK_5_6_Q2,EUR_JPY,H1,SHORT_SHOCK,0.05,6,Q2,30,0.4,-7.5,-0.04361360064575622,0.5555994469681972,0.2459062811680185,-16.26678284613697,-0.3334031631085692,-1.6296268145315818,-0.1609286477358692,-0.5070647460510597,0.15495220301510107,0,0.8693491739238492,0,0,REJECT,2025-05-02T00:00:00+00:00,2026-05-05T22:00:00+00:00,MASSIVE_parquet,2026-05-15T08:24:34.034053+00:00
EUR_JPY_H1_SHORT_SHOCK_5_6_Q3,EUR_JPY,H1,SHORT_SHOCK,0.05,6,Q3,48,0.3958333333333333,-1.264858870696332,-0.0058825553499390615,0.8969215181775493,0.2702082786059137,-2.6171470619576813,-0.03728402989611351,-1.1831509705367282,-0.1545610084418623,-0.33471087220783735,0.15791297039621463,1,0.5916728556528549,0,0,REJECT,2025-05-02T00:00:00+00:00,2026-05-05T22:00:00+00:00,MASSIVE_parquet,2026-05-15T08:24:34.034053+00:00
EUR_JPY_H1_SHORT_SHOCK_5_6_Q4,EUR_JPY,H1,SHORT_SHOCK,0.05,6,Q4,67,0.5373134328358209,1.8613846755923913,0.010043543784976296,1.1466008863422847,0.4191645760462989,3.583537910598821,0.06556589610059155,-2.4183097255746633,-0.15820132712884333,-0.37078044272714994,0.18599044639932055,1,0.35362662315614596,0,0,REJECT,2025-05-02T00:00:00+00:00,2026-05-05T22:00:00+00:00,MASSIVE_parquet,2026-05-15T08:24:34.034053+00:00
EUR_JPY_H1_SHORT_SHOCK_5_6_Q5,EUR_JPY,H1,SHORT_SHOCK,0.05,6,Q5,145,0.4206896551724138,-6.7416291828664825,-0.038548307214635355,0.5983845534660243,0.343401130806072,-14.48750209097961,-0.28861957515986153,-6.754606625716519,-0.18746124791767627,-0.47720579851531664,0.1772401880248852,1,0.986795279110049,0,0,REJECT,2025-05-02T00:00:00+00:00,2026-05-05T22:00:00+00:00,MASSIVE_parquet,2026-05-15T08:24:34.034053+00:00
EUR_JPY_H1_SHORT_SHOCK_5_12_ALL,EUR_JPY,H1,SHORT_SHOCK,0.05,12,ALL,320,0.446875,-5.541735355991139,-0.030947778130299176,0.7403018743737223,0.3933529965484626,-8.114420135580376,-0.1548390814703916,-13.834920168514099,-0.23946684302392907,-0.5858577252914493,0.23251874515588522,0,0.9685551842349774,0,0,REJECT,2025-05-02T00:00:00+00:00,2026-05-05T22:00:00+00:00,MASSIVE_parquet,2026-05-15T08:24:34.034053+00:00
EUR_JPY_H1_SHORT_SHOCK_5_12_Q1,EUR_JPY,H1,SHORT_SHOCK,0.05,12,Q1,27,0.3333333333333333,-19.837338283693175,-0.11195990312253289,0.24498430552620568,0.18643261498715644,-40.53150812741205,-1.0249984374210237,-2.449015289473333,-0.25027208601236633,-0.48561963793328444,0.14302570572468312,0,0.9940978086908809,0,0,REJECT,2025-05-02T00:00:00+00:00,2026-05-05T22:00:00+00:00,MASSIVE_parquet,2026-05-15T08:24:34.034053+00:00
EUR_JPY_H1_SHORT_SHOCK_5_12_Q2,EUR_JPY,H1,SHORT_SHOCK,0.05,12,Q2,30,0.4,-3.423333333333195,-0.02200028555188564,0.8123858238947815,0.2459062811680185,-6.926324379030112,-0.10763510217661654,-1.393050486229297,-0.22557334640963542,-0.5316416309483896,0.21938247731246271,0,0.6853265914419069,0,0,REJECT,2025-05-02T00:00:00+00:00,2026-05-05T22:00:00+00:00,MASSIVE_parquet,2026-05-15T08:24:34.034053+00:00
EUR_JPY_H1_SHORT_SHOCK_5_12_Q3,EUR_JPY,H1,SHORT_SHOCK,0.05,12,Q3,48,0.3958333333333333,-8.319072126841931,-0.044504428454390094,0.627608447180441,0.2702082786059137,-10.354530473862273,-0.21743075340164325,-4.152975749993315,-0.23403606392875995,-0.4468629977963373,0.22006135288463965,0,0.8194986532402688,0,0,REJECT,2025-05-02T00:00:00+00:00,2026-05-05T22:00:00+00:00,MASSIVE_parquet,2026-05-15T08:24:34.034053+00:00
EUR_JPY_H1_SHORT_SHOCK_5_12_Q4,EUR_JPY,H1,SHORT_SHOCK,0.05,12,Q4,67,0.4626865671641791,-0.9300190515616934,-0.00591176125440701,0.9580569419120497,0.3485844371949035,-1.2212311270981444,-0.022912462299161662,-5.172888285931143,-0.22127509236584172,-0.5650341813308024,0.2761790203184293,1,0.5509426913732985,0,0,REJECT,2025-05-02T00:00:00+00:00,2026-05-05T22:00:00+00:00,MASSIVE_parquet,2026-05-15T08:24:34.034053+00:00
EUR_JPY_H1_SHORT_SHOCK_5_12_Q5,EUR_JPY,H1,SHORT_SHOCK,0.05,12,Q5,145,0.4827586206896552,-5.149106494582117,-0.028534915036236345,0.7521517600519884,0.40292414257868286,-8.374818553449142,-0.15604888247504595,-4.571820911065672,-0.2514688095300428,-0.6096400919656331,0.23606167183384627,0,0.9016029593092576,0,0,REJECT,2025-05-02T00:00:00+00:00,2026-05-05T22:00:00+00:00,MASSIVE_parquet,2026-05-15T08:24:34.034053+00:00
GBP_JPY_H1_LONG_SHOCK_1_1_ALL,GBP_JPY,H1,LONG_SHOCK,0.01,1,ALL,81,0.5802469135802469,1.2745766587235712,0.006444243383200662,1.1153785307963893,0.47153660142593207,3.2164792660170285,0.06237751429620564,-1.454052758991753,-0.12411673744905768,-0.41359390068947954,0.10745388382515629,1,0.35535101696819477,0,0,REJECT,2025-05-02T00:00:00+00:00,2026-05-05T22:00:00+00:00,MASSIVE_parquet,2026-05-15T08:24:34.034053+00:00
GBP_JPY_H1_LONG_SHOCK_1_1_Q1,GBP_JPY,H1,LONG_SHOCK,0.01,1,Q1,0,0.0,0.0,0.0,0.0,0.0,0.0,0.0,0.0,0.0,0.0,0.0,0,1.0,0,0,REJECT,2025-05-02T00:00:00+00:00,2026-05-05T22:00:00+00:00,MASSIVE_parquet,2026-05-15T08:24:34.034053+00:00
GBP_JPY_H1_LONG_SHOCK_1_1_Q2,GBP_JPY,H1,LONG_SHOCK,0.01,1,Q2,3,0.6666666666666666,-2.7999999999991587,-0.01187835042410675,0.813747228381428,0.20765960080204768,-5.297344617472176,-0.13393405438876416,-0.21301115592794462,-0.15251627109960456,-0.21188575154130196,0.07018082336081033,1,0.5415682657411062,0,0,REJECT,2025-05-02T00:00:00+00:00,2026-05-05T22:00:00+00:00,MASSIVE_parquet,2026-05-15T08:24:34.034053+00:00
GBP_JPY_H1_LONG_SHOCK_1_1_Q3,GBP_JPY,H1,LONG_SHOCK,0.01,1,Q3,11,0.6363636363636364,-4.6181818181816485,-0.023916129984723578,0.6350574712643802,0.35380117450784887,-12.406926122901943,-0.3844693770604185,-0.463373918242993,-0.1054578570879266,-0.31064612316928364,0.08295320331560854,1,0.695867022177418,0,0,REJECT,2025-05-02T00:00:00+00:00,2026-05-05T22:00:00+00:00,MASSIVE_parquet,2026-05-15T08:24:34.034053+00:00
GBP_JPY_H1_LONG_SHOCK_1_1_Q4,GBP_JPY,H1,LONG_SHOCK,0.01,1,Q4,15,0.3333333333333333,-5.887039318368655,-0.029125363744135768,0.5121238133948558,0.1517632443971473,-22.850623870671168,-0.32908262558193807,-0.48696238642335077,-0.12394300194765062,-0.26521076814822186,0.07917149079844273,0,0.8628869200673477,0,0,REJECT,2025-05-02T00:00:00+00:00,2026-05-05T22:00:00+00:00,MASSIVE_parquet,2026-05-15T08:24:34.034053+00:00
GBP_JPY_H1_LONG_SHOCK_1_1_Q5,GBP_JPY,H1,LONG_SHOCK,0.01,1,Q5,52,0.6346153846153846,4.822044214079513,0.024184166371260956,1.4735529728652175,0.49871678132017094,11.068426989515423,0.21000666873606116,-1.1861652931005828,-0.12647548967101746,-0.3794674333121023,0.1229454715635941,0,0.15479268019712905,0,0,REJECT,2025-05-02T00:00:00+00:00,2026-05-05T22:00:00+00:00,MASSIVE_parquet,2026-05-15T08:24:34.034053+00:00
GBP_JPY_H1_LONG_SHOCK_1_3_ALL,GBP_JPY,H1,LONG_SHOCK,0.01,3,ALL,81,0.6172839506172839,-2.1895498227978805,-0.00904941520082756,0.8922325252168477,0.5084124754724129,-2.150611584531864,-0.06333285200446293,-3.824516227719832,-0.20014303414013002,-0.5083403581372825,0.15982851451101512,1,0.5979561786083223,0,0,REJECT,2025-05-02T00:00:00+00:00,2026-05-05T22:00:00+00:00,MASSIVE_parquet,2026-05-15T08:24:34.034053+00:00
GBP_JPY_H1_LONG_SHOCK_1_3_Q1,GBP_JPY,H1,LONG_SHOCK,0.01,3,Q1,0,0.0,0.0,0.0,0.0,0.0,0.0,0.0,0.0,0.0,0.0,0.0,0,1.0,0,0,REJECT,2025-05-02T00:00:00+00:00,2026-05-05T22:00:00+00:00,MASSIVE_parquet,2026-05-15T08:24:34.034053+00:00
GBP_JPY_H1_LONG_SHOCK_1_3_Q2,GBP_JPY,H1,LONG_SHOCK,0.01,3,Q2,3,0.6666666666666666,4.133333333333174,0.0211143559999664,1.336956521739122,0.20765960080204768,9.593295022303058,0.17806555548427777,-0.17380954630040746,-0.15755422896338578,-0.22548823777351124,0.13014940875450964,1,0.42530752885693734,0,0,REJECT,2025-05-02T00:00:00+00:00,2026-05-05T22:00:00+00:00,MASSIVE_parquet,2026-05-15T08:24:34.034053+00:00
GBP_JPY_H1_LONG_SHOCK_1_3_Q3,GBP_JPY,H1,LONG_SHOCK,0.01,3,Q3,11,0.5454545454545454,-2.172727272727312,-0.012050438935562457,0.8671484157865462,0.28009153740932197,-4.973819748034267,-0.09342805633608164,-0.4132107071634472,-0.1550701890974908,-0.42004390929881175,0.13152238667776564,0,0.5818625295421576,0,0,REJECT,2025-05-02T00:00:00+00:00,2026-05-05T22:00:00+00:00,MASSIVE_parquet,2026-05-15T08:24:34.034053+00:00
GBP_JPY_H1_LONG_SHOCK_1_3_Q4,GBP_JPY,H1,LONG_SHOCK,0.01,3,Q4,15,0.6,6.479627348297943,0.030071795135178842,2.2491957262309636,0.35746830120624606,22.009132625298047,0.3258129402399685,-0.20216713136472775,-0.15605643480470777,-0.2970451887365011,0.11888040995879183,1,0.14577026015332126,0,0,REJECT,2025-05-02T00:00:00+00:00,2026-05-05T22:00:00+00:00,MASSIVE_parquet,2026-05-15T08:24:34.034053+00:00
GBP_JPY_H1_LONG_SHOCK_1_3_Q5,GBP_JPY,H1,LONG_SHOCK,0.01,3,Q5,52,0.6346153846153846,-5.058614343674933,-0.021439765346219754,0.8053227161996044,0.49871678132017094,-4.220047426094445,-0.1334271318494924,-3.735365251470202,-0.2248520091599492,-0.8661367921134038,0.17934055858252687,1,0.6513982820995938,0,0,REJECT,2025-05-02T00:00:00+00:00,2026-05-05T22:00:00+00:00,MASSIVE_parquet,2026-05-15T08:24:34.034053+00:00
GBP_JPY_H1_LONG_SHOCK_1_6_ALL,GBP_JPY,H1,LONG_SHOCK,0.01,6,ALL,81,0.6419753086419753,5.167035428994839,0.02681107339032013,1.2408805005747208,0.533330621472244,5.875655764169023,0.13220910697101507,-2.9024456538152332,-0.2541669746569634,-0.7082732139248149,0.2170359733722697,1,0.24924164191119436,0,0,REJECT,2025-05-02T00:00:00+00:00,2026-05-05T22:00:00+00:00,MASSIVE_parquet,2026-05-15T08:24:34.034053+00:00
GBP_JPY_H1_LONG_SHOCK_1_6_Q1,GBP_JPY,H1,LONG_SHOCK,0.01,6,Q1,0,0.0,0.0,0.0,0.0,0.0,0.0,0.0,0.0,0.0,0.0,0.0,0,1.0,0,0,REJECT,2025-05-02T00:00:00+00:00,2026-05-05T22:00:00+00:00,MASSIVE_parquet,2026-05-15T08:24:34.034053+00:00
GBP_JPY_H1_LONG_SHOCK_1_6_Q2,GBP_JPY,H1,LONG_SHOCK,0.01,6,Q2,3,0.6666666666666666,18.4000000000007,0.09219741908047159,2.176972281449953,0.20765960080204768,24.70246411425721,0.37019273115795276,-0.22151270982306848,-0.18069734790012357,-0.28797465890270324,0.2176177284809381,1,0.3187208697150944,0,0,REJECT,2025-05-02T00:00:00+00:00,2026-05-05T22:00:00+00:00,MASSIVE_parquet,2026-05-15T08:24:34.034053+00:00
GBP_JPY_H1_LONG_SHOCK_1_6_Q3,GBP_JPY,H1,LONG_SHOCK,0.01,6,Q3,11,0.6363636363636364,1.9636363636359213,0.0068284033528240055,1.103497843794894,0.35380117450784887,2.26168936277847,0.0421675851369967,-0.29556157899111035,-0.2067459298956333,-0.5110088052544481,0.16738842829983766,1,0.4625325656338318,0,0,REJECT,2025-05-02T00:00:00+00:00,2026-05-05T22:00:00+00:00,MASSIVE_parquet,2026-05-15T08:24:34.034053+00:00
GBP_JPY_H1_LONG_SHOCK_1_6_Q4,GBP_JPY,H1,LONG_SHOCK,0.01,6,Q4,15,0.7333333333333333,20.83296068163122,0.09985818026502447,7.032710622093975,0.48049565944019434,57.219938711685614,0.6283228991325222,-0.1856854287318188,-0.15947968740432028,-0.2970451887365011,0.1846368988015564,0,0.0064297657414771415,0,0,REJECT,2025-05-02T00:00:00+00:00,2026-05-05T22:00:00+00:00,MASSIVE_parquet,2026-05-15T08:24:34.034053+00:00
GBP_JPY_H1_LONG_SHOCK_1_6_Q5,GBP_JPY,H1,LONG_SHOCK,0.01,6,Q5,52,0.6153846153846154,0.5622203754637776,0.0061946066638093236,1.0204429477128287,0.47959873715819396,1.1482358877681158,0.027664628017580517,-3.0894506831487423,-0.29575062237686345,-1.0532345282794697,0.23685066277672065,1,0.457813616085586,0,0,REJECT,2025-05-02T00:00:00+00:00,2026-05-05T22:00:00+00:00,MASSIVE_parquet,2026-05-15T08:24:34.034053+00:00
GBP_JPY_H1_LONG_SHOCK_1_12_ALL,GBP_JPY,H1,LONG_SHOCK,0.01,12,ALL,81,0.6666666666666666,13.21255970690159,0.06644922319414764,1.579873263381909,0.5585283506058686,13.397090923078249,0.2520631956178161,-2.3747573135213136,-0.29647788003333775,-1.0314903224289074,0.3092799695581268,1,0.0624949354525314,0,0,REJECT,2025-05-02T00:00:00+00:00,2026-05-05T22:00:00+00:00,MASSIVE_parquet,2026-05-15T08:24:34.034053+00:00
GBP_JPY_H1_LONG_SHOCK_1_12_Q1,GBP_JPY,H1,LONG_SHOCK,0.01,12,Q1,0,0.0,0.0,0.0,0.0,0.0,0.0,0.0,0.0,0.0,0.0,0.0,0,1.0,0,0,REJECT,2025-05-02T00:00:00+00:00,2026-05-05T22:00:00+00:00,MASSIVE_parquet,2026-05-15T08:24:34.034053+00:00
GBP_JPY_H1_LONG_SHOCK_1_12_Q2,GBP_JPY,H1,LONG_SHOCK,0.01,12,Q2,3,0.6666666666666666,20.733333333333803,0.10334726785828918,2.1802656546490127,0.20765960080204768,25.64639979318818,0.36979179524278877,-0.24890660570736634,-0.18069734790012357,-0.28797465890270324,0.2527988282731375,1,0.3127498689960684,0,0,REJECT,2025-05-02T00:00:00+00:00,2026-05-05T22:00:00+00:00,MASSIVE_parquet,2026-05-15T08:24:34.034053+00:00
GBP_JPY_H1_LONG_SHOCK_1_12_Q3,GBP_JPY,H1,LONG_SHOCK,0.01,12,Q3,11,0.5454545454545454,6.181818181817985,0.028237666720352307,1.3124999999999836,0.28009153740932197,7.9474839022810535,0.12102032417371994,-0.4806952397282793,-0.23015655621542577,-0.5589149392589476,0.24131050624568137,0,0.37083307646155483,0,0,REJECT,2025-05-02T00:00:00+00:00,2026-05-05T22:00:00+00:00,MASSIVE_parquet,2026-05-15T08:24:34.034053+00:00
GBP_JPY_H1_LONG_SHOCK_1_12_Q4,GBP_JPY,H1,LONG_SHOCK,0.01,12,Q4,15,0.7333333333333333,22.819627348298088,0.1104751486233635,3.1913070506398262,0.48049565944019434,34.01251619748343,0.5081730157989919,-0.7092661819210311,-0.2131097697551517,-0.5531880104593545,0.313771781668654,0,0.05620608104123404,0,0,REJECT,2025-05-02T00:00:00+00:00,2026-05-05T22:00:00+00:00,MASSIVE_parquet,2026-05-15T08:24:34.034053+00:00
GBP_JPY_H1_LONG_SHOCK_1_12_Q5,GBP_JPY,H1,LONG_SHOCK,0.01,12,Q5,52,0.6730769230769231,11.494671654510732,0.059703917536091604,1.4211985949084351,0.5375618936197394,10.486494944875874,0.21138925032633765,-2.6755717520498212,-0.3412355302750582,-1.1528104594721156,0.32562093760877986,1,0.16773095972630023,0,0,REJECT,2025-05-02T00:00:00+00:00,2026-05-05T22:00:00+00:00,MASSIVE_parquet,2026-05-15T08:24:34.034053+00:00
GBP_JPY_H1_SHORT_SHOCK_1_1_ALL,GBP_JPY,H1,SHORT_SHOCK,0.01,1,ALL,86,0.46511627906976744,-1.027906976744137,-0.004951255280801991,0.8921951219512245,0.3634587154004887,-3.3795543030036015,-0.05564785006709,-0.7419299459271222,-0.08997866091723927,-0.21516220836473865,0.10153363948570536,0,0.6560191820569541,0,0,REJECT,2025-05-02T00:00:00+00:00,2026-05-05T22:00:00+00:00,MASSIVE_parquet,2026-05-15T08:24:34.034053+00:00
GBP_JPY_H1_SHORT_SHOCK_1_1_Q1,GBP_JPY,H1,SHORT_SHOCK,0.01,1,Q1,0,0.0,0.0,0.0,0.0,0.0,0.0,0.0,0.0,0.0,0.0,0.0,0,1.0,0,0,REJECT,2025-05-02T00:00:00+00:00,2026-05-05T22:00:00+00:00,MASSIVE_parquet,2026-05-15T08:24:34.034053+00:00
GBP_JPY_H1_SHORT_SHOCK_1_1_Q2,GBP_JPY,H1,SHORT_SHOCK,0.01,1,Q2,3,0.6666666666666666,2.3000000000005607,0.009424253514430289,1.3670212765958574,0.20765960080204768,7.589662908297927,0.15078507306323874,0.0,-0.06319719300926414,-0.11543183579284855,0.0977093814261476,0,0.4406594021887837,0,0,REJECT,2025-05-02T00:00:00+00:00,2026-05-05T22:00:00+00:00,MASSIVE_parquet,2026-05-15T08:24:34.034053+00:00
GBP_JPY_H1_SHORT_SHOCK_1_1_Q3,GBP_JPY,H1,SHORT_SHOCK,0.01,1,Q3,8,0.375,-2.262499999999079,-0.012024674571811667,0.6380000000001061,0.13684428582359737,-13.677213039307594,-0.23826163690571855,-0.2239614109823762,-0.07986192705220635,-0.1331943372080624,0.08066098272405675,1,0.6829377889259063,0,0,REJECT,2025-05-02T00:00:00+00:00,2026-05-05T22:00:00+00:00,MASSIVE_parquet,2026-05-15T08:24:34.034053+00:00
GBP_JPY_H1_SHORT_SHOCK_1_1_Q4,GBP_JPY,H1,SHORT_SHOCK,0.01,1,Q4,17,0.35294117647058826,-8.917647058823812,-0.04292528679461113,0.3382802269751146,0.1730972039724374,-32.10395848668911,-0.6763733382612673,-0.5452814621933477,-0.09827648451948769,-0.25299171454075564,0.06797377296832424,0,0.945955637967951,0,0,REJECT,2025-05-02T00:00:00+00:00,2026-05-05T22:00:00+00:00,MASSIVE_parquet,2026-05-15T08:24:34.034053+00:00
GBP_JPY_H1_SHORT_SHOCK_1_1_Q5,GBP_JPY,H1,SHORT_SHOCK,0.01,1,Q5,58,0.5,1.2827586206896548,0.006411147541217594,1.1425014365064163,0.3753827301422442,4.0924782680206455,0.06407169983602645,-0.5601001294136099,-0.09032720011389385,-0.2136473245250614,0.11444694567652161,0,0.3450441385311368,0,0,REJECT,2025-05-02T00:00:00+00:00,2026-05-05T22:00:00+00:00,MASSIVE_parquet,2026-05-15T08:24:34.034053+00:00
GBP_JPY_H1_SHORT_SHOCK_1_3_ALL,GBP_JPY,H1,SHORT_SHOCK,0.01,3,ALL,86,0.4883720930232558,-1.269767441860348,-0.006297306280363544,0.919194908983284,0.3855057710813486,-2.5015802372439677,-0.04377065981040151,-1.76236054109159,-0.15309044903553182,-0.3880651036612809,0.1539384012883994,1,0.6169000876164425,0,0,REJECT,2025-05-02T00:00:00+00:00,2026-05-05T22:00:00+00:00,MASSIVE_parquet,2026-05-15T08:24:34.034053+00:00
GBP_JPY_H1_SHORT_SHOCK_1_3_Q1,GBP_JPY,H1,SHORT_SHOCK,0.01,3,Q1,0,0.0,0.0,0.0,0.0,0.0,0.0,0.0,0.0,0.0,0.0,0.0,0,1.0,0,0,REJECT,2025-05-02T00:00:00+00:00,2026-05-05T22:00:00+00:00,MASSIVE_parquet,2026-05-15T08:24:34.034053+00:00
GBP_JPY_H1_SHORT_SHOCK_1_3_Q2,GBP_JPY,H1,SHORT_SHOCK,0.01,3,Q2,3,0.6666666666666666,-12.23333333333206,-0.06467751835251094,0.35614035087725227,0.20765960080204768,-25.27140462776588,-1.3110076497207026,0.0,-0.13016023361633508,-0.2875682446993566,0.10259374330935007,0,0.6848889719551958,0,0,REJECT,2025-05-02T00:00:00+00:00,2026-05-05T22:00:00+00:00,MASSIVE_parquet,2026-05-15T08:24:34.034053+00:00
GBP_JPY_H1_SHORT_SHOCK_1_3_Q3,GBP_JPY,H1,SHORT_SHOCK,0.01,3,Q3,8,0.375,5.7875000000002785,0.027271377498201688,1.8654205607477568,0.13684428582359737,15.358921737973864,0.17003524324754035,-0.14215968724530237,-0.11735956114329177,-0.18954485926759246,0.12420993937841962,1,0.29692276126232187,0,0,REJECT,2025-05-02T00:00:00+00:00,2026-05-05T22:00:00+00:00,MASSIVE_parquet,2026-05-15T08:24:34.034053+00:00
GBP_JPY_H1_SHORT_SHOCK_1_3_Q4,GBP_JPY,H1,SHORT_SHOCK,0.01,3,Q4,17,0.47058823529411764,-1.2411764705883102,-0.005306086673018782,0.913912688698486,0.26165106442409436,-2.5758363118922354,-0.03863457213227539,-0.5820284652326535,-0.14821564110682375,-0.33388347076620306,0.12233339717513522,1,0.5534605656813187,0,0,REJECT,2025-05-02T00:00:00+00:00,2026-05-05T22:00:00+00:00,MASSIVE_parquet,2026-05-15T08:24:34.034053+00:00
GBP_JPY_H1_SHORT_SHOCK_1_3_Q5,GBP_JPY,H1,SHORT_SHOCK,0.01,3,Q5,58,0.5,-1.6844827586205984,-0.008198333303414244,0.9018879293030783,0.3753827301422442,-2.9767387663857714,-0.05448010042443019,-2.01292405368777,-0.16063371600421367,-0.4104783307113269,0.16995817265292484,1,0.6141390427839382,0,0,REJECT,2025-05-02T00:00:00+00:00,2026-05-05T22:00:00+00:00,MASSIVE_parquet,2026-05-15T08:24:34.034053+00:00
GBP_JPY_H1_SHORT_SHOCK_1_6_ALL,GBP_JPY,H1,SHORT_SHOCK,0.01,6,ALL,86,0.45348837209302323,-8.67915013514575,-0.042315192434980615,0.6122696275952627,0.3525159468245965,-13.770125468435777,-0.30268037473786197,-3.5726867044427735,-0.19952971870130798,-0.5549370461464032,0.19628175507933002,0,0.9478607182345136,0,0,REJECT,2025-05-02T00:00:00+00:00,2026-05-05T22:00:00+00:00,MASSIVE_parquet,2026-05-15T08:24:34.034053+00:00
GBP_JPY_H1_SHORT_SHOCK_1_6_Q1,GBP_JPY,H1,SHORT_SHOCK,0.01,6,Q1,0,0.0,0.0,0.0,0.0,0.0,0.0,0.0,0.0,0.0,0.0,0.0,0,1.0,0,0,REJECT,2025-05-02T00:00:00+00:00,2026-05-05T22:00:00+00:00,MASSIVE_parquet,2026-05-15T08:24:34.034053+00:00
GBP_JPY_H1_SHORT_SHOCK_1_6_Q2,GBP_JPY,H1,SHORT_SHOCK,0.01,6,Q2,3,0.0,-40.03333333333311,-0.2037910453896674,0.0,4.8683609171202235e-17,-53.76455807056595,0.0,-0.06790879429355856,-0.23497751786269264,-0.5428395036373068,0.10259374330935007,0,0.823095267408267,0,0,REJECT,2025-05-02T00:00:00+00:00,2026-05-05T22:00:00+00:00,MASSIVE_parquet,2026-05-15T08:24:34.034053+00:00
GBP_JPY_H1_SHORT_SHOCK_1_6_Q3,GBP_JPY,H1,SHORT_SHOCK,0.01,6,Q3,8,0.5,3.6500000000007304,0.018216077830861266,1.2821256038647917,0.2152160622138776,7.013259613771146,0.11231900345138468,-0.43393003733810387,-0.1583805802789065,-0.32531096469300025,0.18394226914022205,0,0.40300050849025154,0,0,REJECT,2025-05-02T00:00:00+00:00,2026-05-05T22:00:00+00:00,MASSIVE_parquet,2026-05-15T08:24:34.034053+00:00
GBP_JPY_H1_SHORT_SHOCK_1_6_Q4,GBP_JPY,H1,SHORT_SHOCK,0.01,6,Q4,17,0.5882352941176471,0.07411781016294165,0.000614583453108791,1.0039167011898353,0.36005442642999785,0.19057103178874676,0.003862816043893713,-0.8012047891584606,-0.1888916388701119,-0.458693013052367,0.19207991456114892,1,0.49603177566560036,0,0,REJECT,2025-05-02T00:00:00+00:00,2026-05-05T22:00:00+00:00,MASSIVE_parquet,2026-05-15T08:24:34.034053+00:00
GBP_JPY_H1_SHORT_SHOCK_1_6_Q5,GBP_JPY,H1,SHORT_SHOCK,0.01,6,Q5,58,0.43103448275862066,-11.32356748957433,-0.05489499921705294,0.5240015487085814,0.3118179913254485,-17.90436623780943,-0.41569395452084945,-3.8200813499316033,-0.2064900129603665,-0.5640375132087172,0.2040612587281556,0,0.9575403868895492,0,0,REJECT,2025-05-02T00:00:00+00:00,2026-05-05T22:00:00+00:00,MASSIVE_parquet,2026-05-15T08:24:34.034053+00:00
GBP_JPY_H1_SHORT_SHOCK_1_12_ALL,GBP_JPY,H1,SHORT_SHOCK,0.01,12,ALL,86,0.5,-13.082232426265346,-0.06249828498076338,0.5733955414924908,0.3966097232742094,-15.92228905013508,-0.3611001464438126,-6.06611079555226,-0.28297626131763776,-0.7218350493177067,0.24514901189234195,0,0.9694993976579644,0,0,REJECT,2025-05-02T00:00:00+00:00,2026-05-05T22:00:00+00:00,MASSIVE_parquet,2026-05-15T08:24:34.034053+00:00
GBP_JPY_H1_SHORT_SHOCK_1_12_Q1,GBP_JPY,H1,SHORT_SHOCK,0.01,12,Q1,0,0.0,0.0,0.0,0.0,0.0,0.0,0.0,0.0,0.0,0.0,0.0,0,1.0,0,0,REJECT,2025-05-02T00:00:00+00:00,2026-05-05T22:00:00+00:00,MASSIVE_parquet,2026-05-15T08:24:34.034053+00:00
GBP_JPY_H1_SHORT_SHOCK_1_12_Q2,GBP_JPY,H1,SHORT_SHOCK,0.01,12,Q2,3,0.3333333333333333,-19.966666666666317,-0.10278767821246444,0.30990783410139056,0.061491944720396215,-28.998372567208534,-0.7647938213466803,-0.03754675292793053,-0.3110615358943673,-0.6794184419546345,0.14595714828202766,0,0.7077062811698053,0,0,REJECT,2025-05-02T00:00:00+00:00,2026-05-05T22:00:00+00:00,MASSIVE_parquet,2026-05-15T08:24:34.034053+00:00
GBP_JPY_H1_SHORT_SHOCK_1_12_Q3,GBP_JPY,H1,SHORT_SHOCK,0.01,12,Q3,8,0.5,-17.16249999999917,-0.08316549612654989,0.5440053138492409,0.2152160622138776,-20.230987150655608,-0.4142701042014426,-0.7722248446145552,-0.2861938024951008,-0.5662039083508258,0.21765922183054065,0,0.7571127225765019,0,0,REJECT,2025-05-02T00:00:00+00:00,2026-05-05T22:00:00+00:00,MASSIVE_parquet,2026-05-15T08:24:34.034053+00:00
GBP_JPY_H1_SHORT_SHOCK_1_12_Q4,GBP_JPY,H1,SHORT_SHOCK,0.01,12,Q4,17,0.47058823529411764,-11.021881685812552,-0.05204115081401754,0.6029177548949749,0.26165106442409436,-14.279445350957525,-0.2926861614095069,-1.0777428372787057,-0.26613481145259166,-0.5801115678707736,0.250332394799908,0,0.769990762485926,0,0,REJECT,2025-05-02T00:00:00+00:00,2026-05-05T22:00:00+00:00,MASSIVE_parquet,2026-05-15T08:24:34.034053+00:00
GBP_JPY_H1_SHORT_SHOCK_1_12_Q5,GBP_JPY,H1,SHORT_SHOCK,0.01,12,Q5,58,0.5172413793103449,-12.767241379310592,-0.0606287231182338,0.5834036568213737,0.39162261783409474,-14.83556436778407,-0.3578689056117139,-4.683818379211746,-0.28601606294791165,-0.7195846818026269,0.25255205330435454,0,0.9241216888246032,0,0,REJECT,2025-05-02T00:00:00+00:00,2026-05-05T22:00:00+00:00,MASSIVE_parquet,2026-05-15T08:24:34.034053+00:00
GBP_JPY_H1_LONG_SHOCK_2p5_1_ALL,GBP_JPY,H1,LONG_SHOCK,0.025,1,ALL,176,0.5227272727272727,-1.645418272942772,-0.007791377896198851,0.8574062651839439,0.449239994671401,-4.201354881290551,-0.08427623133196349,-2.866813974800808,-0.1182384341376602,-0.34110902624724937,0.09435548520231443,0,0.7627439064780406,0,0,REJECT,2025-05-02T00:00:00+00:00,2026-05-05T22:00:00+00:00,MASSIVE_parquet,2026-05-15T08:24:34.034053+00:00
GBP_JPY_H1_LONG_SHOCK_2p5_1_Q1,GBP_JPY,H1,LONG_SHOCK,0.025,1,Q1,4,0.5,7.800000000001006,0.03979836987496321,2.029702970297268,0.15003898915214947,21.09584177981475,0.25817842606495406,-0.10213334130471097,-0.07538864274616586,-0.15107678028637217,0.16139183215177488,1,0.31258231001815795,0,0,REJECT,2025-05-02T00:00:00+00:00,2026-05-05T22:00:00+00:00,MASSIVE_parquet,2026-05-15T08:24:34.034053+00:00
GBP_JPY_H1_LONG_SHOCK_2p5_1_Q2,GBP_JPY,H1,LONG_SHOCK,0.025,1,Q2,21,0.5714285714285714,0.6095238095237424,0.0032444437297810915,1.0633349826818324,0.3654655436930671,2.0294200181536484,0.03734988064282885,-0.47164590472649204,-0.09759109116353973,-0.21301115592794462,0.08807418423978206,1,0.45300260399441855,0,0,REJECT,2025-05-02T00:00:00+00:00,2026-05-05T22:00:00+00:00,MASSIVE_parquet,2026-05-15T08:24:34.034053+00:00
GBP_JPY_H1_LONG_SHOCK_2p5_1_Q3,GBP_JPY,H1,LONG_SHOCK,0.025,1,Q3,31,0.4838709677419355,-8.670967741935629,-0.042852280355737585,0.4114298226406706,0.31970251562417307,-24.26738645934482,-0.6942028507703706,-1.6818250291474102,-0.12330980606233957,-0.3676686667653528,0.07028911074381992,0,0.9537120538991174,0,0,REJECT,2025-05-02T00:00:00+00:00,2026-05-05T22:00:00+00:00,MASSIVE_parquet,2026-05-15T08:24:34.034053+00:00
GBP_JPY_H1_LONG_SHOCK_2p5_1_Q4,GBP_JPY,H1,LONG_SHOCK,0.025,1,Q4,37,0.40540540540540543,-4.033511220812498,-0.019396896292967824,0.6221774299492052,0.2634651819201429,-15.219876805529246,-0.2393602690206787,-1.0446675309395248,-0.11471074665212647,-0.25292188808032634,0.07850376165978604,0,0.8791670109181746,0,0,REJECT,2025-05-02T00:00:00+00:00,2026-05-05T22:00:00+00:00,MASSIVE_parquet,2026-05-15T08:24:34.034053+00:00
GBP_JPY_H1_LONG_SHOCK_2p5_1_Q5,GBP_JPY,H1,LONG_SHOCK,0.025,1,Q5,82,0.573170731707317,0.8566621845382545,0.004560407624180546,1.0741933873385472,0.46521208028574046,2.1171440292009156,0.04339088961734461,-1.2834363649329328,-0.1266191822107437,-0.3356388153948303,0.10830817378708288,1,0.4029518594158548,0,0,REJECT,2025-05-02T00:00:00+00:00,2026-05-05T22:00:00+00:00,MASSIVE_parquet,2026-05-15T08:24:34.034053+00:00
GBP_JPY_H1_LONG_SHOCK_2p5_3_ALL,GBP_JPY,H1,LONG_SHOCK,0.025,3,ALL,176,0.5965909090909091,0.10907510531205392,0.001556118665055844,1.0063739899414799,0.5227988190955873,0.448371846693159,0.011044547092982082,-3.9394473737134006,-0.18086228412859787,-0.5239969966075841,0.14945117521968998,1,0.46955943424251295,0,0,REJECT,2025-05-02T00:00:00+00:00,2026-05-05T22:00:00+00:00,MASSIVE_parquet,2026-05-15T08:24:34.034053+00:00
GBP_JPY_H1_LONG_SHOCK_2p5_3_Q1,GBP_JPY,H1,LONG_SHOCK,0.025,3,Q1,4,0.75,14.274999999999949,0.07007772856119365,5.325757575757397,0.3006418425824019,48.809509551225815,0.6118853594902088,-0.06327172329166908,-0.12009783414722863,-0.21417208657570852,0.2047528369628404,1,0.14913361132968248,0,0,REJECT,2025-05-02T00:00:00+00:00,2026-05-05T22:00:00+00:00,MASSIVE_parquet,2026-05-15T08:24:34.034053+00:00
GBP_JPY_H1_LONG_SHOCK_2p5_3_Q2,GBP_JPY,H1,LONG_SHOCK,0.025,3,Q2,21,0.6666666666666666,5.271428571428704,0.02590603798187784,1.3554913294797803,0.45373451974255247,9.85206166088969,0.17722283044975662,-0.5872585333677405,-0.1542210502184584,-0.5409616987282262,0.14781674459983954,0,0.28401800062534993,0,0,REJECT,2025-05-02T00:00:00+00:00,2026-05-05T22:00:00+00:00,MASSIVE_parquet,2026-05-15T08:24:34.034053+00:00
GBP_JPY_H1_LONG_SHOCK_2p5_3_Q3,GBP_JPY,H1,LONG_SHOCK,0.025,3,Q3,31,0.5161290322580645,-6.441935483871105,-0.03201065518272981,0.6174329501915647,0.348403954480288,-14.905195655362025,-0.32193937647346216,-0.8621975010310812,-0.1816011372539405,-0.513341227018993,0.11605145768465809,0,0.852784541957748,0,0,REJECT,2025-05-02T00:00:00+00:00,2026-05-05T22:00:00+00:00,MASSIVE_parquet,2026-05-15T08:24:34.034053+00:00
GBP_JPY_H1_LONG_SHOCK_2p5_3_Q4,GBP_JPY,H1,LONG_SHOCK,0.025,3,Q4,37,0.5945945945945946,1.9214705466069788,0.00958285629767318,1.2069672585849789,0.4348596473022937,5.259033283688327,0.10398529404466683,-0.6958732182323013,-0.15528105388334276,-0.3734360546138693,0.11309793662556884,0,0.3416309492462167,0,0,REJECT,2025-05-02T00:00:00+00:00,2026-05-05T22:00:00+00:00,MASSIVE_parquet,2026-05-15T08:24:34.034053+00:00
GBP_JPY_H1_LONG_SHOCK_2p5_3_Q5,GBP_JPY,H1,LONG_SHOCK,0.025,3,Q5,82,0.6097560975609756,-0.09020965475042153,0.0018604923549439478,0.995911120618244,0.5015357010815032,0.406897582290433,0.010588357969538942,-3.667465854193619,-0.20200869096899324,-0.715693660550501,0.17623727655967647,1,0.4811638835196478,0,0,REJECT,2025-05-02T00:00:00+00:00,2026-05-05T22:00:00+00:00,MASSIVE_parquet,2026-05-15T08:24:34.034053+00:00
GBP_JPY_H1_LONG_SHOCK_2p5_6_ALL,GBP_JPY,H1,LONG_SHOCK,0.025,6,ALL,176,0.5625,1.1202950201005086,0.006196737002112916,1.0522066614662202,0.4886501119972675,1.5206904006479958,0.03160963333866573,-4.150460441904402,-0.23147167497077506,-0.6535804731987616,0.20128411999694604,1,0.3978108695231911,0,0,REJECT,2025-05-02T00:00:00+00:00,2026-05-05T22:00:00+00:00,MASSIVE_parquet,2026-05-15T08:24:34.034053+00:00
GBP_JPY_H1_LONG_SHOCK_2p5_6_Q1,GBP_JPY,H1,LONG_SHOCK,0.025,6,Q1,4,0.75,12.375000000000824,0.061256390503222624,2.117381489842102,0.3006418425824019,24.26751106141581,0.4017960354964264,-0.21234373801670703,-0.14442389442792525,-0.2780062843622211,0.26410473348403296,1,0.28840210934075833,0,0,REJECT,2025-05-02T00:00:00+00:00,2026-05-05T22:00:00+00:00,MASSIVE_parquet,2026-05-15T08:24:34.034053+00:00
GBP_JPY_H1_LONG_SHOCK_2p5_6_Q2,GBP_JPY,H1,LONG_SHOCK,0.025,6,Q2,21,0.5238095238095238,9.361904761904936,0.04587464112724942,1.6802768166090056,0.32369534582844434,15.553792790055327,0.2145865406681799,-0.814474363329698,-0.16908555245612797,-0.5409616987282262,0.18801317456787667,0,0.18515809629635513,0,0,REJECT,2025-05-02T00:00:00+00:00,2026-05-05T22:00:00+00:00,MASSIVE_parquet,2026-05-15T08:24:34.034053+00:00
GBP_JPY_H1_LONG_SHOCK_2p5_6_Q3,GBP_JPY,H1,LONG_SHOCK,0.025,6,Q3,31,0.4838709677419355,-7.2774193548387105,-0.03634817307516247,0.6715200931857916,0.31970251562417307,-12.834183998049788,-0.24083143328384493,-1.2532687401450082,-0.23299968488879053,-0.5362351757020989,0.15097976565363602,0,0.817247643880154,0,0,REJECT,2025-05-02T00:00:00+00:00,2026-05-05T22:00:00+00:00,MASSIVE_parquet,2026-05-15T08:24:34.034053+00:00
GBP_JPY_H1_LONG_SHOCK_2p5_6_Q4,GBP_JPY,H1,LONG_SHOCK,0.025,6,Q4,37,0.5675675675675675,7.556605681742059,0.036610884611577965,1.5554120187216032,0.40914181090168084,12.37911424917197,0.20014009928158233,-0.9433011411404735,-0.19307798703315618,-0.4606392369733592,0.1829984811011775,0,0.16969156797214632,0,0,REJECT,2025-05-02T00:00:00+00:00,2026-05-05T22:00:00+00:00,MASSIVE_parquet,2026-05-15T08:24:34.034053+00:00
GBP_JPY_H1_LONG_SHOCK_2p5_6_Q5,GBP_JPY,H1,LONG_SHOCK,0.025,6,Q5,82,0.5853658536585366,-1.4453961791070022,-0.0051996406096629175,0.9473995035117564,0.4772569583441246,-1.013444652925157,-0.02396888390199836,-3.415817388968756,-0.2691544531261383,-1.0773947570023168,0.22955395915416038,1,0.5468221531823293,0,0,REJECT,2025-05-02T00:00:00+00:00,2026-05-05T22:00:00+00:00,MASSIVE_parquet,2026-05-15T08:24:34.034053+00:00
GBP_JPY_H1_LONG_SHOCK_2p5_12_ALL,GBP_JPY,H1,LONG_SHOCK,0.025,12,ALL,176,0.6193181818181818,8.801803046926278,0.04458111169418854,1.381029911055527,0.5457592599883244,9.262834729351047,0.17669343711151997,-5.506580509599134,-0.27830573482699367,-0.8500253744894132,0.28346240930599,1,0.057940787039605,0,0,REJECT,2025-05-02T00:00:00+00:00,2026-05-05T22:00:00+00:00,MASSIVE_parquet,2026-05-15T08:24:34.034053+00:00
GBP_JPY_H1_LONG_SHOCK_2p5_12_Q1,GBP_JPY,H1,LONG_SHOCK,0.025,12,Q1,4,0.75,-12.125000000000341,-0.057478385892636985,0.6119999999999891,0.3006418425824019,-11.920088674009666,-0.46698692728310465,-0.5991640463225756,-0.24081408191451437,-0.5640232335147549,0.2799442320340073,1,0.6103852751762306,0,0,REJECT,2025-05-02T00:00:00+00:00,2026-05-05T22:00:00+00:00,MASSIVE_parquet,2026-05-15T08:24:34.034053+00:00
GBP_JPY_H1_LONG_SHOCK_2p5_12_Q2,GBP_JPY,H1,LONG_SHOCK,0.025,12,Q2,21,0.6190476190476191,16.314285714285926,0.08061548581785713,1.852450858422503,0.4087865377511576,19.7904808869139,0.2897607009045182,-0.8849398023730637,-0.19670121581358732,-0.5409616987282262,0.2895351330342445,0,0.1286331098007952,0,0,REJECT,2025-05-02T00:00:00+00:00,2026-05-05T22:00:00+00:00,MASSIVE_parquet,2026-05-15T08:24:34.034053+00:00
GBP_JPY_H1_LONG_SHOCK_2p5_12_Q3,GBP_JPY,H1,LONG_SHOCK,0.025,12,Q3,31,0.45161290322580644,5.70645161290306,0.028465285130359567,1.3180510607694957,0.29161735980520015,8.41228764168396,0.11013385147045046,-0.9599683388221258,-0.2669779086083027,-0.5818088879420535,0.22831376764386216,0,0.2757609010916402,0,0,REJECT,2025-05-02T00:00:00+00:00,2026-05-05T22:00:00+00:00,MASSIVE_parquet,2026-05-15T08:24:34.034053+00:00
GBP_JPY_H1_LONG_SHOCK_2p5_12_Q4,GBP_JPY,H1,LONG_SHOCK,0.025,12,Q4,37,0.5675675675675675,9.79174081687742,0.0489799611521072,1.5258221640008671,0.40914181090168084,12.492856086852461,0.19854433667432186,-1.4684162628114228,-0.25340294409493896,-0.6713274275117342,0.26929987874194977,0,0.1675104428918026,0,0,REJECT,2025-05-02T00:00:00+00:00,2026-05-05T22:00:00+00:00,MASSIVE_parquet,2026-05-15T08:24:34.034053+00:00
GBP_JPY_H1_LONG_SHOCK_2p5_12_Q5,GBP_JPY,H1,LONG_SHOCK,0.025,12,Q5,82,0.6951219512195121,7.761255195543462,0.03996782452131448,1.2774898304053046,0.5886142087835207,6.897310417657878,0.15925404687406652,-3.716873418690292,-0.317836849560902,-1.2114110878372064,0.3066232115092837,1,0.21212769904785894,0,0,REJECT,2025-05-02T00:00:00+00:00,2026-05-05T22:00:00+00:00,MASSIVE_parquet,2026-05-15T08:24:34.034053+00:00
GBP_JPY_H1_SHORT_SHOCK_2p5_1_ALL,GBP_JPY,H1,SHORT_SHOCK,0.025,1,ALL,170,0.48823529411764705,-0.8664705882351849,-0.004228878761206132,0.90445611986769,0.414189275118421,-3.0750481580964575,-0.051661828668044085,-1.4913279964884119,-0.08796456341238751,-0.22511900149803532,0.0938481027049971,1,0.696578626133048,0,0,REJECT,2025-05-02T00:00:00+00:00,2026-05-05T22:00:00+00:00,MASSIVE_parquet,2026-05-15T08:24:34.034053+00:00
GBP_JPY_H1_SHORT_SHOCK_2p5_1_Q1,GBP_JPY,H1,SHORT_SHOCK,0.025,1,Q1,5,0.4,-4.239999999999213,-0.021045318860071216,0.42391304347831543,0.11762077423264786,-27.661763966806152,-0.569682197300825,-0.0998906603674743,-0.07760677958873696,-0.12763915869970166,0.0904183825013316,0,0.7645311483457782,0,0,REJECT,2025-05-02T00:00:00+00:00,2026-05-05T22:00:00+00:00,MASSIVE_parquet,2026-05-15T08:24:34.034053+00:00
GBP_JPY_H1_SHORT_SHOCK_2p5_1_Q2,GBP_JPY,H1,SHORT_SHOCK,0.025,1,Q2,17,0.5294117647058824,-0.6058823529408929,-0.003934571802602861,0.9190887666928873,0.3096323506000443,-3.551216160712385,-0.06175476481131048,-0.48773973818344585,-0.0769671492614114,-0.19647831066796684,0.08685828865945855,1,0.5734863625665811,0,0,REJECT,2025-05-02T00:00:00+00:00,2026-05-05T22:00:00+00:00,MASSIVE_parquet,2026-05-15T08:24:34.034053+00:00
GBP_JPY_H1_SHORT_SHOCK_2p5_1_Q3,GBP_JPY,H1,SHORT_SHOCK,0.025,1,Q3,21,0.5238095238095238,0.20476190476247644,0.0011795168705155295,1.0296551724138774,0.32369534582844434,0.9452909213027684,0.017680582675138945,-0.47132785232999463,-0.07781723295127058,-0.22874335407823132,0.09006933241754325,0,0.47806603551432253,0,0,REJECT,2025-05-02T00:00:00+00:00,2026-05-05T22:00:00+00:00,MASSIVE_parquet,2026-05-15T08:24:34.034053+00:00
GBP_JPY_H1_SHORT_SHOCK_2p5_1_Q4,GBP_JPY,H1,SHORT_SHOCK,0.025,1,Q4,41,0.5365853658536586,-2.019512195122236,-0.009400735600353047,0.779435269046324,0.3874647126766948,-7.448865103073314,-0.1436676898799495,-0.5778021982229431,-0.08687948791722709,-0.2509941058687515,0.08133731930376069,1,0.7284265292720484,0,0,REJECT,2025-05-02T00:00:00+00:00,2026-05-05T22:00:00+00:00,MASSIVE_parquet,2026-05-15T08:24:34.034053+00:00
GBP_JPY_H1_SHORT_SHOCK_2p5_1_Q5,GBP_JPY,H1,SHORT_SHOCK,0.025,1,Q5,85,0.4588235294117647,-0.3776470588234267,-0.0018739457527769561,0.962323943661982,0.35697131819019406,-1.2080240347257547,-0.01839309386809168,-1.0587054242226612,-0.09407955278975957,-0.2169155079841989,0.10260188578459907,1,0.5567670956754864,0,0,REJECT,2025-05-02T00:00:00+00:00,2026-05-05T22:00:00+00:00,MASSIVE_parquet,2026-05-15T08:24:34.034053+00:00
GBP_JPY_H1_SHORT_SHOCK_2p5_3_ALL,GBP_JPY,H1,SHORT_SHOCK,0.025,3,ALL,170,0.4823529411764706,-2.2174451447380044,-0.010913596819082171,0.8555742406017162,0.40846206851341693,-4.59642073425762,-0.0818472549412807,-2.7308752544320303,-0.1494852598296608,-0.3902626530190134,0.1463346173936269,0,0.7789948976100215,0,0,REJECT,2025-05-02T00:00:00+00:00,2026-05-05T22:00:00+00:00,MASSIVE_parquet,2026-05-15T08:24:34.034053+00:00
GBP_JPY_H1_SHORT_SHOCK_2p5_3_Q1,GBP_JPY,H1,SHORT_SHOCK,0.025,3,Q1,5,0.2,-0.16000000000019554,0.0003226212795270911,0.9644444444444001,0.03622410863243013,0.39670349063268,0.002978374236297876,-0.10670816350701884,-0.14208409734822514,-0.19525165340630313,0.12761723198143393,1,0.49572275005649497,0,0,REJECT,2025-05-02T00:00:00+00:00,2026-05-05T22:00:00+00:00,MASSIVE_parquet,2026-05-15T08:24:34.034053+00:00
GBP_JPY_H1_SHORT_SHOCK_2p5_3_Q2,GBP_JPY,H1,SHORT_SHOCK,0.025,3,Q2,17,0.47058823529411764,-8.358823529411552,-0.04316922261028422,0.44943820224720266,0.26165106442409436,-24.700592548124426,-0.6144310467506934,-0.8577926942745284,-0.12162275134286471,-0.3138983964539621,0.10981064586619294,1,0.895581089960186,0,0,REJECT,2025-05-02T00:00:00+00:00,2026-05-05T22:00:00+00:00,MASSIVE_parquet,2026-05-15T08:24:34.034053+00:00
GBP_JPY_H1_SHORT_SHOCK_2p5_3_Q3,GBP_JPY,H1,SHORT_SHOCK,0.025,3,Q3,21,0.5714285714285714,7.209523809523857,0.03485120734057463,1.8439241917502924,0.3654655436930671,15.295664644011397,0.25599679801713165,-0.4876444563201132,-0.12480127998256337,-0.3138290896145923,0.1675506920155448,0,0.18907596363106904,0,0,REJECT,2025-05-02T00:00:00+00:00,2026-05-05T22:00:00+00:00,MASSIVE_parquet,2026-05-15T08:24:34.034053+00:00
GBP_JPY_H1_SHORT_SHOCK_2p5_3_Q4,GBP_JPY,H1,SHORT_SHOCK,0.025,3,Q4,41,0.4878048780487805,-0.13087011232863827,0.00014785930529785562,0.9903076687039847,0.34254429554432664,0.07047855675521465,0.0010919455849985327,-0.8119925894099045,-0.14246273142644986,-0.37348141707918003,0.13601573361263017,1,0.4976994241910695,0,0,REJECT,2025-05-02T00:00:00+00:00,2026-05-05T22:00:00+00:00,MASSIVE_parquet,2026-05-15T08:24:34.034053+00:00
GBP_JPY_H1_SHORT_SHOCK_2p5_3_Q5,GBP_JPY,H1,SHORT_SHOCK,0.025,3,Q5,85,0.4823529411764706,-4.169411764705795,-0.02033444446087871,0.774382480264838,0.37920743679068153,-7.567366028788696,-0.14078885611195896,-2.7260610051905942,-0.16408820748661782,-0.43119490899840685,0.15527952859554495,0,0.8138893230919723,0,0,REJECT,2025-05-02T00:00:00+00:00,2026-05-05T22:00:00+00:00,MASSIVE_parquet,2026-05-15T08:24:34.034053+00:00
GBP_JPY_H1_SHORT_SHOCK_2p5_6_ALL,GBP_JPY,H1,SHORT_SHOCK,0.025,6,ALL,170,0.4470588235294118,-8.13445773328741,-0.039221577065991595,0.6158159395413774,0.37431113208645833,-13.733423149593992,-0.28144415524128635,-6.957238892434102,-0.19626603311841026,-0.5445551422070533,0.18393115852168632,0,0.9887365100013462,0,0,REJECT,2025-05-02T00:00:00+00:00,2026-05-05T22:00:00+00:00,MASSIVE_parquet,2026-05-15T08:24:34.034053+00:00
GBP_JPY_H1_SHORT_SHOCK_2p5_6_Q1,GBP_JPY,H1,SHORT_SHOCK,0.025,6,Q1,5,0.2,-33.899999999999864,-0.15994225414800223,0.09888357256778683,0.03622410863243013,-55.163992810768356,-1.7229134399650445,-0.8925437081904075,-0.24273717733367617,-0.486477561151728,0.13662067691126545,1,0.9060509109655788,0,0,REJECT,2025-05-02T00:00:00+00:00,2026-05-05T22:00:00+00:00,MASSIVE_parquet,2026-05-15T08:24:34.034053+00:00
GBP_JPY_H1_SHORT_SHOCK_2p5_6_Q2,GBP_JPY,H1,SHORT_SHOCK,0.025,6,Q2,17,0.5882352941176471,6.105882352940906,0.029532802365845094,1.649155722326418,0.36005442642999785,12.051295819705823,0.22544693078817285,-0.13757153802945732,-0.16656837035467922,-0.3893187084009053,0.17742909451341754,0,0.2659551440437804,0,0,REJECT,2025-05-02T00:00:00+00:00,2026-05-05T22:00:00+00:00,MASSIVE_parquet,2026-05-15T08:24:34.034053+00:00
GBP_JPY_H1_SHORT_SHOCK_2p5_6_Q3,GBP_JPY,H1,SHORT_SHOCK,0.025,6,Q3,21,0.5238095238095238,3.3714285714291052,0.017754053368705735,1.1918699186992205,0.32369534582844434,5.81907914031257,0.08975068999717156,-0.7876941465659981,-0.1704298814663861,-0.3614085911713749,0.21290192806472957,1,0.36762853892428543,0,0,REJECT,2025-05-02T00:00:00+00:00,2026-05-05T22:00:00+00:00,MASSIVE_parquet,2026-05-15T08:24:34.034053+00:00
GBP_JPY_H1_SHORT_SHOCK_2p5_6_Q4,GBP_JPY,H1,SHORT_SHOCK,0.025,6,Q4,41,0.4146341463414634,-7.03756090798121,-0.033835761403399084,0.6429844132303516,0.2775654945425213,-12.295435100026529,-0.2235509603354781,-1.825852565129571,-0.18135844348215727,-0.4505003880148739,0.18045926995112355,0,0.8412718322789342,0,0,REJECT,2025-05-02T00:00:00+00:00,2026-05-05T22:00:00+00:00,MASSIVE_parquet,2026-05-15T08:24:34.034053+00:00
GBP_JPY_H1_SHORT_SHOCK_2p5_6_Q5,GBP_JPY,H1,SHORT_SHOCK,0.025,6,Q5,85,0.43529411764705883,-12.73197432272515,-0.061962692683823074,0.4739024725650401,0.33495777427196094,-21.236197420910376,-0.5032986225864351,-5.627618820220738,-0.21263286982643684,-0.5900589274731294,0.1837774132215097,0,0.9931420585417382,0,0,REJECT,2025-05-02T00:00:00+00:00,2026-05-05T22:00:00+00:00,MASSIVE_parquet,2026-05-15T08:24:34.034053+00:00
GBP_JPY_H1_SHORT_SHOCK_2p5_12_ALL,GBP_JPY,H1,SHORT_SHOCK,0.025,12,ALL,170,0.48823529411764705,-10.086779479791833,-0.048263209395894374,0.6538966702048193,0.414189275118421,-12.437838969643447,-0.2509619350061362,-8.842716648924046,-0.2734710682752364,-0.7048029463388517,0.24042120312093834,0,0.9807264697951329,0,0,REJECT,2025-05-02T00:00:00+00:00,2026-05-05T22:00:00+00:00,MASSIVE_parquet,2026-05-15T08:24:34.034053+00:00
GBP_JPY_H1_SHORT_SHOCK_2p5_12_Q1,GBP_JPY,H1,SHORT_SHOCK,0.025,12,Q1,5,0.4,-18.700000000000045,-0.08757277690779386,0.36567164179105094,0.11762077423264786,-25.111546352127707,-0.6757817459249421,-0.6970386179077526,-0.28911371170371014,-0.6137709046983053,0.2237243317798443,1,0.7448838506402058,0,0,REJECT,2025-05-02T00:00:00+00:00,2026-05-05T22:00:00+00:00,MASSIVE_parquet,2026-05-15T08:24:34.034053+00:00
GBP_JPY_H1_SHORT_SHOCK_2p5_12_Q2,GBP_JPY,H1,SHORT_SHOCK,0.025,12,Q2,17,0.47058823529411764,0.10588235294134767,-0.0014410856570912887,1.0041133455210305,0.26165106442409436,-0.3310054630531408,-0.005324285833706366,-1.1066042864890324,-0.2552052766249395,-0.7541593332046981,0.27119878354956634,1,0.5068922124962252,0,0,REJECT,2025-05-02T00:00:00+00:00,2026-05-05T22:00:00+00:00,MASSIVE_parquet,2026-05-15T08:24:34.034053+00:00
GBP_JPY_H1_SHORT_SHOCK_2p5_12_Q3,GBP_JPY,H1,SHORT_SHOCK,0.025,12,Q3,21,0.5238095238095238,-5.976190476190048,-0.02856167610729181,0.7753311851056366,0.32369534582844434,-8.004148414937417,-0.1461235312166288,-0.8734541490761916,-0.24744658624036459,-0.5862362809416766,0.24762839577322346,0,0.6788589756960212,0,0,REJECT,2025-05-02T00:00:00+00:00,2026-05-05T22:00:00+00:00,MASSIVE_parquet,2026-05-15T08:24:34.034053+00:00
GBP_JPY_H1_SHORT_SHOCK_2p5_12_Q4,GBP_JPY,H1,SHORT_SHOCK,0.025,12,Q4,41,0.43902439024390244,-14.801755820946651,-0.07070203429462595,0.5276790263812312,0.2989013173655037,-17.708375472778847,-0.37636126079123006,-3.7315072847616704,-0.27515149915269754,-0.7257599679222015,0.24354342763572412,0,0.9236793480145988,0,0,REJECT,2025-05-02T00:00:00+00:00,2026-05-05T22:00:00+00:00,MASSIVE_parquet,2026-05-15T08:24:34.034053+00:00
GBP_JPY_H1_SHORT_SHOCK_2p5_12_Q5,GBP_JPY,H1,SHORT_SHOCK,0.025,12,Q5,85,0.5058823529411764,-10.619770857715427,-0.05065670394875057,0.6426415347544352,0.4016643580854897,-12.945813946649137,-0.27420036901251765,-5.14887665111432,-0.2823185147143209,-0.6939079368902301,0.2336280350050916,0,0.9356962770476073,0,0,REJECT,2025-05-02T00:00:00+00:00,2026-05-05T22:00:00+00:00,MASSIVE_parquet,2026-05-15T08:24:34.034053+00:00
GBP_JPY_H1_LONG_SHOCK_5_1_ALL,GBP_JPY,H1,LONG_SHOCK,0.05,1,ALL,308,0.525974025974026,-0.8741866743547676,-0.004209164930829063,0.9130727605217304,0.4702334108637924,-2.490764123755069,-0.05335192701654501,-2.533537346567283,-0.1089771247754385,-0.32445146498032645,0.08830101247961279,0,0.7127659038630432,0,0,REJECT,2025-05-02T00:00:00+00:00,2026-05-05T22:00:00+00:00,MASSIVE_parquet,2026-05-15T08:24:34.034053+00:00
GBP_JPY_H1_LONG_SHOCK_5_1_Q1,GBP_JPY,H1,LONG_SHOCK,0.05,1,Q1,17,0.7058823529411765,6.648708718535926,0.03238046898509307,2.5197671367026873,0.46866889933460154,28.28944242693377,0.4238917849177105,-0.14331445456785552,-0.07379743227101077,-0.17646117073540024,0.10263438014843379,0,0.07656524054901265,0,0,REJECT,2025-05-02T00:00:00+00:00,2026-05-05T22:00:00+00:00,MASSIVE_parquet,2026-05-15T08:24:34.034053+00:00
GBP_JPY_H1_LONG_SHOCK_5_1_Q2,GBP_JPY,H1,LONG_SHOCK,0.05,1,Q2,43,0.5581395348837209,-0.2661311143328455,-0.001359060988288065,0.9676915925569956,0.411076144528241,-1.003325042300615,-0.05166377414849854,-0.7377526860812167,-0.0915399614774317,-0.21193099121303516,0.07734049042403385,1,0.533509281219746,0,0,REJECT,2025-05-02T00:00:00+00:00,2026-05-05T22:00:00+00:00,MASSIVE_parquet,2026-05-15T08:24:34.034053+00:00
GBP_JPY_H1_LONG_SHOCK_5_1_Q3,GBP_JPY,H1,LONG_SHOCK,0.05,1,Q3,59,0.4406779661016949,-6.814242202748163,-0.03383171298223105,0.43073158572743514,0.321502117676121,-21.171917233301784,-0.589126380599726,-2.6391905703286422,-0.11722023041547558,-0.3550478583900696,0.06497930138077782,0,0.9795463143173996,0,0,REJECT,2025-05-02T00:00:00+00:00,2026-05-05T22:00:00+00:00,MASSIVE_parquet,2026-05-15T08:24:34.034053+00:00
GBP_JPY_H1_LONG_SHOCK_5_1_Q4,GBP_JPY,H1,LONG_SHOCK,0.05,1,Q4,72,0.4444444444444444,-1.8158321551397134,-0.009047399299127394,0.8244866221371195,0.33539070561321394,-5.86011704912591,-0.09652902128998808,-1.4032328804782668,-0.11112390755455004,-0.26731987640103705,0.08275913065490526,1,0.7376869339439509,0,0,REJECT,2025-05-02T00:00:00+00:00,2026-05-05T22:00:00+00:00,MASSIVE_parquet,2026-05-15T08:24:34.034053+00:00
GBP_JPY_H1_LONG_SHOCK_5_1_Q5,GBP_JPY,H1,LONG_SHOCK,0.05,1,Q5,115,0.5739130434782609,1.2360547750620299,0.006577906613972279,1.1167334311670636,0.48258470038933,3.328186780535803,0.06548723785177868,-1.59564843159814,-0.11625344300395744,-0.3154991609971025,0.10529117638309363,1,0.32357750953564773,0,0,REJECT,2025-05-02T00:00:00+00:00,2026-05-05T22:00:00+00:00,MASSIVE_parquet,2026-05-15T08:24:34.034053+00:00
GBP_JPY_H1_LONG_SHOCK_5_3_ALL,GBP_JPY,H1,LONG_SHOCK,0.05,3,ALL,308,0.5681818181818182,-0.0794112374299276,-0.0001771936114522457,0.9947793429293001,0.5123592234690416,-0.058929867516176355,-0.0013647526940522292,-3.5967692083058056,-0.16674022175988448,-0.44787528161789825,0.14021339138299324,0,0.5053008863809036,0,0,REJECT,2025-05-02T00:00:00+00:00,2026-05-05T22:00:00+00:00,MASSIVE_parquet,2026-05-15T08:24:34.034053+00:00
GBP_JPY_H1_LONG_SHOCK_5_3_Q1,GBP_JPY,H1,LONG_SHOCK,0.05,3,Q1,17,0.6470588235294118,4.1428263655944875,0.018607663534262072,1.3105677208348587,0.4130036348521869,6.623775816224397,0.1426948013896816,-0.9125679850705559,-0.1356675584071076,-0.43096603706926473,0.15520047711041893,0,0.3650191338517705,0,0,REJECT,2025-05-02T00:00:00+00:00,2026-05-05T22:00:00+00:00,MASSIVE_parquet,2026-05-15T08:24:34.034053+00:00
GBP_JPY_H1_LONG_SHOCK_5_3_Q2,GBP_JPY,H1,LONG_SHOCK,0.05,3,Q2,43,0.6046511627906976,0.1641014438067608,0.0009470438163525929,1.0109707121947928,0.45579063062873904,0.3739175045515594,0.007759680620984644,-1.8862868885815676,-0.14819571754025518,-0.5202932346121214,0.13260119330959846,1,0.4874986850241173,0,0,REJECT,2025-05-02T00:00:00+00:00,2026-05-05T22:00:00+00:00,MASSIVE_parquet,2026-05-15T08:24:34.034053+00:00
GBP_JPY_H1_LONG_SHOCK_5_3_Q3,GBP_JPY,H1,LONG_SHOCK,0.05,3,Q3,59,0.5932203389830508,-1.7294964400362989,-0.009316664600661401,0.8742261925771708,0.46593401255337386,-4.299291017298421,-0.09379347749823552,-1.511533048113789,-0.16376734426082246,-0.5093405319136246,0.11616855330028969,1,0.6636634748583987,0,0,REJECT,2025-05-02T00:00:00+00:00,2026-05-05T22:00:00+00:00,MASSIVE_parquet,2026-05-15T08:24:34.034053+00:00
GBP_JPY_H1_LONG_SHOCK_5_3_Q4,GBP_JPY,H1,LONG_SHOCK,0.05,3,Q4,72,0.5138888888888888,2.1235334753397144,0.009512180032057727,1.2010959965052985,0.4006975460519281,4.720740444828704,0.079584238365977,-1.0878810176325637,-0.1585230367576464,-0.4221075178624345,0.12742847005838243,1,0.30405027582760463,0,0,REJECT,2025-05-02T00:00:00+00:00,2026-05-05T22:00:00+00:00,MASSIVE_parquet,2026-05-15T08:24:34.034053+00:00
GBP_JPY_H1_LONG_SHOCK_5_3_Q5,GBP_JPY,H1,LONG_SHOCK,0.05,3,Q5,115,0.5652173913043478,-1.4121494929524596,-0.00518826363876785,0.9272022630045129,0.47395763733247154,-1.3009927873107303,-0.03339130108254884,-4.051835353572287,-0.18564794610586635,-0.469986143317237,0.16109103717218906,1,0.5710282160052709,0,0,REJECT,2025-05-02T00:00:00+00:00,2026-05-05T22:00:00+00:00,MASSIVE_parquet,2026-05-15T08:24:34.034053+00:00
GBP_JPY_H1_LONG_SHOCK_5_6_ALL,GBP_JPY,H1,LONG_SHOCK,0.05,6,ALL,308,0.5681818181818182,0.5857647163539402,0.0027847860989113735,1.0294596871439938,0.5123592234690416,0.7592613453583844,0.015859061265396934,-4.26974665756873,-0.22124152172653513,-0.6280522654202508,0.1922273048832592,0,0.43203434507669036,0,0,REJECT,2025-05-02T00:00:00+00:00,2026-05-05T22:00:00+00:00,MASSIVE_parquet,2026-05-15T08:24:34.034053+00:00
GBP_JPY_H1_LONG_SHOCK_5_6_Q1,GBP_JPY,H1,LONG_SHOCK,0.05,6,Q1,17,0.7647058823529411,4.331061659712365,0.01967223697979003,1.2479893843553733,0.5273820188043501,6.243728268620165,0.1426462134109444,-1.0122789808523325,-0.1809566741283108,-0.5779159956732904,0.21252771681148233,1,0.3724601363587483,0,0,REJECT,2025-05-02T00:00:00+00:00,2026-05-05T22:00:00+00:00,MASSIVE_parquet,2026-05-15T08:24:34.034053+00:00
GBP_JPY_H1_LONG_SHOCK_5_6_Q2,GBP_JPY,H1,LONG_SHOCK,0.05,6,Q2,43,0.5813953488372093,5.9664270252021865,0.0290890879196821,1.4080743790101735,0.4332857738696422,10.059308862481391,0.16815719121700995,-1.5874283117696009,-0.17940948541916496,-0.534305588364844,0.17642408264660103,0,0.20056838771706148,0,0,REJECT,2025-05-02T00:00:00+00:00,2026-05-05T22:00:00+00:00,MASSIVE_parquet,2026-05-15T08:24:34.034053+00:00
GBP_JPY_H1_LONG_SHOCK_5_6_Q3,GBP_JPY,H1,LONG_SHOCK,0.05,6,Q3,59,0.4915254237288136,-5.938943488327655,-0.029685918405351966,0.72321527367674,0.3684383690774015,-9.858140773343962,-0.1929186151223935,-2.8486328576109554,-0.2233072627497708,-0.596341112493004,0.16874100373082143,1,0.8328699216252493,0,0,REJECT,2025-05-02T00:00:00+00:00,2026-05-05T22:00:00+00:00,MASSIVE_parquet,2026-05-15T08:24:34.034053+00:00
GBP_JPY_H1_LONG_SHOCK_5_6_Q4,GBP_JPY,H1,LONG_SHOCK,0.05,6,Q4,72,0.5555555555555556,8.350834511526786,0.03937242021662987,1.6033511034272558,0.440873908658052,13.219139072182703,0.20292824375367557,-1.218436018932889,-0.1993476915167164,-0.49370390898459016,0.19364085551683685,1,0.07680365279333431,0,0,REJECT,2025-05-02T00:00:00+00:00,2026-05-05T22:00:00+00:00,MASSIVE_parquet,2026-05-15T08:24:34.034053+00:00
GBP_JPY_H1_LONG_SHOCK_5_6_Q5,GBP_JPY,H1,LONG_SHOCK,0.05,6,Q5,115,0.5739130434782609,-3.829837362438174,-0.01754031229570142,0.8499923009868439,0.48258470038933,-3.8063891629218705,-0.09502876468489319,-4.749928890014255,-0.2571441467160735,-0.9737991942438007,0.20672762750356224,1,0.6996554700687221,0,0,REJECT,2025-05-02T00:00:00+00:00,2026-05-05T22:00:00+00:00,MASSIVE_parquet,2026-05-15T08:24:34.034053+00:00
GBP_JPY_H1_LONG_SHOCK_5_12_ALL,GBP_JPY,H1,LONG_SHOCK,0.05,12,ALL,308,0.564935064935065,4.946315519778013,0.024619416698439103,1.2086582489050983,0.5091046669752721,5.4259860240674955,0.0993425809111333,-6.018295086318859,-0.2816515024520649,-0.8193244967456674,0.268614220754718,0,0.11085687781511624,0,0,REJECT,2025-05-02T00:00:00+00:00,2026-05-05T22:00:00+00:00,MASSIVE_parquet,2026-05-15T08:24:34.034053+00:00
GBP_JPY_H1_LONG_SHOCK_5_12_Q1,GBP_JPY,H1,LONG_SHOCK,0.05,12,Q1,17,0.5882352941176471,-3.2748206932290165,-0.016735214727079003,0.839700685905865,0.36005442642999785,-5.188388954219909,-0.11889626787670571,-0.809094089628204,-0.24625193737033754,-0.7019780266888009,0.24099605365761742,1,0.60661043532423,0,0,REJECT,2025-05-02T00:00:00+00:00,2026-05-05T22:00:00+00:00,MASSIVE_parquet,2026-05-15T08:24:34.034053+00:00
GBP_JPY_H1_LONG_SHOCK_5_12_Q2,GBP_JPY,H1,LONG_SHOCK,0.05,12,Q2,43,0.5348837209302325,10.78968283915557,0.052074351533953,1.5499719797103915,0.3891564047231397,13.289734660054693,0.18859868950358333,-1.0664670013219912,-0.2193489344084223,-0.6499242881726353,0.26193696045142745,0,0.1344157802033907,0,0,REJECT,2025-05-02T00:00:00+00:00,2026-05-05T22:00:00+00:00,MASSIVE_parquet,2026-05-15T08:24:34.034053+00:00
GBP_JPY_H1_LONG_SHOCK_5_12_Q3,GBP_JPY,H1,LONG_SHOCK,0.05,12,Q3,59,0.4576271186440678,-3.236276101053265,-0.014457134129285192,0.8711030198422385,0.33701305851855917,-3.74415908558469,-0.061546897570937786,-2.6187991820531,-0.29672886224187295,-0.6678460236175188,0.24237857835522336,1,0.6435631748634387,0,0,REJECT,2025-05-02T00:00:00+00:00,2026-05-05T22:00:00+00:00,MASSIVE_parquet,2026-05-15T08:24:34.034053+00:00
GBP_JPY_H1_LONG_SHOCK_5_12_Q4,GBP_JPY,H1,LONG_SHOCK,0.05,12,Q4,72,0.5555555555555556,12.424974079450182,0.0599535490300567,1.7192427346156716,0.440873908658052,15.83431848964952,0.22972227900194747,-2.059821999702305,-0.2504115445119703,-0.6017601483111051,0.2715201883605168,0,0.04419793031479502,0,0,REJECT,2025-05-02T00:00:00+00:00,2026-05-05T22:00:00+00:00,MASSIVE_parquet,2026-05-15T08:24:34.034053+00:00
GBP_JPY_H1_LONG_SHOCK_5_12_Q5,GBP_JPY,H1,LONG_SHOCK,0.05,12,Q5,115,0.6260869565217392,2.0280254437788066,0.010786797462639422,1.068894873577503,0.5349263866662735,1.9415739535790992,0.04398354423659878,-5.136031743573022,-0.32471272494318965,-1.1352302709625883,0.2818542229278303,1,0.3946954940790136,0,0,REJECT,2025-05-02T00:00:00+00:00,2026-05-05T22:00:00+00:00,MASSIVE_parquet,2026-05-15T08:24:34.034053+00:00
GBP_JPY_H1_SHORT_SHOCK_5_1_ALL,GBP_JPY,H1,SHORT_SHOCK,0.05,1,ALL,314,0.5,-0.25159235668782315,-0.0011966030532797294,0.968973372083899,0.4450316345777575,-0.9031496401554707,-0.018846808178662355,-1.8298610012115413,-0.08205761555549687,-0.21628432784817686,0.0886507870856485,1,0.5814545931122899,0,0,REJECT,2025-05-02T00:00:00+00:00,2026-05-05T22:00:00+00:00,MASSIVE_parquet,2026-05-15T08:24:34.034053+00:00
GBP_JPY_H1_SHORT_SHOCK_5_1_Q1,GBP_JPY,H1,SHORT_SHOCK,0.05,1,Q1,27,0.48148148148148145,-0.7592592592590951,-0.003417996195722419,0.8762824381412382,0.30743226976218463,-3.4123679449374724,-0.061222984812086934,-0.36144418874403117,-0.07517011257424305,-0.13306211886841113,0.08236799104631996,1,0.5892844836415375,0,0,REJECT,2025-05-02T00:00:00+00:00,2026-05-05T22:00:00+00:00,MASSIVE_parquet,2026-05-15T08:24:34.034053+00:00
GBP_JPY_H1_SHORT_SHOCK_5_1_Q2,GBP_JPY,H1,SHORT_SHOCK,0.05,1,Q2,52,0.5576923076923077,2.5730769230769113,0.012825645625486475,1.3100092678405895,0.4233976178720288,7.976264269866802,0.13221543755949428,-0.6017938187004135,-0.07913840806383954,-0.2128423860206785,0.0998221494719304,0,0.23146764021215824,0,0,REJECT,2025-05-02T00:00:00+00:00,2026-05-05T22:00:00+00:00,MASSIVE_parquet,2026-05-15T08:24:34.034053+00:00
GBP_JPY_H1_SHORT_SHOCK_5_1_Q3,GBP_JPY,H1,SHORT_SHOCK,0.05,1,Q3,47,0.46808510638297873,-1.7808510638295827,-0.008887200914069991,0.7624183934147285,0.3333168707656074,-7.766041666044022,-0.14861714389776415,-0.9942666957027058,-0.07926454015089557,-0.24479632049652866,0.08159667444969193,1,0.7514871951099131,0,0,REJECT,2025-05-02T00:00:00+00:00,2026-05-05T22:00:00+00:00,MASSIVE_parquet,2026-05-15T08:24:34.034053+00:00
GBP_JPY_H1_SHORT_SHOCK_5_1_Q4,GBP_JPY,H1,SHORT_SHOCK,0.05,1,Q4,57,0.5087719298245614,-1.877192982456278,-0.008856143967110134,0.7630646589902406,0.3825989849761273,-7.868497822338572,-0.17659093215630328,-0.6971722447337458,-0.08018893800426602,-0.19718489989609453,0.07365919897965477,1,0.7759264041068906,0,0,REJECT,2025-05-02T00:00:00+00:00,2026-05-05T22:00:00+00:00,MASSIVE_parquet,2026-05-15T08:24:34.034053+00:00
GBP_JPY_H1_SHORT_SHOCK_5_1_Q5,GBP_JPY,H1,SHORT_SHOCK,0.05,1,Q5,129,0.4883720930232558,-0.0736434108525801,-0.000531792785442459,0.9916652044218435,0.4037047671152625,-0.3755291359233748,-0.006116855505713725,-1.5687081471199238,-0.08709558549089849,-0.21078808088768053,0.09475044953052834,1,0.5218260461860862,0,0,REJECT,2025-05-02T00:00:00+00:00,2026-05-05T22:00:00+00:00,MASSIVE_parquet,2026-05-15T08:24:34.034053+00:00
GBP_JPY_H1_SHORT_SHOCK_5_3_ALL,GBP_JPY,H1,SHORT_SHOCK,0.05,3,ALL,314,0.4745222929936306,-2.7603973735772827,-0.013518364248607051,0.8066508788277081,0.41993239750721173,-6.2499083657690155,-0.1134852066586185,-4.841238936428649,-0.13700758472645305,-0.34331261142205693,0.13814741233581887,0,0.9222894083149276,0,0,REJECT,2025-05-02T00:00:00+00:00,2026-05-05T22:00:00+00:00,MASSIVE_parquet,2026-05-15T08:24:34.034053+00:00
GBP_JPY_H1_SHORT_SHOCK_5_3_Q1,GBP_JPY,H1,SHORT_SHOCK,0.05,3,Q1,27,0.4444444444444444,-0.014814814814464491,-0.0004420688960654823,0.9985805535841358,0.27585858177023004,-0.24584874900528073,-0.00381977366433206,-0.6690731702015063,-0.11791071356992998,-0.26579554241231707,0.1329994269172652,1,0.5064902122090432,0,0,REJECT,2025-05-02T00:00:00+00:00,2026-05-05T22:00:00+00:00,MASSIVE_parquet,2026-05-15T08:24:34.034053+00:00
GBP_JPY_H1_SHORT_SHOCK_5_3_Q2,GBP_JPY,H1,SHORT_SHOCK,0.05,3,Q2,52,0.5192307692307693,-0.8423076923078882,-0.003983478395324134,0.9296837373575058,0.3868568276805605,-2.011414759361783,-0.037198367673749066,-1.1949926462849425,-0.11319054478997338,-0.2973041602355714,0.12691653244122572,0,0.573606827145686,0,0,REJECT,2025-05-02T00:00:00+00:00,2026-05-05T22:00:00+00:00,MASSIVE_parquet,2026-05-15T08:24:34.034053+00:00
GBP_JPY_H1_SHORT_SHOCK_5_3_Q3,GBP_JPY,H1,SHORT_SHOCK,0.05,3,Q3,47,0.40425531914893614,-4.219148936170343,-0.020795012510087932,0.7039856695029035,0.27640034519208756,-9.494679708632367,-0.1700365541154661,-1.3513334945263633,-0.14424962314437778,-0.3376907919876937,0.13466215400546327,0,0.7965388486869378,0,0,REJECT,2025-05-02T00:00:00+00:00,2026-05-05T22:00:00+00:00,MASSIVE_parquet,2026-05-15T08:24:34.034053+00:00
GBP_JPY_H1_SHORT_SHOCK_5_3_Q4,GBP_JPY,H1,SHORT_SHOCK,0.05,3,Q4,57,0.49122807017543857,-0.4555223737418445,-0.0015417239024372446,0.963619482551093,0.36616282418407425,-0.7971914767747998,-0.012775001098814687,-0.9630394544682286,-0.13100214605612853,-0.33388347076620306,0.1358695287906576,1,0.5307060856555492,0,0,REJECT,2025-05-02T00:00:00+00:00,2026-05-05T22:00:00+00:00,MASSIVE_parquet,2026-05-15T08:24:34.034053+00:00
GBP_JPY_H1_SHORT_SHOCK_5_3_Q5,GBP_JPY,H1,SHORT_SHOCK,0.05,3,Q5,129,0.4806201550387597,-4.530232558139354,-0.022393388646077473,0.7305546590437652,0.39621670979661344,-9.301432648618354,-0.180190621642852,-4.120993834087649,-0.15075509326450887,-0.37936992321942364,0.14656900083651442,0,0.9116424659490674,0,0,REJECT,2025-05-02T00:00:00+00:00,2026-05-05T22:00:00+00:00,MASSIVE_parquet,2026-05-15T08:24:34.034053+00:00
GBP_JPY_H1_SHORT_SHOCK_5_6_ALL,GBP_JPY,H1,SHORT_SHOCK,0.05,6,ALL,314,0.46178343949044587,-5.257223961627113,-0.025331042393516745,0.7200795883672796,0.407435814810227,-9.163397455674719,-0.17964483737326542,-9.067509735597868,-0.18158495872589167,-0.49346263690962955,0.18063460308132334,0,0.9811937414450864,0,0,REJECT,2025-05-02T00:00:00+00:00,2026-05-05T22:00:00+00:00,MASSIVE_parquet,2026-05-15T08:24:34.034053+00:00
GBP_JPY_H1_SHORT_SHOCK_5_6_Q1,GBP_JPY,H1,SHORT_SHOCK,0.05,6,Q1,27,0.5185185185185185,-9.370370370369953,-0.04596173340907269,0.5511797055171345,0.3398561575495229,-15.032312760273154,-0.41789101701235265,-1.6196583607594572,-0.1885802020235912,-0.5984131539087212,0.17529280943996048,0,0.8377760284383965,0,0,REJECT,2025-05-02T00:00:00+00:00,2026-05-05T22:00:00+00:00,MASSIVE_parquet,2026-05-15T08:24:34.034053+00:00
GBP_JPY_H1_SHORT_SHOCK_5_6_Q2,GBP_JPY,H1,SHORT_SHOCK,0.05,6,Q2,52,0.5961538461538461,7.467105590537124,0.03768585287279665,1.727801015997173,0.46067575484861517,14.856140660640193,0.25332440076323853,-0.6540295505985116,-0.14416369152260256,-0.3471624301655224,0.18720158505136816,1,0.08718159923085717,0,0,REJECT,2025-05-02T00:00:00+00:00,2026-05-05T22:00:00+00:00,MASSIVE_parquet,2026-05-15T08:24:34.034053+00:00
GBP_JPY_H1_SHORT_SHOCK_5_6_Q3,GBP_JPY,H1,SHORT_SHOCK,0.05,6,Q3,47,0.44680851063829785,-5.39148936170205,-0.025720230856336644,0.7461939102564135,0.31410966265495277,-8.624417679180317,-0.14705128695181924,-1.8634050259664359,-0.18854007407692774,-0.4475856527124966,0.1724155349599461,0,0.7745162973059443,0,0,REJECT,2025-05-02T00:00:00+00:00,2026-05-05T22:00:00+00:00,MASSIVE_parquet,2026-05-15T08:24:34.034053+00:00
GBP_JPY_H1_SHORT_SHOCK_5_6_Q4,GBP_JPY,H1,SHORT_SHOCK,0.05,6,Q4,57,0.38596491228070173,-5.519999951354848,-0.0262019503550829,0.7035334050435993,0.2706272388614066,-9.738423624354999,-0.15698314176458394,-2.4026554516098364,-0.17448362529311098,-0.4417525358535923,0.18722470691079857,0,0.825744457108153,0,0,REJECT,2025-05-02T00:00:00+00:00,2026-05-05T22:00:00+00:00,MASSIVE_parquet,2026-05-15T08:24:34.034053+00:00
GBP_JPY_H1_SHORT_SHOCK_5_6_Q5,GBP_JPY,H1,SHORT_SHOCK,0.05,6,Q5,129,0.43410852713178294,-9.601688507221949,-0.04710655052446997,0.5451553810807548,0.35170805392191284,-17.279889185893637,-0.37773830302866507,-6.459805885973392,-0.19658726919869401,-0.5405037907169863,0.1795051411567702,0,0.9935810841227772,0,0,REJECT,2025-05-02T00:00:00+00:00,2026-05-05T22:00:00+00:00,MASSIVE_parquet,2026-05-15T08:24:34.034053+00:00
GBP_JPY_H1_SHORT_SHOCK_5_12_ALL,GBP_JPY,H1,SHORT_SHOCK,0.05,12,ALL,314,0.46496815286624205,-8.542516596620798,-0.041186764727510254,0.6994311564828188,0.4105566343707975,-10.244479045594655,-0.1957409437946186,-14.262044873186376,-0.2635917108045194,-0.6776913405906321,0.24212820135876092,0,0.989892700692424,0,0,REJECT,2025-05-02T00:00:00+00:00,2026-05-05T22:00:00+00:00,MASSIVE_parquet,2026-05-15T08:24:34.034053+00:00
GBP_JPY_H1_SHORT_SHOCK_5_12_Q1,GBP_JPY,H1,SHORT_SHOCK,0.05,12,Q1,27,0.5925925925925926,3.0703703703706093,0.014683911358630234,1.1494232155731912,0.40726700968064683,4.048553600404028,0.07481072734029826,-1.3982157941729856,-0.22290762456500154,-0.673259101786301,0.25073839995195113,1,0.3944536360253679,0,0,REJECT,2025-05-02T00:00:00+00:00,2026-05-05T22:00:00+00:00,MASSIVE_parquet,2026-05-15T08:24:34.034053+00:00
GBP_JPY_H1_SHORT_SHOCK_5_12_Q2,GBP_JPY,H1,SHORT_SHOCK,0.05,12,Q2,52,0.5,6.3039749592703105,0.03164073843194303,1.3269262217579112,0.36885862959780547,8.40834362378841,0.1242657444940849,-2.0073543901257707,-0.1962542153110715,-0.5121782590051965,0.27087587881961184,1,0.21959663578395588,0,0,REJECT,2025-05-02T00:00:00+00:00,2026-05-05T22:00:00+00:00,MASSIVE_parquet,2026-05-15T08:24:34.034053+00:00
GBP_JPY_H1_SHORT_SHOCK_5_12_Q3,GBP_JPY,H1,SHORT_SHOCK,0.05,12,Q3,47,0.40425531914893614,-15.53295589643709,-0.07561692433358069,0.5628187752963986,0.27640034519208756,-16.179882216012103,-0.3092338883043579,-4.6713213887522915,-0.30071336667274323,-0.6403572794071632,0.22790371173730287,0,0.9197366748365197,0,0,REJECT,2025-05-02T00:00:00+00:00,2026-05-05T22:00:00+00:00,MASSIVE_parquet,2026-05-15T08:24:34.034053+00:00
GBP_JPY_H1_SHORT_SHOCK_5_12_Q4,GBP_JPY,H1,SHORT_SHOCK,0.05,12,Q4,57,0.40350877192982454,-16.730485320425863,-0.0809214853640907,0.5262303471669394,0.286175155495956,-17.393641905239456,-0.3570478859755563,-5.461285758469403,-0.2941700259131013,-0.764754529734597,0.2547699389299795,0,0.9515693053634697,0,0,REJECT,2025-05-02T00:00:00+00:00,2026-05-05T22:00:00+00:00,MASSIVE_parquet,2026-05-15T08:24:34.034053+00:00
GBP_JPY_H1_SHORT_SHOCK_5_12_Q5,GBP_JPY,H1,SHORT_SHOCK,0.05,12,Q5,129,0.46511627906976744,-11.412948207939342,-0.05529435890807842,0.6003588212070967,0.38130031118129837,-15.293543738966575,-0.3078743316051888,-7.688925498658985,-0.2742640360182899,-0.671246684090756,0.22833074056645833,0,0.9863757424289896,0,0,REJECT,2025-05-02T00:00:00+00:00,2026-05-05T22:00:00+00:00,MASSIVE_parquet,2026-05-15T08:24:34.034053+00:00
EUR_GBP_H1_LONG_SHOCK_1_1_ALL,EUR_GBP,H1,LONG_SHOCK,0.01,1,ALL,83,0.5903614457831325,2.00204819277111,0.023095605054202474,2.1118768819003417,0.48285768523824363,18.0451295811941,0.2931352897695877,-0.42311124404896816,-0.09298297453908821,-0.27076560484866175,0.09326802827824725,0,0.01877927365631728,0,0,REJECT,2025-04-08T00:00:00+00:00,2026-05-11T07:00:00+00:00,MASSIVE_parquet,2026-05-15T08:24:34.034053+00:00
EUR_GBP_H1_LONG_SHOCK_1_1_Q1,EUR_GBP,H1,LONG_SHOCK,0.01,1,Q1,1,1.0,0.49999999999994493,0.005728689275885657,inf,0.20654931437723742,0.0,1.0,0.0,-0.09165902841430373,-0.09165902841430373,0.0687442713107167,0,1.0,0,0,REJECT,2025-04-08T00:00:00+00:00,2026-05-11T07:00:00+00:00,MASSIVE_parquet,2026-05-15T08:24:34.034053+00:00
EUR_GBP_H1_LONG_SHOCK_1_1_Q2,EUR_GBP,H1,LONG_SHOCK,0.01,1,Q2,4,0.5,4.574999999999996,0.05322556779073784,3.8593750000001146,0.15003898915214947,27.325969094829734,0.3724071423570089,-0.0729438458253906,-0.07178874412061276,-0.10036689334776638,0.12439553539634884,0,0.26641797137288614,0,0,REJECT,2025-04-08T00:00:00+00:00,2026-05-11T07:00:00+00:00,MASSIVE_parquet,2026-05-15T08:24:34.034053+00:00
EUR_GBP_H1_LONG_SHOCK_1_1_Q3,EUR_GBP,H1,LONG_SHOCK,0.01,1,Q3,17,0.4117647058823529,-1.300000000000027,-0.015261289233975732,0.6266891891891838,0.21611056790214814,-11.739635711581103,-0.4147488693453345,-0.21351209263836823,-0.11715347033434653,-0.22075446358363893,0.07376959825828866,1,0.7287776370988182,0,0,REJECT,2025-04-08T00:00:00+00:00,2026-05-11T07:00:00+00:00,MASSIVE_parquet,2026-05-15T08:24:34.034053+00:00
EUR_GBP_H1_LONG_SHOCK_1_1_Q4,EUR_GBP,H1,LONG_SHOCK,0.01,1,Q4,17,0.6470588235294118,0.447058823529467,0.0052247647071098045,1.3568075117371579,0.4130036348521869,7.950702868659883,0.17156793166385897,-0.1400353239416119,-0.09637798949092949,-0.1998622042848086,0.06327713056873244,0,0.3394899171969738,0,0,REJECT,2025-04-08T00:00:00+00:00,2026-05-11T07:00:00+00:00,MASSIVE_parquet,2026-05-15T08:24:34.034053+00:00
EUR_GBP_H1_LONG_SHOCK_1_1_Q5,EUR_GBP,H1,LONG_SHOCK,0.01,1,Q5,43,0.627906976744186,3.2667441860465702,0.03762972731812175,3.245723421263106,0.47859809159688466,28.497504088973148,0.4346258991468741,-0.2963724025513148,-0.08333289800346853,-0.27578857292653414,0.10507178667383227,0,0.010380766204958576,0,0,REJECT,2025-04-08T00:00:00+00:00,2026-05-11T07:00:00+00:00,MASSIVE_parquet,2026-05-15T08:24:34.034053+00:00
EUR_GBP_H1_LONG_SHOCK_1_3_ALL,EUR_GBP,H1,LONG_SHOCK,0.01,3,ALL,83,0.5903614457831325,3.196024096385525,0.036940058305176916,1.9804841988541875,0.48285768523824363,20.287500727191233,0.29276810463288544,-0.7519839585093946,-0.12113784973332513,-0.28049864122785984,0.1371956282583923,0,0.009900737687851803,0,0,REJECT,2025-04-08T00:00:00+00:00,2026-05-11T07:00:00+00:00,MASSIVE_parquet,2026-05-15T08:24:34.034053+00:00
EUR_GBP_H1_LONG_SHOCK_1_3_Q1,EUR_GBP,H1,LONG_SHOCK,0.01,3,Q1,1,1.0,7.599999999999829,0.08707607699358633,inf,0.20654931437723742,0.0,1.0,0.0,-0.09165902841430373,-0.09165902841430373,0.11457378551786856,0,1.0,0,0,REJECT,2025-04-08T00:00:00+00:00,2026-05-11T07:00:00+00:00,MASSIVE_parquet,2026-05-15T08:24:34.034053+00:00
EUR_GBP_H1_LONG_SHOCK_1_3_Q2,EUR_GBP,H1,LONG_SHOCK,0.01,3,Q2,4,1.0,12.900000000000135,0.14834319355456205,inf,0.5101091635454027,104.48482909279122,1.0,0.0,-0.07178874412061276,-0.10036689334776638,0.17688496264868792,0,0.03730004738423765,0,0,REJECT,2025-04-08T00:00:00+00:00,2026-05-11T07:00:00+00:00,MASSIVE_parquet,2026-05-15T08:24:34.034053+00:00
EUR_GBP_H1_LONG_SHOCK_1_3_Q3,EUR_GBP,H1,LONG_SHOCK,0.01,3,Q3,17,0.47058823529411764,-0.7647058823529873,-0.008705881626257975,0.8568281938325901,0.26165106442409436,-4.591326429222269,-0.0771944985149231,-0.23094216520240796,-0.14897448513657316,-0.2923272586661718,0.10663597348791122,1,0.594613361093377,0,0,REJECT,2025-04-08T00:00:00+00:00,2026-05-11T07:00:00+00:00,MASSIVE_parquet,2026-05-15T08:24:34.034053+00:00
EUR_GBP_H1_LONG_SHOCK_1_3_Q4,EUR_GBP,H1,LONG_SHOCK,0.01,3,Q4,17,0.5882352941176471,-0.3705882352941289,-0.004138840521910179,0.9015624999999947,0.36005442642999785,-2.951552176348359,-0.062010322073395074,-0.4666674648798219,-0.1477326836852526,-0.2762595720618122,0.10232818643261761,1,0.5611953684661812,0,0,REJECT,2025-04-08T00:00:00+00:00,2026-05-11T07:00:00+00:00,MASSIVE_parquet,2026-05-15T08:24:34.034053+00:00
EUR_GBP_H1_LONG_SHOCK_1_3_Q5,EUR_GBP,H1,LONG_SHOCK,0.01,3,Q5,43,0.5813953488372093,4.773720930232549,0.05507738898754891,2.7733909287256986,0.4332857738696422,29.26732784022579,0.3724613378220026,-0.43616390473244504,-0.10479493493789457,-0.28049864122785984,0.1519374521364445,0,0.008875637414506697,0,0,REJECT,2025-04-08T00:00:00+00:00,2026-05-11T07:00:00+00:00,MASSIVE_parquet,2026-05-15T08:24:34.034053+00:00
EUR_GBP_H1_LONG_SHOCK_1_6_ALL,EUR_GBP,H1,LONG_SHOCK,0.01,6,ALL,83,0.5421686746987951,0.9189156626506356,0.010765831345787789,1.1870279548798512,0.43550043045331094,5.0106191005385625,0.0867294097460467,-1.5705057752368412,-0.15107890931125284,-0.3167476424932625,0.16068453238094477,1,0.2794143490786398,0,0,REJECT,2025-04-08T00:00:00+00:00,2026-05-11T07:00:00+00:00,MASSIVE_parquet,2026-05-15T08:24:34.034053+00:00
EUR_GBP_H1_LONG_SHOCK_1_6_Q1,EUR_GBP,H1,LONG_SHOCK,0.01,6,Q1,1,1.0,7.800000000000029,0.08936755270394503,inf,0.20654931437723742,0.0,1.0,0.0,-0.09165902841430373,-0.09165902841430373,0.1374885426214556,0,1.0,0,0,REJECT,2025-04-08T00:00:00+00:00,2026-05-11T07:00:00+00:00,MASSIVE_parquet,2026-05-15T08:24:34.034053+00:00
EUR_GBP_H1_LONG_SHOCK_1_6_Q2,EUR_GBP,H1,LONG_SHOCK,0.01,6,Q2,4,1.0,13.724999999999989,0.15809102997230706,inf,0.5101091635454027,95.65323647388824,1.0,0.0,-0.08044515390350782,-0.10556073921750342,0.23637884165290113,0,0.04543636355229744,0,0,REJECT,2025-04-08T00:00:00+00:00,2026-05-11T07:00:00+00:00,MASSIVE_parquet,2026-05-15T08:24:34.034053+00:00
EUR_GBP_H1_LONG_SHOCK_1_6_Q3,EUR_GBP,H1,LONG_SHOCK,0.01,6,Q3,17,0.4117647058823529,-2.9411764705881724,-0.03377755840594586,0.5860927152317924,0.21611056790214814,-13.477092367522328,-0.28893547164490807,-0.8182141036521595,-0.18054932736116736,-0.3672117619439619,0.1290333763661663,1,0.7573998135123523,0,0,REJECT,2025-04-08T00:00:00+00:00,2026-05-11T07:00:00+00:00,MASSIVE_parquet,2026-05-15T08:24:34.034053+00:00
EUR_GBP_H1_LONG_SHOCK_1_6_Q4,EUR_GBP,H1,LONG_SHOCK,0.01,6,Q4,17,0.47058823529411764,-1.194117647058809,-0.01343822048966861,0.7764317180616732,0.26165106442409436,-7.0177511892443345,-0.13144023833873952,-0.6869910715627481,-0.18687971157445288,-0.3258640562942472,0.13050571870801242,1,0.6426361460565557,0,0,REJECT,2025-04-08T00:00:00+00:00,2026-05-11T07:00:00+00:00,MASSIVE_parquet,2026-05-15T08:24:34.034053+00:00
EUR_GBP_H1_LONG_SHOCK_1_6_Q5,EUR_GBP,H1,LONG_SHOCK,0.01,6,Q5,43,0.5581395348837209,1.7783720930232971,0.02064556089461165,1.3897553516819672,0.411076144528241,9.785987512724919,0.1577400068842501,-0.647652851584668,-0.13382308642398563,-0.3025978014374109,0.17121454216991816,0,0.2069742874680356,0,0,REJECT,2025-04-08T00:00:00+00:00,2026-05-11T07:00:00+00:00,MASSIVE_parquet,2026-05-15T08:24:34.034053+00:00
EUR_GBP_H1_LONG_SHOCK_1_12_ALL,EUR_GBP,H1,LONG_SHOCK,0.01,12,ALL,82,0.5609756097560976,2.0532926829268825,0.023881225806813344,1.4520606792858293,0.45322921101281843,10.94558962147993,0.16499238136877692,-1.0641713447912982,-0.20320257637730724,-0.49148273661093367,0.18731121716975754,0,0.10306506060674735,0,0,REJECT,2025-04-08T00:00:00+00:00,2026-05-11T07:00:00+00:00,MASSIVE_parquet,2026-05-15T08:24:34.034053+00:00
EUR_GBP_H1_LONG_SHOCK_1_12_Q1,EUR_GBP,H1,LONG_SHOCK,0.01,12,Q1,1,1.0,11.299999999999644,0.12946837763518904,inf,0.20654931437723742,0.0,1.0,0.0,-0.09165902841430373,-0.09165902841430373,0.17186067827681395,0,1.0,0,0,REJECT,2025-04-08T00:00:00+00:00,2026-05-11T07:00:00+00:00,MASSIVE_parquet,2026-05-15T08:24:34.034053+00:00
EUR_GBP_H1_LONG_SHOCK_1_12_Q2,EUR_GBP,H1,LONG_SHOCK,0.01,12,Q2,4,1.0,12.675000000000049,0.1460199930163386,inf,0.5101091635454027,102.274540871181,1.0,0.0,-0.09896067222229799,-0.13290092297384093,0.2479283011731115,0,0.03915525372999167,0,0,REJECT,2025-04-08T00:00:00+00:00,2026-05-11T07:00:00+00:00,MASSIVE_parquet,2026-05-15T08:24:34.034053+00:00
EUR_GBP_H1_LONG_SHOCK_1_12_Q3,EUR_GBP,H1,LONG_SHOCK,0.01,12,Q3,17,0.5294117647058824,0.48823529411777616,0.005696300154123257,1.0918141592920627,0.3096323506000443,2.228797045080314,0.044884159193043616,-0.5061544733167,-0.21954983128901076,-0.49803500140729096,0.15995533674682896,1,0.45370381498067414,0,0,REJECT,2025-04-08T00:00:00+00:00,2026-05-11T07:00:00+00:00,MASSIVE_parquet,2026-05-15T08:24:34.034053+00:00
EUR_GBP_H1_LONG_SHOCK_1_12_Q4,EUR_GBP,H1,LONG_SHOCK,0.01,12,Q4,17,0.47058823529411764,-1.9529411764705165,-0.022274516339556637,0.6891385767790318,0.26165106442409436,-11.378821230152049,-0.2093299405861221,-0.8004295478222345,-0.23656183053238392,-0.45046977331193006,0.14875942602977316,1,0.7226091774610478,0,0,REJECT,2025-04-08T00:00:00+00:00,2026-05-11T07:00:00+00:00,MASSIVE_parquet,2026-05-15T08:24:34.034053+00:00
EUR_GBP_H1_LONG_SHOCK_1_12_Q5,EUR_GBP,H1,LONG_SHOCK,0.01,12,Q5,42,0.5476190476190477,2.8207142857143235,0.03277387079811479,1.6760057061341074,0.39949119034733493,15.151368956857098,0.20464232158219925,-0.6674354587686948,-0.19751875819055395,-0.49035473014148123,0.2016279192602568,0,0.1069311009007896,0,0,REJECT,2025-04-08T00:00:00+00:00,2026-05-11T07:00:00+00:00,MASSIVE_parquet,2026-05-15T08:24:34.034053+00:00
EUR_GBP_H1_SHORT_SHOCK_1_1_ALL,EUR_GBP,H1,SHORT_SHOCK,0.01,1,ALL,89,0.5056179775280899,0.020224719101143703,0.0002788672681247294,1.007765314926669,0.403685552409757,0.2802779490767243,-0.006995169850346095,-0.61823749333485,-0.07741124865759266,-0.2028171196713191,0.08818568313579268,1,0.4864771034231356,0,0,REJECT,2025-04-08T00:00:00+00:00,2026-05-11T07:00:00+00:00,MASSIVE_parquet,2026-05-15T08:24:34.034053+00:00
EUR_GBP_H1_SHORT_SHOCK_1_1_Q1,EUR_GBP,H1,SHORT_SHOCK,0.01,1,Q1,0,0.0,0.0,0.0,0.0,0.0,0.0,0.0,0.0,0.0,0.0,0.0,0,1.0,0,0,REJECT,2025-04-08T00:00:00+00:00,2026-05-11T07:00:00+00:00,MASSIVE_parquet,2026-05-15T08:24:34.034053+00:00
EUR_GBP_H1_SHORT_SHOCK_1_1_Q2,EUR_GBP,H1,SHORT_SHOCK,0.01,1,Q2,4,0.5,-1.1499999999997623,-0.013126726559659074,0.6690647482015079,0.15003898915214947,-12.320941382371808,-0.2463156021662043,-0.09097085478058098,-0.09536477190516812,-0.19757493020830907,0.06751716965170407,1,0.6139402903052819,0,0,REJECT,2025-04-08T00:00:00+00:00,2026-05-11T07:00:00+00:00,MASSIVE_parquet,2026-05-15T08:24:34.034053+00:00
EUR_GBP_H1_SHORT_SHOCK_1_1_Q3,EUR_GBP,H1,SHORT_SHOCK,0.01,1,Q3,11,0.36363636363636365,-0.5909090909092277,-0.006718041960687956,0.7499999999999573,0.15166471095367573,-8.270408586684162,-0.20051731396665884,-0.16515841482892535,-0.07189291759946173,-0.14370934937548707,0.06266486439885971,1,0.6341864426752372,0,0,REJECT,2025-04-08T00:00:00+00:00,2026-05-11T07:00:00+00:00,MASSIVE_parquet,2026-05-15T08:24:34.034053+00:00
EUR_GBP_H1_SHORT_SHOCK_1_1_Q4,EUR_GBP,H1,SHORT_SHOCK,0.01,1,Q4,20,0.5,-1.4600000000000724,-0.016746088447039398,0.58463726884778,0.29929800819821234,-15.74286802860638,-0.3523017334340839,-0.3997106943441797,-0.08114310321759799,-0.14736577412725715,0.08242698298242868,1,0.8116784020956116,0,0,REJECT,2025-04-08T00:00:00+00:00,2026-05-11T07:00:00+00:00,MASSIVE_parquet,2026-05-15T08:24:34.034053+00:00
EUR_GBP_H1_SHORT_SHOCK_1_1_Q5,EUR_GBP,H1,SHORT_SHOCK,0.01,1,Q5,54,0.5370370370370371,0.7796296296297001,0.009002709696483199,1.3462171052632004,0.4060535602101149,8.938162513796339,0.13815530854415364,-0.30629843914175003,-0.07582329416590808,-0.19998107298863588,0.09704822134153152,0,0.20107172728989112,0,0,REJECT,2025-04-08T00:00:00+00:00,2026-05-11T07:00:00+00:00,MASSIVE_parquet,2026-05-15T08:24:34.034053+00:00
EUR_GBP_H1_SHORT_SHOCK_1_3_ALL,EUR_GBP,H1,SHORT_SHOCK,0.01,3,ALL,89,0.5730337078651685,1.088764044943743,0.012434912780148962,1.2725738396624247,0.46935116372658753,7.406202145986428,0.12155301708010269,-1.3003754220288988,-0.11299574275924212,-0.2876208704116201,0.13591558301344694,1,0.18570377209155178,0,0,REJECT,2025-04-08T00:00:00+00:00,2026-05-11T07:00:00+00:00,MASSIVE_parquet,2026-05-15T08:24:34.034053+00:00
EUR_GBP_H1_SHORT_SHOCK_1_3_Q1,EUR_GBP,H1,SHORT_SHOCK,0.01,3,Q1,0,0.0,0.0,0.0,0.0,0.0,0.0,0.0,0.0,0.0,0.0,0.0,0,1.0,0,0,REJECT,2025-04-08T00:00:00+00:00,2026-05-11T07:00:00+00:00,MASSIVE_parquet,2026-05-15T08:24:34.034053+00:00
EUR_GBP_H1_SHORT_SHOCK_1_3_Q2,EUR_GBP,H1,SHORT_SHOCK,0.01,3,Q2,4,0.75,3.2499999999999196,0.039210060321676066,1.7692307692307643,0.3006418425824019,18.952532760179043,0.3375557643941505,-0.19163605025627195,-0.14070872152726066,-0.2260960007842766,0.14912822291193728,1,0.32968322358862673,0,0,REJECT,2025-04-08T00:00:00+00:00,2026-05-11T07:00:00+00:00,MASSIVE_parquet,2026-05-15T08:24:34.034053+00:00
EUR_GBP_H1_SHORT_SHOCK_1_3_Q3,EUR_GBP,H1,SHORT_SHOCK,0.01,3,Q3,11,0.45454545454545453,-0.9727272727272865,-0.011480843462897582,0.8089285714285743,0.21271271622459764,-6.579236512582441,-0.11020118983537447,-0.28293980684823694,-0.11181873592120467,-0.26320828606924973,0.10162153551516778,1,0.6076263777044029,0,0,REJECT,2025-04-08T00:00:00+00:00,2026-05-11T07:00:00+00:00,MASSIVE_parquet,2026-05-15T08:24:34.034053+00:00
EUR_GBP_H1_SHORT_SHOCK_1_3_Q4,EUR_GBP,H1,SHORT_SHOCK,0.01,3,Q4,20,0.4,-1.5950000000000681,-0.01867083429552885,0.7076076993583766,0.2188065323728171,-10.720923737275003,-0.16817766268937018,-0.7776333582567907,-0.12317057910336437,-0.2868743369308857,0.1263118894906734,1,0.7275631533012101,0,0,REJECT,2025-04-08T00:00:00+00:00,2026-05-11T07:00:00+00:00,MASSIVE_parquet,2026-05-15T08:24:34.034053+00:00
EUR_GBP_H1_SHORT_SHOCK_1_3_Q5,EUR_GBP,H1,SHORT_SHOCK,0.01,3,Q5,54,0.6481481481481481,2.3425925925924993,0.026843943706463032,1.7291066282420373,0.5148483072023631,16.482073478486743,0.2715594046275305,-0.530331971771214,-0.10741423226412904,-0.2850957928507425,0.14547961696423548,0,0.0626625648936478,0,0,REJECT,2025-04-08T00:00:00+00:00,2026-05-11T07:00:00+00:00,MASSIVE_parquet,2026-05-15T08:24:34.034053+00:00
EUR_GBP_H1_SHORT_SHOCK_1_6_ALL,EUR_GBP,H1,SHORT_SHOCK,0.01,6,ALL,89,0.6067415730337079,1.064044943820222,0.012316948142016067,1.216704805491991,0.5028653953994611,5.87441149180917,0.10833725991689458,-1.2661010253840477,-0.13985846668301752,-0.3717467067651148,0.18178133062377527,0,0.23898540262463974,0,0,REJECT,2025-04-08T00:00:00+00:00,2026-05-11T07:00:00+00:00,MASSIVE_parquet,2026-05-15T08:24:34.034053+00:00
EUR_GBP_H1_SHORT_SHOCK_1_6_Q1,EUR_GBP,H1,SHORT_SHOCK,0.01,6,Q1,0,0.0,0.0,0.0,0.0,0.0,0.0,0.0,0.0,0.0,0.0,0.0,0,1.0,0,0,REJECT,2025-04-08T00:00:00+00:00,2026-05-11T07:00:00+00:00,MASSIVE_parquet,2026-05-15T08:24:34.034053+00:00
EUR_GBP_H1_SHORT_SHOCK_1_6_Q2,EUR_GBP,H1,SHORT_SHOCK,0.01,6,Q2,4,0.5,-4.675000000000097,-0.0528689746819716,0.5394088669950717,0.15003898915214947,-15.374447483126522,-0.416064407995293,-0.4383549068209036,-0.20052701571033615,-0.4213419078330438,0.21146120614991548,1,0.6405028480323363,0,0,REJECT,2025-04-08T00:00:00+00:00,2026-05-11T07:00:00+00:00,MASSIVE_parquet,2026-05-15T08:24:34.034053+00:00
EUR_GBP_H1_SHORT_SHOCK_1_6_Q3,EUR_GBP,H1,SHORT_SHOCK,0.01,6,Q3,11,0.45454545454545453,-1.9454545454545737,-0.022379533480888402,0.69602272727272,0.21271271622459764,-11.70288871435312,-0.1977989585126409,-0.31626337407572036,-0.14676462352738753,-0.3101205347486924,0.13450167572773336,1,0.6857458185181111,0,0,REJECT,2025-04-08T00:00:00+00:00,2026-05-11T07:00:00+00:00,MASSIVE_parquet,2026-05-15T08:24:34.034053+00:00
EUR_GBP_H1_SHORT_SHOCK_1_6_Q4,EUR_GBP,H1,SHORT_SHOCK,0.01,6,Q4,20,0.5,-4.885000000000028,-0.05623486748540074,0.4002455494168136,0.29929800819821234,-26.675961208720633,-0.7483800682626156,-1.1649860060813033,-0.1753404199335995,-0.3616972117510847,0.1585146607427379,0,0.9292449666864367,0,0,REJECT,2025-04-08T00:00:00+00:00,2026-05-11T07:00:00+00:00,MASSIVE_parquet,2026-05-15T08:24:34.034053+00:00
EUR_GBP_H1_SHORT_SHOCK_1_6_Q5,EUR_GBP,H1,SHORT_SHOCK,0.01,6,Q5,54,0.6851851851851852,4.305555555555575,0.04960289817342784,2.4255058246474674,0.552565551752049,25.70012293909711,0.40177227181756486,-0.5819245823224573,-0.12081622619396225,-0.3371564322128334,0.1978311472788243,0,0.009295258066131748,0,0,REJECT,2025-04-08T00:00:00+00:00,2026-05-11T07:00:00+00:00,MASSIVE_parquet,2026-05-15T08:24:34.034053+00:00
EUR_GBP_H1_SHORT_SHOCK_1_12_ALL,EUR_GBP,H1,SHORT_SHOCK,0.01,12,ALL,88,0.6022727272727273,2.2477272727272246,0.025806639372768555,1.4788186879689984,0.49780730042864657,11.6893190746776,0.19427634062865745,-1.3894443310304871,-0.15833049105869468,-0.3884597857029437,0.24641259951142755,0,0.0810497413981942,0,0,REJECT,2025-04-08T00:00:00+00:00,2026-05-11T07:00:00+00:00,MASSIVE_parquet,2026-05-15T08:24:34.034053+00:00
EUR_GBP_H1_SHORT_SHOCK_1_12_Q1,EUR_GBP,H1,SHORT_SHOCK,0.01,12,Q1,0,0.0,0.0,0.0,0.0,0.0,0.0,0.0,0.0,0.0,0.0,0.0,0,1.0,0,0,REJECT,2025-04-08T00:00:00+00:00,2026-05-11T07:00:00+00:00,MASSIVE_parquet,2026-05-15T08:24:34.034053+00:00
EUR_GBP_H1_SHORT_SHOCK_1_12_Q2,EUR_GBP,H1,SHORT_SHOCK,0.01,12,Q2,4,0.75,1.1250000000001537,0.013696205588453747,1.1814516129032477,0.3006418425824019,5.2227911434957965,0.12091661026843303,-0.28502470980347194,-0.21450991011149612,-0.4688837487969877,0.2555864433422095,1,0.4508287713385746,0,0,REJECT,2025-04-08T00:00:00+00:00,2026-05-11T07:00:00+00:00,MASSIVE_parquet,2026-05-15T08:24:34.034053+00:00
EUR_GBP_H1_SHORT_SHOCK_1_12_Q3,EUR_GBP,H1,SHORT_SHOCK,0.01,12,Q3,11,0.5454545454545454,-0.22727272727300518,-0.0026044597488399986,0.9551971326164337,0.28009153740932197,-1.4460825395508088,-0.025356940297054598,-0.2687335784375744,-0.15243670889720884,-0.3218348154118922,0.23078382671591802,1,0.5239801234964407,0,0,REJECT,2025-04-08T00:00:00+00:00,2026-05-11T07:00:00+00:00,MASSIVE_parquet,2026-05-15T08:24:34.034053+00:00
EUR_GBP_H1_SHORT_SHOCK_1_12_Q4,EUR_GBP,H1,SHORT_SHOCK,0.01,12,Q4,20,0.5,-0.4550000000001496,-0.0055279316785705745,0.9366295264623755,0.29929800819821234,-2.0424609817319466,-0.03570647646698999,-1.0293907001793112,-0.2117718234695137,-0.4612932294250194,0.21613268714443912,1,0.5461329616326032,0,0,REJECT,2025-04-08T00:00:00+00:00,2026-05-11T07:00:00+00:00,MASSIVE_parquet,2026-05-15T08:24:34.034053+00:00
EUR_GBP_H1_SHORT_SHOCK_1_12_Q5,EUR_GBP,H1,SHORT_SHOCK,0.01,12,Q5,53,0.6415094339622641,3.8660377358490794,0.0444416440237447,2.084700899947058,0.5069114155535945,21.4156204707596,0.3331164741176104,-0.6709984359542731,-0.13514723217848257,-0.3498762316644144,0.26039032352590386,0,0.025103901980594853,0,0,REJECT,2025-04-08T00:00:00+00:00,2026-05-11T07:00:00+00:00,MASSIVE_parquet,2026-05-15T08:24:34.034053+00:00
EUR_GBP_H1_LONG_SHOCK_2p5_1_ALL,EUR_GBP,H1,LONG_SHOCK,0.025,1,ALL,174,0.5574712643678161,1.5893678160919789,0.018347088766199157,1.8192374914832676,0.483220865424393,15.749439404096618,0.2425523729632867,-0.38125008817040396,-0.08850636792459796,-0.25070647002512825,0.08770749637433622,0,0.004137802593067414,0,0,REJECT,2025-04-08T00:00:00+00:00,2026-05-11T07:00:00+00:00,MASSIVE_parquet,2026-05-15T08:24:34.034053+00:00
EUR_GBP_H1_LONG_SHOCK_2p5_1_Q1,EUR_GBP,H1,LONG_SHOCK,0.025,1,Q1,7,0.7142857142857143,3.257142857142942,0.03790673397698103,11.36363636363673,0.35893445183261935,56.00926323558823,0.6522869498960657,-0.0252207938284843,-0.06322712224280698,-0.16458912570824658,0.07875652299499539,1,0.0526835477586869,0,0,REJECT,2025-04-08T00:00:00+00:00,2026-05-11T07:00:00+00:00,MASSIVE_parquet,2026-05-15T08:24:34.034053+00:00
EUR_GBP_H1_LONG_SHOCK_2p5_1_Q2,EUR_GBP,H1,LONG_SHOCK,0.025,1,Q2,21,0.47619047619047616,-0.19952380952383683,-0.0025544066918305915,0.9303871074929309,0.28344006101534175,-2.108028247846076,-0.03960129576327853,-0.2858423675306976,-0.09568757756835014,-0.2537514850229017,0.08096097500952368,1,0.5488081863456697,0,0,REJECT,2025-04-08T00:00:00+00:00,2026-05-11T07:00:00+00:00,MASSIVE_parquet,2026-05-15T08:24:34.034053+00:00
EUR_GBP_H1_LONG_SHOCK_2p5_1_Q3,EUR_GBP,H1,LONG_SHOCK,0.025,1,Q3,34,0.4117647058823529,-0.4735294117646407,-0.005625611726612454,0.8335056876939207,0.26365968363871156,-5.005562457924864,-0.13979815226524228,-0.6107710374382624,-0.09637872266108219,-0.21489874828322209,0.07255990550806933,1,0.6450830686142357,0,0,REJECT,2025-04-08T00:00:00+00:00,2026-05-11T07:00:00+00:00,MASSIVE_parquet,2026-05-15T08:24:34.034053+00:00
EUR_GBP_H1_LONG_SHOCK_2p5_1_Q4,EUR_GBP,H1,LONG_SHOCK,0.025,1,Q4,39,0.5384615384615384,0.5069230769231357,0.006137811836511768,1.2787255040180858,0.38569448270515755,6.693477720115447,0.12156767023326404,-0.4408517277914137,-0.09273904885651693,-0.2207266636121885,0.07160109150877639,1,0.297028207191185,0,0,REJECT,2025-04-08T00:00:00+00:00,2026-05-11T07:00:00+00:00,MASSIVE_parquet,2026-05-15T08:24:34.034053+00:00
EUR_GBP_H1_LONG_SHOCK_2p5_1_Q5,EUR_GBP,H1,LONG_SHOCK,0.025,1,Q5,72,0.6388888888888888,3.2343055555555638,0.03724636227432832,3.1652254765225853,0.5235248046738358,29.967051912088106,0.43699864704274693,-0.29567104840034775,-0.08234661260687999,-0.24051467061765086,0.10309875221789777,0,0.0008311344773687225,0,0,REJECT,2025-04-08T00:00:00+00:00,2026-05-11T07:00:00+00:00,MASSIVE_parquet,2026-05-15T08:24:34.034053+00:00
EUR_GBP_H1_LONG_SHOCK_2p5_3_ALL,EUR_GBP,H1,LONG_SHOCK,0.025,3,ALL,174,0.5747126436781609,2.4216666666666593,0.028019514754026704,1.7594304767054132,0.5004204268335231,16.402025524393903,0.24387745902020647,-0.6119249439781704,-0.11976354078681373,-0.2859317622016011,0.12327348400677474,0,0.003000610103829236,0,0,REJECT,2025-04-08T00:00:00+00:00,2026-05-11T07:00:00+00:00,MASSIVE_parquet,2026-05-15T08:24:34.034053+00:00
EUR_GBP_H1_LONG_SHOCK_2p5_3_Q1,EUR_GBP,H1,LONG_SHOCK,0.025,3,Q1,7,0.42857142857142855,5.728571428571527,0.06693821972298634,10.780487804880353,0.15821985525146973,48.46215703527066,0.3765207810725423,-0.04239746093757102,-0.09161525516885792,-0.21344512249652947,0.12099817941212875,1,0.07515065636766673,0,0,REJECT,2025-04-08T00:00:00+00:00,2026-05-11T07:00:00+00:00,MASSIVE_parquet,2026-05-15T08:24:34.034053+00:00
EUR_GBP_H1_LONG_SHOCK_2p5_3_Q2,EUR_GBP,H1,LONG_SHOCK,0.025,3,Q2,21,0.6190476190476191,1.9190476190476085,0.021429662823738017,1.5505464480874294,0.4087865377511576,12.451545531373636,0.21325517816116574,-0.46151659911867204,-0.13568347470188594,-0.28112449799198025,0.12866801923772944,0,0.23581853472423575,0,0,REJECT,2025-04-08T00:00:00+00:00,2026-05-11T07:00:00+00:00,MASSIVE_parquet,2026-05-15T08:24:34.034053+00:00
EUR_GBP_H1_LONG_SHOCK_2p5_3_Q3,EUR_GBP,H1,LONG_SHOCK,0.025,3,Q3,34,0.47058823529411764,-0.905882352941201,-0.010230400339275744,0.8098765432098723,0.31451504475088476,-6.272857649589797,-0.10747162146130895,-0.8782025540364002,-0.12463082791508395,-0.2965491849505697,0.09744891080538338,1,0.6793920829325296,0,0,REJECT,2025-04-08T00:00:00+00:00,2026-05-11T07:00:00+00:00,MASSIVE_parquet,2026-05-15T08:24:34.034053+00:00
EUR_GBP_H1_LONG_SHOCK_2p5_3_Q4,EUR_GBP,H1,LONG_SHOCK,0.025,3,Q4,39,0.5641025641025641,0.06153846153852331,0.0009894062054350583,1.0171428571428747,0.40975691648669477,0.7008856977854054,0.01316795409169813,-0.9570312309802986,-0.13876300315621848,-0.2827621632962507,0.10049820274610467,0,0.4777058180870776,0,0,REJECT,2025-04-08T00:00:00+00:00,2026-05-11T07:00:00+00:00,MASSIVE_parquet,2026-05-15T08:24:34.034053+00:00
EUR_GBP_H1_LONG_SHOCK_2p5_3_Q5,EUR_GBP,H1,LONG_SHOCK,0.025,3,Q5,72,0.625,4.8509722222221825,0.05597837973878536,2.9895756194815895,0.5095289902692697,30.48482538008623,0.4164522715720873,-0.3669767241367694,-0.10518843915430386,-0.27959189776631477,0.1415063240833699,0,0.0006982609177265898,0,0,REJECT,2025-04-08T00:00:00+00:00,2026-05-11T07:00:00+00:00,MASSIVE_parquet,2026-05-15T08:24:34.034053+00:00
EUR_GBP_H1_LONG_SHOCK_2p5_6_ALL,EUR_GBP,H1,LONG_SHOCK,0.025,6,ALL,174,0.5402298850574713,0.6015517241379567,0.007130089351484149,1.1275374680151153,0.4661085075202163,3.6113940603647556,0.06266007226779075,-1.704683983615285,-0.16118225372983733,-0.35749085598592356,0.14828919109951058,1,0.2704881660104974,0,0,REJECT,2025-04-08T00:00:00+00:00,2026-05-11T07:00:00+00:00,MASSIVE_parquet,2026-05-15T08:24:34.034053+00:00
EUR_GBP_H1_LONG_SHOCK_2p5_6_Q1,EUR_GBP,H1,LONG_SHOCK,0.025,6,Q1,7,0.42857142857142855,-2.9999999999998286,-0.03353098482539808,0.49152542372883856,0.15821985525146973,-18.79508716257227,-0.42385880064043807,-0.3791601879493456,-0.3274345305148046,-1.0398459489023337,0.14600155144932309,0,0.7269144985283209,0,0,REJECT,2025-04-08T00:00:00+00:00,2026-05-11T07:00:00+00:00,MASSIVE_parquet,2026-05-15T08:24:34.034053+00:00
EUR_GBP_H1_LONG_SHOCK_2p5_6_Q2,EUR_GBP,H1,LONG_SHOCK,0.025,6,Q2,21,0.6666666666666666,2.3380952380952245,0.026743908330744984,1.5251336898395647,0.45373451974255247,13.213906870306461,0.22693300277345008,-0.4421789144943511,-0.15093944426761707,-0.28112449799198025,0.16154247861859683,1,0.22265446023577518,0,0,REJECT,2025-04-08T00:00:00+00:00,2026-05-11T07:00:00+00:00,MASSIVE_parquet,2026-05-15T08:24:34.034053+00:00
EUR_GBP_H1_LONG_SHOCK_2p5_6_Q3,EUR_GBP,H1,LONG_SHOCK,0.025,6,Q3,34,0.4117647058823529,-2.3558823529410997,-0.026980712430311454,0.6295097132285001,0.26365968363871156,-12.633350863933858,-0.23980337602361068,-1.2889662896594434,-0.17996180494587993,-0.39321743355590244,0.11817726040675142,1,0.8247948183707366,0,0,REJECT,2025-04-08T00:00:00+00:00,2026-05-11T07:00:00+00:00,MASSIVE_parquet,2026-05-15T08:24:34.034053+00:00
EUR_GBP_H1_LONG_SHOCK_2p5_6_Q4,EUR_GBP,H1,LONG_SHOCK,0.025,6,Q4,39,0.46153846153846156,-1.1512820512819641,-0.013075641078655402,0.7467569091934723,0.31566885606727846,-8.125051845620566,-0.15332480820482297,-1.2366226606201902,-0.16837582789214298,-0.3148479346595745,0.12769884673912754,0,0.740983251094133,0,0,REJECT,2025-04-08T00:00:00+00:00,2026-05-11T07:00:00+00:00,MASSIVE_parquet,2026-05-15T08:24:34.034053+00:00
EUR_GBP_H1_LONG_SHOCK_2p5_6_Q5,EUR_GBP,H1,LONG_SHOCK,0.025,6,Q5,72,0.6111111111111112,2.6968055555555273,0.03130948803922466,1.6640560875512918,0.495623549942154,15.131817415398116,0.24547345426458828,-0.737877550768351,-0.13573833332147064,-0.3221711207185357,0.16541961270424566,0,0.051576010880675593,0,0,REJECT,2025-04-08T00:00:00+00:00,2026-05-11T07:00:00+00:00,MASSIVE_parquet,2026-05-15T08:24:34.034053+00:00
EUR_GBP_H1_LONG_SHOCK_2p5_12_ALL,EUR_GBP,H1,LONG_SHOCK,0.025,12,ALL,173,0.5895953757225434,1.356994219653214,0.0158362954235613,1.2787064298603938,0.515122811595338,7.2599429322248605,0.12324018609674592,-1.2319678771885,-0.21480403542839963,-0.49052495675655283,0.17739235551404797,0,0.11058779623748406,0,0,REJECT,2025-04-08T00:00:00+00:00,2026-05-11T07:00:00+00:00,MASSIVE_parquet,2026-05-15T08:24:34.034053+00:00
EUR_GBP_H1_LONG_SHOCK_2p5_12_Q1,EUR_GBP,H1,LONG_SHOCK,0.025,12,Q1,7,0.5714285714285714,-4.0000000000000355,-0.04598686325261804,0.48434622467771615,0.2504583645276572,-20.927206634878196,-0.6052631501991732,-0.34436361148486583,-0.3905755415126547,-1.0672125935236476,0.1591118578549449,0,0.748389772498264,0,0,REJECT,2025-04-08T00:00:00+00:00,2026-05-11T07:00:00+00:00,MASSIVE_parquet,2026-05-15T08:24:34.034053+00:00
EUR_GBP_H1_LONG_SHOCK_2p5_12_Q2,EUR_GBP,H1,LONG_SHOCK,0.025,12,Q2,21,0.6190476190476191,3.633333333333346,0.04125609867577188,1.7622377622377512,0.4087865377511576,17.610829623857516,0.26375898048487373,-0.4288942495744852,-0.21522833173898245,-0.411732640540019,0.20711497383396404,0,0.15589049212785774,0,0,REJECT,2025-04-08T00:00:00+00:00,2026-05-11T07:00:00+00:00,MASSIVE_parquet,2026-05-15T08:24:34.034053+00:00
EUR_GBP_H1_LONG_SHOCK_2p5_12_Q3,EUR_GBP,H1,LONG_SHOCK,0.025,12,Q3,34,0.5882352941176471,-0.14999999999993766,-0.0012996204925720596,0.9745762711864512,0.4222159387881251,-0.5346889934007295,-0.011471205904791115,-0.966858702028639,-0.22256339194623084,-0.5041899602704614,0.15559308866460927,1,0.5158684836017184,0,0,REJECT,2025-04-08T00:00:00+00:00,2026-05-11T07:00:00+00:00,MASSIVE_parquet,2026-05-15T08:24:34.034053+00:00
EUR_GBP_H1_LONG_SHOCK_2p5_12_Q4,EUR_GBP,H1,LONG_SHOCK,0.025,12,Q4,39,0.5384615384615384,-0.8061538461537696,-0.009137128873453308,0.8595801697186357,0.38569448270515755,-4.498995663670343,-0.0861967985709895,-1.1682897121414793,-0.21010158929638847,-0.44413383739396517,0.1517783409174047,1,0.640053834358005,0,0,REJECT,2025-04-08T00:00:00+00:00,2026-05-11T07:00:00+00:00,MASSIVE_parquet,2026-05-15T08:24:34.034053+00:00
EUR_GBP_H1_LONG_SHOCK_2p5_12_Q5,EUR_GBP,H1,LONG_SHOCK,0.025,12,Q5,71,0.6056338028169014,2.9605633802817106,0.03444654836022048,1.7979652266342816,0.48935768499400845,16.405970964508324,0.25867152211926725,-0.7688814289130819,-0.1974751213043126,-0.4794190338537341,0.1906582730878747,0,0.03990955141527177,0,0,REJECT,2025-04-08T00:00:00+00:00,2026-05-11T07:00:00+00:00,MASSIVE_parquet,2026-05-15T08:24:34.034053+00:00
EUR_GBP_H1_SHORT_SHOCK_2p5_1_ALL,EUR_GBP,H1,SHORT_SHOCK,0.025,1,ALL,179,0.5418994413407822,0.2647486033519332,0.003061949926924501,1.1104919561669289,0.4687949373621651,2.9077517715677668,0.04184056141461434,-1.5030933175051886,-0.07160713241008101,-0.1871870495908945,0.08462580011360857,1,0.30876218194717314,0,0,REJECT,2025-04-08T00:00:00+00:00,2026-05-11T07:00:00+00:00,MASSIVE_parquet,2026-05-15T08:24:34.034053+00:00
EUR_GBP_H1_SHORT_SHOCK_2p5_1_Q1,EUR_GBP,H1,SHORT_SHOCK,0.025,1,Q1,4,0.75,6.050000000000222,0.06936918737437403,6.500000000000252,0.3006418425824019,61.17716558203863,0.6341043202728975,-0.05071461502996755,-0.04607184569680456,-0.08110439719911433,0.12117270942110792,0,0.10685304224026305,0,0,REJECT,2025-04-08T00:00:00+00:00,2026-05-11T07:00:00+00:00,MASSIVE_parquet,2026-05-15T08:24:34.034053+00:00
EUR_GBP_H1_SHORT_SHOCK_2p5_1_Q2,EUR_GBP,H1,SHORT_SHOCK,0.025,1,Q2,20,0.6,0.6400000000001405,0.007508778952380335,1.3450134770890356,0.3865815007622531,10.015854021952798,0.15665492796174818,-0.256849061279929,-0.061226994914940214,-0.1450405282219397,0.08800632979245937,1,0.2856989679108221,0,0,REJECT,2025-04-08T00:00:00+00:00,2026-05-11T07:00:00+00:00,MASSIVE_parquet,2026-05-15T08:24:34.034053+00:00
EUR_GBP_H1_SHORT_SHOCK_2p5_1_Q3,EUR_GBP,H1,SHORT_SHOCK,0.025,1,Q3,27,0.48148148148148145,-0.21444444444448396,-0.002637590963486772,0.9042975206611428,0.30743226976218463,-3.0289867509630084,-0.09577059362013779,-0.36175078902466185,-0.07439561215635765,-0.15014100219915338,0.06624761842758439,1,0.579403562886058,0,0,REJECT,2025-04-08T00:00:00+00:00,2026-05-11T07:00:00+00:00,MASSIVE_parquet,2026-05-15T08:24:34.034053+00:00
EUR_GBP_H1_SHORT_SHOCK_2p5_1_Q4,EUR_GBP,H1,SHORT_SHOCK,0.025,1,Q4,47,0.5531914893617021,-1.1685106382979777,-0.013293345305088343,0.6424479166666406,0.4124545983821873,-10.59581482533285,-0.3013945296274081,-1.0915760144351472,-0.08054099122676366,-0.2072079689047457,0.0775674094749744,1,0.8224262416101599,0,0,REJECT,2025-04-08T00:00:00+00:00,2026-05-11T07:00:00+00:00,MASSIVE_parquet,2026-05-15T08:24:34.034053+00:00
EUR_GBP_H1_SHORT_SHOCK_2p5_1_Q5,EUR_GBP,H1,SHORT_SHOCK,0.025,1,Q5,81,0.5308641975308642,0.8777777777777579,0.010079492515156517,1.4102712060011484,0.423267185078341,9.786099851386895,0.14363794882526282,-0.42768650042968037,-0.0693177938819621,-0.1855245075583989,0.09220798572757705,0,0.130399232527871,0,0,REJECT,2025-04-08T00:00:00+00:00,2026-05-11T07:00:00+00:00,MASSIVE_parquet,2026-05-15T08:24:34.034053+00:00
EUR_GBP_H1_SHORT_SHOCK_2p5_3_ALL,EUR_GBP,H1,SHORT_SHOCK,0.025,3,ALL,179,0.5586592178770949,0.3348044692736889,0.0037445026766525693,1.0820958904109452,0.48544297455619534,2.231559071776981,0.03449056035821185,-2.885063469602367,-0.10795670833843792,-0.3094715093518907,0.12361867601818334,1,0.3507518089538929,0,0,REJECT,2025-04-08T00:00:00+00:00,2026-05-11T07:00:00+00:00,MASSIVE_parquet,2026-05-15T08:24:34.034053+00:00
EUR_GBP_H1_SHORT_SHOCK_2p5_3_Q1,EUR_GBP,H1,SHORT_SHOCK,0.025,3,Q1,4,0.5,-3.0999999999997696,-0.03568930899269518,0.32240437158474916,0.15003898915214947,-26.056041860125696,-1.055698999175945,-0.21036989643660187,-0.08913783475572035,-0.2000630040322482,0.14491387723032378,1,0.7246158181518874,0,0,REJECT,2025-04-08T00:00:00+00:00,2026-05-11T07:00:00+00:00,MASSIVE_parquet,2026-05-15T08:24:34.034053+00:00
EUR_GBP_H1_SHORT_SHOCK_2p5_3_Q2,EUR_GBP,H1,SHORT_SHOCK,0.025,3,Q2,20,0.7,2.2099999999999898,0.025883359834456554,1.9344608879492753,0.4810271816464765,20.962954243849293,0.3420040381937449,-0.3619897052999588,-0.08196459315149895,-0.2167973800143458,0.12342055284707443,0,0.12140775875304546,0,0,REJECT,2025-04-08T00:00:00+00:00,2026-05-11T07:00:00+00:00,MASSIVE_parquet,2026-05-15T08:24:34.034053+00:00
EUR_GBP_H1_SHORT_SHOCK_2p5_3_Q3,EUR_GBP,H1,SHORT_SHOCK,0.025,3,Q3,27,0.5555555555555556,-0.1662962962963085,-0.0023437514297802516,0.9591818181818156,0.37313024513224485,-1.468491740673482,-0.028976993307451848,-0.7502370762166422,-0.11183254354454289,-0.28777523474272315,0.09765048626091234,1,0.538704335295583,0,0,REJECT,2025-04-08T00:00:00+00:00,2026-05-11T07:00:00+00:00,MASSIVE_parquet,2026-05-15T08:24:34.034053+00:00
EUR_GBP_H1_SHORT_SHOCK_2p5_3_Q4,EUR_GBP,H1,SHORT_SHOCK,0.025,3,Q4,47,0.425531914893617,-3.127659574468118,-0.03618579470801516,0.49222797927461237,0.2951362834367996,-18.905822447953053,-0.47352472537570417,-2.080769840020158,-0.13203414236677044,-0.328536587421302,0.11466517175046784,0,0.9488078469776716,0,0,REJECT,2025-04-08T00:00:00+00:00,2026-05-11T07:00:00+00:00,MASSIVE_parquet,2026-05-15T08:24:34.034053+00:00
EUR_GBP_H1_SHORT_SHOCK_2p5_3_Q5,EUR_GBP,H1,SHORT_SHOCK,0.025,3,Q5,81,0.6049382716049383,2.2175308641974256,0.025424316768928874,1.6780671951679498,0.4960547732360616,15.679675672174952,0.24328655745436956,-0.6326607938480056,-0.10004103979736619,-0.28234512539445644,0.13646728691451127,0,0.03666926692971866,0,0,REJECT,2025-04-08T00:00:00+00:00,2026-05-11T07:00:00+00:00,MASSIVE_parquet,2026-05-15T08:24:34.034053+00:00
EUR_GBP_H1_SHORT_SHOCK_2p5_6_ALL,EUR_GBP,H1,SHORT_SHOCK,0.025,6,ALL,179,0.5865921787709497,0.6073184357541317,0.007027895529041905,1.119160363915367,0.5133710814812007,3.2215196573361267,0.06263261140820497,-2.6662453541027586,-0.13822792003734347,-0.4387049322198844,0.16564508016591642,0,0.2900622984612045,0,0,REJECT,2025-04-08T00:00:00+00:00,2026-05-11T07:00:00+00:00,MASSIVE_parquet,2026-05-15T08:24:34.034053+00:00
EUR_GBP_H1_SHORT_SHOCK_2p5_6_Q1,EUR_GBP,H1,SHORT_SHOCK,0.025,6,Q1,4,0.5,-2.3999999999993467,-0.027536625068744214,0.7446808510638908,0.15003898915214947,-7.934086774139092,-0.17149255308199562,-0.43128726789277705,-0.17935560641197112,-0.4720287263753514,0.1629088559536529,1,0.5743111183454703,0,0,REJECT,2025-04-08T00:00:00+00:00,2026-05-11T07:00:00+00:00,MASSIVE_parquet,2026-05-15T08:24:34.034053+00:00
EUR_GBP_H1_SHORT_SHOCK_2p5_6_Q2,EUR_GBP,H1,SHORT_SHOCK,0.025,6,Q2,20,0.65,2.980000000000038,0.03473964120805584,1.8232044198895236,0.43285427668523624,17.379040069963683,0.2957409393862876,-0.6303329004376024,-0.09911850408386047,-0.24023111704627173,0.1863724844494119,1,0.16508230491375914,0,0,REJECT,2025-04-08T00:00:00+00:00,2026-05-11T07:00:00+00:00,MASSIVE_parquet,2026-05-15T08:24:34.034053+00:00
EUR_GBP_H1_SHORT_SHOCK_2p5_6_Q3,EUR_GBP,H1,SHORT_SHOCK,0.025,6,Q3,27,0.5555555555555556,-3.1218518518519422,-0.036063184812926447,0.6029674988224091,0.37313024513224485,-14.969162783710303,-0.3662342571302273,-1.289205942482341,-0.1687116325893258,-0.5454937330269316,0.13669247750747757,1,0.8367766660596513,0,0,REJECT,2025-04-08T00:00:00+00:00,2026-05-11T07:00:00+00:00,MASSIVE_parquet,2026-05-15T08:24:34.034053+00:00
EUR_GBP_H1_SHORT_SHOCK_2p5_6_Q4,EUR_GBP,H1,SHORT_SHOCK,0.025,6,Q4,47,0.5319148936170213,-3.7319148936171165,-0.042967542488776496,0.4611367127496018,0.39232383220194805,-20.713010230206876,-0.6197599544139178,-2.2315443688938896,-0.1711209690300359,-0.4513496460449362,0.13996620454816364,0,0.9628227563457268,0,0,REJECT,2025-04-08T00:00:00+00:00,2026-05-11T07:00:00+00:00,MASSIVE_parquet,2026-05-15T08:24:34.034053+00:00
EUR_GBP_H1_SHORT_SHOCK_2p5_6_Q5,EUR_GBP,H1,SHORT_SHOCK,0.025,6,Q5,81,0.6172839506172839,3.93086419753078,0.0452657711448626,2.2037807183364384,0.5084124754724129,22.10086889316499,0.33662987933993915,-0.6027823898454687,-0.11660624142019634,-0.34928996793403,0.18521328062260006,0,0.006212895921557048,0,0,REJECT,2025-04-08T00:00:00+00:00,2026-05-11T07:00:00+00:00,MASSIVE_parquet,2026-05-15T08:24:34.034053+00:00
EUR_GBP_H1_SHORT_SHOCK_2p5_12_ALL,EUR_GBP,H1,SHORT_SHOCK,0.025,12,ALL,178,0.5561797752808989,0.8084831460673495,0.009340903429021172,1.1454238624076498,0.48277064146676185,3.894353368642485,0.0707518142635119,-2.9572004468733537,-0.1653290501890886,-0.45750017687380073,0.23379419783831376,0,0.25247099162654585,0,0,REJECT,2025-04-08T00:00:00+00:00,2026-05-11T07:00:00+00:00,MASSIVE_parquet,2026-05-15T08:24:34.034053+00:00
EUR_GBP_H1_SHORT_SHOCK_2p5_12_Q1,EUR_GBP,H1,SHORT_SHOCK,0.025,12,Q1,4,0.5,-8.074999999999887,-0.09275676149966272,0.21601941747574144,0.15003898915214947,-30.95137504853546,-1.8274830726808817,-0.4725401739573032,-0.1822326720094386,-0.4737549657338319,0.239591066353545,1,0.7578959644367508,0,0,REJECT,2025-04-08T00:00:00+00:00,2026-05-11T07:00:00+00:00,MASSIVE_parquet,2026-05-15T08:24:34.034053+00:00
EUR_GBP_H1_SHORT_SHOCK_2p5_12_Q2,EUR_GBP,H1,SHORT_SHOCK,0.025,12,Q2,20,0.65,3.36000000000003,0.03868553383571338,2.0370370370370394,0.43285427668523624,22.15131934159032,0.33049860411011167,-0.5358366701821216,-0.11814324661769182,-0.28683751490158393,0.24854900024041782,1,0.10904454355506803,0,0,REJECT,2025-04-08T00:00:00+00:00,2026-05-11T07:00:00+00:00,MASSIVE_parquet,2026-05-15T08:24:34.034053+00:00
EUR_GBP_H1_SHORT_SHOCK_2p5_12_Q3,EUR_GBP,H1,SHORT_SHOCK,0.025,12,Q3,27,0.4074074074074074,-4.547777777777917,-0.05212797105454476,0.4785765849929833,0.24514757074395555,-20.01542805202731,-0.43928549283270907,-1.7001604507331347,-0.20056901388940349,-0.5728830608945568,0.21085006303501205,1,0.9036523293450638,0,0,REJECT,2025-04-08T00:00:00+00:00,2026-05-11T07:00:00+00:00,MASSIVE_parquet,2026-05-15T08:24:34.034053+00:00
EUR_GBP_H1_SHORT_SHOCK_2p5_12_Q4,EUR_GBP,H1,SHORT_SHOCK,0.025,12,Q4,47,0.5531914893617021,0.11914893617007194,0.001429868765698933,1.0205053094104475,0.4124545983821873,0.5710775372897366,0.011549580683993477,-1.6365065237106236,-0.19887269834449411,-0.47594447300590814,0.21142353503813077,1,0.480033558396713,0,0,REJECT,2025-04-08T00:00:00+00:00,2026-05-11T07:00:00+00:00,MASSIVE_parquet,2026-05-15T08:24:34.034053+00:00
EUR_GBP_H1_SHORT_SHOCK_2p5_12_Q5,EUR_GBP,H1,SHORT_SHOCK,0.025,12,Q5,80,0.5875,2.8274999999999695,0.03250310707668763,1.6031999999999846,0.47804040345890164,13.859458081945693,0.220664005590321,-0.905075131703148,-0.1446799389507633,-0.3823544778809751,0.2507020637032481,0,0.057465894975904666,0,0,REJECT,2025-04-08T00:00:00+00:00,2026-05-11T07:00:00+00:00,MASSIVE_parquet,2026-05-15T08:24:34.034053+00:00
EUR_GBP_H1_LONG_SHOCK_5_1_ALL,EUR_GBP,H1,LONG_SHOCK,0.05,1,ALL,337,0.5578635014836796,1.1024629080118924,0.012803651551970774,1.524900750201342,0.504482626171621,11.70513255215246,0.18270705868899473,-0.5801233050310439,-0.08502311202889835,-0.22677766465174942,0.0810105666069086,0,0.0030210818529216492,0,0,REJECT,2025-04-08T00:00:00+00:00,2026-05-11T07:00:00+00:00,MASSIVE_parquet,2026-05-15T08:24:34.034053+00:00
EUR_GBP_H1_LONG_SHOCK_5_1_Q1,EUR_GBP,H1,LONG_SHOCK,0.05,1,Q1,25,0.52,1.0599999999999279,0.012304736593655718,1.5047619047618621,0.33498516950356777,12.072685032257745,0.1437959847652343,-0.12640785323022596,-0.07285563112964866,-0.18105344139814683,0.07311833448686667,0,0.2226096438343999,0,0,REJECT,2025-04-08T00:00:00+00:00,2026-05-11T07:00:00+00:00,MASSIVE_parquet,2026-05-15T08:24:34.034053+00:00
EUR_GBP_H1_LONG_SHOCK_5_1_Q2,EUR_GBP,H1,LONG_SHOCK,0.05,1,Q2,55,0.5818181818181818,0.9950909090909003,0.01142228235495227,1.4843791485972095,0.45033103735230756,11.301266060078067,0.1882498290549255,-0.43027135423081564,-0.07737081983700923,-0.20601497458642037,0.07546586568530446,0,0.1429766964851696,0,0,REJECT,2025-04-08T00:00:00+00:00,2026-05-11T07:00:00+00:00,MASSIVE_parquet,2026-05-15T08:24:34.034053+00:00
EUR_GBP_H1_LONG_SHOCK_5_1_Q3,EUR_GBP,H1,LONG_SHOCK,0.05,1,Q3,66,0.4696969696969697,0.1266666666667427,0.0014428968649824324,1.047489206998439,0.3543042849637767,1.2886471201438356,-0.021094806381705244,-0.8187852258025208,-0.09328477455358984,-0.2573504507183133,0.0765389137798606,1,0.4466653167534269,0,0,REJECT,2025-04-08T00:00:00+00:00,2026-05-11T07:00:00+00:00,MASSIVE_parquet,2026-05-15T08:24:34.034053+00:00
EUR_GBP_H1_LONG_SHOCK_5_1_Q4,EUR_GBP,H1,LONG_SHOCK,0.05,1,Q4,76,0.5526315789473685,0.49302631578951034,0.00598889327927355,1.2603348850135716,0.44100515064486484,6.368443920484262,0.11903270317964093,-0.8450680438575442,-0.08900383771216169,-0.22321686730619184,0.07332174308136766,0,0.238754026031095,0,0,REJECT,2025-04-08T00:00:00+00:00,2026-05-11T07:00:00+00:00,MASSIVE_parquet,2026-05-15T08:24:34.034053+00:00
EUR_GBP_H1_LONG_SHOCK_5_1_Q5,EUR_GBP,H1,LONG_SHOCK,0.05,1,Q5,114,0.6052631578947368,1.9567543859649383,0.022611865307011387,2.0032381380706483,0.5135129604952862,18.948296773172594,0.3038620308457044,-0.5369467948149631,-0.08359204076431646,-0.23629955357262644,0.09097298658636649,0,0.005262537264540874,0,0,REJECT,2025-04-08T00:00:00+00:00,2026-05-11T07:00:00+00:00,MASSIVE_parquet,2026-05-15T08:24:34.034053+00:00
EUR_GBP_H1_LONG_SHOCK_5_3_ALL,EUR_GBP,H1,LONG_SHOCK,0.05,3,ALL,337,0.5548961424332344,1.7099406528189594,0.019891665707891356,1.5085650742659342,0.5015133662523267,11.687614524720146,0.18571310616312858,-1.1213130124704387,-0.12010740503965492,-0.29510562565310483,0.11966612180851205,0,0.0030587016498765805,0,0,REJECT,2025-04-08T00:00:00+00:00,2026-05-11T07:00:00+00:00,MASSIVE_parquet,2026-05-15T08:24:34.034053+00:00
EUR_GBP_H1_LONG_SHOCK_5_3_Q1,EUR_GBP,H1,LONG_SHOCK,0.05,3,Q1,25,0.44,0.47999999999981313,0.005509391353873294,1.1147227533460333,0.2666563888106735,3.0514431575827126,0.014498684593495959,-0.394925812709801,-0.12550758746999202,-0.3531430507387423,0.1040699497231472,1,0.4230579100877546,0,0,REJECT,2025-04-08T00:00:00+00:00,2026-05-11T07:00:00+00:00,MASSIVE_parquet,2026-05-15T08:24:34.034053+00:00
EUR_GBP_H1_LONG_SHOCK_5_3_Q2,EUR_GBP,H1,LONG_SHOCK,0.05,3,Q2,55,0.6909090909090909,2.8876363636363154,0.03330468415399957,2.2050075872533865,0.5597140984246408,23.10443040375772,0.3757740371879969,-0.4465509655420141,-0.11475381936412157,-0.2781749107051801,0.12686667420798362,0,0.01593026364274314,0,0,REJECT,2025-04-08T00:00:00+00:00,2026-05-11T07:00:00+00:00,MASSIVE_parquet,2026-05-15T08:24:34.034053+00:00
EUR_GBP_H1_LONG_SHOCK_5_3_Q3,EUR_GBP,H1,LONG_SHOCK,0.05,3,Q3,66,0.48484848484848486,0.44030303030300805,0.005288066104880586,1.1073751108483538,0.3684696267060676,2.6611046892730474,0.048751213081070444,-0.674607972237673,-0.12221170466581038,-0.29174252786478005,0.115441672190335,0,0.3909514712764791,0,0,REJECT,2025-04-08T00:00:00+00:00,2026-05-11T07:00:00+00:00,MASSIVE_parquet,2026-05-15T08:24:34.034053+00:00
EUR_GBP_H1_LONG_SHOCK_5_3_Q4,EUR_GBP,H1,LONG_SHOCK,0.05,3,Q4,76,0.5526315789473685,0.7776315789473647,0.009232062692362658,1.2389809947432266,0.44100515064486484,6.694905885057406,0.10930299148392592,-0.8827720642978765,-0.13323829011464136,-0.28567300257377193,0.11198829974803255,0,0.22765362954053128,0,0,REJECT,2025-04-08T00:00:00+00:00,2026-05-11T07:00:00+00:00,MASSIVE_parquet,2026-05-15T08:24:34.034053+00:00
EUR_GBP_H1_LONG_SHOCK_5_3_Q5,EUR_GBP,H1,LONG_SHOCK,0.05,3,Q5,114,0.5526315789473685,2.606754385964902,0.03024334443446309,1.7846072607260701,0.4611256858691398,16.768707538430533,0.24441402902567128,-1.1050712543398178,-0.11148719069528304,-0.27939039921930475,0.12402090991859965,0,0.011577273498114372,0,0,REJECT,2025-04-08T00:00:00+00:00,2026-05-11T07:00:00+00:00,MASSIVE_parquet,2026-05-15T08:24:34.034053+00:00
EUR_GBP_H1_LONG_SHOCK_5_6_ALL,EUR_GBP,H1,LONG_SHOCK,0.05,6,ALL,337,0.516320474777448,0.7758160237388912,0.009275575379666777,1.161384904076447,0.4630831593514082,4.446883735065892,0.07412200864565527,-2.383532260813137,-0.16108159846900336,-0.36353385168548025,0.1481750268232816,0,0.14730544116419964,0,0,REJECT,2025-04-08T00:00:00+00:00,2026-05-11T07:00:00+00:00,MASSIVE_parquet,2026-05-15T08:24:34.034053+00:00
EUR_GBP_H1_LONG_SHOCK_5_6_Q1,EUR_GBP,H1,LONG_SHOCK,0.05,6,Q1,25,0.48,-0.4520000000000303,-0.004826647656136274,0.9184704184704137,0.3003128595411297,-2.4507083093175006,-0.03931704982087392,-0.6084898426207741,-0.21782913950139046,-0.3885627875215625,0.13723548364067994,0,0.5619405632398419,0,0,REJECT,2025-04-08T00:00:00+00:00,2026-05-11T07:00:00+00:00,MASSIVE_parquet,2026-05-15T08:24:34.034053+00:00
EUR_GBP_H1_LONG_SHOCK_5_6_Q2,EUR_GBP,H1,LONG_SHOCK,0.05,6,Q2,55,0.6,2.973090909090854,0.034636791269742465,1.8055172413792826,0.4681279921012139,18.114840049486293,0.2681985352312039,-0.5119339018566649,-0.14404213926319878,-0.3397359830233093,0.160064823473302,0,0.04489988997084139,0,0,REJECT,2025-04-08T00:00:00+00:00,2026-05-11T07:00:00+00:00,MASSIVE_parquet,2026-05-15T08:24:34.034053+00:00
EUR_GBP_H1_LONG_SHOCK_5_6_Q3,EUR_GBP,H1,LONG_SHOCK,0.05,6,Q3,66,0.4393939393939394,-0.7763636363635551,-0.008658585343858678,0.8706191293808829,0.3262812091954944,-3.5379172210675947,-0.06284461901410049,-1.1668036287415418,-0.16896619086062767,-0.34822598081576395,0.1391468106587557,0,0.6435532620481486,0,0,REJECT,2025-04-08T00:00:00+00:00,2026-05-11T07:00:00+00:00,MASSIVE_parquet,2026-05-15T08:24:34.034053+00:00
EUR_GBP_H1_LONG_SHOCK_5_6_Q4,EUR_GBP,H1,LONG_SHOCK,0.05,6,Q4,76,0.5,0.8815789473684849,0.01044703385443064,1.2051439069197956,0.39032595445464624,5.261038719475877,0.08728964622277846,-1.4564552749822823,-0.16510995328201822,-0.33915696580606447,0.1529671467250804,1,0.2785633987319848,0,0,REJECT,2025-04-08T00:00:00+00:00,2026-05-11T07:00:00+00:00,MASSIVE_parquet,2026-05-15T08:24:34.034053+00:00
EUR_GBP_H1_LONG_SHOCK_5_6_Q5,EUR_GBP,H1,LONG_SHOCK,0.05,6,Q5,114,0.5350877192982456,0.7550000000000027,0.009054931424639128,1.154857862540484,0.44388388545852037,4.416016266576877,0.07455089043466473,-1.6823203034516454,-0.14992021087842028,-0.37703176685651096,0.14396418117539878,1,0.27277060593619057,0,0,REJECT,2025-04-08T00:00:00+00:00,2026-05-11T07:00:00+00:00,MASSIVE_parquet,2026-05-15T08:24:34.034053+00:00
EUR_GBP_H1_LONG_SHOCK_5_12_ALL,EUR_GBP,H1,LONG_SHOCK,0.05,12,ALL,336,0.5327380952380952,0.3915476190476405,0.0048791857365369585,1.0702376312684563,0.4793214354690007,2.152267658101718,0.034473902955189595,-3.9156823611979807,-0.22204787915306934,-0.4919376330662778,0.1755043639871564,0,0.30614104261725533,0,0,REJECT,2025-04-08T00:00:00+00:00,2026-05-11T07:00:00+00:00,MASSIVE_parquet,2026-05-15T08:24:34.034053+00:00
EUR_GBP_H1_LONG_SHOCK_5_12_Q1,EUR_GBP,H1,LONG_SHOCK,0.05,12,Q1,25,0.36,-4.108000000000133,-0.04697293433473515,0.49902439024389333,0.2024788077445822,-20.089256884118676,-0.35749417304817477,-1.2602224886065216,-0.2807970981617278,-0.5838709523047103,0.15808758889384578,0,0.8956016569811348,0,0,REJECT,2025-04-08T00:00:00+00:00,2026-05-11T07:00:00+00:00,MASSIVE_parquet,2026-05-15T08:24:34.034053+00:00
EUR_GBP_H1_LONG_SHOCK_5_12_Q2,EUR_GBP,H1,LONG_SHOCK,0.05,12,Q2,55,0.6181818181818182,3.089454545454487,0.035851856772883224,1.7115577889447033,0.4860922023248993,16.739609563321594,0.25679406170670555,-0.485847890046176,-0.2097595768297786,-0.4216135489505257,0.19054576578305066,0,0.058126494613639244,0,0,REJECT,2025-04-08T00:00:00+00:00,2026-05-11T07:00:00+00:00,MASSIVE_parquet,2026-05-15T08:24:34.034053+00:00
EUR_GBP_H1_LONG_SHOCK_5_12_Q3,EUR_GBP,H1,LONG_SHOCK,0.05,12,Q3,66,0.5757575757575758,-0.5218181818181148,-0.00566997624319628,0.9216809933142406,0.4556065322409429,-2.225106599033245,-0.045899690558411144,-1.2668655117651362,-0.23200134299761016,-0.5214063639443378,0.17317827224381244,0,0.5915379467282575,0,0,REJECT,2025-04-08T00:00:00+00:00,2026-05-11T07:00:00+00:00,MASSIVE_parquet,2026-05-15T08:24:34.034053+00:00
EUR_GBP_H1_LONG_SHOCK_5_12_Q4,EUR_GBP,H1,LONG_SHOCK,0.05,12,Q4,76,0.5526315789473685,1.3363157894737352,0.015666097214628597,1.2726442953020256,0.44100515064486484,7.102810279945374,0.12010783861502089,-1.8457291764228945,-0.213539134858951,-0.45574147838840784,0.17779433767310482,1,0.21420967564379137,0,0,REJECT,2025-04-08T00:00:00+00:00,2026-05-11T07:00:00+00:00,MASSIVE_parquet,2026-05-15T08:24:34.034053+00:00
EUR_GBP_H1_LONG_SHOCK_5_12_Q5,EUR_GBP,H1,LONG_SHOCK,0.05,12,Q5,113,0.48672566371681414,-0.13787610619463653,-0.0011023591240203183,0.9747500121550108,0.3965321831240263,-0.5071521256439467,-0.01741974923466927,-2.1297595135527647,-0.21579554759255748,-0.4994440578753756,0.16916549981597528,1,0.5275715655645912,0,0,REJECT,2025-04-08T00:00:00+00:00,2026-05-11T07:00:00+00:00,MASSIVE_parquet,2026-05-15T08:24:34.034053+00:00
EUR_GBP_H1_SHORT_SHOCK_5_1_ALL,EUR_GBP,H1,SHORT_SHOCK,0.05,1,ALL,322,0.5279503105590062,0.14748447204968618,0.0017431719643741198,1.0656664823008835,0.4734152979284551,1.823596336281413,0.026703090911691763,-1.8391770974618749,-0.06945125158210785,-0.1784061452709318,0.07943067633805644,1,0.33710018433691286,0,0,REJECT,2025-04-08T00:00:00+00:00,2026-05-11T07:00:00+00:00,MASSIVE_parquet,2026-05-15T08:24:34.034053+00:00
EUR_GBP_H1_SHORT_SHOCK_5_1_Q1,EUR_GBP,H1,SHORT_SHOCK,0.05,1,Q1,19,0.631578947368421,1.5000000000000684,0.017576140684462175,1.762032085561562,0.41039533164803066,16.616168272129606,0.27633413262354206,-0.20121771723939919,-0.06378350432270963,-0.14691134170480846,0.09738636924149517,0,0.18200444571559646,0,0,REJECT,2025-04-08T00:00:00+00:00,2026-05-11T07:00:00+00:00,MASSIVE_parquet,2026-05-15T08:24:34.034053+00:00
EUR_GBP_H1_SHORT_SHOCK_5_1_Q2,EUR_GBP,H1,SHORT_SHOCK,0.05,1,Q2,48,0.5416666666666666,-0.2312499999999651,-0.0025641354888942167,0.900892857142872,0.4029107454564981,-3.313906728476891,-0.05719744385125569,-0.38829841984457936,-0.06837437230266044,-0.15412702325026673,0.07379519249663634,1,0.615439341944179,0,0,REJECT,2025-04-08T00:00:00+00:00,2026-05-11T07:00:00+00:00,MASSIVE_parquet,2026-05-15T08:24:34.034053+00:00
EUR_GBP_H1_SHORT_SHOCK_5_1_Q3,EUR_GBP,H1,SHORT_SHOCK,0.05,1,Q3,62,0.5806451612903226,1.0904838709677265,0.01251483483393391,1.685005065856094,0.4566558474484658,14.56544306479208,0.2212398964113092,-0.3591410601348155,-0.06361626393534905,-0.15250180471338526,0.08012157281035974,0,0.07271344781327238,0,0,REJECT,2025-04-08T00:00:00+00:00,2026-05-11T07:00:00+00:00,MASSIVE_parquet,2026-05-15T08:24:34.034053+00:00
EUR_GBP_H1_SHORT_SHOCK_5_1_Q4,EUR_GBP,H1,SHORT_SHOCK,0.05,1,Q4,79,0.5063291139240507,-0.9711392405063446,-0.011059130744170807,0.6413277232351494,0.3983739722469014,-10.714677032970247,-0.2778229549394652,-1.3489415472233368,-0.07400682724062835,-0.1794275818518054,0.06953343562189168,0,0.8877902224174672,0,0,REJECT,2025-04-08T00:00:00+00:00,2026-05-11T07:00:00+00:00,MASSIVE_parquet,2026-05-15T08:24:34.034053+00:00
EUR_GBP_H1_SHORT_SHOCK_5_1_Q5,EUR_GBP,H1,SHORT_SHOCK,0.05,1,Q5,113,0.49557522123893805,0.4176991150442332,0.004793298371694103,1.1864139020537077,0.4050633172767508,4.815575305317899,0.07007504785091756,-0.7592311479694858,-0.0694281509908276,-0.18586507262748242,0.08452480541105131,0,0.2558686919137246,0,0,REJECT,2025-04-08T00:00:00+00:00,2026-05-11T07:00:00+00:00,MASSIVE_parquet,2026-05-15T08:24:34.034053+00:00
EUR_GBP_H1_SHORT_SHOCK_5_3_ALL,EUR_GBP,H1,SHORT_SHOCK,0.05,3,ALL,322,0.5279503105590062,0.3466770186335173,0.003970576518950281,1.0932503550246362,0.4734152979284551,2.569909383571987,0.04152352751570537,-2.840065665889213,-0.10473232071579068,-0.27506961915944095,0.11728903072430666,0,0.2768061205140147,0,0,REJECT,2025-04-08T00:00:00+00:00,2026-05-11T07:00:00+00:00,MASSIVE_parquet,2026-05-15T08:24:34.034053+00:00
EUR_GBP_H1_SHORT_SHOCK_5_3_Q1,EUR_GBP,H1,SHORT_SHOCK,0.05,3,Q1,19,0.5263157894736842,0.842105263157977,0.009946007045726435,1.3076923076923321,0.31707809245113167,7.8140381900021865,0.12653596701308795,-0.37303889634953125,-0.08617278826711956,-0.22896595910261053,0.1348167968234092,1,0.3333085182009621,0,0,REJECT,2025-04-08T00:00:00+00:00,2026-05-11T07:00:00+00:00,MASSIVE_parquet,2026-05-15T08:24:34.034053+00:00
EUR_GBP_H1_SHORT_SHOCK_5_3_Q2,EUR_GBP,H1,SHORT_SHOCK,0.05,3,Q2,48,0.5208333333333334,0.2041666666667089,0.00247828701688523,1.0736288504883715,0.38329232303342803,2.2130804606232486,0.03742707924701044,-0.4729208272080343,-0.09420186767110302,-0.2237713455917939,0.1061363976622894,1,0.42227746294446145,0,0,REJECT,2025-04-08T00:00:00+00:00,2026-05-11T07:00:00+00:00,MASSIVE_parquet,2026-05-15T08:24:34.034053+00:00
EUR_GBP_H1_SHORT_SHOCK_5_3_Q3,EUR_GBP,H1,SHORT_SHOCK,0.05,3,Q3,62,0.5645161290322581,1.7856451612903315,0.020297649642515354,1.5585771947527784,0.4409298797214877,12.704087119321352,0.19996171066522156,-0.7753419658361405,-0.09805578439512891,-0.2641615231998651,0.11644881324891534,0,0.1016041486135858,0,0,REJECT,2025-04-08T00:00:00+00:00,2026-05-11T07:00:00+00:00,MASSIVE_parquet,2026-05-15T08:24:34.034053+00:00
EUR_GBP_H1_SHORT_SHOCK_5_3_Q4,EUR_GBP,H1,SHORT_SHOCK,0.05,3,Q4,79,0.46835443037974683,-1.7088607594936651,-0.019682151617685547,0.6549961666240776,0.36235784156577755,-11.590076637060665,-0.26336134167901687,-2.163463249167641,-0.11795741074626895,-0.31700163524083,0.10594454122597445,0,0.9054187566187287,0,0,REJECT,2025-04-08T00:00:00+00:00,2026-05-11T07:00:00+00:00,MASSIVE_parquet,2026-05-15T08:24:34.034053+00:00
EUR_GBP_H1_SHORT_SHOCK_5_3_Q5,EUR_GBP,H1,SHORT_SHOCK,0.05,3,Q5,113,0.5486725663716814,0.8240707964600776,0.009449996289362137,1.2204023668638764,0.4568279071879578,5.971687082072732,0.09866638002166594,-1.159601952390521,-0.10560551137104772,-0.26394360990793286,0.12531066414816683,0,0.208041082478982,0,0,REJECT,2025-04-08T00:00:00+00:00,2026-05-11T07:00:00+00:00,MASSIVE_parquet,2026-05-15T08:24:34.034053+00:00
EUR_GBP_H1_SHORT_SHOCK_5_6_ALL,EUR_GBP,H1,SHORT_SHOCK,0.05,6,ALL,322,0.5590062111801242,0.6261180124223393,0.007281048022919364,1.1331550095766418,0.5043960607222043,3.532150111377007,0.06618277217730656,-3.439702208978479,-0.1333188650369928,-0.37923916473573127,0.16292127130541892,0,0.20783635855623733,0,0,REJECT,2025-04-08T00:00:00+00:00,2026-05-11T07:00:00+00:00,MASSIVE_parquet,2026-05-15T08:24:34.034053+00:00
EUR_GBP_H1_SHORT_SHOCK_5_6_Q1,EUR_GBP,H1,SHORT_SHOCK,0.05,6,Q1,19,0.5263157894736842,-0.6789473684208844,-0.007245593940996553,0.8789868667917737,0.31707809245113167,-3.2035395190944045,-0.06696028865274417,-0.8415272716759903,-0.13521470923278409,-0.49957247814915395,0.16999237524186517,1,0.5702466936263353,0,0,REJECT,2025-04-08T00:00:00+00:00,2026-05-11T07:00:00+00:00,MASSIVE_parquet,2026-05-15T08:24:34.034053+00:00
EUR_GBP_H1_SHORT_SHOCK_5_6_Q2,EUR_GBP,H1,SHORT_SHOCK,0.05,6,Q2,48,0.5,0.6562500000000434,0.007682816433484997,1.172981878088976,0.36389330502679385,4.444446438416869,0.074666015879434,-1.123842762675209,-0.1151870062828323,-0.3198697052970695,0.16431044412365398,1,0.346969504220416,0,0,REJECT,2025-04-08T00:00:00+00:00,2026-05-11T07:00:00+00:00,MASSIVE_parquet,2026-05-15T08:24:34.034053+00:00
EUR_GBP_H1_SHORT_SHOCK_5_6_Q3,EUR_GBP,H1,SHORT_SHOCK,0.05,6,Q3,62,0.5967741935483871,0.05177419354838957,0.00037531903528881786,1.0088138385502479,0.47250467700400234,0.1524078579795632,0.00328244516563192,-2.0326539787705933,-0.14167245282916538,-0.3841892921713963,0.16725375750481244,1,0.4938693002799713,0,0,REJECT,2025-04-08T00:00:00+00:00,2026-05-11T07:00:00+00:00,MASSIVE_parquet,2026-05-15T08:24:34.034053+00:00
EUR_GBP_H1_SHORT_SHOCK_5_6_Q4,EUR_GBP,H1,SHORT_SHOCK,0.05,6,Q4,79,0.5316455696202531,-1.734177215189893,-0.01990049511787678,0.6962979383728612,0.42271409399274446,-10.269515498736808,-0.23029884454615046,-2.103298723952862,-0.15029876510575177,-0.36468262120569966,0.14201118861641784,0,0.8779569596127397,0,0,REJECT,2025-04-08T00:00:00+00:00,2026-05-11T07:00:00+00:00,MASSIVE_parquet,2026-05-15T08:24:34.034053+00:00
EUR_GBP_H1_SHORT_SHOCK_5_6_Q5,EUR_GBP,H1,SHORT_SHOCK,0.05,6,Q5,113,0.584070796460177,2.644247787610532,0.030542804175052087,1.728602779809767,0.4918939612576192,15.394263955283755,0.24642866549873993,-0.7222453709260002,-0.12336288909146409,-0.3579581409789001,0.17162676644295738,0,0.018798054349638226,0,0,REJECT,2025-04-08T00:00:00+00:00,2026-05-11T07:00:00+00:00,MASSIVE_parquet,2026-05-15T08:24:34.034053+00:00
EUR_GBP_H1_SHORT_SHOCK_5_12_ALL,EUR_GBP,H1,SHORT_SHOCK,0.05,12,ALL,321,0.5514018691588785,0.9078193146417404,0.010486070063999944,1.1739771580725842,0.49670579531679054,4.6147416310833025,0.0818473057177746,-5.309885196067267,-0.162045904365356,-0.4254196862673143,0.2351397393073466,0,0.14425807174401803,0,0,REJECT,2025-04-08T00:00:00+00:00,2026-05-11T07:00:00+00:00,MASSIVE_parquet,2026-05-15T08:24:34.034053+00:00
EUR_GBP_H1_SHORT_SHOCK_5_12_Q1,EUR_GBP,H1,SHORT_SHOCK,0.05,12,Q1,19,0.5263157894736842,-0.17894736842099787,-0.0017435064458866463,0.9671179883945938,0.31707809245113167,-0.7310164603517345,-0.015139949602280267,-0.7317770725253969,-0.14620443298113872,-0.54187675267098,0.2723790232539973,1,0.5161157717540986,0,0,REJECT,2025-04-08T00:00:00+00:00,2026-05-11T07:00:00+00:00,MASSIVE_parquet,2026-05-15T08:24:34.034053+00:00
EUR_GBP_H1_SHORT_SHOCK_5_12_Q2,EUR_GBP,H1,SHORT_SHOCK,0.05,12,Q2,48,0.5625,1.4812500000000128,0.017049754869208112,1.3590909090909098,0.4227501741982777,9.3565828094857,0.14827334887418492,-0.8948435824304601,-0.14271205040251958,-0.3834587832458286,0.2356485634893828,0,0.20437526694618496,0,0,REJECT,2025-04-08T00:00:00+00:00,2026-05-11T07:00:00+00:00,MASSIVE_parquet,2026-05-15T08:24:34.034053+00:00
EUR_GBP_H1_SHORT_SHOCK_5_12_Q3,EUR_GBP,H1,SHORT_SHOCK,0.05,12,Q3,62,0.5,0.03241935483872867,0.00037329350956675833,1.004912143503021,0.3792274119456608,0.13805738789162206,0.002440214062737034,-2.1710489142317435,-0.17048175096808785,-0.38420803204153087,0.25666199393970357,1,0.4944465165578823,0,0,REJECT,2025-04-08T00:00:00+00:00,2026-05-11T07:00:00+00:00,MASSIVE_parquet,2026-05-15T08:24:34.034053+00:00
EUR_GBP_H1_SHORT_SHOCK_5_12_Q4,EUR_GBP,H1,SHORT_SHOCK,0.05,12,Q4,79,0.5569620253164557,0.5670886075949133,0.006612321561295667,1.1141110545084,0.44731912948308383,2.994191590255131,0.05756215660768754,-1.9723766667905984,-0.1785401888313589,-0.45743676508935627,0.21519576751842656,1,0.36655823339339827,0,0,REJECT,2025-04-08T00:00:00+00:00,2026-05-11T07:00:00+00:00,MASSIVE_parquet,2026-05-15T08:24:34.034053+00:00
EUR_GBP_H1_SHORT_SHOCK_5_12_Q5,EUR_GBP,H1,SHORT_SHOCK,0.05,12,Q5,112,0.5714285714285714,1.5267857142856944,0.017555463747225393,1.2990556138509906,0.478911377409721,7.788927819389617,0.13133526299645193,-2.0253286877610743,-0.15607867320359967,-0.38642468309562084,0.22963002795857249,0,0.14573669861294758,0,0,REJECT,2025-04-08T00:00:00+00:00,2026-05-11T07:00:00+00:00,MASSIVE_parquet,2026-05-15T08:24:34.034053+00:00
