cell_id,pair,tf,intrabar_tf,hypothesis,vol_mult,body_pct,horizon_bars,cohort,n_trades,win_rate,ev_pip,ev_pct,profit_factor,wilson_lower_95,sharpe_annual,kelly_fraction,max_dd_pct,mae_mean_pct,mae_p5_pct,mfe_mean_pct,year_flip_count,p_value,bonferroni_pass,bh_fdr_pass,g7_delta_incremental,verdict,period_start,period_end,bt_data_source,generated_at
USD_JPY_H-A_1.5_0.40_1,USD_JPY,H1,M5,H-A,1.5,0.4,1,primary_12y,7381,0.48665492480693673,0.39841525538545325,0.003260919017148008,1.0510134867364296,0.47526218183083413,1.2814178390823434,0.020794459571565338,-15.31963819991494,-0.13172908308559647,-0.3854201989959227,0.14132519379770622,3,0.022519306226079516,0,0,,REJECT,2014-01-02T04:00:00+00:00,2026-04-30T23:00:00+00:00,MASSIVE_parquet,2026-05-20T04:17:34.819065+00:00
USD_JPY_H-A_1.5_0.40_3,USD_JPY,H1,M5,H-A,1.5,0.4,3,primary_12y,7381,0.4977645305514158,0.6605068418913451,0.005332700636953903,1.0653487679463614,0.48636206206073135,1.6720033134822654,0.028730657165070395,-17.300614655528268,-0.17211440134675746,-0.509253321463321,0.18207474162553614,4,0.7095449536449848,0,0,,REJECT,2014-01-02T04:00:00+00:00,2026-04-30T23:00:00+00:00,MASSIVE_parquet,2026-05-20T04:17:34.819065+00:00
USD_JPY_H-A_1.5_0.40_6,USD_JPY,H1,M5,H-A,1.5,0.4,6,primary_12y,7381,0.4976290475545319,0.8021272185340894,0.00635169356124169,1.063283370743789,0.48622666376632834,1.5887615954677703,0.02703879902614248,-23.25834329976262,-0.21725994769555368,-0.6469275811338826,0.23057444737528,5,0.6922919839044287,0,0,,REJECT,2014-01-02T04:00:00+00:00,2026-04-30T23:00:00+00:00,MASSIVE_parquet,2026-05-20T04:17:34.819065+00:00
USD_JPY_H-A_1.5_0.40_12,USD_JPY,H1,M5,H-A,1.5,0.4,12,primary_12y,7379,0.5038623119663911,1.9134027646022487,0.01567771723576518,1.1148998645859547,0.4924553526400723,2.9209693900818086,0.05070448166065,-17.541369046208125,-0.2844331542276309,-0.8341377443421882,0.31010590504231555,2,0.514460388137875,0,0,,REJECT,2014-01-02T04:00:00+00:00,2026-04-30T23:00:00+00:00,MASSIVE_parquet,2026-05-20T04:17:34.819065+00:00
USD_JPY_H-B_1.5_0.40_1,USD_JPY,H1,M5,H-B,1.5,0.4,1,primary_12y,7381,0.5100934832678499,-0.39841525538545325,-0.0028696192430782376,0.951462576474794,0.4986868101834111,-1.1287682124064604,-0.026522954874471094,-23.796176554987188,-0.14084925827582026,-0.416108329219278,0.1321185237615444,3,0.08493984250910205,0,0,,REJECT,2014-01-02T04:00:00+00:00,2026-04-30T23:00:00+00:00,MASSIVE_parquet,2026-05-20T04:17:34.819065+00:00
USD_JPY_H-B_1.5_0.40_3,USD_JPY,H1,M5,H-B,1.5,0.4,3,primary_12y,7381,0.5006096734859775,-0.6605068418913451,-0.004717582651341707,0.9386597423186287,0.489205619559707,-1.4797542044429532,-0.03028180361839905,-36.900446981756204,-0.18133538062129576,-0.538244105550012,0.172765097560948,4,0.9258108595722738,0,0,,REJECT,2014-01-02T04:00:00+00:00,2026-04-30T23:00:00+00:00,MASSIVE_parquet,2026-05-20T04:17:34.819065+00:00
USD_JPY_H-B_1.5_0.40_6,USD_JPY,H1,M5,H-B,1.5,0.4,6,primary_12y,7381,0.5004741904890936,-0.8021272185340894,-0.0053851026468870935,0.9404830617265075,0.4890702036911594,-1.3473271470947346,-0.027971019086153293,-42.167824960617764,-0.2293980560029369,-0.6831601763958361,0.21828216180928386,5,0.9443229887228686,0,0,,REJECT,2014-01-02T04:00:00+00:00,2026-04-30T23:00:00+00:00,MASSIVE_parquet,2026-05-20T04:17:34.819065+00:00
USD_JPY_H-B_1.5_0.40_12,USD_JPY,H1,M5,H-B,1.5,0.4,12,primary_12y,7379,0.4945114514161811,-1.9134027646022487,-0.013934761629647237,0.8969415386657835,0.4831097042624079,-2.5979599288141326,-0.05224659387042513,-107.29007615064599,-0.3079675301099199,-0.9226257238577051,0.2861837260788927,2,0.3516973182659798,0,0,,REJECT,2014-01-02T04:00:00+00:00,2026-04-30T23:00:00+00:00,MASSIVE_parquet,2026-05-20T04:17:34.819065+00:00
USD_JPY_H-C_1.5_0.40_1,USD_JPY,H1,M5,H-C,1.5,0.4,1,primary_12y,3596,0.49972191323692994,0.8962182981090029,0.006955026261446307,1.1172371005762167,0.4833888196486959,2.6422255319223202,0.04689027569664167,-5.873194745222267,-0.1325080870393648,-0.3855081197871202,0.14547494724897056,1,0.9866954549909939,0,0,1,REJECT,2014-01-02T04:00:00+00:00,2026-04-30T23:00:00+00:00,MASSIVE_parquet,2026-05-20T04:17:34.819065+00:00
USD_JPY_H-C_1.5_0.40_3,USD_JPY,H1,M5,H-C,1.5,0.4,3,primary_12y,3596,0.506952169076752,1.2000278086763116,0.009416852830778423,1.1207201864248892,0.49061293468622474,2.8953729308632488,0.0511868535170063,-9.989771135453537,-0.17270464653573184,-0.5009003458400219,0.1865101239498128,3,0.4138630266342725,0,0,1,REJECT,2014-01-02T04:00:00+00:00,2026-04-30T23:00:00+00:00,MASSIVE_parquet,2026-05-20T04:17:34.819065+00:00
USD_JPY_H-C_1.5_0.40_6,USD_JPY,H1,M5,H-C,1.5,0.4,6,primary_12y,3596,0.5077864293659622,1.6057285873192635,0.012292131425323862,1.1283626218502358,0.49144670600073553,3.004537561490851,0.05276721814923663,-13.476131612621792,-0.2184291905536465,-0.6473420490397064,0.23717084837609997,4,0.3590520097424425,0,0,1,REJECT,2014-01-02T04:00:00+00:00,2026-04-30T23:00:00+00:00,MASSIVE_parquet,2026-05-20T04:17:34.819065+00:00
USD_JPY_H-C_1.5_0.40_12,USD_JPY,H1,M5,H-C,1.5,0.4,12,primary_12y,3595,0.5093184979137692,2.38545173852573,0.01860340198264829,1.1425792328020357,0.49297572345523116,3.4570556802728807,0.05970620925618747,-9.972272275190829,-0.28677003096088427,-0.8461416359199625,0.3170749498503788,2,0.27099673745684794,0,0,1,REJECT,2014-01-02T04:00:00+00:00,2026-04-30T23:00:00+00:00,MASSIVE_parquet,2026-05-20T04:17:34.819065+00:00
USD_JPY_H-D_1.5_0.40_1,USD_JPY,H1,M5,H-D,1.5,0.4,1,primary_12y,14,0.42857142857142855,4.492857142856975,0.029506514971207518,1.7083333333333026,0.2138079890447412,14.392901451902702,0.16483743844330284,-0.2421625810379746,-0.10941709725125204,-0.31694293719223554,0.13037787350950655,5,0.79052734375,0,0,1,REJECT,2014-01-02T04:00:00+00:00,2026-04-30T23:00:00+00:00,MASSIVE_parquet,2026-05-20T04:17:34.819065+00:00
USD_JPY_H-D_1.5_0.40_3,USD_JPY,H1,M5,H-D,1.5,0.4,3,primary_12y,14,0.5714285714285714,8.378571428571137,0.05918013064752053,2.105560791705877,0.32590644579650746,21.67742817141937,0.2931230450848522,-0.2837401999754352,-0.15150620251468325,-0.3698706643084665,0.1826259459680814,5,0.79052734375,0,0,1,REJECT,2014-01-02T04:00:00+00:00,2026-04-30T23:00:00+00:00,MASSIVE_parquet,2026-05-20T04:17:34.819065+00:00
USD_JPY_H-D_1.5_0.40_6,USD_JPY,H1,M5,H-D,1.5,0.4,6,primary_12y,14,0.42857142857142855,-2.0857142857146016,-0.020171300312250246,0.8515505846466486,0.2138079890447412,-6.226813132091487,-0.09497030037791393,-0.5518775863086911,-0.19176609501377023,-0.42325011040161786,0.20431172972619205,3,0.79052734375,0,0,1,REJECT,2014-01-02T04:00:00+00:00,2026-04-30T23:00:00+00:00,MASSIVE_parquet,2026-05-20T04:17:34.819065+00:00
USD_JPY_H-D_1.5_0.40_12,USD_JPY,H1,M5,H-D,1.5,0.4,12,primary_12y,14,0.35714285714285715,-13.750000000000082,-0.11617891978383652,0.45312500000000056,0.1634473175355414,-23.65550632800231,-0.49522716887463375,-1.5576395649483543,-0.3058206519231721,-0.786737078120458,0.2559160069844246,3,0.4239501953125,0,0,1,REJECT,2014-01-02T04:00:00+00:00,2026-04-30T23:00:00+00:00,MASSIVE_parquet,2026-05-20T04:17:34.819065+00:00
USD_JPY_H-A_1.5_0.50_1,USD_JPY,H1,M5,H-A,1.5,0.5,1,primary_12y,5913,0.49078302046338573,0.6059024184001344,0.004915825053898259,1.0780157351032602,0.4780510593291825,1.9207415228223643,0.03235006020846931,-14.502219811013749,-0.13195070246950372,-0.3907312212416447,0.14358399543397288,3,0.16016613844112276,0,0,,REJECT,2014-01-02T04:00:00+00:00,2026-04-30T23:00:00+00:00,MASSIVE_parquet,2026-05-20T04:17:34.819065+00:00
USD_JPY_H-A_1.5_0.50_3,USD_JPY,H1,M5,H-A,1.5,0.5,3,primary_12y,5913,0.497886013867749,0.7268560798241114,0.005810600611987924,1.071823195187165,0.48514739157990305,1.812256161272487,0.030987839735325595,-23.4765145485937,-0.17201192214716718,-0.5112208314601241,0.1843172078490496,4,0.7549601532739383,0,0,,REJECT,2014-01-02T04:00:00+00:00,2026-04-30T23:00:00+00:00,MASSIVE_parquet,2026-05-20T04:17:34.819065+00:00
USD_JPY_H-A_1.5_0.50_6,USD_JPY,H1,M5,H-A,1.5,0.5,6,primary_12y,5913,0.5002536783358701,1.0345340774564598,0.008095450544403693,1.0824281623715692,0.487513406704657,2.0320555841549566,0.03476629995316666,-28.76973233818198,-0.21636132154859058,-0.6599905086772528,0.2329049758469,4,0.9792503374453537,0,0,,REJECT,2014-01-02T04:00:00+00:00,2026-04-30T23:00:00+00:00,MASSIVE_parquet,2026-05-20T04:17:34.819065+00:00
USD_JPY_H-A_1.5_0.50_12,USD_JPY,H1,M5,H-A,1.5,0.5,12,primary_12y,5913,0.5029595805851513,1.9262978183662962,0.015000171115247913,1.1165534635773864,0.490217773572601,2.8513486845562626,0.04859599214253685,-33.50952768656076,-0.28328547662996817,-0.8438514783783413,0.3104250941613654,3,0.6583803535013032,0,0,,REJECT,2014-01-02T04:00:00+00:00,2026-04-30T23:00:00+00:00,MASSIVE_parquet,2026-05-20T04:17:34.819065+00:00
USD_JPY_H-B_1.5_0.50_1,USD_JPY,H1,M5,H-B,1.5,0.5,1,primary_12y,5913,0.5058346017250127,-0.6059024184001344,-0.004519862579527927,0.9276302445661545,0.4930915719668566,-1.7675187894965694,-0.039781525961198216,-27.754669555121414,-0.14309758135199924,-0.42521566251596304,0.1323432212521136,4,0.37652987904056434,0,0,,REJECT,2014-01-02T04:00:00+00:00,2026-04-30T23:00:00+00:00,MASSIVE_parquet,2026-05-20T04:17:34.819065+00:00
USD_JPY_H-B_1.5_0.50_3,USD_JPY,H1,M5,H-B,1.5,0.5,3,primary_12y,5913,0.5002536783358701,-0.7268560798241114,-0.005188866505752598,0.9329896987584569,0.487513406704657,-1.6188463882289688,-0.03329502967576925,-34.050130661809455,-0.183561420659083,-0.5484804909071261,0.17266568912043959,5,0.9792503374453537,0,0,,REJECT,2014-01-02T04:00:00+00:00,2026-04-30T23:00:00+00:00,MASSIVE_parquet,2026-05-20T04:17:34.819065+00:00
USD_JPY_H-B_1.5_0.50_6,USD_JPY,H1,M5,H-B,1.5,0.5,6,primary_12y,5913,0.4977168949771689,-1.0345340774564598,-0.007135473714593661,0.9238488379764885,0.4849784014240847,-1.791648564157302,-0.036694348916903985,-43.3650387173348,-0.2317205026907112,-0.6972176306163491,0.21737780615707675,4,0.7352767923549055,0,0,,REJECT,2014-01-02T04:00:00+00:00,2026-04-30T23:00:00+00:00,MASSIVE_parquet,2026-05-20T04:17:34.819065+00:00
USD_JPY_H-B_1.5_0.50_12,USD_JPY,H1,M5,H-B,1.5,0.5,12,primary_12y,5913,0.49518011161846776,-1.9262978183662962,-0.01332423015721013,0.8956131816528028,0.4824437238870932,-2.5319666379790533,-0.05059905536433473,-82.74024817040674,-0.30836963059164135,-0.9268851584788962,0.2850292329363466,5,0.46645982647104217,0,0,,REJECT,2014-01-02T04:00:00+00:00,2026-04-30T23:00:00+00:00,MASSIVE_parquet,2026-05-20T04:17:34.819065+00:00
USD_JPY_H-C_1.5_0.50_1,USD_JPY,H1,M5,H-C,1.5,0.5,1,primary_12y,3229,0.5035614741406008,1.1457726850418068,0.008961744361193529,1.151081545730375,0.48632209932683523,3.3673197824750254,0.06040637224889417,-4.6855439027019194,-0.13229635612465312,-0.38563120889479663,0.14762754586318916,2,0.6986452549818796,0,0,1,REJECT,2014-01-02T04:00:00+00:00,2026-04-30T23:00:00+00:00,MASSIVE_parquet,2026-05-20T04:17:34.819065+00:00
USD_JPY_H-C_1.5_0.50_3,USD_JPY,H1,M5,H-C,1.5,0.5,3,primary_12y,3229,0.5069681015794364,1.3278104676370408,0.010267066952046674,1.1339199260355954,0.4897259139023067,3.1438371452504676,0.055606300398387265,-10.324847707724432,-0.17195869977804615,-0.5033211540960325,0.18852119167200873,3,0.4387482369871626,0,0,1,REJECT,2014-01-02T04:00:00+00:00,2026-04-30T23:00:00+00:00,MASSIVE_parquet,2026-05-20T04:17:34.819065+00:00
USD_JPY_H-C_1.5_0.50_6,USD_JPY,H1,M5,H-C,1.5,0.5,6,primary_12y,3229,0.5072777949829669,1.923227005264809,0.01463626153781747,1.1562717827026798,0.49003539122592865,3.5996509723973484,0.06248895862295728,-12.831656194939615,-0.2163312559929661,-0.6422625139159144,0.23973679149191354,4,0.41822429360223107,0,0,1,REJECT,2014-01-02T04:00:00+00:00,2026-04-30T23:00:00+00:00,MASSIVE_parquet,2026-05-20T04:17:34.819065+00:00
USD_JPY_H-C_1.5_0.50_12,USD_JPY,H1,M5,H-C,1.5,0.5,12,primary_12y,3229,0.5066584081759059,2.936853205326725,0.022338354712393118,1.1790743826204602,0.4894164431850085,4.188399727745348,0.07076958992676702,-10.190519601141032,-0.283570992671182,-0.8452448188182538,0.3202033902530716,2,0.459839068952718,0,0,1,REJECT,2014-01-02T04:00:00+00:00,2026-04-30T23:00:00+00:00,MASSIVE_parquet,2026-05-20T04:17:34.819065+00:00
USD_JPY_H-D_1.5_0.50_1,USD_JPY,H1,M5,H-D,1.5,0.5,1,primary_12y,3,0.6666666666666666,14.23333333333261,0.10989587843811544,2.707999999999913,0.20765960080204768,35.09623896431286,0.44721431434905523,-0.1617808839707524,-0.11166674590937786,-0.19903430113817455,0.2317466117318201,1,1.0,0,0,1,REJECT,2014-01-02T04:00:00+00:00,2026-04-30T23:00:00+00:00,MASSIVE_parquet,2026-05-20T04:17:34.819065+00:00
USD_JPY_H-D_1.5_0.50_3,USD_JPY,H1,M5,H-D,1.5,0.5,3,primary_12y,3,0.6666666666666666,18.833333333333258,0.14871603434631156,2.2870159453303116,0.20765960080204768,30.121123737683874,0.40750354193135674,-0.2837401999754352,-0.16837024853786722,-0.35213375823509585,0.2745983608938962,1,1.0,0,0,1,REJECT,2014-01-02T04:00:00+00:00,2026-04-30T23:00:00+00:00,MASSIVE_parquet,2026-05-20T04:17:34.819065+00:00
USD_JPY_H-D_1.5_0.50_6,USD_JPY,H1,M5,H-D,1.5,0.5,6,primary_12y,3,0.6666666666666666,15.499999999999167,0.1269226492112733,1.9667359667359257,0.20765960080204768,25.83022573813776,0.36705667512619716,-0.310801816995232,-0.16837024853786722,-0.35213375823509585,0.3015545845101701,1,1.0,0,0,1,REJECT,2014-01-02T04:00:00+00:00,2026-04-30T23:00:00+00:00,MASSIVE_parquet,2026-05-20T04:17:34.819065+00:00
USD_JPY_H-D_1.5_0.50_12,USD_JPY,H1,M5,H-D,1.5,0.5,12,primary_12y,3,0.6666666666666666,11.7999999999995,0.10327628555327761,1.424969987995181,0.20765960080204768,13.36297144465653,0.24390498521502002,-0.5370278442167975,-0.25946253606210873,-0.5980829345505478,0.47114985867121223,1,1.0,0,0,1,REJECT,2014-01-02T04:00:00+00:00,2026-04-30T23:00:00+00:00,MASSIVE_parquet,2026-05-20T04:17:34.819065+00:00
USD_JPY_H-A_1.5_0.60_1,USD_JPY,H1,M5,H-A,1.5,0.6,1,primary_12y,4354,0.4942581534221406,0.8843135048231454,0.007071025463999772,1.1148644109258834,0.4794191183798536,2.7151782535270645,0.04722121955369879,-12.144368894309391,-0.1336829791908101,-0.390537793333422,0.14677438494117565,3,0.4577309388675549,0,0,,REJECT,2014-01-02T04:00:00+00:00,2026-04-30T23:00:00+00:00,MASSIVE_parquet,2026-05-20T04:17:34.819065+00:00
USD_JPY_H-A_1.5_0.60_3,USD_JPY,H1,M5,H-A,1.5,0.6,3,primary_12y,4354,0.49770326136885623,0.9142857142857103,0.0073372218481612145,1.0905705022467433,0.4828603679074033,2.25849819422819,0.03925496828948438,-16.93193328190822,-0.17350496764809883,-0.5066491535945633,0.18727416892953064,3,0.7733927879018638,0,0,,REJECT,2014-01-02T04:00:00+00:00,2026-04-30T23:00:00+00:00,MASSIVE_parquet,2026-05-20T04:17:34.819065+00:00
USD_JPY_H-A_1.5_0.60_6,USD_JPY,H1,M5,H-A,1.5,0.6,6,primary_12y,4354,0.5004593477262288,1.3162838768948184,0.010241858800610069,1.1053224490396005,0.48561387454156646,2.555984337588899,0.04361016189205441,-21.54397253314714,-0.21792149609005074,-0.6599310568306116,0.23622096687143646,4,0.9637373771379147,0,0,,REJECT,2014-01-02T04:00:00+00:00,2026-04-30T23:00:00+00:00,MASSIVE_parquet,2026-05-20T04:17:34.819065+00:00
USD_JPY_H-A_1.5_0.60_12,USD_JPY,H1,M5,H-A,1.5,0.6,12,primary_12y,4354,0.5011483693155719,2.1379880569591005,0.016607320721495216,1.1285609127206073,0.48630232161534015,3.129678344536908,0.052557817409537355,-23.786352832456163,-0.28557554506916094,-0.8471498974000141,0.3146201984890729,2,0.8915110900648724,0,0,,REJECT,2014-01-02T04:00:00+00:00,2026-04-30T23:00:00+00:00,MASSIVE_parquet,2026-05-20T04:17:34.819065+00:00
USD_JPY_H-B_1.5_0.60_1,USD_JPY,H1,M5,H-B,1.5,0.6,1,primary_12y,4354,0.5025264124942581,-0.8843135048231454,-0.006660904312131009,0.8969700621885583,0.487679300261915,-2.5603324840125907,-0.05681569296719713,-30.3439799686862,-0.146271105626755,-0.43107061190892193,0.13408735955938497,3,0.7502957545746788,0,0,,REJECT,2014-01-02T04:00:00+00:00,2026-04-30T23:00:00+00:00,MASSIVE_parquet,2026-05-20T04:17:34.819065+00:00
USD_JPY_H-B_1.5_0.60_3,USD_JPY,H1,M5,H-B,1.5,0.6,3,primary_12y,4354,0.5006890215893431,-0.9142857142857103,-0.0066989866961151764,0.9169512635266092,0.4858433537699251,-2.0633518149401824,-0.04233867583924478,-30.16708525804752,-0.1864958743116896,-0.5516522832294674,0.17417078663322355,3,0.9395992748864266,0,0,,REJECT,2014-01-02T04:00:00+00:00,2026-04-30T23:00:00+00:00,MASSIVE_parquet,2026-05-20T04:17:34.819065+00:00
USD_JPY_H-B_1.5_0.60_6,USD_JPY,H1,M5,H-B,1.5,0.6,6,primary_12y,4354,0.4972439136426275,-1.3162838768948184,-0.009270682826843787,0.904713371983792,0.48240149394955434,-2.3150283354907475,-0.04753396560451034,-41.32389148930964,-0.23502033864339714,-0.6833979236983478,0.21894919463249957,4,0.7274204020975267,0,0,,REJECT,2014-01-02T04:00:00+00:00,2026-04-30T23:00:00+00:00,MASSIVE_parquet,2026-05-20T04:17:34.819065+00:00
USD_JPY_H-B_1.5_0.60_12,USD_JPY,H1,M5,H-B,1.5,0.6,12,primary_12y,4354,0.49655489205328435,-2.1379880569591005,-0.014903004771337616,0.8860842057601594,0.48171320648557664,-2.809585022713748,-0.05672010362344232,-67.25853234714877,-0.31252778223139976,-0.9416816058239175,0.28734128269748044,3,0.6603079350932446,0,0,,REJECT,2014-01-02T04:00:00+00:00,2026-04-30T23:00:00+00:00,MASSIVE_parquet,2026-05-20T04:17:34.819065+00:00
USD_JPY_H-C_1.5_0.60_1,USD_JPY,H1,M5,H-C,1.5,0.6,1,primary_12y,2710,0.507380073800738,1.1007011070110635,0.00874510041235887,1.1438117415640947,0.48856006829479004,3.2403533198028764,0.059706938797616516,-5.951966810030636,-0.13468561662064577,-0.38941513724284893,0.14841122692012834,2,0.453761280055235,0,0,1,REJECT,2014-01-02T04:00:00+00:00,2026-04-30T23:00:00+00:00,MASSIVE_parquet,2026-05-20T04:17:34.819065+00:00
USD_JPY_H-C_1.5_0.60_3,USD_JPY,H1,M5,H-C,1.5,0.6,3,primary_12y,2710,0.5059040590405904,1.052915129151294,0.008089865981916562,1.1040699392007471,0.4870854061208995,2.4420249676379826,0.04370628573022772,-11.596086240930989,-0.17433718241927648,-0.5062093871484602,0.18855595489241878,4,0.5515215256469437,0,0,1,REJECT,2014-01-02T04:00:00+00:00,2026-04-30T23:00:00+00:00,MASSIVE_parquet,2026-05-20T04:17:34.819065+00:00
USD_JPY_H-C_1.5_0.60_6,USD_JPY,H1,M5,H-C,1.5,0.6,6,primary_12y,2710,0.5033210332103321,1.5815498154981744,0.011869344098491073,1.12581090204597,0.48450514129676936,2.9019641604829145,0.05016995724002127,-13.181303236968365,-0.21921600156849755,-0.6449668172689842,0.23912978324366005,5,0.7440067587963828,0,0,1,REJECT,2014-01-02T04:00:00+00:00,2026-04-30T23:00:00+00:00,MASSIVE_parquet,2026-05-20T04:17:34.819065+00:00
USD_JPY_H-C_1.5_0.60_12,USD_JPY,H1,M5,H-C,1.5,0.6,12,primary_12y,2710,0.4992619926199262,2.4050553505535026,0.017934752112691937,1.1443332528738428,0.4804514523918504,3.369924057279345,0.05630125010403497,-13.199102661137728,-0.2868686553981705,-0.8464942199573294,0.3172120768401846,3,0.9540460299614218,0,0,1,REJECT,2014-01-02T04:00:00+00:00,2026-04-30T23:00:00+00:00,MASSIVE_parquet,2026-05-20T04:17:34.819065+00:00
USD_JPY_H-D_1.5_0.60_1,USD_JPY,H1,M5,H-D,1.5,0.6,1,primary_12y,1,1.0,23.299999999998988,0.18293592531817282,inf,0.20654931437723742,0.0,1.0,0.0,-0.02119858362056304,-0.02119858362056304,0.29128424160103084,0,1.0,0,0,1,REJECT,2014-01-02T04:00:00+00:00,2026-04-30T23:00:00+00:00,MASSIVE_parquet,2026-05-20T04:17:34.819065+00:00
USD_JPY_H-D_1.5_0.60_3,USD_JPY,H1,M5,H-D,1.5,0.6,3,primary_12y,1,1.0,35.69999999999993,0.28029238342741625,inf,0.20654931437723742,0.0,1.0,0.0,-0.02119858362056304,-0.02119858362056304,0.29128424160103084,0,1.0,0,0,1,REJECT,2014-01-02T04:00:00+00:00,2026-04-30T23:00:00+00:00,MASSIVE_parquet,2026-05-20T04:17:34.819065+00:00
USD_JPY_H-D_1.5_0.60_6,USD_JPY,H1,M5,H-D,1.5,0.6,6,primary_12y,1,1.0,37.89999999999907,0.2975653034145376,inf,0.20654931437723742,0.0,1.0,0.0,-0.02119858362056304,-0.02119858362056304,0.3721529124498524,0,1.0,0,0,1,REJECT,2014-01-02T04:00:00+00:00,2026-04-30T23:00:00+00:00,MASSIVE_parquet,2026-05-20T04:17:34.819065+00:00
USD_JPY_H-D_1.5_0.60_12,USD_JPY,H1,M5,H-D,1.5,0.6,12,primary_12y,1,1.0,24.399999999999977,0.19157238531173348,inf,0.20654931437723742,0.0,1.0,0.0,-0.02119858362056304,-0.02119858362056304,0.6634371540508832,0,1.0,0,0,1,REJECT,2014-01-02T04:00:00+00:00,2026-04-30T23:00:00+00:00,MASSIVE_parquet,2026-05-20T04:17:34.819065+00:00
USD_JPY_H-A_2_0.40_1,USD_JPY,H1,M5,H-A,2.0,0.4,1,primary_12y,2739,0.4895947426067908,0.2667031763417376,0.002535131373030251,1.0346398968153119,0.47090146845209463,0.9632581302752847,0.015283780524690593,-8.430318941827043,-0.13637687430364054,-0.3967002319404256,0.14884892544838674,5,0.28460806083197165,0,0,,REJECT,2014-01-02T04:00:00+00:00,2026-04-30T23:00:00+00:00,MASSIVE_parquet,2026-05-20T04:17:34.819065+00:00
USD_JPY_H-A_2_0.40_3,USD_JPY,H1,M5,H-A,2.0,0.4,3,primary_12y,2739,0.4914202263599854,0.33526834611172346,0.0031519832078163753,1.0336494419242075,0.4727231001325172,0.9589094580054509,0.01560963922503572,-10.802253424885526,-0.17680501551111885,-0.5274294851863381,0.18820760130550887,5,0.3794342764475292,0,0,,REJECT,2014-01-02T04:00:00+00:00,2026-04-30T23:00:00+00:00,MASSIVE_parquet,2026-05-20T04:17:34.819065+00:00
USD_JPY_H-A_2_0.40_6,USD_JPY,H1,M5,H-A,2.0,0.4,6,primary_12y,2739,0.49434100036509676,-0.18711208470243726,-0.0011417458320473089,0.9850161095095817,0.4756382291035763,-0.2891954020073354,-0.008298563723043717,-19.923739968361787,-0.21970840000800249,-0.6683895971610176,0.22963052649843893,6,0.5665001896838782,0,0,,REJECT,2014-01-02T04:00:00+00:00,2026-04-30T23:00:00+00:00,MASSIVE_parquet,2026-05-20T04:17:34.819065+00:00
USD_JPY_H-A_2_0.40_12,USD_JPY,H1,M5,H-A,2.0,0.4,12,primary_12y,2739,0.4925155166119021,-0.09408616283314651,-4.704243886555373e-05,0.994391186400041,0.4738161987514043,-0.008682432873415812,-0.0015848522712432755,-25.746633042730355,-0.2836277493579244,-0.8474649390759037,0.3003734823962447,6,0.4446941326915364,0,0,,REJECT,2014-01-02T04:00:00+00:00,2026-04-30T23:00:00+00:00,MASSIVE_parquet,2026-05-20T04:17:34.819065+00:00
USD_JPY_H-B_2_0.40_1,USD_JPY,H1,M5,H-B,2.0,0.4,1,primary_12y,2739,0.5071193866374589,-0.2667031763417376,-0.0021169726078587928,0.9665198520548689,0.48839941619585164,-0.8056023882713516,-0.019943016127385804,-11.390471895335232,-0.1483109959905872,-0.42629801255674615,0.13679658831441463,5,0.4677929552161366,0,0,,REJECT,2014-01-02T04:00:00+00:00,2026-04-30T23:00:00+00:00,MASSIVE_parquet,2026-05-20T04:17:34.819065+00:00
USD_JPY_H-B_2_0.40_3,USD_JPY,H1,M5,H-B,2.0,0.4,3,primary_12y,2739,0.5063891931361811,-0.33526834611172346,-0.00249914386818539,0.9674459825938988,0.48766987669935347,-0.7608191623156184,-0.017234110848801776,-11.605708258318105,-0.18740971528809358,-0.5697169705245619,0.17750578790027985,5,0.5159223732088608,0,0,,REJECT,2014-01-02T04:00:00+00:00,2026-04-30T23:00:00+00:00,MASSIVE_parquet,2026-05-20T04:17:34.819065+00:00
USD_JPY_H-B_2_0.40_6,USD_JPY,H1,M5,H-B,2.0,0.4,6,primary_12y,2739,0.5027382256297919,0.18711208470243726,0.0020848272275955084,1.0152118227770695,0.4840227770981472,0.5276548720546609,0.006953014603034768,-12.945403284793647,-0.22850462365672655,-0.6629611814111502,0.22079184366595947,6,0.7890861306406061,0,0,,REJECT,2014-01-02T04:00:00+00:00,2026-04-30T23:00:00+00:00,MASSIVE_parquet,2026-05-20T04:17:34.819065+00:00
USD_JPY_H-B_2_0.40_12,USD_JPY,H1,M5,H-B,2.0,0.4,12,primary_12y,2739,0.5060240963855421,0.09408616283314651,0.001823084352579359,1.0056404498316849,0.48730512189922887,0.3362071978631007,0.004964720367386488,-17.883553598127193,-0.2983250412357865,-0.8341523257610894,0.28542863439943034,6,0.5409159365326486,0,0,,REJECT,2014-01-02T04:00:00+00:00,2026-04-30T23:00:00+00:00,MASSIVE_parquet,2026-05-20T04:17:34.819065+00:00
USD_JPY_H-C_2_0.40_1,USD_JPY,H1,M5,H-C,2.0,0.4,1,primary_12y,1405,0.499644128113879,0.5139501779359453,0.004577506066085101,1.0665462487674064,0.47353629771036565,1.674932942935613,0.02935670989469047,-4.975482224007854,-0.14117476647690286,-0.41368183831466565,0.15426707565960018,6,1.0,0,0,1,REJECT,2014-01-02T04:00:00+00:00,2026-04-30T23:00:00+00:00,MASSIVE_parquet,2026-05-20T04:17:34.819065+00:00
USD_JPY_H-C_2_0.40_3,USD_JPY,H1,M5,H-C,2.0,0.4,3,primary_12y,1405,0.4889679715302491,0.4276868327402015,0.00415500968225104,1.0422847411827612,0.46289558360642225,1.2407744897387836,0.020639988765223993,-6.4391098942240355,-0.1822301022464974,-0.5455831307031089,0.19334591288303699,6,0.42351459705676286,0,0,1,REJECT,2014-01-02T04:00:00+00:00,2026-04-30T23:00:00+00:00,MASSIVE_parquet,2026-05-20T04:17:34.819065+00:00
USD_JPY_H-C_2_0.40_6,USD_JPY,H1,M5,H-C,2.0,0.4,6,primary_12y,1405,0.498220640569395,0.4232028469750868,0.004001101667355753,1.0336512068819148,0.4721168498417821,0.9879812180360217,0.015972860061879146,-7.419620117160047,-0.22589502089941946,-0.6909787839283488,0.23753319490667918,6,0.9150207611739563,0,0,1,REJECT,2014-01-02T04:00:00+00:00,2026-04-30T23:00:00+00:00,MASSIVE_parquet,2026-05-20T04:17:34.819065+00:00
USD_JPY_H-C_2_0.40_12,USD_JPY,H1,M5,H-C,2.0,0.4,12,primary_12y,1405,0.49608540925266903,0.1336647686832749,0.0010296623320933144,1.0078932013074202,0.4699880737532556,0.19137992088518962,0.0021235258108076027,-12.631806627064769,-0.29135585524632485,-0.8665908819909918,0.3073544830374655,7,0.7896458298906287,0,0,1,REJECT,2014-01-02T04:00:00+00:00,2026-04-30T23:00:00+00:00,MASSIVE_parquet,2026-05-20T04:17:34.819065+00:00
USD_JPY_H-D_2_0.40_1,USD_JPY,H1,M5,H-D,2.0,0.4,1,primary_12y,5,0.4,-0.020000000000095497,-0.0011745433914622794,0.9954751131221504,0.11762077423264786,-0.8439636827985537,-0.012483261843514948,-0.1839852870031189,-0.07849017239692113,-0.16580538639206832,0.12545603387002835,2,1.0,0,0,1,REJECT,2014-01-02T04:00:00+00:00,2026-04-30T23:00:00+00:00,MASSIVE_parquet,2026-05-20T04:17:34.819065+00:00
USD_JPY_H-D_2_0.40_3,USD_JPY,H1,M5,H-D,2.0,0.4,3,primary_12y,5,0.4,-5.1000000000004775,-0.044210672462488,0.22492401215800037,0.11762077423264786,-40.37772608754978,-1.3953693330978738,-0.1804997070512293,-0.15446253853133474,-0.29064254548193613,0.13824263771301748,1,1.0,0,0,1,REJECT,2014-01-02T04:00:00+00:00,2026-04-30T23:00:00+00:00,MASSIVE_parquet,2026-05-20T04:17:34.819065+00:00
USD_JPY_H-D_2_0.40_6,USD_JPY,H1,M5,H-D,2.0,0.4,6,primary_12y,5,0.0,-26.480000000000246,-0.22642113979290057,0.0,0.0,-109.07253077421234,0.0,-0.6370727245926799,-0.26719023752877824,-0.4755010216052824,0.13824263771301748,0,0.0625,0,0,1,REJECT,2014-01-02T04:00:00+00:00,2026-04-30T23:00:00+00:00,MASSIVE_parquet,2026-05-20T04:17:34.819065+00:00
USD_JPY_H-D_2_0.40_12,USD_JPY,H1,M5,H-D,2.0,0.4,12,primary_12y,5,0.0,-47.3599999999999,-0.40934644934848885,0.0,0.0,-96.30623449649377,0.0,-1.619860191407796,-0.4868665423623053,-0.937287057454208,0.13824263771301748,0,0.0625,0,0,1,REJECT,2014-01-02T04:00:00+00:00,2026-04-30T23:00:00+00:00,MASSIVE_parquet,2026-05-20T04:17:34.819065+00:00
USD_JPY_H-A_2_0.50_1,USD_JPY,H1,M5,H-A,2.0,0.5,1,primary_12y,2259,0.49269588313413015,0.50690571049137,0.004938621209913945,1.0669880251080786,0.47210934783986325,1.8947638573456458,0.03218145043161996,-7.176841776520357,-0.13464838646233765,-0.39217530001304457,0.1501768268862865,6,0.5007816185224301,0,0,,REJECT,2014-01-02T04:00:00+00:00,2026-04-30T23:00:00+00:00,MASSIVE_parquet,2026-05-20T04:17:34.819065+00:00
USD_JPY_H-A_2_0.50_3,USD_JPY,H1,M5,H-A,2.0,0.5,3,primary_12y,2259,0.49358123063302345,0.4010181496237266,0.004222163753090204,1.0405818266525704,0.4729926925645364,1.293353350861935,0.02167455842178062,-11.879637638348536,-0.17527624239048412,-0.5274345627802823,0.1888285586339028,8,0.5557938095302952,0,0,,REJECT,2014-01-02T04:00:00+00:00,2026-04-30T23:00:00+00:00,MASSIVE_parquet,2026-05-20T04:17:34.819065+00:00
USD_JPY_H-A_2_0.50_6,USD_JPY,H1,M5,H-A,2.0,0.5,6,primary_12y,2259,0.49800796812749004,0.11066843736167009,0.0017052196064134516,1.0090269001624848,0.4774103835895297,0.4381504054242311,0.005026700926634875,-17.463049589820205,-0.2170909653037702,-0.6672277254438108,0.23118594070357193,7,0.866337463941915,0,0,,REJECT,2014-01-02T04:00:00+00:00,2026-04-30T23:00:00+00:00,MASSIVE_parquet,2026-05-20T04:17:34.819065+00:00
USD_JPY_H-A_2_0.50_12,USD_JPY,H1,M5,H-A,2.0,0.5,12,primary_12y,2259,0.4878264718902169,-0.08118680832227437,-0.0002524071926927404,0.9951029340821403,0.46725210500134473,-0.04806187360433509,-0.002148765445699863,-22.791521173026023,-0.2811336495789956,-0.8467933747109191,0.298496282803588,7,0.2558887314957466,0,0,,REJECT,2014-01-02T04:00:00+00:00,2026-04-30T23:00:00+00:00,MASSIVE_parquet,2026-05-20T04:17:34.819065+00:00
USD_JPY_H-B_2_0.50_1,USD_JPY,H1,M5,H-B,2.0,0.5,1,primary_12y,2259,0.5037627268702966,-0.50690571049137,-0.004528364886229681,0.9372176411246104,0.48315579204610737,-1.7400948929449558,-0.0395278280666338,-12.475850056149495,-0.14964664282674828,-0.43122542785572815,0.13505512914243784,6,0.7363988568579457,0,0,,REJECT,2014-01-02T04:00:00+00:00,2026-04-30T23:00:00+00:00,MASSIVE_parquet,2026-05-20T04:17:34.819065+00:00
USD_JPY_H-B_2_0.50_3,USD_JPY,H1,M5,H-B,2.0,0.5,3,primary_12y,2259,0.5042054006197433,-0.4010181496237266,-0.0035781297803428526,0.9610008308687099,0.48359785939085675,-1.0966564068363251,-0.023864804100332204,-15.067700653216349,-0.1880403910709443,-0.5709357333225262,0.17597511354551057,8,0.7049071880572988,0,0,,REJECT,2014-01-02T04:00:00+00:00,2026-04-30T23:00:00+00:00,MASSIVE_parquet,2026-05-20T04:17:34.819065+00:00
USD_JPY_H-B_2_0.50_6,USD_JPY,H1,M5,H-B,2.0,0.5,6,primary_12y,2259,0.49889331562638334,-0.11066843736167009,-0.0007892637544315431,0.9910538557881547,0.47829411525471666,-0.20273041090156546,-0.006914318401210651,-17.59302126879303,-0.2300569473090009,-0.6838778569814163,0.21814874863947883,7,0.9329322664355895,0,0,,REJECT,2014-01-02T04:00:00+00:00,2026-04-30T23:00:00+00:00,MASSIVE_parquet,2026-05-20T04:17:34.819065+00:00
USD_JPY_H-B_2_0.50_12,USD_JPY,H1,M5,H-B,2.0,0.5,12,primary_12y,2259,0.5108455068614431,0.08118680832227437,0.0019231689755032269,1.0049211651881789,0.49023080451793455,0.365414691954582,0.005580490489807688,-16.62410014524071,-0.2966230457996036,-0.8422748795124935,0.28290220174512615,6,0.31253756512260267,0,0,,REJECT,2014-01-02T04:00:00+00:00,2026-04-30T23:00:00+00:00,MASSIVE_parquet,2026-05-20T04:17:34.819065+00:00
USD_JPY_H-C_2_0.50_1,USD_JPY,H1,M5,H-C,2.0,0.5,1,primary_12y,1289,0.5003878975950349,0.6156710628394088,0.005926823327776691,1.0801130627902278,0.47313179878155304,2.166095269446584,0.03838397994738657,-5.374179963072331,-0.14008960097724726,-0.40514384783497226,0.15539076760367102,5,1.0,0,0,1,REJECT,2014-01-02T04:00:00+00:00,2026-04-30T23:00:00+00:00,MASSIVE_parquet,2026-05-20T04:17:34.819065+00:00
USD_JPY_H-C_2_0.50_3,USD_JPY,H1,M5,H-C,2.0,0.5,3,primary_12y,1289,0.48719937936384794,0.3318851823118525,0.003694297323497472,1.032694424064562,0.459991366500565,1.1039409507449078,0.01868974779887872,-7.452899558497117,-0.18145929789554355,-0.548175668768025,0.19316069743326963,6,0.3727750613291881,0,0,1,REJECT,2014-01-02T04:00:00+00:00,2026-04-30T23:00:00+00:00,MASSIVE_parquet,2026-05-20T04:17:34.819065+00:00
USD_JPY_H-C_2_0.50_6,USD_JPY,H1,M5,H-C,2.0,0.5,6,primary_12y,1289,0.495733126454616,0.573157486423579,0.005506822910662195,1.0465928798915267,0.46849183981357606,1.397390034899457,0.02274959804558474,-8.465711679291584,-0.22275188577077432,-0.6669428642741915,0.23745794486569752,8,0.7806175342120787,0,0,1,REJECT,2014-01-02T04:00:00+00:00,2026-04-30T23:00:00+00:00,MASSIVE_parquet,2026-05-20T04:17:34.819065+00:00
USD_JPY_H-C_2_0.50_12,USD_JPY,H1,M5,H-C,2.0,0.5,12,primary_12y,1289,0.48719937936384794,0.18968114817687934,0.0013728333016666586,1.0113432394318038,0.459991366500565,0.2600926051113958,0.0031965396190505313,-11.364482657559371,-0.28755684232326234,-0.8662620213656047,0.3070151091236835,7,0.3727750613291881,0,0,1,REJECT,2014-01-02T04:00:00+00:00,2026-04-30T23:00:00+00:00,MASSIVE_parquet,2026-05-20T04:17:34.819065+00:00
USD_JPY_H-D_2_0.50_1,USD_JPY,H1,M5,H-D,2.0,0.5,1,primary_12y,0,0.0,0.0,0.0,0.0,0.0,0.0,0.0,0.0,0.0,0.0,0.0,0,1.0,0,0,1,REJECT,2014-01-02T04:00:00+00:00,2026-04-30T23:00:00+00:00,MASSIVE_parquet,2026-05-20T04:17:34.819065+00:00
USD_JPY_H-D_2_0.50_3,USD_JPY,H1,M5,H-D,2.0,0.5,3,primary_12y,0,0.0,0.0,0.0,0.0,0.0,0.0,0.0,0.0,0.0,0.0,0.0,0,1.0,0,0,1,REJECT,2014-01-02T04:00:00+00:00,2026-04-30T23:00:00+00:00,MASSIVE_parquet,2026-05-20T04:17:34.819065+00:00
USD_JPY_H-D_2_0.50_6,USD_JPY,H1,M5,H-D,2.0,0.5,6,primary_12y,0,0.0,0.0,0.0,0.0,0.0,0.0,0.0,0.0,0.0,0.0,0.0,0,1.0,0,0,1,REJECT,2014-01-02T04:00:00+00:00,2026-04-30T23:00:00+00:00,MASSIVE_parquet,2026-05-20T04:17:34.819065+00:00
USD_JPY_H-D_2_0.50_12,USD_JPY,H1,M5,H-D,2.0,0.5,12,primary_12y,0,0.0,0.0,0.0,0.0,0.0,0.0,0.0,0.0,0.0,0.0,0.0,0,1.0,0,0,1,REJECT,2014-01-02T04:00:00+00:00,2026-04-30T23:00:00+00:00,MASSIVE_parquet,2026-05-20T04:17:34.819065+00:00
USD_JPY_H-A_2_0.60_1,USD_JPY,H1,M5,H-A,2.0,0.6,1,primary_12y,1705,0.4961876832844575,0.7482697947214058,0.006590140342399913,1.1001703791525008,0.47249045347496027,2.4868647073270074,0.04307868792540526,-6.225497912602289,-0.13582270877781075,-0.3974298119269859,0.15375976421337523,6,0.7713552167675091,0,0,,REJECT,2014-01-02T04:00:00+00:00,2026-04-30T23:00:00+00:00,MASSIVE_parquet,2026-05-20T04:17:34.819065+00:00
USD_JPY_H-A_2_0.60_3,USD_JPY,H1,M5,H-A,2.0,0.6,3,primary_12y,1705,0.48856304985337246,0.31290322580645047,0.0034783087998919563,1.031384752951696,0.4648884612601596,1.0572342342879641,0.018252804094451958,-8.099336654066228,-0.17743813818384527,-0.5321770485746047,0.19029125895902324,8,0.35742850051158637,0,0,,REJECT,2014-01-02T04:00:00+00:00,2026-04-30T23:00:00+00:00,MASSIVE_parquet,2026-05-20T04:17:34.819065+00:00
USD_JPY_H-A_2_0.60_6,USD_JPY,H1,M5,H-A,2.0,0.6,6,primary_12y,1705,0.4967741935483871,0.0913196480938442,0.001113721538784109,1.0075100568198263,0.4730754499871759,0.290301549441113,0.0018532625695132365,-15.266561491895526,-0.21925165949623918,-0.6797035821715203,0.23106178827682422,6,0.8086495343458325,0,0,,REJECT,2014-01-02T04:00:00+00:00,2026-04-30T23:00:00+00:00,MASSIVE_parquet,2026-05-20T04:17:34.819065+00:00
USD_JPY_H-A_2_0.60_12,USD_JPY,H1,M5,H-A,2.0,0.6,12,primary_12y,1705,0.4785923753665689,-0.4439296187683361,-0.0037165690581747383,0.9733033764932856,0.45495570188442996,-0.7207153980682248,-0.014596042936364573,-24.04182526353205,-0.2832088196149058,-0.8650321473196176,0.29656834729125203,3,0.08118209508138911,0,0,,REJECT,2014-01-02T04:00:00+00:00,2026-04-30T23:00:00+00:00,MASSIVE_parquet,2026-05-20T04:17:34.819065+00:00
USD_JPY_H-B_2_0.60_1,USD_JPY,H1,M5,H-B,2.0,0.6,1,primary_12y,1705,0.4997067448680352,-0.7482697947214058,-0.006166295800644058,0.9089501216805478,0.47600092076129064,-2.332438367251953,-0.0530594402895706,-11.166164753733675,-0.15319492124165435,-0.43806693109364137,0.136228190988595,6,1.0,0,0,,REJECT,2014-01-02T04:00:00+00:00,2026-04-30T23:00:00+00:00,MASSIVE_parquet,2026-05-20T04:17:34.819065+00:00
USD_JPY_H-B_2_0.60_3,USD_JPY,H1,M5,H-B,2.0,0.6,3,primary_12y,1705,0.5102639296187683,-0.31290322580645047,-0.002824902838562399,0.9695702764056996,0.48653935316558317,-0.8598525128649691,-0.018277287293746114,-8.997774257735434,-0.18947729667997773,-0.5710113035875297,0.17813796739024945,8,0.410281629900926,0,0,,REJECT,2014-01-02T04:00:00+00:00,2026-04-30T23:00:00+00:00,MASSIVE_parquet,2026-05-20T04:17:34.819065+00:00
USD_JPY_H-B_2_0.60_6,USD_JPY,H1,M5,H-B,2.0,0.6,6,primary_12y,1705,0.4997067448680352,-0.0913196480938442,-0.000224144992818768,0.9925459237166012,0.47600092076129064,-0.058428065467882706,-0.004630341101458713,-11.212042440470471,-0.2299232368819696,-0.6565425435969918,0.22032091813822324,7,1.0,0,0,,REJECT,2014-01-02T04:00:00+00:00,2026-04-30T23:00:00+00:00,MASSIVE_parquet,2026-05-20T04:17:34.819065+00:00
USD_JPY_H-B_2_0.60_12,USD_JPY,H1,M5,H-B,2.0,0.6,12,primary_12y,1705,0.5196480938416422,0.4439296187683361,0.005325806761974175,1.027428882043849,0.49591570726798034,1.031632221445753,0.017638027968627568,-12.06499428013836,-0.29477213354364695,-0.8394822648162714,0.2849606179155701,3,0.10993001859397535,0,0,,REJECT,2014-01-02T04:00:00+00:00,2026-04-30T23:00:00+00:00,MASSIVE_parquet,2026-05-20T04:17:34.819065+00:00
USD_JPY_H-C_2_0.60_1,USD_JPY,H1,M5,H-C,2.0,0.6,1,primary_12y,1110,0.4963963963963964,0.28747747747747004,0.0029328199243420297,1.0362123946027522,0.46704618027764483,1.0481575115622537,0.017411165784825766,-6.886518473578008,-0.14351791937417263,-0.41583336213555866,0.15553673568788906,7,0.8335974449141371,0,0,1,REJECT,2014-01-02T04:00:00+00:00,2026-04-30T23:00:00+00:00,MASSIVE_parquet,2026-05-20T04:17:34.819065+00:00
USD_JPY_H-C_2_0.60_3,USD_JPY,H1,M5,H-C,2.0,0.6,3,primary_12y,1110,0.48018018018018016,-0.2992792792792937,-0.0016126966312307147,0.9718152123191771,0.45090812997970314,-0.4725968256789753,-0.009633700030292736,-10.28535799309711,-0.1857223591845771,-0.5669262388521334,0.19145066515823436,5,0.1968042828122353,0,0,1,REJECT,2014-01-02T04:00:00+00:00,2026-04-30T23:00:00+00:00,MASSIVE_parquet,2026-05-20T04:17:34.819065+00:00
USD_JPY_H-C_2_0.60_6,USD_JPY,H1,M5,H-C,2.0,0.6,6,primary_12y,1110,0.4954954954954955,0.19810810810809637,0.002146476935280085,1.0157606163769923,0.4661488139487303,0.5450598377612781,0.0072016076288609066,-10.788329191945529,-0.22708433487296684,-0.6953818818194935,0.23565599648547872,8,0.787070802059469,0,0,1,REJECT,2014-01-02T04:00:00+00:00,2026-04-30T23:00:00+00:00,MASSIVE_parquet,2026-05-20T04:17:34.819065+00:00
USD_JPY_H-C_2_0.60_12,USD_JPY,H1,M5,H-C,2.0,0.6,12,primary_12y,1110,0.4774774774774775,-0.4981081081081131,-0.004331981605186193,0.9705805668920966,0.44822145192161456,-0.8288369163426396,-0.01651702240580971,-15.212117950359584,-0.29190584390584884,-0.8727262646162076,0.30100301609822866,6,0.14132791456125496,0,0,1,REJECT,2014-01-02T04:00:00+00:00,2026-04-30T23:00:00+00:00,MASSIVE_parquet,2026-05-20T04:17:34.819065+00:00
USD_JPY_H-D_2_0.60_1,USD_JPY,H1,M5,H-D,2.0,0.6,1,primary_12y,0,0.0,0.0,0.0,0.0,0.0,0.0,0.0,0.0,0.0,0.0,0.0,0,1.0,0,0,1,REJECT,2014-01-02T04:00:00+00:00,2026-04-30T23:00:00+00:00,MASSIVE_parquet,2026-05-20T04:17:34.819065+00:00
USD_JPY_H-D_2_0.60_3,USD_JPY,H1,M5,H-D,2.0,0.6,3,primary_12y,0,0.0,0.0,0.0,0.0,0.0,0.0,0.0,0.0,0.0,0.0,0.0,0,1.0,0,0,1,REJECT,2014-01-02T04:00:00+00:00,2026-04-30T23:00:00+00:00,MASSIVE_parquet,2026-05-20T04:17:34.819065+00:00
USD_JPY_H-D_2_0.60_6,USD_JPY,H1,M5,H-D,2.0,0.6,6,primary_12y,0,0.0,0.0,0.0,0.0,0.0,0.0,0.0,0.0,0.0,0.0,0.0,0,1.0,0,0,1,REJECT,2014-01-02T04:00:00+00:00,2026-04-30T23:00:00+00:00,MASSIVE_parquet,2026-05-20T04:17:34.819065+00:00
USD_JPY_H-D_2_0.60_12,USD_JPY,H1,M5,H-D,2.0,0.6,12,primary_12y,0,0.0,0.0,0.0,0.0,0.0,0.0,0.0,0.0,0.0,0.0,0.0,0,1.0,0,0,1,REJECT,2014-01-02T04:00:00+00:00,2026-04-30T23:00:00+00:00,MASSIVE_parquet,2026-05-20T04:17:34.819065+00:00
USD_JPY_H-A_2.5_0.40_1,USD_JPY,H1,M5,H-A,2.5,0.4,1,primary_12y,1121,0.49420160570918825,0.7643175735949953,0.00655336982219746,1.1009936702146457,0.46500388904859613,2.3232914745203046,0.04184388135232281,-7.178639190343272,-0.1418180085536066,-0.4058965879619403,0.16068823984537867,4,0.7200549466436027,0,0,,REJECT,2014-01-02T04:00:00+00:00,2026-04-30T23:00:00+00:00,MASSIVE_parquet,2026-05-20T04:17:34.819065+00:00
USD_JPY_H-A_2.5_0.40_3,USD_JPY,H1,M5,H-A,2.5,0.4,3,primary_12y,1121,0.504014272970562,0.9512042818911517,0.00809915832289634,1.0962660022028403,0.47478202531204794,2.2676642050620606,0.04280124737667057,-10.711139176475143,-0.18177650497079909,-0.587152071422381,0.20354327041222928,5,0.8111658291534537,0,0,,REJECT,2014-01-02T04:00:00+00:00,2026-04-30T23:00:00+00:00,MASSIVE_parquet,2026-05-20T04:17:34.819065+00:00
USD_JPY_H-A_2.5_0.40_6,USD_JPY,H1,M5,H-A,2.5,0.4,6,primary_12y,1121,0.5173951828724354,0.7976806422836745,0.0068285666552044075,1.067152802288993,0.4881339275198674,1.6735401196467976,0.028136713523102763,-10.502070829138974,-0.22056083575476665,-0.6751938871625063,0.2441146143841408,5,0.2563816711033862,0,0,,REJECT,2014-01-02T04:00:00+00:00,2026-04-30T23:00:00+00:00,MASSIVE_parquet,2026-05-20T04:17:34.819065+00:00
USD_JPY_H-A_2.5_0.40_12,USD_JPY,H1,M5,H-A,2.5,0.4,12,primary_12y,1121,0.5057983942908117,0.2538795718108984,0.002021776926326223,1.0151635702629096,0.4765610733060375,0.3591847490945358,0.005057996345729343,-15.53419829854723,-0.2839141687296794,-0.8504531966987194,0.3145027361068598,5,0.7200549466436027,0,0,,REJECT,2014-01-02T04:00:00+00:00,2026-04-30T23:00:00+00:00,MASSIVE_parquet,2026-05-20T04:17:34.819065+00:00
USD_JPY_H-B_2.5_0.40_1,USD_JPY,H1,M5,H-B,2.5,0.4,1,primary_12y,1121,0.5031222123104371,-0.7643175735949953,-0.006074162359278267,0.9082704352015427,0.4738926403666058,-2.162153232568634,-0.0486876919473167,-11.63615971788106,-0.16004196629905632,-0.475093857646014,0.14226202120839032,5,0.8577874190909932,0,0,,REJECT,2014-01-02T04:00:00+00:00,2026-04-30T23:00:00+00:00,MASSIVE_parquet,2026-05-20T04:17:34.819065+00:00
USD_JPY_H-B_2.5_0.40_3,USD_JPY,H1,M5,H-B,2.5,0.4,3,primary_12y,1121,0.495985727029438,-0.9512042818911517,-0.007328597495483878,0.9121873687504647,0.4667808977492039,-2.054053641684892,-0.04147861123978025,-11.916292513585073,-0.20258611537641646,-0.6226833328734416,0.18254103373928357,5,0.8111658291534537,0,0,,REJECT,2014-01-02T04:00:00+00:00,2026-04-30T23:00:00+00:00,MASSIVE_parquet,2026-05-20T04:17:34.819065+00:00
USD_JPY_H-B_2.5_0.40_6,USD_JPY,H1,M5,H-B,2.5,0.4,6,primary_12y,1121,0.4790365744870651,-0.7976806422836745,-0.0058211852181705905,0.9370729270026248,0.44991429534267513,-1.4252534544162803,-0.0300568572607825,-13.716557787293468,-0.24282297957971996,-0.7039513567802858,0.22166669108888276,5,0.16944469708496873,0,0,,REJECT,2014-01-02T04:00:00+00:00,2026-04-30T23:00:00+00:00,MASSIVE_parquet,2026-05-20T04:17:34.819065+00:00
USD_JPY_H-B_2.5_0.40_12,USD_JPY,H1,M5,H-B,2.5,0.4,12,primary_12y,1121,0.49241748438893845,-0.2538795718108984,-9.803001393510415e-05,0.985062929061784,0.46322725118595215,-0.01733026214635371,-0.0020641859478643387,-12.703395775499736,-0.3124600491759442,-0.850512915029622,0.28584420866730703,5,0.6327564764244795,0,0,,REJECT,2014-01-02T04:00:00+00:00,2026-04-30T23:00:00+00:00,MASSIVE_parquet,2026-05-20T04:17:34.819065+00:00
USD_JPY_H-C_2.5_0.40_1,USD_JPY,H1,M5,H-C,2.5,0.4,1,primary_12y,595,0.49411764705882355,1.1655462184873884,0.009575916205812173,1.1577462866501371,0.4541118562629009,3.247498199544126,0.06020462609914906,-3.449538887634152,-0.14815554107723022,-0.4182276821252595,0.1676517980479816,4,0.8057259160305673,0,0,1,REJECT,2014-01-02T04:00:00+00:00,2026-04-30T23:00:00+00:00,MASSIVE_parquet,2026-05-20T04:17:34.819065+00:00
USD_JPY_H-C_2.5_0.40_3,USD_JPY,H1,M5,H-C,2.5,0.4,3,primary_12y,595,0.4991596638655462,1.5477310924369563,0.013701469944434818,1.1605502187973968,0.45911883196086056,3.763276187265779,0.06920440077756435,-5.114434395428486,-0.18757840070210618,-0.588162231295114,0.21142369844486295,4,1.0,0,0,1,REJECT,2014-01-02T04:00:00+00:00,2026-04-30T23:00:00+00:00,MASSIVE_parquet,2026-05-20T04:17:34.819065+00:00
USD_JPY_H-C_2.5_0.40_6,USD_JPY,H1,M5,H-C,2.5,0.4,6,primary_12y,595,0.5176470588235295,1.8968067226890473,0.016881422799951966,1.1651907905329228,0.47751236744510983,4.061801651018885,0.07264696362785344,-4.579898897744536,-0.22655509835612095,-0.6540527165728405,0.25518930680026475,4,0.41228329200126107,0,0,1,REJECT,2014-01-02T04:00:00+00:00,2026-04-30T23:00:00+00:00,MASSIVE_parquet,2026-05-20T04:17:34.819065+00:00
USD_JPY_H-C_2.5_0.40_12,USD_JPY,H1,M5,H-C,2.5,0.4,12,primary_12y,595,0.5176470588235295,1.5544521008403396,0.013465008492071355,1.092579693044284,0.47751236744510983,2.4098570160243415,0.040026289486884525,-6.2202587454047285,-0.2908076621756736,-0.8669951718068547,0.32992968512157256,4,0.41228329200126107,0,0,1,REJECT,2014-01-02T04:00:00+00:00,2026-04-30T23:00:00+00:00,MASSIVE_parquet,2026-05-20T04:17:34.819065+00:00
USD_JPY_H-D_2.5_0.40_1,USD_JPY,H1,M5,H-D,2.5,0.4,1,primary_12y,1,0.0,-18.600000000000705,-0.1638420069765001,0.0,0.0,0.0,0.0,0.0,-0.17966919730144637,-0.17966919730144637,0.1838592769380254,0,1.0,0,0,1,REJECT,2014-01-02T04:00:00+00:00,2026-04-30T23:00:00+00:00,MASSIVE_parquet,2026-05-20T04:17:34.819065+00:00
USD_JPY_H-D_2.5_0.40_3,USD_JPY,H1,M5,H-D,2.5,0.4,3,primary_12y,1,0.0,-18.10000000000116,-0.1594446744597966,0.0,0.0,0.0,0.0,0.0,-0.2200936718667501,-0.2200936718667501,0.1838592769380254,0,1.0,0,0,1,REJECT,2014-01-02T04:00:00+00:00,2026-04-30T23:00:00+00:00,MASSIVE_parquet,2026-05-20T04:17:34.819065+00:00
USD_JPY_H-D_2.5_0.40_6,USD_JPY,H1,M5,H-D,2.5,0.4,6,primary_12y,1,0.0,-15.200000000000102,-0.1339325050665252,0.0,0.0,0.0,0.0,0.0,-0.2200936718667501,-0.2200936718667501,0.1838592769380254,0,1.0,0,0,1,REJECT,2014-01-02T04:00:00+00:00,2026-04-30T23:00:00+00:00,MASSIVE_parquet,2026-05-20T04:17:34.819065+00:00
USD_JPY_H-D_2.5_0.40_12,USD_JPY,H1,M5,H-D,2.5,0.4,12,primary_12y,1,0.0,-28.300000000000125,-0.24907367476082465,0.0,0.0,0.0,0.0,0.0,-0.3096138622570188,-0.3096138622570188,0.1838592769380254,0,1.0,0,0,1,REJECT,2014-01-02T04:00:00+00:00,2026-04-30T23:00:00+00:00,MASSIVE_parquet,2026-05-20T04:17:34.819065+00:00
USD_JPY_H-A_2.5_0.50_1,USD_JPY,H1,M5,H-A,2.5,0.5,1,primary_12y,935,0.493048128342246,1.3715508021390312,0.012111325899966939,1.1912916362117565,0.46109644841725017,4.337870946397111,0.07693034958805056,-6.953981700797973,-0.13837277872106815,-0.3967666972183692,0.16318069305096192,4,0.6947535848095161,0,0,,REJECT,2014-01-02T04:00:00+00:00,2026-04-30T23:00:00+00:00,MASSIVE_parquet,2026-05-20T04:17:34.819065+00:00
USD_JPY_H-A_2.5_0.50_3,USD_JPY,H1,M5,H-A,2.5,0.5,3,primary_12y,935,0.5037433155080214,1.5481283422459615,0.013645339526978308,1.1645260286428702,0.471745687839437,3.8460430081303296,0.07109786501485138,-11.812932694973378,-0.17762322249471307,-0.5654744298731683,0.20546911411512778,4,0.8444503877049108,0,0,,REJECT,2014-01-02T04:00:00+00:00,2026-04-30T23:00:00+00:00,MASSIVE_parquet,2026-05-20T04:17:34.819065+00:00
USD_JPY_H-A_2.5_0.50_6,USD_JPY,H1,M5,H-A,2.5,0.5,6,primary_12y,935,0.5219251336898396,1.4917647058823462,0.013159327790317442,1.1316706157781944,0.48988285702809997,3.2898702669982107,0.057886520056160684,-10.173721326462008,-0.21588354396765566,-0.6622772703154678,0.24647465850351083,5,0.19079778285674293,0,0,,REJECT,2014-01-02T04:00:00+00:00,2026-04-30T23:00:00+00:00,MASSIVE_parquet,2026-05-20T04:17:34.819065+00:00
USD_JPY_H-A_2.5_0.50_12,USD_JPY,H1,M5,H-A,2.5,0.5,12,primary_12y,935,0.49732620320855614,0.35818074866310023,0.002829299346284228,1.021926943448941,0.4653543952181998,0.5186713558077388,0.007546512857996013,-16.453431632997976,-0.2799175643648345,-0.8467955736445854,0.31465584580532974,5,0.8959315367826595,0,0,,REJECT,2014-01-02T04:00:00+00:00,2026-04-30T23:00:00+00:00,MASSIVE_parquet,2026-05-20T04:17:34.819065+00:00
USD_JPY_H-B_2.5_0.50_1,USD_JPY,H1,M5,H-B,2.5,0.5,1,primary_12y,935,0.5037433155080214,-1.3715508021390312,-0.011641742652227866,0.8394250153387683,0.471745687839437,-4.194223047952442,-0.09682759521108386,-14.086779304423938,-0.16249382729122638,-0.47899129514874184,0.13876842068283715,4,0.8444503877049108,0,0,,REJECT,2014-01-02T04:00:00+00:00,2026-04-30T23:00:00+00:00,MASSIVE_parquet,2026-05-20T04:17:34.819065+00:00
USD_JPY_H-B_2.5_0.50_3,USD_JPY,H1,M5,H-B,2.5,0.5,3,primary_12y,935,0.49625668449197863,-1.5481283422459615,-0.012884484427912962,0.8587184617637034,0.4642896898812802,-3.637997118154395,-0.07670080384700523,-16.182435929211564,-0.20446594725342335,-0.6234554410507853,0.17834076272485697,5,0.8444503877049108,0,0,,REJECT,2014-01-02T04:00:00+00:00,2026-04-30T23:00:00+00:00,MASSIVE_parquet,2026-05-20T04:17:34.819065+00:00
USD_JPY_H-B_2.5_0.50_6,USD_JPY,H1,M5,H-B,2.5,0.5,6,primary_12y,935,0.4748663101604278,-1.4917647058823462,-0.0121910962149462,0.8836493464243118,0.44302621364740696,-3.047697211140089,-0.06123007552279269,-16.574684711550713,-0.24512260364853267,-0.7109716465727933,0.21691242927246182,5,0.13244490335496178,0,0,,REJECT,2014-01-02T04:00:00+00:00,2026-04-30T23:00:00+00:00,MASSIVE_parquet,2026-05-20T04:17:34.819065+00:00
USD_JPY_H-B_2.5_0.50_12,USD_JPY,H1,M5,H-B,2.5,0.5,12,primary_12y,935,0.5005347593582887,-0.35818074866310023,-0.0010223994500639553,0.9785435313262816,0.4685493856919985,-0.18645759364711825,-0.0057147669585307925,-16.904469376864537,-0.3126293207805894,-0.8589067522568727,0.2817679910396615,5,1.0,0,0,,REJECT,2014-01-02T04:00:00+00:00,2026-04-30T23:00:00+00:00,MASSIVE_parquet,2026-05-20T04:17:34.819065+00:00
USD_JPY_H-C_2.5_0.50_1,USD_JPY,H1,M5,H-C,2.5,0.5,1,primary_12y,546,0.4926739926739927,1.5329670329670286,0.013421282510669387,1.2157883881612874,0.4509370341701684,4.644400602753905,0.08396656572300282,-3.432492763919971,-0.1455863575633596,-0.397319824939818,0.16882980747887052,3,0.7645352238823312,0,0,1,REJECT,2014-01-02T04:00:00+00:00,2026-04-30T23:00:00+00:00,MASSIVE_parquet,2026-05-20T04:17:34.819065+00:00
USD_JPY_H-C_2.5_0.50_3,USD_JPY,H1,M5,H-C,2.5,0.5,3,primary_12y,546,0.4926739926739927,1.6214285714285392,0.015045462774185026,1.171609676668989,0.4509370341701684,4.193277016840031,0.07539597811842491,-5.43374600914356,-0.18443613871179035,-0.5777874859217047,0.21111781377002548,4,0.7645352238823312,0,0,1,REJECT,2014-01-02T04:00:00+00:00,2026-04-30T23:00:00+00:00,MASSIVE_parquet,2026-05-20T04:17:34.819065+00:00
USD_JPY_H-C_2.5_0.50_6,USD_JPY,H1,M5,H-C,2.5,0.5,6,primary_12y,546,0.5091575091575091,2.0862637362636978,0.019063334145162935,1.1877008255474777,0.46730789493685915,4.74189435388365,0.08170300676271885,-4.522367815745517,-0.22237309105878428,-0.6289699377537039,0.2549900456135105,5,0.700152791344159,0,0,1,REJECT,2014-01-02T04:00:00+00:00,2026-04-30T23:00:00+00:00,MASSIVE_parquet,2026-05-20T04:17:34.819065+00:00
USD_JPY_H-C_2.5_0.50_12,USD_JPY,H1,M5,H-C,2.5,0.5,12,primary_12y,546,0.5073260073260073,1.492855311355302,0.012757948942841435,1.0906743472045262,0.4654866827491578,2.3699883761438048,0.03770529796239641,-6.799627982950098,-0.28661022923082136,-0.8649713242771612,0.32781199391197324,2,0.7645352238823312,0,0,1,REJECT,2014-01-02T04:00:00+00:00,2026-04-30T23:00:00+00:00,MASSIVE_parquet,2026-05-20T04:17:34.819065+00:00
USD_JPY_H-D_2.5_0.50_1,USD_JPY,H1,M5,H-D,2.5,0.5,1,primary_12y,0,0.0,0.0,0.0,0.0,0.0,0.0,0.0,0.0,0.0,0.0,0.0,0,1.0,0,0,1,REJECT,2014-01-02T04:00:00+00:00,2026-04-30T23:00:00+00:00,MASSIVE_parquet,2026-05-20T04:17:34.819065+00:00
USD_JPY_H-D_2.5_0.50_3,USD_JPY,H1,M5,H-D,2.5,0.5,3,primary_12y,0,0.0,0.0,0.0,0.0,0.0,0.0,0.0,0.0,0.0,0.0,0.0,0,1.0,0,0,1,REJECT,2014-01-02T04:00:00+00:00,2026-04-30T23:00:00+00:00,MASSIVE_parquet,2026-05-20T04:17:34.819065+00:00
USD_JPY_H-D_2.5_0.50_6,USD_JPY,H1,M5,H-D,2.5,0.5,6,primary_12y,0,0.0,0.0,0.0,0.0,0.0,0.0,0.0,0.0,0.0,0.0,0.0,0,1.0,0,0,1,REJECT,2014-01-02T04:00:00+00:00,2026-04-30T23:00:00+00:00,MASSIVE_parquet,2026-05-20T04:17:34.819065+00:00
USD_JPY_H-D_2.5_0.50_12,USD_JPY,H1,M5,H-D,2.5,0.5,12,primary_12y,0,0.0,0.0,0.0,0.0,0.0,0.0,0.0,0.0,0.0,0.0,0.0,0,1.0,0,0,1,REJECT,2014-01-02T04:00:00+00:00,2026-04-30T23:00:00+00:00,MASSIVE_parquet,2026-05-20T04:17:34.819065+00:00
USD_JPY_H-A_2.5_0.60_1,USD_JPY,H1,M5,H-A,2.5,0.6,1,primary_12y,717,0.500697350069735,1.8068340306834125,0.01546894194546701,1.2615744947200536,0.4641932192650363,5.431404981305759,0.09879005653455736,-5.689889996064073,-0.13905377093965873,-0.3971069472501254,0.1695373376948687,3,1.0,0,0,,REJECT,2014-01-02T04:00:00+00:00,2026-04-30T23:00:00+00:00,MASSIVE_parquet,2026-05-20T04:17:34.819065+00:00
USD_JPY_H-A_2.5_0.60_3,USD_JPY,H1,M5,H-A,2.5,0.6,3,primary_12y,717,0.497907949790795,1.7135285913528358,0.015455459220593631,1.184832483338596,0.46141896655549214,4.377351939431946,0.07899585667001818,-6.547724876907187,-0.17758528517559144,-0.5878255113375364,0.20859887440362865,5,0.9404671576183928,0,0,,REJECT,2014-01-02T04:00:00+00:00,2026-04-30T23:00:00+00:00,MASSIVE_parquet,2026-05-20T04:17:34.819065+00:00
USD_JPY_H-A_2.5_0.60_6,USD_JPY,H1,M5,H-A,2.5,0.6,6,primary_12y,717,0.5132496513249651,0.7389121338912076,0.006822978015594926,1.0629919387439655,0.4766913418239878,1.7107178812147648,0.027723391980078338,-9.753384516361693,-0.2188120609318137,-0.6826553563097003,0.24721541542224215,5,0.50146953468147,0,0,,REJECT,2014-01-02T04:00:00+00:00,2026-04-30T23:00:00+00:00,MASSIVE_parquet,2026-05-20T04:17:34.819065+00:00
USD_JPY_H-A_2.5_0.60_12,USD_JPY,H1,M5,H-A,2.5,0.6,12,primary_12y,717,0.4895397489539749,-0.29191073919107463,-0.0019934137894551513,0.9826451077943614,0.45310298898718954,-0.3760726110416273,-0.00945447760525725,-15.383020147414046,-0.2834836613936388,-0.8714209245147675,0.3150068201214947,5,0.6011167097520652,0,0,,REJECT,2014-01-02T04:00:00+00:00,2026-04-30T23:00:00+00:00,MASSIVE_parquet,2026-05-20T04:17:34.819065+00:00
USD_JPY_H-B_2.5_0.60_1,USD_JPY,H1,M5,H-B,2.5,0.6,1,primary_12y,717,0.496513249651325,-1.8068340306834125,-0.014980425394020244,0.7926602861624137,0.46003226394063773,-5.299570753776675,-0.12471882249050487,-11.56941875390557,-0.168773378209443,-0.4874958276229657,0.1394298575350208,3,0.8812650532500148,0,0,,REJECT,2014-01-02T04:00:00+00:00,2026-04-30T23:00:00+00:00,MASSIVE_parquet,2026-05-20T04:17:34.819065+00:00
USD_JPY_H-B_2.5_0.60_3,USD_JPY,H1,M5,H-B,2.5,0.6,3,primary_12y,717,0.502092050209205,-1.7135285913528358,-0.014703081415571025,0.8440011681501347,0.465580769353167,-4.179652463018059,-0.08975119480457872,-12.16237884368314,-0.20754073059601144,-0.6139471330744972,0.17825938348456719,5,0.9404671576183928,0,0,,REJECT,2014-01-02T04:00:00+00:00,2026-04-30T23:00:00+00:00,MASSIVE_parquet,2026-05-20T04:17:34.819065+00:00
USD_JPY_H-B_2.5_0.60_6,USD_JPY,H1,M5,H-B,2.5,0.6,6,primary_12y,717,0.4825662482566248,-0.7389121338912076,-0.0058619587922984304,0.9407409064471393,0.44618078117911486,-1.4698771856872928,-0.03150674157022498,-12.213564298551537,-0.24582312193616182,-0.6995099376981195,0.2198413222019196,5,0.3701055138322943,0,0,,REJECT,2014-01-02T04:00:00+00:00,2026-04-30T23:00:00+00:00,MASSIVE_parquet,2026-05-20T04:17:34.819065+00:00
USD_JPY_H-B_2.5_0.60_12,USD_JPY,H1,M5,H-B,2.5,0.6,12,primary_12y,717,0.5076708507670851,0.29191073919107463,0.003693286992959428,1.017661403967698,0.47113379482433315,0.6955392689387478,0.009853108065551841,-13.32947170551374,-0.3129635951307543,-0.8748531116882873,0.28524381095360407,5,0.7088363196689488,0,0,,REJECT,2014-01-02T04:00:00+00:00,2026-04-30T23:00:00+00:00,MASSIVE_parquet,2026-05-20T04:17:34.819065+00:00
USD_JPY_H-C_2.5_0.60_1,USD_JPY,H1,M5,H-C,2.5,0.6,1,primary_12y,476,0.48739495798319327,1.1157563025210069,0.009470729118956371,1.1511082026915527,0.4427727322840544,3.190160042876457,0.060033226764129255,-4.10768826805561,-0.15051522389353217,-0.41809548429582455,0.17073552302090778,5,0.6141784075899118,0,0,1,REJECT,2014-01-02T04:00:00+00:00,2026-04-30T23:00:00+00:00,MASSIVE_parquet,2026-05-20T04:17:34.819065+00:00
USD_JPY_H-C_2.5_0.60_3,USD_JPY,H1,M5,H-C,2.5,0.6,3,primary_12y,476,0.4852941176470588,0.7712184873949264,0.007921601035276072,1.0773021120680546,0.440693805086597,2.172979551888687,0.040178944073776035,-4.896272626363407,-0.18981352283420055,-0.5979427553361755,0.2091069062936271,6,0.5513179148875473,0,0,1,REJECT,2014-01-02T04:00:00+00:00,2026-04-30T23:00:00+00:00,MASSIVE_parquet,2026-05-20T04:17:34.819065+00:00
USD_JPY_H-C_2.5_0.60_6,USD_JPY,H1,M5,H-C,2.5,0.6,6,primary_12y,476,0.5084033613445378,0.7852941176470231,0.007913101239828479,1.065924763231686,0.4636051124961111,1.9678159490840756,0.03387008761127247,-4.5252709575819186,-0.23034883378607887,-0.6689816976966495,0.2519623112536475,6,0.7483665706184637,0,0,1,REJECT,2014-01-02T04:00:00+00:00,2026-04-30T23:00:00+00:00,MASSIVE_parquet,2026-05-20T04:17:34.819065+00:00
USD_JPY_H-C_2.5_0.60_12,USD_JPY,H1,M5,H-C,2.5,0.6,12,primary_12y,476,0.5,0.27752100840334876,0.0029159579164430367,1.0162064015899683,0.4552627575727597,0.5425214291878763,0.0053999784569904175,-7.952766639723997,-0.29504199755435195,-0.8809492898177118,0.3235264759210331,5,1.0,0,0,1,REJECT,2014-01-02T04:00:00+00:00,2026-04-30T23:00:00+00:00,MASSIVE_parquet,2026-05-20T04:17:34.819065+00:00
USD_JPY_H-D_2.5_0.60_1,USD_JPY,H1,M5,H-D,2.5,0.6,1,primary_12y,0,0.0,0.0,0.0,0.0,0.0,0.0,0.0,0.0,0.0,0.0,0.0,0,1.0,0,0,1,REJECT,2014-01-02T04:00:00+00:00,2026-04-30T23:00:00+00:00,MASSIVE_parquet,2026-05-20T04:17:34.819065+00:00
USD_JPY_H-D_2.5_0.60_3,USD_JPY,H1,M5,H-D,2.5,0.6,3,primary_12y,0,0.0,0.0,0.0,0.0,0.0,0.0,0.0,0.0,0.0,0.0,0.0,0,1.0,0,0,1,REJECT,2014-01-02T04:00:00+00:00,2026-04-30T23:00:00+00:00,MASSIVE_parquet,2026-05-20T04:17:34.819065+00:00
USD_JPY_H-D_2.5_0.60_6,USD_JPY,H1,M5,H-D,2.5,0.6,6,primary_12y,0,0.0,0.0,0.0,0.0,0.0,0.0,0.0,0.0,0.0,0.0,0.0,0,1.0,0,0,1,REJECT,2014-01-02T04:00:00+00:00,2026-04-30T23:00:00+00:00,MASSIVE_parquet,2026-05-20T04:17:34.819065+00:00
USD_JPY_H-D_2.5_0.60_12,USD_JPY,H1,M5,H-D,2.5,0.6,12,primary_12y,0,0.0,0.0,0.0,0.0,0.0,0.0,0.0,0.0,0.0,0.0,0.0,0,1.0,0,0,1,REJECT,2014-01-02T04:00:00+00:00,2026-04-30T23:00:00+00:00,MASSIVE_parquet,2026-05-20T04:17:34.819065+00:00
USD_JPY_H-A_3_0.40_1,USD_JPY,H1,M5,H-A,3.0,0.4,1,primary_12y,550,0.5109090909090909,1.502363636363604,0.014275813752854432,1.199089244410173,0.46920186491718247,4.63316336556128,0.08454303195959206,-4.13478898252503,-0.14619468432316554,-0.4016541428243664,0.17651419016327655,4,0.6390796749695778,0,0,,REJECT,2014-01-02T04:00:00+00:00,2026-04-30T23:00:00+00:00,MASSIVE_parquet,2026-05-20T04:17:34.819065+00:00
USD_JPY_H-A_3_0.40_3,USD_JPY,H1,M5,H-A,3.0,0.4,3,primary_12y,550,0.5163636363636364,0.38727272727271084,0.004352787745312083,1.0372742545149083,0.47463088547687715,1.1774745113415157,0.023119161615953066,-6.064806281298639,-0.18874305028139327,-0.5938397813590529,0.2152546489502725,4,0.4685563125132208,0,0,,REJECT,2014-01-02T04:00:00+00:00,2026-04-30T23:00:00+00:00,MASSIVE_parquet,2026-05-20T04:17:34.819065+00:00
USD_JPY_H-A_3_0.40_6,USD_JPY,H1,M5,H-A,3.0,0.4,6,primary_12y,550,0.5145454545454545,0.1856363636363586,0.0023314799889180894,1.0150578865865345,0.4728206645081318,0.5543380047826916,0.004977214257385509,-5.698605973280834,-0.22585832498095534,-0.6891949232044431,0.2583651066211812,7,0.5224686916216666,0,0,,REJECT,2014-01-02T04:00:00+00:00,2026-04-30T23:00:00+00:00,MASSIVE_parquet,2026-05-20T04:17:34.819065+00:00
USD_JPY_H-A_3_0.40_12,USD_JPY,H1,M5,H-A,3.0,0.4,12,primary_12y,550,0.5218181818181818,-0.3809090909090904,-0.00399696274322473,0.9772537268058586,0.4800648353439308,-0.7209603346110152,-0.016372348491153543,-13.551574018879087,-0.2851055273927152,-0.8721437514575192,0.3241842243401163,7,0.3267321873906366,0,0,,REJECT,2014-01-02T04:00:00+00:00,2026-04-30T23:00:00+00:00,MASSIVE_parquet,2026-05-20T04:17:34.819065+00:00
USD_JPY_H-B_3_0.40_1,USD_JPY,H1,M5,H-B,3.0,0.4,1,primary_12y,550,0.48363636363636364,-1.502363636363604,-0.013704039908697396,0.8339662828782154,0.44213060996783937,-4.473304695620339,-0.10424735267595231,-9.064671680945711,-0.17574112970965503,-0.49671620616821954,0.14666504815237008,4,0.4685563125132208,0,0,,REJECT,2014-01-02T04:00:00+00:00,2026-04-30T23:00:00+00:00,MASSIVE_parquet,2026-05-20T04:17:34.819065+00:00
USD_JPY_H-B_3_0.40_3,USD_JPY,H1,M5,H-B,3.0,0.4,3,primary_12y,550,0.48363636363636364,-0.38727272727271084,-0.003529687485645275,0.9640651887842913,0.44213060996783937,-0.9571408255031327,-0.018305505208547124,-6.579486174809489,-0.21420857939139565,-0.6329012246017146,0.18955325633170345,4,0.4685563125132208,0,0,,REJECT,2014-01-02T04:00:00+00:00,2026-04-30T23:00:00+00:00,MASSIVE_parquet,2026-05-20T04:17:34.819065+00:00
USD_JPY_H-B_3_0.40_6,USD_JPY,H1,M5,H-B,3.0,0.4,6,primary_12y,550,0.48,-0.1856363636363586,-0.0012625429682693312,0.9851654897858372,0.4385304117231543,-0.2998961489314509,-0.010639928194316361,-8.327505789923306,-0.25695314455791357,-0.7502582603395546,0.22701267952531654,7,0.37056486851399456,0,0,,REJECT,2014-01-02T04:00:00+00:00,2026-04-30T23:00:00+00:00,MASSIVE_parquet,2026-05-20T04:17:34.819065+00:00
USD_JPY_H-B_3_0.40_12,USD_JPY,H1,M5,H-B,3.0,0.4,12,primary_12y,550,0.4763636363636364,0.3809090909090904,0.005864526309955427,1.0232757088258821,0.4349324059746865,1.051054308261015,0.016934306104383567,-9.092540355093378,-0.32218342764280117,-0.8382655884636653,0.28705788019180495,7,0.28641222984162423,0,0,,REJECT,2014-01-02T04:00:00+00:00,2026-04-30T23:00:00+00:00,MASSIVE_parquet,2026-05-20T04:17:34.819065+00:00
USD_JPY_H-C_3_0.40_1,USD_JPY,H1,M5,H-C,3.0,0.4,1,primary_12y,306,0.5163398692810458,1.6529411764705813,0.015615691289156906,1.2229667180956578,0.46049317791626704,4.839573643568049,0.09248649890366006,-1.9009425361124825,-0.15175852021015782,-0.41653298579349685,0.18192536715969942,3,0.6069779078902146,0,0,1,REJECT,2014-01-02T04:00:00+00:00,2026-04-30T23:00:00+00:00,MASSIVE_parquet,2026-05-20T04:17:34.819065+00:00
USD_JPY_H-C_3_0.40_3,USD_JPY,H1,M5,H-C,3.0,0.4,3,primary_12y,306,0.5130718954248366,0.6192810457516188,0.006893650702612318,1.0614760746147591,0.4572551466623194,1.8557377554040944,0.03656978418394091,-3.0489186884284925,-0.19241213867803217,-0.5777874859217047,0.21682132480849536,4,0.6891039860610375,0,0,1,REJECT,2014-01-02T04:00:00+00:00,2026-04-30T23:00:00+00:00,MASSIVE_parquet,2026-05-20T04:17:34.819065+00:00
USD_JPY_H-C_3_0.40_6,USD_JPY,H1,M5,H-C,3.0,0.4,6,primary_12y,306,0.5130718954248366,0.5248366013071738,0.005578109914562656,1.043075932730734,0.4572551466623194,1.3355704565730722,0.02181486065581889,-3.391446787564323,-0.22772847413430433,-0.6431051743733901,0.26048277841348844,7,0.6891039860610375,0,0,1,REJECT,2014-01-02T04:00:00+00:00,2026-04-30T23:00:00+00:00,MASSIVE_parquet,2026-05-20T04:17:34.819065+00:00
USD_JPY_H-C_3_0.40_12,USD_JPY,H1,M5,H-C,3.0,0.4,12,primary_12y,306,0.5424836601307189,0.873202614379084,0.007420213250437346,1.0535074193483787,0.4864822957150988,1.361604346339619,0.022555264181944312,-5.533325707698811,-0.28457391907712226,-0.8363816295424348,0.3322840974500508,5,0.15284331671941812,0,0,1,REJECT,2014-01-02T04:00:00+00:00,2026-04-30T23:00:00+00:00,MASSIVE_parquet,2026-05-20T04:17:34.819065+00:00
USD_JPY_H-D_3_0.40_1,USD_JPY,H1,M5,H-D,3.0,0.4,1,primary_12y,1,0.0,-18.600000000000705,-0.1638420069765001,0.0,0.0,0.0,0.0,0.0,-0.17966919730144637,-0.17966919730144637,0.1838592769380254,0,1.0,0,0,1,REJECT,2014-01-02T04:00:00+00:00,2026-04-30T23:00:00+00:00,MASSIVE_parquet,2026-05-20T04:17:34.819065+00:00
USD_JPY_H-D_3_0.40_3,USD_JPY,H1,M5,H-D,3.0,0.4,3,primary_12y,1,0.0,-18.10000000000116,-0.1594446744597966,0.0,0.0,0.0,0.0,0.0,-0.2200936718667501,-0.2200936718667501,0.1838592769380254,0,1.0,0,0,1,REJECT,2014-01-02T04:00:00+00:00,2026-04-30T23:00:00+00:00,MASSIVE_parquet,2026-05-20T04:17:34.819065+00:00
USD_JPY_H-D_3_0.40_6,USD_JPY,H1,M5,H-D,3.0,0.4,6,primary_12y,1,0.0,-15.200000000000102,-0.1339325050665252,0.0,0.0,0.0,0.0,0.0,-0.2200936718667501,-0.2200936718667501,0.1838592769380254,0,1.0,0,0,1,REJECT,2014-01-02T04:00:00+00:00,2026-04-30T23:00:00+00:00,MASSIVE_parquet,2026-05-20T04:17:34.819065+00:00
USD_JPY_H-D_3_0.40_12,USD_JPY,H1,M5,H-D,3.0,0.4,12,primary_12y,1,0.0,-28.300000000000125,-0.24907367476082465,0.0,0.0,0.0,0.0,0.0,-0.3096138622570188,-0.3096138622570188,0.1838592769380254,0,1.0,0,0,1,REJECT,2014-01-02T04:00:00+00:00,2026-04-30T23:00:00+00:00,MASSIVE_parquet,2026-05-20T04:17:34.819065+00:00
USD_JPY_H-A_3_0.50_1,USD_JPY,H1,M5,H-A,3.0,0.5,1,primary_12y,460,0.5173913043478261,3.269782608695624,0.029782372650457314,1.5084167117360698,0.4717722814503293,9.953505172144316,0.17165768269460085,-3.422099355322578,-0.13605753719941038,-0.3652351065225945,0.18120454982980813,2,0.48435614513003117,0,0,,REJECT,2014-01-02T04:00:00+00:00,2026-04-30T23:00:00+00:00,MASSIVE_parquet,2026-05-20T04:17:34.819065+00:00
USD_JPY_H-A_3_0.50_3,USD_JPY,H1,M5,H-A,3.0,0.5,3,primary_12y,460,0.5260869565217391,2.287608695652142,0.021092389038022536,1.2489531335020898,0.48043007230055257,5.822053431324011,0.10731404817357271,-6.463901681240625,-0.1781232654543617,-0.5346237566550799,0.22221675226642557,3,0.2835362980275993,0,0,,REJECT,2014-01-02T04:00:00+00:00,2026-04-30T23:00:00+00:00,MASSIVE_parquet,2026-05-20T04:17:34.819065+00:00
USD_JPY_H-A_3_0.50_6,USD_JPY,H1,M5,H-A,3.0,0.5,6,primary_12y,460,0.5304347826086957,2.14739130434782,0.01959729118619276,1.1975955672020957,0.4847641046948252,4.907565850128363,0.08525867374983859,-5.26535838166655,-0.21063477919005205,-0.6296915473964521,0.26431213145520616,6,0.20802512690228375,0,0,,REJECT,2014-01-02T04:00:00+00:00,2026-04-30T23:00:00+00:00,MASSIVE_parquet,2026-05-20T04:17:34.819065+00:00
USD_JPY_H-A_3_0.50_12,USD_JPY,H1,M5,H-A,3.0,0.5,12,primary_12y,460,0.5347826086956522,1.9526086956521613,0.016641438437990687,1.1324876465816054,0.48910156818060957,3.237559308507539,0.05772200784728487,-7.816839287449094,-0.2652890948551432,-0.8166744010494769,0.3316192832266139,4,0.14827050225768382,0,0,,REJECT,2014-01-02T04:00:00+00:00,2026-04-30T23:00:00+00:00,MASSIVE_parquet,2026-05-20T04:17:34.819065+00:00
USD_JPY_H-B_3_0.50_1,USD_JPY,H1,M5,H-B,3.0,0.5,1,primary_12y,460,0.47608695652173916,-3.269782608695624,-0.02923823345814536,0.6629467787114862,0.43083434200504966,-9.859895953498896,-0.25017372423295825,-14.307551618558204,-0.18036800574805067,-0.5366647455536722,0.13640891544104677,2,0.32751959747782433,0,0,,REJECT,2014-01-02T04:00:00+00:00,2026-04-30T23:00:00+00:00,MASSIVE_parquet,2026-05-20T04:17:34.819065+00:00
USD_JPY_H-B_3_0.50_3,USD_JPY,H1,M5,H-B,3.0,0.5,3,primary_12y,460,0.47391304347826085,-2.287608695652142,-0.020299561663384594,0.800670556144873,0.4286882550403632,-5.627929768556736,-0.11645297066445076,-12.535627636815327,-0.2210737832919106,-0.6639692635305771,0.1787971172777366,3,0.2835362980275993,0,0,,REJECT,2014-01-02T04:00:00+00:00,2026-04-30T23:00:00+00:00,MASSIVE_parquet,2026-05-20T04:17:34.819065+00:00
USD_JPY_H-B_3_0.50_6,USD_JPY,H1,M5,H-B,3.0,0.5,6,primary_12y,460,0.4652173913043478,-2.14739130434782,-0.018632648953236675,0.8350064307070443,0.420112478500357,-4.672417514209167,-0.09380386299589993,-14.151049414795157,-0.26279636142565,-0.7934432821737625,0.21154846002685135,6,0.14827050225768382,0,0,,REJECT,2014-01-02T04:00:00+00:00,2026-04-30T23:00:00+00:00,MASSIVE_parquet,2026-05-20T04:17:34.819065+00:00
USD_JPY_H-B_3_0.50_12,USD_JPY,H1,M5,H-B,3.0,0.5,12,primary_12y,460,0.46304347826086956,-1.9526086956521613,-0.015037653935602639,0.8830118394831793,0.41797068058500336,-2.912886753758376,-0.05457152454959224,-9.82562496475261,-0.329485269388963,-0.9224450569172504,0.2668814350086053,4,0.12380085542687044,0,0,,REJECT,2014-01-02T04:00:00+00:00,2026-04-30T23:00:00+00:00,MASSIVE_parquet,2026-05-20T04:17:34.819065+00:00
USD_JPY_H-C_3_0.50_1,USD_JPY,H1,M5,H-C,3.0,0.5,1,primary_12y,284,0.5246478873239436,2.811971830985912,0.02624236553626553,1.4236829540028653,0.4666263370823865,8.438526673966587,0.15533065349099306,-1.8981030246213688,-0.14399834498804043,-0.38396165891619427,0.18317637699592781,3,0.4405200804502227,0,0,1,REJECT,2014-01-02T04:00:00+00:00,2026-04-30T23:00:00+00:00,MASSIVE_parquet,2026-05-20T04:17:34.819065+00:00
USD_JPY_H-C_3_0.50_3,USD_JPY,H1,M5,H-C,3.0,0.5,3,primary_12y,284,0.5140845070422535,1.7482394366196945,0.017193406222052014,1.188082430487155,0.4561572606735253,4.743949483237123,0.08844744112576902,-2.840702331319911,-0.18328284549648788,-0.5291529866697992,0.21865223944105594,4,0.6779427203063527,0,0,1,REJECT,2014-01-02T04:00:00+00:00,2026-04-30T23:00:00+00:00,MASSIVE_parquet,2026-05-20T04:17:34.819065+00:00
USD_JPY_H-C_3_0.50_6,USD_JPY,H1,M5,H-C,3.0,0.5,6,primary_12y,284,0.5140845070422535,1.9665492957746407,0.018637977477714448,1.1815610675855783,0.4561572606735253,4.793061464324247,0.08034805021251001,-3.1482871386255384,-0.2146558010655733,-0.5819617572452773,0.2620298645135132,7,0.6779427203063527,0,0,1,REJECT,2014-01-02T04:00:00+00:00,2026-04-30T23:00:00+00:00,MASSIVE_parquet,2026-05-20T04:17:34.819065+00:00
USD_JPY_H-C_3_0.50_12,USD_JPY,H1,M5,H-C,3.0,0.5,12,primary_12y,284,0.545774647887324,2.3183098591549354,0.02061363824351789,1.1586123825584203,0.487641181995174,4.191188109905439,0.07085731287164176,-3.545333355375968,-0.26678154336044807,-0.7674219438740632,0.33169378131405286,5,0.13780907674155224,0,0,1,REJECT,2014-01-02T04:00:00+00:00,2026-04-30T23:00:00+00:00,MASSIVE_parquet,2026-05-20T04:17:34.819065+00:00
USD_JPY_H-D_3_0.50_1,USD_JPY,H1,M5,H-D,3.0,0.5,1,primary_12y,0,0.0,0.0,0.0,0.0,0.0,0.0,0.0,0.0,0.0,0.0,0.0,0,1.0,0,0,1,REJECT,2014-01-02T04:00:00+00:00,2026-04-30T23:00:00+00:00,MASSIVE_parquet,2026-05-20T04:17:34.819065+00:00
USD_JPY_H-D_3_0.50_3,USD_JPY,H1,M5,H-D,3.0,0.5,3,primary_12y,0,0.0,0.0,0.0,0.0,0.0,0.0,0.0,0.0,0.0,0.0,0.0,0,1.0,0,0,1,REJECT,2014-01-02T04:00:00+00:00,2026-04-30T23:00:00+00:00,MASSIVE_parquet,2026-05-20T04:17:34.819065+00:00
USD_JPY_H-D_3_0.50_6,USD_JPY,H1,M5,H-D,3.0,0.5,6,primary_12y,0,0.0,0.0,0.0,0.0,0.0,0.0,0.0,0.0,0.0,0.0,0.0,0,1.0,0,0,1,REJECT,2014-01-02T04:00:00+00:00,2026-04-30T23:00:00+00:00,MASSIVE_parquet,2026-05-20T04:17:34.819065+00:00
USD_JPY_H-D_3_0.50_12,USD_JPY,H1,M5,H-D,3.0,0.5,12,primary_12y,0,0.0,0.0,0.0,0.0,0.0,0.0,0.0,0.0,0.0,0.0,0.0,0,1.0,0,0,1,REJECT,2014-01-02T04:00:00+00:00,2026-04-30T23:00:00+00:00,MASSIVE_parquet,2026-05-20T04:17:34.819065+00:00
USD_JPY_H-A_3_0.60_1,USD_JPY,H1,M5,H-A,3.0,0.6,1,primary_12y,365,0.5178082191780822,3.244383561643827,0.030389070679846194,1.4992621948648763,0.4666279974850611,9.755389742081334,0.17419767961015947,-3.010450546366707,-0.13855992946207274,-0.3711057121644168,0.18837193595041396,3,0.529989983409684,0,0,,REJECT,2014-01-02T04:00:00+00:00,2026-04-30T23:00:00+00:00,MASSIVE_parquet,2026-05-20T04:17:34.819065+00:00
USD_JPY_H-A_3_0.60_3,USD_JPY,H1,M5,H-A,3.0,0.6,3,primary_12y,365,0.536986301369863,2.8430136986301204,0.026854487387223114,1.3058535722706888,0.48571264518122464,7.051165317514205,0.1314568376044314,-4.02105037127448,-0.1796628074373064,-0.5402842855425161,0.23036692975286954,4,0.1734611094494832,0,0,,REJECT,2014-01-02T04:00:00+00:00,2026-04-30T23:00:00+00:00,MASSIVE_parquet,2026-05-20T04:17:34.819065+00:00
USD_JPY_H-A_3_0.60_6,USD_JPY,H1,M5,H-A,3.0,0.6,6,primary_12y,365,0.5315068493150685,2.157260273972601,0.02029175784005441,1.1893425672101188,0.4802522700855047,4.846580087425409,0.08365360694703672,-5.081677665605378,-0.2150281816708893,-0.6283162098099182,0.2742022309484176,5,0.24947826774522147,0,0,,REJECT,2014-01-02T04:00:00+00:00,2026-04-30T23:00:00+00:00,MASSIVE_parquet,2026-05-20T04:17:34.819065+00:00
USD_JPY_H-A_3_0.60_12,USD_JPY,H1,M5,H-A,3.0,0.6,12,primary_12y,365,0.5424657534246575,2.4706849315068538,0.022176077914050123,1.1632483119422172,0.4911791344265093,4.198529497918965,0.07396073314444684,-7.736502617647142,-0.26567967106616963,-0.8489284728211666,0.3444429562088055,4,0.11622971010065054,0,0,,REJECT,2014-01-02T04:00:00+00:00,2026-04-30T23:00:00+00:00,MASSIVE_parquet,2026-05-20T04:17:34.819065+00:00
USD_JPY_H-B_3_0.60_1,USD_JPY,H1,M5,H-B,3.0,0.6,1,primary_12y,365,0.4767123287671233,-3.244383561643827,-0.029800722861249736,0.6669947414302185,0.4259828787406802,-9.66487866802749,-0.25221613685639116,-11.953658434190917,-0.1874420508818392,-0.550453216496396,0.1389092125845777,3,0.40235628259931666,0,0,,REJECT,2014-01-02T04:00:00+00:00,2026-04-30T23:00:00+00:00,MASSIVE_parquet,2026-05-20T04:17:34.819065+00:00
USD_JPY_H-B_3_0.60_3,USD_JPY,H1,M5,H-B,3.0,0.6,3,primary_12y,365,0.46301369863013697,-2.8430136986301204,-0.02597705424775108,0.7657826430425473,0.4125104620906149,-6.854702725151326,-0.14462702975530828,-11.300054426093194,-0.2291159082775682,-0.6855248819807147,0.1803578041414906,4,0.1734611094494832,0,0,,REJECT,2014-01-02T04:00:00+00:00,2026-04-30T23:00:00+00:00,MASSIVE_parquet,2026-05-20T04:17:34.819065+00:00
USD_JPY_H-B_3_0.60_6,USD_JPY,H1,M5,H-B,3.0,0.6,6,primary_12y,365,0.46301369863013697,-2.157260273972601,-0.019232094305922508,0.8408006469874647,0.4125104620906149,-4.599963532868725,-0.09341847660283853,-11.221516608782629,-0.27253018891481084,-0.8042825072680926,0.21599021203602706,5,0.1734611094494832,0,0,,REJECT,2014-01-02T04:00:00+00:00,2026-04-30T23:00:00+00:00,MASSIVE_parquet,2026-05-20T04:17:34.819065+00:00
USD_JPY_H-B_3_0.60_12,USD_JPY,H1,M5,H-B,3.0,0.6,12,primary_12y,365,0.4547945205479452,-2.4706849315068538,-0.020482195708485425,0.8596616816321446,0.40444534185517594,-3.862226674511591,-0.07141978457944242,-9.362513415072803,-0.3421277569859992,-0.937048132074052,0.26726376178760175,4,0.09380720788847371,0,0,,REJECT,2014-01-02T04:00:00+00:00,2026-04-30T23:00:00+00:00,MASSIVE_parquet,2026-05-20T04:17:34.819065+00:00
USD_JPY_H-C_3_0.60_1,USD_JPY,H1,M5,H-C,3.0,0.6,1,primary_12y,254,0.5118110236220472,2.1814960629921303,0.020821232069142947,1.3116598233871435,0.45062206447943637,6.5360648493160625,0.12477567898538683,-2.4801671815165798,-0.14942751410593508,-0.4004631375525397,0.18374078427952173,3,0.7537986384660683,0,0,1,REJECT,2014-01-02T04:00:00+00:00,2026-04-30T23:00:00+00:00,MASSIVE_parquet,2026-05-20T04:17:34.819065+00:00
USD_JPY_H-C_3_0.60_3,USD_JPY,H1,M5,H-C,3.0,0.6,3,primary_12y,254,0.5196850393700787,1.6106299212598179,0.016274201220154254,1.16830542642037,0.458408604292898,4.377762093922547,0.08356598678739369,-2.253550153739059,-0.18720554466886075,-0.5628041491206226,0.21916377652003427,4,0.5723574523243954,0,0,1,REJECT,2014-01-02T04:00:00+00:00,2026-04-30T23:00:00+00:00,MASSIVE_parquet,2026-05-20T04:17:34.819065+00:00
USD_JPY_H-C_3_0.60_6,USD_JPY,H1,M5,H-C,3.0,0.6,6,primary_12y,254,0.5196850393700787,1.6940944881889586,0.01660250185562686,1.1488566783132097,0.458408604292898,4.156528248409539,0.06989277318986825,-2.7154447210915866,-0.2201518896897548,-0.5926323230460001,0.26616198170749716,6,0.5723574523243954,0,0,1,REJECT,2014-01-02T04:00:00+00:00,2026-04-30T23:00:00+00:00,MASSIVE_parquet,2026-05-20T04:17:34.819065+00:00
USD_JPY_H-C_3_0.60_12,USD_JPY,H1,M5,H-C,3.0,0.6,12,primary_12y,254,0.5511811023622047,2.770078740157492,0.025112315428039867,1.191450572773531,0.48970459994572535,5.209999771618388,0.08603376461947376,-3.1016684252354154,-0.26701976454249565,-0.7755754920431057,0.337049550041945,5,0.11655673056910192,0,0,1,REJECT,2014-01-02T04:00:00+00:00,2026-04-30T23:00:00+00:00,MASSIVE_parquet,2026-05-20T04:17:34.819065+00:00
USD_JPY_H-D_3_0.60_1,USD_JPY,H1,M5,H-D,3.0,0.6,1,primary_12y,0,0.0,0.0,0.0,0.0,0.0,0.0,0.0,0.0,0.0,0.0,0.0,0,1.0,0,0,1,REJECT,2014-01-02T04:00:00+00:00,2026-04-30T23:00:00+00:00,MASSIVE_parquet,2026-05-20T04:17:34.819065+00:00
USD_JPY_H-D_3_0.60_3,USD_JPY,H1,M5,H-D,3.0,0.6,3,primary_12y,0,0.0,0.0,0.0,0.0,0.0,0.0,0.0,0.0,0.0,0.0,0.0,0,1.0,0,0,1,REJECT,2014-01-02T04:00:00+00:00,2026-04-30T23:00:00+00:00,MASSIVE_parquet,2026-05-20T04:17:34.819065+00:00
USD_JPY_H-D_3_0.60_6,USD_JPY,H1,M5,H-D,3.0,0.6,6,primary_12y,0,0.0,0.0,0.0,0.0,0.0,0.0,0.0,0.0,0.0,0.0,0.0,0,1.0,0,0,1,REJECT,2014-01-02T04:00:00+00:00,2026-04-30T23:00:00+00:00,MASSIVE_parquet,2026-05-20T04:17:34.819065+00:00
USD_JPY_H-D_3_0.60_12,USD_JPY,H1,M5,H-D,3.0,0.6,12,primary_12y,0,0.0,0.0,0.0,0.0,0.0,0.0,0.0,0.0,0.0,0.0,0.0,0,1.0,0,0,1,REJECT,2014-01-02T04:00:00+00:00,2026-04-30T23:00:00+00:00,MASSIVE_parquet,2026-05-20T04:17:34.819065+00:00
GBP_JPY_H-A_1.5_0.40_1,GBP_JPY,H1,M5,H-A,1.5,0.4,1,primary_12y,9037,0.49374792519641475,0.7593464573576958,0.005277993114306812,1.060243286414618,0.4834448287261917,1.4053752745254067,0.02973374408846563,-12.287122411739205,-0.1638015350542656,-0.45818784584102046,0.17284644297990823,5,0.2387294074066914,0,0,,REJECT,2014-01-02T04:00:00+00:00,2026-04-30T23:00:00+00:00,MASSIVE_parquet,2026-05-20T04:17:34.819065+00:00
GBP_JPY_H-A_1.5_0.40_3,GBP_JPY,H1,M5,H-A,1.5,0.4,3,primary_12y,9037,0.501051233816532,1.0921174230211803,0.007511251218920158,1.065967750066539,0.4907442515122752,1.5044171442788095,0.03278717685424859,-18.242975535663533,-0.21499178773039954,-0.5988209916586884,0.2261615100956645,5,0.8498215190859814,0,0,,REJECT,2014-01-02T04:00:00+00:00,2026-04-30T23:00:00+00:00,MASSIVE_parquet,2026-05-20T04:17:34.819065+00:00
GBP_JPY_H-A_1.5_0.40_6,GBP_JPY,H1,M5,H-A,1.5,0.4,6,primary_12y,9037,0.5008299214341042,1.053271096839883,0.007235545140350717,1.0521719041075717,0.4905230245875254,1.3035839481735774,0.026036323558056074,-31.499345428075465,-0.268287940257142,-0.761573947275036,0.28232005242136204,5,0.8829195292817802,0,0,,REJECT,2014-01-02T04:00:00+00:00,2026-04-30T23:00:00+00:00,MASSIVE_parquet,2026-05-20T04:17:34.819065+00:00
GBP_JPY_H-A_1.5_0.40_12,GBP_JPY,H1,M5,H-A,1.5,0.4,12,primary_12y,9035,0.5004980630879912,1.704289610738135,0.011880111940881831,1.068267811959707,0.490190157932469,1.7457268001979227,0.03426623617199859,-21.80449575856177,-0.3349136763428365,-0.9159879522889369,0.35711957375857895,4,0.9329267240968511,0,0,,REJECT,2014-01-02T04:00:00+00:00,2026-04-30T23:00:00+00:00,MASSIVE_parquet,2026-05-20T04:17:34.819065+00:00
GBP_JPY_H-B_1.5_0.40_1,GBP_JPY,H1,M5,H-B,1.5,0.4,1,primary_12y,9037,0.5050348567002324,-0.7593464573576958,-0.004454469107473549,0.9431797520563978,0.49472668131176206,-1.227169913203281,-0.02962315960628381,-44.73937872597855,-0.17192329099354536,-0.4954245998829543,0.1643660361375293,5,0.3437721425004295,0,0,,REJECT,2014-01-02T04:00:00+00:00,2026-04-30T23:00:00+00:00,MASSIVE_parquet,2026-05-20T04:17:34.819065+00:00
GBP_JPY_H-B_1.5_0.40_3,GBP_JPY,H1,M5,H-B,1.5,0.4,3,primary_12y,9037,0.4979528604625429,-1.0921174230211803,-0.006038898135643522,0.938114684930739,0.48764725823788785,-1.2361491580289903,-0.02977533429377549,-58.90901469288736,-0.22464401428870695,-0.6329413177703636,0.21609621800022774,5,0.704916078033532,0,0,,REJECT,2014-01-02T04:00:00+00:00,2026-04-30T23:00:00+00:00,MASSIVE_parquet,2026-05-20T04:17:34.819065+00:00
GBP_JPY_H-B_1.5_0.40_6,GBP_JPY,H1,M5,H-B,1.5,0.4,6,primary_12y,9037,0.4981741728449707,-1.053271096839883,-0.005397283366666025,0.950415037786223,0.4878684589236954,-0.9843882479395835,-0.022064532715216467,-71.87365492907297,-0.2802373377546109,-0.7910862733158464,0.2699111353827195,5,0.7364066675056624,0,0,,REJECT,2014-01-02T04:00:00+00:00,2026-04-30T23:00:00+00:00,MASSIVE_parquet,2026-05-20T04:17:34.819065+00:00
GBP_JPY_H-B_1.5_0.40_12,GBP_JPY,H1,M5,H-B,1.5,0.4,12,primary_12y,9035,0.4983951300498063,-1.704289610738135,-0.009125013843582275,0.9360948526245757,0.48808816659239107,-1.361670898216897,-0.030001224927469483,-91.7893026552497,-0.3537994032590112,-0.9945639006461049,0.33746687193033825,5,0.7683214602044368,0,0,,REJECT,2014-01-02T04:00:00+00:00,2026-04-30T23:00:00+00:00,MASSIVE_parquet,2026-05-20T04:17:34.819065+00:00
GBP_JPY_H-C_1.5_0.40_1,GBP_JPY,H1,M5,H-C,1.5,0.4,1,primary_12y,4406,0.5038583749432592,1.1012430253632741,0.006947362094787977,1.0873383987293905,0.4890981630355176,2.1830099151807527,0.039390869946410556,-10.314408928214942,-0.1643896989726186,-0.46165258320808034,0.17513467390736878,5,0.6190848410400724,0,0,1,REJECT,2014-01-02T04:00:00+00:00,2026-04-30T23:00:00+00:00,MASSIVE_parquet,2026-05-20T04:17:34.819065+00:00
GBP_JPY_H-C_1.5_0.40_3,GBP_JPY,H1,M5,H-C,1.5,0.4,3,primary_12y,4406,0.5106672719019519,1.6671062007536626,0.010315569374720905,1.1024875107771905,0.49590404562450385,2.60169962290212,0.046220017438475924,-13.770077377454287,-0.21405379360053325,-0.6005699497339256,0.2274626205371939,4,0.1611846748890007,0,0,1,REJECT,2014-01-02T04:00:00+00:00,2026-04-30T23:00:00+00:00,MASSIVE_parquet,2026-05-20T04:17:34.819065+00:00
GBP_JPY_H-C_1.5_0.40_6,GBP_JPY,H1,M5,H-C,1.5,0.4,6,primary_12y,4406,0.5061280072628235,1.640724605668496,0.010076424982980139,1.081754553795786,0.49136648666723615,2.0824795561947242,0.03659514607744052,-29.510952677417247,-0.2672328852190917,-0.775121582049304,0.28697120331582915,5,0.4246062855232506,0,0,1,REJECT,2014-01-02T04:00:00+00:00,2026-04-30T23:00:00+00:00,MASSIVE_parquet,2026-05-20T04:17:34.819065+00:00
GBP_JPY_H-C_1.5_0.40_12,GBP_JPY,H1,M5,H-C,1.5,0.4,12,primary_12y,4405,0.5001135073779795,1.452741539776592,0.009359256537147581,1.0583593664196533,0.48535444550501716,1.5866154465877509,0.027281460090340492,-20.621481945069927,-0.3334391606862597,-0.9091624671154275,0.3572474071953652,5,1.0,0,0,1,REJECT,2014-01-02T04:00:00+00:00,2026-04-30T23:00:00+00:00,MASSIVE_parquet,2026-05-20T04:17:34.819065+00:00
GBP_JPY_H-D_1.5_0.40_1,GBP_JPY,H1,M5,H-D,1.5,0.4,1,primary_12y,59,0.5084745762711864,30.661304041945154,0.21250766861382497,3.4266406680171317,0.3843514305938966,11.016960422172694,0.37218632449908606,-2.3119330326981196,-0.16549317628158441,-0.4193578895970251,0.3713015794861169,2,1.0,0,0,1,REJECT,2014-01-02T04:00:00+00:00,2026-04-30T23:00:00+00:00,MASSIVE_parquet,2026-05-20T04:17:34.819065+00:00
GBP_JPY_H-D_1.5_0.40_3,GBP_JPY,H1,M5,H-D,1.5,0.4,3,primary_12y,59,0.4745762711864407,30.74164302499626,0.21340938583195035,2.9146554514555985,0.35265876715068556,11.048558540203416,0.3202177366265575,-3.016518744170904,-0.22662824578397317,-0.6383236282198911,0.4297609953217797,5,0.794843653982861,0,0,1,REJECT,2014-01-02T04:00:00+00:00,2026-04-30T23:00:00+00:00,MASSIVE_parquet,2026-05-20T04:17:34.819065+00:00
GBP_JPY_H-D_1.5_0.40_6,GBP_JPY,H1,M5,H-D,1.5,0.4,6,primary_12y,59,0.5254237288135594,27.898456584317948,0.1913950384887516,2.4233969547407046,0.40039795170017084,9.922267465173636,0.32025253905286344,-3.626781084559351,-0.2606432875264015,-0.6383236282198911,0.4708611600226439,6,0.794843653982861,0,0,1,REJECT,2014-01-02T04:00:00+00:00,2026-04-30T23:00:00+00:00,MASSIVE_parquet,2026-05-20T04:17:34.819065+00:00
GBP_JPY_H-D_1.5_0.40_12,GBP_JPY,H1,M5,H-D,1.5,0.4,12,primary_12y,59,0.4576271186440678,26.32062607584353,0.17620277833945777,1.8768780817446888,0.33701305851855917,8.997245339140111,0.22254029631234898,-4.327025354619108,-0.38735989985034797,-1.0864692892933914,0.5748343677596478,4,0.6029232012571504,0,0,1,REJECT,2014-01-02T04:00:00+00:00,2026-04-30T23:00:00+00:00,MASSIVE_parquet,2026-05-20T04:17:34.819065+00:00
GBP_JPY_H-A_1.5_0.50_1,GBP_JPY,H1,M5,H-A,1.5,0.5,1,primary_12y,7024,0.49060364464692485,0.6530927273028432,0.004601246450276628,1.0514713402089741,0.4789210430375729,1.3040681408047075,0.025468514761568584,-11.278314786415853,-0.1640876550531837,-0.4571829083897638,0.17353857226698338,4,0.11802931498622193,0,0,,REJECT,2014-01-02T04:00:00+00:00,2026-04-30T23:00:00+00:00,MASSIVE_parquet,2026-05-20T04:17:34.819065+00:00
GBP_JPY_H-A_1.5_0.50_3,GBP_JPY,H1,M5,H-A,1.5,0.5,3,primary_12y,7024,0.49800683371298404,0.6901514976415682,0.004765343549835405,1.041693063423476,0.4863182150339013,1.0497764848172921,0.02112235172306598,-13.442899243447712,-0.21567203427269088,-0.594408958491684,0.22505927755642907,6,0.7473341395852249,0,0,,REJECT,2014-01-02T04:00:00+00:00,2026-04-30T23:00:00+00:00,MASSIVE_parquet,2026-05-20T04:17:34.819065+00:00
GBP_JPY_H-A_1.5_0.50_6,GBP_JPY,H1,M5,H-A,1.5,0.5,6,primary_12y,7024,0.4974373576309795,0.7051973066830111,0.005120028300263077,1.0348060411565412,0.48574911085490485,0.9739227302466018,0.01813270282123286,-28.114516625479254,-0.2692800827673661,-0.7648965157974019,0.2819277653366287,5,0.676231828354437,0,0,,REJECT,2014-01-02T04:00:00+00:00,2026-04-30T23:00:00+00:00,MASSIVE_parquet,2026-05-20T04:17:34.819065+00:00
GBP_JPY_H-A_1.5_0.50_12,GBP_JPY,H1,M5,H-A,1.5,0.5,12,primary_12y,7022,0.4988607234406152,1.3697393253269068,0.0100237332986656,1.0546813443292629,0.48716991199013243,1.5024694650751345,0.028752376300230587,-22.543889567363927,-0.3350322180685483,-0.9086832297741654,0.3571239641840321,5,0.857936787236114,0,0,,REJECT,2014-01-02T04:00:00+00:00,2026-04-30T23:00:00+00:00,MASSIVE_parquet,2026-05-20T04:17:34.819065+00:00
GBP_JPY_H-B_1.5_0.50_1,GBP_JPY,H1,M5,H-B,1.5,0.5,1,primary_12y,7024,0.5079726651480638,-0.6530927273028432,-0.003868570494028412,0.951048270893675,0.4962799916266257,-1.125627742890635,-0.026112839226346773,-35.71075493081749,-0.17270502598757295,-0.5058546244861784,0.1646340228057828,5,0.18535460519498048,0,0,,REJECT,2014-01-02T04:00:00+00:00,2026-04-30T23:00:00+00:00,MASSIVE_parquet,2026-05-20T04:17:34.819065+00:00
GBP_JPY_H-B_1.5_0.50_3,GBP_JPY,H1,M5,H-B,1.5,0.5,3,primary_12y,7024,0.5012813211845103,-0.6901514976415682,-0.003520711696057608,0.9599756733653829,0.48959085818493836,-0.7753316149668281,-0.017596108759575624,-32.649045371766206,-0.22381784416043984,-0.6437515330224419,0.216793139376852,6,0.8392607762522051,0,0,,REJECT,2014-01-02T04:00:00+00:00,2026-04-30T23:00:00+00:00,MASSIVE_parquet,2026-05-20T04:17:34.819065+00:00
GBP_JPY_H-B_1.5_0.50_6,GBP_JPY,H1,M5,H-B,1.5,0.5,6,primary_12y,7024,0.5014236902050114,-0.7051973066830111,-0.00345060274050769,0.9663646714725007,0.48973315838453463,-0.6564131231285933,-0.014674506778141194,-47.94316188566235,-0.280126199436847,-0.799801877335139,0.2709235849062548,5,0.8206550215829668,0,0,,REJECT,2014-01-02T04:00:00+00:00,2026-04-30T23:00:00+00:00,MASSIVE_parquet,2026-05-20T04:17:34.819065+00:00
GBP_JPY_H-B_1.5_0.50_12,GBP_JPY,H1,M5,H-B,1.5,0.5,12,primary_12y,7022,0.4998575904300769,-1.3697393253269068,-0.007363376766395898,0.9481536820355553,0.4881662040718306,-1.1153340772094176,-0.024624649153877243,-69.0505246727062,-0.3540079315109705,-1.0093904560156597,0.33759793457930515,6,0.9904787452119911,0,0,,REJECT,2014-01-02T04:00:00+00:00,2026-04-30T23:00:00+00:00,MASSIVE_parquet,2026-05-20T04:17:34.819065+00:00
GBP_JPY_H-C_1.5_0.50_1,GBP_JPY,H1,M5,H-C,1.5,0.5,1,primary_12y,3839,0.5011721802552748,0.974780183572787,0.00640045121701719,1.0769153422782416,0.4853625082859066,2.0470376591123904,0.0359059719366559,-8.571436159277617,-0.16486466689773907,-0.46230924773901005,0.17642260157561634,4,0.8972678392303828,0,0,1,REJECT,2014-01-02T04:00:00+00:00,2026-04-30T23:00:00+00:00,MASSIVE_parquet,2026-05-20T04:17:34.819065+00:00
GBP_JPY_H-C_1.5_0.50_3,GBP_JPY,H1,M5,H-C,1.5,0.5,3,primary_12y,3839,0.504297994269341,1.3402291205819858,0.008501201711421087,1.081384119944163,0.48848573769351655,2.1456399607015078,0.03786117041520265,-13.518353378306246,-0.21548166664564156,-0.6043320031124921,0.22828341689587836,4,0.6055353987464116,0,0,1,REJECT,2014-01-02T04:00:00+00:00,2026-04-30T23:00:00+00:00,MASSIVE_parquet,2026-05-20T04:17:34.819065+00:00
GBP_JPY_H-C_1.5_0.50_6,GBP_JPY,H1,M5,H-C,1.5,0.5,6,primary_12y,3839,0.5022141182599635,1.2225046229126146,0.007800201188453327,1.0601656029952746,0.4864035161716431,1.6073751931645683,0.02795208694965534,-28.895994699541042,-0.26955811550210257,-0.7784642605774728,0.28793152542334344,5,0.7962315036074669,0,0,1,REJECT,2014-01-02T04:00:00+00:00,2026-04-30T23:00:00+00:00,MASSIVE_parquet,2026-05-20T04:17:34.819065+00:00
GBP_JPY_H-C_1.5_0.50_12,GBP_JPY,H1,M5,H-C,1.5,0.5,12,primary_12y,3838,0.4979155810317874,0.5726360575735371,0.004198671220576912,1.022591359998967,0.4821072016010487,0.7120108328091106,0.011595846905881002,-24.69876724554144,-0.3352028961998358,-0.9208318649886699,0.35543171638707005,6,0.8086875148615581,0,0,1,REJECT,2014-01-02T04:00:00+00:00,2026-04-30T23:00:00+00:00,MASSIVE_parquet,2026-05-20T04:17:34.819065+00:00
GBP_JPY_H-D_1.5_0.50_1,GBP_JPY,H1,M5,H-D,1.5,0.5,1,primary_12y,37,0.4864864864864865,-2.6405370657426843,-0.016009099970144786,0.7594215485873598,0.3344640430301664,-8.144542465975238,-0.1521590500615695,-1.8153733404963623,-0.15643879103015,-0.38065522610204905,0.12140603414573146,6,1.0,0,0,1,REJECT,2014-01-02T04:00:00+00:00,2026-04-30T23:00:00+00:00,MASSIVE_parquet,2026-05-20T04:17:34.819065+00:00
GBP_JPY_H-D_1.5_0.50_3,GBP_JPY,H1,M5,H-D,1.5,0.5,3,primary_12y,37,0.40540540540540543,-9.693510038715505,-0.06096698206973948,0.5072162068955207,0.2634651819201429,-20.61533609653832,-0.4605339919282328,-2.829586543825413,-0.24010962522694354,-0.659709849629313,0.17749869858984899,2,0.3240086000878364,0,0,1,REJECT,2014-01-02T04:00:00+00:00,2026-04-30T23:00:00+00:00,MASSIVE_parquet,2026-05-20T04:17:34.819065+00:00
GBP_JPY_H-D_1.5_0.50_6,GBP_JPY,H1,M5,H-D,1.5,0.5,6,primary_12y,37,0.4594594594594595,-7.778591119796835,-0.052559388271577426,0.6204648976241198,0.3103856980437303,-16.26524046880897,-0.3166906945917121,-3.287012338609563,-0.27531374988681345,-0.659709849629313,0.21722416679206571,4,0.7428293587290682,0,0,1,REJECT,2014-01-02T04:00:00+00:00,2026-04-30T23:00:00+00:00,MASSIVE_parquet,2026-05-20T04:17:34.819065+00:00
GBP_JPY_H-D_1.5_0.50_12,GBP_JPY,H1,M5,H-D,1.5,0.5,12,primary_12y,37,0.40540540540540543,-4.6351316603372,-0.031639255322380475,0.8242969373121969,0.2634651819201429,-6.822460143845781,-0.09955452287273076,-4.305148839891038,-0.3834678782187237,-0.959767275653649,0.31683681559745047,5,0.3240086000878364,0,0,1,REJECT,2014-01-02T04:00:00+00:00,2026-04-30T23:00:00+00:00,MASSIVE_parquet,2026-05-20T04:17:34.819065+00:00
GBP_JPY_H-A_1.5_0.60_1,GBP_JPY,H1,M5,H-A,1.5,0.6,1,primary_12y,5068,0.4897395422257301,0.4465459463651453,0.0026979401400664465,1.0347132208951553,0.47598967589344515,0.8680812809423567,0.014482265085719648,-11.543288211766482,-0.1667869798662433,-0.4659117348602704,0.17508673067579433,4,0.1479359343094914,0,0,,REJECT,2014-01-02T04:00:00+00:00,2026-04-30T23:00:00+00:00,MASSIVE_parquet,2026-05-20T04:17:34.819065+00:00
GBP_JPY_H-A_1.5_0.60_3,GBP_JPY,H1,M5,H-A,1.5,0.6,3,primary_12y,5068,0.500197316495659,0.5670637116674776,0.003197020262230641,1.0337518655155689,0.4864366349754959,0.7312580792476789,0.014071728810832185,-17.219814882121337,-0.2189501561460336,-0.6002029691867361,0.22707554121079035,6,0.9887927170933827,0,0,,REJECT,2014-01-02T04:00:00+00:00,2026-04-30T23:00:00+00:00,MASSIVE_parquet,2026-05-20T04:17:34.819065+00:00
GBP_JPY_H-A_1.5_0.60_6,GBP_JPY,H1,M5,H-A,1.5,0.6,6,primary_12y,5068,0.4982241515390687,0.6122989661791323,0.00398863216875388,1.0295991840404295,0.4844650501673008,0.7693035095145644,0.013850982008216828,-27.65952817174664,-0.2729978540912858,-0.7769306593860204,0.2869737000596244,6,0.8112651217636553,0,0,,REJECT,2014-01-02T04:00:00+00:00,2026-04-30T23:00:00+00:00,MASSIVE_parquet,2026-05-20T04:17:34.819065+00:00
GBP_JPY_H-A_1.5_0.60_12,GBP_JPY,H1,M5,H-A,1.5,0.6,12,primary_12y,5067,0.49950661140714425,1.3091520887741726,0.009495068289323207,1.0518610296535496,0.4857451019689305,1.4224521537793466,0.026789069355269035,-21.332657473040776,-0.3381295836245287,-0.9124091729419603,0.3611982946277366,7,0.955188552449126,0,0,,REJECT,2014-01-02T04:00:00+00:00,2026-04-30T23:00:00+00:00,MASSIVE_parquet,2026-05-20T04:17:34.819065+00:00
GBP_JPY_H-B_1.5_0.60_1,GBP_JPY,H1,M5,H-B,1.5,0.6,1,primary_12y,5068,0.5088792423046566,-0.4465459463651453,-0.002114229990317028,0.9664513604406021,0.4951141522585472,-0.6807373130338837,-0.014695324621643913,-15.469869379675435,-0.17438887175485657,-0.5099172426227899,0.16736325342871294,5,0.2112304627108171,0,0,,REJECT,2014-01-02T04:00:00+00:00,2026-04-30T23:00:00+00:00,MASSIVE_parquet,2026-05-20T04:17:34.819065+00:00
GBP_JPY_H-B_1.5_0.60_3,GBP_JPY,H1,M5,H-B,1.5,0.6,3,primary_12y,5068,0.4992107340173639,-0.5670637116674776,-0.002017292260847325,0.9673501285545584,0.48545081580406957,-0.45161867837963976,-0.010043756154517192,-19.89531046480098,-0.22595659375271504,-0.6496892648290803,0.22017706811581694,7,0.9216726618277548,0,0,,REJECT,2014-01-02T04:00:00+00:00,2026-04-30T23:00:00+00:00,MASSIVE_parquet,2026-05-20T04:17:34.819065+00:00
GBP_JPY_H-B_1.5_0.60_6,GBP_JPY,H1,M5,H-B,1.5,0.6,6,primary_12y,5068,0.5007892659826362,-0.6122989661791323,-0.002340314927968434,0.9712517409694574,0.4870281521748835,-0.4448341555211248,-0.009944685273847953,-37.48577771766349,-0.28524514187594147,-0.8142901081215187,0.2747773326536949,7,0.9216726618277548,0,0,,REJECT,2014-01-02T04:00:00+00:00,2026-04-30T23:00:00+00:00,MASSIVE_parquet,2026-05-20T04:17:34.819065+00:00
GBP_JPY_H-B_1.5_0.60_12,GBP_JPY,H1,M5,H-B,1.5,0.6,12,primary_12y,5067,0.49891454509571737,-1.3091520887741726,-0.006818181655025651,0.9506959301737502,0.48515350989156936,-1.0267537189196914,-0.02297456760182698,-53.02627465402161,-0.3580899769037141,-1.0297507134348993,0.34085472834827624,7,0.8882799751388927,0,0,,REJECT,2014-01-02T04:00:00+00:00,2026-04-30T23:00:00+00:00,MASSIVE_parquet,2026-05-20T04:17:34.819065+00:00
GBP_JPY_H-C_1.5_0.60_1,GBP_JPY,H1,M5,H-C,1.5,0.6,1,primary_12y,3113,0.49887568262126564,0.7962755047693378,0.0047400821193054644,1.0616622112916045,0.481323733267099,1.4880830044928461,0.026253354571447174,-8.425025632968541,-0.16818496056586518,-0.4708048035457235,0.1785209919308473,5,0.9143644908284795,0,0,1,REJECT,2014-01-02T04:00:00+00:00,2026-04-30T23:00:00+00:00,MASSIVE_parquet,2026-05-20T04:17:34.819065+00:00
GBP_JPY_H-C_1.5_0.60_3,GBP_JPY,H1,M5,H-C,1.5,0.6,3,primary_12y,3113,0.5065852875040154,1.3542709114096423,0.007870027266257644,1.0814471844912958,0.48902531248738396,1.9590857125349634,0.03477120833869013,-15.48047376386087,-0.21871588003807643,-0.6101409319226425,0.23111359897105602,3,0.4734294919224079,0,0,1,REJECT,2014-01-02T04:00:00+00:00,2026-04-30T23:00:00+00:00,MASSIVE_parquet,2026-05-20T04:17:34.819065+00:00
GBP_JPY_H-C_1.5_0.60_6,GBP_JPY,H1,M5,H-C,1.5,0.6,6,primary_12y,3113,0.5036941856729843,1.2442475595894065,0.007495392776203921,1.0605748881243675,0.48613673178323935,1.5178326225164385,0.026970091855677225,-25.87044950886051,-0.27296589314979136,-0.7787147959688423,0.2929386507817524,6,0.6933618959408697,0,0,1,REJECT,2014-01-02T04:00:00+00:00,2026-04-30T23:00:00+00:00,MASSIVE_parquet,2026-05-20T04:17:34.819065+00:00
GBP_JPY_H-C_1.5_0.60_12,GBP_JPY,H1,M5,H-C,1.5,0.6,12,primary_12y,3112,0.4990359897172236,0.8229915798065529,0.005404825355267899,1.0324619044294867,0.481481014865208,0.9112771976012497,0.015169960164247043,-25.425035976910547,-0.33839254205808533,-0.9372812841923428,0.3605438012667599,4,0.9285836592399083,0,0,1,REJECT,2014-01-02T04:00:00+00:00,2026-04-30T23:00:00+00:00,MASSIVE_parquet,2026-05-20T04:17:34.819065+00:00
GBP_JPY_H-D_1.5_0.60_1,GBP_JPY,H1,M5,H-D,1.5,0.6,1,primary_12y,26,0.46153846153846156,-4.392110439710651,-0.02952611942257377,0.6380866810789545,0.28755853530391223,-15.266236549172813,-0.301775580654291,-1.3367103196719854,-0.18060971037512835,-0.39347672815314705,0.10809587673308307,3,0.8450189828872681,0,0,1,REJECT,2014-01-02T04:00:00+00:00,2026-04-30T23:00:00+00:00,MASSIVE_parquet,2026-05-20T04:17:34.819065+00:00
GBP_JPY_H-D_1.5_0.60_3,GBP_JPY,H1,M5,H-D,1.5,0.6,3,primary_12y,26,0.4230769230769231,-11.007610439710465,-0.07182176150499978,0.47006184244226573,0.2554444331365656,-24.133242610466798,-0.5373777781431044,-2.6188265958935975,-0.26152352691835534,-0.7707659504480602,0.1648531633735957,1,0.557197093963623,0,0,1,REJECT,2014-01-02T04:00:00+00:00,2026-04-30T23:00:00+00:00,MASSIVE_parquet,2026-05-20T04:17:34.819065+00:00
GBP_JPY_H-D_1.5_0.60_6,GBP_JPY,H1,M5,H-D,1.5,0.6,6,primary_12y,26,0.38461538461538464,-13.701764285864634,-0.08988990107640221,0.442011720359478,0.22428594435712798,-27.57520647232163,-0.5425017881668492,-3.134657819025155,-0.3002934168413309,-0.777032592272045,0.20094157447196379,2,0.32693958282470703,0,0,1,REJECT,2014-01-02T04:00:00+00:00,2026-04-30T23:00:00+00:00,MASSIVE_parquet,2026-05-20T04:17:34.819065+00:00
GBP_JPY_H-D_1.5_0.60_12,GBP_JPY,H1,M5,H-D,1.5,0.6,12,primary_12y,26,0.5,0.22931263721244038,-0.006271523473747683,1.0097824989051702,0.32060593525759046,-1.4280058442161936,-0.022807914855880296,-2.498144011581538,-0.38578506927267564,-0.9217735616686679,0.3039398867067619,4,1.0,0,0,1,REJECT,2014-01-02T04:00:00+00:00,2026-04-30T23:00:00+00:00,MASSIVE_parquet,2026-05-20T04:17:34.819065+00:00
GBP_JPY_H-A_2_0.40_1,GBP_JPY,H1,M5,H-A,2.0,0.4,1,primary_12y,3924,0.5,1.330398711311386,0.009367876507891296,1.1086180157820498,0.48436344342817245,2.072004749066832,0.052663665515380875,-8.923519239307812,-0.16288867330152662,-0.4509323568626694,0.1768329539378726,4,1.0,0,0,,REJECT,2014-01-02T04:00:00+00:00,2026-04-30T23:00:00+00:00,MASSIVE_parquet,2026-05-20T04:17:34.819065+00:00
GBP_JPY_H-A_2_0.40_3,GBP_JPY,H1,M5,H-A,2.0,0.4,3,primary_12y,3924,0.5066258919469928,1.1342058326435296,0.007606104763132404,1.069021749400729,0.49098422688594073,1.3854902626870942,0.03328735018954854,-18.003378326415508,-0.2155747151245124,-0.6096334879526816,0.22804974418587778,5,0.41556102605740297,0,0,,REJECT,2014-01-02T04:00:00+00:00,2026-04-30T23:00:00+00:00,MASSIVE_parquet,2026-05-20T04:17:34.819065+00:00
GBP_JPY_H-A_2_0.40_6,GBP_JPY,H1,M5,H-A,2.0,0.4,6,primary_12y,3924,0.5017838939857289,1.0161470987500743,0.007524970249772164,1.0499161813869804,0.48614569217473275,1.2360224632650814,0.027083048837446555,-15.642469915063712,-0.2676677379073802,-0.7582336632778919,0.2841655799857852,6,0.8356000192742039,0,0,,REJECT,2014-01-02T04:00:00+00:00,2026-04-30T23:00:00+00:00,MASSIVE_parquet,2026-05-20T04:17:34.819065+00:00
GBP_JPY_H-A_2_0.40_12,GBP_JPY,H1,M5,H-A,2.0,0.4,12,primary_12y,3924,0.49745158002038736,1.047879190968615,0.00804896055697373,1.0402575060710393,0.4818177187268584,1.0414303792433282,0.02187983333089788,-26.597960994312686,-0.34253041518334937,-0.9491914216314778,0.3640731735802104,6,0.7616568220510036,0,0,,REJECT,2014-01-02T04:00:00+00:00,2026-04-30T23:00:00+00:00,MASSIVE_parquet,2026-05-20T04:17:34.819065+00:00
GBP_JPY_H-B_2_0.40_1,GBP_JPY,H1,M5,H-B,2.0,0.4,1,primary_12y,3924,0.49898063200815496,-1.330398711311386,-0.008199017317693865,0.9020239485234888,0.4833451048504677,-1.915807563989689,-0.05334289798628283,-37.128841704626566,-0.17558903850048754,-0.4980744019924338,0.16347406630149086,4,0.911026346761798,0,0,,REJECT,2014-01-02T04:00:00+00:00,2026-04-30T23:00:00+00:00,MASSIVE_parquet,2026-05-20T04:17:34.819065+00:00
GBP_JPY_H-B_2_0.40_3,GBP_JPY,H1,M5,H-B,2.0,0.4,3,primary_12y,3924,0.4923547400611621,-1.1342058326435296,-0.005818004690041837,0.9354346631025785,0.4767274868440828,-1.077285280996412,-0.02817125077021221,-26.573710370563195,-0.2264241996805116,-0.6381304532581927,0.21686054904605814,5,0.34626419419343607,0,0,,REJECT,2014-01-02T04:00:00+00:00,2026-04-30T23:00:00+00:00,MASSIVE_parquet,2026-05-20T04:17:34.819065+00:00
GBP_JPY_H-B_2_0.40_6,GBP_JPY,H1,M5,H-B,2.0,0.4,6,primary_12y,3924,0.49770642201834864,-1.0161470987500743,-0.0053192326180051385,0.952456984403232,0.4820722729354114,-0.8859789501912293,-0.020832145932723034,-40.82609630445303,-0.28196501454050565,-0.7847822904479623,0.26945680033460273,6,0.78609972624838,0,0,,REJECT,2014-01-02T04:00:00+00:00,2026-04-30T23:00:00+00:00,MASSIVE_parquet,2026-05-20T04:17:34.819065+00:00
GBP_JPY_H-B_2_0.40_12,GBP_JPY,H1,M5,H-B,2.0,0.4,12,primary_12y,3924,0.5012742099898063,-1.047879190968615,-0.004520419859024068,0.9613004416347944,0.4856364579567147,-0.5974245421561794,-0.01489833685954789,-43.740315030041785,-0.36034247809628234,-0.9900482939395927,0.34559981362235626,7,0.8857603089654122,0,0,,REJECT,2014-01-02T04:00:00+00:00,2026-04-30T23:00:00+00:00,MASSIVE_parquet,2026-05-20T04:17:34.819065+00:00
GBP_JPY_H-C_2_0.40_1,GBP_JPY,H1,M5,H-C,2.0,0.4,1,primary_12y,1938,0.5067079463364293,0.821372312404233,0.005624350043802282,1.0660585031126508,0.48445788085596136,1.7585296053617256,0.03348146853871392,-6.618210848568759,-0.16498452103781183,-0.46314956301735877,0.17460055138390068,6,0.5701218853301353,0,0,1,REJECT,2014-01-02T04:00:00+00:00,2026-04-30T23:00:00+00:00,MASSIVE_parquet,2026-05-20T04:17:34.819065+00:00
GBP_JPY_H-C_2_0.40_3,GBP_JPY,H1,M5,H-C,2.0,0.4,3,primary_12y,1938,0.5113519091847265,1.2940987367728474,0.0078043385822332235,1.0808320838088938,0.48909638032914204,2.023466925869935,0.03617396664057421,-11.039581304968529,-0.21406130921618602,-0.6081898739532304,0.22483143004668535,4,0.3286848283362531,0,0,1,REJECT,2014-01-02T04:00:00+00:00,2026-04-30T23:00:00+00:00,MASSIVE_parquet,2026-05-20T04:17:34.819065+00:00
GBP_JPY_H-C_2_0.40_6,GBP_JPY,H1,M5,H-C,2.0,0.4,6,primary_12y,1938,0.5030959752321982,1.5600741459844103,0.010088106458518355,1.0798814973321895,0.48085148316689136,2.1652647314100766,0.037273151691476714,-9.72844147688311,-0.262538495841299,-0.7177776340861031,0.2843242875473068,5,0.8026949322266731,0,0,1,REJECT,2014-01-02T04:00:00+00:00,2026-04-30T23:00:00+00:00,MASSIVE_parquet,2026-05-20T04:17:34.819065+00:00
GBP_JPY_H-C_2_0.40_12,GBP_JPY,H1,M5,H-C,2.0,0.4,12,primary_12y,1938,0.49432404540763675,-0.030022006261178225,-0.0004923371745225132,0.9988463703726297,0.4720979111025554,-0.08015896440233775,-0.0024893886315290326,-24.862051086896663,-0.341287541016051,-0.9116928901597137,0.35716523456337845,6,0.6333546211691405,0,0,1,REJECT,2014-01-02T04:00:00+00:00,2026-04-30T23:00:00+00:00,MASSIVE_parquet,2026-05-20T04:17:34.819065+00:00
GBP_JPY_H-D_2_0.40_1,GBP_JPY,H1,M5,H-D,2.0,0.4,1,primary_12y,41,0.5121951219512195,37.579632645726065,0.26230259231559694,3.714937320444537,0.36484508651543807,11.368997370811424,0.3861766323045489,-2.142135664276079,-0.17055362435701418,-0.39930468363091887,0.43455396021650644,3,1.0,0,0,1,REJECT,2014-01-02T04:00:00+00:00,2026-04-30T23:00:00+00:00,MASSIVE_parquet,2026-05-20T04:17:34.819065+00:00
GBP_JPY_H-D_2_0.40_3,GBP_JPY,H1,M5,H-D,2.0,0.4,3,primary_12y,41,0.4878048780487805,38.2538521579214,0.26625020571875135,3.076690365596794,0.34254429554432664,11.5435599368947,0.333938154815859,-2.991376828972248,-0.23666261908909947,-0.8307996209046875,0.48931497915060435,5,1.0,0,0,1,REJECT,2014-01-02T04:00:00+00:00,2026-04-30T23:00:00+00:00,MASSIVE_parquet,2026-05-20T04:17:34.819065+00:00
GBP_JPY_H-D_2_0.40_6,GBP_JPY,H1,M5,H-D,2.0,0.4,6,primary_12y,41,0.5853658536585366,39.424583865238176,0.2743269453056395,2.93028163130458,0.43367103134030127,11.939922354679503,0.4015783922767272,-3.1805764463656008,-0.26263160780377526,-0.8307996209046875,0.5291019447734918,3,0.34888887944907765,0,0,1,REJECT,2014-01-02T04:00:00+00:00,2026-04-30T23:00:00+00:00,MASSIVE_parquet,2026-05-20T04:17:34.819065+00:00
GBP_JPY_H-D_2_0.40_12,GBP_JPY,H1,M5,H-D,2.0,0.4,12,primary_12y,41,0.43902439024390244,27.363608255482365,0.1904024832231494,1.7963915881342232,0.2989013173655037,8.225449922976864,0.2063314097087565,-3.9684257915561307,-0.41555897827646165,-1.1780871288912809,0.6237941625421126,4,0.5327092552361137,0,0,1,REJECT,2014-01-02T04:00:00+00:00,2026-04-30T23:00:00+00:00,MASSIVE_parquet,2026-05-20T04:17:34.819065+00:00
GBP_JPY_H-A_2_0.50_1,GBP_JPY,H1,M5,H-A,2.0,0.5,1,primary_12y,3083,0.4939993512812196,1.0705359068588831,0.007767193914854381,1.0876430122891332,0.4763696166672247,1.9401553697493517,0.04393600900407496,-5.961534696390247,-0.16211780475304588,-0.4392111955094957,0.17568964643541643,5,0.5167591679763319,0,0,,REJECT,2014-01-02T04:00:00+00:00,2026-04-30T23:00:00+00:00,MASSIVE_parquet,2026-05-20T04:17:34.819065+00:00
GBP_JPY_H-A_2_0.50_3,GBP_JPY,H1,M5,H-A,2.0,0.5,3,primary_12y,3083,0.5056762893285761,0.6174613509417018,0.00438336662757523,1.0373978262719767,0.48803188974652195,0.8424417936016325,0.019561904136179642,-13.18318662176396,-0.21635339126748243,-0.6071933913154359,0.22664562009278405,6,0.5403201217250129,0,0,,REJECT,2014-01-02T04:00:00+00:00,2026-04-30T23:00:00+00:00,MASSIVE_parquet,2026-05-20T04:17:34.819065+00:00
GBP_JPY_H-A_2_0.50_6,GBP_JPY,H1,M5,H-A,2.0,0.5,6,primary_12y,3083,0.5008108984755109,0.7537399918152456,0.006123217886452976,1.0371652416019663,0.48317144160395364,1.0558454567030373,0.02210922012609068,-12.551518194344906,-0.26713136043213326,-0.750247177824056,0.28359923508900803,7,0.9425716801792478,0,0,,REJECT,2014-01-02T04:00:00+00:00,2026-04-30T23:00:00+00:00,MASSIVE_parquet,2026-05-20T04:17:34.819065+00:00
GBP_JPY_H-A_2_0.50_12,GBP_JPY,H1,M5,H-A,2.0,0.5,12,primary_12y,3083,0.49724294518326306,0.8179051582941654,0.007279646040341236,1.0312023599772875,0.4796081731492503,0.944687453527551,0.019333563592046965,-23.927946771718844,-0.3415144613731528,-0.9375962720317076,0.3662092231757524,6,0.7732299770670107,0,0,,REJECT,2014-01-02T04:00:00+00:00,2026-04-30T23:00:00+00:00,MASSIVE_parquet,2026-05-20T04:17:34.819065+00:00
GBP_JPY_H-B_2_0.50_1,GBP_JPY,H1,M5,H-B,2.0,0.5,1,primary_12y,3083,0.5050275705481674,-1.0705359068588831,-0.006843533480918836,0.9194193211385846,0.48738373360732723,-1.791765851848116,-0.045322963712309594,-25.98989178828462,-0.17464094457045137,-0.5037758394320968,0.1626509014940068,5,0.5889977011426245,0,0,,REJECT,2014-01-02T04:00:00+00:00,2026-04-30T23:00:00+00:00,MASSIVE_parquet,2026-05-20T04:17:34.819065+00:00
GBP_JPY_H-B_2_0.50_3,GBP_JPY,H1,M5,H-B,2.0,0.5,3,primary_12y,3083,0.49367499189101527,-0.6174613509417018,-0.0027487590093112544,0.963950352193844,0.47604580180052636,-0.5275701601863707,-0.013431185172157356,-16.43490967252417,-0.22522955994246308,-0.6497732431851055,0.2176810183799412,6,0.49374192854492416,0,0,,REJECT,2014-01-02T04:00:00+00:00,2026-04-30T23:00:00+00:00,MASSIVE_parquet,2026-05-20T04:17:34.819065+00:00
GBP_JPY_H-B_2_0.50_6,GBP_JPY,H1,M5,H-B,2.0,0.5,6,primary_12y,3083,0.49854038274408047,-0.7537399918152456,-0.004093887501838862,0.9641665183991683,0.48090380334030103,-0.7059698531357089,-0.016393926272690595,-32.37685112260265,-0.28160107675950197,-0.7897332135750479,0.2689309370171539,7,0.885440434937449,0,0,,REJECT,2014-01-02T04:00:00+00:00,2026-04-30T23:00:00+00:00,MASSIVE_parquet,2026-05-20T04:17:34.819065+00:00
GBP_JPY_H-B_2_0.50_12,GBP_JPY,H1,M5,H-B,2.0,0.5,12,primary_12y,3083,0.5011352578657152,-0.8179051582941654,-0.0037562591714849955,0.9697417682616875,0.4834954195820645,-0.49554989301440944,-0.012896804118917804,-45.29452027549763,-0.3624971996373937,-1.0124467961963823,0.34460877994412586,7,0.9139504824170628,0,0,,REJECT,2014-01-02T04:00:00+00:00,2026-04-30T23:00:00+00:00,MASSIVE_parquet,2026-05-20T04:17:34.819065+00:00
GBP_JPY_H-C_2_0.50_1,GBP_JPY,H1,M5,H-C,2.0,0.5,1,primary_12y,1704,0.5,0.7468843949569899,0.005515567912622735,1.0604152230670096,0.47628657312352224,1.8379885108224212,0.03268461551631574,-5.470549362348604,-0.16396554624241155,-0.46293215757419903,0.17546626551201175,4,1.0,0,0,1,REJECT,2014-01-02T04:00:00+00:00,2026-04-30T23:00:00+00:00,MASSIVE_parquet,2026-05-20T04:17:34.819065+00:00
GBP_JPY_H-C_2_0.50_3,GBP_JPY,H1,M5,H-C,2.0,0.5,3,primary_12y,1704,0.5082159624413145,0.8341020067095721,0.005098440377819621,1.0513570290017644,0.4844872497710007,1.3438909372818415,0.023795198135519946,-11.059159148769732,-0.21512561874954403,-0.6134580773173792,0.22498051799280397,5,0.51307391908664,0,0,1,REJECT,2014-01-02T04:00:00+00:00,2026-04-30T23:00:00+00:00,MASSIVE_parquet,2026-05-20T04:17:34.819065+00:00
GBP_JPY_H-C_2_0.50_6,GBP_JPY,H1,M5,H-C,2.0,0.5,6,primary_12y,1704,0.5017605633802817,1.2333709873738903,0.008608754274967476,1.0629882399388824,0.478043323130512,1.8799167626601019,0.03196204607654651,-8.189724390982281,-0.2629504550240867,-0.7181696015933103,0.2840240590870539,5,0.9035963412338528,0,0,1,REJECT,2014-01-02T04:00:00+00:00,2026-04-30T23:00:00+00:00,MASSIVE_parquet,2026-05-20T04:17:34.819065+00:00
GBP_JPY_H-C_2_0.50_12,GBP_JPY,H1,M5,H-C,2.0,0.5,12,primary_12y,1704,0.49295774647887325,-0.7668211153561305,-0.004162770322610085,0.9708403963947826,0.46926250667018077,-0.6779592988219971,-0.013814060304809916,-20.919595139830943,-0.3395708365811715,-0.9219561896423789,0.3557067482303684,7,0.5774194773591391,0,0,1,REJECT,2014-01-02T04:00:00+00:00,2026-04-30T23:00:00+00:00,MASSIVE_parquet,2026-05-20T04:17:34.819065+00:00
GBP_JPY_H-D_2_0.50_1,GBP_JPY,H1,M5,H-D,2.0,0.5,1,primary_12y,26,0.5384615384615384,-1.643687362787515,-0.013169580646297337,0.8372710706249499,0.3545793874685879,-7.1354055264804135,-0.1430500094555227,-1.441426389145961,-0.16408966155204874,-0.38362353273033445,0.1156770288970458,4,0.8450189828872681,0,0,1,REJECT,2014-01-02T04:00:00+00:00,2026-04-30T23:00:00+00:00,MASSIVE_parquet,2026-05-20T04:17:34.819065+00:00
GBP_JPY_H-D_2_0.50_3,GBP_JPY,H1,M5,H-D,2.0,0.5,3,primary_12y,26,0.46153846153846156,-9.08049505509511,-0.061447017376159,0.5829853017177898,0.28755853530391223,-17.81314300975078,-0.4462834571571642,-2.6238209711771043,-0.2627997097679404,-0.777334067381133,0.18048106268942615,2,0.8450189828872681,0,0,1,REJECT,2014-01-02T04:00:00+00:00,2026-04-30T23:00:00+00:00,MASSIVE_parquet,2026-05-20T04:17:34.819065+00:00
GBP_JPY_H-D_2_0.50_6,GBP_JPY,H1,M5,H-D,2.0,0.5,6,primary_12y,26,0.5384615384615384,-3.8304950550951844,-0.027862549239232166,0.8180622709425837,0.3545793874685879,-7.6334849558284725,-0.14524228983167375,-2.5542068135958607,-0.2820463101397607,-0.777334067381133,0.22531081823356972,4,0.8450189828872681,0,0,1,REJECT,2014-01-02T04:00:00+00:00,2026-04-30T23:00:00+00:00,MASSIVE_parquet,2026-05-20T04:17:34.819065+00:00
GBP_JPY_H-D_2_0.50_12,GBP_JPY,H1,M5,H-D,2.0,0.5,12,primary_12y,26,0.4230769230769231,-3.526648901248782,-0.031989815819286276,0.8653831976688802,0.2554444331365656,-6.770165723320844,-0.10440015801982977,-3.5952783279190603,-0.39117849992931564,-0.9217735616686679,0.33243535580142436,3,0.557197093963623,0,0,1,REJECT,2014-01-02T04:00:00+00:00,2026-04-30T23:00:00+00:00,MASSIVE_parquet,2026-05-20T04:17:34.819065+00:00
GBP_JPY_H-A_2_0.60_1,GBP_JPY,H1,M5,H-A,2.0,0.6,1,primary_12y,2257,0.4957908728400532,0.6446879665260752,0.004407917154513396,1.0527734845597918,0.4751885141286364,1.4683014937810888,0.025682315306243986,-6.635741134219342,-0.16502850552945755,-0.440396336281732,0.17526281682653444,6,0.7047826122746012,0,0,,REJECT,2014-01-02T04:00:00+00:00,2026-04-30T23:00:00+00:00,MASSIVE_parquet,2026-05-20T04:17:34.819065+00:00
GBP_JPY_H-A_2_0.60_3,GBP_JPY,H1,M5,H-A,2.0,0.6,3,primary_12y,2257,0.5135135135135135,0.2330741528337078,0.000994478796571723,1.0140309133982983,0.49288782876377335,0.209587087427621,0.004302954196317543,-17.76522365648874,-0.21934688045713396,-0.6069780387196122,0.2255897760252363,4,0.2065979010302636,0,0,,REJECT,2014-01-02T04:00:00+00:00,2026-04-30T23:00:00+00:00,MASSIVE_parquet,2026-05-20T04:17:34.819065+00:00
GBP_JPY_H-A_2_0.60_6,GBP_JPY,H1,M5,H-A,2.0,0.6,6,primary_12y,2257,0.5064244572441293,0.45166528895798685,0.0035893458476555754,1.021961765672376,0.48580500014655564,0.6598815858607188,0.01312064188527462,-20.42920533498031,-0.27013829714221826,-0.7508935321072108,0.28674110029584776,7,0.5556187846146332,0,0,,REJECT,2014-01-02T04:00:00+00:00,2026-04-30T23:00:00+00:00,MASSIVE_parquet,2026-05-20T04:17:34.819065+00:00
GBP_JPY_H-A_2_0.60_12,GBP_JPY,H1,M5,H-A,2.0,0.6,12,primary_12y,2257,0.49977846699158174,0.5556691904943034,0.005375950485416096,1.0211651993862063,0.47916860580216786,0.7038984166593686,0.01350596190219544,-22.16903482372157,-0.34463681791674056,-0.9340738771846534,0.3713754193438713,6,1.0,0,0,,REJECT,2014-01-02T04:00:00+00:00,2026-04-30T23:00:00+00:00,MASSIVE_parquet,2026-05-20T04:17:34.819065+00:00
GBP_JPY_H-B_2_0.60_1,GBP_JPY,H1,M5,H-B,2.0,0.6,1,primary_12y,2257,0.5033229951262738,-0.6446879665260752,-0.003863471681315841,0.949871947447595,0.48270756371102413,-1.2882026406915854,-0.02578430272356158,-13.279075266036148,-0.1745689434279244,-0.5139923667390534,0.16558463014202396,6,0.7682399280694374,0,0,,REJECT,2014-01-02T04:00:00+00:00,2026-04-30T23:00:00+00:00,MASSIVE_parquet,2026-05-20T04:17:34.819065+00:00
GBP_JPY_H-B_2_0.60_3,GBP_JPY,H1,M5,H-B,2.0,0.6,3,primary_12y,2257,0.48604342046965,-0.2330741528337078,0.0004219722773803416,0.9861632291354149,0.4654649119551433,0.08533148783387395,0.0014971353877111238,-14.151580309515836,-0.22453889497648555,-0.6495318959262675,0.22084293117911047,9,0.1918655622003364,0,0,,REJECT,2014-01-02T04:00:00+00:00,2026-04-30T23:00:00+00:00,MASSIVE_parquet,2026-05-20T04:17:34.819065+00:00
GBP_JPY_H-B_2_0.60_6,GBP_JPY,H1,M5,H-B,2.0,0.6,6,primary_12y,2257,0.4931324767390341,-0.45166528895798685,-0.0017498764172494514,0.97851018853144,0.4725358467820985,-0.31246042816337904,-0.006995639458168779,-26.38591271555183,-0.2850414210314383,-0.7948096883843924,0.27213004619313946,7,0.5277398159056145,0,0,,REJECT,2014-01-02T04:00:00+00:00,2026-04-30T23:00:00+00:00,MASSIVE_parquet,2026-05-20T04:17:34.819065+00:00
GBP_JPY_H-B_2_0.60_12,GBP_JPY,H1,M5,H-B,2.0,0.6,12,primary_12y,2257,0.4980062029242357,-0.5556691904943034,-0.0018839613616615698,0.979273481510212,0.4773995146016077,-0.24846231977310287,-0.007819831818583589,-30.199085967755757,-0.36765322712625204,-1.0457370163434443,0.34801821301097186,6,0.8662788171823127,0,0,,REJECT,2014-01-02T04:00:00+00:00,2026-04-30T23:00:00+00:00,MASSIVE_parquet,2026-05-20T04:17:34.819065+00:00
GBP_JPY_H-C_2_0.60_1,GBP_JPY,H1,M5,H-C,2.0,0.6,1,primary_12y,1399,0.49463902787705505,0.48544927134936106,0.003403975157472946,1.0386924784281255,0.46849062601895375,1.1232530720538907,0.020118300795993416,-6.40299638667555,-0.16779115310107443,-0.4682332557516433,0.1765995089047231,4,0.7081958273973247,0,0,1,REJECT,2014-01-02T04:00:00+00:00,2026-04-30T23:00:00+00:00,MASSIVE_parquet,2026-05-20T04:17:34.819065+00:00
GBP_JPY_H-C_2_0.60_3,GBP_JPY,H1,M5,H-C,2.0,0.6,3,primary_12y,1399,0.511794138670479,0.8643937236834424,0.004596779118044448,1.0532168014566008,0.4856045205472376,1.2011480336454092,0.021643232749226304,-11.532639486216494,-0.2174990313140358,-0.6157692495295719,0.22563368767867703,5,0.39225898335986337,0,0,1,REJECT,2014-01-02T04:00:00+00:00,2026-04-30T23:00:00+00:00,MASSIVE_parquet,2026-05-20T04:17:34.819065+00:00
GBP_JPY_H-C_2_0.60_6,GBP_JPY,H1,M5,H-C,2.0,0.6,6,primary_12y,1399,0.5067905646890636,1.2700259520404145,0.008481294724533942,1.0646931455389468,0.48060979440221213,1.8384372055293956,0.032274958070523,-7.199441477619824,-0.26533809146454185,-0.7183096272438771,0.2881278402255184,6,0.6303600899674854,0,0,1,REJECT,2014-01-02T04:00:00+00:00,2026-04-30T23:00:00+00:00,MASSIVE_parquet,2026-05-20T04:17:34.819065+00:00
GBP_JPY_H-C_2_0.60_12,GBP_JPY,H1,M5,H-C,2.0,0.6,12,primary_12y,1399,0.49463902787705505,-0.42382929275685965,-0.0021986405115467264,0.9836526040939562,0.46849062601895375,-0.36111117773066187,-0.008132173885489258,-15.165872640887635,-0.3413815956158902,-0.9238622728560186,0.35922079180395783,6,0.7081958273973247,0,0,1,REJECT,2014-01-02T04:00:00+00:00,2026-04-30T23:00:00+00:00,MASSIVE_parquet,2026-05-20T04:17:34.819065+00:00
GBP_JPY_H-D_2_0.60_1,GBP_JPY,H1,M5,H-D,2.0,0.6,1,primary_12y,18,0.5555555555555556,-1.240603968470724,-0.011798702791070302,0.8788650130868793,0.33716415642042774,-6.0849749595421105,-0.12648402896872035,-1.0476770340926311,-0.19037359190619985,-0.4640289242219841,0.11740299933975024,3,0.8145294189453125,0,0,1,REJECT,2014-01-02T04:00:00+00:00,2026-04-30T23:00:00+00:00,MASSIVE_parquet,2026-05-20T04:17:34.819065+00:00
GBP_JPY_H-D_2_0.60_3,GBP_JPY,H1,M5,H-D,2.0,0.6,3,primary_12y,18,0.5,-12.351715079581835,-0.08267718158762778,0.4942255276397665,0.29031021505169974,-23.640097775391474,-0.595012217418653,-2.5162809393975527,-0.2951290738155791,-0.8487936274075986,0.1776899852743541,2,1.0,0,0,1,REJECT,2014-01-02T04:00:00+00:00,2026-04-30T23:00:00+00:00,MASSIVE_parquet,2026-05-20T04:17:34.819065+00:00
GBP_JPY_H-D_2_0.60_6,GBP_JPY,H1,M5,H-D,2.0,0.6,6,primary_12y,18,0.4444444444444444,-11.185048412915283,-0.07552426657244772,0.5648131504733309,0.24559518127005636,-20.258591494676477,-0.39475131691101306,-2.3956980200140254,-0.32292971879709736,-0.8487936274075986,0.2174140454392447,2,0.8145294189453125,0,0,1,REJECT,2014-01-02T04:00:00+00:00,2026-04-30T23:00:00+00:00,MASSIVE_parquet,2026-05-20T04:17:34.819065+00:00
GBP_JPY_H-D_2_0.60_12,GBP_JPY,H1,M5,H-D,2.0,0.6,12,primary_12y,18,0.5555555555555556,4.814951587084851,0.020698410796848865,1.221529370241651,0.33716415642042774,4.695013107420428,0.07512372483601637,-1.9107623856473688,-0.3909279074354381,-0.8522069154556439,0.3361646563590528,1,0.8145294189453125,0,0,1,REJECT,2014-01-02T04:00:00+00:00,2026-04-30T23:00:00+00:00,MASSIVE_parquet,2026-05-20T04:17:34.819065+00:00
GBP_JPY_H-A_2.5_0.40_1,GBP_JPY,H1,M5,H-A,2.5,0.4,1,primary_12y,2052,0.49707602339181284,1.2969638937700252,0.009256471242305718,1.103016096981204,0.4754684462260659,1.6544851972307064,0.05102579318021755,-11.663645061997716,-0.16411691074635582,-0.46472364954695644,0.17802881734230583,4,0.8081435668967138,0,0,,REJECT,2014-01-02T04:00:00+00:00,2026-04-30T23:00:00+00:00,MASSIVE_parquet,2026-05-20T04:17:34.819065+00:00
GBP_JPY_H-A_2.5_0.40_3,GBP_JPY,H1,M5,H-A,2.5,0.4,3,primary_12y,2052,0.5077972709551657,0.7534529942082892,0.005293969995400287,1.0434182879105707,0.48617191495938106,0.7918212301357501,0.02231670142029646,-24.426805837905448,-0.2205205698324331,-0.6238046323363972,0.22963723611417944,5,0.49376875048055285,0,0,,REJECT,2014-01-02T04:00:00+00:00,2026-04-30T23:00:00+00:00,MASSIVE_parquet,2026-05-20T04:17:34.819065+00:00
GBP_JPY_H-A_2.5_0.40_6,GBP_JPY,H1,M5,H-A,2.5,0.4,6,primary_12y,2052,0.5043859649122807,0.8674223369234507,0.006558071287793287,1.0403846736159563,0.48276518981419336,0.9149892778981785,0.023235492238720012,-17.057431515188703,-0.2751535612414513,-0.7807160697145477,0.2903933168291571,6,0.7074588846374373,0,0,,REJECT,2014-01-02T04:00:00+00:00,2026-04-30T23:00:00+00:00,MASSIVE_parquet,2026-05-20T04:17:34.819065+00:00
GBP_JPY_H-A_2.5_0.40_12,GBP_JPY,H1,M5,H-A,2.5,0.4,12,primary_12y,2052,0.48391812865497075,-1.0231761480918786,-0.004754946046774862,0.9642387824302039,0.4623459304882386,-0.5728005437538154,-0.014510550247622878,-29.56812464604508,-0.3585934430732254,-0.9852597219583786,0.3711073427475373,4,0.1512951474782558,0,0,,REJECT,2014-01-02T04:00:00+00:00,2026-04-30T23:00:00+00:00,MASSIVE_parquet,2026-05-20T04:17:34.819065+00:00
GBP_JPY_H-B_2.5_0.40_1,GBP_JPY,H1,M5,H-B,2.5,0.4,1,primary_12y,2052,0.5024366471734892,-1.2969638937700252,-0.007493251627299478,0.9066050828604006,0.480818940655847,-1.4357299135287949,-0.047311487135880625,-20.69444578058449,-0.17620972146047403,-0.49733032664079413,0.16475716769077478,4,0.8425192515851639,0,0,,REJECT,2014-01-02T04:00:00+00:00,2026-04-30T23:00:00+00:00,MASSIVE_parquet,2026-05-20T04:17:34.819065+00:00
GBP_JPY_H-B_2.5_0.40_3,GBP_JPY,H1,M5,H-B,2.5,0.4,3,primary_12y,2052,0.49122807017543857,-0.7534529942082892,-0.002657343816278875,0.9583884158312818,0.4696343715659235,-0.4059025862900617,-0.012697760124399937,-22.779667456127275,-0.227464436321113,-0.6250262679811602,0.22216944894387036,5,0.4397406700783222,0,0,,REJECT,2014-01-02T04:00:00+00:00,2026-04-30T23:00:00+00:00,MASSIVE_parquet,2026-05-20T04:17:34.819065+00:00
GBP_JPY_H-B_2.5_0.40_6,GBP_JPY,H1,M5,H-B,2.5,0.4,6,primary_12y,2052,0.4956140350877193,-0.8674223369234507,-0.0035202334759725884,0.9611829406563676,0.4740096508484964,-0.500654438700348,-0.012731654354854793,-21.20653298000201,-0.28755327318518525,-0.7599236360536954,0.27729506651851626,7,0.7074588846374373,0,0,,REJECT,2014-01-02T04:00:00+00:00,2026-04-30T23:00:00+00:00,MASSIVE_parquet,2026-05-20T04:17:34.819065+00:00
GBP_JPY_H-B_2.5_0.40_12,GBP_JPY,H1,M5,H-B,2.5,0.4,12,primary_12y,2052,0.5146198830409356,1.0231761480918786,0.008861825556634619,1.0370875121613197,0.4929883793179526,1.0803933403508375,0.023536184842990637,-25.137931542736418,-0.3672416518429682,-1.0007715203160261,0.3620404861178799,4,0.19274769332641098,0,0,,REJECT,2014-01-02T04:00:00+00:00,2026-04-30T23:00:00+00:00,MASSIVE_parquet,2026-05-20T04:17:34.819065+00:00
GBP_JPY_H-C_2.5_0.40_1,GBP_JPY,H1,M5,H-C,2.5,0.4,1,primary_12y,1014,0.5078895463510849,-0.16189099918231767,-0.0013572121125616926,0.9876151825194844,0.47714663449477096,-0.39261763389939225,-0.008349520241552777,-9.873267188755932,-0.17043846761187184,-0.4821849491468122,0.17152258293738987,7,0.6376224954596709,0,0,1,REJECT,2014-01-02T04:00:00+00:00,2026-04-30T23:00:00+00:00,MASSIVE_parquet,2026-05-20T04:17:34.819065+00:00
GBP_JPY_H-C_2.5_0.40_3,GBP_JPY,H1,M5,H-C,2.5,0.4,3,primary_12y,1014,0.5216962524654832,1.1235092083387843,0.00550558919039765,1.068206066019335,0.49092624564394194,1.372123175018812,0.025832670039888317,-13.302147842725986,-0.2196344768826497,-0.6173173678567716,0.2245135590686881,4,0.17687134719589104,0,0,1,REJECT,2014-01-02T04:00:00+00:00,2026-04-30T23:00:00+00:00,MASSIVE_parquet,2026-05-20T04:17:34.819065+00:00
GBP_JPY_H-C_2.5_0.40_6,GBP_JPY,H1,M5,H-C,2.5,0.4,6,primary_12y,1014,0.5078895463510849,1.6436255791474441,0.008740708132692504,1.083263262823926,0.47714663449477096,1.8517532717714373,0.032929331079901036,-15.504917349738264,-0.2669455214956095,-0.7297292815411837,0.28462848852322636,6,0.6376224954596709,0,0,1,REJECT,2014-01-02T04:00:00+00:00,2026-04-30T23:00:00+00:00,MASSIVE_parquet,2026-05-20T04:17:34.819065+00:00
GBP_JPY_H-C_2.5_0.40_12,GBP_JPY,H1,M5,H-C,2.5,0.4,12,primary_12y,1014,0.490138067061144,-0.7302353675980393,-0.005429620923980839,0.9729392097128287,0.45946429466425737,-0.8649141175822941,-0.017038735604208377,-16.871022140609078,-0.34559082658370377,-0.9095787421360224,0.3628240864177153,5,0.5507484743797858,0,0,1,REJECT,2014-01-02T04:00:00+00:00,2026-04-30T23:00:00+00:00,MASSIVE_parquet,2026-05-20T04:17:34.819065+00:00
GBP_JPY_H-D_2.5_0.40_1,GBP_JPY,H1,M5,H-D,2.5,0.4,1,primary_12y,34,0.5588235294117647,47.18517087962478,0.3301026431662037,4.751606672857163,0.3945389925620306,13.05709400567458,0.45239381735136314,-1.74593910339299,-0.1705836311547392,-0.5503279116767379,0.5045989893697429,3,0.6075913612730801,0,0,1,REJECT,2014-01-02T04:00:00+00:00,2026-04-30T23:00:00+00:00,MASSIVE_parquet,2026-05-20T04:17:34.819065+00:00
GBP_JPY_H-D_2.5_0.40_3,GBP_JPY,H1,M5,H-D,2.5,0.4,3,primary_12y,34,0.5,50.997847350213185,0.35113651131598755,4.1671573652435665,0.340693256456825,13.941232570182864,0.3817605232888889,-1.8058760108967231,-0.21803864773017126,-0.6917891817434457,0.5646250833099252,4,1.0,0,0,1,REJECT,2014-01-02T04:00:00+00:00,2026-04-30T23:00:00+00:00,MASSIVE_parquet,2026-05-20T04:17:34.819065+00:00
GBP_JPY_H-D_2.5_0.40_6,GBP_JPY,H1,M5,H-D,2.5,0.4,6,primary_12y,34,0.6470588235294118,53.19784735021291,0.3649207751681354,3.9715756985772908,0.47913963119781744,14.551875247138742,0.4962774528887598,-2.0800144171926753,-0.24351735242030567,-0.6917891817434457,0.6061305956267423,2,0.12144948495551944,0,0,1,REJECT,2014-01-02T04:00:00+00:00,2026-04-30T23:00:00+00:00,MASSIVE_parquet,2026-05-20T04:17:34.819065+00:00
GBP_JPY_H-D_2.5_0.40_12,GBP_JPY,H1,M5,H-D,2.5,0.4,12,primary_12y,34,0.4117647058823529,34.9978473502132,0.2412923812066331,1.9840447750181784,0.26365968363871156,9.511365068320746,0.2132494423581242,-3.577290919062083,-0.41181242768807413,-1.196594798654942,0.6931911762090228,3,0.39152830513194203,0,0,1,REJECT,2014-01-02T04:00:00+00:00,2026-04-30T23:00:00+00:00,MASSIVE_parquet,2026-05-20T04:17:34.819065+00:00
GBP_JPY_H-A_2.5_0.50_1,GBP_JPY,H1,M5,H-A,2.5,0.5,1,primary_12y,1610,0.48819875776397514,0.823462127030083,0.00634257836835504,1.0667171143387548,0.4638393672778912,1.3348491596440273,0.03590503356453667,-5.7321256891617045,-0.16240594517143864,-0.4537851452661307,0.1738706810623092,6,0.3564682443334047,0,0,,REJECT,2014-01-02T04:00:00+00:00,2026-04-30T23:00:00+00:00,MASSIVE_parquet,2026-05-20T04:17:34.819065+00:00
GBP_JPY_H-A_2.5_0.50_3,GBP_JPY,H1,M5,H-A,2.5,0.5,3,primary_12y,1610,0.5062111801242236,-0.20817164061008614,-0.0005847178219758523,0.9880124557978602,0.48180401259217864,-0.09361852710024432,-0.003984246277414005,-17.923523114370706,-0.22117838443377408,-0.6155541961013578,0.22495585719431144,7,0.6358539967596739,0,0,,REJECT,2014-01-02T04:00:00+00:00,2026-04-30T23:00:00+00:00,MASSIVE_parquet,2026-05-20T04:17:34.819065+00:00
GBP_JPY_H-A_2.5_0.50_6,GBP_JPY,H1,M5,H-A,2.5,0.5,6,primary_12y,1610,0.5018633540372671,0.1467622804225652,0.002098429266572583,1.0068851718278868,0.4774648269246518,0.31242695800899917,0.007699317784747917,-12.49525954106485,-0.27439641267440734,-0.765058022481972,0.2856150540427994,6,0.9008363955909676,0,0,,REJECT,2014-01-02T04:00:00+00:00,2026-04-30T23:00:00+00:00,MASSIVE_parquet,2026-05-20T04:17:34.819065+00:00
GBP_JPY_H-A_2.5_0.50_12,GBP_JPY,H1,M5,H-A,2.5,0.5,12,primary_12y,1610,0.4788819875776398,-2.2718927586224686,-0.012027612712667791,0.9213199742027054,0.45455971058505573,-1.509321962909077,-0.03581430284816556,-24.07615814307468,-0.3561838780802634,-0.9737428291617356,0.36654997692465535,4,0.09493032056825362,0,0,,REJECT,2014-01-02T04:00:00+00:00,2026-04-30T23:00:00+00:00,MASSIVE_parquet,2026-05-20T04:17:34.819065+00:00
GBP_JPY_H-B_2.5_0.50_1,GBP_JPY,H1,M5,H-B,2.5,0.5,1,primary_12y,1610,0.5111801242236025,-0.823462127030083,-0.005065404294243133,0.9374556633225933,0.48676533579553843,-1.1376981286481445,-0.03353402246972892,-14.90624615568392,-0.1724437328883307,-0.4935719972009567,0.16293487763231593,6,0.38306244122139294,0,0,,REJECT,2014-01-02T04:00:00+00:00,2026-04-30T23:00:00+00:00,MASSIVE_parquet,2026-05-20T04:17:34.819065+00:00
GBP_JPY_H-B_2.5_0.50_3,GBP_JPY,H1,M5,H-B,2.5,0.5,3,primary_12y,1610,0.4925465838509317,0.20817164061008614,0.0029380227567858534,1.0121329889434028,0.46817276870286373,0.46956665019900573,0.011815435244047656,-10.541945634571082,-0.22318450679924695,-0.6281235809996766,0.22288434194023063,6,0.5665150007763428,0,0,,REJECT,2014-01-02T04:00:00+00:00,2026-04-30T23:00:00+00:00,MASSIVE_parquet,2026-05-20T04:17:34.819065+00:00
GBP_JPY_H-B_2.5_0.50_6,GBP_JPY,H1,M5,H-B,2.5,0.5,6,primary_12y,1610,0.49813664596273294,-0.1467622804225652,0.0006204749590239142,0.9931619095994952,0.4737469896072337,0.09237104997466494,0.0022722081770104596,-14.188522514622413,-0.2831863862578146,-0.7643705406681428,0.27657664616367783,6,0.9008363955909676,0,0,,REJECT,2014-01-02T04:00:00+00:00,2026-04-30T23:00:00+00:00,MASSIVE_parquet,2026-05-20T04:17:34.819065+00:00
GBP_JPY_H-B_2.5_0.50_12,GBP_JPY,H1,M5,H-B,2.5,0.5,12,primary_12y,1610,0.5192546583850932,2.2718927586224686,0.015867211765744627,1.0853992402209482,0.4948326169820904,1.9869047119022176,0.04303073688735437,-21.04062526178336,-0.3630882516618062,-1.0187071555746878,0.35966608949239676,4,0.12842057960096484,0,0,,REJECT,2014-01-02T04:00:00+00:00,2026-04-30T23:00:00+00:00,MASSIVE_parquet,2026-05-20T04:17:34.819065+00:00
GBP_JPY_H-C_2.5_0.50_1,GBP_JPY,H1,M5,H-C,2.5,0.5,1,primary_12y,884,0.5,-0.16926532665301736,-0.0006757098755592844,0.9867359232580658,0.4671110215075435,-0.21968657975342676,-0.004166382186490125,-7.5862169436119675,-0.16827667985656722,-0.4832214934533885,0.17132602245225226,7,1.0,0,0,1,REJECT,2014-01-02T04:00:00+00:00,2026-04-30T23:00:00+00:00,MASSIVE_parquet,2026-05-20T04:17:34.819065+00:00
GBP_JPY_H-C_2.5_0.50_3,GBP_JPY,H1,M5,H-C,2.5,0.5,3,primary_12y,884,0.5203619909502263,0.6302423774492557,0.0028972228300151574,1.038120747898878,0.4874120768869513,0.7492847393423505,0.013862820820547461,-10.665985829915147,-0.21951733145628768,-0.626445200541329,0.22345854094343093,6,0.2391076828873742,0,0,1,REJECT,2014-01-02T04:00:00+00:00,2026-04-30T23:00:00+00:00,MASSIVE_parquet,2026-05-20T04:17:34.819065+00:00
GBP_JPY_H-C_2.5_0.50_6,GBP_JPY,H1,M5,H-C,2.5,0.5,6,primary_12y,884,0.504524886877828,1.1500817439650661,0.005888761800183276,1.058528792277,0.47161767135564137,1.2916566974396948,0.022637524106120743,-13.737294364400046,-0.2660856955238518,-0.7399987157128783,0.28297714422756515,5,0.81388705005178,0,0,1,REJECT,2014-01-02T04:00:00+00:00,2026-04-30T23:00:00+00:00,MASSIVE_parquet,2026-05-20T04:17:34.819065+00:00
GBP_JPY_H-C_2.5_0.50_12,GBP_JPY,H1,M5,H-C,2.5,0.5,12,primary_12y,884,0.4830316742081448,-2.1143243646321266,-0.013189759976231043,0.922694426851995,0.45023497576568,-2.113431984522989,-0.041019190397817595,-15.09731416121361,-0.3437353437295537,-0.9100123690161921,0.35914601997390116,4,0.32937629256452855,0,0,1,REJECT,2014-01-02T04:00:00+00:00,2026-04-30T23:00:00+00:00,MASSIVE_parquet,2026-05-20T04:17:34.819065+00:00
GBP_JPY_H-D_2.5_0.50_1,GBP_JPY,H1,M5,H-D,2.5,0.5,1,primary_12y,23,0.5652173913043478,-1.5002173913045354,-0.010922051641343059,0.8258510611451563,0.3681137508501646,-6.7808215610036235,-0.144312383770538,-1.0452298282628725,-0.1643998036865599,-0.3930322232706851,0.11299247216162783,4,0.6776394844055176,0,0,1,REJECT,2014-01-02T04:00:00+00:00,2026-04-30T23:00:00+00:00,MASSIVE_parquet,2026-05-20T04:17:34.819065+00:00
GBP_JPY_H-D_2.5_0.50_3,GBP_JPY,H1,M5,H-D,2.5,0.5,3,primary_12y,23,0.4782608695652174,-2.3684347826087766,-0.020423607651809877,0.8542996760966788,0.29237157416646653,-7.044412482644674,-0.17415518412246767,-1.43832015310158,-0.22980871473106654,-0.599781991389281,0.1862492060138839,3,1.0,0,0,1,REJECT,2014-01-02T04:00:00+00:00,2026-04-30T23:00:00+00:00,MASSIVE_parquet,2026-05-20T04:17:34.819065+00:00
GBP_JPY_H-D_2.5_0.50_6,GBP_JPY,H1,M5,H-D,2.5,0.5,6,primary_12y,23,0.6086956521739131,4.205478260869363,0.02056711093895786,1.2755082858135556,0.4078552239138171,6.509000852456621,0.10721252611696164,-1.453644784422936,-0.2472611773578681,-0.6168168167668342,0.2369263209768288,2,0.4048728942871094,0,0,1,REJECT,2014-01-02T04:00:00+00:00,2026-04-30T23:00:00+00:00,MASSIVE_parquet,2026-05-20T04:17:34.819065+00:00
GBP_JPY_H-D_2.5_0.50_12,GBP_JPY,H1,M5,H-D,2.5,0.5,12,primary_12y,23,0.43478260869565216,-0.17713043478260676,-0.014255583221868118,0.992783262270137,0.25634635325674215,-2.9391922656047873,-0.04463013811647193,-3.2041434554250126,-0.3621376666710725,-0.8344136906026178,0.3514192746105026,3,0.6776394844055176,0,0,1,REJECT,2014-01-02T04:00:00+00:00,2026-04-30T23:00:00+00:00,MASSIVE_parquet,2026-05-20T04:17:34.819065+00:00
GBP_JPY_H-A_2.5_0.60_1,GBP_JPY,H1,M5,H-A,2.5,0.6,1,primary_12y,1159,0.4900776531492666,-0.26698139420029854,-0.0012649352151229117,0.9787463363240706,0.46137798617746856,-0.4167927189100036,-0.007840830076003003,-8.07547573166586,-0.16704150544574173,-0.4664004312225567,0.17069577353713483,5,0.5181539022582234,0,0,,REJECT,2014-01-02T04:00:00+00:00,2026-04-30T23:00:00+00:00,MASSIVE_parquet,2026-05-20T04:17:34.819065+00:00
GBP_JPY_H-A_2.5_0.60_3,GBP_JPY,H1,M5,H-A,2.5,0.6,3,primary_12y,1159,0.5159620362381363,-1.1200278890335342,-0.007315694425403215,0.9360811369460175,0.4871858188684839,-1.3292767590907908,-0.03722048883434348,-18.05815790506112,-0.22574715866800482,-0.6269400823970672,0.22046174458381118,6,0.2903011543585426,0,0,,REJECT,2014-01-02T04:00:00+00:00,2026-04-30T23:00:00+00:00,MASSIVE_parquet,2026-05-20T04:17:34.819065+00:00
GBP_JPY_H-A_2.5_0.60_6,GBP_JPY,H1,M5,H-A,2.5,0.6,6,primary_12y,1159,0.5073339085418465,-0.42982028518318977,-0.0022314285428237284,0.979910041447546,0.47857467617007293,-0.3661795322352582,-0.00850454460234562,-20.938819568484533,-0.27712492006557443,-0.7545075266207278,0.28687609847252615,6,0.6383890073467573,0,0,,REJECT,2014-01-02T04:00:00+00:00,2026-04-30T23:00:00+00:00,MASSIVE_parquet,2026-05-20T04:17:34.819065+00:00
GBP_JPY_H-A_2.5_0.60_12,GBP_JPY,H1,M5,H-A,2.5,0.6,12,primary_12y,1159,0.48921484037963764,-2.545042556850607,-0.01451502303748048,0.9098141082980776,0.460519047455119,-1.9806261975845558,-0.04616830459768323,-22.794321717600848,-0.35582732498592134,-0.9516606142820992,0.36858013926915195,5,0.4808459368134556,0,0,,REJECT,2014-01-02T04:00:00+00:00,2026-04-30T23:00:00+00:00,MASSIVE_parquet,2026-05-20T04:17:34.819065+00:00
GBP_JPY_H-B_2.5_0.60_1,GBP_JPY,H1,M5,H-B,2.5,0.6,1,primary_12y,1159,0.5099223468507333,0.26698139420029854,0.0018205362661186397,1.0217151910430162,0.4811571227274549,0.6009315969147629,0.011520066138218932,-7.698973365741502,-0.16995942249227114,-0.49889576450906853,0.16760090865613608,5,0.5181539022582234,0,0,,REJECT,2014-01-02T04:00:00+00:00,2026-04-30T23:00:00+00:00,MASSIVE_parquet,2026-05-20T04:17:34.819065+00:00
GBP_JPY_H-B_2.5_0.60_3,GBP_JPY,H1,M5,H-B,2.5,0.6,3,primary_12y,1159,0.4831751509922347,1.1200278890335342,0.009254321910613105,1.0682834644681753,0.4545088668763993,1.585692408332844,0.03883630917676245,-8.14266608717704,-0.21939250753991413,-0.6310971538377408,0.227767564896909,6,0.2643282767982952,0,0,,REJECT,2014-01-02T04:00:00+00:00,2026-04-30T23:00:00+00:00,MASSIVE_parquet,2026-05-20T04:17:34.819065+00:00
GBP_JPY_H-B_2.5_0.60_6,GBP_JPY,H1,M5,H-B,2.5,0.6,6,primary_12y,1159,0.4926660914581536,0.42982028518318977,0.004574317868794358,1.0205018396615027,0.46395531437225684,0.7179689211792186,0.0164520276812386,-14.589359315331098,-0.28504537410995406,-0.7677059962676136,0.27963441892932733,6,0.6383890073467573,0,0,,REJECT,2014-01-02T04:00:00+00:00,2026-04-30T23:00:00+00:00,MASSIVE_parquet,2026-05-20T04:17:34.819065+00:00
GBP_JPY_H-B_2.5_0.60_12,GBP_JPY,H1,M5,H-B,2.5,0.6,12,primary_12y,1159,0.5081967213114754,2.545042556850607,0.017874733981641914,1.099125624541728,0.4794354063592243,2.3549335259118815,0.04798822120436935,-16.395012480995327,-0.3656836918608008,-1.0333566686933104,0.35968326800587447,5,0.597014472635046,0,0,,REJECT,2014-01-02T04:00:00+00:00,2026-04-30T23:00:00+00:00,MASSIVE_parquet,2026-05-20T04:17:34.819065+00:00
GBP_JPY_H-C_2.5_0.60_1,GBP_JPY,H1,M5,H-C,2.5,0.6,1,primary_12y,721,0.5034674063800277,0.1511289498610007,0.0011804496455970325,1.0118222024214376,0.4670503031207499,0.3758625196754478,0.00711593688381551,-5.300480320836487,-0.17032842512991608,-0.47123229565022573,0.17586062056011134,5,0.8815923651097934,0,0,1,REJECT,2014-01-02T04:00:00+00:00,2026-04-30T23:00:00+00:00,MASSIVE_parquet,2026-05-20T04:17:34.819065+00:00
GBP_JPY_H-C_2.5_0.60_3,GBP_JPY,H1,M5,H-C,2.5,0.6,3,primary_12y,721,0.5284327323162274,1.1434469648615149,0.005880855413906648,1.0700774468615413,0.4919410367136472,1.496051795062696,0.028056107089902915,-8.857852902040792,-0.2188312183480669,-0.623894018208937,0.22756886071440582,4,0.13625376340989984,0,0,1,REJECT,2014-01-02T04:00:00+00:00,2026-04-30T23:00:00+00:00,MASSIVE_parquet,2026-05-20T04:17:34.819065+00:00
GBP_JPY_H-C_2.5_0.60_6,GBP_JPY,H1,M5,H-C,2.5,0.6,6,primary_12y,721,0.5145631067961165,1.673874149327511,0.009375583915188185,1.0860124424606565,0.478101689736593,2.0230986268313607,0.036066750701231554,-9.717853835399941,-0.2657736165588493,-0.7144420890756509,0.2912986685839362,5,0.4563923795744628,0,0,1,REJECT,2014-01-02T04:00:00+00:00,2026-04-30T23:00:00+00:00,MASSIVE_parquet,2026-05-20T04:17:34.819065+00:00
GBP_JPY_H-C_2.5_0.60_12,GBP_JPY,H1,M5,H-C,2.5,0.6,12,primary_12y,721,0.4868238557558946,-0.9079996370801836,-0.005403086751797722,0.9656875717783996,0.45050666198682265,-0.8786335864116263,-0.01754823452313159,-10.263896116502877,-0.3412032843136166,-0.9012175786041299,0.36754461068478644,6,0.5026587841535651,0,0,1,REJECT,2014-01-02T04:00:00+00:00,2026-04-30T23:00:00+00:00,MASSIVE_parquet,2026-05-20T04:17:34.819065+00:00
GBP_JPY_H-D_2.5_0.60_1,GBP_JPY,H1,M5,H-D,2.5,0.6,1,primary_12y,15,0.6,-0.9400000000001304,-0.008078316079095002,0.8823647194273256,0.35746830120624606,-5.052427628053228,-0.11580396596958509,-0.6514804732095425,-0.1961059292499471,-0.5287531648130495,0.11363187310065026,2,0.6072387695312499,0,0,1,REJECT,2014-01-02T04:00:00+00:00,2026-04-30T23:00:00+00:00,MASSIVE_parquet,2026-05-20T04:17:34.819065+00:00
GBP_JPY_H-D_2.5_0.60_3,GBP_JPY,H1,M5,H-D,2.5,0.6,3,primary_12y,15,0.5333333333333333,-2.714133333333469,-0.024020652852586217,0.8353820275603201,0.30116980025498397,-9.00375912873347,-0.16108645850729808,-1.3307801213220283,-0.2510087542352335,-0.5610081630904162,0.18597625622217487,2,1.0,0,0,1,REJECT,2014-01-02T04:00:00+00:00,2026-04-30T23:00:00+00:00,MASSIVE_parquet,2026-05-20T04:17:34.819065+00:00
GBP_JPY_H-D_2.5_0.60_6,GBP_JPY,H1,M5,H-D,2.5,0.6,6,primary_12y,15,0.5333333333333333,-0.3341333333336631,-0.010797797765866127,0.9811799693592294,0.30116980025498397,-3.441591953360927,-0.05643808382734361,-1.2951359908411009,-0.27776919692966245,-0.6802519407332885,0.2336451284200436,3,1.0,0,0,1,REJECT,2014-01-02T04:00:00+00:00,2026-04-30T23:00:00+00:00,MASSIVE_parquet,2026-05-20T04:17:34.819065+00:00
GBP_JPY_H-D_2.5_0.60_12,GBP_JPY,H1,M5,H-D,2.5,0.6,12,primary_12y,15,0.6,11.619199999999713,0.05842854610278373,1.6346700071373295,0.35746830120624606,13.089537871499104,0.20391265006093323,-1.519627513153321,-0.3463485112740231,-0.8320043108039976,0.3660191919778318,1,0.6072387695312499,0,0,1,REJECT,2014-01-02T04:00:00+00:00,2026-04-30T23:00:00+00:00,MASSIVE_parquet,2026-05-20T04:17:34.819065+00:00
GBP_JPY_H-A_3_0.40_1,GBP_JPY,H1,M5,H-A,3.0,0.4,1,primary_12y,1310,0.5114503816793893,2.9052448091476664,0.01992924741897145,1.2450771093202158,0.4843877123339051,3.030027204929342,0.10763930669995064,-5.458316738766367,-0.15602551543755164,-0.4371290181753035,0.1803600438786182,4,0.4230036034306322,0,0,,REJECT,2014-01-02T04:00:00+00:00,2026-04-30T23:00:00+00:00,MASSIVE_parquet,2026-05-20T04:17:34.819065+00:00
GBP_JPY_H-A_3_0.40_3,GBP_JPY,H1,M5,H-A,3.0,0.4,3,primary_12y,1310,0.5221374045801527,2.171590331360864,0.014487232928267046,1.1303091511615577,0.49506285288276525,1.8632577636299679,0.06338707315409131,-15.612072512509613,-0.21516999633963063,-0.6039554694924182,0.2311800089040591,5,0.11525682627204088,0,0,,REJECT,2014-01-02T04:00:00+00:00,2026-04-30T23:00:00+00:00,MASSIVE_parquet,2026-05-20T04:17:34.819065+00:00
GBP_JPY_H-A_3_0.40_6,GBP_JPY,H1,M5,H-A,3.0,0.4,6,primary_12y,1310,0.5290076335877862,2.529063215627263,0.017438267510253347,1.1161857072035823,0.501931964007964,2.103507526264645,0.05996275950430202,-13.650599243000217,-0.27362500474972273,-0.7789195497971729,0.30125776917766506,5,0.03820898745630379,0,0,,REJECT,2014-01-02T04:00:00+00:00,2026-04-30T23:00:00+00:00,MASSIVE_parquet,2026-05-20T04:17:34.819065+00:00
GBP_JPY_H-A_3_0.40_12,GBP_JPY,H1,M5,H-A,3.0,0.4,12,primary_12y,1310,0.5068702290076336,1.8222964382311269,0.014110311022898633,1.0635144319494343,0.47981642645594424,1.5155159491975505,0.0363480253875208,-22.04332592126816,-0.35983329311300677,-0.9843612470723129,0.3945608007324359,4,0.6385916627227565,0,0,,REJECT,2014-01-02T04:00:00+00:00,2026-04-30T23:00:00+00:00,MASSIVE_parquet,2026-05-20T04:17:34.819065+00:00
GBP_JPY_H-B_3_0.40_1,GBP_JPY,H1,M5,H-B,3.0,0.4,1,primary_12y,1310,0.48854961832061067,-2.9052448091476664,-0.01751384814449432,0.803163107340378,0.4615539070839718,-2.8825350459502106,-0.11390841144503944,-25.34147827270066,-0.17788768638481,-0.46413024681279835,0.15664606447358348,4,0.4230036034306322,0,0,,REJECT,2014-01-02T04:00:00+00:00,2026-04-30T23:00:00+00:00,MASSIVE_parquet,2026-05-20T04:17:34.819065+00:00
GBP_JPY_H-B_3_0.40_3,GBP_JPY,H1,M5,H-B,3.0,0.4,3,primary_12y,1310,0.4778625954198473,-2.171590331360864,-0.010935313072793542,0.8847137077253191,0.45091749606622755,-1.4413506474002964,-0.04919705794136453,-25.85661204340392,-0.22838677989993855,-0.6101211959247338,0.21711482688165784,5,0.11525682627204088,0,0,,REJECT,2014-01-02T04:00:00+00:00,2026-04-30T23:00:00+00:00,MASSIVE_parquet,2026-05-20T04:17:34.819065+00:00
GBP_JPY_H-B_3_0.40_6,GBP_JPY,H1,M5,H-B,3.0,0.4,6,primary_12y,1310,0.47099236641221376,-2.529063215627263,-0.013388444021240762,0.8959082646787636,0.44408632404146636,-1.651657631706174,-0.0457030865279755,-21.731958575184088,-0.2976525915313436,-0.7564062934713911,0.2760905886132125,5,0.03820898745630379,0,0,,REJECT,2014-01-02T04:00:00+00:00,2026-04-30T23:00:00+00:00,MASSIVE_parquet,2026-05-20T04:17:34.819065+00:00
GBP_JPY_H-B_3_0.40_12,GBP_JPY,H1,M5,H-B,3.0,0.4,12,primary_12y,1310,0.49236641221374045,-1.8222964382311269,-0.008966853566838073,0.9402787305546841,0.4653556134468604,-0.9783706407062271,-0.025172882883657932,-25.471832721653417,-0.38976356103060733,-1.0071467739914013,0.36347535861874625,4,0.599634782219641,0,0,,REJECT,2014-01-02T04:00:00+00:00,2026-04-30T23:00:00+00:00,MASSIVE_parquet,2026-05-20T04:17:34.819065+00:00
GBP_JPY_H-C_3_0.40_1,GBP_JPY,H1,M5,H-C,3.0,0.4,1,primary_12y,641,0.5210608424336973,0.19397740367570676,0.0010820364107421503,1.015109943854001,0.4823779283142576,0.304462504270108,0.006820434571660816,-5.534298811146865,-0.1665020629064315,-0.4591653119221717,0.1672641361956366,4,0.30444623048713715,0,0,1,REJECT,2014-01-02T04:00:00+00:00,2026-04-30T23:00:00+00:00,MASSIVE_parquet,2026-05-20T04:17:34.819065+00:00
GBP_JPY_H-C_3_0.40_3,GBP_JPY,H1,M5,H-C,3.0,0.4,3,primary_12y,641,0.5413416536661466,2.2217821001287423,0.01281138361188139,1.1423568180684676,0.5026352297573399,3.246562797511595,0.06222612656395704,-4.7075641939588575,-0.21251873912855943,-0.600411847807858,0.2225390229834572,3,0.03990436263822951,0,0,1,REJECT,2014-01-02T04:00:00+00:00,2026-04-30T23:00:00+00:00,MASSIVE_parquet,2026-05-20T04:17:34.819065+00:00
GBP_JPY_H-C_3_0.40_6,GBP_JPY,H1,M5,H-C,3.0,0.4,6,primary_12y,641,0.5366614664586583,3.3985980127652557,0.020395079869441106,1.1739127378956022,0.4979548287526329,4.153818341405595,0.07620107294326273,-5.8105469470082465,-0.2631137938028124,-0.7225406776209975,0.2920845725733744,4,0.06915054438414173,0,0,1,REJECT,2014-01-02T04:00:00+00:00,2026-04-30T23:00:00+00:00,MASSIVE_parquet,2026-05-20T04:17:34.819065+00:00
GBP_JPY_H-C_3_0.40_12,GBP_JPY,H1,M5,H-C,3.0,0.4,12,primary_12y,641,0.5226209048361935,1.9555465307059965,0.012998423533433388,1.07275184990804,0.48393393046070193,2.0566505320920707,0.03763489348355409,-5.160875626103766,-0.34095928836993356,-0.9092752033199036,0.38124642027056926,5,0.26874153063883305,0,0,1,REJECT,2014-01-02T04:00:00+00:00,2026-04-30T23:00:00+00:00,MASSIVE_parquet,2026-05-20T04:17:34.819065+00:00
GBP_JPY_H-D_3_0.40_1,GBP_JPY,H1,M5,H-D,3.0,0.4,1,primary_12y,24,0.5833333333333334,65.90761707946838,0.45623399204839415,6.9725527292016825,0.38834665865228757,15.22934815549676,0.5083352139353019,-1.1113371375269683,-0.1469352461470841,-0.37715127245687874,0.6163076587091216,1,0.5412561893463135,0,0,1,REJECT,2014-01-02T04:00:00+00:00,2026-04-30T23:00:00+00:00,MASSIVE_parquet,2026-05-20T04:17:34.819065+00:00
GBP_JPY_H-D_3_0.40_3,GBP_JPY,H1,M5,H-D,3.0,0.4,3,primary_12y,24,0.5416666666666666,69.45503374613544,0.47307660625311115,5.961413459573917,0.3507486535891948,15.91088476678741,0.4574226308718309,-1.1384975323410647,-0.19925011499626102,-0.4418934366202204,0.6804237930746767,3,0.8388197422027588,0,0,1,REJECT,2014-01-02T04:00:00+00:00,2026-04-30T23:00:00+00:00,MASSIVE_parquet,2026-05-20T04:17:34.819065+00:00
GBP_JPY_H-D_3_0.40_6,GBP_JPY,H1,M5,H-D,3.0,0.4,6,primary_12y,24,0.7083333333333334,69.14670041280193,0.4711990583027297,4.706918772493076,0.5083230633550336,15.891601356604198,0.5692086269662776,-1.6628315648024223,-0.23259182184397395,-0.5882306904226725,0.7313665877120318,1,0.06391465663909912,0,0,1,REJECT,2014-01-02T04:00:00+00:00,2026-04-30T23:00:00+00:00,MASSIVE_parquet,2026-05-20T04:17:34.819065+00:00
GBP_JPY_H-D_3_0.40_12,GBP_JPY,H1,M5,H-D,3.0,0.4,12,primary_12y,24,0.375,53.72586707946876,0.3690052783041418,2.656658643021648,0.21159367559548778,12.400569918194776,0.24356349430454954,-2.6811637008334017,-0.3866114614423155,-1.1715435456404093,0.8072235914473351,2,0.30745625495910645,0,0,1,REJECT,2014-01-02T04:00:00+00:00,2026-04-30T23:00:00+00:00,MASSIVE_parquet,2026-05-20T04:17:34.819065+00:00
GBP_JPY_H-A_3_0.50_1,GBP_JPY,H1,M5,H-A,3.0,0.5,1,primary_12y,1025,0.5014634146341463,2.3233278099918118,0.01598742384444957,1.198841301442359,0.4709057839566623,2.919956387571977,0.08911658967082164,-3.415934128096252,-0.1566405414022783,-0.43738476319635566,0.17611483653334484,2,0.9501929804282575,0,0,,REJECT,2014-01-02T04:00:00+00:00,2026-04-30T23:00:00+00:00,MASSIVE_parquet,2026-05-20T04:17:34.819065+00:00
GBP_JPY_H-A_3_0.50_3,GBP_JPY,H1,M5,H-A,3.0,0.5,3,primary_12y,1025,0.52,0.4685635505765007,0.0035542796064712847,1.0271726947753022,0.48939738786687254,0.49147650463310605,0.0164614951799249,-14.165956875863051,-0.21938187757372907,-0.6125850858471527,0.22648704222108343,3,0.2115016321324996,0,0,,REJECT,2014-01-02T04:00:00+00:00,2026-04-30T23:00:00+00:00,MASSIVE_parquet,2026-05-20T04:17:34.819065+00:00
GBP_JPY_H-A_3_0.50_6,GBP_JPY,H1,M5,H-A,3.0,0.5,6,primary_12y,1025,0.5239024390243903,1.1253128188692156,0.008253962041572903,1.0513587655149608,0.49329569593725553,1.068095946072584,0.029641240997556717,-12.49525954106485,-0.2768286429431226,-0.7817704896092748,0.2952421120171562,3,0.13376465788196543,0,0,,REJECT,2014-01-02T04:00:00+00:00,2026-04-30T23:00:00+00:00,MASSIVE_parquet,2026-05-20T04:17:34.819065+00:00
GBP_JPY_H-A_3_0.50_12,GBP_JPY,H1,M5,H-A,3.0,0.5,12,primary_12y,1025,0.4975609756097561,-0.8931554738136978,-0.003235853722993279,0.9697642065040503,0.4670181475216857,-0.3654404398840386,-0.009874324701802384,-20.883678397435688,-0.36148151819214835,-0.9832772810162416,0.386994319356159,4,0.9005797624890891,0,0,,REJECT,2014-01-02T04:00:00+00:00,2026-04-30T23:00:00+00:00,MASSIVE_parquet,2026-05-20T04:17:34.819065+00:00
GBP_JPY_H-B_3_0.50_1,GBP_JPY,H1,M5,H-B,3.0,0.5,1,primary_12y,1025,0.49853658536585366,-2.3233278099918118,-0.014310855703653803,0.8341387628177912,0.46798988279980314,-2.8241445897138964,-0.09614622180868271,-16.990498899792826,-0.17424859806942467,-0.46570570596673244,0.15714928382474694,2,0.9501929804282575,0,0,,REJECT,2014-01-02T04:00:00+00:00,2026-04-30T23:00:00+00:00,MASSIVE_parquet,2026-05-20T04:17:34.819065+00:00
GBP_JPY_H-B_3_0.50_3,GBP_JPY,H1,M5,H-B,3.0,0.5,3,primary_12y,1025,0.48,-0.4685635505765007,-0.00040187476922365714,0.9735461282085129,0.4495467387231296,-0.05546330964458408,-0.0017484604916725432,-12.47230405360612,-0.2243095879690203,-0.6123174448650937,0.22147957396041837,4,0.2115016321324996,0,0,,REJECT,2014-01-02T04:00:00+00:00,2026-04-30T23:00:00+00:00,MASSIVE_parquet,2026-05-20T04:17:34.819065+00:00
GBP_JPY_H-B_3_0.50_6,GBP_JPY,H1,M5,H-B,3.0,0.5,6,primary_12y,1025,0.47609756097560973,-1.1253128188692156,-0.004656881674218693,0.9511501047981419,0.4456693103752213,-0.6024424507417774,-0.015902792407839872,-11.615823085310616,-0.292283228408525,-0.7564387743605305,0.2794614497061101,4,0.13376465788196543,0,0,,REJECT,2014-01-02T04:00:00+00:00,2026-04-30T23:00:00+00:00,MASSIVE_parquet,2026-05-20T04:17:34.819065+00:00
GBP_JPY_H-B_3_0.50_12,GBP_JPY,H1,M5,H-B,3.0,0.5,12,primary_12y,1025,0.5014634146341463,0.8931554738136978,0.007968996887875376,1.0311785001891833,0.4709057839566623,0.898226610842982,0.020448185963092724,-12.682505871174921,-0.38287363539331043,-1.0132913416044764,0.3652676890149901,3,0.9501929804282575,0,0,,REJECT,2014-01-02T04:00:00+00:00,2026-04-30T23:00:00+00:00,MASSIVE_parquet,2026-05-20T04:17:34.819065+00:00
GBP_JPY_H-C_3_0.50_1,GBP_JPY,H1,M5,H-C,3.0,0.5,1,primary_12y,551,0.5099818511796733,0.7507252829792481,0.005400449713822413,1.0619733445985577,0.4683171140017226,1.8547424642205208,0.033475445747375265,-3.4563525726670767,-0.16249204854587423,-0.45733054874361745,0.16851956370549617,4,0.6701359616619709,0,0,1,REJECT,2014-01-02T04:00:00+00:00,2026-04-30T23:00:00+00:00,MASSIVE_parquet,2026-05-20T04:17:34.819065+00:00
GBP_JPY_H-C_3_0.50_3,GBP_JPY,H1,M5,H-C,3.0,0.5,3,primary_12y,551,0.5480943738656987,2.081200438018092,0.012722266573229953,1.1345676495529313,0.5063491033860077,3.4539311273758706,0.06321580022012174,-3.4536913427752567,-0.21060820840397312,-0.610359200779953,0.22326652894379234,3,0.026651304863898287,0,0,1,REJECT,2014-01-02T04:00:00+00:00,2026-04-30T23:00:00+00:00,MASSIVE_parquet,2026-05-20T04:17:34.819065+00:00
GBP_JPY_H-C_3_0.50_6,GBP_JPY,H1,M5,H-C,3.0,0.5,6,primary_12y,551,0.5408348457350273,3.4063891857494912,0.021066441308564738,1.177251881370345,0.49908627896234403,4.482916265469786,0.0801285097624615,-5.47312275280265,-0.2594850896656701,-0.7462445553392039,0.2919257251034626,3,0.06076841336674514,0,0,1,REJECT,2014-01-02T04:00:00+00:00,2026-04-30T23:00:00+00:00,MASSIVE_parquet,2026-05-20T04:17:34.819065+00:00
GBP_JPY_H-C_3_0.50_12,GBP_JPY,H1,M5,H-C,3.0,0.5,12,primary_12y,551,0.5190562613430127,-0.061371249822155166,0.0014272595305081578,0.9977762550638782,0.4773504810164156,0.22634401095507295,0.004273129227585382,-8.5729544732729,-0.33878467915902477,-0.9097088302000733,0.37773794831209107,5,0.39421797568622197,0,0,1,REJECT,2014-01-02T04:00:00+00:00,2026-04-30T23:00:00+00:00,MASSIVE_parquet,2026-05-20T04:17:34.819065+00:00
GBP_JPY_H-D_3_0.50_1,GBP_JPY,H1,M5,H-D,3.0,0.5,1,primary_12y,17,0.5882352941176471,1.6404705882348816,0.00761664833648629,1.2497984629439893,0.36005442642999785,5.3506409072897885,0.09162745400011313,-0.5193448309641857,-0.12995260696587543,-0.2811531573693715,0.11644307830284466,2,0.629058837890625,0,0,1,REJECT,2014-01-02T04:00:00+00:00,2026-04-30T23:00:00+00:00,MASSIVE_parquet,2026-05-20T04:17:34.819065+00:00
GBP_JPY_H-D_3_0.50_3,GBP_JPY,H1,M5,H-D,3.0,0.5,3,primary_12y,17,0.5294117647058824,2.9132941176470695,0.009544583608487573,1.2167658013716944,0.3096323506000443,3.398061083719748,0.05314705309673706,-0.9436047044943718,-0.19739326830935836,-0.42677090071397084,0.193218654931698,3,1.0,0,0,1,REJECT,2014-01-02T04:00:00+00:00,2026-04-30T23:00:00+00:00,MASSIVE_parquet,2026-05-20T04:17:34.819065+00:00
GBP_JPY_H-D_3_0.50_6,GBP_JPY,H1,M5,H-D,3.0,0.5,6,primary_12y,17,0.6470588235294118,7.630941176470555,0.03936073124891637,1.5154361456123189,0.4130036348521869,12.027990548693133,0.19028489908437568,-1.0890120200377718,-0.22100542362797218,-0.46906048796641064,0.25807884286087796,2,0.332305908203125,0,0,1,REJECT,2014-01-02T04:00:00+00:00,2026-04-30T23:00:00+00:00,MASSIVE_parquet,2026-05-20T04:17:34.819065+00:00
GBP_JPY_H-D_3_0.50_12,GBP_JPY,H1,M5,H-D,3.0,0.5,12,primary_12y,17,0.4117647058823529,5.6015294117646794,0.015738727327926427,1.2823008351095875,0.21611056790214814,3.6367147651476226,0.0461251298506527,-1.9865284768743496,-0.3191067637964572,-0.7162455823078506,0.34595215365053905,3,0.629058837890625,0,0,1,REJECT,2014-01-02T04:00:00+00:00,2026-04-30T23:00:00+00:00,MASSIVE_parquet,2026-05-20T04:17:34.819065+00:00
GBP_JPY_H-A_3_0.60_1,GBP_JPY,H1,M5,H-A,3.0,0.6,1,primary_12y,724,0.5096685082872928,1.3432479901174343,0.00901424794941107,1.1183014918824115,0.4732997304631879,3.1110527067309697,0.056751301539334276,-3.919976930308767,-0.15862774078793576,-0.4336291812119747,0.17025432505202165,2,0.6290258320137604,0,0,,REJECT,2014-01-02T04:00:00+00:00,2026-04-30T23:00:00+00:00,MASSIVE_parquet,2026-05-20T04:17:34.819065+00:00
GBP_JPY_H-A_3_0.60_3,GBP_JPY,H1,M5,H-A,3.0,0.6,3,primary_12y,724,0.5414364640883977,0.013289581952077073,8.562137604183591e-05,1.0007837111393951,0.5050175540667563,0.013781718158938675,0.00043412853589452904,-14.860567793624176,-0.22146974327282057,-0.6073785765013212,0.22258926040455512,3,0.028258363639669482,0,0,,REJECT,2014-01-02T04:00:00+00:00,2026-04-30T23:00:00+00:00,MASSIVE_parquet,2026-05-20T04:17:34.819065+00:00
GBP_JPY_H-A_3_0.60_6,GBP_JPY,H1,M5,H-A,3.0,0.6,6,primary_12y,724,0.5497237569060773,1.8314870957642246,0.012180238968193086,1.085980495124264,0.5133159311000549,1.7615111983698284,0.04592527267390356,-18.0214800715999,-0.27462438416476703,-0.7754881652883283,0.3009862521486554,4,0.008278104899292869,0,0,,REJECT,2014-01-02T04:00:00+00:00,2026-04-30T23:00:00+00:00,MASSIVE_parquet,2026-05-20T04:17:34.819065+00:00
GBP_JPY_H-A_3_0.60_12,GBP_JPY,H1,M5,H-A,3.0,0.6,12,primary_12y,724,0.5220994475138122,0.35068460957636904,0.003712290249528471,1.0123816137682906,0.4856936153121813,0.4582464127262006,0.009240370615127946,-19.844900956288974,-0.3558853119508681,-0.9773632098964391,0.39814066641907325,4,0.2492597958194669,0,0,,REJECT,2014-01-02T04:00:00+00:00,2026-04-30T23:00:00+00:00,MASSIVE_parquet,2026-05-20T04:17:34.819065+00:00
GBP_JPY_H-B_3_0.60_1,GBP_JPY,H1,M5,H-B,3.0,0.6,1,primary_12y,724,0.4903314917127072,-1.3432479901174343,-0.008507163549908348,0.8942132396843384,0.45406477231353276,-2.9402237756188967,-0.057802162890827846,-8.935077230054691,-0.1694978251827813,-0.48263764044111207,0.15915154727613434,2,0.6290258320137604,0,0,,REJECT,2014-01-02T04:00:00+00:00,2026-04-30T23:00:00+00:00,MASSIVE_parquet,2026-05-20T04:17:34.819065+00:00
GBP_JPY_H-B_3_0.60_3,GBP_JPY,H1,M5,H-B,3.0,0.6,3,primary_12y,724,0.4585635359116022,-0.013289581952077073,0.0024168444186724682,0.9992169025827738,0.4225820191396628,0.3618824142391615,0.010191369286185248,-11.443181926406565,-0.22150343709723588,-0.6199267654383273,0.22402525622187824,8,0.028258363639669482,0,0,,REJECT,2014-01-02T04:00:00+00:00,2026-04-30T23:00:00+00:00,MASSIVE_parquet,2026-05-20T04:17:34.819065+00:00
GBP_JPY_H-B_3_0.60_6,GBP_JPY,H1,M5,H-B,3.0,0.6,6,primary_12y,724,0.45027624309392267,-1.8314870957642246,-0.009133005140012003,0.9208268513934721,0.41439328918754276,-1.2503185674517279,-0.030269912551338207,-20.640279412217037,-0.29894303008646694,-0.7978352100767033,0.27772852780694185,4,0.008278104899292869,0,0,,REJECT,2014-01-02T04:00:00+00:00,2026-04-30T23:00:00+00:00,MASSIVE_parquet,2026-05-20T04:17:34.819065+00:00
GBP_JPY_H-B_3_0.60_12,GBP_JPY,H1,M5,H-B,3.0,0.6,12,primary_12y,724,0.47651933701657456,-0.35068460957636904,0.0004266403716187406,0.9877698156506383,0.44035862536322096,0.050363520861781676,-0.00012788647966921474,-17.374186400875445,-0.3948210562250134,-1.0451382169048284,0.36015170257091317,7,0.22000819854282297,0,0,,REJECT,2014-01-02T04:00:00+00:00,2026-04-30T23:00:00+00:00,MASSIVE_parquet,2026-05-20T04:17:34.819065+00:00
GBP_JPY_H-C_3_0.60_1,GBP_JPY,H1,M5,H-C,3.0,0.6,1,primary_12y,442,0.5180995475113123,1.5729392591235631,0.01051032938398959,1.1351307195868066,0.471562012330074,3.63451688952986,0.06444234366044344,-2.4515464448262025,-0.16214444355118943,-0.4410702419656054,0.17291850521544624,3,0.4755916176811299,0,0,1,REJECT,2014-01-02T04:00:00+00:00,2026-04-30T23:00:00+00:00,MASSIVE_parquet,2026-05-20T04:17:34.819065+00:00
GBP_JPY_H-C_3_0.60_3,GBP_JPY,H1,M5,H-C,3.0,0.6,3,primary_12y,442,0.5656108597285068,3.424528147846111,0.021411537687715407,1.2319411300898784,0.5190316488720244,5.796075840945912,0.10578358625159867,-3.334959594116574,-0.2062774060950495,-0.6001595068424803,0.22987648650269202,2,0.006638017632749982,0,0,1,REJECT,2014-01-02T04:00:00+00:00,2026-04-30T23:00:00+00:00,MASSIVE_parquet,2026-05-20T04:17:34.819065+00:00
GBP_JPY_H-C_3_0.60_6,GBP_JPY,H1,M5,H-C,3.0,0.6,6,primary_12y,442,0.5656108597285068,4.920408238343858,0.03100505328704917,1.2610671681635757,0.5190316488720244,6.413989902018832,0.1173127176056124,-3.090747639564732,-0.2564175889076324,-0.7217214156447493,0.30544148741042326,3,0.006638017632749982,0,0,1,REJECT,2014-01-02T04:00:00+00:00,2026-04-30T23:00:00+00:00,MASSIVE_parquet,2026-05-20T04:17:34.819065+00:00
GBP_JPY_H-C_3_0.60_12,GBP_JPY,H1,M5,H-C,3.0,0.6,12,primary_12y,442,0.5248868778280543,2.0721457949049444,0.014101110291569534,1.0782491115052188,0.47831773601575084,2.2343304794433094,0.04121586850316172,-6.699669659666298,-0.33247135415140106,-0.8959688562843082,0.3924227322612262,4,0.3178590483264495,0,0,1,REJECT,2014-01-02T04:00:00+00:00,2026-04-30T23:00:00+00:00,MASSIVE_parquet,2026-05-20T04:17:34.819065+00:00
GBP_JPY_H-D_3_0.60_1,GBP_JPY,H1,M5,H-D,3.0,0.6,1,primary_12y,11,0.6363636363636364,0.499363636363238,3.606057695277281e-05,1.0709974279103454,0.35380117450784887,0.023901542536446666,0.0005230154261072206,-0.3847142778491075,-0.16067619915956663,-0.3254599797174518,0.10875331163487631,2,0.548828125,0,0,1,REJECT,2014-01-02T04:00:00+00:00,2026-04-30T23:00:00+00:00,MASSIVE_parquet,2026-05-20T04:17:34.819065+00:00
GBP_JPY_H-D_3_0.60_3,GBP_JPY,H1,M5,H-D,3.0,0.6,3,primary_12y,11,0.5454545454545454,-1.8283636363636644,-0.02112098153056564,0.891469521671557,0.28009153740932197,-7.364843500686183,-0.13571921784707996,-0.9436047044943718,-0.22849310737563397,-0.4337505326707014,0.17811718940038512,2,1.0,0,0,1,REJECT,2014-01-02T04:00:00+00:00,2026-04-30T23:00:00+00:00,MASSIVE_parquet,2026-05-20T04:17:34.819065+00:00
GBP_JPY_H-D_3_0.60_6,GBP_JPY,H1,M5,H-D,3.0,0.6,6,primary_12y,11,0.5454545454545454,-3.3920000000002593,-0.032706544409219246,0.8440863809587371,0.28009153740932197,-9.340885970657508,-0.16856317782851427,-1.1265602251743778,-0.2649846201407644,-0.5240621198693007,0.23784753231572697,2,1.0,0,0,1,REJECT,2014-01-02T04:00:00+00:00,2026-04-30T23:00:00+00:00,MASSIVE_parquet,2026-05-20T04:17:34.819065+00:00
GBP_JPY_H-D_3_0.60_12,GBP_JPY,H1,M5,H-D,3.0,0.6,12,primary_12y,11,0.5454545454545454,7.053454545454036,0.024257316124950714,1.3187517460108547,0.28009153740932197,5.3089467861026165,0.08207980025281814,-1.5063694609953604,-0.3548737680240413,-0.7607092091558021,0.3147674689717782,2,1.0,0,0,1,REJECT,2014-01-02T04:00:00+00:00,2026-04-30T23:00:00+00:00,MASSIVE_parquet,2026-05-20T04:17:34.819065+00:00
EUR_USD_H-A_2_0.50_1,EUR_USD,H1,M5,H-A,2.0,0.5,1,secondary_1y,158,0.5443037974683544,-0.13924050632912693,-0.0013631215879031835,0.9795386904761889,0.4665156377223326,-0.6917996768053506,-0.012946980940212072,-1.925739535446802,-0.12845465405724832,-0.37564035326633494,0.12948101654951877,1,0.3010155381965671,0,0,,REJECT,2025-04-13T21:00:00+00:00,2026-05-20T04:00:00+00:00,MASSIVE_parquet,2026-05-20T04:17:34.819065+00:00
EUR_USD_H-A_2_0.50_3,EUR_USD,H1,M5,H-A,2.0,0.5,3,secondary_1y,158,0.5189873417721519,1.4037974683545063,0.012165530981220302,1.1852037408149747,0.4415585434486676,5.050773914117715,0.08171096236993791,-1.3280808815527623,-0.1507101451908559,-0.4327009807328036,0.16574980405240536,0,0.6909249767024591,0,0,,REJECT,2025-04-13T21:00:00+00:00,2026-05-20T04:00:00+00:00,MASSIVE_parquet,2026-05-20T04:17:34.819065+00:00
EUR_USD_H-A_2_0.50_6,EUR_USD,H1,M5,H-A,2.0,0.5,6,secondary_1y,158,0.5,0.28924050632909776,0.00260760556939755,1.027913510872219,0.42296764003406445,0.8644458417983627,0.00799997182872958,-2.514159024291329,-0.17997426047532974,-0.48706273903497965,0.19613531484057117,1,1.0,0,0,,REJECT,2025-04-13T21:00:00+00:00,2026-05-20T04:00:00+00:00,MASSIVE_parquet,2026-05-20T04:17:34.819065+00:00
EUR_USD_H-A_2_0.50_12,EUR_USD,H1,M5,H-A,2.0,0.5,12,secondary_1y,158,0.5189873417721519,-0.06962025316454959,-0.00043729226966111255,0.9943777153079484,0.4415585434486676,-0.1285172137715404,-0.0021381008919764133,-3.139323881362077,-0.2143964749892361,-0.5666291472783397,0.23114022112263943,1,0.6909249767024591,0,0,,REJECT,2025-04-13T21:00:00+00:00,2026-05-20T04:00:00+00:00,MASSIVE_parquet,2026-05-20T04:17:34.819065+00:00
EUR_USD_H-B_2_0.50_1,EUR_USD,H1,M5,H-B,2.0,0.5,1,secondary_1y,158,0.45569620253164556,0.13924050632912693,0.0015967157944509786,1.0208887200911523,0.38001122715896307,0.8094932321533571,0.012372572203489918,-2.37945382769158,-0.1292265419316741,-0.2932611607799357,0.12882860991143946,1,0.3010155381965671,0,0,,REJECT,2025-04-13T21:00:00+00:00,2026-05-20T04:00:00+00:00,MASSIVE_parquet,2026-05-20T04:17:34.819065+00:00
EUR_USD_H-B_2_0.50_3,EUR_USD,H1,M5,H-B,2.0,0.5,3,secondary_1y,158,0.4810126582278481,-1.4037974683545063,-0.011815347038673367,0.8437367901930312,0.40448522463579484,-4.904131626324377,-0.08707418663980915,-4.2161664961236305,-0.16531741667313676,-0.4093238950807593,0.15118530015327772,1,0.6909249767024591,0,0,,REJECT,2025-04-13T21:00:00+00:00,2026-05-20T04:00:00+00:00,MASSIVE_parquet,2026-05-20T04:17:34.819065+00:00
EUR_USD_H-B_2_0.50_6,EUR_USD,H1,M5,H-B,2.0,0.5,6,secondary_1y,158,0.4936708860759494,-0.28924050632909776,-0.0020608140479878804,0.9728444946223797,0.41679477879084703,-0.683306020179578,-0.017786188080000265,-2.7005402160169223,-0.19549659609388895,-0.47404070776678797,0.1805868472058453,1,0.9366240696485013,0,0,,REJECT,2025-04-13T21:00:00+00:00,2026-05-20T04:00:00+00:00,MASSIVE_parquet,2026-05-20T04:17:34.819065+00:00
EUR_USD_H-B_2_0.50_12,EUR_USD,H1,M5,H-B,2.0,0.5,12,secondary_1y,158,0.4810126582278481,0.06962025316454959,0.0011332999901186086,1.0056540735029549,0.40448522463579484,0.33296257890355097,0.005097454238076671,-2.6781867560923045,-0.23027659756256108,-0.6223097153823831,0.2152456453016114,1,0.6909249767024591,0,0,,REJECT,2025-04-13T21:00:00+00:00,2026-05-20T04:00:00+00:00,MASSIVE_parquet,2026-05-20T04:17:34.819065+00:00
EUR_USD_H-C_2_0.50_1,EUR_USD,H1,M5,H-C,2.0,0.5,1,secondary_1y,79,0.5189873417721519,-2.030379746835422,-0.017490920645615332,0.7418316433285067,0.41051105599405935,-8.756577330650323,-0.18039252697437425,-1.2904176141001034,-0.13835145089168024,-0.37141840286196265,0.12688921609250428,0,0.8221442424521863,0,0,1,REJECT,2025-04-13T21:00:00+00:00,2026-05-20T04:00:00+00:00,MASSIVE_parquet,2026-05-20T04:17:34.819065+00:00
EUR_USD_H-C_2_0.50_3,EUR_USD,H1,M5,H-C,2.0,0.5,3,secondary_1y,79,0.5443037974683544,-0.008860759493700692,0.00022062698778953737,0.9989794430674993,0.4349833293376871,0.08634594211797356,0.0016053922503852514,-1.3360078433712008,-0.1643066635821125,-0.47880134056184515,0.16429106296444526,1,0.499896876860327,0,0,1,REJECT,2025-04-13T21:00:00+00:00,2026-05-20T04:00:00+00:00,MASSIVE_parquet,2026-05-20T04:17:34.819065+00:00
EUR_USD_H-C_2_0.50_6,EUR_USD,H1,M5,H-C,2.0,0.5,6,secondary_1y,79,0.4810126582278481,0.3443037974683609,0.0031399317727909552,1.0322772042245167,0.37429730453787924,1.0107289295807096,0.01591216681912616,-1.6892093277494191,-0.19191277637132545,-0.5672243322995296,0.20086833259438103,1,0.8221442424521863,0,0,1,REJECT,2025-04-13T21:00:00+00:00,2026-05-20T04:00:00+00:00,MASSIVE_parquet,2026-05-20T04:17:34.819065+00:00
EUR_USD_H-C_2_0.50_12,EUR_USD,H1,M5,H-C,2.0,0.5,12,secondary_1y,79,0.5316455696202531,1.830379746835573,0.016444265459188232,1.1568499837292674,0.42271409399274446,4.648731528640733,0.07485788121099318,-2.1135381858178093,-0.2246804950041179,-0.6596949164834887,0.2405358345053776,0,0.6529643755164601,0,0,1,REJECT,2025-04-13T21:00:00+00:00,2026-05-20T04:00:00+00:00,MASSIVE_parquet,2026-05-20T04:17:34.819065+00:00
EUR_USD_H-D_2_0.50_1,EUR_USD,H1,M5,H-D,2.0,0.5,1,secondary_1y,0,0.0,0.0,0.0,0.0,0.0,0.0,0.0,0.0,0.0,0.0,0.0,0,1.0,0,0,1,REJECT,2025-04-13T21:00:00+00:00,2026-05-20T04:00:00+00:00,MASSIVE_parquet,2026-05-20T04:17:34.819065+00:00
EUR_USD_H-D_2_0.50_3,EUR_USD,H1,M5,H-D,2.0,0.5,3,secondary_1y,0,0.0,0.0,0.0,0.0,0.0,0.0,0.0,0.0,0.0,0.0,0.0,0,1.0,0,0,1,REJECT,2025-04-13T21:00:00+00:00,2026-05-20T04:00:00+00:00,MASSIVE_parquet,2026-05-20T04:17:34.819065+00:00
EUR_USD_H-D_2_0.50_6,EUR_USD,H1,M5,H-D,2.0,0.5,6,secondary_1y,0,0.0,0.0,0.0,0.0,0.0,0.0,0.0,0.0,0.0,0.0,0.0,0,1.0,0,0,1,REJECT,2025-04-13T21:00:00+00:00,2026-05-20T04:00:00+00:00,MASSIVE_parquet,2026-05-20T04:17:34.819065+00:00
EUR_USD_H-D_2_0.50_12,EUR_USD,H1,M5,H-D,2.0,0.5,12,secondary_1y,0,0.0,0.0,0.0,0.0,0.0,0.0,0.0,0.0,0.0,0.0,0.0,0,1.0,0,0,1,REJECT,2025-04-13T21:00:00+00:00,2026-05-20T04:00:00+00:00,MASSIVE_parquet,2026-05-20T04:17:34.819065+00:00
GBP_USD_H-A_2_0.50_1,GBP_USD,H1,M5,H-A,2.0,0.5,1,secondary_1y,108,0.48148148148148145,-2.773148148148243,-0.020628609249181046,0.6976885030786224,0.38951373394028815,-10.510089959507434,-0.2077756393386922,-2.476542839649476,-0.14334553266311906,-0.3461851402190752,0.11956536357010415,1,0.7729885295985336,0,0,,REJECT,2025-04-13T21:00:00+00:00,2026-05-20T04:00:00+00:00,MASSIVE_parquet,2026-05-20T04:17:34.819065+00:00
GBP_USD_H-A_2_0.50_3,GBP_USD,H1,M5,H-A,2.0,0.5,3,secondary_1y,108,0.4444444444444444,-4.9712962962963605,-0.036872571464592864,0.5905589872645427,0.3542414442446608,-16.113712136323308,-0.305814477422071,-3.893439037470725,-0.17487790000064116,-0.4378077722760315,0.13937069686376646,0,0.2897982154050608,0,0,,REJECT,2025-04-13T21:00:00+00:00,2026-05-20T04:00:00+00:00,MASSIVE_parquet,2026-05-20T04:17:34.819065+00:00
GBP_USD_H-A_2_0.50_6,GBP_USD,H1,M5,H-A,2.0,0.5,6,secondary_1y,108,0.42592592592592593,-5.186111111111225,-0.038312209957133185,0.6481562912243172,0.33679220437956364,-13.423519725347807,-0.23909181295576432,-5.059091911916237,-0.2084499835749318,-0.48494520992576007,0.16923630908505707,1,0.1485763476105622,0,0,,REJECT,2025-04-13T21:00:00+00:00,2026-05-20T04:00:00+00:00,MASSIVE_parquet,2026-05-20T04:17:34.819065+00:00
GBP_USD_H-A_2_0.50_12,GBP_USD,H1,M5,H-A,2.0,0.5,12,secondary_1y,108,0.49074074074074076,-4.043518518518651,-0.029864849305511743,0.7209941221569042,0.3984089129832508,-9.903545460655614,-0.1878318700575971,-4.612736619507442,-0.24063762724350574,-0.5349679261161944,0.19803920494537738,1,0.923401037594597,0,0,,REJECT,2025-04-13T21:00:00+00:00,2026-05-20T04:00:00+00:00,MASSIVE_parquet,2026-05-20T04:17:34.819065+00:00
GBP_USD_H-B_2_0.50_1,GBP_USD,H1,M5,H-B,2.0,0.5,1,secondary_1y,108,0.5185185185185185,2.773148148148243,0.020863877476463587,1.4333043981481666,0.4252786465422676,10.623907680439173,0.15774450560035636,-0.7464075133703285,-0.11934542059241803,-0.2762431707748386,0.14368302992208434,1,0.7729885295985336,0,0,,REJECT,2025-04-13T21:00:00+00:00,2026-05-20T04:00:00+00:00,MASSIVE_parquet,2026-05-20T04:17:34.819065+00:00
GBP_USD_H-B_2_0.50_3,GBP_USD,H1,M5,H-B,2.0,0.5,3,secondary_1y,108,0.5555555555555556,4.9712962962963605,0.03720041887371296,1.6933109504132344,0.46153618205059904,16.237376717917012,0.2278919567329346,-1.0999773504167143,-0.13907962431940787,-0.3177012868118195,0.17535639519877555,0,0.2897982154050608,0,0,,REJECT,2025-04-13T21:00:00+00:00,2026-05-20T04:00:00+00:00,MASSIVE_parquet,2026-05-20T04:17:34.819065+00:00
GBP_USD_H-B_2_0.50_6,GBP_USD,H1,M5,H-B,2.0,0.5,6,secondary_1y,108,0.5648148148148148,5.186111111111225,0.03881568524354428,1.542837759255684,0.47067829246131926,13.585979548409554,0.19117975099794227,-1.2205742647514723,-0.16879725029148746,-0.4072167631099072,0.20912028848290393,1,0.210765793978782,0,0,,REJECT,2025-04-13T21:00:00+00:00,2026-05-20T04:00:00+00:00,MASSIVE_parquet,2026-05-20T04:17:34.819065+00:00
GBP_USD_H-B_2_0.50_12,GBP_USD,H1,M5,H-B,2.0,0.5,12,secondary_1y,108,0.5092592592592593,4.043518518518651,0.03041951528797736,1.3869738591050234,0.41629136928424054,10.074685545040095,0.14311543098642598,-1.4237489204989684,-0.1974511603558648,-0.4915580907422479,0.24152722785521435,1,0.923401037594597,0,0,,REJECT,2025-04-13T21:00:00+00:00,2026-05-20T04:00:00+00:00,MASSIVE_parquet,2026-05-20T04:17:34.819065+00:00
GBP_USD_H-C_2_0.50_1,GBP_USD,H1,M5,H-C,2.0,0.5,1,secondary_1y,58,0.41379310344827586,-3.877586206896611,-0.02894311797117579,0.6243527643226967,0.29628026374083305,-13.772905293950581,-0.24867981759419316,-1.8595469247032148,-0.15763041041749154,-0.3491110681545645,0.12233605150456374,1,0.23704711476271959,0,0,1,REJECT,2025-04-13T21:00:00+00:00,2026-05-20T04:00:00+00:00,MASSIVE_parquet,2026-05-20T04:17:34.819065+00:00
GBP_USD_H-C_2_0.50_3,GBP_USD,H1,M5,H-C,2.0,0.5,3,secondary_1y,58,0.3620689655172414,-8.770689655172447,-0.06534090750632328,0.4187614259597771,0.25054912829975906,-26.268087449812068,-0.4999203112447775,-3.700973954661446,-0.1928967676793615,-0.44536272214189543,0.14077794834134946,0,0.047940324071666984,0,0,1,REJECT,2025-04-13T21:00:00+00:00,2026-05-20T04:00:00+00:00,MASSIVE_parquet,2026-05-20T04:17:34.819065+00:00
GBP_USD_H-C_2_0.50_6,GBP_USD,H1,M5,H-C,2.0,0.5,6,secondary_1y,58,0.3448275862068966,-8.158620689655292,-0.060618978478609656,0.5340685309176777,0.23561089331950172,-19.594897023965004,-0.298679834906191,-4.01645842454127,-0.23365918902912883,-0.5086327671329072,0.17417237710305417,1,0.024746035842440804,0,0,1,REJECT,2025-04-13T21:00:00+00:00,2026-05-20T04:00:00+00:00,MASSIVE_parquet,2026-05-20T04:17:34.819065+00:00
GBP_USD_H-C_2_0.50_12,GBP_USD,H1,M5,H-C,2.0,0.5,12,secondary_1y,58,0.4482758620689655,-6.73965517241392,-0.049993021629838624,0.5812533476164885,0.3274985404778122,-16.30141367220139,-0.32050455794886923,-3.4452115811045902,-0.27365085974603776,-0.6298150701266569,0.2016785205095571,0,0.5118423084381691,0,0,1,REJECT,2025-04-13T21:00:00+00:00,2026-05-20T04:00:00+00:00,MASSIVE_parquet,2026-05-20T04:17:34.819065+00:00
GBP_USD_H-D_2_0.50_1,GBP_USD,H1,M5,H-D,2.0,0.5,1,secondary_1y,0,0.0,0.0,0.0,0.0,0.0,0.0,0.0,0.0,0.0,0.0,0.0,0,1.0,0,0,1,REJECT,2025-04-13T21:00:00+00:00,2026-05-20T04:00:00+00:00,MASSIVE_parquet,2026-05-20T04:17:34.819065+00:00
GBP_USD_H-D_2_0.50_3,GBP_USD,H1,M5,H-D,2.0,0.5,3,secondary_1y,0,0.0,0.0,0.0,0.0,0.0,0.0,0.0,0.0,0.0,0.0,0.0,0,1.0,0,0,1,REJECT,2025-04-13T21:00:00+00:00,2026-05-20T04:00:00+00:00,MASSIVE_parquet,2026-05-20T04:17:34.819065+00:00
GBP_USD_H-D_2_0.50_6,GBP_USD,H1,M5,H-D,2.0,0.5,6,secondary_1y,0,0.0,0.0,0.0,0.0,0.0,0.0,0.0,0.0,0.0,0.0,0.0,0,1.0,0,0,1,REJECT,2025-04-13T21:00:00+00:00,2026-05-20T04:00:00+00:00,MASSIVE_parquet,2026-05-20T04:17:34.819065+00:00
GBP_USD_H-D_2_0.50_12,GBP_USD,H1,M5,H-D,2.0,0.5,12,secondary_1y,0,0.0,0.0,0.0,0.0,0.0,0.0,0.0,0.0,0.0,0.0,0.0,0,1.0,0,0,1,REJECT,2025-04-13T21:00:00+00:00,2026-05-20T04:00:00+00:00,MASSIVE_parquet,2026-05-20T04:17:34.819065+00:00
EUR_JPY_H-A_2_0.50_1,EUR_JPY,H1,M5,H-A,2.0,0.5,1,secondary_1y,4,0.5,13.000000000001677,0.08288263726888012,3.385321100918167,0.15003898915214947,37.8005054392225,0.3688850005635546,-0.11722442805822686,-0.09176626358130546,-0.13454054614266242,0.19084902743537469,1,1.0,0,0,,REJECT,2025-04-13T21:00:00+00:00,2026-05-20T04:00:00+00:00,MASSIVE_parquet,2026-05-20T04:17:34.819065+00:00
EUR_JPY_H-A_2_0.50_3,EUR_JPY,H1,M5,H-A,2.0,0.5,3,secondary_1y,4,0.75,8.800000000000097,0.05723641233452981,2.833333333333284,0.3006418425824019,35.1081833300242,0.5161409448261236,-0.10373331892593596,-0.10420085192221484,-0.17681814650175431,0.23379091479266423,1,0.625,0,0,,REJECT,2025-04-13T21:00:00+00:00,2026-05-20T04:00:00+00:00,MASSIVE_parquet,2026-05-20T04:17:34.819065+00:00
EUR_JPY_H-A_2_0.50_6,EUR_JPY,H1,M5,H-A,2.0,0.5,6,secondary_1y,4,0.75,22.150000000000603,0.14091413578044554,3.9049180327868993,0.3006418425824019,43.06693992242146,0.580418486908302,-0.16468415738406517,-0.12421810883409268,-0.24487682000213895,0.3255698020314668,1,0.625,0,0,,REJECT,2025-04-13T21:00:00+00:00,2026-05-20T04:00:00+00:00,MASSIVE_parquet,2026-05-20T04:17:34.819065+00:00
EUR_JPY_H-A_2_0.50_12,EUR_JPY,H1,M5,H-A,2.0,0.5,12,secondary_1y,4,0.75,15.574999999999761,0.10488340575206534,2.149446494464924,0.3006418425824019,29.923819423961366,0.4420415235270159,-0.2922778257118175,-0.13449308015590633,-0.27981172249630537,0.34555654822717163,1,0.625,0,0,,REJECT,2025-04-13T21:00:00+00:00,2026-05-20T04:00:00+00:00,MASSIVE_parquet,2026-05-20T04:17:34.819065+00:00
EUR_JPY_H-B_2_0.50_1,EUR_JPY,H1,M5,H-B,2.0,0.5,1,secondary_1y,4,0.5,-13.000000000001677,-0.08259639296506194,0.2953929539294751,0.15003898915214947,-37.71981378301479,-1.4002300132341676,-0.22422069636021114,-0.19041676447016653,-0.2814969103768378,0.09186421730206229,1,1.0,0,0,,REJECT,2025-04-13T21:00:00+00:00,2026-05-20T04:00:00+00:00,MASSIVE_parquet,2026-05-20T04:17:34.819065+00:00
EUR_JPY_H-B_2_0.50_3,EUR_JPY,H1,M5,H-B,2.0,0.5,3,secondary_1y,4,0.25,-8.800000000000097,-0.05708327839600291,0.35294117647059436,0.045587260809700575,-35.04269511574662,-0.5497179171283242,-0.30600299088133776,-0.23320158486281328,-0.28289250140096256,0.1043400147687723,1,0.625,0,0,,REJECT,2025-04-13T21:00:00+00:00,2026-05-20T04:00:00+00:00,MASSIVE_parquet,2026-05-20T04:17:34.819065+00:00
EUR_JPY_H-B_2_0.50_6,EUR_JPY,H1,M5,H-B,2.0,0.5,6,secondary_1y,4,0.25,-22.150000000000603,-0.14023216245418468,0.25608732157850456,0.045587260809700575,-42.96912844701049,-0.8501195532280283,-0.479930556876218,-0.3243193059296795,-0.47834830910084614,0.12444975094764166,1,0.625,0,0,,REJECT,2025-04-13T21:00:00+00:00,2026-05-20T04:00:00+00:00,MASSIVE_parquet,2026-05-20T04:17:34.819065+00:00
EUR_JPY_H-B_2_0.50_12,EUR_JPY,H1,M5,H-B,2.0,0.5,12,secondary_1y,4,0.25,-15.574999999999761,-0.10421675777532446,0.46523605150215047,0.045587260809700575,-29.72886316094326,-0.355525278212939,-0.5216319335192066,-0.3440940790362279,-0.5455825376631107,0.13478473905219057,1,0.625,0,0,,REJECT,2025-04-13T21:00:00+00:00,2026-05-20T04:00:00+00:00,MASSIVE_parquet,2026-05-20T04:17:34.819065+00:00
EUR_JPY_H-C_2_0.50_1,EUR_JPY,H1,M5,H-C,2.0,0.5,1,secondary_1y,2,0.5,18.40000000000117,0.11205555991716798,369.00000000872546,0.09453120573423071,54.69149614626984,0.4986350946872287,0.0,-0.06918487705322995,-0.09801663445615616,0.191886991923107,0,1.0,0,0,1,REJECT,2025-04-13T21:00:00+00:00,2026-05-20T04:00:00+00:00,MASSIVE_parquet,2026-05-20T04:17:34.819065+00:00
EUR_JPY_H-C_2_0.50_3,EUR_JPY,H1,M5,H-C,2.0,0.5,3,secondary_1y,2,1.0,25.05000000000024,0.1532504788964273,inf,0.3423802275066531,220.9148811494102,1.0,0.0,-0.06918487705322995,-0.09801663445615616,0.2777707666376861,0,0.5,0,0,1,REJECT,2025-04-13T21:00:00+00:00,2026-05-20T04:00:00+00:00,MASSIVE_parquet,2026-05-20T04:17:34.819065+00:00
EUR_JPY_H-C_2_0.50_6,EUR_JPY,H1,M5,H-C,2.0,0.5,6,secondary_1y,2,1.0,39.30000000000149,0.24089018466179057,inf,0.3423802275066531,70.95660778722073,1.0,0.0,-0.06918487705322995,-0.09801663445615616,0.39040439646655933,0,0.5,0,0,1,REJECT,2025-04-13T21:00:00+00:00,2026-05-20T04:00:00+00:00,MASSIVE_parquet,2026-05-20T04:17:34.819065+00:00
EUR_JPY_H-C_2_0.50_12,EUR_JPY,H1,M5,H-C,2.0,0.5,12,secondary_1y,2,1.0,42.74999999999949,0.261543128475461,inf,0.3423802275066531,213.80555933843056,1.0,0.0,-0.06918487705322995,-0.09801663445615616,0.430377888857969,0,0.5,0,0,1,REJECT,2025-04-13T21:00:00+00:00,2026-05-20T04:00:00+00:00,MASSIVE_parquet,2026-05-20T04:17:34.819065+00:00
EUR_JPY_H-D_2_0.50_1,EUR_JPY,H1,M5,H-D,2.0,0.5,1,secondary_1y,0,0.0,0.0,0.0,0.0,0.0,0.0,0.0,0.0,0.0,0.0,0.0,0,1.0,0,0,1,REJECT,2025-04-13T21:00:00+00:00,2026-05-20T04:00:00+00:00,MASSIVE_parquet,2026-05-20T04:17:34.819065+00:00
EUR_JPY_H-D_2_0.50_3,EUR_JPY,H1,M5,H-D,2.0,0.5,3,secondary_1y,0,0.0,0.0,0.0,0.0,0.0,0.0,0.0,0.0,0.0,0.0,0.0,0,1.0,0,0,1,REJECT,2025-04-13T21:00:00+00:00,2026-05-20T04:00:00+00:00,MASSIVE_parquet,2026-05-20T04:17:34.819065+00:00
EUR_JPY_H-D_2_0.50_6,EUR_JPY,H1,M5,H-D,2.0,0.5,6,secondary_1y,0,0.0,0.0,0.0,0.0,0.0,0.0,0.0,0.0,0.0,0.0,0.0,0,1.0,0,0,1,REJECT,2025-04-13T21:00:00+00:00,2026-05-20T04:00:00+00:00,MASSIVE_parquet,2026-05-20T04:17:34.819065+00:00
EUR_JPY_H-D_2_0.50_12,EUR_JPY,H1,M5,H-D,2.0,0.5,12,secondary_1y,0,0.0,0.0,0.0,0.0,0.0,0.0,0.0,0.0,0.0,0.0,0.0,0,1.0,0,0,1,REJECT,2025-04-13T21:00:00+00:00,2026-05-20T04:00:00+00:00,MASSIVE_parquet,2026-05-20T04:17:34.819065+00:00
EUR_GBP_H-A_2_0.50_1,EUR_GBP,H1,M5,H-A,2.0,0.5,1,secondary_1y,18,0.6666666666666666,1.0055555555554205,0.010902092739513888,1.212941176470555,0.437494672959451,5.3877701058875775,0.11010467168553362,-0.3839668677114605,-0.10287614462427788,-0.2815332133061277,0.1293348966118657,1,0.237884521484375,0,0,,REJECT,2025-04-08T00:00:00+00:00,2026-05-11T07:00:00+00:00,MASSIVE_parquet,2026-05-20T04:17:34.819065+00:00
EUR_GBP_H-A_2_0.50_3,EUR_GBP,H1,M5,H-A,2.0,0.5,3,secondary_1y,18,0.6111111111111112,0.616666666666636,0.006799712671476697,1.1010928961748587,0.3861904160223791,2.7710132185620084,0.05357904467469976,-0.5326092206755173,-0.12772145403385166,-0.3066522768711871,0.17024034902247565,1,0.480682373046875,0,0,,REJECT,2025-04-08T00:00:00+00:00,2026-05-11T07:00:00+00:00,MASSIVE_parquet,2026-05-20T04:17:34.819065+00:00
EUR_GBP_H-A_2_0.50_6,EUR_GBP,H1,M5,H-A,2.0,0.5,6,secondary_1y,18,0.6111111111111112,0.6333333333331033,0.007129387905123001,1.0926076360682018,0.3861904160223791,2.7350489675181118,0.050653909238618455,-0.5729674006554664,-0.17763530718767104,-0.43214640403115234,0.21019726111064876,1,0.480682373046875,0,0,,REJECT,2025-04-08T00:00:00+00:00,2026-05-11T07:00:00+00:00,MASSIVE_parquet,2026-05-20T04:17:34.819065+00:00
EUR_GBP_H-A_2_0.50_12,EUR_GBP,H1,M5,H-A,2.0,0.5,12,secondary_1y,18,0.3888888888888889,-1.8694444444444176,-0.021949013902383685,0.7090358841331685,0.20305246572163624,-8.98005477482529,-0.16287200911791427,-0.6798827644570626,-0.19821440783113825,-0.43214640403115234,0.21019726111064876,0,0.480682373046875,0,0,,REJECT,2025-04-08T00:00:00+00:00,2026-05-11T07:00:00+00:00,MASSIVE_parquet,2026-05-20T04:17:34.819065+00:00
EUR_GBP_H-B_2_0.50_1,EUR_GBP,H1,M5,H-B,2.0,0.5,1,secondary_1y,18,0.3333333333333333,-1.0055555555554205,-0.010666899266080035,0.8244422890397898,0.1627877475083369,-5.268099017223482,-0.0643694156041465,-0.7325162100583205,-0.12907964633588712,-0.2995798813189804,0.10306744359073071,1,0.237884521484375,0,0,,REJECT,2025-04-08T00:00:00+00:00,2026-05-11T07:00:00+00:00,MASSIVE_parquet,2026-05-20T04:17:34.819065+00:00
EUR_GBP_H-B_2_0.50_3,EUR_GBP,H1,M5,H-B,2.0,0.5,3,secondary_1y,18,0.3888888888888889,-0.616666666666636,-0.00645490031816588,0.9081885856079444,0.20305246572163624,-2.627233200230352,-0.03537686279912755,-0.5549699501216088,-0.16978815211247728,-0.4007283398929806,0.12802833215124704,1,0.480682373046875,0,0,,REJECT,2025-04-08T00:00:00+00:00,2026-05-11T07:00:00+00:00,MASSIVE_parquet,2026-05-20T04:17:34.819065+00:00
EUR_GBP_H-B_2_0.50_6,EUR_GBP,H1,M5,H-B,2.0,0.5,6,secondary_1y,18,0.3888888888888889,-0.6333333333331033,-0.006740430269231496,0.9152416356877621,0.20305246572163624,-2.5834303184083764,-0.03313758695379437,-0.8246010681774774,-0.20956181937349444,-0.40825623783749376,0.17823513732574034,1,0.480682373046875,0,0,,REJECT,2025-04-08T00:00:00+00:00,2026-05-11T07:00:00+00:00,MASSIVE_parquet,2026-05-20T04:17:34.819065+00:00
EUR_GBP_H-B_2_0.50_12,EUR_GBP,H1,M5,H-B,2.0,0.5,12,secondary_1y,18,0.6111111111111112,1.8694444444444176,0.022295877177273365,1.4103658536585204,0.3861904160223791,9.102465024709463,0.18265768253532294,-0.41751712286651754,-0.20956181937349444,-0.40825623783749376,0.19887195039825314,0,0.480682373046875,0,0,,REJECT,2025-04-08T00:00:00+00:00,2026-05-11T07:00:00+00:00,MASSIVE_parquet,2026-05-20T04:17:34.819065+00:00
EUR_GBP_H-C_2_0.50_1,EUR_GBP,H1,M5,H-C,2.0,0.5,1,secondary_1y,12,0.6666666666666666,-0.5083333333335182,-0.006189321547102796,0.8810916179336844,0.39062208887279953,-3.578097532371848,-0.09489543921901145,-0.4578976445291705,-0.10778919530629316,-0.2898814294675195,0.10111152476786993,1,0.3876953125,0,0,1,REJECT,2025-04-08T00:00:00+00:00,2026-05-11T07:00:00+00:00,MASSIVE_parquet,2026-05-20T04:17:34.819065+00:00
EUR_GBP_H-C_2_0.50_3,EUR_GBP,H1,M5,H-C,2.0,0.5,3,secondary_1y,12,0.6666666666666666,1.533333333333201,0.017600399635686603,1.2647482014388258,0.39062208887279953,6.497395161609016,0.13855234701229546,-0.5326092206755173,-0.1269340193953102,-0.37493313393110517,0.15865153961510484,0,0.3876953125,0,0,1,REJECT,2025-04-08T00:00:00+00:00,2026-05-11T07:00:00+00:00,MASSIVE_parquet,2026-05-20T04:17:34.819065+00:00
EUR_GBP_H-C_2_0.50_6,EUR_GBP,H1,M5,H-C,2.0,0.5,6,secondary_1y,12,0.6666666666666666,3.0249999999997406,0.034611617511171956,1.6552346570396301,0.39062208887279953,14.544626971098879,0.26242659055207185,-0.4895556083391539,-0.17422715836469907,-0.5078269318363254,0.2120255598692037,0,0.3876953125,0,0,1,REJECT,2025-04-08T00:00:00+00:00,2026-05-11T07:00:00+00:00,MASSIVE_parquet,2026-05-20T04:17:34.819065+00:00
EUR_GBP_H-C_2_0.50_12,EUR_GBP,H1,M5,H-C,2.0,0.5,12,secondary_1y,12,0.3333333333333333,-1.9791666666666787,-0.022949877281952524,0.6843853820598036,0.13812009109121315,-8.744130663877346,-0.15484472097516605,-0.6798827644570626,-0.1861419075608245,-0.5078269318363254,0.2120255598692037,0,0.3876953125,0,0,1,REJECT,2025-04-08T00:00:00+00:00,2026-05-11T07:00:00+00:00,MASSIVE_parquet,2026-05-20T04:17:34.819065+00:00
EUR_GBP_H-D_2_0.50_1,EUR_GBP,H1,M5,H-D,2.0,0.5,1,secondary_1y,0,0.0,0.0,0.0,0.0,0.0,0.0,0.0,0.0,0.0,0.0,0.0,0,1.0,0,0,1,REJECT,2025-04-08T00:00:00+00:00,2026-05-11T07:00:00+00:00,MASSIVE_parquet,2026-05-20T04:17:34.819065+00:00
EUR_GBP_H-D_2_0.50_3,EUR_GBP,H1,M5,H-D,2.0,0.5,3,secondary_1y,0,0.0,0.0,0.0,0.0,0.0,0.0,0.0,0.0,0.0,0.0,0.0,0,1.0,0,0,1,REJECT,2025-04-08T00:00:00+00:00,2026-05-11T07:00:00+00:00,MASSIVE_parquet,2026-05-20T04:17:34.819065+00:00
EUR_GBP_H-D_2_0.50_6,EUR_GBP,H1,M5,H-D,2.0,0.5,6,secondary_1y,0,0.0,0.0,0.0,0.0,0.0,0.0,0.0,0.0,0.0,0.0,0.0,0,1.0,0,0,1,REJECT,2025-04-08T00:00:00+00:00,2026-05-11T07:00:00+00:00,MASSIVE_parquet,2026-05-20T04:17:34.819065+00:00
EUR_GBP_H-D_2_0.50_12,EUR_GBP,H1,M5,H-D,2.0,0.5,12,secondary_1y,0,0.0,0.0,0.0,0.0,0.0,0.0,0.0,0.0,0.0,0.0,0.0,0,1.0,0,0,1,REJECT,2025-04-08T00:00:00+00:00,2026-05-11T07:00:00+00:00,MASSIVE_parquet,2026-05-20T04:17:34.819065+00:00
AUD_CAD_H-A_2_0.50_1,AUD_CAD,H1,M5,H-A,2.0,0.5,1,secondary_1y,21,0.3333333333333333,-4.0222622337655825,-0.044823859581802745,0.4049404741716339,0.17194752605083477,-26.00338254082567,-0.5163944983421667,-1.0442349342143498,-0.1519699179319468,-0.3629963700362948,0.13438777137533697,0,0.18924713134765625,0,0,,REJECT,2025-04-08T00:00:00+00:00,2026-05-11T07:00:00+00:00,MASSIVE_parquet,2026-05-20T04:17:34.819065+00:00
AUD_CAD_H-A_2_0.50_3,AUD_CAD,H1,M5,H-A,2.0,0.5,3,secondary_1y,21,0.42857142857142855,-0.26251573951900264,-0.004138700434006125,0.9599622184434905,0.2446996892537596,-1.96962448831918,-0.026337421010321715,-0.6494640855696621,-0.1712592764219909,-0.3629963700362948,0.1573203789289987,1,0.6636238098144531,0,0,,REJECT,2025-04-08T00:00:00+00:00,2026-05-11T07:00:00+00:00,MASSIVE_parquet,2026-05-20T04:17:34.819065+00:00
AUD_CAD_H-A_2_0.50_6,AUD_CAD,H1,M5,H-A,2.0,0.5,6,secondary_1y,21,0.2857142857142857,-1.408688626048503,-0.02054997029891991,0.8546930709168398,0.13813862952122133,-5.240734874735352,-0.06808440870170185,-1.508663952816569,-0.23932027606341175,-0.45955781229638504,0.2894375844972948,1,0.0783538818359375,0,0,,REJECT,2025-04-08T00:00:00+00:00,2026-05-11T07:00:00+00:00,MASSIVE_parquet,2026-05-20T04:17:34.819065+00:00
AUD_CAD_H-A_2_0.50_12,AUD_CAD,H1,M5,H-A,2.0,0.5,12,secondary_1y,21,0.2857142857142857,-4.638347901249592,-0.05357366454145508,0.5862596981707138,0.13813862952122133,-16.838570670679218,-0.22177532047562876,-1.8340911129890891,-0.29063963096009304,-0.5100059418683522,0.34630446518314856,1,0.0783538818359375,0,0,,REJECT,2025-04-08T00:00:00+00:00,2026-05-11T07:00:00+00:00,MASSIVE_parquet,2026-05-20T04:17:34.819065+00:00
AUD_CAD_H-B_2_0.50_1,AUD_CAD,H1,M5,H-B,2.0,0.5,1,secondary_1y,21,0.6666666666666666,4.0222622337655825,0.04501550466973362,2.4694987628629836,0.45373451974255247,26.066399324394062,0.4060627828368732,-0.20521461491530557,-0.13414739727659397,-0.2565481855422713,0.15231141757634514,0,0.18924713134765625,0,0,,REJECT,2025-04-08T00:00:00+00:00,2026-05-11T07:00:00+00:00,MASSIVE_parquet,2026-05-20T04:17:34.819065+00:00
AUD_CAD_H-B_2_0.50_3,AUD_CAD,H1,M5,H-B,2.0,0.5,3,secondary_1y,21,0.5714285714285714,0.26251573951900264,0.004393061830747291,1.0417076638926768,0.3654655436930671,2.0918432858577956,0.035060722487416096,-0.5296697372646597,-0.15696761438497667,-0.3043278231717128,0.17168000178542786,1,0.6636238098144531,0,0,,REJECT,2025-04-08T00:00:00+00:00,2026-05-11T07:00:00+00:00,MASSIVE_parquet,2026-05-20T04:17:34.819065+00:00
AUD_CAD_H-B_2_0.50_6,AUD_CAD,H1,M5,H-B,2.0,0.5,6,secondary_1y,21,0.7142857142857143,1.408688626048503,0.02143478835178498,1.1700106553189762,0.5004361928391441,5.498795294759589,0.14300228891743005,-1.3270140185123624,-0.28786365736803127,-0.7707086787067108,0.24010738215402058,1,0.0783538818359375,0,0,,REJECT,2025-04-08T00:00:00+00:00,2026-05-11T07:00:00+00:00,MASSIVE_parquet,2026-05-20T04:17:34.819065+00:00
AUD_CAD_H-B_2_0.50_12,AUD_CAD,H1,M5,H-B,2.0,0.5,12,secondary_1y,21,0.7142857142857143,4.638347901249592,0.054185916705834766,1.7057287122418034,0.5004361928391441,17.026227352966146,0.31475413651975737,-0.6936299267495394,-0.3443570839642064,-0.7707086787067108,0.2917427005763473,1,0.0783538818359375,0,0,,REJECT,2025-04-08T00:00:00+00:00,2026-05-11T07:00:00+00:00,MASSIVE_parquet,2026-05-20T04:17:34.819065+00:00
AUD_CAD_H-C_2_0.50_1,AUD_CAD,H1,M5,H-C,2.0,0.5,1,secondary_1y,11,0.18181818181818182,-8.089033960526121,-0.08872650877826758,0.1099374392516321,0.05136768974608512,-50.4271160407838,-1.4925389292119207,-0.9000214834987474,-0.17420398258801909,-0.4068210089357316,0.12371480131066531,0,0.0654296875,0,0,1,REJECT,2025-04-08T00:00:00+00:00,2026-05-11T07:00:00+00:00,MASSIVE_parquet,2026-05-20T04:17:34.819065+00:00
AUD_CAD_H-C_2_0.50_3,AUD_CAD,H1,M5,H-C,2.0,0.5,3,secondary_1y,11,0.2727272727272727,-7.39082166828982,-0.08068143738580093,0.26741550061090735,0.0974605929002489,-47.426827553119885,-0.7460115460473968,-0.7617385041807201,-0.20568388563268733,-0.4110404551892044,0.12873193885996867,0,0.2265625,0,0,1,REJECT,2025-04-08T00:00:00+00:00,2026-05-11T07:00:00+00:00,MASSIVE_parquet,2026-05-20T04:17:34.819065+00:00
AUD_CAD_H-C_2_0.50_6,AUD_CAD,H1,M5,H-C,2.0,0.5,6,secondary_1y,11,0.18181818181818182,-11.675424272972593,-0.1306613732776367,0.1598212435891212,0.05136768974608512,-52.74295003407821,-1.0201601139768606,-1.3793222628432744,-0.2964764893376765,-0.4593211763192495,0.2806891952177517,1,0.0654296875,0,0,1,REJECT,2025-04-08T00:00:00+00:00,2026-05-11T07:00:00+00:00,MASSIVE_parquet,2026-05-20T04:17:34.819065+00:00
AUD_CAD_H-C_2_0.50_12,AUD_CAD,H1,M5,H-C,2.0,0.5,12,secondary_1y,11,0.2727272727272727,-13.47584220019359,-0.1490036522503528,0.14685601936064596,0.0974605929002489,-53.554745330901206,-1.63820454075945,-1.7840194567544487,-0.3489306964958477,-0.5024874689919856,0.34273590881223764,1,0.2265625,0,0,1,REJECT,2025-04-08T00:00:00+00:00,2026-05-11T07:00:00+00:00,MASSIVE_parquet,2026-05-20T04:17:34.819065+00:00
AUD_CAD_H-D_2_0.50_1,AUD_CAD,H1,M5,H-D,2.0,0.5,1,secondary_1y,0,0.0,0.0,0.0,0.0,0.0,0.0,0.0,0.0,0.0,0.0,0.0,0,1.0,0,0,1,REJECT,2025-04-08T00:00:00+00:00,2026-05-11T07:00:00+00:00,MASSIVE_parquet,2026-05-20T04:17:34.819065+00:00
AUD_CAD_H-D_2_0.50_3,AUD_CAD,H1,M5,H-D,2.0,0.5,3,secondary_1y,0,0.0,0.0,0.0,0.0,0.0,0.0,0.0,0.0,0.0,0.0,0.0,0,1.0,0,0,1,REJECT,2025-04-08T00:00:00+00:00,2026-05-11T07:00:00+00:00,MASSIVE_parquet,2026-05-20T04:17:34.819065+00:00
AUD_CAD_H-D_2_0.50_6,AUD_CAD,H1,M5,H-D,2.0,0.5,6,secondary_1y,0,0.0,0.0,0.0,0.0,0.0,0.0,0.0,0.0,0.0,0.0,0.0,0,1.0,0,0,1,REJECT,2025-04-08T00:00:00+00:00,2026-05-11T07:00:00+00:00,MASSIVE_parquet,2026-05-20T04:17:34.819065+00:00
AUD_CAD_H-D_2_0.50_12,AUD_CAD,H1,M5,H-D,2.0,0.5,12,secondary_1y,0,0.0,0.0,0.0,0.0,0.0,0.0,0.0,0.0,0.0,0.0,0.0,0,1.0,0,0,1,REJECT,2025-04-08T00:00:00+00:00,2026-05-11T07:00:00+00:00,MASSIVE_parquet,2026-05-20T04:17:34.819065+00:00
AUD_NZD_H-A_2_0.50_1,AUD_NZD,H1,M5,H-A,2.0,0.5,1,secondary_1y,9,0.4444444444444444,-3.303694199972994,-0.028897101545269057,0.2841097343721037,0.18877852109766458,-39.26759823686764,-1.0894813513412116,-0.25558674585258734,-0.11432803082679478,-0.1661665996022732,0.11295889451866782,0,1.0,0,0,,REJECT,2025-04-08T00:00:00+00:00,2026-05-11T07:00:00+00:00,MASSIVE_parquet,2026-05-20T04:17:34.819065+00:00
AUD_NZD_H-A_2_0.50_3,AUD_NZD,H1,M5,H-A,2.0,0.5,3,secondary_1y,9,0.3333333333333333,-3.6132032758806614,-0.031706225824580506,0.1419833909518129,0.1205838183869109,-41.304805482021806,-1.9557318356066056,-0.16706773519481466,-0.1408648766802936,-0.2498325272473867,0.1185384174121963,0,0.5078125,0,0,,REJECT,2025-04-08T00:00:00+00:00,2026-05-11T07:00:00+00:00,MASSIVE_parquet,2026-05-20T04:17:34.819065+00:00
AUD_NZD_H-A_2_0.50_6,AUD_NZD,H1,M5,H-A,2.0,0.5,6,secondary_1y,9,0.3333333333333333,-3.245579389907278,-0.02793276057040137,0.4926753495613904,0.1205838183869109,-21.146147698084548,-0.32812939879245967,-0.22571747159835231,-0.22169196373471095,-0.4708121344608984,0.32283404369121016,0,0.5078125,0,0,,REJECT,2025-04-08T00:00:00+00:00,2026-05-11T07:00:00+00:00,MASSIVE_parquet,2026-05-20T04:17:34.819065+00:00
AUD_NZD_H-A_2_0.50_12,AUD_NZD,H1,M5,H-A,2.0,0.5,12,secondary_1y,9,0.3333333333333333,-8.410287548897463,-0.07308131394688161,0.28138409711565227,0.1205838183869109,-33.12080782942898,-0.8382125947062267,-0.6607486151285147,-0.28876101388831305,-0.4944008759035845,0.33869696541950245,0,0.5078125,0,0,,REJECT,2025-04-08T00:00:00+00:00,2026-05-11T07:00:00+00:00,MASSIVE_parquet,2026-05-20T04:17:34.819065+00:00
AUD_NZD_H-B_2_0.50_1,AUD_NZD,H1,M5,H-B,2.0,0.5,1,secondary_1y,9,0.5555555555555556,3.303694199972994,0.028934596719169352,3.5197667626913547,0.26665129349549305,39.29142429667225,0.39476671118273887,-0.06071335823081281,-0.11280200801372005,-0.1859679242603507,0.11448175932661107,0,1.0,0,0,,REJECT,2025-04-08T00:00:00+00:00,2026-05-11T07:00:00+00:00,MASSIVE_parquet,2026-05-20T04:17:34.819065+00:00
AUD_NZD_H-B_2_0.50_3,AUD_NZD,H1,M5,H-B,2.0,0.5,3,secondary_1y,9,0.6666666666666666,3.6132032758806614,0.03174800761865813,7.04307731556704,0.35420213558039626,41.3090667463504,0.5697110890747228,-0.023167239669730222,-0.11837128766106517,-0.1859679242603507,0.1411198461432919,0,0.5078125,0,0,,REJECT,2025-04-08T00:00:00+00:00,2026-05-11T07:00:00+00:00,MASSIVE_parquet,2026-05-20T04:17:34.819065+00:00
AUD_NZD_H-B_2_0.50_6,AUD_NZD,H1,M5,H-B,2.0,0.5,6,secondary_1y,9,0.6666666666666666,3.245579389907278,0.028034468989362397,2.0297341868032586,0.35420213558039626,21.206643953885088,0.3314630973839414,-0.17974465370265147,-0.3206107671771652,-0.9605403973911564,0.22240474158541604,0,0.5078125,0,0,,REJECT,2025-04-08T00:00:00+00:00,2026-05-11T07:00:00+00:00,MASSIVE_parquet,2026-05-20T04:17:34.819065+00:00
AUD_NZD_H-B_2_0.50_12,AUD_NZD,H1,M5,H-B,2.0,0.5,12,secondary_1y,9,0.6666666666666666,8.410287548897463,0.07339730592038135,3.5538611110242946,0.35420213558039626,33.186347992568145,0.4777335524611358,-0.21438202910655235,-0.3364164004629022,-0.9605403973911564,0.28976195240590424,0,0.5078125,0,0,,REJECT,2025-04-08T00:00:00+00:00,2026-05-11T07:00:00+00:00,MASSIVE_parquet,2026-05-20T04:17:34.819065+00:00
AUD_NZD_H-C_2_0.50_1,AUD_NZD,H1,M5,H-C,2.0,0.5,1,secondary_1y,4,0.75,-1.3499999999994072,-0.01056575157427908,0.6142857142858412,0.3006418425824019,-11.320495629637495,-0.41230689791366637,-0.11914082445448892,-0.09841180139893435,-0.1515391680530892,0.12630009573688095,1,0.625,0,0,1,REJECT,2025-04-08T00:00:00+00:00,2026-05-11T07:00:00+00:00,MASSIVE_parquet,2026-05-20T04:17:34.819065+00:00
AUD_NZD_H-C_2_0.50_3,AUD_NZD,H1,M5,H-C,2.0,0.5,3,secondary_1y,4,0.5,-2.9999999999991145,-0.025138374695454768,0.2682926829269845,0.15003898915214947,-29.408215374042147,-1.2681805752397652,-0.12372610690520869,-0.1067647143077638,-0.1734507416685649,0.13435441330447717,1,1.0,0,0,1,REJECT,2025-04-08T00:00:00+00:00,2026-05-11T07:00:00+00:00,MASSIVE_parquet,2026-05-20T04:17:34.819065+00:00
AUD_NZD_H-C_2_0.50_6,AUD_NZD,H1,M5,H-C,2.0,0.5,6,secondary_1y,4,0.25,-2.8442416773516443,-0.024345053982310905,0.43333239158705517,0.045587260809700575,-23.27477766354627,-0.322580360111809,-0.11829082522742951,-0.12958379461646963,-0.1734507416685649,0.29546059301292504,0,0.625,0,0,1,REJECT,2025-04-08T00:00:00+00:00,2026-05-11T07:00:00+00:00,MASSIVE_parquet,2026-05-20T04:17:34.819065+00:00
AUD_NZD_H-C_2_0.50_12,AUD_NZD,H1,M5,H-C,2.0,0.5,12,secondary_1y,4,0.5,4.909355613508248,0.042886675909700744,5.304019439929795,0.15003898915214947,38.06583553787291,0.40511665292817806,-0.03032928942806601,-0.22172953124426353,-0.30514028831233053,0.33115216690158267,0,1.0,0,0,1,REJECT,2025-04-08T00:00:00+00:00,2026-05-11T07:00:00+00:00,MASSIVE_parquet,2026-05-20T04:17:34.819065+00:00
AUD_NZD_H-D_2_0.50_1,AUD_NZD,H1,M5,H-D,2.0,0.5,1,secondary_1y,0,0.0,0.0,0.0,0.0,0.0,0.0,0.0,0.0,0.0,0.0,0.0,0,1.0,0,0,1,REJECT,2025-04-08T00:00:00+00:00,2026-05-11T07:00:00+00:00,MASSIVE_parquet,2026-05-20T04:17:34.819065+00:00
AUD_NZD_H-D_2_0.50_3,AUD_NZD,H1,M5,H-D,2.0,0.5,3,secondary_1y,0,0.0,0.0,0.0,0.0,0.0,0.0,0.0,0.0,0.0,0.0,0.0,0,1.0,0,0,1,REJECT,2025-04-08T00:00:00+00:00,2026-05-11T07:00:00+00:00,MASSIVE_parquet,2026-05-20T04:17:34.819065+00:00
AUD_NZD_H-D_2_0.50_6,AUD_NZD,H1,M5,H-D,2.0,0.5,6,secondary_1y,0,0.0,0.0,0.0,0.0,0.0,0.0,0.0,0.0,0.0,0.0,0.0,0,1.0,0,0,1,REJECT,2025-04-08T00:00:00+00:00,2026-05-11T07:00:00+00:00,MASSIVE_parquet,2026-05-20T04:17:34.819065+00:00
AUD_NZD_H-D_2_0.50_12,AUD_NZD,H1,M5,H-D,2.0,0.5,12,secondary_1y,0,0.0,0.0,0.0,0.0,0.0,0.0,0.0,0.0,0.0,0.0,0.0,0,1.0,0,0,1,REJECT,2025-04-08T00:00:00+00:00,2026-05-11T07:00:00+00:00,MASSIVE_parquet,2026-05-20T04:17:34.819065+00:00
NZD_CAD_H-A_2_0.50_1,NZD_CAD,H1,M5,H-A,2.0,0.5,1,secondary_1y,15,0.4,-1.7065473796438928,-0.021418000279823286,0.44748148960524575,0.1982449614134158,-23.871742285099092,-0.5033817747493254,-0.4302065378816833,-0.14582661599033653,-0.2355994266740591,0.11252101706886582,0,0.6072387695312499,0,0,,REJECT,2025-04-08T00:00:00+00:00,2026-05-11T07:00:00+00:00,MASSIVE_parquet,2026-05-20T04:17:34.819065+00:00
NZD_CAD_H-A_2_0.50_3,NZD_CAD,H1,M5,H-A,2.0,0.5,3,secondary_1y,15,0.5333333333333333,-1.0440112179848087,-0.013049559619420966,0.7162491146156685,0.30116980025498397,-9.94782193844639,-0.2130657146698085,-0.46146166781397824,-0.18816527038714392,-0.386235997817318,0.12762699966444893,1,1.0,0,0,,REJECT,2025-04-08T00:00:00+00:00,2026-05-11T07:00:00+00:00,MASSIVE_parquet,2026-05-20T04:17:34.819065+00:00
NZD_CAD_H-A_2_0.50_6,NZD_CAD,H1,M5,H-A,2.0,0.5,6,secondary_1y,15,0.4,-5.445907194637334,-0.06755114425373095,0.4541022405209961,0.1982449614134158,-23.731355787807033,-0.47929217215542896,-0.7578230172076039,-0.27389592416379166,-0.5958426441880527,0.3008375457570815,0,0.6072387695312499,0,0,,REJECT,2025-04-08T00:00:00+00:00,2026-05-11T07:00:00+00:00,MASSIVE_parquet,2026-05-20T04:17:34.819065+00:00
NZD_CAD_H-A_2_0.50_12,NZD_CAD,H1,M5,H-A,2.0,0.5,12,secondary_1y,15,0.4,-3.1235585441986573,-0.03883114699763176,0.5865992953508739,0.1982449614134158,-17.068184717089746,-0.2833019046517967,-0.5128739476708222,-0.5026725319730875,-1.3679471191795012,0.3216180157720509,0,0.6072387695312499,0,0,,REJECT,2025-04-08T00:00:00+00:00,2026-05-11T07:00:00+00:00,MASSIVE_parquet,2026-05-20T04:17:34.819065+00:00
NZD_CAD_H-B_2_0.50_1,NZD_CAD,H1,M5,H-B,2.0,0.5,1,secondary_1y,15,0.6,1.7065473796438928,0.02146807551953067,2.234729308875254,0.35746830120624606,23.90796268443816,0.33475518339137234,-0.11057411303124765,-0.11233987800215821,-0.264357690092869,0.14607833734994635,0,0.6072387695312499,0,0,,REJECT,2025-04-08T00:00:00+00:00,2026-05-11T07:00:00+00:00,MASSIVE_parquet,2026-05-20T04:17:34.819065+00:00
NZD_CAD_H-B_2_0.50_3,NZD_CAD,H1,M5,H-B,2.0,0.5,3,secondary_1y,15,0.4666666666666667,1.0440112179848087,0.013148418780426496,1.3961622843144303,0.24809535365737387,10.022509537949782,0.134050454938909,-0.20583442580771605,-0.12741014107648127,-0.26953532045532413,0.18871093987487284,1,1.0,0,0,,REJECT,2025-04-08T00:00:00+00:00,2026-05-11T07:00:00+00:00,MASSIVE_parquet,2026-05-20T04:17:34.819065+00:00
NZD_CAD_H-B_2_0.50_6,NZD_CAD,H1,M5,H-B,2.0,0.5,6,secondary_1y,15,0.6,5.445907194637334,0.06805554296161513,2.2021472495988785,0.35746830120624606,23.8534841652708,0.32840421828603383,-0.5704515840825874,-0.29816457785563893,-0.880696994954213,0.27495481010086625,0,0.6072387695312499,0,0,,REJECT,2025-04-08T00:00:00+00:00,2026-05-11T07:00:00+00:00,MASSIVE_parquet,2026-05-20T04:17:34.819065+00:00
NZD_CAD_H-B_2_0.50_12,NZD_CAD,H1,M5,H-B,2.0,0.5,12,secondary_1y,15,0.6,3.1235585441986573,0.03913878156368048,1.7047412227146486,0.35746830120624606,17.18764110669376,0.25017704335889096,-0.3828225256844564,-0.3188628414490547,-0.880696994954213,0.5074568432370011,0,0.6072387695312499,0,0,,REJECT,2025-04-08T00:00:00+00:00,2026-05-11T07:00:00+00:00,MASSIVE_parquet,2026-05-20T04:17:34.819065+00:00
NZD_CAD_H-C_2_0.50_1,NZD_CAD,H1,M5,H-C,2.0,0.5,1,secondary_1y,11,0.36363636363636365,-1.8687474590134925,-0.02372058160463698,0.4188878452241274,0.15166471095367573,-26.581298287024495,-0.5231118150769642,-0.32508698709436956,-0.14908033741491866,-0.23691321102862206,0.10469316608287892,0,0.548828125,0,0,1,REJECT,2025-04-08T00:00:00+00:00,2026-05-11T07:00:00+00:00,MASSIVE_parquet,2026-05-20T04:17:34.819065+00:00
NZD_CAD_H-C_2_0.50_3,NZD_CAD,H1,M5,H-C,2.0,0.5,3,secondary_1y,11,0.45454545454545453,-2.4727272727275253,-0.03103778257718227,0.46978557504868684,0.21271271622459764,-22.0345253761073,-0.5232239003331842,-0.4560018588251391,-0.1547577084230791,-0.26197549934857123,0.1163306464471724,0,1.0,0,0,1,REJECT,2025-04-08T00:00:00+00:00,2026-05-11T07:00:00+00:00,MASSIVE_parquet,2026-05-20T04:17:34.819065+00:00
NZD_CAD_H-C_2_0.50_6,NZD_CAD,H1,M5,H-C,2.0,0.5,6,secondary_1y,11,0.36363636363636365,-5.405855015223615,-0.06681746911648084,0.46324488882243325,0.15166471095367573,-23.989627553097243,-0.41900200912838403,-0.7737388559234004,-0.22844351002847338,-0.40712134032170333,0.3039171677996641,1,0.548828125,0,0,1,REJECT,2025-04-08T00:00:00+00:00,2026-05-11T07:00:00+00:00,MASSIVE_parquet,2026-05-20T04:17:34.819065+00:00
NZD_CAD_H-C_2_0.50_12,NZD_CAD,H1,M5,H-C,2.0,0.5,12,secondary_1y,11,0.45454545454545453,-3.9745666939319046,-0.0497000111801679,0.5129840263674212,0.21271271622459764,-21.104751648930687,-0.43927050488248404,-0.6657076808956108,-0.49070903091943,-1.2932542272747816,0.32495957794101266,0,1.0,0,0,1,REJECT,2025-04-08T00:00:00+00:00,2026-05-11T07:00:00+00:00,MASSIVE_parquet,2026-05-20T04:17:34.819065+00:00
NZD_CAD_H-D_2_0.50_1,NZD_CAD,H1,M5,H-D,2.0,0.5,1,secondary_1y,0,0.0,0.0,0.0,0.0,0.0,0.0,0.0,0.0,0.0,0.0,0.0,0,1.0,0,0,1,REJECT,2025-04-08T00:00:00+00:00,2026-05-11T07:00:00+00:00,MASSIVE_parquet,2026-05-20T04:17:34.819065+00:00
NZD_CAD_H-D_2_0.50_3,NZD_CAD,H1,M5,H-D,2.0,0.5,3,secondary_1y,0,0.0,0.0,0.0,0.0,0.0,0.0,0.0,0.0,0.0,0.0,0.0,0,1.0,0,0,1,REJECT,2025-04-08T00:00:00+00:00,2026-05-11T07:00:00+00:00,MASSIVE_parquet,2026-05-20T04:17:34.819065+00:00
NZD_CAD_H-D_2_0.50_6,NZD_CAD,H1,M5,H-D,2.0,0.5,6,secondary_1y,0,0.0,0.0,0.0,0.0,0.0,0.0,0.0,0.0,0.0,0.0,0.0,0,1.0,0,0,1,REJECT,2025-04-08T00:00:00+00:00,2026-05-11T07:00:00+00:00,MASSIVE_parquet,2026-05-20T04:17:34.819065+00:00
NZD_CAD_H-D_2_0.50_12,NZD_CAD,H1,M5,H-D,2.0,0.5,12,secondary_1y,0,0.0,0.0,0.0,0.0,0.0,0.0,0.0,0.0,0.0,0.0,0.0,0,1.0,0,0,1,REJECT,2025-04-08T00:00:00+00:00,2026-05-11T07:00:00+00:00,MASSIVE_parquet,2026-05-20T04:17:34.819065+00:00
