date,evz,evz_staleness,evz_stale_run3,rv21,vrp
2014-01-02,8.44,0,False,5.443232082447096,2.996767917552903
2014-01-03,8.05,0,False,5.8219218874425085,2.228078112557492
2014-01-06,7.45,0,False,5.760285924944214,1.689714075055786
2014-01-07,7.27,0,False,5.637441459937467,1.6325585400625329
2014-01-08,7.37,0,False,5.731318545874292,1.6386814541257078
2014-01-09,7.0,0,False,5.480680497886448,1.519319502113552
2014-01-10,6.6,0,False,5.615460969360399,0.9845390306396009
2014-01-13,6.3,0,False,5.537189465637684,0.7628105343623162
2014-01-14,6.29,0,False,5.513923225952016,0.7760767740479837
2014-01-15,6.47,0,False,5.792162253364102,0.6778377466358974
2014-01-16,6.53,0,False,5.743947497010587,0.7860525029894134
2014-01-17,6.78,0,False,6.0809659870838,0.6990340129161998
2014-01-20,6.78,3,False,6.069603049063493,0.7103969509365076
2014-01-21,7.01,0,False,6.072118024061854,0.9378819759381454
2014-01-22,6.84,0,False,5.728685888348007,1.1113141116519927
2014-01-23,6.91,0,False,6.837258859358044,0.07274114064195647
2014-01-24,7.07,0,False,6.864167169131156,0.20583283086884396
2014-01-27,7.2,0,False,6.826278585795771,0.3737214142042289
2014-01-28,7.19,0,False,6.825205294531389,0.36479470546861137
2014-01-29,7.25,0,False,6.680184100788734,0.5698158992112656
2014-01-30,7.65,0,False,7.103817274353359,0.5461827256466414
2014-01-31,7.9,0,False,6.542409277028913,1.3575907229710875
2014-02-03,8.0,0,False,6.278753725064291,1.7212462749357087
2014-02-04,7.92,0,False,6.20705790987874,1.7129420901212598
2014-02-05,7.78,0,False,6.2110339977048605,1.5689660022951397
2014-02-06,7.35,0,False,6.2933867442642555,1.0566132557357442
2014-02-07,6.93,0,False,6.332015374507567,0.5979846254924324
2014-02-10,6.98,0,False,6.153899298708675,0.8261007012913257
2014-02-11,7.07,0,False,6.154969831394188,0.9150301686058127
2014-02-12,7.12,0,False,6.257912701098295,0.862087298901705
2014-02-13,6.98,0,False,6.357393324743252,0.6226066752567485
2014-02-14,6.77,0,False,6.353067095485146,0.4169329045148533
2014-02-17,6.77,3,False,6.036335418436748,0.7336645815632519
2014-02-18,6.83,0,False,6.174086553320503,0.6559134466794969
2014-02-19,6.8,0,False,6.201348484571827,0.5986515154281724
2014-02-20,6.86,0,False,6.2019711216778335,0.6580288783221668
2014-02-21,6.69,0,False,4.936836653341105,1.7531633466588952
2014-02-24,6.84,0,False,4.897974063933808,1.9420259360661918
2014-02-25,7.01,0,False,4.903864988944736,2.1061350110552635
2014-02-26,7.11,0,False,5.1161936335056,1.9938063664944004
2014-02-27,7.3,0,False,5.147274105282861,2.152725894717139
2014-02-28,7.05,0,False,4.891864999660118,2.1581350003398816
2014-03-03,7.54,0,False,4.872180537412361,2.667819462587639
2014-03-04,7.42,0,False,4.7734248085166335,2.6465751914833664
2014-03-05,7.34,0,False,4.773356456126997,2.5666435438730026
2014-03-06,6.95,0,False,5.7321145088503584,1.2178854911496417
2014-03-07,6.69,0,False,5.563818878709813,1.1261811212901875
2014-03-10,6.67,0,False,5.456458248961351,1.2135417510386493
2014-03-11,6.44,0,False,5.4639623359211145,0.9760376640788859
2014-03-12,6.45,0,False,5.561116595342728,0.888883404657272
2014-03-13,7.02,0,False,5.511064969192865,1.5089350308071348
2014-03-14,7.09,0,False,5.149047971586696,1.940952028413304
2014-03-17,6.89,0,False,5.155836259186023,1.734163740813977
2014-03-18,6.77,0,False,5.151999564018615,1.6180004359813847
2014-03-19,6.78,0,False,5.579806937816335,1.200193062183665
2014-03-20,6.96,0,False,5.7099916417247165,1.2500083582752834
2014-03-21,6.61,0,False,5.702161160660581,0.9078388393394192
2014-03-24,6.81,0,False,5.832477609801932,0.9775223901980672
2014-03-25,6.95,0,False,5.840522088815084,1.109477911184916
2014-03-26,6.95,0,False,5.944161516695196,1.005838483304804
2014-03-27,7.45,0,False,5.852911665022747,1.5970883349772533
2014-03-28,7.09,0,False,5.8301189832864715,1.2598810167135284
2014-03-31,7.11,0,False,5.391653446164928,1.7183465538350724
2014-04-01,6.83,0,False,5.171636340175618,1.6583636598243823
2014-04-02,6.92,0,False,5.205586799185247,1.7144132008147528
2014-04-03,6.63,0,False,5.334787456685138,1.2952125433148618
2014-04-04,6.24,0,False,4.2936455885112785,1.9463544114887217
2014-04-07,6.19,0,False,4.384117675201715,1.8058823247982856
2014-04-08,6.11,0,False,4.5999766716307375,1.5100233283692628
2014-04-09,5.87,0,False,4.805368715548504,1.0646312844514965
2014-04-10,5.76,0,False,4.753277094876907,1.0067229051230928
2014-04-11,5.89,0,False,4.67253168899286,1.2174683110071394
2014-04-14,6.29,0,False,4.860097933619369,1.429902066380631
2014-04-15,6.3,0,False,4.844425214548854,1.4555747854511454
2014-04-16,6.05,0,False,4.835376159714889,1.2146238402851104
2014-04-17,5.98,0,False,4.12674113079661,1.8532588692033904
2014-04-18,5.98,1,False,3.898589060121683,2.0814109398783174
2014-04-21,6.38,0,False,3.9071608370082784,2.4728391629917215
2014-04-22,6.16,0,False,3.694415228172538,2.465584771827462
2014-04-23,6.04,0,False,3.69242909426979,2.34757090573021
2014-04-24,5.81,0,False,3.5347082279102313,2.2752917720897683
2014-04-25,5.8,0,False,3.3827057122396393,2.4172942877603605
2014-04-28,6.19,0,False,3.39658257539093,2.7934174246090704
2014-04-29,6.25,0,False,3.5090659181348607,2.7409340818651393
2014-04-30,5.9,0,False,3.7091137298562655,2.190886270143735
2014-05-01,5.8,0,False,3.656638140743272,2.1433618592567276
2014-05-02,5.79,0,False,3.4578253481443118,2.3321746518556883
2014-05-05,5.84,0,False,3.429939463141944,2.410060536858056
2014-05-06,5.88,0,False,3.5448730740803294,2.3351269259196705
2014-05-07,6.11,0,False,3.289305111510571,2.820694888489429
2014-05-08,6.02,0,False,3.4355747180536063,2.5844252819463933
2014-05-09,6.17,0,False,3.8847167100975364,2.2852832899024635
2014-05-12,5.86,0,False,3.885752586331565,1.9742474136684351
2014-05-13,6.29,0,False,3.7760057102967024,2.5139942897032976
2014-05-14,6.15,0,False,3.786428235601337,2.3635717643986633
2014-05-15,6.6,0,False,3.78906760354225,2.8109323964577495
2014-05-16,6.27,0,False,3.808069825259177,2.4619301747408224
2014-05-19,6.24,0,False,3.8226462526506495,2.4173537473493507
2014-05-20,6.29,0,False,3.8126269286532968,2.4773730713467033
2014-05-21,6.59,0,False,3.818297742585515,2.7717022574144847
2014-05-22,6.63,0,False,3.8867480681306548,2.743251931869345
2014-05-23,6.72,0,False,3.926622201263169,2.793377798736831
2014-05-26,6.72,3,False,3.9479378112304833,2.7720621887695165
2014-05-27,6.83,0,False,3.935239980677035,2.8947600193229652
2014-05-28,6.85,0,False,3.9701891475430067,2.879810852456993
2014-05-29,6.86,0,False,3.7486581180639402,3.11134188193606
2014-05-30,6.64,0,False,3.822441607813676,2.817558392186324
2014-06-02,6.87,0,False,3.9221916060894793,2.947808393910521
2014-06-03,6.92,0,False,3.9991095024765,2.9208904975234997
2014-06-04,7.45,0,False,3.8391332963535767,3.6108667036464235
2014-06-05,6.25,0,False,4.123389109443838,2.1266108905561616
2014-06-06,5.41,0,False,3.7621297239000233,1.6478702760999768
2014-06-09,5.65,0,False,3.426776248540173,2.223223751459827
2014-06-10,5.81,0,False,3.620250269970377,2.1897497300296225
2014-06-12,5.68,0,False,3.3509299028308965,2.329070097169103
2014-06-13,5.56,0,False,3.346876881801836,2.2131231181981637
2014-06-16,5.61,0,False,3.443025739220975,2.166974260779025
2014-06-17,5.6,0,False,3.487631615293411,2.112368384706589
2014-06-18,5.33,0,False,3.679675209613637,1.650324790386363
2014-06-19,5.09,0,False,3.68677660764812,1.40322339235188
2014-06-20,5.27,0,False,3.675030148912267,1.5949698510877326
2014-06-23,5.23,0,False,3.594889805876126,1.6351101941238744
2014-06-24,5.17,0,False,3.5316387992671796,1.6383612007328203
2014-06-25,5.08,0,False,3.554923074119227,1.5250769258807733
2014-06-26,5.17,0,False,3.5710559532911565,1.5989440467088434
2014-06-27,5.03,0,False,3.520268255429513,1.5097317445704874
2014-06-30,5.03,0,False,3.6814367247588695,1.3485632752411307
2014-07-01,4.95,0,False,3.618349217545972,1.331650782454028
2014-07-02,4.92,0,False,3.545372162497741,1.374627837502259
2014-07-03,4.69,0,False,3.674641135109406,1.0153588648905942
2014-07-04,4.69,1,False,3.6258390902473048,1.0641609097526956
2014-07-07,4.89,0,False,3.281529692395049,1.6084703076049505
2014-07-08,4.93,0,False,3.2510796714523096,1.6789203285476901
2014-07-09,4.94,0,False,3.1097970444910508,1.8302029555089496
2014-07-10,5.04,0,False,2.998180343307659,2.0418196566923412
2014-07-11,4.94,0,False,2.99721937310649,1.9427806268935104
2014-07-14,4.73,0,False,3.0009565960895173,1.7290434039104832
2014-07-15,4.84,0,False,3.165804910019136,1.6741950899808637
2014-07-16,5.22,0,False,3.2853758610612878,1.934624138938712
2014-07-17,5.13,0,False,3.0452653635924367,2.084734636407563
2014-07-18,5.04,0,False,3.0316288717737123,2.0083711282262877
2014-07-21,5.08,0,False,3.0228095032178706,2.0571904967821295
2014-07-22,5.46,0,False,3.3623098140426673,2.0976901859573327
2014-07-23,5.24,0,False,3.3630695039380853,1.8769304960619149
2014-07-24,5.18,0,False,3.312836563576259,1.8671634364237408
2014-07-25,5.04,0,False,3.3940346493281135,1.6459653506718865
2014-07-28,5.18,0,False,3.2734199064381833,1.9065800935618165
2014-07-29,5.32,0,False,3.1821022414150484,2.137897758584952
2014-07-30,5.5,0,False,3.17947141649074,2.32052858350926
2014-07-31,5.44,0,False,3.14372782805704,2.2962721719429604
2014-08-01,4.94,0,False,3.0484355683489683,1.891564431651032
2014-08-04,4.89,0,False,3.0231288449287916,1.866871155071208
2014-08-05,5.09,0,False,3.232341856170779,1.8576581438292208
2014-08-06,5.18,0,False,3.2310036563663926,1.948996343633607
2014-08-07,5.27,0,False,3.1833731770693827,2.086626822930617
2014-08-08,5.35,0,False,3.3039370865007167,2.046062913499283
2014-08-11,4.88,0,False,3.3649766060399244,1.5150233939600755
2014-08-12,4.86,0,False,3.376306854045366,1.4836931459546343
2014-08-13,5.0,0,False,3.1184685470199796,1.8815314529800204
2014-08-14,4.97,0,False,2.915268166719905,2.0547318332800946
2014-08-15,5.19,0,False,3.0407694825560405,2.14923051744396
2014-08-18,5.11,0,False,3.172226722455311,1.9377732775446894
2014-08-19,5.42,0,False,3.3655494069086855,2.0544505930913144
2014-08-20,5.46,0,False,3.4100206947660285,2.0499793052339714
2014-08-21,5.54,0,False,3.454864680282295,2.085135319717705
2014-08-22,5.31,0,False,3.6192910755239205,1.6907089244760791
2014-08-25,6.05,0,False,3.7295136266942253,2.3204863733057746
2014-08-26,6.2,0,False,3.77660340030022,2.4233965996997804
2014-08-27,6.28,0,False,3.748292296723174,2.531707703276826
2014-08-28,6.32,0,False,3.7468395895807505,2.57316041041925
2014-08-29,6.07,0,False,3.9657769101270555,2.104223089872945
2014-09-01,6.07,3,False,3.844819665159957,2.225180334840043
2014-09-02,6.76,0,False,3.8429457740805604,2.9170542259194394
2014-09-03,6.59,0,False,3.6862591003343805,2.9037408996656193
2014-09-04,7.03,0,False,6.620964133092983,0.40903586690701754
2014-09-05,6.75,0,False,6.604127959073668,0.14587204092633232
2014-09-08,7.09,0,False,6.66537560524548,0.4246243947545203
2014-09-09,7.85,0,False,6.733745062541509,1.116254937458491
2014-09-10,8.07,0,False,6.749158173481,1.3208418265190005
2014-09-11,7.82,0,False,6.749555644469872,1.0704443555301282
2014-09-12,7.77,0,False,6.836073285833637,0.933926714166363
2014-09-15,8.02,0,False,6.819257201043652,1.2007427989563473
2014-09-16,7.85,0,False,6.785077045410305,1.0649229545896945
2014-09-17,7.22,0,False,7.180901721144653,0.03909827885534689
2014-09-18,7.25,0,False,7.172905978676514,0.07709402132348586
2014-09-19,7.19,0,False,7.565816046809566,-0.3758160468095655
2014-09-22,6.89,0,False,7.512842128630173,-0.6228421286301735
2014-09-23,6.9,0,False,7.408947570580042,-0.5089475705800419
2014-09-24,7.14,0,False,7.600618025909426,-0.4606180259094259
2014-09-25,7.59,0,False,7.611886781134578,-0.02188678113457776
2014-09-26,7.73,0,False,7.840148176897291,-0.11014817689729028
2014-09-29,7.43,0,False,7.730601679670033,-0.3006016796700335
2014-09-30,7.56,0,False,7.886444575461791,-0.3264445754617915
2014-10-01,7.72,0,False,7.888386063476773,-0.1683860634767731
2014-10-02,7.16,0,False,7.977878731316906,-0.817878731316906
2014-10-03,7.61,0,False,7.1579967692852104,0.45200323071478987
2014-10-06,7.76,0,False,8.146529752002222,-0.3865297520022217
2014-10-07,8.06,0,False,8.013756127325037,0.04624387267496388
2014-10-08,7.43,0,False,8.12233938228123,-0.6923393822812312
2014-10-09,7.56,0,False,8.181350252554115,-0.621350252554115
2014-10-10,7.79,0,False,8.362104078112537,-0.5721040781125373
2014-10-13,7.32,0,False,8.962199583102304,-1.642199583102304
2014-10-14,7.49,0,False,9.311270082028612,-1.8212700820286116
2014-10-15,8.43,0,False,10.504038229109803,-2.074038229109803
2014-10-16,8.82,0,False,10.202479683749596,-1.3824796837495956
2014-10-17,8.5,0,False,10.173234555201336,-1.6732345552013363
2014-10-20,8.13,0,False,9.923901048970613,-1.7939010489706124
2014-10-21,8.27,0,False,10.156305924345382,-1.8863059243453826
2014-10-22,8.13,0,False,10.33076605807088,-2.2007660580708794
2014-10-23,7.98,0,False,10.170212130903602,-2.1902121309036016
2014-10-24,7.86,0,False,10.16124260684605,-2.30124260684605
2014-10-27,7.75,0,False,10.013382585047294,-2.263382585047294
2014-10-28,7.25,0,False,10.060085977095955,-2.810085977095955
2014-10-29,7.42,0,False,10.330790985537519,-2.9107909855375187
2014-10-30,7.64,0,False,10.340104890091085,-2.700104890091086
2014-10-31,8.21,0,False,10.579797201250514,-2.3697972012505133
2014-11-03,8.85,0,False,9.75891724878859,-0.9089172487885904
2014-11-04,8.95,0,False,9.131278993331113,-0.18127899333111408
2014-11-05,9.37,0,False,9.281046422622822,0.08895357737717724
2014-11-06,9.35,0,False,9.627355372675398,-0.2773553726753981
2014-11-07,8.32,0,False,9.81286284047102,-1.4928628404710196
2014-11-10,8.28,0,False,9.701634429831342,-1.421634429831343
2014-11-11,8.39,0,False,9.210075828228616,-0.8200758282286156
2014-11-12,8.64,0,False,8.885266380964431,-0.24526638096443065
2014-11-13,8.44,0,False,7.4886199139173115,0.951380086082688
2014-11-14,8.67,0,False,7.558362476476381,1.111637523523619
2014-11-17,8.86,0,False,7.704364052105406,1.1556359478945932
2014-11-18,8.65,0,False,7.978949275191523,0.6710507248084774
2014-11-19,8.3,0,False,7.677813544323893,0.6221864556761076
2014-11-20,8.55,0,False,7.453074213414286,1.0969257865857145
2014-11-21,9.24,0,False,8.557860150062204,0.682139849937796
2014-11-24,9.25,0,False,8.662184109702682,0.5878158902973176
2014-11-25,9.16,0,False,8.676006767355112,0.48399323264488814
2014-11-26,9.0,0,False,8.664061831803881,0.3359381681961189
2014-11-27,9.0,1,False,8.26282165199486,0.7371783480051395
2014-11-28,9.02,0,False,8.26097187667937,0.7590281233206291
2014-12-01,9.24,0,False,7.865524406934751,1.3744755930652488
2014-12-02,9.86,0,False,8.155662933836783,1.704337066163216
2014-12-03,10.06,0,False,8.203018480161898,1.8569815198381026
2014-12-04,8.87,0,False,8.245025303630285,0.6249746963697138
2014-12-05,8.72,0,False,8.10326658539997,0.6167334146000307
2014-12-08,8.74,0,False,7.843800609350803,0.8961993906491976
2014-12-09,9.04,0,False,7.972403902222871,1.0675960977771277
2014-12-10,9.16,0,False,8.097058999744288,1.0629410002557123
2014-12-11,9.35,0,False,8.103033893428634,1.2469661065713655
2014-12-12,9.2,0,False,8.15765788167174,1.0423421183282588
2014-12-15,8.99,0,False,8.08888922952683,0.9011107704731707
2014-12-16,9.24,0,False,8.099846496990391,1.1401535030096088
2014-12-17,9.2,0,False,9.07081238944573,0.12918761055426842
2014-12-18,9.85,0,False,9.184596315627205,0.6654036843727944
2014-12-19,9.19,0,False,9.311119904449129,-0.12111990444912912
2014-12-22,9.63,0,False,8.307185705127877,1.3228142948721242
2014-12-23,9.71,0,False,8.328420893073439,1.3815791069265622
2014-12-24,9.49,0,False,8.31827044000059,1.1717295599994095
2014-12-26,9.66,0,False,8.30033384870186,1.359666151298141
2014-12-29,9.99,0,False,8.264549194284893,1.7254508057151074
2014-12-30,9.74,0,False,8.254804683233088,1.4851953167669123
2014-12-31,9.72,0,False,8.410905178180004,1.309094821819997
2015-01-02,9.83,0,False,8.55242164701993,1.2775783529800702
2015-01-05,10.01,0,False,8.533078603701098,1.476921396298902
2015-01-06,10.02,0,False,8.416216601894307,1.6037833981056924
2015-01-07,10.44,0,False,8.101365004728638,2.338634995271361
2015-01-08,10.24,0,False,8.179698928069145,2.060301071930855
2015-01-09,9.92,0,False,8.148239399181287,1.7717606008187126
2015-01-12,10.29,0,False,7.885904840873859,2.4040951591261406
2015-01-13,10.36,0,False,8.01731502855533,2.342684971444669
2015-01-14,10.59,0,False,7.903724823612075,2.686275176387925
2015-01-15,14.14,0,False,9.158219041270021,4.9817809587299795
2015-01-16,14.55,0,False,9.177925659734889,5.372074340265112
2015-01-19,14.55,3,False,7.98847234333941,6.561527656660591
2015-01-20,13.38,0,False,8.000896254935132,5.379103745064869
2015-01-21,13.64,0,False,8.047797767699034,5.592202232300966
2015-01-22,11.62,0,False,10.885239790106947,0.7347602098930519
2015-01-23,11.62,0,False,11.840420487476273,-0.2204204874762734
2015-01-26,13.61,0,False,11.85521823240542,1.7547817675945794
2015-01-27,13.5,0,False,12.61686946645095,0.8831305335490498
2015-01-28,13.04,0,False,12.919659284663537,0.12034071533646262
2015-01-29,12.57,0,False,12.959416766198236,-0.3894167661982362
2015-01-30,12.68,0,False,12.913553280926898,-0.2335532809268983
2015-02-02,12.62,0,False,12.72663661349773,-0.10663661349773079
2015-02-03,12.2,0,False,13.279075452901287,-1.0790754529012876
2015-02-04,12.48,0,False,13.833925113713713,-1.3539251137137125
2015-02-05,12.55,0,False,14.327901008817163,-1.777901008817162
2015-02-06,12.42,0,False,15.073432296005763,-2.6534322960057626
2015-02-09,13.51,0,False,14.99752201603351,-1.4875220160335108
2015-02-10,13.19,0,False,14.995284863966763,-1.8052848639667634
2015-02-11,13.07,0,False,14.894789411764917,-1.8247894117649164
2015-02-12,12.46,0,False,15.019599713599732,-2.559599713599731
2015-02-13,11.61,0,False,14.28241134772101,-2.6724113477210114
2015-02-16,11.61,3,False,14.155789801037086,-2.5457898010370865
2015-02-17,11.95,0,False,14.213478651916727,-2.263478651916728
2015-02-18,11.6,0,False,14.128361673159272,-2.5283616731592726
2015-02-19,11.93,0,False,14.039860010729324,-2.1098600107293244
2015-02-20,11.6,0,False,11.978800537350779,-0.378800537350779
2015-02-23,11.15,0,False,10.999447094942298,0.1505529050577028
2015-02-24,10.2,0,False,10.952933565023692,-0.7529335650236924
2015-02-25,8.97,0,False,10.064997874987357,-1.0949978749873566
2015-02-26,10.19,0,False,10.865610442095146,-0.675610442095147
2015-02-27,10.25,0,False,10.818336398603586,-0.5683363986035861
2015-03-02,10.38,0,False,10.742743518903584,-0.36274351890358325
2015-03-03,10.29,0,False,10.584767341282324,-0.2947673412823253
2015-03-04,11.01,0,False,10.167233613992739,0.842766386007261
2015-03-05,10.77,0,False,9.447586456314172,1.322413543685828
2015-03-06,10.95,0,False,10.411383373411601,0.5386166265883983
2015-03-09,10.96,0,False,9.194527387659122,1.7654726123408793
2015-03-10,12.46,0,False,10.427480285977134,2.0325197140228664
2015-03-11,14.09,0,False,11.519345637525118,2.5706543624748814
2015-03-12,13.53,0,False,11.861911942563058,1.6680880574369414
2015-03-13,14.23,0,False,12.632484504338715,1.5975154956612858
2015-03-16,13.9,0,False,12.87767254462906,1.0223274553709398
2015-03-17,13.99,0,False,12.877701134117364,1.1122988658826358
2015-03-18,12.95,0,False,15.338975091588736,-2.388975091588737
2015-03-19,13.54,0,False,16.64550566558195,-3.1055056655819513
2015-03-20,13.32,0,False,17.363020482698307,-4.0430204826983065
2015-03-23,14.05,0,False,17.852127461840066,-3.8021274618400653
2015-03-24,13.08,0,False,17.81482492696377,-4.734824926963769
2015-03-25,12.41,0,False,17.86778056371941,-5.45778056371941
2015-03-26,13.19,0,False,18.0568055310998,-4.866805531099802
2015-03-27,13.33,0,False,17.34897180253547,-4.01897180253547
2015-03-30,14.07,0,False,17.43323621806657,-3.363236218066568
2015-03-31,13.78,0,False,17.727759055317353,-3.947759055317354
2015-04-01,13.29,0,False,17.75470533279811,-4.464705332798111
2015-04-02,13.58,0,False,17.88085386601871,-4.300853866018711
2015-04-03,13.58,1,False,18.03456063528742,-4.45456063528742
2015-04-06,12.32,0,False,17.09598708695804,-4.77598708695804
2015-04-07,12.0,0,False,17.432166984063503,-5.432166984063503
2015-04-08,11.57,0,False,16.75964064776028,-5.189640647760278
2015-04-09,12.25,0,False,16.49577739226153,-4.24577739226153
2015-04-10,12.14,0,False,16.360707478369296,-4.220707478369295
2015-04-13,12.68,0,False,15.684192417879972,-3.004192417879972
2015-04-14,12.28,0,False,15.737077052240735,-3.457077052240736
2015-04-15,12.47,0,False,15.73404531289873,-3.2640453128987286
2015-04-16,13.09,0,False,13.457598093849674,-0.3675980938496739
2015-04-17,12.92,0,False,11.863758253919945,1.0562417460800546
2015-04-20,13.23,0,False,10.938114172967648,2.2918858270323526
2015-04-21,13.19,0,False,10.115746635617768,3.0742533643822316
2015-04-22,13.03,0,False,10.10058135648177,2.929418643518229
2015-04-23,13.0,0,False,10.514445712542425,2.4855542874575747
2015-04-24,12.93,0,False,10.258450631181185,2.6715493688188143
2015-04-27,13.0,0,False,10.283585354394745,2.716414645605255
2015-04-28,12.15,0,False,10.537971739961096,1.6120282600389046
2015-04-29,12.44,0,False,11.044577189954197,1.3954228100458028
2015-04-30,13.52,0,False,11.394193845971918,2.1258061540280817
2015-05-01,13.89,0,False,10.80351348823219,3.086486511767811
2015-05-04,14.03,0,False,10.533745543289639,3.4962544567103606
2015-05-05,13.57,0,False,10.50201984463674,3.0679801553632604
2015-05-06,13.76,0,False,11.105807394317866,2.654192605682134
2015-05-07,13.59,0,False,11.326971855688447,2.263028144311553
2015-05-08,11.77,0,False,10.773901740103128,0.996098259896872
2015-05-11,12.4,0,False,10.729050791848874,1.6709492081511268
2015-05-12,12.31,0,False,10.822213089405944,1.4877869105940569
2015-05-13,11.84,0,False,11.304766555485296,0.535233444514704
2015-05-14,12.39,0,False,11.391422038290177,0.9985779617098238
2015-05-15,12.11,0,False,11.162006519184693,0.9479934808153061
2015-05-18,12.36,0,False,11.781998727046778,0.5780012729532213
2015-05-19,13.48,0,False,12.665016988188341,0.814983011811659
2015-05-20,13.26,0,False,12.786920045227573,0.4730799547724267
2015-05-21,12.79,0,False,12.795033565868996,-0.005033565868997059
2015-05-22,13.29,0,False,12.78578482300819,0.50421517699181
2015-05-25,13.29,3,False,12.75063485933189,0.5393651406681084
2015-05-26,13.95,0,False,13.167293645835521,0.7827063541644783
2015-05-27,13.35,0,False,12.887983286262164,0.46201671373783526
2015-05-28,13.32,0,False,12.112182323222385,1.2078176767776156
2015-05-29,12.88,0,False,11.824336520267579,1.0556634797324218
2015-06-01,13.71,0,False,11.97554269289189,1.7344573071081104
2015-06-02,13.56,0,False,13.823346100221984,-0.2633461002219839
2015-06-03,13.42,0,False,14.283363231364584,-0.863363231364584
2015-06-04,13.98,0,False,13.431278543214834,0.5487214567851666
2015-06-05,14.22,0,False,13.790831310517445,0.42916868948255527
2015-06-08,14.57,0,False,14.801634382508796,-0.23163438250879587
2015-06-09,14.44,0,False,14.709079343725563,-0.2690793437255632
2015-06-10,14.84,0,False,14.651828382182247,0.18817161781775305
2015-06-11,14.3,0,False,14.127850160257127,0.17214983974287357
2015-06-12,14.84,0,False,14.02825868473644,0.8117413152635606
2015-06-15,15.05,0,False,14.002021302264842,1.047978697735159
2015-06-16,14.39,0,False,13.467939791905131,0.9220602080948694
2015-06-17,12.93,0,False,12.769865396630516,0.16013460336948349
2015-06-18,12.78,0,False,12.666517026115892,0.113482973884107
2015-06-19,13.72,0,False,12.658076671322164,1.0619233286778371
2015-06-22,12.81,0,False,12.249822126297225,0.5601778737027754
2015-06-23,12.85,0,False,13.315264434787327,-0.4652644347873274
2015-06-24,12.32,0,False,12.92509303827359,-0.6050930382735888
2015-06-25,12.39,0,False,12.886412992650936,-0.4964129926509351
2015-06-26,13.05,0,False,12.877539460702723,0.172460539297278
2015-06-29,14.31,0,False,13.016845948291275,1.2931540517087257
2015-06-30,14.1,0,False,13.165112549505936,0.9348874504940632
2015-07-01,13.36,0,False,11.450815612043982,1.9091843879560173
2015-07-02,12.9,0,False,10.844518842414972,2.055481157585028
2015-07-03,12.9,1,False,10.82169260686086,2.0783073931391396
2015-07-06,13.47,0,False,10.194794900993594,3.2752050990064063
2015-07-07,13.89,0,False,8.607832003346715,5.2821679966532855
2015-07-08,14.23,0,False,8.846038139038104,5.383961860961897
2015-07-09,13.9,0,False,8.86478979782264,5.03521020217736
2015-07-10,12.81,0,False,9.45125696551245,3.358743034487551
2015-07-13,12.33,0,False,10.670359787531563,1.659640212468437
2015-07-14,12.17,0,False,10.658167992578473,1.5118320074215266
2015-07-15,11.46,0,False,10.807342312752235,0.6526576872477658
2015-07-16,11.26,0,False,10.686091929337264,0.5739080706627355
2015-07-17,10.52,0,False,10.757832643297743,-0.23783264329774312
2015-07-20,10.42,0,False,10.75232179421201,-0.33232179421201025
2015-07-21,10.54,0,False,11.303836398465045,-0.7638363984650454
2015-07-22,10.9,0,False,9.979331176351748,0.9206688236482528
2015-07-23,11.06,0,False,10.073455721315296,0.9865442786847041
2015-07-24,11.02,0,False,10.074593818571035,0.9454061814289645
2015-07-27,11.3,0,False,10.568378345911787,0.7316216540882134
2015-07-28,11.07,0,False,10.33717092198034,0.7328290780196607
2015-07-29,10.55,0,False,10.229075479748358,0.3209245202516424
2015-07-30,10.9,0,False,9.973594308008249,0.9264056919917518
2015-07-31,10.94,0,False,10.06215641367135,0.87784358632865
2015-08-03,11.01,0,False,10.079171394687604,0.9308286053123958
2015-08-04,10.97,0,False,10.178030861411324,0.7919691385886765
2015-08-05,11.54,0,False,10.107773726933532,1.4322262730664672
2015-08-06,11.16,0,False,9.912150088254702,1.2478499117452984
2015-08-07,10.57,0,False,9.90556172050364,0.6644382794963608
2015-08-10,10.43,0,False,9.304031855974259,1.125968144025741
2015-08-11,11.0,0,False,7.908637454056003,3.091362545943997
2015-08-12,10.99,0,False,8.656702862159134,2.333297137840866
2015-08-13,10.61,0,False,8.4022125725838,2.2077874274162
2015-08-14,10.11,0,False,8.216816723683191,1.8931832763168082
2015-08-17,10.46,0,False,8.150748767169787,2.3092512328302135
2015-08-18,10.83,0,False,8.329587703129944,2.5004122968700564
2015-08-19,10.63,0,False,8.147011992238609,2.482988007761392
2015-08-20,10.49,0,False,8.972370055294117,1.5176299447058827
2015-08-21,11.18,0,False,9.804652912131978,1.3753470878680218
2015-08-24,12.98,0,False,12.07555928352549,0.904440716474511
2015-08-25,12.77,0,False,11.967732364562721,0.8022676354372784
2015-08-26,13.54,0,False,13.421157382008907,0.11884261799109197
2015-08-27,13.17,0,False,13.35803525071081,-0.18803525071080962
2015-08-28,12.68,0,False,13.402074321933455,-0.7220743219334551
2015-08-31,13.41,0,False,13.331476708423514,0.07852329157648619
2015-09-01,13.47,0,False,13.681358792746245,-0.21135879274624436
2015-09-02,12.88,0,False,13.785275120276829,-0.9052751202768281
2015-09-03,12.68,0,False,14.121950703131816,-1.4419507031318162
2015-09-04,12.43,0,False,14.128623119902068,-1.6986231199020683
2015-09-07,12.43,3,False,14.089466481776586,-1.6594664817765867
2015-09-08,12.2,0,False,14.020030990197125,-1.8200309901971252
2015-09-09,11.96,0,False,14.002112772264894,-2.0421127722648933
2015-09-10,12.06,0,False,13.724540909562243,-1.664540909562243
2015-09-11,11.99,0,False,13.838949725736601,-1.8489497257366008
2015-09-14,11.92,0,False,13.792399338366199,-1.8723993383661988
2015-09-15,11.84,0,False,13.841937210176713,-2.0019372101767132
2015-09-16,11.89,0,False,13.752026529281066,-1.8620265292810654
2015-09-17,11.22,0,False,14.074820323455276,-2.854820323455275
2015-09-18,10.94,0,False,14.16392330413043,-3.2239233041304303
2015-09-21,10.97,0,False,13.876829762636719,-2.9068297626367183
2015-09-22,11.44,0,False,12.149432108678877,-0.7094321086788771
2015-09-23,11.11,0,False,11.935969234618538,-0.8259692346185386
2015-09-24,11.01,0,False,10.330039986692755,0.6799600133072445
2015-09-25,11.1,0,False,10.182713916024065,0.9172860839759345
2015-09-28,11.21,0,False,10.12900696040132,1.080993039598681
2015-09-29,11.17,0,False,10.088843493073115,1.0811565069268845
2015-09-30,10.92,0,False,9.803607342767902,1.1163926572320975
2015-10-01,10.64,0,False,9.417433071428288,1.2225669285717125
2015-10-02,10.11,0,False,8.879714866977176,1.2302851330228233
2015-10-05,10.28,0,False,8.874896251560733,1.4051037484392666
2015-10-06,10.16,0,False,9.212087863299583,0.9479121367004169
2015-10-07,10.02,0,False,9.20613800891558,0.8138619910844191
2015-10-08,9.99,0,False,9.276635144226384,0.7133648557736159
2015-10-09,9.8,0,False,9.322145411664534,0.47785458833546635
2015-10-12,9.38,0,False,9.151287365579579,0.22871263442042178
2015-10-13,9.47,0,False,9.154049844976257,0.315950155023744
2015-10-14,9.47,0,False,9.47460591382232,-0.004605913822318897
2015-10-15,10.0,0,False,9.812578026540942,0.18742197345905787
2015-10-16,9.76,0,False,8.916268197079575,0.8437318029204253
2015-10-19,9.99,0,False,7.958149957785103,2.031850042214897
2015-10-20,9.95,0,False,7.292217429100677,2.6577825708993226
2015-10-21,10.05,0,False,6.961344289481497,3.0886557105185037
2015-10-22,10.8,0,False,9.726019474898926,1.0739805251010743
2015-10-23,12.09,0,False,10.09572129695048,1.9942787030495204
2015-10-26,11.51,0,False,10.126394316619145,1.3836056833808552
2015-10-27,10.89,0,False,9.995308653530005,0.8946913464699957
2015-10-28,11.76,0,False,10.767580604066005,0.9924193959339949
2015-10-29,11.42,0,False,10.677397824267915,0.7426021757320846
2015-10-30,11.27,0,False,10.69483386156225,0.5751661384377496
2015-11-02,11.59,0,False,10.694163457901272,0.8958365420987278
2015-11-03,12.22,0,False,10.813364327292748,1.406635672707253
2015-11-04,13.03,0,False,10.927511215824275,2.1024887841757245
2015-11-05,12.5,0,False,10.904794603474368,1.5952053965256319
2015-11-06,12.0,0,False,11.823843791004656,0.17615620899534434
2015-11-09,12.31,0,False,11.591067599127026,0.7189324008729745
2015-11-10,12.65,0,False,11.621790861885328,1.028209138114672
2015-11-11,12.86,0,False,11.613919764180494,1.2460802358195053
2015-11-12,12.86,0,False,11.491413245259977,1.3685867547400221
2015-11-13,12.64,0,False,11.291940283880916,1.348059716119085
2015-11-16,13.89,0,False,11.504410306120938,2.385589693879062
2015-11-17,13.86,0,False,11.575108400434283,2.284891599565716
2015-11-18,13.63,0,False,11.57329016398949,2.0567098360105103
2015-11-19,13.54,0,False,11.816630554900206,1.7233694450997934
2015-11-20,13.48,0,False,9.888010362230197,3.591989637769803
2015-11-23,13.83,0,False,9.413611865131747,4.416388134868253
2015-11-24,13.7,0,False,9.308597417037202,4.391402582962797
2015-11-25,13.81,0,False,9.32459148361056,4.485408516389441
2015-11-26,13.81,1,False,8.43476044127391,5.37523955872609
2015-11-27,13.61,0,False,8.288458492144915,5.321541507855084
2015-11-30,13.8,0,False,8.293280750598095,5.506719249401906
2015-12-01,14.07,0,False,8.577284387362562,5.492715612637438
2015-12-02,14.08,0,False,8.423056980937346,5.656943019062654
2015-12-03,12.1,0,False,13.086789121860626,-0.9867891218606264
2015-12-04,10.99,0,False,13.22132224065685,-2.2313222406568496
2015-12-07,10.88,0,False,12.414012940544952,-1.534012940544951
2015-12-08,10.67,0,False,12.52669549307503,-1.85669549307503
2015-12-09,11.07,0,False,13.188642415929285,-2.118642415929285
2015-12-10,10.75,0,False,13.445314415069126,-2.6953144150691255
2015-12-11,10.77,0,False,13.315651023774528,-2.5456510237745285
2015-12-14,10.76,0,False,13.224654915037034,-2.464654915037034
2015-12-15,10.9,0,False,13.152329636951816,-2.2523296369518153
2015-12-16,9.72,0,False,13.078196212967457,-3.3581962129674565
2015-12-17,10.29,0,False,13.344701439299952,-3.0547014392999525
2015-12-18,9.7,0,False,13.19032436439722,-3.490324364397221
2015-12-21,9.57,0,False,12.955468510303533,-3.3854685103035322
2015-12-22,9.67,0,False,13.023463470775631,-3.3534634707756314
2015-12-23,9.9,0,False,13.103307650246323,-3.203307650246323
2015-12-28,10.16,0,False,13.193220114579754,-3.0332201145797537
2015-12-29,10.12,0,False,13.254050395562993,-3.134050395562994
2015-12-30,10.01,0,False,13.242921847968223,-3.232921847968223
2016-01-04,10.62,0,False,13.59925137287427,-2.9792513728742716
2016-01-05,10.6,0,False,13.6691910488835,-3.0691910488835
2016-01-06,10.5,0,False,13.694647921492646,-3.1946479214926455
2016-01-07,10.94,0,False,10.04572657011808,0.8942734298819204
2016-01-08,10.47,0,False,9.851669418385853,0.6183305816141473
2016-01-11,10.32,0,False,9.961668152599263,0.35833184740073776
2016-01-12,10.16,0,False,9.809032132258208,0.350967867741792
2016-01-13,9.79,0,False,8.87968741237157,0.9103125876284288
2016-01-14,9.87,0,False,8.484280577137056,1.3857194228629428
2016-01-15,10.37,0,False,8.489146710270475,1.880853289729524
2016-01-18,10.37,3,False,8.504748603614477,1.8652513963855224
2016-01-19,10.01,0,False,8.263111753207667,1.7468882467923326
2016-01-20,10.39,0,False,8.271453515096505,2.1185464849034954
2016-01-21,9.93,0,False,7.826215898699155,2.103784101300845
2016-01-22,9.69,0,False,8.143091821936627,1.5469081780633722
2016-01-25,9.92,0,False,8.203201621903869,1.7167983780961311
2016-01-26,9.71,0,False,8.114094239061084,1.5959057609389173
2016-01-27,9.71,0,False,8.01955847281591,1.69044152718409
2016-01-28,9.89,0,False,7.9866084250862865,1.903391574913714
2016-01-29,10.12,0,False,8.61509400222773,1.5049059977722692
2016-02-01,10.11,0,False,8.802536129659252,1.3074638703407473
2016-02-02,10.16,0,False,8.256288813925504,1.9037111860744957
2016-02-03,11.4,0,False,9.762452311531264,1.6375476884687359
2016-02-04,11.49,0,False,10.217494868300477,1.272505131699523
2016-02-05,11.19,0,False,9.1837314869994,2.006268513000599
2016-02-08,12.85,0,False,9.261868632083475,3.5881313679165245
2016-02-09,12.72,0,False,9.561462407870783,3.1585375921292176
2016-02-10,13.21,0,False,9.561878769082158,3.648121230917843
2016-02-11,13.62,0,False,9.596503564866481,4.023496435133518
2016-02-12,12.9,0,False,9.843548601563086,3.0564513984369146
2016-02-15,12.9,3,False,10.177271273524028,2.7227287264759727
2016-02-16,13.13,0,False,10.169420164351676,2.960579835648325
2016-02-17,12.81,0,False,10.16357063804176,2.6464293619582406
2016-02-18,12.66,0,False,10.171419921059664,2.488580078940336
2016-02-19,12.88,0,False,10.181206854011512,2.698793145988489
2016-02-22,12.99,0,False,10.324199512195413,2.665800487804587
2016-02-23,12.62,0,False,10.167313059360673,2.4526869406393264
2016-02-24,13.17,0,False,10.150757005049392,3.0192429949506074
2016-02-25,12.48,0,False,10.121867474321844,2.3581325256781565
2016-02-26,12.79,0,False,10.42918314013952,2.3608168598604795
2016-02-29,13.05,0,False,9.96306690866771,3.086933091332291
2016-03-01,12.55,0,False,9.793855944558553,2.756144055441448
2016-03-02,12.3,0,False,9.743785465163905,2.556214534836096
2016-03-03,12.39,0,False,8.272025557320648,4.117974442679353
2016-03-04,12.15,0,False,7.780724351959909,4.369275648040091
2016-03-07,12.58,0,False,7.609771856823501,4.970228143176499
2016-03-08,12.14,0,False,7.508565822643505,4.631434177356495
2016-03-09,12.55,0,False,6.875310461037951,5.67468953896205
2016-03-10,11.15,0,False,8.946136559884694,2.203863440115306
2016-03-11,10.32,0,False,8.945523105453491,1.3744768945465093
2016-03-14,9.78,0,False,8.782946753492453,0.9970532465075461
2016-03-15,9.91,0,False,8.277601488880535,1.6323985111194652
2016-03-16,9.37,0,False,9.005608328714224,0.3643916712857749
2016-03-17,9.45,0,False,9.437357073840705,0.012642926159294632
2016-03-18,9.05,0,False,9.532573407215613,-0.4825734072156127
2016-03-21,8.95,0,False,9.546010960551918,-0.5960109605519186
2016-03-22,8.91,0,False,9.056887856048037,-0.14688785604803734
2016-03-23,9.15,0,False,9.12571548784677,0.024284512153229798
2016-03-24,8.98,0,False,9.12578689355308,-0.14578689355307972
2016-03-25,8.98,1,False,9.134575771591111,-0.15457577159111047
2016-03-28,9.61,0,False,8.73133381796531,0.8786661820346886
2016-03-29,9.09,0,False,9.036344530085252,0.05365546991474801
2016-03-30,8.98,0,False,9.148222197855576,-0.16822219785557557
2016-03-31,9.46,0,False,9.236392719277681,0.2236072807223195
2016-04-01,9.23,0,False,8.830288471694114,0.3997115283058861
2016-04-04,9.38,0,False,8.701671198874415,0.6783288011255859
2016-04-05,9.62,0,False,8.696279167241217,0.9237208327587823
2016-04-06,9.83,0,False,8.71258737277389,1.117412627226111
2016-04-07,9.9,0,False,8.725260156772968,1.174739843227032
2016-04-08,9.5,0,False,6.604848996882054,2.895151003117946
2016-04-11,8.78,0,False,6.53323170095044,2.2467682990495597
2016-04-12,8.83,0,False,6.397770252704349,2.4322297472956507
2016-04-13,8.88,0,False,7.235662136256472,1.6443378637435284
2016-04-14,8.88,0,False,6.297475172214573,2.582524827785428
2016-04-15,8.59,0,False,5.622207956139853,2.967792043860147
2016-04-18,8.56,0,False,5.520234512968851,3.0397654870311497
2016-04-19,8.59,0,False,5.646445379209482,2.9435546207905174
2016-04-20,8.69,0,False,5.914996302610805,2.7750036973891943
2016-04-21,8.56,0,False,5.808068806511246,2.7519311934887547
2016-04-22,8.79,0,False,6.16807242920059,2.621927570799409
2016-04-25,8.84,0,False,6.329167598694515,2.5108324013054846
2016-04-26,8.82,0,False,6.287079343196651,2.5329206568033493
2016-04-27,8.69,0,False,5.633850236140639,3.05614976385936
2016-04-28,8.69,0,False,5.53273280833212,3.15726719166788
2016-04-29,9.35,0,False,6.141221034182977,3.2087789658170225
2016-05-02,9.92,0,False,6.652596430940239,3.267403569059761
2016-05-03,10.14,0,False,6.735577258590037,3.404422741409964
2016-05-04,10.15,0,False,6.739322558556288,3.4106774414437124
2016-05-05,10.2,0,False,7.151517342701257,3.0484826572987425
2016-05-06,9.52,0,False,7.120755368353571,2.399244631646429
2016-05-09,9.41,0,False,7.124917824171044,2.285082175828956
2016-05-10,9.22,0,False,7.126377638223505,2.0936223617764957
2016-05-11,9.01,0,False,7.300561851848511,1.7094381481514889
2016-05-12,9.07,0,False,6.6471703244984175,2.422829675501583
2016-05-13,9.51,0,False,6.993663334837227,2.5163366651627728
2016-05-16,9.14,0,False,7.0069108785521115,2.133089121447889
2016-05-17,9.18,0,False,6.925859145766634,2.2541408542333654
2016-05-18,9.88,0,False,7.40863607243737,2.4713639275626305
2016-05-19,10.01,0,False,7.169677520039628,2.8403224799603715
2016-05-20,9.71,0,False,7.179823642850232,2.5301763571497693
2016-05-23,9.76,0,False,6.870946762410736,2.8890532375892635
2016-05-24,10.03,0,False,7.158987946689475,2.8710120533105243
2016-05-25,9.55,0,False,7.12042889321637,2.429571106783631
2016-05-26,9.31,0,False,7.191594572407113,2.1184054275928874
2016-05-27,9.65,0,False,7.577342255500419,2.0726577444995815
2016-05-30,9.65,3,False,7.026624860895919,2.6233751391040814
2016-05-31,10.18,0,False,6.536256172617645,3.6437438273823544
2016-06-01,10.47,0,False,6.678438289433054,3.7915617105669464
2016-06-02,9.72,0,False,6.768819299216652,2.9511807007833486
2016-06-03,9.17,0,False,9.064403582594846,0.10559641740515424
2016-06-06,10.02,0,False,9.06699704379844,0.9530029562015603
2016-06-07,9.93,0,False,9.049084933489954,0.8809150665100454
2016-06-08,10.24,0,False,9.103876318992988,1.136123681007012
2016-06-09,11.15,0,False,9.23669423702924,1.9133057629707597
2016-06-10,13.31,0,False,9.337212612454822,3.9727873875451785
2016-06-13,13.36,0,False,9.177247837613686,4.182752162386313
2016-06-14,14.49,0,False,9.554098802485605,4.935901197514395
2016-06-15,12.78,0,False,9.710839729396143,3.069160270603856
2016-06-16,13.25,0,False,9.299469037812448,3.9505309621875515
2016-06-17,13.33,0,False,9.420815935642263,3.9091840643577367
2016-06-20,12.21,0,False,9.486237816685536,2.7237621833144647
2016-06-21,12.37,0,False,9.738345860510144,2.6316541394898554
2016-06-22,13.49,0,False,9.548972371614896,3.941027628385104
2016-06-23,11.9,0,False,9.932325913540547,1.9676740864594535
2016-06-24,12.99,0,False,13.56317805108711,-0.5731780510871101
2016-06-27,12.88,0,False,13.44318298910585,-0.5631829891058491
2016-06-28,10.93,0,False,13.475875359646079,-2.545875359646079
2016-06-29,10.32,0,False,13.60065697344146,-3.2806569734414595
2016-06-30,10.23,0,False,13.499814494054238,-3.2698144940542377
2016-07-01,9.91,0,False,13.48854350160978,-3.5785435016097793
2016-07-04,9.91,3,False,11.822636534825646,-1.912636534825646
2016-07-05,10.54,0,False,12.064840668674973,-1.5248406686749743
2016-07-06,10.37,0,False,12.089196774607158,-1.719196774607159
2016-07-07,10.1,0,False,12.10477602867242,-2.0047760286724206
2016-07-08,9.37,0,False,11.890093300775622,-2.5200933007756223
2016-07-11,9.16,0,False,11.712032017339464,-2.5520320173394637
2016-07-12,9.34,0,False,11.635366268217904,-2.2953662682179043
2016-07-13,8.87,0,False,11.350292585801194,-2.4802925858011946
2016-07-14,8.59,0,False,11.248238550053708,-2.6582385500537082
2016-07-15,8.58,0,False,11.523563059925396,-2.9435630599253955
2016-07-18,8.63,0,False,11.510390016267374,-2.8803900162673735
2016-07-19,9.03,0,False,11.578778861183736,-2.5487788611837363
2016-07-20,9.06,0,False,11.369404387607739,-2.3094043876077386
2016-07-21,8.84,0,False,11.26114736706674,-2.421147367066741
2016-07-22,8.77,0,False,11.037309288052695,-2.2673092880526955
2016-07-25,8.62,0,False,5.958766462051457,2.661233537948542
2016-07-26,8.33,0,False,5.669698577333729,2.6603014226662713
2016-07-27,8.12,0,False,5.964306864770482,2.1556931352295168
2016-07-28,8.19,0,False,5.698606275270656,2.4913937247293436
2016-07-29,8.09,0,False,6.343675779753889,1.7463242202461107
2016-08-01,7.63,0,False,6.266856772737952,1.3631432272620483
2016-08-02,7.92,0,False,6.540241522150879,1.379758477849121
2016-08-03,7.83,0,False,6.4911550440463275,1.3388449559536726
2016-08-04,7.98,0,False,6.478504501763233,1.5014954982367676
2016-08-05,7.68,0,False,6.505879769914421,1.1741202300855784
2016-08-08,7.68,0,False,6.494107005170756,1.1858929948292438
2016-08-09,7.57,0,False,6.545410696182443,1.0245893038175575
2016-08-10,7.49,0,False,6.806228430523359,0.6837715694766411
2016-08-11,7.57,0,False,6.857805397082142,0.7121946029178581
2016-08-12,7.2,0,False,6.831695339566711,0.3683046604332896
2016-08-15,7.15,0,False,6.307538219135106,0.8424617808648946
2016-08-16,7.98,0,False,6.801361027952481,1.1786389720475192
2016-08-17,8.14,0,False,6.578366364512163,1.561633635487838
2016-08-18,8.24,0,False,6.89273576912811,1.3472642308718905
2016-08-19,8.03,0,False,6.95818447042115,1.0718155295788492
2016-08-22,8.21,0,False,6.761258152940208,1.448741847059793
2016-08-23,8.25,0,False,6.747419134552035,1.5025808654479649
2016-08-24,8.7,0,False,6.864451008640761,1.8355489913592384
2016-08-25,8.4,0,False,6.511029669048778,1.8889703309512225
2016-08-26,8.59,0,False,7.0165097252953155,1.5734902747046844
2016-08-29,8.67,0,False,6.419893552163565,2.250106447836435
2016-08-30,8.74,0,False,6.574479236273787,2.165520763726213
2016-08-31,8.8,0,False,6.302346809830952,2.497653190169049
2016-09-01,8.56,0,False,6.004516492761142,2.5554835072388586
2016-09-02,8.12,0,False,6.12833233959615,1.9916676604038495
2016-09-05,8.12,3,False,5.978050937203861,2.1419490627961384
2016-09-06,8.1,0,False,6.83767033269228,1.2623296673077196
2016-09-07,7.99,0,False,6.797555228853533,1.1924447711464676
2016-09-08,7.82,0,False,6.557318046979012,1.262681953020988
2016-09-09,8.05,0,False,6.4926237299811245,1.5573762700188762
2016-09-12,7.21,0,False,6.462413724840552,0.7475862751594482
2016-09-13,7.39,0,False,6.436447479864793,0.9535525201352071
2016-09-14,7.43,0,False,5.799924995483273,1.6300750045167272
2016-09-15,7.23,0,False,5.79714981130727,1.43285018869273
2016-09-16,7.32,0,False,6.123692118405902,1.1963078815940982
2016-09-19,7.67,0,False,6.078277414008099,1.591722585991901
2016-09-20,7.67,0,False,6.11605210599656,1.5539478940034401
2016-09-21,7.19,0,False,6.193567735192981,0.9964322648070194
2016-09-22,7.04,0,False,6.100727486869213,0.9392725131307866
2016-09-23,6.92,0,False,6.0941982402581525,0.8258017597418474
2016-09-26,7.5,0,False,5.558394923967445,1.9416050760325554
2016-09-27,7.6,0,False,5.723661366068185,1.8763386339318142
2016-09-28,7.75,0,False,5.547998596980791,2.202001403019209
2016-09-29,8.19,0,False,5.531270431200005,2.658729568799995
2016-09-30,7.99,0,False,5.403829150548144,2.5861708494518565
2016-10-03,8.04,0,False,5.279028328098818,2.7609716719011814
2016-10-04,8.57,0,False,5.282099572072554,3.287900427927446
2016-10-05,8.1,0,False,4.107787818527804,3.992212181472196
2016-10-06,8.51,0,False,4.446182218499464,4.063817781500536
2016-10-07,8.28,0,False,4.674757164388907,3.605242835611092
2016-10-10,8.21,0,False,4.959074622656157,3.250925377343844
2016-10-11,9.26,0,False,5.608565988857479,3.6514340111425208
2016-10-12,9.28,0,False,5.786335010465674,3.4936649895343255
2016-10-13,8.49,0,False,5.932704455399212,2.5572955446007883
2016-10-14,8.62,0,False,6.505473951832099,2.1145260481679005
2016-10-17,8.19,0,False,5.907161144929314,2.2828388550706853
2016-10-18,8.11,0,False,5.896559693252021,2.2134403067479784
2016-10-19,8.02,0,False,5.860522079818143,2.159477920181857
2016-10-20,7.8,0,False,5.925816024534074,1.8741839754659262
2016-10-21,8.01,0,False,6.068585233306152,1.941414766693848
2016-10-24,8.16,0,False,6.05322741505621,2.1067725849437897
2016-10-25,8.29,0,False,5.981356255269598,2.308643744730401
2016-10-26,8.26,0,False,5.858810206686031,2.4011897933139688
2016-10-27,8.35,0,False,5.869839894061086,2.4801601059389133
2016-10-28,8.63,0,False,6.489781494432122,2.140218505567879
2016-10-31,8.85,0,False,6.478404703929702,2.3715952960702973
2016-11-01,9.88,0,False,6.8563551403091045,3.0236448596908962
2016-11-02,10.31,0,False,6.976560434685067,3.333439565314934
2016-11-03,10.42,0,False,6.979403452497827,3.4405965475021727
2016-11-04,11.09,0,False,6.838811664140722,4.251188335859278
2016-11-07,9.62,0,False,7.34630996481008,2.2736900351899196
2016-11-08,9.48,0,False,7.131583135693923,2.3484168643060777
2016-11-09,9.58,0,False,7.56011091738755,2.0198890826124503
2016-11-10,9.92,0,False,7.4309604739663655,2.4890395260336344
2016-11-11,10.8,0,False,7.354848476642248,3.4451515233577528
2016-11-14,11.39,0,False,7.82379945243425,3.5662005475657503
2016-11-15,11.59,0,False,7.792867302451747,3.7971326975482524
2016-11-16,11.85,0,False,7.829983605334015,4.020016394665984
2016-11-17,13.01,0,False,8.109348507684416,4.900651492315584
2016-11-18,12.3,0,False,8.100492565463094,4.199507434536907
2016-11-21,11.91,0,False,8.083020569660933,3.826979430339067
2016-11-22,11.03,0,False,8.08298622610564,2.9470137738943585
2016-11-23,11.9,0,False,8.42807816100744,3.471921838992561
2016-11-24,11.9,1,False,8.404153867722885,3.4958461322771157
2016-11-25,11.58,0,False,8.5122350249949,3.0677649750050993
2016-11-28,11.58,0,False,8.080824328754883,3.4991756712451174
2016-11-29,12.06,0,False,8.164840704439673,3.895159295560328
2016-11-30,12.93,0,False,8.064850393416966,4.865149606583033
2016-12-01,12.63,0,False,8.298141140629996,4.331858859370005
2016-12-02,12.53,0,False,8.295390137098883,4.234609862901117
2016-12-05,10.84,0,False,8.899441693408733,1.9405583065912673
2016-12-06,10.92,0,False,8.480809010737625,2.439190989262375
2016-12-07,10.57,0,False,8.543947394028786,2.0260526059712145
2016-12-08,10.35,0,False,8.965439289400777,1.3845607105992226
2016-12-09,10.78,0,False,9.147731048284289,1.6322689517157105
2016-12-12,9.99,0,False,9.44109084530603,0.5489091546939697
2016-12-13,9.8,0,False,8.659407034801033,1.1405929651989677
2016-12-14,10.25,0,False,9.134912425901858,1.1150875740981423
2016-12-15,10.77,0,False,9.923206717801335,0.8467932821986643
2016-12-16,10.72,0,False,9.780389568576176,0.9396104314238247
2016-12-19,11.07,0,False,9.825389089364013,1.2446109106359877
2016-12-20,11.12,0,False,9.741793473878953,1.3782065261210459
2016-12-21,10.81,0,False,9.821037853913648,0.9889621460863527
2016-12-22,10.77,0,False,9.532415249934099,1.237584750065901
2016-12-23,11.12,0,False,9.542136511422113,1.5778634885778864
2016-12-26,11.12,3,False,9.435877239611527,1.6841227603884725
2016-12-27,11.36,0,False,9.410101208737071,1.9498987912629282
2016-12-28,11.62,0,False,9.473830356681507,2.1461696433184922
2016-12-29,11.26,0,False,9.627457766071986,1.6325422339280138
2016-12-30,11.28,0,False,9.384365054056852,1.8956349459431472
2017-01-02,11.28,3,False,9.623162920239313,1.6568370797606864
2017-01-03,11.62,0,False,9.143477357164155,2.4765226428358442
2017-01-04,10.87,0,False,9.414770696512043,1.4552293034879558
2017-01-05,10.87,0,False,10.123653923587005,0.7463460764129941
2017-01-06,10.25,0,False,9.363523365002104,0.8864766349978961
2017-01-09,10.5,0,False,9.25986616775624,1.2401338322437603
2017-01-10,10.36,0,False,8.902500264998555,1.457499735001445
2017-01-11,10.72,0,False,8.943146445031138,1.7768535549688629
2017-01-12,10.39,0,False,8.498047881745602,1.8919521182543981
2017-01-13,9.89,0,False,7.557000344694783,2.3329996553052172
2017-01-16,9.89,3,False,7.58481929094781,2.3051807090521903
2017-01-17,9.73,0,False,8.322197229718027,1.4078027702819735
2017-01-18,9.64,0,False,8.73588749116188,0.9041125088381214
2017-01-19,9.76,0,False,8.716357621163311,1.0436423788366884
2017-01-20,9.33,0,False,8.784911219610624,0.545088780389376
2017-01-23,9.35,0,False,9.014125226627115,0.3358747733728844
2017-01-24,9.19,0,False,9.075170104047835,0.11482989595216431
2017-01-25,8.96,0,False,9.087874816195598,-0.1278748161955967
2017-01-26,9.37,0,False,9.196314253924283,0.17368574607571574
2017-01-27,9.33,0,False,8.817080455976374,0.5129195440236263
2017-01-30,9.95,0,False,8.76474521521212,1.1852547847878796
2017-01-31,9.71,0,False,9.15935824669144,0.550641753308561
2017-02-01,9.65,0,False,9.068258234752502,0.5817417652474983
2017-02-02,9.39,0,False,8.660927695421156,0.7290723045788443
2017-02-03,9.25,0,False,7.784179816286831,1.465820183713169
2017-02-06,9.61,0,False,7.495760367940929,2.1142396320590704
2017-02-07,9.83,0,False,7.6819363374535685,2.1480636625464316
2017-02-08,9.78,0,False,7.6735643693065,2.1064356306934995
2017-02-09,9.49,0,False,7.772868065458072,1.7171319345419285
2017-02-10,9.39,0,False,7.726190247198268,1.6638097528017326
2017-02-13,9.47,0,False,7.802595405333128,1.6674045946668725
2017-02-14,9.2,0,False,7.691609017216293,1.5083909827837063
2017-02-15,9.09,0,False,6.7425272828984335,2.3474727171015664
2017-02-16,8.98,0,False,6.64767682767861,2.3323231723213906
2017-02-17,9.14,0,False,6.902189480299804,2.2378105197001963
2017-02-20,9.14,3,False,6.803884944118875,2.336115055881126
2017-02-21,9.55,0,False,6.982299048375952,2.5677009516240483
2017-02-22,9.37,0,False,6.960733767045875,2.409266232954124
2017-02-23,9.33,0,False,6.986737227478038,2.343262772521962
2017-02-24,9.0,0,False,6.690357818384422,2.309642181615578
2017-02-27,9.01,0,False,6.737446259612947,2.2725537403870524
2017-02-28,8.75,0,False,6.745159727281471,2.0048402727185293
2017-03-01,8.83,0,False,5.903502396432751,2.926497603567249
2017-03-02,8.83,0,False,5.981631497961507,2.8483685020384932
2017-03-03,8.18,0,False,7.0799099962993095,1.1000900037006902
2017-03-06,8.0,0,False,7.143630311779186,0.8563696882208136
2017-03-07,7.98,0,False,7.07264935887587,0.9073506411241308
2017-03-08,8.32,0,False,6.782377941076187,1.5376220589238132
2017-03-09,8.04,0,False,6.85400992191271,1.185990078087289
2017-03-10,7.95,0,False,7.39639285467634,0.5536071453236602
2017-03-13,6.2,0,False,7.417669792926095,-1.2176697929260945
2017-03-14,6.45,0,False,7.435417141082726,-0.9854171410827259
2017-03-15,6.31,0,False,8.499204613624123,-2.189204613624123
2017-03-16,6.37,0,False,8.518005542278168,-2.1480055422781676
2017-03-17,6.44,0,False,8.19601506422256,-1.7560150642225603
2017-03-20,7.35,0,False,7.9068248326357535,-0.5568248326357539
2017-03-21,7.56,0,False,8.225251245144616,-0.6652512451446162
2017-03-22,7.69,0,False,7.814605724771358,-0.12460572477135745
2017-03-23,7.88,0,False,7.774489676839861,0.10551032316013931
2017-03-24,7.77,0,False,7.74466436331768,0.025335636682319418
2017-03-27,8.63,0,False,8.00023210069098,0.6297678993090212
2017-03-28,8.74,0,False,8.106067667725272,0.6339323322747283
2017-03-29,9.12,0,False,8.253428065472637,0.8665719345273626
2017-03-30,9.24,0,False,8.704130246496073,0.5358697535039276
2017-03-31,9.15,0,False,8.617244793577314,0.5327552064226868
2017-04-03,9.81,0,False,7.745226917355424,2.0647730826445763
2017-04-04,10.09,0,False,7.637229093376022,2.452770906623978
2017-04-05,10.5,0,False,7.622434098386753,2.877565901613247
2017-04-06,11.34,0,False,7.6126838114417685,3.7273161885582313
2017-04-07,11.83,0,False,7.732288655020016,4.0977113449799845
2017-04-10,12.06,0,False,7.05057268292268,5.0094273170773205
2017-04-11,12.72,0,False,7.017372927766418,5.702627072233582
2017-04-12,13.46,0,False,7.127036313434363,6.332963686565638
2017-04-13,13.38,0,False,6.037785534359713,7.3422144656402875
2017-04-14,13.38,1,False,5.957650263333946,7.422349736666055
2017-04-17,14.33,0,False,6.0414194115646715,8.288580588435329
2017-04-18,13.64,0,False,6.66856646517984,6.971433534820161
2017-04-19,13.84,0,False,6.300880735632427,7.539119264367573
2017-04-20,14.11,0,False,6.289414210270496,7.8205857897295035
2017-04-21,14.16,0,False,6.281723005160736,7.878276994839264
2017-04-24,9.51,0,False,7.71968487374632,1.79031512625368
2017-04-25,9.57,0,False,7.669264299319186,1.9007357006808139
2017-04-26,9.81,0,False,7.540343203090269,2.2696567969097314
2017-04-27,9.03,0,False,7.44967302005136,1.580326979948639
2017-04-28,9.18,0,False,6.904304809720187,2.275695190279813
2017-05-01,9.25,0,False,6.881417905244243,2.368582094755757
2017-05-02,9.47,0,False,6.9483158800130465,2.521684119986954
2017-05-03,9.21,0,False,7.11256892776443,2.0974310722355707
2017-05-04,9.78,0,False,7.765891543861654,2.014108456138345
2017-05-05,9.95,0,False,7.758853397811628,2.191146602188371
2017-05-08,8.14,0,False,7.933085411633323,0.20691458836667742
2017-05-09,7.9,0,False,8.085293319899524,-0.18529331989952347
2017-05-10,8.03,0,False,8.083109280775885,-0.05310928077588528
2017-05-11,7.59,0,False,7.842490475167183,-0.2524904751671828
2017-05-12,7.37,0,False,7.973785030418432,-0.6037850304184316
2017-05-15,8.0,0,False,8.085420380108884,-0.08542038010888398
2017-05-16,8.86,0,False,8.666980627516349,0.19301937248365064
2017-05-17,9.17,0,False,8.531025861946597,0.6389741380534026
2017-05-18,8.73,0,False,8.694886860692135,0.03511313930786564
2017-05-19,8.51,0,False,9.29592957765244,-0.7859295776524409
2017-05-22,8.29,0,False,9.336600665573721,-1.046600665573722
2017-05-23,8.6,0,False,8.359324323287934,0.24067567671206547
2017-05-24,8.32,0,False,8.207045098035698,0.11295490196430258
2017-05-25,8.0,0,False,8.18030095844785,-0.18030095844784988
2017-05-26,8.21,0,False,8.16332602482934,0.04667397517066085
2017-05-29,8.21,3,False,8.131544300996865,0.0784556990031362
2017-05-30,8.04,0,False,8.161129821783971,-0.12112982178397225
2017-05-31,8.08,0,False,8.285878443691267,-0.20587844369126707
2017-06-01,7.68,0,False,8.202459724541562,-0.5224597245415623
2017-06-02,7.8,0,False,7.878480434658764,-0.07848043465876398
2017-06-05,7.86,0,False,7.906300446521045,-0.04630044652104459
2017-06-06,7.81,0,False,7.563720587139258,0.2462794128607415
2017-06-07,8.01,0,False,7.427848190836713,0.5821518091632871
2017-06-08,7.55,0,False,7.538654632553965,0.01134536744603487
2017-06-09,7.16,0,False,7.555206746843816,-0.39520674684381607
2017-06-12,6.64,0,False,7.216145769439408,-0.5761457694394085
2017-06-13,6.83,0,False,7.087358478086735,-0.2573584780867346
2017-06-14,6.93,0,False,6.233679354271262,0.6963206457287381
2017-06-15,7.17,0,False,6.188494869940877,0.9815051300591229
2017-06-16,5.9,0,False,6.130080771122345,-0.2300807711223447
2017-06-19,6.28,0,False,5.383651031376995,0.8963489686230055
2017-06-20,6.32,0,False,5.323609184723447,0.9963908152765537
2017-06-21,6.5,0,False,5.152785605332993,1.3472143946670068
2017-06-22,6.19,0,False,5.060954538193307,1.129045461806693
2017-06-23,6.04,0,False,5.214563380382643,0.8254366196173573
2017-06-26,6.28,0,False,5.140058417663365,1.1399415823366352
2017-06-27,7.38,0,False,7.013611204570511,0.3663887954294891
2017-06-28,7.76,0,False,7.075744792693636,0.6842552073063635
2017-06-29,7.68,0,False,7.109703067412407,0.5702969325875928
2017-06-30,7.21,0,False,7.072905752801832,0.13709424719816798
2017-07-03,7.35,0,False,6.938548477020966,0.41145152297903387
2017-07-04,7.35,1,False,6.907447607639765,0.442552392360235
2017-07-05,7.4,0,False,6.874152753972187,0.525847246027813
2017-07-06,7.61,0,False,7.195189568124618,0.4148104318753827
2017-07-07,7.24,0,False,7.109161776643466,0.13083822335653394
2017-07-10,6.9,0,False,7.089756324512697,-0.18975632451269675
2017-07-11,7.34,0,False,7.365754160399956,-0.025754160399956483
2017-07-12,7.17,0,False,7.54954125607044,-0.3795412560704401
2017-07-13,6.77,0,False,7.557602299584477,-0.7876022995844778
2017-07-14,6.82,0,False,7.511108720229238,-0.6911087202292379
2017-07-17,6.75,0,False,7.3545485190985636,-0.6045485190985636
2017-07-18,7.44,0,False,7.542056900193324,-0.10205690019332359
2017-07-19,7.82,0,False,7.61413876076136,0.20586123923864008
2017-07-20,7.74,0,False,8.284349108115102,-0.5443491081151013
2017-07-21,7.1,0,False,8.324994412995574,-1.2249944129955743
2017-07-24,7.35,0,False,8.256766235480095,-0.9067662354800952
2017-07-25,7.93,0,False,8.252436837678493,-0.3224368376784934
2017-07-26,7.99,0,False,7.199821119762478,0.790178880237522
2017-07-27,8.13,0,False,7.309350555892137,0.8206494441078638
2017-07-28,7.82,0,False,7.386959168280119,0.4330408317198815
2017-07-31,8.3,0,False,7.837054485514579,0.46294551448542176
2017-08-01,8.41,0,False,7.745856579185697,0.6641434208143036
2017-08-02,8.91,0,False,7.88901298092847,1.02098701907153
2017-08-03,9.19,0,False,7.896331529390401,1.2936684706095987
2017-08-04,8.55,0,False,8.07404937316546,0.4759506268345408
2017-08-07,9.93,0,False,8.068893940296592,1.861106059703408
2017-08-08,8.51,0,False,8.162044881570736,0.3479551184292635
2017-08-09,8.86,0,False,7.9115060573585705,0.9484939426414289
2017-08-10,9.03,0,False,7.74745346760808,1.282546532391919
2017-08-11,8.91,0,False,7.86441279496055,1.0455872050394506
2017-08-14,8.82,0,False,7.680462955468145,1.1395370445318553
2017-08-15,8.98,0,False,7.785790660798973,1.1942093392010271
2017-08-16,8.67,0,False,7.513694878243628,1.1563051217563718
2017-08-17,8.57,0,False,7.52715538486447,1.0428446151355306
2017-08-18,7.38,0,False,6.770118835981669,0.609881164018331
2017-08-21,8.59,0,False,6.881356931329788,1.708643068670212
2017-08-22,8.25,0,False,7.017943059545469,1.2320569404545312
2017-08-23,8.51,0,False,7.147316654154795,1.3626833458452046
2017-08-24,8.28,0,False,6.660603780081018,1.6193962199189817
2017-08-25,8.16,0,False,7.347908691553879,0.8120913084461208
2017-08-28,8.63,0,False,7.217364714289514,1.4126352857104871
2017-08-29,8.81,0,False,6.697587133413426,2.112412866586575
2017-08-30,8.62,0,False,7.081167994141851,1.538832005858148
2017-08-31,8.68,0,False,6.9431269841437855,1.7368730158562142
2017-09-01,8.32,0,False,7.072557566845745,1.247442433154255
2017-09-04,8.32,3,False,6.563216487304449,1.7567835126955513
2017-09-05,9.06,0,False,6.555146446232943,2.5048535537670578
2017-09-06,9.07,0,False,6.440717626972423,2.6292823730275776
2017-09-07,8.6,0,False,7.133764697743955,1.4662353022560444
2017-09-08,8.73,0,False,7.125881288237728,1.6041187117622728
2017-09-11,8.05,0,False,7.373513155647128,0.6764868443528727
2017-09-12,8.05,0,False,7.28333706744424,0.7666629325557608
2017-09-13,8.34,0,False,7.540809290423523,0.799190709576477
2017-09-14,8.18,0,False,7.542959567998262,0.6370404320017373
2017-09-15,7.5,0,False,7.472115937100406,0.02788406289959422
2017-09-18,8.05,0,False,7.405469858710359,0.6445301412896418
2017-09-19,8.09,0,False,7.355270721396908,0.7347292786030915
2017-09-20,7.77,0,False,7.784077101013009,-0.014077101013009852
2017-09-21,8.02,0,False,7.799719196425708,0.22028080357429136
2017-09-22,8.26,0,False,7.798406232242577,0.46159376775742267
2017-09-25,8.5,0,False,7.520995527046407,0.9790044729535934
2017-09-26,8.23,0,False,7.512708087404395,0.7172919125956057
2017-09-27,7.68,0,False,7.638256717432144,0.041743282567855644
2017-09-28,8.04,0,False,7.295912255165536,0.7440877448344629
2017-09-29,7.58,0,False,7.299000382094159,0.2809996179058407
2017-10-02,7.55,0,False,7.542558784114309,0.0074412158856906885
2017-10-03,7.67,0,False,7.494984250311759,0.17501574968824052
2017-10-04,7.64,0,False,7.487828091893565,0.15217190810643455
2017-10-05,7.43,0,False,7.618498939940318,-0.18849893994031852
2017-10-06,7.29,0,False,7.008274666513553,0.2817253334864471
2017-10-09,7.55,0,False,7.00350391095042,0.5464960890495796
2017-10-10,7.92,0,False,6.884364255359375,1.0356357446406248
2017-10-11,8.02,0,False,7.026492355754504,0.9935076442454953
2017-10-12,8.0,0,False,6.6682928961561405,1.3317071038438595
2017-10-13,7.64,0,False,6.609375400017117,1.0306245999828825
2017-10-16,7.56,0,False,6.608310995378187,0.9516890046218123
2017-10-17,7.56,0,False,6.661140306276921,0.8988596937230788
2017-10-18,7.5,0,False,6.559985515953111,0.9400144840468894
2017-10-19,7.59,0,False,6.133272370414884,1.4567276295851155
2017-10-20,7.54,0,False,6.342339574134587,1.197660425865413
2017-10-23,7.7,0,False,6.3922929790345835,1.3077070209654167
2017-10-24,7.57,0,False,5.715182613441104,1.8548173865588966
2017-10-25,7.91,0,False,5.673163210836296,2.2368367891637044
2017-10-26,7.9,0,False,7.304572075221301,0.5954279247786998
2017-10-27,7.42,0,False,7.323094387641377,0.09690561235862294
2017-10-30,7.16,0,False,7.40541201767721,-0.24541201767720988
2017-10-31,7.04,0,False,7.0216720717316425,0.018327928268357496
2017-11-01,6.94,0,False,7.0633467425164405,-0.12334674251644007
2017-11-02,6.88,0,False,7.153221557346079,-0.273221557346079
2017-11-03,6.67,0,False,7.174646586843493,-0.5046465868434931
2017-11-06,6.78,0,False,7.139569271327595,-0.35956927132759464
2017-11-07,6.68,0,False,7.170142183290166,-0.4901421832901667
2017-11-08,6.67,0,False,6.894130100886783,-0.2241301008867831
2017-11-09,6.84,0,False,6.879882858939516,-0.039882858939516375
2017-11-10,6.66,0,False,6.858383156488937,-0.19838315648893712
2017-11-13,7.13,0,False,6.850447961283431,0.2795520387165693
2017-11-14,8.08,0,False,7.835899373293902,0.2441006267060981
2017-11-15,7.8,0,False,7.790123293480014,0.009876706519985845
2017-11-16,7.24,0,False,7.789870645649051,-0.549870645649051
2017-11-17,7.23,0,False,7.582893256509666,-0.35289325650966585
2017-11-20,7.31,0,False,7.444688631260761,-0.13468863126076158
2017-11-21,7.16,0,False,7.401709176152424,-0.2417091761524235
2017-11-22,7.15,0,False,7.801400530756037,-0.6514005307560362
2017-11-23,7.15,1,False,7.691491844431439,-0.5414918444314383
2017-11-24,7.9,0,False,6.448075322293824,1.4519246777061765
2017-11-27,7.77,0,False,6.374578632178135,1.3954213678218643
2017-11-28,7.52,0,False,6.476954729598,1.0430452704019997
2017-11-29,7.69,0,False,6.481158481979553,1.2088415180204475
2017-11-30,7.49,0,False,6.637024370627566,0.852975629372434
2017-12-01,7.76,0,False,6.53133385352197,1.2286661464780302
2017-12-04,7.65,0,False,6.412659419599182,1.2373405804008186
2017-12-05,7.46,0,False,6.515293248978732,0.9447067510212683
2017-12-06,7.09,0,False,6.537505019204959,0.552494980795041
2017-12-07,6.85,0,False,6.566744269917965,0.2832557300820344
2017-12-08,6.57,0,False,6.415512598850083,0.15448740114991732
2017-12-11,5.61,0,False,6.385118435719725,-0.7751184357197243
2017-12-12,6.01,0,False,6.431901733696757,-0.42190173369675765
2017-12-13,5.35,0,False,5.706089322010712,-0.3560893220107122
2017-12-14,5.27,0,False,5.872450795999767,-0.6024507959997676
2017-12-15,5.02,0,False,5.911562521573713,-0.8915625215737135
2017-12-18,5.47,0,False,5.977806936039456,-0.5078069360394561
2017-12-19,5.91,0,False,5.987995388360652,-0.07799538836065167
2017-12-20,6.2,0,False,6.061961495442286,0.1380385045577146
2017-12-21,5.87,0,False,5.527281917748861,0.34271808225113887
2017-12-22,5.88,0,False,5.4936414215456715,0.3863585784543284
2017-12-26,6.05,0,False,4.965016401606082,1.0849835983939178
2017-12-27,6.09,0,False,4.9518852381868745,1.1381147618131253
2017-12-28,6.81,0,False,4.904367700869971,1.905632299130029
2017-12-29,6.81,0,False,5.219998034395361,1.590001965604639
2018-01-01,6.81,3,False,4.951714582845115,1.8582854171548844
2018-01-02,7.06,0,False,5.131871022530105,1.9281289774698944
2018-01-03,6.51,0,False,5.212423899754729,1.297576100245271
2018-01-04,6.83,0,False,5.314708300981541,1.5152916990184595
2018-01-05,6.25,0,False,5.372322574032057,0.877677425967943
2018-01-08,6.27,0,False,5.607698313202362,0.6623016867976377
2018-01-09,7.06,0,False,5.675267790062226,1.3847322099377735
2018-01-10,6.63,0,False,5.684332253404355,0.9456677465956451
2018-01-11,6.69,0,False,6.129704382620668,0.5602956173793325
2018-01-12,7.37,0,False,7.455462585828545,-0.08546258582854449
2018-01-15,7.37,3,False,7.513605195777308,-0.14360519577730813
2018-01-16,7.64,0,False,7.456731807401161,0.18326819259883909
2018-01-17,8.05,0,False,7.681470234065037,0.368529765934964
2018-01-18,8.31,0,False,7.642989269814095,0.6670107301859058
2018-01-19,8.29,0,False,7.609173008408934,0.680826991591065
2018-01-22,7.94,0,False,7.726093071115517,0.2139069288844837
2018-01-23,7.27,0,False,7.781965383009373,-0.5119653830093736
2018-01-24,8.57,0,False,8.355634500819226,0.21436549918077397
2018-01-25,8.17,0,False,8.323953957442724,-0.15395395744272378
2018-01-26,8.17,0,False,8.221496738282834,-0.05149673828283419
2018-01-29,8.55,0,False,8.125973220084692,0.4240267799153088
2018-01-30,8.09,0,False,8.14514769297174,-0.05514769297174027
2018-01-31,8.79,0,False,8.034670684973639,0.7553293150263602
2018-02-01,8.29,0,False,8.35961677660066,-0.06961677660066101
2018-02-02,8.7,0,False,8.344220232552967,0.3557797674470322
2018-02-05,8.81,0,False,8.62633481774916,0.18366518225083972
2018-02-06,9.0,0,False,8.453510886154362,0.546489113845638
2018-02-07,8.43,0,False,9.005124887526435,-0.5751248875264352
2018-02-08,9.84,0,False,9.010164344748045,0.829835655251955
2018-02-09,9.59,0,False,8.678270485245942,0.9117295147540574
2018-02-12,9.36,0,False,7.251523282230171,2.108476717769828
2018-02-13,9.12,0,False,7.246171242886066,1.873828757113933
2018-02-14,9.67,0,False,7.749545367251397,1.9204546327486032
2018-02-15,9.4,0,False,7.625481792794066,1.7745182072059347
2018-02-16,8.92,0,False,7.952804709142618,0.967195290857382
2018-02-19,8.92,3,False,7.927720228531728,0.9922797714682723
2018-02-20,9.73,0,False,8.054081015252281,1.6759189847477192
2018-02-21,9.01,0,False,8.132478610043764,0.877521389956236
2018-02-22,8.89,0,False,7.65795600755901,1.2320439924409907
2018-02-23,8.28,0,False,7.71726470140583,0.5627352985941689
2018-02-26,8.17,0,False,7.683002073725459,0.4869979262745412
2018-02-27,8.44,0,False,7.936031095173568,0.5039689048264311
2018-02-28,8.33,0,False,7.994008938917095,0.3359910610829049
2018-03-01,8.97,0,False,8.256886133943569,0.7131138660564318
2018-03-02,8.09,0,False,7.948320220194001,0.14167977980599922
2018-03-05,8.17,0,False,7.8318663704511655,0.3381336295488344
2018-03-06,8.49,0,False,7.663080610741282,0.8269193892587179
2018-03-07,7.76,0,False,7.660239301686132,0.09976069831386791
2018-03-08,7.57,0,False,7.48476681631501,0.08523318368499044
2018-03-09,7.31,0,False,7.475157455554597,-0.16515745555459738
2018-03-12,6.66,0,False,7.525781312617233,-0.8657813126172327
2018-03-13,6.97,0,False,7.590277373314029,-0.6202773733140292
2018-03-14,6.58,0,False,7.432634716136688,-0.8526347161366878
2018-03-15,6.85,0,False,7.125093716461994,-0.27509371646199465
2018-03-16,7.31,0,False,6.960125344962512,0.34987465503748805
2018-03-19,7.72,0,False,6.56093731728997,1.1590626827100294
2018-03-20,7.3,0,False,7.074503163695538,0.22549683630446182
2018-03-21,6.77,0,False,7.323114332791233,-0.5531143327912336
2018-03-22,7.03,0,False,7.233494508629862,-0.20349450862986185
2018-03-23,7.25,0,False,7.255649740262646,-0.005649740262645864
2018-03-26,7.42,0,False,7.611544639105141,-0.19154463910514075
2018-03-27,7.37,0,False,7.66844606009794,-0.29844606009794017
2018-03-28,7.27,0,False,7.760494261512636,-0.4904942615126364
2018-03-29,7.05,0,False,7.681376932863085,-0.6313769328630849
2018-03-30,7.05,1,False,7.414383013048817,-0.36438301304881726
2018-04-02,7.18,0,False,7.303459528044484,-0.12345952804448412
2018-04-03,7.34,0,False,7.337568799059466,0.0024312009405340618
2018-04-04,7.0,0,False,7.095799807717526,-0.09579980771752616
2018-04-05,6.97,0,False,7.176362434446677,-0.20636243444667723
2018-04-06,6.77,0,False,6.711185117651302,0.05881488234869714
2018-04-09,7.13,0,False,6.807036407945969,0.32296359205403125
2018-04-10,6.68,0,False,6.821776342191252,-0.14177634219125235
2018-04-11,6.79,0,False,6.6555165380566095,0.13448346194339056
2018-04-12,6.63,0,False,6.72361345893621,-0.09361345893621031
2018-04-13,6.4,0,False,6.491147238025979,-0.0911472380259788
2018-04-16,6.49,0,False,6.620091493442502,-0.13009149344250215
2018-04-17,6.46,0,False,6.48299756251694,-0.02299756251693985
2018-04-18,6.69,0,False,5.919408076639677,0.7705919233603238
2018-04-19,6.75,0,False,5.3173286105094535,1.4326713894905465
2018-04-20,6.82,0,False,5.481305508612857,1.3386944913871437
2018-04-23,7.66,0,False,5.7207307108252845,1.9392692891747156
2018-04-24,7.29,0,False,5.177968679548147,2.1120313204518526
2018-04-25,7.63,0,False,5.444291992002005,2.185708007997995
2018-04-26,7.74,0,False,5.019021074231729,2.7209789257682715
2018-04-27,6.94,0,False,5.058349936249483,1.8816500637505174
2018-04-30,7.23,0,False,5.21372065006355,2.0162793499364504
2018-05-01,8.17,0,False,5.746921813590989,2.423078186409011
2018-05-02,7.75,0,False,5.798172232201397,1.9518277677986031
2018-05-03,7.73,0,False,5.893377021891425,1.8366229781085757
2018-05-04,7.55,0,False,5.849012514690357,1.7009874853096427
2018-05-07,7.82,0,False,5.840960268920215,1.9790397310797854
2018-05-08,7.95,0,False,5.969444163719891,1.980555836280109
2018-05-09,7.83,0,False,5.90119645784837,1.9288035421516296
2018-05-10,7.55,0,False,6.186314212487982,1.3636857875120176
2018-05-11,7.34,0,False,6.117548899552658,1.2224511004473415
2018-05-14,7.48,0,False,6.126431031104662,1.3535689688953383
2018-05-15,7.89,0,False,6.502169386403597,1.3878306135964023
2018-05-16,8.13,0,False,6.559097160844618,1.5709028391553828
2018-05-17,8.17,0,False,6.570098292931505,1.5999017070684953
2018-05-18,8.31,0,False,6.561691885717461,1.7483081142825396
2018-05-21,8.09,0,False,6.380295968687247,1.7097040313127527
2018-05-22,8.0,0,False,6.0073391369267135,1.9926608630732865
2018-05-23,8.29,0,False,6.441625512567192,1.8483744874328067
2018-05-24,7.9,0,False,6.149597309554801,1.750402690445199
2018-05-25,8.11,0,False,6.295304492905913,1.8146955070940862
2018-05-28,8.11,3,False,6.300857188075707,1.8091428119242927
2018-05-29,10.17,0,False,6.6516430431774785,3.5183569568225215
2018-05-30,8.97,0,False,7.169175338341607,1.8008246616583934
2018-05-31,8.77,0,False,7.122251603134766,1.647748396865234
2018-06-01,8.53,0,False,7.1073384704535325,1.4226615295464669
2018-06-04,7.77,0,False,7.1626837612133105,0.607316238786689
2018-06-05,8.26,0,False,7.10119217855614,1.15880782144386
2018-06-06,8.27,0,False,7.095757367333076,1.1742426326669237
2018-06-07,8.28,0,False,7.1215878674014075,1.1584121325985919
2018-06-08,8.18,0,False,6.929836072519446,1.2501639274805534
2018-06-11,8.04,0,False,6.911386351433412,1.1286136485665867
2018-06-12,8.55,0,False,6.990202169032675,1.5597978309673257
2018-06-13,7.54,0,False,6.638797710205275,0.9012022897947247
2018-06-14,8.01,0,False,9.36965846377413,-1.3596584637741298
2018-06-15,7.99,0,False,9.43635142680767,-1.44635142680767
2018-06-18,8.39,0,False,9.42083235179033,-1.0308323517903286
2018-06-19,8.35,0,False,9.453322067360869,-1.1033220673608692
2018-06-20,7.69,0,False,9.46030827940393,-1.7703082794039302
2018-06-21,8.48,0,False,9.198084384291812,-0.7180843842918119
2018-06-22,7.87,0,False,9.30645650489895,-1.43645650489895
2018-06-25,8.11,0,False,9.174767826500489,-1.0647678265004892
2018-06-26,7.94,0,False,9.30110678421232,-1.3611067842123203
2018-06-27,8.27,0,False,9.369914692943505,-1.0999146929435053
2018-06-28,8.26,0,False,8.642139463897509,-0.3821394638975093
2018-06-29,7.5,0,False,9.249774291560959,-1.7497742915609589
2018-07-02,8.12,0,False,9.285170663538796,-1.165170663538797
2018-07-03,7.76,0,False,9.223093356073823,-1.4630933560738235
2018-07-04,7.76,1,False,9.206377409129932,-1.4463774091299317
2018-07-05,7.38,0,False,9.110807167509636,-1.730807167509636
2018-07-06,6.78,0,False,9.213272206966307,-2.433272206966307
2018-07-09,6.82,0,False,9.169863772434402,-2.349863772434402
2018-07-10,6.86,0,False,9.160517613742995,-2.3005176137429943
2018-07-11,7.55,0,False,9.336868272874277,-1.786868272874277
2018-07-12,7.17,0,False,9.234927663825475,-2.0649276638254754
2018-07-13,7.09,0,False,6.396055586310793,0.6939444136892066
2018-07-16,6.94,0,False,6.334676442830755,0.6053235571692452
2018-07-17,6.96,0,False,6.491420878892853,0.4685791211071466
2018-07-18,7.18,0,False,6.442946962661473,0.7370530373385265
2018-07-19,7.35,0,False,6.42172890309185,0.9282710969081496
2018-07-20,7.15,0,False,6.751703399864086,0.3982966001359145
2018-07-23,7.22,0,False,6.614739694283555,0.6052603057164445
2018-07-24,7.02,0,False,6.465924265463895,0.5540757345361049
2018-07-25,7.06,0,False,6.379200357500711,0.6807996424992888
2018-07-26,7.03,0,False,6.269788027661752,0.7602119723382481
2018-07-27,6.77,0,False,6.263315856958301,0.5066841430416984
2018-07-30,6.78,0,False,5.476105267869395,1.3038947321306056
2018-07-31,6.69,0,False,5.344664133664685,1.345335866335315
2018-08-01,6.56,0,False,5.396580486312501,1.163419513687499
2018-08-02,7.04,0,False,5.842042204742834,1.1979577952571656
2018-08-03,7.18,0,False,5.778974108031703,1.4010258919682963
2018-08-06,7.68,0,False,5.5796086076887494,2.1003913923112503
2018-08-07,7.16,0,False,5.735082406227608,1.424917593772392
2018-08-08,6.98,0,False,5.742445557889864,1.2375544421101363
2018-08-09,7.69,0,False,5.89007077946938,1.79992922053062
2018-08-10,8.69,0,False,6.8376175258791045,1.852382474120895
2018-08-13,8.24,0,False,6.825621394842162,1.4143786051578386
2018-08-14,8.53,0,False,7.068853412561865,1.461146587438134
2018-08-15,8.45,0,False,6.908635861386267,1.5413641386137327
2018-08-16,7.76,0,False,6.943068538583129,0.8169314614168712
2018-08-17,7.67,0,False,7.174608928947156,0.4953910710528442
2018-08-20,7.69,0,False,6.932661313893269,0.7573386861067313
2018-08-21,7.74,0,False,7.38694055609288,0.35305944390711996
2018-08-22,7.76,0,False,7.424419871443368,0.3355801285566322
2018-08-23,8.32,0,False,7.517809727011553,0.8021902729884474
2018-08-24,7.39,0,False,7.489858336743343,-0.09985833674334366
2018-08-27,7.68,0,False,7.679064373018875,0.0009356269811249263
2018-08-28,7.49,0,False,7.539873826857906,-0.049873826857905534
2018-08-29,7.61,0,False,7.536853113860016,0.07314688613998399
2018-08-30,7.55,0,False,7.55355922718076,-0.003559227180760516
2018-08-31,8.04,0,False,7.510861326317997,0.5291386736820023
2018-09-03,8.04,3,False,7.507204932295967,0.5327950677040318
2018-09-04,8.27,0,False,7.578269962810954,0.6917300371890454
2018-09-05,7.75,0,False,7.597458193188819,0.1525418068111808
2018-09-06,7.6,0,False,7.59215332079341,0.007846679206589435
2018-09-07,7.74,0,False,7.483643006613071,0.2563569933869294
2018-09-10,7.81,0,False,6.735498325561366,1.0745016744386335
2018-09-11,7.78,0,False,6.7460668846294025,1.0339331153705977
2018-09-12,7.29,0,False,6.473222786945609,0.8167772130543911
2018-09-13,7.05,0,False,6.750042092179213,0.2999579078207866
2018-09-14,7.08,0,False,6.987667754638805,0.09233224536119522
2018-09-17,7.07,0,False,6.9924415199318455,0.0775584800681548
2018-09-18,7.27,0,False,6.878844304375374,0.3911556956246258
2018-09-19,7.16,0,False,6.343079893612362,0.8169201063876379
2018-09-20,7.24,0,False,7.017172597527193,0.22282740247280763
2018-09-21,7.11,0,False,6.849464676760658,0.2605353232393419
2018-09-24,7.32,0,False,6.3996830138553005,0.9203169861446998
2018-09-25,7.31,0,False,6.186144639908997,1.1238553600910022
2018-09-26,7.06,0,False,6.2251111008842575,0.8348888991157422
2018-09-27,7.49,0,False,6.836582896271731,0.6534171037282688
2018-09-28,7.26,0,False,6.848076654752481,0.4119233452475184
2018-10-01,7.61,0,False,6.5633629961100795,1.0466370038899209
2018-10-02,7.74,0,False,6.609152654306428,1.1308473456935726
2018-10-03,8.06,0,False,6.848144859615142,1.2118551403848583
2018-10-04,7.78,0,False,6.7829867055846265,0.9970132944153738
2018-10-05,7.59,0,False,6.78240671942269,0.8075932805773096
2018-10-08,7.9,0,False,6.494291862089016,1.4057081379109846
2018-10-09,8.09,0,False,6.383517007201775,1.7064829927982252
2018-10-10,7.75,0,False,6.424481800846222,1.3255181991537777
2018-10-11,7.81,0,False,6.779560774871464,1.0304392251285357
2018-10-12,7.67,0,False,6.590562122243876,1.0794378777561242
2018-10-15,7.69,0,False,6.298632822053326,1.391367177946674
2018-10-16,7.39,0,False,6.029665358908859,1.360334641091141
2018-10-17,7.42,0,False,6.391670887159768,1.0283291128402317
2018-10-18,7.8,0,False,6.5502991848881305,1.2497008151118694
2018-10-19,7.53,0,False,6.0526946372444685,1.4773053627555317
2018-10-22,7.74,0,False,6.167624643218813,1.572375356781187
2018-10-23,7.69,0,False,6.170042600529436,1.519957399470564
2018-10-24,8.28,0,False,6.586650865805724,1.6933491341942757
2018-10-25,8.0,0,False,6.55250952574203,1.44749047425797
2018-10-26,8.02,0,False,5.965335852421631,2.054664147578369
2018-10-29,8.11,0,False,5.929844663638195,2.1801553363618043
2018-10-30,8.21,0,False,5.950816111705169,2.2591838882948316
2018-10-31,8.31,0,False,5.9582301721297535,2.351769827870247
2018-11-01,8.13,0,False,6.3064720501432765,1.8235279498567243
2018-11-02,7.89,0,False,6.243251511461337,1.6467484885386625
2018-11-05,8.18,0,False,6.269140988604879,1.9108590113951207
2018-11-06,8.39,0,False,6.2375340791990554,2.152465920800945
2018-11-07,7.77,0,False,6.237516602699451,1.532483397300549
2018-11-08,7.97,0,False,6.465291179469328,1.5047088205306718
2018-11-09,8.04,0,False,6.120527948527049,1.9194720514729502
2018-11-12,8.93,0,False,7.023744189478623,1.906255810521377
2018-11-13,9.12,0,False,7.327450907439181,1.7925490925608178
2018-11-14,9.56,0,False,7.354921787767054,2.205078212232946
2018-11-15,9.24,0,False,7.035504953055098,2.204495046944902
2018-11-16,8.54,0,False,7.4224896894401855,1.1175103105598136
2018-11-19,8.06,0,False,7.2757254309211605,0.78427456907884
2018-11-20,8.42,0,False,7.550360196381606,0.8696398036183943
2018-11-21,8.01,0,False,7.560526574202581,0.4494734257974189
2018-11-22,8.01,1,False,7.198210622155972,0.8117893778440282
2018-11-23,7.88,0,False,7.446357360858409,0.43364263914159107
2018-11-26,7.68,0,False,7.3976724189132685,0.28232758108673117
2018-11-27,7.8,0,False,7.444939627695481,0.3550603723045187
2018-11-28,7.81,0,False,7.774118655932824,0.03588134406717547
2018-11-29,7.9,0,False,7.755195678146127,0.14480432185387304
2018-11-30,7.9,0,False,7.520507848192458,0.3794921518075425
2018-12-03,7.52,0,False,7.5636193563143825,-0.04361935631438296
2018-12-04,7.81,0,False,7.546537615865601,0.2634623841343986
2018-12-05,7.81,1,False,7.524668063965367,0.28533193603463225
2018-12-06,7.98,0,False,7.587668481777252,0.3923315182227487
2018-12-07,7.46,0,False,7.365969244564154,0.09403075543584638
2018-12-10,7.75,0,False,7.404942903308342,0.34505709669165796
2018-12-11,7.8,0,False,6.572895803981457,1.2271041960185425
2018-12-12,7.58,0,False,6.396056048874553,1.183943951125447
2018-12-13,7.01,0,False,6.3748438352488375,0.6351561647511623
2018-12-14,7.09,0,False,6.554290326027671,0.5357096739723293
2018-12-17,6.87,0,False,6.088271370233131,0.7817286297668691
2018-12-18,7.01,0,False,6.002552936745371,1.007447063254629
2018-12-19,6.75,0,False,5.475500256601144,1.2744997433988559
2018-12-20,7.36,0,False,5.85223265917798,1.5077673408220207
2018-12-21,6.99,0,False,6.271718655120215,0.7182813448797853
2018-12-24,7.48,0,False,6.023200270842026,1.4567997291579742
2018-12-26,7.67,0,False,6.1928335625318836,1.4771664374681164
2018-12-27,7.58,0,False,6.499581538245628,1.0804184617543724
2018-12-28,7.57,0,False,6.046817205469588,1.5231827945304124
2018-12-31,7.46,0,False,5.994786703162486,1.465213296837514
2019-01-02,7.72,0,False,6.362569327165642,1.357430672834358
2019-01-03,7.92,0,False,6.462794511422419,1.4572054885775811
2019-01-04,7.29,0,False,6.456507544054273,0.8334924559457271
2019-01-07,7.37,0,False,6.870663544863992,0.49933645513600844
2019-01-08,7.14,0,False,6.878276082949669,0.2617239170503307
2019-01-09,7.4,0,False,7.515285747290967,-0.11528574729096697
2019-01-10,7.11,0,False,7.533733252776498,-0.42373325277649787
2019-01-11,7.01,0,False,7.502580812927919,-0.492580812927919
2019-01-14,7.08,0,False,7.335226309123367,-0.2552263091233673
2019-01-15,7.32,0,False,7.509284507778011,-0.18928450777801054
2019-01-16,7.12,0,False,7.368304435486567,-0.2483044354865669
2019-01-17,6.96,0,False,7.24484913573758,-0.28484913573757975
2019-01-18,6.78,0,False,7.280052454892455,-0.5000524548924545
2019-01-21,6.78,3,False,7.2652160137845385,-0.48521601378453827
2019-01-22,6.95,0,False,6.953825774440986,-0.003825774440985974
2019-01-23,6.85,0,False,6.593056709741864,0.25694329025813545
2019-01-24,6.81,0,False,6.93124165294717,-0.12124165294717049
2019-01-25,6.61,0,False,7.43859594208387,-0.8285959420838696
2019-01-28,6.97,0,False,7.088392953211535,-0.11839295321153553
2019-01-29,6.84,0,False,7.081480639688918,-0.24148063968891798
2019-01-30,6.73,0,False,7.226157804788907,-0.4961578047889068
2019-01-31,6.53,0,False,6.59840114095121,-0.06840114095120953
2019-02-01,6.28,0,False,6.421079374489514,-0.14107937448951358
2019-02-04,6.43,0,False,6.443221555135674,-0.013221555135674024
2019-02-05,6.31,0,False,6.07282152237514,0.23717847762485977
2019-02-06,6.58,0,False,6.124608748648198,0.45539125135180214
2019-02-07,6.55,0,False,5.343793673247588,1.2062063267524117
2019-02-08,6.53,0,False,5.225441262020173,1.3045587379798276
2019-02-11,6.81,0,False,5.317433802256296,1.4925661977437032
2019-02-12,6.54,0,False,5.52549935492141,1.0145006450785896
2019-02-13,6.78,0,False,5.628367479541513,1.1516325204584872
2019-02-14,6.72,0,False,5.687271732293418,1.0327282677065819
2019-02-15,6.83,0,False,5.6878287849639175,1.1421712150360825
2019-02-18,6.83,3,False,5.653749364115601,1.176250635884399
2019-02-19,6.71,0,False,5.737755895561128,0.9722441044388717
2019-02-20,6.7,0,False,5.736534653974293,0.963465346025707
2019-02-21,6.56,0,False,5.69735753313824,0.86264246686176
2019-02-22,6.31,0,False,5.200315945128901,1.1096840548710984
2019-02-25,6.23,0,False,4.275498462671188,1.9545015373288122
2019-02-26,6.14,0,False,4.3382596883802025,1.8017403116197972
2019-02-27,6.22,0,False,4.3732381945419805,1.8467618054580193
2019-02-28,6.17,0,False,4.127610358036366,2.0423896419636343
2019-03-01,6.07,0,False,4.013912914247504,2.0560870857524964
2019-03-04,6.3,0,False,4.0740405784618,2.2259594215381995
2019-03-05,6.28,0,False,4.153717875677445,2.1262821243225556
2019-03-06,6.3,0,False,4.0454075662896845,2.2545924337103154
2019-03-07,6.83,0,False,5.169192361202703,1.660807638797297
2019-03-08,6.39,0,False,5.259046047682752,1.130953952317248
2019-03-11,9.4,0,False,5.239438085339764,4.160561914660236
2019-03-12,6.29,0,False,5.220076876583194,1.0699231234168058
2019-03-13,5.87,0,False,5.142969288320964,0.7270307116790358
2019-03-14,5.68,0,False,4.799370717456681,0.8806292825433184
2019-03-15,5.65,0,False,4.7267730529876015,0.9232269470123988
2019-03-18,5.52,0,False,4.739794977094112,0.7802050229058874
2019-03-19,5.55,0,False,4.731904279943628,0.8180957200563714
2019-03-20,5.62,0,False,4.999866204613892,0.6201337953861081
2019-03-21,6.32,0,False,5.147562463209064,1.1724375367909365
2019-03-22,6.04,0,False,5.609635622985942,0.43036437701405816
2019-03-25,6.23,0,False,5.6195534784069405,0.6104465215930599
2019-03-26,6.41,0,False,5.7373502104230445,0.6726497895769556
2019-03-27,6.51,0,False,5.696154329667561,0.813845670332439
2019-03-28,6.53,0,False,5.718930550964763,0.8110694490352373
2019-03-29,5.97,0,False,5.719054623214156,0.25094537678584405
2019-04-01,5.84,0,False,5.716610612141813,0.12338938785818687
2019-04-02,6.11,0,False,5.6750224191698,0.4349775808301999
2019-04-03,5.87,0,False,5.655541352169958,0.21445864783004254
2019-04-04,5.76,0,False,5.668309037435631,0.09169096256436848
2019-04-05,5.4,0,False,4.484302723496651,0.9156972765033498
2019-04-08,5.62,0,False,4.5674421261786815,1.0525578738213186
2019-04-09,5.43,0,False,4.550738267282179,0.8792617327178212
2019-04-10,5.18,0,False,4.379340307614189,0.8006596923858105
2019-04-11,4.92,0,False,4.264196938812113,0.6558030611878873
2019-04-12,4.88,0,False,4.450043595065269,0.42995640493473086
2019-04-15,5.0,0,False,4.406491762614989,0.5935082373850111
2019-04-16,4.99,0,False,4.4458143376202175,0.5441856623797827
2019-04-17,5.13,0,False,4.43984138046051,0.6901586195394902
2019-04-18,5.05,0,False,4.486208767136657,0.563791232863343
2019-04-19,5.05,1,False,4.329308424910154,0.7206915750898455
2019-04-22,5.02,0,False,3.7471332734923286,1.272866726507671
2019-04-23,5.25,0,False,3.84410067293137,1.4058993270686302
2019-04-24,6.25,0,False,4.243117493189192,2.0068825068108076
2019-04-25,6.24,0,False,4.246641200276263,1.9933587997237376
2019-04-26,6.01,0,False,4.18383542213107,1.82616457786893
2019-04-29,6.18,0,False,4.421369922529194,1.758630077470806
2019-04-30,6.01,0,False,4.513877177630773,1.4961228223692267
2019-05-01,5.92,0,False,4.557049085020496,1.3629509149795043
2019-05-02,5.77,0,False,4.532898492275137,1.2371015077248622
2019-05-03,5.54,0,False,4.61442943024989,0.9255705697501098
2019-05-06,5.87,0,False,4.612150794892521,1.2578492051074788
2019-05-07,6.07,0,False,4.380831754852348,1.689168245147652
2019-05-08,6.06,0,False,4.380793752773666,1.6792062472263334
2019-05-09,6.12,0,False,4.419771753394616,1.7002282466053842
2019-05-10,5.64,0,False,4.402386057972037,1.2376139420279628
2019-05-13,5.75,0,False,4.16965242936411,1.5803475706358903
2019-05-14,5.64,0,False,4.207124371714381,1.4328756282856183
2019-05-15,5.46,0,False,4.1500580053158105,1.3099419946841895
2019-05-16,5.6,0,False,4.2136604120515,1.3863395879484992
2019-05-17,5.78,0,False,3.7466690404454974,2.033330959554503
2019-05-20,5.65,0,False,3.740763939637252,1.9092360603627485
2019-05-21,5.48,0,False,3.710495343568233,1.7695046564317676
2019-05-22,5.49,0,False,3.602387004243778,1.8876129957562222
2019-05-23,5.93,0,False,2.9496623326316063,2.9803376673683935
2019-05-24,5.68,0,False,2.950380771517901,2.7296192284820986
2019-05-27,5.68,3,False,2.962680995722433,2.7173190042775666
2019-05-28,5.76,0,False,2.773091435712921,2.986908564287079
2019-05-29,5.62,0,False,2.7704728708399244,2.8495271291600757
2019-05-30,5.35,0,False,2.687820125888492,2.6621798741115077
2019-05-31,5.64,0,False,2.866804110362517,2.7731958896374826
2019-06-03,6.56,0,False,3.498632238930991,3.0613677610690084
2019-06-04,6.47,0,False,3.5153342712280238,2.954665728771976
2019-06-05,6.32,0,False,3.629751322536265,2.6902486774637353
2019-06-06,6.26,0,False,4.001539707795363,2.258460292204637
2019-06-07,6.25,0,False,4.2975838494350835,1.9524161505649165
2019-06-10,6.28,0,False,4.30610772997327,1.97389227002673
2019-06-11,5.98,0,False,4.31777433224785,1.6622256677521507
2019-06-12,5.81,0,False,4.441827629994416,1.368172370005584
2019-06-13,5.66,0,False,4.453058868367772,1.2069411316322283
2019-06-14,5.75,0,False,4.871104443140254,0.8788955568597459
2019-06-17,5.59,0,False,4.855377605782157,0.7346223942178431
2019-06-18,5.54,0,False,4.905792656461999,0.6342073435380007
2019-06-19,5.15,0,False,5.004561836010411,0.14543816398958942
2019-06-20,5.97,0,False,5.388627860750026,0.5813721392499733
2019-06-21,5.93,0,False,5.802192624030715,0.12780737596928482
2019-06-24,6.18,0,False,5.831354621624677,0.3486453783753225
2019-06-25,6.22,0,False,5.902985310034951,0.317014689965049
2019-06-26,5.98,0,False,5.8216979563679985,0.15830204363200195
2019-06-27,5.91,0,False,5.749539895302564,0.1604601046974361
2019-06-28,6.22,0,False,5.7492960119643115,0.47070398803568825
2019-07-01,5.66,0,False,6.180184582773776,-0.5201845827737754
2019-07-02,5.41,0,False,5.768948010567462,-0.3589480105674623
2019-07-03,5.5,0,False,5.762748657693013,-0.26274865769301314
2019-07-04,5.5,1,False,5.688401000636732,-0.18840100063673226
2019-07-05,5.28,0,False,5.735585127452391,-0.455585127452391
2019-07-08,5.17,0,False,5.481865878696681,-0.3118658786966808
2019-07-09,5.2,0,False,5.450279226357217,-0.25027922635721644
2019-07-10,5.17,0,False,5.590824876097801,-0.42082487609780106
2019-07-11,5.18,0,False,5.463203617113564,-0.2832036171135641
2019-07-12,5.26,0,False,5.475202977338803,-0.21520297733880334
2019-07-15,5.24,0,False,5.052692301393194,0.18730769860680585
2019-07-16,5.28,0,False,5.25492575482246,0.025074245177540533
2019-07-17,5.37,0,False,5.219569547795275,0.15043045220472528
2019-07-18,5.6,0,False,5.369325246084604,0.2306747539153955
2019-07-19,5.79,0,False,5.274220505128279,0.5157794948717207
2019-07-22,5.54,0,False,4.729276111704911,0.8107238882950893
2019-07-23,5.92,0,False,4.969484869139844,0.9505151308601558
2019-07-24,6.26,0,False,4.8833813798397605,1.3766186201602393
2019-07-25,5.91,0,False,4.887047358203592,1.022952641796408
2019-07-26,5.69,0,False,4.935602020911844,0.7543979790881563
2019-07-29,5.96,0,False,4.975417941146954,0.9845820588530456
2019-07-30,5.81,0,False,4.26669902277708,1.5433009772229198
2019-07-31,5.75,0,False,4.937085375289028,0.812914624710972
2019-08-01,6.22,0,False,4.940832573821464,1.2791674261785362
2019-08-02,6.19,0,False,4.983620091843494,1.2063799081565065
2019-08-05,6.99,0,False,5.519047501197333,1.4709524988026672
2019-08-06,6.52,0,False,5.51205368903722,1.0079463109627795
2019-08-07,6.76,0,False,5.50875474912352,1.2512452508764795
2019-08-08,6.55,0,False,5.378339921139565,1.1716600788604348
2019-08-09,6.36,0,False,5.405919601078827,0.9540803989211737
2019-08-12,6.31,0,False,5.405583819801312,0.9044161801986874
2019-08-13,6.44,0,False,5.55087410737589,0.8891258926241106
2019-08-14,6.55,0,False,5.444578364253273,1.105421635746727
2019-08-15,6.42,0,False,5.5144142077309874,0.9055857922690125
2019-08-16,6.07,0,False,5.299421357376363,0.7705786426236374
2019-08-19,6.78,0,False,5.0163684346236295,1.7636315653763708
2019-08-20,6.27,0,False,5.048469421301997,1.2215305786980029
2019-08-21,6.21,0,False,4.750619852428847,1.459380147571153
2019-08-22,5.67,0,False,4.739497768328933,0.9305022316710669
2019-08-23,6.75,0,False,5.068761076803216,1.6812389231967844
2019-08-26,6.36,0,False,5.153513552688018,1.206486447311982
2019-08-27,6.21,0,False,5.124382382172586,1.0856176178274142
2019-08-28,5.97,0,False,5.130575871864591,0.8394241281354091
2019-08-29,6.21,0,False,4.535233942254601,1.6747660577453987
2019-08-30,6.72,0,False,5.019985172220949,1.700014827779051
2019-09-02,6.72,3,False,5.01552487609534,1.7044751239046594
2019-09-03,7.06,0,False,4.023104518598659,3.0368954814013405
2019-09-04,6.78,0,False,4.474632309581569,2.3053676904184313
2019-09-05,6.25,0,False,4.4746334588049,1.7753665411951003
2019-09-06,6.11,0,False,4.4472354032834245,1.6627645967165758
2019-09-09,6.22,0,False,4.467743836269031,1.7522561637309684
2019-09-10,6.38,0,False,4.443445950673386,1.936554049326614
2019-09-11,6.66,0,False,4.366833895360657,2.293166104639343
2019-09-12,6.55,0,False,4.565867191805278,1.9841328081947216
2019-09-13,5.81,0,False,4.466277448835418,1.3437225511645812
2019-09-16,6.43,0,False,4.951182258326935,1.4788177416730646
2019-09-17,6.47,0,False,5.409939254569978,1.0600607454300217
2019-09-18,5.9,0,False,5.5324422330905225,0.36755776690947783
2019-09-19,5.32,0,False,5.523110798005587,-0.20311079800558662
2019-09-20,8.74,0,False,5.569607347543788,3.1703926524562123
2019-09-23,8.74,0,False,5.322970400343639,3.4170295996563613
2019-09-24,5.89,0,False,5.264300009818881,0.6256999901811184
2019-09-25,5.8,0,False,5.793412612575837,0.0065873874241626496
2019-09-26,6.21,0,False,5.825761150027704,0.38423884997229596
2019-09-27,6.15,0,False,5.828095426531614,0.3219045734683865
2019-09-30,6.52,0,False,5.580874845632271,0.9391251543677281
2019-10-01,6.23,0,False,5.6559671538785325,0.5740328461214679
2019-10-02,6.1,0,False,5.715635687111263,0.38436431288873685
2019-10-03,5.72,0,False,5.369415285299297,0.3505847147007026
2019-10-04,5.74,0,False,5.384812237986597,0.3551877620134034
2019-10-07,6.23,0,False,5.380274170223138,0.8497258297768626
2019-10-08,6.0,0,False,5.352595905112399,0.6474040948876008
2019-10-09,5.83,0,False,5.371486632832827,0.45851336716717306
2019-10-10,6.06,0,False,5.37893395919157,0.6810660408084299
2019-10-11,6.24,0,False,5.198552130004208,1.0414478699957925
2019-10-14,5.71,0,False,5.2015799207101505,0.5084200792898494
2019-10-15,6.35,0,False,4.717589314089046,1.632410685910954
2019-10-16,6.23,0,False,4.342790855318132,1.8872091446818686
2019-10-17,6.53,0,False,4.447759682443763,2.082240317556237
2019-10-18,6.31,0,False,4.654320147134109,1.655679852865891
2019-10-21,5.87,0,False,4.639767816603164,1.2302321833968364
2019-10-22,5.81,0,False,4.637774317251937,1.1722256827480626
2019-10-23,5.83,0,False,4.562468328416874,1.267531671583126
2019-10-24,5.64,0,False,3.9435558430005706,1.696444156999429
2019-10-25,5.38,0,False,3.9528946379662666,1.4271053620337333
2019-10-28,5.37,0,False,3.9492397581194876,1.4207602418805125
2019-10-29,5.47,0,False,3.7209391698310132,1.7490608301689865
2019-10-30,5.72,0,False,3.7441520272157613,1.9758479727842384
2019-10-31,5.58,0,False,3.648623351593743,1.931376648406257
2019-11-01,5.33,0,False,3.6669838968999597,1.6630161031000403
2019-11-04,5.73,0,False,3.817679954843606,1.9123200451563944
2019-11-05,5.7,0,False,4.16717759223143,1.5328224077685704
2019-11-06,5.6,0,False,4.151712834104787,1.4482871658952128
2019-11-07,5.58,0,False,4.156420864806658,1.423579135193342
2019-11-08,5.63,0,False,4.140463321699282,1.489536678300718
2019-11-11,5.7,0,False,4.057996158470301,1.6420038415296991
2019-11-12,5.62,0,False,4.114736690919418,1.5052633090805818
2019-11-13,5.61,0,False,4.108981575783669,1.5010184242163316
2019-11-14,5.47,0,False,3.95069578087738,1.5193042191226196
2019-11-15,4.89,0,False,3.6994141774116125,1.1905858225883872
2019-11-18,5.38,0,False,3.4891415247028297,1.8908584752971702
2019-11-19,5.3,0,False,3.437015533594424,1.862984466405576
2019-11-20,5.08,0,False,3.359001374300599,1.720998625699401
2019-11-21,5.32,0,False,3.381152224340165,1.9388477756598355
2019-11-22,5.01,0,False,3.510848717356659,1.4991512826433406
2019-11-25,4.81,0,False,3.427450905524556,1.3825490944754435
2019-11-26,4.64,0,False,3.374531123314005,1.2654688766859947
2019-11-27,4.53,0,False,3.418710214678422,1.1112897853215782
2019-11-28,4.53,1,False,3.2141079476812573,1.315892052318743
2019-11-29,4.92,0,False,3.221918102526733,1.698081897473267
2019-12-02,5.23,0,False,3.765334883925315,1.4646651160746855
2019-12-03,5.32,0,False,3.590199233185355,1.7298007668146451
2019-12-04,5.14,0,False,3.173943510518218,1.9660564894817818
2019-12-05,5.14,0,False,3.2718701539183983,1.8681298460816014
2019-12-06,5.28,0,False,3.513494440600203,1.7665055593997971
2019-12-09,5.15,0,False,3.369616546629296,1.7803834533707041
2019-12-10,5.14,0,False,3.453037828862355,1.6869621711376448
2019-12-11,5.3,0,False,3.56430954474506,1.73569045525494
2019-12-12,5.36,0,False,3.5640894809712615,1.7959105190287388
2019-12-13,4.85,0,False,3.5447535612808645,1.3052464387191351
2019-12-16,4.79,0,False,3.521584783243508,1.268415216756492
2019-12-17,5.01,0,False,3.456332798350205,1.553667201649795
2019-12-18,4.9,0,False,3.628279855417034,1.2717201445829662
2019-12-19,4.69,0,False,3.6290920475901594,1.060907952409841
2019-12-20,4.57,0,False,3.874146684167413,0.6958533158325872
2019-12-23,4.31,0,False,3.6926867484069494,0.6173132515930502
2019-12-24,4.24,0,False,3.6903957159257006,0.5496042840742996
2019-12-26,4.39,0,False,3.698469076455889,0.6915309235441107
2019-12-27,4.79,0,False,4.402355371018325,0.3876446289816746
2019-12-30,5.17,0,False,4.4497957539653585,0.7202042460346414
2019-12-31,5.38,0,False,4.50481691093351,0.87518308906649
2020-01-02,5.22,0,False,4.331574758155397,0.8884252418446028
2020-01-03,5.18,0,False,4.3592877504556435,0.8207122495443562
2020-01-06,5.14,0,False,4.539259773824437,0.6007402261755628
2020-01-07,4.96,0,False,4.6712891380986035,0.2887108619013965
2020-01-08,4.73,0,False,4.695941581019937,0.03405841898006301
2020-01-09,4.56,0,False,4.694589184460849,-0.13458918446084933
2020-01-10,4.49,0,False,4.624128032309406,-0.1341280323094054
2020-01-13,4.4,0,False,4.505698715836572,-0.10569871583657164
2020-01-14,4.26,0,False,4.510699375168066,-0.2506993751680664
2020-01-15,4.3,0,False,4.557567931921704,-0.25756793192170413
2020-01-16,4.23,0,False,4.507475734341456,-0.277475734341456
2020-01-17,4.28,0,False,4.746912873532382,-0.4669128735323813
2020-01-20,4.28,3,False,4.616121841817178,-0.3361218418171781
2020-01-21,4.13,0,False,4.628043326319889,-0.49804332631988935
2020-01-22,4.16,0,False,4.416909676409326,-0.25690967640932616
2020-01-23,4.15,0,False,4.580861285746135,-0.43086128574613447
2020-01-24,4.3,0,False,4.665270489185219,-0.3652704891852192
2020-01-27,4.63,0,False,4.6545912285289335,-0.024591228528933584
2020-01-28,4.46,0,False,3.9406021207884194,0.5193978792115805
2020-01-29,4.19,0,False,3.8957764094912535,0.2942235905087469
2020-01-30,4.19,0,False,3.882745549715337,0.30725445028466325
2020-01-31,4.65,0,False,4.07831059723992,0.5716894027600805
2020-02-03,4.65,0,False,4.195804691165176,0.45419530883482473
2020-02-04,4.39,0,False,4.027392028652541,0.36260797134745903
2020-02-05,4.46,0,False,4.0439488448067715,0.41605115519322844
2020-02-06,4.4,0,False,3.808686940387185,0.5913130596128156
2020-02-07,4.63,0,False,3.9934810396835307,0.6365189603164692
2020-02-10,4.9,0,False,4.109918674966547,0.7900813250334533
2020-02-11,4.93,0,False,4.079759566704629,0.8502404332953706
2020-02-12,5.0,0,False,4.293936958226275,0.7060630417737253
2020-02-13,5.38,0,False,4.367540630276499,1.0124593697235005
2020-02-14,5.22,0,False,4.359107907800707,0.8608920921992924
2020-02-17,5.22,3,False,4.096610196518719,1.123389803481281
2020-02-18,5.4,0,False,4.322821629820236,1.0771783701797641
2020-02-19,5.4,0,False,4.3234878868378575,1.076512113162143
2020-02-20,5.69,0,False,4.355291690536074,1.3347083094639265
2020-02-21,5.36,0,False,4.62331035644658,0.7366896435534205
2020-02-24,5.89,0,False,4.539964432386366,1.3500355676136335
2020-02-25,6.17,0,False,4.6259457044042325,1.5440542955957675
2020-02-26,6.21,0,False,4.624856384386219,1.5851436156137808
2020-02-27,7.07,0,False,5.955126827937092,1.1148731720629081
2020-02-28,7.82,0,False,5.970997352468109,1.8490026475318917
2020-03-02,8.2,0,False,6.566517349357285,1.6334826506427147
2020-03-03,7.98,0,False,6.568423642695592,1.4115763573044084
2020-03-04,6.63,0,False,6.6430627047638815,-0.013062704763881605
2020-03-05,8.06,0,False,7.2061821810815,0.8538178189185004
2020-03-06,9.29,0,False,7.351177412818428,1.938822587181571
2020-03-09,13.12,0,False,8.56141628873574,4.558583711264259
2020-03-10,10.68,0,False,9.72314778944701,0.9568522105529897
2020-03-11,11.56,0,False,9.72762785860198,1.8323721413980198
2020-03-12,11.62,0,False,9.979020928680498,1.6409790713195012
2020-03-13,14.19,0,False,10.242589291808754,3.9474107081912457
2020-03-16,16.21,0,False,10.520660972260645,5.689339027739356
2020-03-17,14.26,0,False,11.997961662670486,2.262038337329514
2020-03-18,19.31,0,False,12.231026165546712,7.078973834453286
2020-03-19,18.06,0,False,14.084760636248614,3.9752393637513848
2020-03-20,17.28,0,False,14.072808509283375,3.2071914907166263
2020-03-23,16.44,0,False,13.95804708037176,2.4819529196282417
2020-03-24,14.39,0,False,14.090066862006001,0.29993313799399957
2020-03-25,11.26,0,False,14.389959523192438,-3.129959523192438
2020-03-26,11.59,0,False,15.133664230462724,-3.543664230462724
2020-03-27,11.92,0,False,14.997141096306047,-3.077141096306047
2020-03-30,12.32,0,False,15.215631448054442,-2.8956314480544414
2020-03-31,11.26,0,False,14.843486105980089,-3.5834861059800893
2020-04-01,12.05,0,False,14.959862210300093,-2.9098622103000924
2020-04-02,12.13,0,False,15.29424387450361,-3.16424387450361
2020-04-03,11.7,0,False,15.049130837607647,-3.349130837607648
2020-04-06,10.92,0,False,14.976890015112637,-4.0568900151126375
2020-04-07,10.01,0,False,14.621093613872127,-4.611093613872127
2020-04-08,9.34,0,False,13.88025099895981,-4.540250998959809
2020-04-09,8.76,0,False,14.06362928781968,-5.30362928781968
2020-04-10,8.76,1,False,13.820185814250186,-5.060185814250186
2020-04-13,8.72,0,False,13.608505882661387,-4.888505882661386
2020-04-14,8.59,0,False,13.592418498604216,-5.002418498604216
2020-04-15,9.13,0,False,12.50411753510085,-3.374117535100849
2020-04-16,9.95,0,False,12.414243556943076,-2.4642435569430763
2020-04-17,9.24,0,False,10.311286691029226,-1.0712866910292256
2020-04-20,9.3,0,False,10.314645135782568,-1.0146451357825672
2020-04-21,9.77,0,False,10.27311908121778,-0.5031190812177808
2020-04-22,9.83,0,False,10.147071906709435,-0.31707190670943497
2020-04-23,9.64,0,False,9.79001537329896,-0.15001537329895953
2020-04-24,9.89,0,False,8.71667824705774,1.173321752942261
2020-04-27,9.6,0,False,8.118942054977332,1.481057945022668
2020-04-28,8.78,0,False,7.666367379781465,1.1136326202185343
2020-04-29,8.9,0,False,7.829104460707096,1.0708955392929047
2020-04-30,8.02,0,False,7.948544368005551,0.07145563199444815
2020-05-01,8.02,0,False,7.248618603579275,0.7713813964207246
2020-05-04,8.35,0,False,7.455248732628027,0.8947512673719729
2020-05-05,8.21,0,False,7.747471322071362,0.4625286779286393
2020-05-06,8.23,0,False,7.201936264186923,1.0280637358130775
2020-05-07,8.23,0,False,7.226431650987561,1.0035683490124399
2020-05-08,8.17,0,False,6.8560528355967945,1.3139471644032055
2020-05-11,7.87,0,False,6.917500831798614,0.9524991682013857
2020-05-12,8.44,0,False,6.992597353450811,1.4474026465491887
2020-05-13,7.28,0,False,6.657492324519787,0.6225076754802137
2020-05-14,8.46,0,False,6.2944645027035975,2.1655354972964034
2020-05-15,8.42,0,False,5.868478208015353,2.551521791984647
2020-05-18,6.96,0,False,6.509086229280397,0.4509137707196027
2020-05-19,7.18,0,False,6.5088375829781775,0.6711624170218222
2020-05-20,7.25,0,False,6.739749553573425,0.5102504464265749
2020-05-21,7.07,0,False,6.717257789604057,0.35274221039594345
2020-05-22,6.82,0,False,6.73580247818596,0.0841975218140405
2020-05-25,6.82,3,False,6.579601441193896,0.2403985588061044
2020-05-26,6.79,0,False,7.12154423676664,-0.33154423676664013
2020-05-27,6.88,0,False,7.166608341569343,-0.2866083415693428
2020-05-28,7.3,0,False,7.287245662272472,0.012754337727527876
2020-05-29,6.72,0,False,6.862797401948624,-0.14279740194862445
2020-06-01,6.9,0,False,6.8923823990120345,0.007617600987965822
2020-06-02,6.85,0,False,6.573843011515465,0.2761569884845345
2020-06-03,7.45,0,False,6.514640476097519,0.9353595239024814
2020-06-04,7.42,0,False,7.10646725873396,0.31353274126604
2020-06-05,7.3,0,False,7.144733183517675,0.15526681648232454
2020-06-08,7.4,0,False,7.1454380155443085,0.2545619844556919
2020-06-09,7.85,0,False,7.2202905599169735,0.6297094400830261
2020-06-10,8.32,0,False,7.171437162799744,1.1485628372002559
2020-06-11,8.98,0,False,7.455158078191963,1.5248419218080373
2020-06-12,9.04,0,False,7.5656175644782415,1.4743824355217576
2020-06-15,8.61,0,False,7.834945883705176,0.7750541162948235
2020-06-16,8.75,0,False,7.459133051816417,1.2908669481835826
2020-06-17,8.38,0,False,7.476684496952735,0.9033155030472662
2020-06-18,8.29,0,False,7.36139254480143,0.928607455198569
2020-06-19,7.97,0,False,7.369415948666737,0.6005840513332625
2020-06-22,7.98,0,False,7.682466245583488,0.29753375441651286
2020-06-23,8.03,0,False,7.816524233941097,0.2134757660589024
2020-06-24,8.28,0,False,7.52876630624736,0.7512336937526394
2020-06-25,7.95,0,False,7.5487378548326785,0.4012621451673217
2020-06-26,7.61,0,False,7.242901883911812,0.3670981160881883
2020-06-29,7.73,0,False,7.240288178895181,0.4897118211048195
2020-06-30,7.74,0,False,7.168201887104411,0.5717981128955891
2020-07-01,7.27,0,False,7.107891485488358,0.1621085145116412
2020-07-02,6.68,0,False,6.837728151702804,-0.15772815170280463
2020-07-03,6.68,1,False,6.0578202858725145,0.6221797141274852
2020-07-06,6.92,0,False,6.217058127999831,0.702941872000169
2020-07-07,6.97,0,False,6.312078075650791,0.6579219243492087
2020-07-08,6.92,0,False,6.396116339568968,0.5238836604310322
2020-07-09,7.03,0,False,6.4667071916011825,0.5632928083988178
2020-07-10,6.71,0,False,6.07978148103505,0.6302185189649503
2020-07-13,6.88,0,False,6.086921734174298,0.7930782658257023
2020-07-14,7.04,0,False,5.9782371179468115,1.0617628820531886
2020-07-15,7.13,0,False,5.704258189382276,1.4257418106177235
2020-07-16,6.38,0,False,5.7347648674991785,0.6452351325008214
2020-07-17,6.75,0,False,5.757286089439669,0.9927139105603313
2020-07-20,6.78,0,False,5.7106078358486005,1.0693921641513997
2020-07-21,6.88,0,False,5.579396927705769,1.3006030722942308
2020-07-22,6.82,0,False,5.542394783651908,1.2776052163480927
2020-07-23,7.21,0,False,5.319481808959999,1.8905181910400009
2020-07-24,7.39,0,False,5.499853818302749,1.8901461816972507
2020-07-27,8.59,0,False,6.204250574246551,2.385749425753449
2020-07-28,8.38,0,False,6.250070661254561,2.1299293387454394
2020-07-29,8.41,0,False,6.634533483054766,1.775466516945234
2020-07-30,8.8,0,False,6.8101771843131,1.9898228156869004
2020-07-31,8.56,0,False,7.116920973923654,1.4430790260763464
2020-08-03,8.59,0,False,7.126610589080662,1.463389410919338
2020-08-04,8.45,0,False,6.938166742653375,1.5118332573466242
2020-08-05,8.8,0,False,7.075461315087504,1.7245386849124964
2020-08-06,8.52,0,False,6.871375131410944,1.6486248685890557
2020-08-07,8.01,0,False,7.262172113992166,0.7478278860078342
2020-08-10,7.66,0,False,7.375217401533357,0.2847825984666432
2020-08-11,7.84,0,False,7.242852546711731,0.5971474532882688
2020-08-12,7.97,0,False,7.150772689852471,0.8192273101475287
2020-08-13,8.02,0,False,7.193611367923314,0.8263886320766858
2020-08-14,7.76,0,False,7.188038044733474,0.5719619552665254
2020-08-17,7.84,0,False,7.1260830683076755,0.7139169316923244
2020-08-18,8.59,0,False,7.318210253601075,1.271789746398925
2020-08-19,8.51,0,False,7.449003036591735,1.0609969634082645
2020-08-20,8.32,0,False,7.3686206916493875,0.9513793083506128
2020-08-21,8.0,0,False,7.580819543474557,0.4191804565254431
2020-08-24,8.2,0,False,7.3836491259063175,0.8163508740936818
2020-08-25,8.04,0,False,6.940760703846029,1.0992392961539705
2020-08-26,7.99,0,False,6.86067759871906,1.1293224012809402
2020-08-27,7.64,0,False,6.489592561343765,1.1504074386562344
2020-08-28,8.07,0,False,6.716412813451106,1.3535871865488946
2020-08-31,8.26,0,False,6.45449850339289,1.8055014966071097
2020-09-01,8.25,0,False,6.482599181323404,1.7674008186765962
2020-09-02,8.05,0,False,6.582252211722402,1.4677477882775989
2020-09-03,8.27,0,False,6.340252914935294,1.9297470850647054
2020-09-04,7.67,0,False,6.345032345674969,1.3249676543250306
2020-09-07,7.67,3,False,5.771402419816218,1.8985975801837816
2020-09-08,8.11,0,False,5.726895383861487,2.383104616138512
2020-09-09,7.77,0,False,5.791806729237594,1.9781932707624055
2020-09-10,8.13,0,False,5.655570397318773,2.4744296026812274
2020-09-11,7.72,0,False,5.653898597964004,2.0661014020359953
2020-09-14,7.39,0,False,5.625293023001549,1.7647069769984505
2020-09-15,7.72,0,False,5.581649245201489,2.1383507547985108
2020-09-16,7.43,0,False,5.361193532438497,2.0688064675615028
2020-09-17,7.35,0,False,4.691654079707453,2.658345920292547
2020-09-18,7.21,0,False,4.649677404639043,2.560322595360957
2020-09-21,7.79,0,False,4.656239114694229,3.1337608853057715
2020-09-22,7.73,0,False,5.006740686890135,2.7232593131098657
2020-09-23,7.76,0,False,5.0217540928780675,2.7382459071219323
2020-09-24,7.87,0,False,5.029258713952911,2.8407412860470895
2020-09-25,7.6,0,False,5.174469403742772,2.4255305962572278
2020-09-28,7.86,0,False,4.718523367529979,3.141476632470021
2020-09-29,7.96,0,False,5.167398492492907,2.7926015075070927
2020-09-30,7.65,0,False,5.162191720830978,2.4878082791690224
2020-10-01,7.78,0,False,4.950430753496747,2.8295692465032536
2020-10-02,7.58,0,False,5.032864454801203,2.547135545198797
2020-10-05,7.96,0,False,5.388071160598197,2.571928839401803
2020-10-06,7.87,0,False,5.524141434234436,2.345858565765564
2020-10-07,8.03,0,False,5.463794796665694,2.566205203334305
2020-10-08,7.66,0,False,5.3950456378121165,2.2649543621878836
2020-10-09,7.56,0,False,5.776921258392571,1.7830787416074285
2020-10-12,7.63,0,False,5.739944582895858,1.8900554171041417
2020-10-13,7.43,0,False,6.059832233457504,1.3701677665424956
2020-10-14,7.37,0,False,6.040413277958747,1.3295867220412534
2020-10-15,7.48,0,False,6.078711813634998,1.4012881863650026
2020-10-16,6.82,0,False,6.006949023174039,0.8130509768259611
2020-10-19,7.53,0,False,6.221523548003634,1.3084764519963663
2020-10-20,7.87,0,False,6.100689339279667,1.7693106607203335
2020-10-21,8.12,0,False,5.901853112303138,2.218146887696861
2020-10-22,8.31,0,False,5.836981651442484,2.473018348557517
2020-10-23,7.92,0,False,5.94303925188369,1.9769607481163103
2020-10-26,8.25,0,False,5.978361504929761,2.2716384950702393
2020-10-27,8.77,0,False,5.896552393726562,2.8734476062734373
2020-10-28,9.23,0,False,5.612265272307599,3.617734727692401
2020-10-29,8.87,0,False,5.9767720070428,2.8932279929571996
2020-10-30,8.59,0,False,5.975861236871034,2.614138763128966
2020-11-02,8.79,0,False,5.9096502354568345,2.8803497645431646
2020-11-03,8.91,0,False,6.043707459555106,2.866292540444894
2020-11-04,7.07,0,False,5.879396166071,1.190603833929
2020-11-05,7.41,0,False,6.604940699696647,0.8050593003033528
2020-11-06,7.45,0,False,6.735991275408231,0.7140087245917695
2020-11-09,7.24,0,False,6.639086440987365,0.6009135590126355
2020-11-10,6.87,0,False,6.616686740160088,0.2533132598399117
2020-11-11,6.88,0,False,6.393569207701716,0.48643079229828423
2020-11-12,7.46,0,False,6.440455429599496,1.0195445704005044
2020-11-13,6.64,0,False,6.401195161181791,0.2388048388182087
2020-11-16,6.65,0,False,6.448899619992976,0.20110038000702435
2020-11-17,6.79,0,False,6.235278663363546,0.5547213366364536
2020-11-18,6.55,0,False,6.05413665853561,0.49586334146439004
2020-11-19,6.36,0,False,6.021710512208144,0.3382894877918563
2020-11-23,6.38,0,False,5.964889291247831,0.41511070875216927
2020-11-24,6.38,0,False,6.093363001936158,0.2866369980638419
2020-11-25,6.68,0,False,5.966111082103353,0.7138889178966465
2020-11-26,6.68,1,False,5.962840614369549,0.7171593856304508
2020-11-30,6.67,0,False,5.905225660736023,0.764774339263977
2020-12-01,7.17,0,False,6.45287644563151,0.7171235543684897
2020-12-02,7.42,0,False,6.546748248917654,0.8732517510823463
2020-12-03,7.62,0,False,6.580834620448599,1.0391653795514015
2020-12-07,8.01,0,False,6.219615229389451,1.7903847706105491
2020-12-08,7.47,0,False,6.223509387040938,1.2464906129590618
2020-12-09,7.63,0,False,5.4600100976206045,2.1699899023793954
2020-12-10,7.32,0,False,5.643122077455196,1.6768779225448043
2020-12-14,7.74,0,False,5.3625448774586255,2.3774551225413747
2020-12-15,7.72,0,False,5.362817714522429,2.3571822854775704
2020-12-16,7.28,0,False,5.484840244034056,1.795159755965944
2020-12-17,7.3,0,False,5.514648328662157,1.7853516713378426
2020-12-21,7.63,0,False,5.458640045066689,2.171359954933311
2020-12-22,7.38,0,False,5.636714076606183,1.7432859233938167
2020-12-23,7.35,0,False,5.726824533208123,1.623175466791877
2020-12-28,6.97,0,False,5.748779122268724,1.2212208777312759
2020-12-29,7.25,0,False,5.88822164294458,1.36177835705542
2020-12-30,7.57,0,False,5.836807081349002,1.7331929186509987
2021-01-04,7.43,0,False,5.7346201677110225,1.6953798322889773
2021-01-05,7.35,0,False,5.885117732030809,1.464882267969191
2021-01-06,6.99,0,False,5.9270647384848125,1.0629352615151877
2021-01-07,7.0,0,False,6.006964237835985,0.9930357621640153
2021-01-08,6.91,0,False,5.221592005893005,1.6884079941069947
2021-01-11,6.93,0,False,5.351992304416174,1.5780076955838256
2021-01-12,6.77,0,False,5.55629918022287,1.21370081977713
2021-01-13,6.84,0,False,5.661918096755104,1.1780819032448955
2021-01-14,6.38,0,False,5.659527172962804,0.7204728270371961
2021-01-15,6.52,0,False,5.961356234710234,0.5586437652897658
2021-01-18,6.52,3,False,5.634903613326059,0.8850963866739407
2021-01-19,6.69,0,False,5.822174718622888,0.8678252813771126
2021-01-20,6.23,0,False,5.857688950507641,0.3723110494923594
2021-01-21,6.57,0,False,5.897286925116357,0.6727130748836432
2021-01-22,6.28,0,False,5.820581896902183,0.45941810309781683
2021-01-25,6.48,0,False,5.911660544096728,0.5683394559032724
2021-01-26,6.13,0,False,5.730740761703985,0.39925923829601473
2021-01-27,6.42,0,False,5.803818042528535,0.6161819574714649
2021-01-28,6.22,0,False,5.771457147225837,0.44854285277416306
2021-01-29,6.3,0,False,5.5965218248018465,0.7034781751981534
2021-02-01,6.53,0,False,6.014751039936384,0.5152489600636159
2021-02-02,6.45,0,False,5.891213974810951,0.5587860251890495
2021-02-03,6.56,0,False,5.707348997019758,0.8526510029802417
2021-02-04,6.47,0,False,6.0304680409959905,0.4395319590040092
2021-02-05,6.19,0,False,6.351631776401521,-0.1616317764015207
2021-02-08,6.18,0,False,6.140836633581605,0.039163366418394574
2021-02-09,6.22,0,True,6.202003425683828,0.017996574316171632
2021-02-10,6.22,0,True,5.9786312022987484,0.2413687977012513
2021-02-11,6.22,0,True,5.810540652719706,0.40945934728029343
2021-02-12,6.22,0,True,5.814363914322587,0.40563608567741305
2021-02-15,6.22,3,True,5.437079916529621,0.7829200834703789
2021-02-16,6.31,0,False,5.467001428090982,0.8429985719090176
2021-02-17,6.57,0,False,5.615871202310465,0.9541287976895356
2021-02-18,6.21,0,False,5.810168750624583,0.39983124937541703
2021-02-19,5.93,0,False,5.5942587821258565,0.33574121787414324
2021-02-22,6.32,0,False,5.696576793718562,0.623423206281438
2021-02-23,6.76,0,False,5.593071156588144,1.1669288434118554
2021-02-24,6.35,0,False,5.577005240009437,0.7729947599905627
2021-02-25,7.55,0,False,5.408340959252227,2.141659040747773
2021-02-26,7.23,0,False,6.164640262868254,1.0653597371317467
2021-03-01,6.69,0,False,6.17616028980378,0.51383971019622
2021-03-02,6.62,0,False,5.877342602181588,0.7426573978184123
2021-03-03,6.55,0,False,5.905394801664792,0.6446051983352081
2021-03-04,7.09,0,False,6.4465462303822845,0.6434537696177154
2021-03-05,6.79,0,False,6.33795369643258,0.45204630356742026
2021-03-08,7.22,0,False,6.114879779396971,1.1051202206030286
2021-03-09,6.91,0,False,6.306228536480576,0.6037714635194238
2021-03-10,6.89,0,False,6.048942344239492,0.8410576557605074
2021-03-11,6.49,0,False,6.256709707825017,0.2332902921749831
2021-03-12,6.63,0,False,6.311811180507489,0.3181888194925113
2021-03-15,6.68,0,False,6.343972533787056,0.33602746621294344
2021-03-16,6.83,0,False,6.391489104504135,0.43851089549586497
2021-03-17,6.53,0,False,6.73503343921215,-0.20503343921214956
2021-03-18,6.57,0,False,6.696842124708352,-0.126842124708352
2021-03-19,6.33,0,False,6.503158771514174,-0.17315877151417425
2021-03-22,6.3,0,False,6.510871101437243,-0.21087110143724352
2021-03-23,6.21,0,False,6.86088905152354,-0.6508890515235404
2021-03-24,6.38,0,False,6.945668179729106,-0.5656681797291059
2021-03-25,6.5,0,False,7.0592781339678625,-0.5592781339678625
2021-03-26,6.11,0,False,7.111028997367365,-1.0010289973673645
2021-03-29,6.34,0,False,6.526124978767238,-0.18612497876723832
2021-03-30,6.4,0,False,6.642061980565347,-0.24206198056534678
2021-03-31,6.4,0,False,6.560550987270333,-0.1605509872703328
2021-04-01,5.72,0,True,6.661382125286441,-0.9413821252864416
2021-04-02,5.72,0,True,6.160742768325877,-0.4407427683258769
2021-04-05,5.72,0,True,6.10350437715139,-0.3835043771513904
2021-04-06,6.44,0,False,6.084769804313537,0.3552301956864632
2021-04-07,6.45,0,True,5.8859142747371775,0.5640857252628226
2021-04-08,6.45,0,True,5.958102465155586,0.4918975348444139
2021-04-09,6.45,0,True,5.754491405705147,0.6955085942948536
2021-04-12,5.45,0,False,5.691636148573679,-0.24163614857367843
2021-04-13,5.61,0,False,5.758827662009229,-0.1488276620092286
2021-04-14,5.4,0,False,5.775485229497577,-0.3754852294975768
2021-04-15,5.67,0,False,5.35571621560018,0.3142837843998203
2021-04-16,5.61,0,False,5.058406558105793,0.551593441894207
2021-04-19,6.02,0,False,5.29690877920756,0.7230912207924396
2021-04-20,6.18,0,False,5.2380472123808435,0.9419527876191562
2021-04-21,6.08,0,False,4.643827824913032,1.436172175086968
2021-04-22,5.95,0,False,4.553039852041551,1.396960147958449
2021-04-23,5.67,0,False,4.969333722471807,0.7006662775281933
2021-04-26,5.87,0,False,4.912867640387058,0.9571323596129417
2021-04-27,5.72,0,False,4.83365373482557,0.8863462651744296
2021-04-28,5.62,0,False,4.742893893675322,0.8771061063246783
2021-04-29,5.5,0,False,4.726210758932942,0.7737892410670577
2021-04-30,5.78,0,False,5.360978477225318,0.4190215227746821
2021-05-03,5.92,0,False,5.484632085113165,0.435367914886835
2021-05-04,6.06,0,False,5.465697118092864,0.5943028819071356
2021-05-05,5.99,0,False,5.15505779792887,0.8349422020711303
2021-05-06,6.06,0,False,5.445713774245889,0.6142862257541104
2021-05-07,6.46,0,True,5.998543877725378,0.4614561222746216
2021-05-10,6.46,0,True,6.072036233044717,0.38796376695528334
2021-05-11,6.46,0,True,6.087499077295613,0.37250092270438717
2021-05-12,6.56,0,False,6.348381949633643,0.21161805036635695
2021-05-13,6.23,0,False,6.285874588756722,-0.0558745887567218
2021-05-14,6.23,0,False,6.56151390987185,-0.33151390987184914
2021-05-17,5.95,0,False,6.5493798081570525,-0.5993798081570523
2021-05-18,6.35,0,False,6.655799560371646,-0.30579956037164635
2021-05-19,6.46,0,False,6.782766847090245,-0.3227668470902447
2021-05-20,6.13,0,False,6.935377660217077,-0.8053776602170775
2021-05-21,5.98,0,False,7.042445244372335,-1.0624452443723342
2021-05-24,6.05,0,False,6.684076115060068,-0.6340761150600684
2021-05-25,6.36,0,False,6.753150280060084,-0.3931502800600839
2021-05-26,6.1,0,False,6.9440286478726705,-0.8440286478726708
2021-05-27,6.16,0,False,6.865920651854288,-0.7059206518542878
2021-05-28,6.12,0,False,6.8641139480993925,-0.7441139480993924
2021-05-31,6.12,3,False,6.295623364438742,-0.17562336443874216
2021-06-01,6.13,0,False,6.17491809341109,-0.04491809341109043
2021-06-02,6.01,0,False,6.000778313917708,0.00922168608229157
2021-06-03,6.31,0,False,6.476812959463479,-0.16681295946347952
2021-06-04,6.31,0,False,6.3377993810073665,-0.027799381007366897
2021-06-07,5.79,0,False,5.720504046080468,0.06949595391953167
2021-06-08,5.77,0,False,5.650834054171224,0.11916594582877593
2021-06-09,5.59,0,True,5.631470171945916,-0.04147017194591651
2021-06-10,5.59,0,True,5.2197083660648325,0.3702916339351674
2021-06-11,5.59,0,True,5.520016088531973,0.06998391146802696
2021-06-14,5.26,0,False,5.180197924806709,0.07980207519329063
2021-06-15,5.26,0,False,5.182291245634537,0.07770875436546287
2021-06-16,5.53,0,False,6.105114069168953,-0.5751140691689525
2021-06-17,5.37,0,False,6.499044364818321,-1.1290443648183208
2021-06-18,5.76,0,False,6.4584767934191945,-0.6984767934191947
2021-06-21,5.85,0,False,6.518707831092466,-0.6687078310924663
2021-06-22,5.61,0,False,6.480897522677083,-0.8708975226770823
2021-06-23,5.65,0,False,6.412298661873182,-0.7622986618731815
2021-06-24,5.51,0,False,6.20482272195197,-0.6948227219519705
2021-06-25,5.36,0,False,6.2065652197436885,-0.8465652197436881
2021-06-28,5.63,0,False,6.216935770541081,-0.5869357705410811
2021-06-29,5.65,0,False,6.1987474800861175,-0.5487474800861172
2021-06-30,6.02,0,False,6.3012629143435985,-0.28126291434359896
2021-07-01,6.0,0,True,6.306381648258823,-0.30638164825882264
2021-07-02,6.0,0,True,5.829797644925545,0.17020235507445491
2021-07-05,6.0,3,True,5.717078693173539,0.2829213068264611
2021-07-06,6.0,0,True,5.809421321245421,0.19057867875457912
2021-07-07,6.0,0,True,5.857378688789379,0.14262131121062094
2021-07-08,6.0,0,True,6.079775410834679,-0.07977541083467887
2021-07-09,6.0,0,True,6.140443784973726,-0.14044378497372634
2021-07-12,5.29,0,False,5.885113134309114,-0.5951131343091136
2021-07-13,5.34,0,False,6.398036079312703,-1.0580360793127035
2021-07-14,5.49,0,False,6.628165114076869,-1.1381651140768687
2021-07-15,5.52,0,False,5.481519480347961,0.03848051965203858
2021-07-16,5.16,0,False,4.838681079151397,0.32131892084860336
2021-07-19,5.59,0,False,4.675716611911322,0.9142833880886778
2021-07-20,6.1,0,False,4.413627613980257,1.6863723860197428
2021-07-21,5.5,0,False,4.374976103044884,1.125023896955116
2021-07-22,5.05,0,False,4.408766557212445,0.6412334427875548
2021-07-23,6.24,0,False,4.405533907598242,1.8344660924017582
2021-07-26,5.49,0,False,4.496338734501871,0.9936612654981296
2021-07-27,5.68,0,False,4.5034483485781,1.1765516514218994
2021-07-28,5.62,0,False,4.50135945693625,1.1186405430637505
2021-07-29,5.22,0,False,4.513560562626652,0.7064394373733478
2021-07-30,5.16,0,False,4.535211308224583,0.6247886917754171
2021-08-02,5.47,0,False,4.514308033445494,0.9556919665545056
2021-08-03,5.47,0,False,4.521930592496625,0.9480694075033744
2021-08-04,5.54,0,False,4.416462971292373,1.1235370287076272
2021-08-05,5.54,0,False,4.32305552564457,1.2169444743554303
2021-08-06,5.18,0,True,4.510062405112853,0.6699375948871467
2021-08-09,5.18,0,True,4.497300207790903,0.6826997922090969
2021-08-10,5.18,0,True,4.496667853669474,0.6833321463305255
2021-08-11,5.18,0,True,3.7594038222519264,1.4205961777480733
2021-08-12,5.18,0,True,3.342396404836925,1.837603595163075
2021-08-13,5.18,0,True,3.8177619525235893,1.3622380474764104
2021-08-16,5.46,0,False,3.8579033104878784,1.6020966895121216
2021-08-17,5.81,0,False,4.32437835377933,1.48562164622067
2021-08-18,5.49,0,False,4.29214559405544,1.1978544059445602
2021-08-19,5.36,0,False,4.367134221545045,0.9928657784549557
2021-08-20,5.42,0,False,4.349591359871197,1.0704086401288029
2021-08-23,5.4,0,False,4.557012470321901,0.8429875296780995
2021-08-24,5.32,0,False,4.481404885511071,0.8385951144889292
2021-08-25,5.37,0,False,4.4764019146265355,0.8935980853734646
2021-08-26,5.35,0,False,4.4484105756407235,0.9015894243592761
2021-08-27,5.27,0,False,4.467109482509631,0.8028905174903684
2021-08-30,5.34,0,False,4.438236153666911,0.9017638463330888
2021-08-31,5.56,0,False,4.445536990231996,1.114463009768004
2021-09-01,5.37,0,False,4.525136885269219,0.8448631147307815
2021-09-02,5.2,0,False,4.590793914356446,0.6092060856435539
2021-09-03,5.07,0,False,4.590118307071881,0.4798816929281191
2021-09-06,5.07,3,False,4.094457861450004,0.9755421385499963
2021-09-07,5.27,0,False,4.102423523470984,1.1675764765290157
2021-09-08,5.33,0,False,4.144868439975141,1.1851315600248586
2021-09-09,5.11,0,False,4.1161981550631594,0.9938018449368409
2021-09-10,5.11,0,False,4.122975265022855,0.9870247349771457
2021-09-13,5.16,0,False,3.620201659127741,1.539798340872259
2021-09-14,5.12,0,False,3.578566161202821,1.5414338387971793
2021-09-15,4.93,0,False,3.0153859650348314,1.9146140349651684
2021-09-16,5.17,0,False,3.3539775079801526,1.8160224920198473
2021-09-17,5.07,0,False,3.431779655492526,1.6382203445074741
2021-09-20,5.44,0,False,3.376026392800836,2.0639736071991646
2021-09-21,5.26,0,False,3.0918219561243268,2.168178043875673
2021-09-22,5.03,0,False,3.271657408989025,1.7583425910109751
2021-09-23,4.84,0,False,3.5695918247588936,1.2704081752411063
2021-09-24,4.82,0,False,3.5590945496730733,1.260905450326927
2021-09-27,4.93,0,False,3.3968558761735412,1.5331441238264585
2021-09-28,5.23,0,False,3.412529498849827,1.8174705011501735
2021-09-29,5.63,0,False,4.260948438043957,1.3690515619560433
2021-09-30,5.4,0,False,4.218241980383222,1.1817580196167787
2021-10-01,5.04,0,False,4.10809431275698,0.9319056872430203
2021-10-04,5.43,0,False,4.17797100971391,1.2520289902860897
2021-10-05,5.28,0,False,4.226187612082627,1.0538123879173735
2021-10-06,5.5,0,False,4.300077446060889,1.1999225539391114
2021-10-07,5.43,0,False,4.241106059270789,1.1888939407292103
2021-10-08,5.19,0,False,4.2962976995592,0.8937023004408005
2021-10-11,5.75,0,False,4.330067874132158,1.4199321258678417
2021-10-12,5.36,0,False,4.384632408766939,0.975367591233061
2021-10-13,4.99,0,False,4.780793044148011,0.20920695585198956
2021-10-14,4.71,0,False,4.7678287273707305,-0.057828727370730526
2021-10-15,5.03,0,False,4.537632371246655,0.49236762875334517
2021-10-18,5.09,0,False,4.407319023723366,0.6826809762766342
2021-10-19,5.09,0,False,4.442673886091186,0.6473261139088136
2021-10-20,5.01,0,False,4.4737252835531605,0.5362747164468393
2021-10-21,4.93,0,False,4.411732232372183,0.5182677676278171
2021-10-22,4.9,0,False,4.222103156790087,0.6778968432099131
2021-10-25,5.2,0,False,4.326831739313912,0.8731682606860884
2021-10-26,5.08,0,False,4.282963396070308,0.7970366039296923
2021-10-27,5.12,0,False,4.275197646205304,0.8448023537946963
2021-10-28,5.25,0,False,4.182142175995017,1.0678578240049834
2021-10-29,5.49,0,False,5.484350076756299,0.0056499232437010605
2021-11-01,5.57,0,False,5.608475732438188,-0.03847573243818747
2021-11-02,5.5,0,False,5.609834780123026,-0.10983478012302594
2021-11-03,5.44,0,False,5.6498151505289895,-0.20981515052898914
2021-11-04,5.14,0,False,5.7790991028866445,-0.6390991028866448
2021-11-05,5.19,0,False,5.786930235462815,-0.596930235462815
2021-11-08,5.37,0,False,5.767306197915005,-0.39730619791500477
2021-11-09,5.59,0,False,5.733134505102018,-0.14313450510201786
2021-11-10,5.98,0,False,6.612688203626664,-0.6326882036266639
2021-11-11,6.03,0,False,6.397537240062315,-0.3675372400623145
2021-11-12,6.04,0,False,6.398671560305721,-0.3586715603057211
2021-11-15,6.61,0,False,6.811521728470862,-0.20152172847086192
2021-11-16,7.23,0,False,6.9435399565169655,0.2864600434830349
2021-11-17,6.98,0,False,6.921013600312019,0.05898639968798136
2021-11-18,6.94,0,False,7.077234377985809,-0.1372343779858083
2021-11-19,7.13,0,False,7.539443027313594,-0.4094430273135945
2021-11-22,7.2,0,False,7.6170711644588245,-0.4170711644588243
2021-11-23,7.17,0,False,7.548382656515076,-0.3783826565150763
2021-11-24,6.91,0,False,7.669964198646512,-0.7599641986465118
2021-11-25,6.91,1,False,7.671102151598304,-0.7611021515983039
2021-11-26,7.5,0,False,7.996829626537448,-0.49682962653744767
2021-11-29,7.08,0,False,7.187220819843189,-0.10722081984318876
2021-11-30,7.51,0,False,7.232484890788142,0.2775151092118575
2021-12-01,7.24,0,False,7.2151226685078225,0.024877331492177746
2021-12-02,7.1,0,False,7.175338803389808,-0.07533880338980836
2021-12-03,7.0,0,False,6.985186071812438,0.014813928187561665
2021-12-06,7.01,0,False,7.02532332746872,-0.015323327468720116
2021-12-07,6.71,0,False,7.040820738347918,-0.33082073834791803
2021-12-08,6.62,0,False,7.454832042137912,-0.8348320421379123
2021-12-09,6.57,0,False,6.8209636444986845,-0.25096364449868425
2021-12-10,6.76,0,False,6.794265009188706,-0.03426500918870623
2021-12-13,5.88,0,False,6.8745698403834,-0.9945698403834005
2021-12-14,6.61,0,False,6.50168550068762,0.10831449931237991
2021-12-15,5.85,0,False,6.419159363907087,-0.5691593639070875
2021-12-16,5.7,0,False,6.532101184688595,-0.8321011846885948
2021-12-17,5.59,0,False,6.948156967716332,-1.358156967716332
2021-12-20,5.66,0,False,6.486698647341386,-0.8266986473413862
2021-12-21,5.54,0,False,6.363091593451112,-0.823091593451112
2021-12-22,5.44,0,False,6.465361954417875,-1.0253619544178747
2021-12-23,5.52,0,False,6.3050594629507195,-0.7850594629507199
2021-12-24,5.52,0,False,6.3028794436267885,-0.782879443626789
2021-12-27,5.59,0,False,5.368350654600908,0.22164934539909176
2021-12-28,5.72,0,False,5.319831184362442,0.40016881563755735
2021-12-29,5.62,0,False,5.236048909264334,0.3839510907356658
2021-12-30,5.55,0,False,5.255409126950307,0.29459087304969245
2021-12-31,5.29,0,False,5.420312485766361,-0.13031248576636134
