date,EUR_GBP,EUR_JPY,EUR_USD,GBP_JPY,GBP_USD,USD_CAD,USD_JPY
2013-01-01,,,,,,,
2013-01-02,,,,,,,
2013-01-03,,,,,,,
2013-01-04,,,,,,,
2013-01-07,,,,,,,
2013-01-08,,,,,,,
2013-01-09,,,,,,,
2013-01-10,,,,,,,
2013-01-11,,,,,,,
2013-01-14,,,,,,,
2013-01-15,,,,,,,
2013-01-16,,,,,,,
2013-01-17,,,,,,,
2013-01-18,,,,,,,
2013-01-21,,,,,,,
2013-01-22,,,,,,,
2013-01-23,,,,,,,
2013-01-24,,,,,,,
2013-01-25,,,,,,,
2013-01-28,,,,,,,
2013-01-29,,,,,,,
2013-01-30,,,,,,,
2013-01-31,,,,,,,
2013-02-01,,,,,,,
2013-02-04,,,,,,,
2013-02-05,,,,,,,
2013-02-06,,,,,,,
2013-02-07,,,,,,,
2013-02-08,,,,,,,
2013-02-11,,,,,,,
2013-02-12,,,,,,,
2013-02-13,,,,,,,
2013-02-14,,,,,,,
2013-02-15,,,,,,,
2013-02-18,,,,,,,
2013-02-19,,,,,,,
2013-02-20,,,,,,,
2013-02-21,,,,,,,
2013-02-22,,,,,,,
2013-02-25,,,,,,,
2013-02-26,,,,,,,
2013-02-27,,,,,,,
2013-02-28,,,,,,,
2013-03-01,,,,,,,
2013-03-04,,,,,,,
2013-03-05,,,,,,,
2013-03-06,,,,,,,
2013-03-07,,,,,,,
2013-03-08,,,,,,,
2013-03-11,,,,,,,
2013-03-12,,,,,,,
2013-03-13,,,,,,,
2013-03-14,,,,,,,
2013-03-15,,,,,,,
2013-03-18,,,,,,,
2013-03-19,,,,,,,
2013-03-20,,,,,,,
2013-03-21,,,,,,,
2013-03-22,,,,,,,
2013-03-25,,,,,,,
2013-03-26,,,,,,,
2013-03-27,,,,,,,
2013-03-28,,,,,,,
2013-03-29,,,,,,,
2013-04-01,0.309635,0.081635,0.078635,-0.228000,-0.231000,0.140000,0.003000
2013-04-02,0.367216,0.075216,0.053216,-0.292000,-0.314000,0.170000,0.022000
2013-04-03,0.379655,0.018755,0.007755,-0.360900,-0.371900,0.190000,0.011000
2013-04-04,0.338437,-0.002263,0.009737,-0.340700,-0.328700,0.160000,-0.012000
2013-04-05,0.345461,-0.017339,-0.021339,-0.362800,-0.366800,0.180000,0.004000
2013-04-08,0.303106,-0.013494,-0.015494,-0.316600,-0.318600,0.180000,0.002000
2013-04-09,0.306216,-0.042884,-0.010884,-0.349100,-0.317100,0.170000,-0.032000
2013-04-10,0.262052,-0.078348,-0.015348,-0.340400,-0.277400,0.180000,-0.063000
2013-04-11,0.217027,-0.082973,-0.023973,-0.300000,-0.241000,0.190000,-0.059000
2013-04-12,0.220757,-0.107443,-0.018443,-0.328200,-0.239200,0.190000,-0.089000
2013-04-15,0.213135,-0.108365,-0.018365,-0.321500,-0.231500,0.200000,-0.090000
2013-04-16,0.170687,-0.166213,-0.076213,-0.336900,-0.246900,0.220000,-0.090000
2013-04-17,0.167664,-0.191936,-0.116936,-0.359600,-0.284600,0.230000,-0.075000
2013-04-18,0.209111,-0.195189,-0.120189,-0.404300,-0.329300,0.230000,-0.075000
2013-04-19,0.205760,-0.160440,-0.090440,-0.366200,-0.296200,0.210000,-0.070000
2013-04-22,0.172596,-0.160404,-0.100404,-0.333000,-0.273000,0.160000,-0.060000
2013-04-23,0.165533,-0.148667,-0.113667,-0.314200,-0.279200,0.180000,-0.035000
2013-04-24,0.091003,-0.268097,-0.177097,-0.359100,-0.268100,0.150000,-0.091000
2013-04-25,0.047394,-0.317706,-0.214706,-0.365100,-0.262100,0.140000,-0.103000
2013-04-26,0.075533,-0.295467,-0.171467,-0.371000,-0.247000,0.160000,-0.124000
2013-04-29,0.088910,-0.335590,-0.221590,-0.424500,-0.310500,0.160000,-0.114000
2013-04-30,0.095534,-0.327466,-0.222466,-0.423000,-0.318000,0.190000,-0.105000
2013-05-01,0.114999,-0.266701,-0.148701,-0.381700,-0.263700,0.210000,-0.118000
2013-05-02,0.127155,-0.280145,-0.186145,-0.407300,-0.313300,0.190000,-0.094000
2013-05-03,0.028002,-0.296498,-0.202498,-0.324500,-0.230500,0.160000,-0.094000
2013-05-06,0.034509,-0.285191,-0.175191,-0.319700,-0.209700,0.140000,-0.110000
2013-05-07,0.039741,-0.252959,-0.142959,-0.292700,-0.182700,0.140000,-0.110000
2013-05-08,0.059752,-0.248348,-0.137348,-0.308100,-0.197100,0.100000,-0.111000
2013-05-09,0.035982,-0.257618,-0.126618,-0.293600,-0.162600,0.090000,-0.131000
2013-05-10,-0.022039,-0.246839,-0.134839,-0.224800,-0.112800,0.090000,-0.112000
2013-05-13,0.036830,-0.279170,-0.134170,-0.316000,-0.171000,0.090000,-0.145000
2013-05-14,0.013488,-0.251212,-0.146212,-0.264700,-0.159700,0.080000,-0.105000
2013-05-15,0.000727,-0.243873,-0.123873,-0.244600,-0.124600,0.070000,-0.120000
2013-05-16,0.025861,-0.256639,-0.111639,-0.282500,-0.137500,0.060000,-0.145000
2013-05-17,-0.019012,-0.273312,-0.158312,-0.254300,-0.139300,0.090000,-0.115000
2013-05-20,-0.056910,-0.281110,-0.185110,-0.224200,-0.128200,0.100000,-0.096000
2013-05-21,-0.093539,-0.232139,-0.146139,-0.138600,-0.052600,0.100000,-0.086000
2013-05-22,-0.032621,-0.205221,-0.115221,-0.172600,-0.082600,0.030000,-0.090000
2013-05-23,-0.070448,-0.209048,-0.144048,-0.138600,-0.073600,-0.020000,-0.065000
2013-05-24,-0.070152,-0.134952,-0.064952,-0.064800,0.005200,-0.020000,-0.070000
2013-05-27,-0.041731,-0.102931,-0.012931,-0.061200,0.028800,-0.050000,-0.090000
2013-05-28,-0.079504,-0.107004,-0.061004,-0.027500,0.018500,-0.070000,-0.046000
2013-05-29,-0.117850,-0.053050,-0.006050,0.064800,0.111800,-0.080000,-0.047000
2013-05-30,-0.059209,-0.050009,-0.017009,0.009200,0.042200,-0.070000,-0.033000
2013-05-31,-0.079900,-0.069000,-0.020000,0.010900,0.059900,-0.080000,-0.049000
2013-06-03,-0.070327,-0.032127,0.006873,0.038200,0.077200,-0.090000,-0.039000
2013-06-04,-0.087473,-0.049273,-0.035273,0.038200,0.052200,-0.040000,-0.014000
2013-06-05,-0.056397,-0.059797,-0.010797,-0.003400,0.045600,-0.040000,-0.049000
2013-06-06,-0.054981,0.002019,0.051019,0.057000,0.106000,-0.040000,-0.049000
2013-06-07,-0.121065,0.018535,0.048535,0.139600,0.169600,-0.120000,-0.030000
2013-06-10,-0.150622,0.033278,0.068278,0.183900,0.218900,-0.140000,-0.035000
2013-06-11,-0.187902,0.084398,0.099398,0.272300,0.287300,-0.080000,-0.015000
2013-06-12,-0.181644,0.078656,0.068656,0.260300,0.250300,-0.070000,0.010000
2013-06-13,-0.201892,0.061008,0.086008,0.262900,0.287900,-0.080000,-0.025000
2013-06-14,-0.213959,0.038541,0.073541,0.252500,0.287500,-0.080000,-0.035000
2013-06-17,-0.234126,0.026274,0.101274,0.260400,0.335400,-0.120000,-0.075000
2013-06-18,-0.250503,0.051797,0.136797,0.302300,0.387300,-0.130000,-0.085000
2013-06-19,-0.262437,0.037763,0.072763,0.300200,0.335200,-0.130000,-0.035000
2013-06-20,-0.363950,0.146450,0.146450,0.510400,0.510400,-0.090000,0.000000
2013-06-21,-0.430963,0.150137,0.115137,0.581100,0.546100,-0.090000,0.035000
2013-06-24,-0.531511,0.253789,0.178789,0.785300,0.710300,-0.070000,0.075000
2013-06-25,-0.475016,0.218184,0.126184,0.693200,0.601200,-0.070000,0.092000
2013-06-26,-0.426667,0.163833,0.105833,0.590500,0.532500,-0.090000,0.058000
2013-06-27,-0.446286,0.125114,0.082114,0.571400,0.528400,-0.080000,0.043000
2013-06-28,-0.432098,0.130602,0.101602,0.562700,0.533700,-0.110000,0.029000
2013-07-01,-0.444967,0.119233,0.101233,0.564200,0.546200,-0.130000,0.018000
2013-07-02,-0.438489,0.110811,0.070811,0.549300,0.509300,-0.090000,0.040000
2013-07-03,-0.522976,0.141724,0.072724,0.664700,0.595700,-0.090000,0.069000
2013-07-04,-0.501342,0.085958,0.004958,0.587300,0.506300,-0.070000,0.081000
2013-07-05,-0.555122,0.092978,-0.042022,0.648100,0.513100,-0.070000,0.135000
2013-07-08,-0.557467,0.048233,-0.070767,0.605700,0.486700,-0.040000,0.119000
2013-07-09,-0.496369,0.053131,-0.066869,0.549500,0.429500,-0.040000,0.120000
2013-07-10,-0.514737,0.077963,-0.082037,0.592700,0.432700,-0.050000,0.160000
2013-07-11,-0.480854,0.100446,-0.024554,0.581300,0.456300,-0.080000,0.125000
2013-07-12,-0.441902,0.079598,-0.055402,0.521500,0.386500,-0.070000,0.135000
2013-07-15,-0.503802,0.069098,-0.035902,0.572900,0.467900,-0.100000,0.105000
2013-07-16,-0.442082,0.061518,-0.038482,0.503600,0.403600,-0.080000,0.100000
2013-07-17,-0.450661,0.029439,-0.045561,0.480100,0.405100,-0.070000,0.075000
2013-07-18,-0.412104,0.043996,-0.031004,0.456100,0.381100,-0.070000,0.075000
2013-07-19,-0.438671,0.023929,-0.056071,0.462600,0.382600,-0.050000,0.080000
2013-07-22,-0.404743,0.053357,-0.026643,0.458100,0.378100,-0.060000,0.080000
2013-07-23,-0.374426,0.098974,0.005974,0.473400,0.380400,-0.060000,0.093000
2013-07-24,-0.440125,0.127675,0.013675,0.567800,0.453800,-0.100000,0.114000
2013-07-25,-0.450763,0.130637,0.015637,0.581400,0.466400,-0.100000,0.115000
2013-07-26,-0.378028,0.125672,0.042672,0.503700,0.420700,-0.140000,0.083000
2013-07-29,-0.381331,0.123369,0.007369,0.504700,0.388700,-0.120000,0.116000
2013-07-30,-0.394057,0.147043,0.025043,0.541100,0.419100,-0.140000,0.122000
2013-07-31,-0.301679,0.153821,0.071821,0.455500,0.373500,-0.100000,0.082000
2013-08-01,-0.352219,0.137681,0.015681,0.489900,0.367900,-0.090000,0.122000
2013-08-02,-0.361286,0.117014,0.044014,0.478300,0.405300,-0.100000,0.073000
2013-08-05,-0.426511,0.128789,0.029789,0.555300,0.456300,-0.090000,0.099000
2013-08-06,-0.409139,0.153261,0.054261,0.562400,0.463400,-0.080000,0.099000
2013-08-07,-0.362135,0.128265,0.064265,0.490400,0.426400,-0.080000,0.064000
2013-08-08,-0.364931,0.143669,0.067669,0.508600,0.432600,-0.070000,0.076000
2013-08-09,-0.340343,0.154457,0.068457,0.494800,0.408800,-0.030000,0.086000
2013-08-12,-0.321783,0.152717,0.067717,0.474500,0.389500,-0.050000,0.085000
2013-08-13,-0.425479,0.215721,0.085721,0.641200,0.511200,-0.080000,0.130000
2013-08-14,-0.410562,0.237238,0.137238,0.647800,0.547800,-0.110000,0.100000
2013-08-15,-0.440780,0.246920,0.125920,0.687700,0.566700,-0.100000,0.121000
2013-08-16,-0.474745,0.214055,0.093055,0.688800,0.567800,-0.110000,0.121000
2013-08-19,-0.511749,0.244951,0.129951,0.756700,0.641700,-0.090000,0.115000
2013-08-20,-0.453447,0.207053,0.097053,0.660500,0.550500,-0.050000,0.110000
2013-08-21,-0.497637,0.211063,0.076063,0.708700,0.573700,-0.070000,0.135000
2013-08-22,-0.503731,0.208869,0.034869,0.712600,0.538600,0.000000,0.174000
2013-08-23,-0.423180,0.259520,0.129520,0.682700,0.552700,-0.010000,0.130000
2013-08-26,-0.468565,0.186435,0.045435,0.655000,0.514000,0.000000,0.141000
2013-08-27,-0.435695,0.166205,0.064205,0.601900,0.499900,-0.010000,0.102000
2013-08-28,-0.419898,0.176102,0.048102,0.596000,0.468000,-0.020000,0.128000
2013-08-29,-0.425945,0.134355,0.029355,0.560300,0.455300,-0.030000,0.105000
2013-08-30,-0.397350,0.122950,0.043950,0.520300,0.441300,-0.050000,0.079000
2013-09-02,-0.455991,0.137809,0.044809,0.593800,0.500800,-0.050000,0.093000
2013-09-03,-0.530969,0.089831,-0.043169,0.620800,0.487800,-0.040000,0.133000
2013-09-04,-0.474205,0.089995,-0.054005,0.564200,0.420200,0.040000,0.144000
2013-09-05,-0.528092,0.132108,-0.075892,0.660200,0.452200,0.070000,0.208000
2013-09-06,-0.478108,0.024192,-0.103808,0.502300,0.374300,-0.020000,0.128000
2013-09-09,-0.503794,0.047606,-0.069394,0.551400,0.434400,-0.020000,0.117000
2013-09-10,-0.542179,0.115121,-0.076879,0.657300,0.465300,-0.010000,0.192000
2013-09-11,-0.568390,0.116110,-0.074890,0.684500,0.493500,-0.010000,0.191000
2013-09-12,-0.517390,0.092510,-0.098490,0.609900,0.418900,0.010000,0.191000
2013-09-13,-0.470916,0.068284,-0.122716,0.539200,0.348200,0.010000,0.191000
2013-09-16,-0.452266,0.059634,-0.051366,0.511900,0.400900,0.010000,0.111000
2013-09-17,-0.418536,-0.028936,-0.102936,0.389600,0.315600,-0.020000,0.074000
2013-09-18,-0.436561,-0.023361,-0.002361,0.413200,0.434200,-0.040000,-0.021000
2013-09-19,-0.281485,-0.147385,-0.091385,0.134100,0.190100,-0.060000,-0.056000
2013-09-20,-0.319252,-0.081852,-0.025852,0.237400,0.293400,-0.060000,-0.056000
2013-09-23,-0.361766,-0.038266,-0.037266,0.323500,0.324500,-0.020000,-0.001000
2013-09-24,-0.275042,-0.010742,-0.046742,0.264300,0.228300,-0.020000,0.036000
2013-09-25,-0.243803,-0.028103,-0.064103,0.215700,0.179700,0.010000,0.036000
2013-09-26,-0.230227,-0.005527,-0.042527,0.224700,0.187700,0.000000,0.037000
2013-09-27,-0.228885,0.000115,-0.037885,0.229000,0.191000,0.000000,0.038000
2013-09-30,-0.193246,0.000254,0.004254,0.193500,0.197500,-0.030000,-0.004000
2013-10-01,-0.175154,0.054746,0.059746,0.229900,0.234900,-0.040000,-0.005000
2013-10-02,-0.100391,0.052709,0.109709,0.153100,0.210100,-0.040000,-0.057000
2013-10-03,-0.086183,0.097317,0.100317,0.183500,0.186500,-0.060000,-0.003000
2013-10-04,-0.200910,0.100490,0.108490,0.301400,0.309400,-0.080000,-0.008000
2013-10-07,-0.197698,0.081502,0.058502,0.279200,0.256200,-0.040000,0.023000
2013-10-08,-0.224844,0.078956,-0.010044,0.303800,0.214800,-0.000000,0.089000
2013-10-09,-0.220181,0.095119,0.066119,0.315300,0.286300,-0.060000,0.029000
2013-10-10,-0.210216,0.130884,0.086884,0.341100,0.297100,-0.070000,0.044000
2013-10-11,-0.269624,0.139276,0.090276,0.408900,0.359900,-0.080000,0.049000
2013-10-14,-0.284121,0.149879,0.080879,0.434000,0.365000,-0.090000,0.069000
2013-10-15,-0.362880,0.161120,0.076120,0.524000,0.439000,-0.090000,0.085000
2013-10-16,-0.298121,0.203979,0.148979,0.502100,0.447100,-0.110000,0.055000
2013-10-17,-0.286940,0.148060,0.108060,0.435000,0.395000,-0.080000,0.040000
2013-10-18,-0.288624,0.079576,0.049576,0.368200,0.338200,-0.070000,0.030000
2013-10-21,-0.265147,0.063153,0.043153,0.328300,0.308300,-0.060000,0.020000
2013-10-22,-0.196174,0.043626,0.025626,0.239800,0.221800,-0.030000,0.018000
2013-10-23,-0.233366,0.040334,0.012334,0.273700,0.245700,0.040000,0.028000
2013-10-24,-0.267168,0.043332,0.015332,0.310500,0.282500,0.070000,0.028000
2013-10-25,-0.243491,0.052709,0.045709,0.296200,0.289200,0.090000,0.007000
2013-10-28,-0.245465,0.042835,0.015835,0.288300,0.261300,0.080000,0.027000
2013-10-29,-0.188987,0.046213,0.065213,0.235200,0.254200,0.060000,-0.019000
2013-10-30,-0.116837,0.031863,-0.020137,0.148700,0.096700,0.090000,0.052000
2013-10-31,-0.168852,-0.015552,-0.022552,0.153300,0.146300,0.050000,0.007000
2013-11-01,-0.191314,-0.038814,-0.065814,0.152500,0.125500,0.030000,0.027000
2013-11-04,-0.177001,-0.046301,-0.058301,0.130700,0.118700,0.020000,0.012000
2013-11-05,-0.229457,-0.002357,-0.035357,0.227100,0.194100,0.030000,0.033000
2013-11-06,-0.236497,-0.003597,0.003403,0.232900,0.239900,-0.010000,-0.007000
2013-11-07,-0.231012,-0.057312,-0.046312,0.173700,0.184700,0.010000,-0.011000
2013-11-08,-0.220263,-0.076063,-0.075063,0.144200,0.145200,0.050000,-0.001000
2013-11-11,-0.237907,-0.084707,-0.084707,0.153200,0.153200,0.050000,-0.000000
2013-11-12,-0.184307,-0.112007,-0.112007,0.072300,0.072300,0.050000,0.000000
2013-11-13,-0.178731,-0.118631,-0.098631,0.060100,0.080100,0.060000,-0.020000
2013-11-14,-0.114648,-0.137048,-0.082048,-0.022400,0.032600,0.050000,-0.055000
2013-11-15,-0.134367,-0.113167,-0.078167,0.021200,0.056200,0.020000,-0.035000
2013-11-18,-0.105059,-0.134359,-0.079359,-0.029300,0.025700,0.050000,-0.055000
2013-11-19,-0.113947,-0.129447,-0.015447,-0.015500,0.098500,-0.050000,-0.114000
2013-11-20,-0.144895,-0.171295,-0.067295,-0.026400,0.077600,-0.050000,-0.104000
2013-11-21,-0.174428,-0.127728,-0.023728,0.046700,0.150700,-0.020000,-0.104000
2013-11-22,-0.208055,-0.104555,-0.050555,0.103500,0.157500,0.010000,-0.054000
2013-11-25,-0.159007,-0.112607,-0.028607,0.046400,0.130400,-0.000000,-0.084000
2013-11-26,-0.164318,-0.108318,-0.027318,0.056000,0.137000,-0.010000,-0.081000
2013-11-27,-0.179630,-0.108830,-0.017830,0.070800,0.161800,-0.020000,-0.091000
2013-11-28,-0.132534,-0.121234,-0.039234,0.011300,0.093300,-0.010000,-0.082000
2013-11-29,-0.111301,-0.113901,0.003099,-0.002600,0.114400,-0.030000,-0.117000
2013-12-02,-0.197232,-0.113732,0.012268,0.083500,0.209500,-0.040000,-0.126000
2013-12-03,-0.087894,-0.168094,0.036906,-0.080200,0.124800,-0.020000,-0.205000
2013-12-04,-0.142354,-0.091254,0.033746,0.051100,0.176100,0.070000,-0.125000
2013-12-05,-0.100495,-0.051095,0.062905,0.049400,0.163400,0.050000,-0.114000
2013-12-06,-0.041383,-0.069583,0.098417,-0.028200,0.139800,0.020000,-0.168000
2013-12-09,-0.062561,-0.042461,0.094539,0.020100,0.157100,0.040000,-0.137000
2013-12-10,-0.068818,-0.014018,0.102982,0.054800,0.171800,0.050000,-0.117000
2013-12-11,-0.072729,-0.011029,0.100971,0.061700,0.173700,0.050000,-0.112000
2013-12-12,-0.100400,0.025500,0.066500,0.125900,0.166900,0.090000,-0.041000
2013-12-13,-0.035876,0.008124,0.038124,0.044000,0.074000,0.110000,-0.030000
2013-12-16,0.037816,-0.007684,-0.027684,-0.045500,-0.065500,0.120000,0.020000
2013-12-17,-0.032877,0.024323,0.009323,0.057200,0.042200,0.110000,0.015000
2013-12-18,-0.077256,-0.003756,0.016244,0.073500,0.093500,0.090000,-0.020000
2013-12-19,-0.145627,0.022273,0.022273,0.167900,0.167900,0.070000,0.000000
2013-12-20,-0.215323,0.034177,0.018177,0.249500,0.233500,0.120000,0.016000
2013-12-23,-0.331129,0.017471,-0.003529,0.348600,0.327600,0.100000,0.021000
2013-12-24,-0.358603,0.016797,-0.024203,0.375400,0.334400,0.130000,0.041000
2013-12-25,-0.359728,0.041972,-0.000028,0.401700,0.359700,0.110000,0.042000
2013-12-26,-0.362662,0.040138,-0.058862,0.402800,0.303800,0.150000,0.099000
2013-12-27,-0.428258,0.068742,-0.011258,0.497000,0.417000,0.110000,0.080000
2013-12-30,-0.408812,0.043688,-0.038312,0.452500,0.370500,0.130000,0.082000
2013-12-31,-0.414981,0.031119,-0.017881,0.446100,0.397100,0.100000,0.049000
2014-01-01,-0.359070,0.028330,-0.020670,0.387400,0.338400,0.110000,0.049000
2014-01-02,-0.348500,0.049100,0.031100,0.397600,0.379600,0.080000,0.018000
2014-01-03,-0.369202,0.024598,0.016598,0.393800,0.385800,0.060000,0.008000
2014-01-06,-0.359783,0.023617,-0.011383,0.383400,0.348400,0.100000,0.035000
2014-01-07,-0.315424,0.012576,-0.037424,0.328000,0.278000,0.150000,0.050000
2014-01-08,-0.361439,0.024061,-0.055939,0.385500,0.305500,0.180000,0.080000
2014-01-09,-0.344283,0.026017,-0.063983,0.370300,0.280300,0.200000,0.090000
2014-01-10,-0.239155,-0.003655,-0.027655,0.235500,0.211500,0.230000,0.024000
2014-01-13,-0.196865,-0.043265,-0.097265,0.153600,0.099600,0.220000,0.054000
2014-01-14,-0.230661,0.009639,-0.060361,0.240300,0.170300,0.190000,0.070000
2014-01-15,-0.252520,0.047780,-0.042220,0.300300,0.210300,0.200000,0.090000
2014-01-16,-0.204250,0.017350,-0.072650,0.221600,0.131600,0.240000,0.090000
2014-01-17,-0.327935,0.023465,-0.077535,0.351400,0.250400,0.240000,0.101000
2014-01-20,-0.358767,0.022533,-0.077467,0.381300,0.281300,0.180000,0.100000
2014-01-21,-0.346071,0.012829,-0.067171,0.358900,0.278900,0.130000,0.080000
2014-01-22,-0.431981,0.006519,-0.124481,0.438500,0.307500,0.190000,0.131000
2014-01-23,-0.363025,-0.000625,-0.081625,0.362400,0.281400,0.180000,0.081000
2014-01-24,-0.367437,-0.029837,-0.096837,0.337600,0.270600,0.180000,0.067000
2014-01-27,-0.393521,0.003779,-0.042221,0.397300,0.351300,0.150000,0.046000
2014-01-28,-0.334563,0.036237,-0.039763,0.370800,0.294800,0.200000,0.076000
2014-01-29,-0.257349,0.031551,-0.004449,0.288900,0.252900,0.200000,0.036000
2014-01-30,-0.291563,0.013437,-0.035563,0.305000,0.256000,0.190000,0.049000
2014-01-31,-0.241815,-0.058815,-0.089815,0.183000,0.152000,0.200000,0.031000
2014-02-03,-0.228109,-0.055009,-0.069009,0.173100,0.159100,0.190000,0.014000
2014-02-04,-0.212132,0.002968,-0.026032,0.215100,0.186100,0.160000,0.029000
2014-02-05,-0.122961,-0.023961,-0.032961,0.099000,0.090000,0.150000,0.009000
2014-02-06,-0.093004,0.022796,0.003796,0.115800,0.096800,0.160000,0.019000
2014-02-07,-0.101955,0.006145,0.032145,0.108100,0.134100,0.120000,-0.026000
2014-02-10,-0.074602,0.040698,0.021698,0.115300,0.096300,0.140000,0.019000
2014-02-11,-0.141779,0.041921,-0.042079,0.183700,0.099700,0.150000,0.084000
2014-02-12,-0.297726,0.028374,-0.036626,0.326100,0.261100,0.130000,0.065000
2014-02-13,-0.285055,0.018745,-0.016255,0.303800,0.268800,0.090000,0.035000
2014-02-14,-0.280514,0.018986,-0.031014,0.299500,0.249500,0.140000,0.050000
2014-02-17,-0.263430,0.018770,-0.046230,0.282200,0.217200,0.150000,0.065000
2014-02-18,-0.157770,0.012530,-0.027470,0.170300,0.130300,0.100000,0.040000
2014-02-19,-0.182488,-0.021088,-0.051088,0.161400,0.131400,0.100000,0.030000
2014-02-20,-0.257083,0.000717,-0.054283,0.257800,0.202800,0.140000,0.055000
2014-02-21,-0.257642,0.003158,-0.051842,0.260800,0.205800,0.130000,0.055000
2014-02-24,-0.216118,0.012282,-0.073718,0.228400,0.142400,0.140000,0.086000
2014-02-25,-0.215654,0.005246,-0.062754,0.220900,0.152900,0.130000,0.068000
2014-02-26,-0.198297,-0.024497,-0.077497,0.173800,0.120800,0.150000,0.053000
2014-02-27,-0.112185,-0.046585,-0.085585,0.065600,0.026600,0.150000,0.039000
2014-02-28,-0.104910,0.014190,-0.044810,0.119100,0.060100,0.120000,0.059000
2014-03-03,-0.030871,-0.027571,-0.057571,0.003300,-0.026700,0.090000,0.030000
2014-03-04,-0.103291,-0.078791,-0.118791,0.024500,-0.015500,0.080000,0.040000
2014-03-05,-0.128371,-0.079771,-0.123771,0.048600,0.004600,0.090000,0.044000
2014-03-06,-0.094325,-0.038225,-0.122225,0.056100,-0.027900,0.100000,0.084000
2014-03-07,-0.110103,-0.021203,-0.115203,0.088900,-0.005100,0.110000,0.094000
2014-03-10,-0.156640,-0.041940,-0.121940,0.114700,0.034700,0.110000,0.080000
2014-03-11,-0.132926,-0.061726,-0.110726,0.071200,0.022200,0.100000,0.049000
2014-03-12,-0.135582,-0.076582,-0.125582,0.059000,0.010000,0.110000,0.049000
2014-03-13,-0.108021,-0.085721,-0.099721,0.022300,0.008300,0.100000,0.014000
2014-03-14,-0.103808,-0.086108,-0.121108,0.017700,-0.017300,0.120000,0.035000
2014-03-17,-0.056752,-0.071352,-0.151352,-0.014600,-0.094600,0.140000,0.080000
2014-03-18,0.008433,-0.069567,-0.099567,-0.078000,-0.108000,0.150000,0.030000
2014-03-19,0.011829,-0.055871,-0.180871,-0.067700,-0.192700,0.150000,0.125000
2014-03-20,0.044159,-0.003241,-0.098241,-0.047400,-0.142400,0.130000,0.095000
2014-03-21,0.066822,-0.004678,-0.099678,-0.071500,-0.166500,0.130000,0.095000
2014-03-24,0.088182,-0.023218,-0.137218,-0.111400,-0.225400,0.150000,0.114000
2014-03-25,0.048940,-0.044660,-0.118660,-0.093600,-0.167600,0.110000,0.074000
2014-03-26,0.109327,-0.089973,-0.158973,-0.199300,-0.268300,0.140000,0.069000
2014-03-27,0.073007,-0.094393,-0.172393,-0.167400,-0.245400,0.130000,0.078000
2014-03-28,0.035100,-0.086400,-0.166400,-0.121500,-0.201500,0.130000,0.080000
2014-03-31,0.045223,-0.065477,-0.136477,-0.110700,-0.181700,0.120000,0.071000
2014-04-01,0.034539,-0.060861,-0.126861,-0.095400,-0.161400,0.110000,0.066000
2014-04-02,0.026279,-0.043521,-0.119521,-0.069800,-0.145800,0.100000,0.076000
2014-04-03,0.009904,-0.041996,-0.110996,-0.051900,-0.120900,0.090000,0.069000
2014-04-04,0.038555,-0.066145,-0.105145,-0.104700,-0.143700,0.050000,0.039000
2014-04-07,0.092742,-0.078558,-0.068558,-0.171300,-0.161300,0.010000,-0.010000
2014-04-08,0.083545,-0.065755,-0.035755,-0.149300,-0.119300,-0.020000,-0.030000
2014-04-09,0.045027,-0.024173,-0.014173,-0.069200,-0.059200,-0.070000,-0.010000
2014-04-10,0.051797,-0.036503,-0.026503,-0.088300,-0.078300,-0.030000,-0.010000
2014-04-11,0.036594,-0.059806,-0.048806,-0.096400,-0.085400,-0.010000,-0.011000
2014-04-14,0.029552,-0.086648,-0.046648,-0.116200,-0.076200,-0.030000,-0.040000
2014-04-15,0.020934,-0.068566,-0.048566,-0.089500,-0.069500,-0.020000,-0.020000
2014-04-16,0.012369,-0.059631,-0.049631,-0.072000,-0.062000,-0.040000,-0.010000
2014-04-17,-0.001748,-0.034048,-0.065048,-0.032300,-0.063300,-0.020000,0.031000
2014-04-18,0.016660,-0.032040,-0.063040,-0.048700,-0.079700,-0.010000,0.031000
2014-04-21,0.073117,-0.041583,-0.022583,-0.114700,-0.095700,-0.080000,-0.019000
2014-04-22,-0.024528,-0.013028,-0.074028,0.011500,-0.049500,-0.040000,0.061000
2014-04-23,0.011895,0.020395,-0.040605,0.008500,-0.052500,-0.030000,0.061000
2014-04-24,-0.013623,0.008177,-0.053823,0.021800,-0.040200,-0.020000,0.062000
2014-04-25,0.062102,0.007602,-0.045398,-0.054500,-0.107500,-0.040000,0.053000
2014-04-28,-0.002063,0.034037,-0.048963,0.036100,-0.046900,-0.030000,0.083000
2014-04-29,-0.026480,0.033620,-0.046380,0.060100,-0.019900,-0.030000,0.080000
2014-04-30,-0.025092,0.047008,-0.029992,0.072100,-0.004900,-0.030000,0.077000
2014-05-01,-0.021718,0.048682,-0.058318,0.070400,-0.036600,-0.010000,0.107000
2014-05-02,-0.056878,0.036922,-0.070078,0.093800,-0.013200,-0.000000,0.107000
2014-05-05,-0.092164,0.025936,-0.081064,0.118100,0.011100,0.020000,0.107000
2014-05-06,-0.122299,-0.002499,-0.098499,0.119800,0.023800,0.010000,0.096000
2014-05-07,-0.120339,0.033861,-0.067139,0.154200,0.053200,0.020000,0.101000
2014-05-08,-0.136254,-0.011154,-0.077154,0.125100,0.059100,-0.010000,0.066000
2014-05-09,-0.154409,-0.019909,-0.059909,0.134500,0.094500,0.000000,0.040000
2014-05-12,-0.077204,-0.006204,-0.055204,0.071000,0.022000,0.020000,0.049000
2014-05-13,-0.066837,-0.018137,-0.078137,0.048700,-0.011300,0.030000,0.060000
2014-05-14,0.022475,-0.050825,-0.110825,-0.073300,-0.133300,0.040000,0.060000
2014-05-15,0.040024,-0.075976,-0.120976,-0.116000,-0.161000,0.040000,0.045000
2014-05-16,-0.021690,-0.056690,-0.116690,-0.035000,-0.095000,0.030000,0.060000
2014-05-19,-0.058258,-0.041358,-0.071358,0.016900,-0.013100,-0.010000,0.030000
2014-05-20,-0.030583,-0.059383,-0.064383,-0.028800,-0.033800,-0.030000,0.005000
2014-05-21,-0.068102,-0.046002,-0.081002,0.022100,-0.012900,-0.000000,0.035000
2014-05-22,-0.116227,-0.074127,-0.089127,0.042100,0.027100,0.000000,0.015000
2014-05-23,-0.106126,-0.075326,-0.100326,0.030800,0.005800,-0.000000,0.025000
2014-05-26,-0.103868,-0.059568,-0.094568,0.044300,0.009300,-0.020000,0.035000
2014-05-27,-0.141284,-0.056084,-0.104084,0.085200,0.037200,-0.000000,0.048000
2014-05-28,-0.091330,-0.128930,-0.150930,-0.037600,-0.059600,-0.000000,0.022000
2014-05-29,-0.106235,-0.098735,-0.132735,0.007500,-0.026500,-0.010000,0.034000
2014-05-30,-0.086096,-0.075896,-0.099896,0.010200,-0.013800,0.020000,0.024000
2014-06-02,-0.128193,-0.095993,-0.140993,0.032200,-0.012800,0.030000,0.045000
2014-06-03,-0.158020,-0.120520,-0.145520,0.037500,0.012500,0.020000,0.025000
2014-06-04,-0.215473,-0.149473,-0.164473,0.066000,0.051000,0.020000,0.015000
2014-06-05,-0.172691,-0.145391,-0.159391,0.027300,0.013300,0.010000,0.014000
2014-06-06,-0.202657,-0.173757,-0.198757,0.028900,0.003900,0.010000,0.025000
2014-06-09,-0.231420,-0.141120,-0.191120,0.090300,0.040300,0.010000,0.050000
2014-06-10,-0.296518,-0.122718,-0.227718,0.173800,0.068800,0.040000,0.105000
2014-06-11,-0.300099,-0.120399,-0.199399,0.179700,0.100700,0.020000,0.079000
2014-06-12,-0.319859,-0.145859,-0.184859,0.174000,0.135000,-0.000000,0.039000
2014-06-13,-0.412125,-0.156125,-0.245125,0.256000,0.167000,-0.000000,0.089000
2014-06-16,-0.429367,-0.179567,-0.189567,0.249800,0.239800,-0.020000,0.010000
2014-06-17,-0.416793,-0.210893,-0.260893,0.205900,0.155900,0.020000,0.050000
2014-06-18,-0.370755,-0.210955,-0.230955,0.159800,0.139800,0.000000,0.020000
2014-06-19,-0.416854,-0.206654,-0.205654,0.210200,0.211200,0.010000,-0.001000
2014-06-20,-0.397524,-0.169924,-0.188924,0.227600,0.208600,-0.040000,0.019000
2014-06-23,-0.367959,-0.157159,-0.182159,0.210800,0.185800,-0.050000,0.025000
2014-06-24,-0.360125,-0.130425,-0.166425,0.229700,0.193700,-0.020000,0.036000
2014-06-25,-0.245377,-0.144077,-0.178077,0.101300,0.067300,-0.010000,0.034000
2014-06-26,-0.255298,-0.165598,-0.189598,0.089700,0.065700,-0.020000,0.024000
2014-06-27,-0.256342,-0.154942,-0.171942,0.101400,0.084400,-0.040000,0.017000
2014-06-30,-0.276607,-0.164407,-0.173407,0.112200,0.103200,0.000000,0.009000
2014-07-01,-0.352630,-0.173030,-0.198030,0.179600,0.154600,0.010000,0.025000
2014-07-02,-0.436885,-0.148785,-0.218785,0.288100,0.218100,0.020000,0.070000
2014-07-03,-0.445488,-0.146488,-0.265488,0.299000,0.180000,0.060000,0.119000
2014-07-04,-0.451672,-0.170072,-0.299072,0.281600,0.152600,0.070000,0.129000
2014-07-07,-0.444460,-0.180960,-0.340960,0.263500,0.103500,0.090000,0.160000
2014-07-08,-0.437115,-0.163115,-0.319115,0.274000,0.118000,0.080000,0.156000
2014-07-09,-0.441480,-0.146280,-0.306280,0.295200,0.135200,0.060000,0.160000
2014-07-10,-0.393125,-0.142925,-0.261925,0.250200,0.131200,0.020000,0.119000
2014-07-11,-0.383232,-0.134832,-0.253832,0.248400,0.129400,0.030000,0.119000
2014-07-14,-0.319362,-0.120262,-0.240262,0.199100,0.079100,0.050000,0.120000
2014-07-15,-0.364317,-0.153117,-0.238117,0.211200,0.126200,0.030000,0.085000
2014-07-16,-0.360728,-0.147728,-0.242728,0.213000,0.118000,0.050000,0.095000
2014-07-17,-0.301269,-0.151169,-0.226169,0.150100,0.075100,0.050000,0.075000
2014-07-18,-0.251752,-0.165352,-0.250352,0.086400,0.001400,0.050000,0.085000
2014-07-21,-0.288366,-0.171366,-0.276366,0.117000,0.012000,0.060000,0.105000
2014-07-22,-0.277941,-0.168141,-0.247141,0.109800,0.030800,0.050000,0.079000
2014-07-23,-0.295083,-0.167783,-0.255783,0.127300,0.039300,0.050000,0.088000
2014-07-24,-0.324165,-0.174665,-0.282665,0.149500,0.041500,0.060000,0.108000
2014-07-25,-0.256343,-0.162043,-0.270043,0.094300,-0.013700,0.090000,0.108000
2014-07-28,-0.261571,-0.146571,-0.279571,0.115000,-0.018000,0.090000,0.133000
2014-07-29,-0.253137,-0.145337,-0.292337,0.107800,-0.039200,0.100000,0.147000
2014-07-30,-0.269202,-0.128202,-0.285202,0.141000,-0.016000,0.110000,0.157000
2014-07-31,-0.267280,-0.114980,-0.232980,0.152300,0.034300,0.070000,0.118000
2014-08-01,-0.193942,-0.143642,-0.201642,0.050300,-0.007700,0.040000,0.058000
2014-08-04,-0.182393,-0.153893,-0.231893,0.028500,-0.049500,0.060000,0.078000
2014-08-05,-0.202962,-0.113962,-0.201962,0.089000,0.001000,0.070000,0.088000
2014-08-06,-0.136031,-0.126231,-0.221231,0.009800,-0.085200,0.060000,0.095000
2014-08-07,-0.074641,-0.131741,-0.176741,-0.057100,-0.102100,0.030000,0.045000
2014-08-08,-0.080598,-0.108698,-0.182698,-0.028100,-0.102100,0.070000,0.074000
2014-08-11,-0.202327,-0.086427,-0.185427,0.115900,0.016900,0.060000,0.099000
2014-08-12,-0.225092,-0.064092,-0.153092,0.161000,0.072000,0.020000,0.089000
2014-08-13,-0.132319,-0.084619,-0.154619,0.047700,-0.022300,0.020000,0.070000
2014-08-14,-0.097343,-0.082443,-0.162443,0.014900,-0.065100,0.040000,0.080000
2014-08-15,-0.015829,-0.087529,-0.172529,-0.071700,-0.156700,0.060000,0.085000
2014-08-18,-0.062772,-0.097472,-0.182472,-0.034700,-0.119700,0.050000,0.085000
2014-08-19,-0.005277,-0.086277,-0.191277,-0.081000,-0.186000,0.070000,0.105000
2014-08-20,-0.062847,-0.093447,-0.223447,-0.030600,-0.160600,0.080000,0.130000
2014-08-21,-0.030212,-0.080912,-0.210912,-0.050700,-0.180700,0.090000,0.130000
2014-08-22,-0.017145,-0.071145,-0.215145,-0.054000,-0.198000,0.100000,0.144000
2014-08-25,-0.128923,-0.096223,-0.266223,0.032700,-0.137300,0.110000,0.170000
2014-08-26,-0.071971,-0.089671,-0.246671,-0.017700,-0.174700,0.100000,0.157000
2014-08-27,-0.003677,-0.113377,-0.260377,-0.109700,-0.256700,0.090000,0.147000
2014-08-28,0.045803,-0.082597,-0.206597,-0.128400,-0.252400,0.070000,0.124000
2014-08-29,0.060976,-0.101824,-0.185824,-0.162800,-0.246800,0.040000,0.084000
2014-09-01,0.073940,-0.103560,-0.188560,-0.177500,-0.262500,0.030000,0.085000
2014-09-02,0.034184,-0.087316,-0.232316,-0.121500,-0.266500,0.070000,0.145000
2014-09-03,0.029670,-0.059530,-0.178530,-0.089200,-0.208200,0.050000,0.119000
2014-09-04,-0.010088,-0.123888,-0.242888,-0.113800,-0.232800,0.060000,0.119000
2014-09-05,0.046923,-0.136777,-0.216777,-0.183700,-0.263700,0.040000,0.080000
2014-09-08,0.080258,-0.125642,-0.234642,-0.205900,-0.314900,0.050000,0.109000
2014-09-09,0.093508,-0.104492,-0.254492,-0.198000,-0.348000,0.070000,0.150000
2014-09-10,0.170717,-0.092983,-0.232983,-0.263700,-0.403700,0.070000,0.140000
2014-09-11,0.179102,-0.090898,-0.190898,-0.270000,-0.370000,0.050000,0.100000
2014-09-12,0.165184,-0.085416,-0.165416,-0.250600,-0.330600,0.020000,0.080000
2014-09-15,0.104160,-0.096840,-0.206840,-0.201000,-0.311000,0.050000,0.110000
2014-09-16,0.141758,-0.080342,-0.155342,-0.222100,-0.297100,-0.010000,0.075000
2014-09-17,0.131262,-0.102938,-0.202938,-0.234200,-0.334200,0.070000,0.100000
2014-09-18,0.076202,-0.068798,-0.187798,-0.145000,-0.264000,0.080000,0.119000
2014-09-19,0.070434,-0.084966,-0.198966,-0.155400,-0.269400,0.050000,0.114000
2014-09-22,0.016890,-0.077710,-0.192710,-0.094600,-0.209600,0.060000,0.115000
2014-09-23,0.057042,-0.055858,-0.179858,-0.112900,-0.236900,0.100000,0.124000
2014-09-24,0.034136,-0.081364,-0.232364,-0.115500,-0.266500,0.120000,0.151000
2014-09-25,0.077114,-0.097586,-0.196586,-0.174700,-0.273700,0.070000,0.099000
2014-09-26,0.123969,-0.092531,-0.215531,-0.216500,-0.339500,0.090000,0.123000
2014-09-29,0.182293,-0.109907,-0.191907,-0.292200,-0.374200,0.100000,0.082000
2014-09-30,0.196538,-0.104562,-0.158562,-0.301100,-0.355100,0.060000,0.054000
2014-10-01,0.261223,-0.096477,-0.108477,-0.357700,-0.369700,0.040000,0.012000
2014-10-02,0.279007,-0.086993,-0.102993,-0.366000,-0.382000,0.040000,0.016000
2014-10-03,0.186390,-0.062410,-0.127410,-0.248800,-0.313800,0.040000,0.065000
2014-10-06,0.225653,-0.078747,-0.109747,-0.304400,-0.335400,0.040000,0.031000
2014-10-07,0.260234,-0.073766,-0.135766,-0.334000,-0.396000,0.100000,0.062000
2014-10-08,0.274645,-0.065655,-0.056655,-0.340300,-0.331300,0.030000,-0.009000
2014-10-09,0.261710,-0.084590,-0.075590,-0.346300,-0.337300,0.010000,-0.009000
2014-10-10,0.377252,-0.056848,-0.032848,-0.434100,-0.410100,0.010000,-0.024000
2014-10-13,0.455191,-0.048109,-0.014109,-0.503300,-0.469300,-0.010000,-0.034000
2014-10-14,0.428450,-0.053750,0.006250,-0.482200,-0.422200,0.010000,-0.060000
2014-10-15,0.576117,-0.068983,0.081017,-0.645100,-0.495100,0.000000,-0.150000
2014-10-16,0.466256,-0.048044,0.091956,-0.514300,-0.374300,0.000000,-0.140000
2014-10-17,0.379274,-0.010126,0.034874,-0.389400,-0.344400,0.010000,-0.045000
2014-10-20,0.380783,-0.025817,0.059183,-0.406600,-0.321600,-0.010000,-0.085000
2014-10-21,0.420745,-0.023455,0.081545,-0.444200,-0.339200,-0.020000,-0.105000
2014-10-22,0.378279,-0.017521,0.062479,-0.395800,-0.315800,-0.030000,-0.080000
2014-10-23,0.358376,-0.018324,0.066676,-0.376700,-0.291700,-0.040000,-0.085000
2014-10-24,0.322709,-0.011491,0.069509,-0.334200,-0.253200,-0.050000,-0.081000
2014-10-27,0.387656,-0.017844,0.088156,-0.405500,-0.299500,-0.050000,-0.106000
2014-10-28,0.374294,-0.020606,0.040394,-0.394900,-0.333900,-0.020000,-0.061000
2014-10-29,0.329180,-0.007720,-0.064720,-0.336900,-0.393900,0.040000,0.057000
2014-10-30,0.307827,-0.025773,-0.082773,-0.333600,-0.390600,0.040000,0.057000
2014-10-31,0.302300,-0.050600,-0.117600,-0.352900,-0.419900,0.080000,0.067000
2014-11-03,0.245778,-0.027522,-0.103522,-0.273300,-0.349300,0.130000,0.076000
2014-11-04,0.266853,-0.019347,-0.145347,-0.286200,-0.412200,0.170000,0.126000
2014-11-05,0.211979,-0.021021,-0.137021,-0.233000,-0.349000,0.120000,0.116000
2014-11-06,0.255243,-0.032557,-0.138557,-0.287800,-0.393800,0.110000,0.106000
2014-11-07,0.277175,-0.035925,-0.131925,-0.313100,-0.409100,0.120000,0.096000
2014-11-10,0.231363,-0.021337,-0.181337,-0.252700,-0.412700,0.160000,0.160000
2014-11-11,0.177279,-0.022321,-0.187321,-0.199600,-0.364600,0.160000,0.165000
2014-11-12,0.171046,-0.035154,-0.190154,-0.206200,-0.361200,0.170000,0.155000
2014-11-13,0.256193,-0.017107,-0.147107,-0.273300,-0.403300,0.150000,0.130000
2014-11-14,0.263495,-0.004305,-0.134305,-0.267800,-0.397800,0.140000,0.130000
2014-11-17,0.343185,0.022085,-0.087915,-0.321100,-0.431100,0.140000,0.110000
2014-11-18,0.306445,0.015245,-0.084755,-0.291200,-0.391200,0.130000,0.100000
2014-11-19,0.318672,0.048272,-0.032728,-0.270400,-0.351400,0.080000,0.081000
2014-11-20,0.386155,0.077855,0.005855,-0.308300,-0.380300,0.080000,0.072000
2014-11-21,0.343491,0.049891,-0.032109,-0.293600,-0.375600,0.080000,0.082000
2014-11-24,0.285994,0.058094,-0.033906,-0.227900,-0.319900,0.100000,0.092000
2014-11-25,0.319974,0.037074,-0.036926,-0.282900,-0.356900,0.100000,0.074000
2014-11-26,0.351105,0.041405,-0.073595,-0.309700,-0.424700,0.150000,0.115000
2014-11-27,0.417795,0.050795,-0.063205,-0.367000,-0.481000,0.160000,0.114000
2014-11-28,0.434101,0.048901,0.046901,-0.385200,-0.387200,0.110000,0.002000
2014-12-01,0.496720,0.059020,0.019020,-0.437700,-0.477700,0.140000,0.040000
2014-12-02,0.489340,0.121340,0.036340,-0.368000,-0.453000,0.120000,0.085000
2014-12-03,0.399077,0.121177,-0.007823,-0.277900,-0.406900,0.130000,0.129000
2014-12-04,0.389808,0.118608,0.033608,-0.271200,-0.356200,0.120000,0.085000
2014-12-05,0.363182,0.115182,-0.048818,-0.248000,-0.412000,0.190000,0.164000
2014-12-08,0.393310,0.101410,-0.033590,-0.291900,-0.426900,0.190000,0.135000
2014-12-09,0.469943,0.108643,-0.030357,-0.361300,-0.500300,0.180000,0.139000
2014-12-10,0.476552,0.086452,0.002452,-0.390100,-0.474100,0.180000,0.084000
2014-12-11,0.499438,0.099338,-0.014662,-0.400100,-0.514100,0.170000,0.114000
2014-12-12,0.572216,0.086016,0.001016,-0.486200,-0.571200,0.190000,0.085000
2014-12-15,0.594103,0.090203,0.015203,-0.503900,-0.578900,0.190000,0.075000
2014-12-16,0.655690,0.067190,0.007190,-0.588500,-0.648500,0.210000,0.060000
2014-12-17,0.664934,0.073834,-0.021166,-0.591100,-0.686100,0.200000,0.095000
2014-12-18,0.544121,0.087821,-0.081179,-0.456300,-0.625300,0.220000,0.169000
2014-12-19,0.517758,0.084358,-0.119642,-0.433400,-0.637400,0.210000,0.204000
2014-12-22,0.556284,0.081884,-0.133116,-0.474400,-0.689400,0.240000,0.215000
2014-12-23,0.518905,0.091905,-0.173095,-0.427000,-0.692000,0.240000,0.265000
2014-12-24,0.495609,0.098509,-0.141491,-0.397100,-0.637100,0.210000,0.240000
2014-12-25,0.478747,0.102447,-0.153553,-0.376300,-0.632300,0.210000,0.256000
2014-12-26,0.465327,0.106727,-0.149273,-0.358600,-0.614600,0.220000,0.256000
2014-12-29,0.484868,0.105368,-0.187632,-0.379500,-0.672500,0.260000,0.293000
2014-12-30,0.442116,0.076016,-0.176984,-0.366100,-0.619100,0.240000,0.253000
2014-12-31,0.502819,0.049719,-0.138281,-0.453100,-0.641100,0.220000,0.188000
2015-01-01,0.477724,0.058324,-0.159676,-0.419400,-0.637400,0.230000,0.218000
2015-01-02,0.445327,0.058827,-0.168173,-0.386500,-0.613500,0.220000,0.227000
2015-01-05,0.460779,0.050279,-0.246721,-0.410500,-0.707500,0.290000,0.297000
2015-01-06,0.533956,0.066756,-0.198244,-0.467200,-0.732200,0.290000,0.265000
2015-01-07,0.456857,0.042857,-0.201143,-0.414000,-0.658000,0.250000,0.244000
2015-01-08,0.336199,0.022299,-0.216701,-0.313900,-0.552900,0.240000,0.239000
2015-01-09,0.348953,0.032153,-0.241847,-0.316800,-0.590800,0.230000,0.274000
2015-01-12,0.197372,0.040672,-0.253328,-0.156700,-0.450700,0.210000,0.294000
2015-01-13,0.265800,0.015900,-0.249100,-0.249900,-0.514900,0.200000,0.265000
2015-01-14,0.418605,-0.027995,-0.192995,-0.446600,-0.611600,0.210000,0.165000
2015-01-15,0.360485,-0.038215,-0.158215,-0.398700,-0.518700,0.220000,0.120000
2015-01-16,0.335405,-0.048895,-0.208895,-0.384300,-0.544300,0.210000,0.160000
2015-01-19,0.360831,-0.047769,-0.183769,-0.408600,-0.544600,0.210000,0.136000
2015-01-20,0.388372,-0.023928,-0.204928,-0.412300,-0.593300,0.270000,0.181000
2015-01-21,0.498090,0.002990,-0.167010,-0.495100,-0.665100,0.560000,0.170000
2015-01-22,0.418652,-0.049948,-0.213948,-0.468600,-0.632600,0.570000,0.164000
2015-01-23,0.487692,-0.046208,-0.179208,-0.533900,-0.666900,0.570000,0.133000
2015-01-26,0.468616,-0.026584,-0.122584,-0.495200,-0.591200,0.580000,0.096000
2015-01-27,0.495864,-0.015136,-0.100136,-0.511000,-0.596000,0.610000,0.085000
2015-01-28,0.525958,-0.017542,-0.044542,-0.543500,-0.570500,0.580000,0.027000
2015-01-29,0.570236,-0.041564,-0.056564,-0.611800,-0.626800,0.530000,0.015000
2015-01-30,0.588971,-0.054429,-0.014429,-0.643400,-0.603400,0.540000,-0.040000
2015-02-02,0.562566,-0.062034,-0.042034,-0.624600,-0.604600,0.580000,-0.020000
2015-02-03,0.475219,-0.062081,-0.052081,-0.537300,-0.527300,0.570000,-0.010000
2015-02-04,0.387701,-0.082299,-0.092299,-0.470000,-0.480000,0.630000,0.010000
2015-02-05,0.361572,-0.103428,-0.055428,-0.465000,-0.417000,0.570000,-0.048000
2015-02-06,0.302421,-0.102279,-0.197279,-0.404700,-0.499700,0.640000,0.095000
2015-02-09,0.305726,-0.086874,-0.186874,-0.392600,-0.492600,0.630000,0.100000
2015-02-10,0.244712,-0.109788,-0.234788,-0.354500,-0.479500,0.720000,0.125000
2015-02-11,0.201013,-0.115087,-0.220087,-0.316100,-0.421100,0.710000,0.105000
2015-02-12,0.186114,-0.133886,-0.178886,-0.320000,-0.365000,0.650000,0.045000
2015-02-13,0.197168,-0.137232,-0.242232,-0.334400,-0.439400,0.700000,0.105000
2015-02-16,0.167032,-0.177768,-0.262768,-0.344800,-0.429800,0.710000,0.085000
2015-02-17,0.099334,-0.147766,-0.291766,-0.247100,-0.391100,0.720000,0.144000
2015-02-18,-0.017463,-0.148563,-0.207563,-0.131100,-0.190100,0.700000,0.059000
2015-02-19,0.015174,-0.140726,-0.254726,-0.155900,-0.269900,0.740000,0.114000
2015-02-20,0.012358,-0.141342,-0.276342,-0.153700,-0.288700,0.760000,0.135000
2015-02-23,-0.037397,-0.136797,-0.221797,-0.099400,-0.184400,0.720000,0.085000
2015-02-24,-0.043476,-0.120976,-0.169976,-0.077500,-0.126500,0.600000,0.049000
2015-02-25,-0.013215,-0.134815,-0.261815,-0.121600,-0.248600,0.620000,0.127000
2015-02-26,-0.100335,-0.166235,-0.318235,-0.065900,-0.217900,0.620000,0.152000
2015-02-27,-0.084552,-0.162552,-0.229552,-0.078000,-0.145000,0.620000,0.067000
2015-03-02,-0.026227,-0.142227,-0.214227,-0.116000,-0.188000,0.630000,0.072000
2015-03-03,-0.093506,-0.143506,-0.250506,-0.050000,-0.157000,0.640000,0.107000
2015-03-04,-0.079909,-0.136109,-0.128109,-0.056200,-0.048200,0.440000,-0.008000
2015-03-05,-0.075484,-0.124584,-0.123584,-0.049100,-0.048100,0.410000,-0.001000
2015-03-06,-0.234072,-0.135572,-0.214572,0.098500,0.019500,0.490000,0.079000
2015-03-09,-0.212107,-0.146807,-0.241807,0.065300,-0.029700,0.500000,0.095000
2015-03-10,-0.124129,-0.178129,-0.229129,-0.054000,-0.105000,0.510000,0.051000
2015-03-11,-0.213788,-0.164988,-0.279988,0.048800,-0.066200,0.530000,0.115000
2015-03-12,-0.142921,-0.153421,-0.217421,-0.010500,-0.074500,0.480000,0.064000
2015-03-13,-0.117448,-0.151748,-0.240748,-0.034300,-0.123300,0.500000,0.089000
2015-03-16,-0.089110,-0.136010,-0.166010,-0.046900,-0.076900,0.500000,0.030000
2015-03-17,0.039866,-0.123034,-0.128034,-0.162900,-0.167900,0.510000,0.005000
2015-03-18,0.072293,-0.157807,-0.017807,-0.230100,-0.090100,0.420000,-0.140000
2015-03-19,0.097490,-0.157510,-0.042510,-0.255000,-0.140000,0.460000,-0.115000
2015-03-20,0.125246,-0.162054,0.008946,-0.287300,-0.116300,0.460000,-0.171000
2015-03-23,0.183214,-0.156486,0.028514,-0.339700,-0.154700,0.480000,-0.185000
2015-03-24,0.178826,-0.149874,0.050126,-0.328700,-0.128700,0.450000,-0.200000
2015-03-25,0.192525,-0.163975,0.034025,-0.356500,-0.158500,0.430000,-0.198000
2015-03-26,0.013947,-0.183553,-0.010553,-0.197500,-0.024500,0.340000,-0.173000
2015-03-27,0.058487,-0.173213,-0.000213,-0.231700,-0.058700,0.390000,-0.173000
2015-03-30,0.012633,-0.163367,-0.010367,-0.176000,-0.023000,0.410000,-0.153000
2015-03-31,0.005490,-0.173110,0.001890,-0.178600,-0.003600,0.390000,-0.175000
2015-04-01,-0.001921,-0.168021,-0.005021,-0.166100,-0.003100,0.400000,-0.163000
2015-04-02,-0.100269,-0.160469,0.016531,-0.060200,0.116800,0.360000,-0.177000
2015-04-03,-0.168154,-0.160554,0.040446,0.007600,0.208600,0.310000,-0.201000
2015-04-06,-0.140168,-0.150368,-0.000368,-0.010200,0.139800,0.360000,-0.150000
2015-04-07,-0.100125,-0.144425,-0.009425,-0.044300,0.090700,0.380000,-0.135000
2015-04-08,-0.175783,-0.173783,-0.079783,0.002000,0.096000,0.400000,-0.094000
2015-04-09,-0.166489,-0.154989,-0.114989,0.011500,0.051500,0.410000,-0.040000
2015-04-10,-0.142782,-0.146882,-0.140882,-0.004100,0.001900,0.420000,-0.006000
2015-04-13,-0.194969,-0.138169,-0.133169,0.056800,0.061800,0.390000,-0.005000
2015-04-14,-0.085839,-0.106439,-0.166439,-0.020600,-0.080600,0.390000,0.060000
2015-04-15,-0.097547,-0.104347,-0.094347,-0.006800,0.003200,0.330000,-0.010000
2015-04-16,-0.147709,-0.106209,-0.085209,0.041500,0.062500,0.290000,-0.021000
2015-04-17,-0.135270,-0.124970,-0.068970,0.010300,0.066300,0.210000,-0.056000
2015-04-20,-0.214671,-0.150471,-0.135471,0.064200,0.079200,-0.060000,-0.015000
2015-04-21,-0.171255,-0.103555,-0.099555,0.067700,0.071700,-0.070000,-0.004000
2015-04-22,-0.327681,-0.092981,-0.128981,0.234700,0.198700,-0.080000,0.036000
2015-04-23,-0.320806,-0.145206,-0.140206,0.175600,0.180600,-0.130000,-0.005000
2015-04-24,-0.303286,-0.118986,-0.129986,0.184300,0.173300,-0.140000,0.011000
2015-04-27,-0.334078,-0.114978,-0.158978,0.219100,0.175100,-0.160000,0.044000
2015-04-28,-0.352701,-0.108101,-0.163101,0.244600,0.189600,-0.170000,0.055000
2015-04-29,-0.487081,-0.077681,-0.177681,0.409400,0.309400,-0.200000,0.100000
2015-04-30,-0.400775,-0.042375,-0.142375,0.358400,0.258400,-0.200000,0.100000
2015-05-01,-0.331047,-0.029247,-0.127247,0.301800,0.203800,-0.200000,0.098000
2015-05-04,-0.271699,-0.001099,-0.109099,0.270600,0.162600,-0.230000,0.108000
2015-05-05,-0.362276,0.008624,-0.132376,0.370900,0.229900,-0.160000,0.141000
2015-05-06,-0.263143,0.006057,-0.026943,0.269200,0.236200,-0.200000,0.033000
2015-05-07,-0.277176,-0.004676,-0.013676,0.272500,0.263500,-0.220000,0.009000
2015-05-08,-0.190328,0.003372,0.044372,0.193700,0.234700,-0.310000,-0.041000
2015-05-11,-0.249112,0.010288,0.016288,0.259400,0.265400,-0.320000,-0.006000
2015-05-12,-0.307327,0.027673,-0.011327,0.335000,0.296000,-0.270000,0.039000
2015-05-13,-0.291400,0.035000,0.066000,0.326400,0.357400,-0.330000,-0.031000
2015-05-14,-0.254531,0.053569,0.103569,0.308100,0.358100,-0.340000,-0.050000
2015-05-15,-0.137468,0.030132,0.135132,0.167600,0.272600,-0.330000,-0.105000
2015-05-18,-0.095557,0.043443,0.033443,0.139000,0.129000,-0.260000,0.010000
2015-05-19,-0.138002,0.027198,0.022198,0.165200,0.160200,-0.310000,0.005000
2015-05-20,-0.184783,0.023617,0.048617,0.208400,0.233400,-0.340000,-0.025000
2015-05-21,-0.171354,0.003546,0.004546,0.174900,0.175900,-0.320000,-0.001000
2015-05-22,-0.167463,-0.003163,-0.078163,0.164300,0.089300,-0.180000,0.075000
2015-05-25,-0.191819,0.000081,-0.053919,0.191900,0.137900,-0.170000,0.054000
2015-05-26,-0.121065,0.012435,0.006435,0.133500,0.127500,-0.170000,0.006000
2015-05-27,-0.079574,0.000526,-0.025474,0.080100,0.054100,-0.150000,0.026000
2015-05-28,-0.045050,-0.018250,-0.001250,0.026800,0.043800,-0.170000,-0.017000
2015-05-29,0.035862,-0.017238,0.024762,-0.053100,-0.011100,-0.140000,-0.042000
2015-06-01,0.033166,-0.031734,-0.033734,-0.064900,-0.066900,0.030000,0.002000
2015-06-02,-0.041016,-0.008616,-0.012616,0.032400,0.028400,0.020000,0.004000
2015-06-03,-0.006166,0.019534,0.050534,0.025700,0.056700,-0.030000,-0.031000
2015-06-04,0.023547,0.011947,0.033947,-0.011600,0.010400,-0.010000,-0.022000
2015-06-05,-0.115025,0.059775,-0.005225,0.174800,0.109800,-0.020000,0.065000
2015-06-08,-0.072165,0.059835,0.024835,0.132000,0.097000,-0.050000,0.035000
2015-06-09,-0.160024,0.069976,-0.001024,0.230000,0.159000,-0.040000,0.071000
2015-06-10,-0.261896,0.052304,-0.038696,0.314200,0.223200,-0.060000,0.091000
2015-06-11,-0.240317,0.034283,-0.055717,0.274600,0.184600,-0.050000,0.090000
2015-06-12,-0.203729,0.000271,-0.058729,0.204000,0.145000,-0.060000,0.059000
2015-06-15,-0.291028,0.024772,-0.135228,0.315800,0.155800,0.020000,0.160000
2015-06-16,-0.336366,0.020234,-0.063766,0.356600,0.272600,-0.050000,0.084000
2015-06-17,-0.401801,0.030299,-0.049701,0.432100,0.352100,-0.080000,0.080000
2015-06-18,-0.415695,0.004705,-0.069295,0.420400,0.346400,-0.110000,0.074000
2015-06-19,-0.382287,0.008413,-0.080587,0.390700,0.301700,-0.060000,0.089000
2015-06-22,-0.459570,0.033230,-0.081770,0.492800,0.377800,-0.040000,0.115000
2015-06-23,-0.372634,0.046766,-0.068234,0.419400,0.304400,0.040000,0.115000
2015-06-24,-0.458701,0.046099,-0.084901,0.504800,0.373800,0.020000,0.131000
2015-06-25,-0.469035,0.037765,-0.094235,0.506800,0.374800,-0.010000,0.132000
2015-06-26,-0.491169,0.053831,-0.145169,0.545000,0.346000,0.040000,0.199000
2015-06-29,-0.413279,0.042921,-0.074079,0.456200,0.339200,0.020000,0.117000
2015-06-30,-0.355531,0.021869,-0.091131,0.377400,0.264400,0.090000,0.113000
2015-07-01,-0.416907,0.011693,-0.206307,0.428600,0.210600,0.200000,0.218000
2015-07-02,-0.426057,-0.013257,-0.158257,0.412800,0.267800,0.150000,0.145000
2015-07-03,-0.377274,-0.034274,-0.159274,0.343000,0.218000,0.140000,0.125000
2015-07-06,-0.359615,-0.005615,-0.070615,0.354000,0.289000,0.100000,0.065000
2015-07-07,-0.220551,-0.019351,-0.045351,0.201200,0.175200,0.060000,0.026000
2015-07-08,-0.281280,-0.023780,-0.004780,0.257500,0.276500,0.070000,-0.019000
2015-07-09,-0.323381,-0.028881,-0.084881,0.294500,0.238500,0.120000,0.056000
2015-07-10,-0.447004,0.011196,-0.108804,0.458200,0.338200,0.130000,0.120000
2015-07-13,-0.437861,0.012939,-0.167061,0.450800,0.270800,0.270000,0.180000
2015-07-14,-0.419743,0.007657,-0.152343,0.427400,0.267400,0.290000,0.160000
2015-07-15,-0.469045,-0.017445,-0.142445,0.451600,0.326600,0.360000,0.125000
2015-07-16,-0.425782,-0.005982,-0.124982,0.419800,0.300800,0.350000,0.119000
2015-07-17,-0.437267,-0.010667,-0.139667,0.426600,0.297600,0.350000,0.129000
2015-07-20,-0.321612,-0.022012,-0.156012,0.299600,0.165600,0.390000,0.134000
2015-07-21,-0.307313,0.011787,-0.142213,0.319100,0.165100,0.390000,0.154000
2015-07-22,-0.329144,-0.010744,-0.200744,0.318400,0.128400,0.410000,0.190000
2015-07-23,-0.295452,0.001448,-0.163552,0.296900,0.131900,0.390000,0.165000
2015-07-24,-0.238568,0.005232,-0.130768,0.243800,0.107800,0.380000,0.136000
2015-07-27,-0.139684,-0.020684,-0.136684,0.119000,0.003000,0.390000,0.116000
2015-07-28,-0.176881,-0.046281,-0.151281,0.130600,0.025600,0.350000,0.105000
2015-07-29,-0.188001,-0.047901,-0.144901,0.140100,0.043100,0.350000,0.097000
2015-07-30,-0.218327,-0.065327,-0.182327,0.153000,0.036000,0.380000,0.117000
2015-07-31,-0.034641,-0.058041,-0.105041,-0.023400,-0.070400,0.330000,0.047000
2015-08-03,-0.032448,-0.056348,-0.083348,-0.023900,-0.050900,0.310000,0.027000
2015-08-04,-0.062473,-0.043673,-0.164673,0.018800,-0.102200,0.390000,0.121000
2015-08-05,-0.183787,-0.035487,-0.176487,0.148300,0.007300,0.370000,0.141000
2015-08-06,-0.095148,-0.052048,-0.138048,0.043100,-0.042900,0.350000,0.086000
2015-08-07,-0.037686,-0.083986,-0.199986,-0.046300,-0.162300,0.370000,0.116000
2015-08-10,-0.109570,-0.084370,-0.220370,0.025200,-0.110800,0.370000,0.136000
2015-08-11,-0.046134,-0.096034,-0.210034,-0.049900,-0.163900,0.370000,0.114000
2015-08-12,-0.087344,-0.099344,-0.208344,-0.012000,-0.121000,0.340000,0.109000
2015-08-13,-0.071924,-0.092924,-0.221924,-0.021000,-0.150000,0.370000,0.129000
2015-08-14,-0.078344,-0.077244,-0.167244,0.001100,-0.088900,0.380000,0.090000
2015-08-17,-0.014405,-0.071605,-0.175605,-0.057200,-0.161200,0.390000,0.104000
2015-08-18,-0.039746,-0.044446,-0.173446,-0.004700,-0.133700,0.400000,0.129000
2015-08-19,-0.047263,-0.046263,-0.066263,0.001000,-0.019000,0.340000,0.020000
2015-08-20,0.005691,-0.056709,-0.101709,-0.062400,-0.107400,0.370000,0.045000
2015-08-21,0.035071,-0.042629,-0.037629,-0.077700,-0.072700,0.320000,-0.005000
2015-08-24,0.075472,-0.048228,0.006772,-0.123700,-0.068700,0.260000,-0.055000
2015-08-25,-0.027434,-0.019234,-0.057234,0.008200,-0.029800,0.310000,0.038000
2015-08-26,-0.078429,-0.013629,-0.061629,0.064800,0.016800,0.240000,0.048000
2015-08-27,-0.068735,-0.016335,-0.041335,0.052400,0.027400,0.200000,0.025000
2015-08-28,-0.007983,-0.045083,-0.110083,-0.037100,-0.102100,0.250000,0.065000
2015-08-31,0.058440,-0.052260,-0.093260,-0.110700,-0.151700,0.220000,0.041000
2015-09-01,0.036513,-0.019887,-0.050887,-0.056400,-0.087400,0.190000,0.031000
2015-09-02,0.071747,-0.045253,-0.020253,-0.117000,-0.092000,0.210000,-0.025000
2015-09-03,0.040043,-0.080557,-0.073557,-0.120600,-0.113600,0.210000,-0.007000
2015-09-04,0.130305,-0.103095,-0.076095,-0.233400,-0.206400,0.210000,-0.027000
2015-09-07,0.199865,-0.083135,-0.027135,-0.283000,-0.227000,0.200000,-0.056000
2015-09-08,0.123167,-0.067933,-0.061933,-0.191100,-0.185100,0.230000,-0.006000
2015-09-09,0.038376,-0.061324,-0.056324,-0.099700,-0.094700,0.190000,-0.005000
2015-09-10,0.088153,-0.071447,-0.085447,-0.159600,-0.173600,0.190000,0.014000
2015-09-11,0.123838,-0.064162,-0.054162,-0.188000,-0.178000,0.150000,-0.010000
2015-09-14,0.163219,-0.068181,-0.118181,-0.231400,-0.281400,0.220000,0.050000
2015-09-15,0.108322,-0.052778,-0.197778,-0.161100,-0.306100,0.290000,0.145000
2015-09-16,0.042010,-0.046690,-0.201690,-0.088700,-0.243700,0.240000,0.155000
2015-09-17,0.106402,-0.036498,-0.046498,-0.142900,-0.152900,0.160000,0.010000
2015-09-18,0.209453,-0.059347,-0.040347,-0.268800,-0.249800,0.160000,-0.019000
2015-09-21,0.221928,-0.045272,-0.075272,-0.267200,-0.297200,0.120000,0.030000
2015-09-22,0.321962,-0.072038,-0.071038,-0.394000,-0.393000,0.130000,-0.001000
2015-09-23,0.331059,-0.069841,-0.033841,-0.400900,-0.364900,0.100000,-0.036000
2015-09-24,0.301623,-0.057277,-0.072277,-0.358900,-0.373900,0.080000,0.015000
2015-09-25,0.189206,-0.036094,-0.084094,-0.225300,-0.273300,0.010000,0.048000
2015-09-28,0.295104,-0.040096,-0.009096,-0.335200,-0.304200,-0.030000,-0.031000
2015-09-29,0.314071,-0.028229,-0.016229,-0.342300,-0.330300,-0.020000,-0.012000
2015-09-30,0.284916,0.025016,0.030016,-0.259900,-0.254900,-0.050000,-0.005000
2015-10-01,0.278693,0.003493,-0.039507,-0.275200,-0.318200,-0.020000,0.043000
2015-10-02,0.171596,-0.005504,-0.008504,-0.177100,-0.180100,-0.030000,0.003000
2015-10-05,0.180640,0.006940,-0.056060,-0.173700,-0.236700,-0.020000,0.063000
2015-10-06,0.242355,0.025055,0.007055,-0.217300,-0.235300,-0.040000,0.018000
2015-10-07,0.262788,-0.018312,-0.022312,-0.281100,-0.285100,-0.030000,0.004000
2015-10-08,0.300925,-0.031875,0.008125,-0.332800,-0.292800,-0.120000,-0.040000
2015-10-09,0.294547,-0.018853,-0.008853,-0.313400,-0.303400,-0.120000,-0.010000
2015-10-12,0.357799,-0.004101,-0.019101,-0.361900,-0.376900,-0.160000,0.015000
2015-10-13,0.288841,-0.025159,0.004841,-0.314000,-0.284000,-0.160000,-0.030000
2015-10-14,0.383525,-0.019575,0.090425,-0.403100,-0.293100,-0.210000,-0.110000
2015-10-15,0.359647,-0.038753,0.066247,-0.398400,-0.293400,-0.210000,-0.105000
2015-10-16,0.343945,-0.039455,0.065545,-0.383400,-0.278400,-0.200000,-0.105000
2015-10-19,0.302197,-0.036503,0.108497,-0.338700,-0.193700,-0.230000,-0.145000
2015-10-20,0.303843,-0.008357,0.046643,-0.312200,-0.257200,-0.180000,-0.055000
2015-10-21,0.292539,-0.017461,0.052539,-0.310000,-0.240000,-0.160000,-0.070000
2015-10-22,0.191180,-0.098820,-0.022820,-0.290000,-0.214000,-0.180000,-0.076000
2015-10-23,0.160894,-0.075706,-0.041706,-0.236600,-0.202600,-0.120000,-0.034000
2015-10-26,0.205054,-0.083646,-0.035646,-0.288700,-0.240700,-0.100000,-0.048000
2015-10-27,0.270612,-0.079988,-0.006988,-0.350600,-0.277600,-0.110000,-0.073000
2015-10-28,0.147118,-0.079082,-0.141082,-0.226200,-0.288200,-0.070000,0.062000
2015-10-29,0.028710,-0.065290,-0.137290,-0.094000,-0.166000,-0.090000,0.072000
2015-10-30,0.038714,-0.051186,-0.064186,-0.089900,-0.102900,-0.160000,0.013000
2015-11-02,0.096720,-0.049680,-0.092680,-0.146400,-0.189400,-0.110000,0.043000
2015-11-03,0.033430,-0.050970,-0.143970,-0.084400,-0.177400,-0.060000,0.093000
2015-11-04,-0.036092,-0.044992,-0.157992,-0.008900,-0.121900,-0.070000,0.113000
2015-11-05,0.060996,-0.039004,-0.163004,-0.100000,-0.224000,-0.050000,0.124000
2015-11-06,-0.070038,-0.016238,-0.237238,0.053800,-0.167200,-0.030000,0.221000
2015-11-09,-0.134529,-0.024429,-0.249429,0.110100,-0.114900,-0.030000,0.225000
2015-11-10,-0.101897,-0.058897,-0.213897,0.043000,-0.112000,-0.100000,0.155000
2015-11-11,-0.098787,-0.068987,-0.213987,0.029800,-0.115200,-0.110000,0.145000
2015-11-12,-0.121500,-0.070600,-0.250600,0.050900,-0.129100,-0.070000,0.180000
2015-11-13,-0.068163,-0.097363,-0.227363,-0.029200,-0.159200,-0.080000,0.130000
2015-11-16,-0.050429,-0.102129,-0.321129,-0.051700,-0.270700,-0.030000,0.219000
2015-11-17,-0.148791,-0.088491,-0.272491,0.060300,-0.123700,-0.100000,0.184000
2015-11-18,-0.165946,-0.088246,-0.367246,0.077700,-0.201300,-0.050000,0.279000
2015-11-19,-0.156469,-0.079369,-0.424369,0.077100,-0.267900,0.020000,0.345000
2015-11-20,-0.080595,-0.113295,-0.403295,-0.032700,-0.322700,0.010000,0.290000
2015-11-23,-0.076892,-0.121892,-0.421892,-0.045000,-0.345000,0.040000,0.300000
2015-11-24,-0.031649,-0.130749,-0.389749,-0.099100,-0.358100,0.030000,0.259000
2015-11-25,-0.100654,-0.159354,-0.383354,-0.058700,-0.282700,0.000000,0.224000
2015-11-26,-0.071668,-0.170568,-0.373568,-0.098900,-0.301900,0.010000,0.203000
2015-11-27,-0.079536,-0.184536,-0.419536,-0.105000,-0.340000,0.010000,0.235000
2015-11-30,-0.081958,-0.168658,-0.406658,-0.086700,-0.324700,0.010000,0.238000
2015-12-01,-0.048108,-0.145708,-0.369708,-0.097600,-0.321600,0.030000,0.224000
2015-12-02,-0.110299,-0.147499,-0.404499,-0.037200,-0.294200,0.050000,0.257000
2015-12-03,-0.125631,-0.033431,-0.314431,0.092200,-0.188800,0.040000,0.281000
2015-12-04,-0.113841,-0.015341,-0.271341,0.098500,-0.157500,0.040000,0.256000
2015-12-07,-0.004715,-0.022215,-0.248215,-0.017500,-0.243500,0.050000,0.226000
2015-12-08,-0.022377,-0.023977,-0.254977,-0.001600,-0.232600,0.080000,0.231000
2015-12-09,-0.125721,-0.027621,-0.292621,0.098100,-0.166900,0.140000,0.265000
2015-12-10,-0.093419,-0.038319,-0.303319,0.055100,-0.209900,0.130000,0.265000
2015-12-11,-0.029799,-0.057199,-0.167199,-0.027400,-0.137400,0.070000,0.110000
2015-12-14,0.011484,-0.049516,-0.249516,-0.061000,-0.261000,0.170000,0.200000
2015-12-15,-0.090369,-0.068169,-0.393169,0.022200,-0.302800,0.240000,0.325000
2015-12-16,-0.160799,-0.044099,-0.413099,0.116700,-0.252300,0.240000,0.369000
2015-12-17,-0.075974,-0.058674,-0.382674,0.017300,-0.306700,0.280000,0.324000
2015-12-18,-0.160468,-0.023868,-0.367868,0.136600,-0.207400,0.280000,0.344000
2015-12-21,-0.134550,-0.051650,-0.360650,0.082900,-0.226100,0.280000,0.309000
2015-12-22,-0.239662,-0.035162,-0.410162,0.204500,-0.170500,0.310000,0.375000
2015-12-23,-0.179664,-0.036164,-0.397164,0.143500,-0.217500,0.350000,0.361000
2015-12-24,-0.208485,-0.028985,-0.436985,0.179500,-0.228500,0.370000,0.408000
2015-12-25,-0.218302,-0.016902,-0.457902,0.201400,-0.239600,0.400000,0.441000
2015-12-28,-0.238820,-0.051620,-0.512620,0.187200,-0.273800,0.450000,0.461000
2015-12-29,-0.221537,-0.024737,-0.516737,0.196800,-0.295200,0.470000,0.492000
2015-12-30,-0.355763,-0.034463,-0.569463,0.321300,-0.213700,0.520000,0.535000
2015-12-31,-0.276442,-0.048542,-0.533542,0.227900,-0.257100,0.480000,0.485000
2016-01-01,-0.289862,-0.065662,-0.549662,0.224200,-0.259800,0.480000,0.484000
2016-01-04,-0.204189,-0.088689,-0.487689,0.115500,-0.283500,0.440000,0.399000
2016-01-05,-0.203573,-0.082473,-0.507473,0.121100,-0.303900,0.490000,0.425000
2016-01-06,-0.109117,-0.098617,-0.472617,0.010500,-0.363500,0.490000,0.374000
2016-01-07,-0.133780,-0.090880,-0.433880,0.042900,-0.300100,0.460000,0.343000
2016-01-08,-0.097841,-0.099441,-0.435441,-0.001600,-0.337600,0.420000,0.336000
2016-01-11,-0.163384,-0.086584,-0.492584,0.076800,-0.329200,0.500000,0.406000
2016-01-12,-0.120133,-0.066033,-0.424033,0.054100,-0.303900,0.510000,0.358000
2016-01-13,-0.092904,-0.067504,-0.413504,0.025400,-0.320600,0.530000,0.346000
2016-01-14,-0.062670,-0.082470,-0.412470,-0.019800,-0.349800,0.500000,0.330000
2016-01-15,0.016966,-0.113234,-0.342234,-0.130200,-0.359200,0.460000,0.229000
2016-01-18,-0.051555,-0.094555,-0.343555,-0.043000,-0.292000,0.430000,0.249000
2016-01-19,0.008170,-0.012430,-0.312430,-0.020600,-0.320600,0.500000,0.300000
2016-01-20,0.087546,-0.060454,-0.270454,-0.148000,-0.358000,0.340000,0.210000
2016-01-21,-0.016704,-0.089204,-0.293204,-0.072500,-0.276500,0.260000,0.204000
2016-01-22,-0.092096,-0.065196,-0.324196,0.026900,-0.232100,0.270000,0.259000
2016-01-25,-0.023113,-0.064913,-0.243913,-0.041800,-0.220800,0.270000,0.179000
2016-01-26,0.077766,-0.086334,-0.215334,-0.164100,-0.293100,0.240000,0.129000
2016-01-27,0.076977,-0.085723,-0.204723,-0.162700,-0.281700,0.240000,0.119000
2016-01-28,0.119092,-0.106708,-0.194708,-0.225800,-0.313800,0.210000,0.088000
2016-01-29,0.231789,-0.071811,-0.116811,-0.303600,-0.348600,0.130000,0.045000
2016-02-01,0.226791,0.029491,-0.102509,-0.197300,-0.329300,0.170000,0.132000
2016-02-02,0.248395,0.005695,-0.047305,-0.242700,-0.295700,0.150000,0.053000
2016-02-03,0.338865,0.005765,0.003765,-0.333100,-0.335100,0.090000,0.002000
2016-02-04,0.330183,0.012883,0.028883,-0.317300,-0.301300,0.090000,-0.016000
2016-02-05,0.320743,0.054943,-0.004057,-0.265800,-0.324800,0.160000,0.059000
2016-02-08,0.467425,0.037525,0.060525,-0.429900,-0.406900,0.110000,-0.023000
2016-02-09,0.433827,0.089927,0.053927,-0.343900,-0.379900,0.100000,0.036000
2016-02-10,0.395691,0.077591,0.015591,-0.318100,-0.380100,0.110000,0.062000
2016-02-11,0.479602,0.063802,0.091802,-0.415800,-0.387800,0.010000,-0.028000
2016-02-12,0.408667,0.022767,0.018767,-0.385900,-0.389900,0.030000,0.004000
2016-02-15,0.361421,0.003221,0.063221,-0.358200,-0.298200,0.010000,-0.060000
2016-02-16,0.340890,0.017990,0.048990,-0.322900,-0.291900,-0.010000,-0.031000
2016-02-17,0.292061,0.017261,0.082261,-0.274800,-0.209800,-0.060000,-0.065000
2016-02-18,0.332701,0.048201,0.118201,-0.284500,-0.214500,-0.040000,-0.070000
2016-02-19,0.320786,0.076886,0.035886,-0.243900,-0.284900,-0.000000,0.041000
2016-02-22,0.386255,0.105755,0.048755,-0.280500,-0.337500,0.030000,0.057000
2016-02-23,0.352611,0.110711,0.082711,-0.241900,-0.269900,-0.020000,0.028000
2016-02-24,0.407013,0.114613,0.078613,-0.292400,-0.328400,-0.030000,0.036000
2016-02-25,0.407421,0.103521,0.119521,-0.303900,-0.287900,-0.080000,-0.016000
2016-02-26,0.322019,0.119119,0.005119,-0.202900,-0.316900,-0.020000,0.114000
2016-02-29,0.372746,0.118246,0.048246,-0.254500,-0.324500,-0.050000,0.070000
2016-03-01,0.321400,-0.007900,-0.113900,-0.329300,-0.435300,0.010000,0.106000
2016-03-02,0.273576,-0.033324,-0.124324,-0.306900,-0.397900,-0.030000,0.091000
2016-03-03,0.166530,-0.059070,-0.155070,-0.225600,-0.321600,0.000000,0.096000
2016-03-04,0.158951,-0.046549,-0.159549,-0.205500,-0.318500,-0.010000,0.113000
2016-03-07,0.243241,-0.021459,-0.178459,-0.264700,-0.421700,-0.010000,0.157000
2016-03-08,0.282530,-0.013570,-0.138570,-0.296100,-0.421100,-0.030000,0.125000
2016-03-09,0.199497,-0.012903,-0.185903,-0.212400,-0.385400,-0.030000,0.173000
2016-03-10,0.128903,-0.034097,-0.137097,-0.163000,-0.266000,-0.100000,0.103000
2016-03-11,0.232526,0.008126,-0.114874,-0.224400,-0.347400,-0.070000,0.123000
2016-03-14,0.243633,0.018233,-0.075767,-0.225400,-0.319400,-0.080000,0.094000
2016-03-15,0.229256,0.021356,-0.083644,-0.207900,-0.312900,-0.080000,0.105000
2016-03-16,0.252029,0.029229,0.004229,-0.222800,-0.247800,-0.150000,0.025000
2016-03-17,0.294626,0.062226,-0.011774,-0.232400,-0.306400,-0.130000,0.074000
2016-03-18,0.312771,0.044471,0.016471,-0.268300,-0.296300,-0.170000,0.028000
2016-03-21,0.340679,0.041679,0.003679,-0.299000,-0.337000,-0.200000,0.038000
2016-03-22,0.340258,0.033758,-0.021242,-0.306500,-0.361500,-0.190000,0.055000
2016-03-23,0.340203,0.041703,0.016703,-0.298500,-0.323500,-0.230000,0.025000
2016-03-24,0.315329,0.033329,0.015329,-0.282000,-0.300000,-0.230000,0.018000
2016-03-25,0.316799,0.037899,0.048899,-0.278900,-0.267900,-0.260000,-0.011000
2016-03-28,0.404685,0.055085,0.052085,-0.349600,-0.352600,-0.270000,0.003000
2016-03-29,0.399248,0.040148,0.129148,-0.359100,-0.270100,-0.310000,-0.089000
2016-03-30,0.381004,0.049404,0.156404,-0.331600,-0.224600,-0.350000,-0.107000
2016-03-31,0.367150,0.054050,0.166050,-0.313100,-0.201100,-0.370000,-0.112000
2016-04-01,0.355150,0.068350,0.164350,-0.286800,-0.190800,-0.370000,-0.096000
2016-04-04,0.309060,0.100660,0.144660,-0.208400,-0.164400,-0.380000,-0.044000
2016-04-05,0.342295,0.083095,0.131095,-0.259200,-0.211200,-0.350000,-0.048000
2016-04-06,0.320193,0.113193,0.122193,-0.207000,-0.198000,-0.330000,-0.009000
2016-04-07,0.345233,0.086833,0.121833,-0.258400,-0.223400,-0.380000,-0.035000
2016-04-08,0.282115,0.082415,0.099415,-0.199700,-0.182700,-0.450000,-0.017000
2016-04-11,0.254575,0.091475,0.090475,-0.163100,-0.164100,-0.470000,0.001000
2016-04-12,0.195759,0.107059,0.046059,-0.088700,-0.149700,-0.430000,0.061000
2016-04-13,0.119670,0.100370,-0.012630,-0.019300,-0.132300,-0.390000,0.113000
2016-04-14,0.143532,0.121732,-0.031268,-0.021800,-0.174800,-0.370000,0.153000
2016-04-15,0.167434,0.100834,0.006834,-0.066600,-0.160600,-0.440000,0.094000
2016-04-18,0.087495,0.137095,-0.005905,0.049600,-0.093400,-0.320000,0.143000
2016-04-19,0.130840,0.178640,0.000640,0.047800,-0.130200,-0.240000,0.178000
2016-04-20,0.209584,0.168184,0.005184,-0.041400,-0.204400,-0.250000,0.163000
2016-04-21,0.097114,0.175214,-0.003786,0.078100,-0.100900,-0.270000,0.179000
2016-04-22,0.096323,0.199223,-0.044777,0.102900,-0.141100,-0.250000,0.244000
2016-04-25,0.066912,0.174512,-0.078488,0.107600,-0.145400,-0.270000,0.253000
2016-04-26,-0.001690,0.184510,-0.084490,0.186200,-0.082800,-0.240000,0.269000
2016-04-27,-0.055374,0.140426,-0.095574,0.195800,-0.040200,-0.190000,0.236000
2016-04-28,0.003196,0.035296,-0.018704,0.032100,-0.021900,-0.280000,0.054000
2016-04-29,-0.060699,0.051701,-0.060299,0.112400,0.000400,-0.280000,0.112000
2016-05-02,-0.090087,0.038513,-0.103487,0.128600,-0.013400,-0.210000,0.142000
2016-05-03,-0.016067,0.023633,-0.092367,0.039700,-0.076300,-0.200000,0.116000
2016-05-04,-0.002561,0.009839,-0.051161,0.012400,-0.048600,-0.200000,0.061000
2016-05-05,-0.100466,0.018434,-0.093566,0.118900,0.006900,-0.170000,0.112000
2016-05-06,-0.050382,-0.032782,-0.088782,0.017600,-0.038400,-0.160000,0.056000
2016-05-09,-0.019449,-0.006149,-0.047149,0.013300,-0.027700,-0.170000,0.041000
2016-05-10,-0.128203,0.011697,-0.099303,0.139900,0.028900,-0.080000,0.111000
2016-05-11,-0.016265,0.050835,-0.063165,0.067100,-0.046900,-0.060000,0.114000
2016-05-12,-0.023741,0.064359,-0.093641,0.088100,-0.069900,-0.070000,0.158000
2016-05-13,-0.013746,0.045254,-0.067746,0.059000,-0.054000,-0.070000,0.113000
2016-05-16,0.009345,0.058445,-0.094555,0.049100,-0.103900,-0.030000,0.153000
2016-05-17,0.000584,0.031884,-0.147116,0.031300,-0.147700,-0.040000,0.179000
2016-05-18,-0.082472,0.011728,-0.162272,0.094200,-0.079800,-0.040000,0.174000
2016-05-19,-0.094273,-0.008673,-0.131673,0.085600,-0.037400,-0.060000,0.123000
2016-05-20,-0.130382,-0.002082,-0.164082,0.128300,-0.033700,-0.020000,0.162000
2016-05-23,-0.193633,-0.000433,-0.184433,0.193200,0.009200,0.030000,0.184000
2016-05-24,-0.217912,0.003988,-0.223012,0.221900,-0.005100,0.060000,0.227000
2016-05-25,-0.171610,-0.018710,-0.136710,0.152900,0.034900,0.000000,0.118000
2016-05-26,-0.196975,-0.010775,-0.094775,0.186200,0.102200,-0.020000,0.084000
2016-05-27,-0.176386,-0.003186,-0.057186,0.173200,0.119200,-0.070000,0.054000
2016-05-30,-0.107048,-0.001148,-0.056148,0.105900,0.050900,-0.060000,0.055000
2016-05-31,-0.072075,0.049025,0.001025,0.121100,0.073100,-0.080000,0.048000
2016-06-01,-0.007758,0.028542,-0.040458,0.036300,-0.032700,-0.040000,0.069000
2016-06-02,0.006450,0.013250,0.005250,0.006800,-0.001200,-0.060000,0.008000
2016-06-03,0.010631,0.004531,0.094531,-0.006100,0.083900,-0.100000,-0.090000
2016-06-06,0.063182,0.027682,0.059682,-0.035500,-0.003500,-0.110000,-0.032000
2016-06-07,0.145022,0.037722,0.110722,-0.107300,-0.034300,-0.110000,-0.073000
2016-06-08,0.134636,-0.017564,0.094436,-0.152200,-0.040200,-0.130000,-0.112000
2016-06-09,0.114517,-0.024183,0.098817,-0.138700,-0.015700,-0.130000,-0.123000
2016-06-10,0.073102,0.002502,0.136502,-0.070600,0.063400,-0.160000,-0.134000
2016-06-13,0.077981,0.000281,0.038281,-0.077700,-0.039700,-0.080000,-0.038000
2016-06-14,0.080077,-0.038623,0.012377,-0.118700,-0.067700,-0.100000,-0.051000
2016-06-15,0.097722,-0.047678,0.038322,-0.145400,-0.059400,-0.090000,-0.086000
2016-06-16,0.105478,-0.064422,0.041578,-0.169900,-0.063900,-0.120000,-0.106000
2016-06-17,0.044046,-0.086354,0.083646,-0.130400,0.039600,-0.170000,-0.170000
2016-06-20,-0.041817,-0.082217,0.020783,-0.040400,0.062600,-0.140000,-0.103000
2016-06-21,-0.056897,-0.077697,0.019303,-0.020800,0.076200,-0.170000,-0.097000
2016-06-22,-0.071626,-0.085826,0.036174,-0.014200,0.107800,-0.180000,-0.122000
2016-06-23,-0.096808,-0.082508,0.015492,0.014300,0.112300,-0.170000,-0.098000
2016-06-24,0.094116,-0.098784,-0.023784,-0.192900,-0.117900,-0.170000,-0.075000
2016-06-27,0.270979,-0.106021,-0.014021,-0.377000,-0.285000,-0.110000,-0.092000
2016-06-28,0.209192,-0.073608,-0.040608,-0.282800,-0.249800,-0.070000,-0.033000
2016-06-29,0.196977,-0.083623,-0.027623,-0.280600,-0.224600,-0.140000,-0.056000
2016-06-30,0.230827,-0.105173,-0.009173,-0.336000,-0.240000,-0.140000,-0.096000
2016-07-01,0.192713,-0.059887,-0.038887,-0.252600,-0.231600,-0.130000,-0.021000
2016-07-04,0.192895,-0.096505,-0.049505,-0.289400,-0.242400,-0.110000,-0.047000
2016-07-05,0.193775,-0.092425,-0.036425,-0.286200,-0.230200,-0.100000,-0.056000
2016-07-06,0.206964,-0.094836,-0.067836,-0.301800,-0.274800,-0.040000,-0.027000
2016-07-07,0.221370,-0.093430,-0.069430,-0.314800,-0.290800,-0.030000,-0.024000
2016-07-08,0.288181,-0.090219,-0.062219,-0.378400,-0.350400,-0.020000,-0.028000
2016-07-11,0.267041,-0.081459,-0.099459,-0.348500,-0.366500,0.010000,0.018000
2016-07-12,0.243454,-0.085946,-0.098946,-0.329400,-0.342400,0.020000,0.013000
2016-07-13,0.292275,-0.070825,-0.113825,-0.363100,-0.406100,0.030000,0.043000
2016-07-14,0.305303,-0.064297,-0.097297,-0.369600,-0.402600,-0.010000,0.033000
2016-07-15,0.320182,-0.086118,-0.100118,-0.406300,-0.420300,-0.030000,0.014000
2016-07-18,0.284002,-0.095398,-0.044398,-0.379400,-0.328400,-0.080000,-0.051000
2016-07-19,0.371378,-0.102122,-0.048122,-0.473500,-0.419500,-0.060000,-0.054000
2016-07-20,0.389418,-0.107682,-0.044682,-0.497100,-0.434100,-0.040000,-0.063000
2016-07-21,0.413152,-0.088548,0.004452,-0.501700,-0.408700,-0.020000,-0.093000
2016-07-22,0.501911,-0.083889,-0.001889,-0.585800,-0.503800,-0.010000,-0.082000
2016-07-25,0.489312,-0.060988,-0.036988,-0.550300,-0.526300,-0.010000,-0.024000
2016-07-26,0.461487,-0.042813,-0.104813,-0.504300,-0.566300,0.050000,0.062000
2016-07-27,0.521785,-0.019415,-0.107415,-0.541200,-0.629200,0.060000,0.088000
2016-07-28,0.520142,-0.053758,-0.074758,-0.573900,-0.594900,0.030000,0.021000
2016-07-29,0.494032,-0.132568,-0.059568,-0.626600,-0.553600,0.020000,-0.073000
2016-08-01,0.441715,-0.143985,-0.056985,-0.585700,-0.498700,-0.040000,-0.087000
2016-08-02,0.380261,-0.188339,-0.059339,-0.568600,-0.439600,-0.030000,-0.129000
2016-08-03,0.358455,-0.172845,-0.032845,-0.531300,-0.391300,-0.070000,-0.140000
2016-08-04,0.489645,-0.189055,-0.039055,-0.678700,-0.528700,-0.090000,-0.150000
2016-08-05,0.456108,-0.180792,-0.125792,-0.636900,-0.581900,0.000000,-0.055000
2016-08-08,0.503539,-0.197261,-0.121261,-0.700800,-0.624800,0.020000,-0.076000
2016-08-09,0.543543,-0.186057,-0.070057,-0.729600,-0.613600,0.010000,-0.116000
2016-08-10,0.505301,-0.182599,-0.061599,-0.687900,-0.566900,-0.020000,-0.121000
2016-08-11,0.497198,-0.186102,-0.104102,-0.683300,-0.601300,-0.010000,-0.082000
2016-08-12,0.489032,-0.190668,-0.022668,-0.679700,-0.511700,-0.050000,-0.168000
2016-08-15,0.559120,-0.180280,0.061720,-0.739400,-0.497400,-0.090000,-0.242000
2016-08-16,0.519658,-0.151342,0.014658,-0.671000,-0.505000,-0.070000,-0.166000
2016-08-17,0.564785,-0.173315,0.027685,-0.738100,-0.537100,-0.100000,-0.201000
2016-08-18,0.561590,-0.168510,0.073490,-0.730100,-0.488100,-0.150000,-0.242000
2016-08-19,0.572264,-0.148136,0.044864,-0.720400,-0.527400,-0.100000,-0.193000
2016-08-22,0.585950,-0.146950,0.045050,-0.732900,-0.540900,-0.080000,-0.192000
2016-08-23,0.566010,-0.143790,0.018210,-0.709800,-0.547800,-0.060000,-0.162000
2016-08-24,0.581012,-0.154788,0.032212,-0.735800,-0.548800,-0.060000,-0.187000
2016-08-25,0.572275,-0.154925,0.008075,-0.727200,-0.564200,-0.050000,-0.163000
2016-08-26,0.573794,-0.176306,-0.085306,-0.750100,-0.659100,-0.020000,-0.091000
2016-08-29,0.522389,-0.160411,-0.003411,-0.682800,-0.525800,-0.100000,-0.157000
2016-08-30,0.471210,-0.155190,-0.022190,-0.626400,-0.493400,-0.110000,-0.133000
2016-08-31,0.424667,-0.146233,-0.123233,-0.570900,-0.547900,-0.060000,-0.023000
2016-09-01,0.427848,-0.153352,-0.069352,-0.581200,-0.497200,-0.040000,-0.084000
2016-09-02,0.358165,-0.164935,-0.121935,-0.523100,-0.480100,-0.050000,-0.043000
2016-09-05,0.386585,-0.150915,-0.122915,-0.537500,-0.509500,-0.050000,-0.028000
2016-09-06,0.416745,-0.168255,-0.081255,-0.585000,-0.498000,-0.090000,-0.087000
2016-09-07,0.418825,-0.195675,-0.133675,-0.614500,-0.552500,-0.040000,-0.062000
2016-09-08,0.348346,-0.184754,-0.156754,-0.533100,-0.505100,-0.030000,-0.028000
2016-09-09,0.242920,-0.141280,-0.117280,-0.384200,-0.360200,-0.030000,-0.024000
2016-09-12,0.259256,-0.085544,-0.150544,-0.344800,-0.409800,0.000000,0.065000
2016-09-13,0.234614,-0.078286,-0.138286,-0.312900,-0.372900,0.010000,0.060000
2016-09-14,0.264596,-0.032904,-0.121904,-0.297500,-0.386500,0.010000,0.089000
2016-09-15,0.361224,-0.041376,-0.064376,-0.402600,-0.425600,0.000000,0.023000
2016-09-16,0.421187,-0.047613,-0.079613,-0.468800,-0.500800,0.030000,0.032000
2016-09-19,0.427755,-0.045945,-0.112945,-0.473700,-0.540700,0.060000,0.067000
2016-09-20,0.493090,-0.062710,-0.100710,-0.555800,-0.593800,0.060000,0.038000
2016-09-21,0.276629,-0.070271,-0.157271,-0.346900,-0.433900,0.120000,0.087000
2016-09-22,0.153997,-0.086403,-0.208403,-0.240400,-0.362400,0.100000,0.122000
2016-09-23,0.160140,-0.107160,-0.196160,-0.267300,-0.356300,0.130000,0.089000
2016-09-26,0.189745,-0.106055,-0.177055,-0.295800,-0.366800,0.180000,0.071000
2016-09-27,0.140750,-0.090650,-0.229650,-0.231400,-0.370400,0.200000,0.139000
2016-09-28,0.140899,-0.099401,-0.223401,-0.240300,-0.364300,0.170000,0.124000
2016-09-29,0.109044,-0.099756,-0.189756,-0.208800,-0.298800,0.160000,0.090000
2016-09-30,0.036249,-0.071351,-0.250351,-0.107600,-0.286600,0.180000,0.179000
2016-10-03,0.088421,-0.074279,-0.241279,-0.162700,-0.329700,0.170000,0.167000
2016-10-04,0.070347,-0.086953,-0.264953,-0.157300,-0.335300,0.160000,0.178000
2016-10-05,0.026483,-0.079417,-0.250417,-0.105900,-0.276900,0.130000,0.171000
2016-10-06,0.012969,-0.076731,-0.205731,-0.089700,-0.218700,0.090000,0.129000
2016-10-07,-0.034382,-0.097282,-0.166282,-0.062900,-0.131900,0.050000,0.069000
2016-10-10,-0.131582,-0.083782,-0.156782,0.047800,-0.025200,0.060000,0.073000
2016-10-11,-0.078879,-0.111279,-0.208279,-0.032400,-0.129400,0.130000,0.097000
2016-10-12,-0.090736,-0.091736,-0.181736,-0.001000,-0.091000,0.140000,0.090000
2016-10-13,-0.086849,-0.096049,-0.196049,-0.009200,-0.109200,0.150000,0.100000
2016-10-14,-0.160567,-0.092467,-0.174467,0.068100,-0.013900,0.090000,0.082000
2016-10-17,-0.167812,-0.096112,-0.124112,0.071700,0.043700,0.080000,0.028000
2016-10-18,-0.172579,-0.117479,-0.185479,0.055100,-0.012900,0.100000,0.068000
2016-10-19,-0.211558,-0.124858,-0.161858,0.086700,0.049700,0.100000,0.037000
2016-10-20,-0.231792,-0.138492,-0.189492,0.093300,0.042300,0.150000,0.051000
2016-10-21,-0.210895,-0.142195,-0.152195,0.068700,0.058700,0.160000,0.010000
2016-10-24,-0.277861,-0.171361,-0.157361,0.106500,0.120500,0.160000,-0.014000
2016-10-25,-0.276288,-0.138988,-0.187988,0.137300,0.088300,0.180000,0.049000
2016-10-26,-0.341320,-0.022720,-0.215720,0.318600,0.125600,0.170000,0.193000
2016-10-27,-0.343574,-0.001774,-0.218774,0.341800,0.124800,0.160000,0.217000
2016-10-28,-0.316280,0.054220,-0.218780,0.370500,0.097500,0.170000,0.273000
2016-10-31,-0.308636,0.041264,-0.218736,0.349900,0.089900,0.200000,0.260000
2016-11-01,-0.463081,0.073119,-0.187881,0.536200,0.275200,0.180000,0.261000
2016-11-02,-0.380591,0.056509,-0.099491,0.437100,0.281100,0.070000,0.156000
2016-11-03,-0.453707,0.065693,-0.091307,0.519400,0.362400,0.040000,0.157000
2016-11-04,-0.432684,0.043516,-0.123484,0.476200,0.309200,0.070000,0.167000
2016-11-07,-0.452190,0.040810,-0.146190,0.493000,0.306000,0.080000,0.187000
2016-11-08,-0.463607,0.045393,-0.125607,0.509000,0.338000,0.070000,0.171000
2016-11-09,-0.491616,0.045184,-0.225816,0.536800,0.265800,0.120000,0.271000
2016-11-10,-0.547792,0.054408,-0.224592,0.602200,0.323200,0.120000,0.279000
2016-11-11,-0.502399,0.042701,-0.175299,0.545100,0.327100,0.100000,0.218000
2016-11-14,-0.555900,0.026300,-0.267700,0.582200,0.288200,0.170000,0.294000
2016-11-15,-0.521460,-0.030460,-0.328460,0.491000,0.193000,0.220000,0.298000
2016-11-16,-0.517695,-0.122395,-0.266395,0.395300,0.251300,0.150000,0.144000
2016-11-17,-0.528720,-0.069020,-0.302020,0.459700,0.226700,0.160000,0.233000
2016-11-18,-0.609632,-0.087032,-0.376032,0.522600,0.233600,0.210000,0.289000
2016-11-21,-0.572382,-0.078982,-0.376982,0.493400,0.195400,0.220000,0.298000
2016-11-22,-0.588125,-0.132025,-0.396025,0.456100,0.192100,0.220000,0.264000
2016-11-23,-0.605991,-0.093891,-0.357891,0.512100,0.248100,0.210000,0.264000
2016-11-24,-0.611694,-0.138094,-0.425094,0.473600,0.186600,0.220000,0.287000
2016-11-25,-0.592532,-0.181532,-0.446532,0.411000,0.146000,0.240000,0.265000
2016-11-28,-0.564448,-0.177048,-0.443048,0.387400,0.121400,0.230000,0.266000
2016-11-29,-0.558811,-0.155811,-0.442811,0.403000,0.116000,0.200000,0.287000
2016-11-30,-0.523788,-0.143388,-0.433388,0.380400,0.090400,0.200000,0.290000
2016-12-01,-0.577676,-0.134876,-0.455876,0.442800,0.121800,0.180000,0.321000
2016-12-02,-0.521456,-0.092156,-0.452156,0.429300,0.069300,0.210000,0.360000
2016-12-05,-0.510852,-0.055752,-0.435752,0.455100,0.075100,0.190000,0.380000
2016-12-06,-0.474591,-0.073991,-0.403991,0.400600,0.070600,0.190000,0.330000
2016-12-07,-0.374642,-0.073842,-0.373842,0.300800,0.000800,0.190000,0.300000
2016-12-08,-0.396983,-0.137483,-0.407483,0.259500,-0.010500,0.190000,0.270000
2016-12-09,-0.469581,-0.191481,-0.486481,0.278100,-0.016900,0.210000,0.295000
2016-12-12,-0.471552,-0.192052,-0.487052,0.279500,-0.015500,0.200000,0.295000
2016-12-13,-0.435463,-0.190263,-0.530263,0.245200,-0.094800,0.230000,0.340000
2016-12-14,-0.424569,-0.164469,-0.594469,0.260100,-0.169900,0.280000,0.430000
2016-12-15,-0.528007,-0.188907,-0.618907,0.339100,-0.090900,0.260000,0.430000
2016-12-16,-0.570150,-0.218950,-0.622950,0.351200,-0.052800,0.240000,0.404000
2016-12-19,-0.529810,-0.178910,-0.583910,0.350900,-0.054100,0.220000,0.405000
2016-12-20,-0.569918,-0.159818,-0.579818,0.410100,-0.009900,0.210000,0.420000
2016-12-21,-0.517084,-0.151884,-0.550884,0.365200,-0.033800,0.130000,0.399000
2016-12-22,-0.534253,-0.161453,-0.573453,0.372800,-0.039200,0.130000,0.412000
2016-12-23,-0.517734,-0.179634,-0.562634,0.338100,-0.044900,0.170000,0.383000
2016-12-26,-0.515214,-0.202414,-0.557414,0.312800,-0.042200,0.190000,0.355000
2016-12-27,-0.502672,-0.207472,-0.651472,0.295200,-0.148800,0.250000,0.444000
2016-12-28,-0.448459,-0.226759,-0.601759,0.221700,-0.153300,0.230000,0.375000
2016-12-29,-0.403701,-0.187201,-0.508201,0.216500,-0.104500,0.190000,0.321000
2016-12-30,-0.378646,-0.176646,-0.462646,0.202000,-0.084000,0.190000,0.286000
2017-01-02,-0.367812,-0.206812,-0.458812,0.161000,-0.091000,0.190000,0.252000
2017-01-03,-0.410075,-0.188575,-0.455575,0.221500,-0.045500,0.170000,0.267000
2017-01-04,-0.326788,-0.176688,-0.499688,0.150100,-0.172900,0.250000,0.323000
2017-01-05,-0.256334,-0.146734,-0.409734,0.109600,-0.153400,0.210000,0.263000
2017-01-06,-0.304713,-0.098813,-0.397813,0.205900,-0.093100,0.190000,0.299000
2017-01-09,-0.258942,-0.110942,-0.400942,0.148000,-0.142000,0.190000,0.290000
2017-01-10,-0.289195,-0.080795,-0.400795,0.208400,-0.111600,0.190000,0.320000
2017-01-11,-0.198909,-0.069609,-0.404609,0.129300,-0.205700,0.230000,0.335000
2017-01-12,-0.147771,-0.102671,-0.420671,0.045100,-0.272900,0.200000,0.318000
2017-01-13,-0.203975,-0.093975,-0.432975,0.110000,-0.229000,0.190000,0.339000
2017-01-16,-0.177862,-0.098462,-0.452462,0.079400,-0.274600,0.170000,0.354000
2017-01-17,-0.164926,-0.090426,-0.384426,0.074500,-0.219500,0.100000,0.294000
2017-01-18,-0.163997,-0.058597,-0.427597,0.105400,-0.263600,0.150000,0.369000
2017-01-19,-0.204681,-0.054181,-0.446181,0.150500,-0.241500,0.150000,0.392000
2017-01-20,-0.211204,-0.034004,-0.355004,0.177200,-0.143800,0.110000,0.321000
2017-01-23,-0.097363,-0.019563,-0.306563,0.077800,-0.209200,0.110000,0.287000
2017-01-24,-0.050030,-0.025130,-0.357130,0.024900,-0.307100,0.140000,0.332000
2017-01-25,-0.068602,-0.032002,-0.370002,0.036600,-0.301400,0.120000,0.338000
2017-01-26,-0.140623,-0.054223,-0.358223,0.086400,-0.217600,0.090000,0.304000
2017-01-27,-0.100477,-0.073977,-0.414977,0.026500,-0.314500,0.140000,0.341000
2017-01-30,-0.160213,-0.064413,-0.424413,0.095800,-0.264200,0.160000,0.360000
2017-01-31,-0.132598,-0.068498,-0.398498,0.064100,-0.265900,0.150000,0.330000
2017-02-01,-0.230870,-0.062470,-0.445470,0.168400,-0.214600,0.170000,0.383000
2017-02-02,-0.168164,-0.102964,-0.459964,0.065200,-0.291800,0.170000,0.357000
2017-02-03,-0.114037,-0.111037,-0.419037,0.003000,-0.305000,0.150000,0.308000
2017-02-06,-0.086248,-0.137048,-0.340048,-0.050800,-0.253800,0.110000,0.203000
2017-02-07,-0.015619,-0.155719,-0.353719,-0.140100,-0.338100,0.120000,0.198000
2017-02-08,-0.005296,-0.194096,-0.386096,-0.188800,-0.380800,0.130000,0.192000
2017-02-09,0.034599,-0.161501,-0.351501,-0.196100,-0.386100,0.110000,0.190000
2017-02-10,-0.008486,-0.093886,-0.303886,-0.085400,-0.295400,0.070000,0.210000
2017-02-13,-0.015484,-0.030084,-0.334084,-0.014600,-0.318600,0.080000,0.304000
2017-02-14,-0.033152,-0.061452,-0.340452,-0.028300,-0.307300,0.080000,0.279000
2017-02-15,0.055466,-0.029734,-0.297734,-0.085200,-0.353200,0.060000,0.268000
2017-02-16,0.083816,-0.013884,-0.221884,-0.097700,-0.305700,0.020000,0.208000
2017-02-17,0.107825,0.013925,-0.208075,-0.093900,-0.315900,0.020000,0.222000
2017-02-20,0.086645,-0.044455,-0.211455,-0.131100,-0.298100,-0.010000,0.167000
2017-02-21,0.072799,-0.009701,-0.187701,-0.082500,-0.260500,-0.000000,0.178000
2017-02-22,0.060679,-0.002921,-0.220921,-0.063600,-0.281600,-0.010000,0.218000
2017-02-23,0.056858,-0.005442,-0.182442,-0.062300,-0.239300,-0.030000,0.177000
2017-02-24,0.070364,-0.049436,-0.180436,-0.119800,-0.250800,-0.050000,0.131000
2017-02-27,0.110226,-0.041574,-0.228574,-0.151800,-0.338800,0.030000,0.187000
2017-02-28,0.172299,-0.034801,-0.202801,-0.207100,-0.375100,0.090000,0.168000
2017-03-01,0.083649,-0.022051,-0.282051,-0.105700,-0.365700,0.150000,0.260000
2017-03-02,0.064173,-0.038927,-0.315927,-0.103100,-0.380100,0.150000,0.277000
2017-03-03,0.120797,-0.004503,-0.306503,-0.125300,-0.427300,0.160000,0.302000
2017-03-06,0.062397,-0.018703,-0.329703,-0.081100,-0.392100,0.150000,0.311000
2017-03-07,0.051337,-0.049363,-0.355363,-0.100700,-0.406700,0.130000,0.306000
2017-03-08,0.137075,0.023775,-0.287225,-0.113300,-0.424300,0.130000,0.311000
2017-03-09,0.161907,-0.006493,-0.306493,-0.168400,-0.468400,0.160000,0.300000
2017-03-10,0.096993,-0.009307,-0.279307,-0.106300,-0.376300,0.120000,0.270000
2017-03-13,0.097013,0.000613,-0.189387,-0.096400,-0.286400,0.060000,0.190000
2017-03-14,0.242136,0.033136,-0.136864,-0.209000,-0.379000,0.080000,0.170000
2017-03-15,0.254452,0.054952,-0.069048,-0.199500,-0.323500,0.070000,0.124000
2017-03-16,0.216111,0.090011,-0.102989,-0.126100,-0.319100,0.090000,0.193000
2017-03-17,0.232401,0.093001,-0.065999,-0.139400,-0.298400,0.100000,0.159000
2017-03-20,0.208586,0.111186,-0.062814,-0.097400,-0.271400,0.130000,0.174000
2017-03-21,0.208439,0.156039,0.024039,-0.052400,-0.184400,0.090000,0.132000
2017-03-22,0.207164,0.129064,-0.007936,-0.078100,-0.215100,0.070000,0.137000
2017-03-23,0.170782,0.149882,0.014882,-0.020900,-0.155900,0.070000,0.135000
2017-03-24,0.198412,0.179812,0.104812,-0.018600,-0.093600,0.030000,0.075000
2017-03-27,0.212619,0.207619,0.106619,-0.005000,-0.106000,0.060000,0.101000
2017-03-28,0.125350,0.163950,0.005950,0.038600,-0.119400,0.100000,0.158000
2017-03-29,0.106258,0.101858,-0.021142,-0.004400,-0.127400,0.080000,0.123000
2017-03-30,0.185288,0.102488,-0.005512,-0.082800,-0.190800,0.080000,0.108000
2017-03-31,0.273773,0.087373,0.020373,-0.186400,-0.253400,0.070000,0.067000
2017-04-03,0.248513,-0.009087,0.008913,-0.257600,-0.239600,0.020000,-0.018000
2017-04-04,0.195231,-0.058069,-0.123069,-0.253300,-0.318300,0.060000,0.065000
2017-04-05,0.193698,-0.077902,-0.085902,-0.271600,-0.279600,0.060000,0.008000
2017-04-06,0.185234,-0.045966,-0.073966,-0.231200,-0.259200,0.060000,0.028000
2017-04-07,0.200337,-0.079963,-0.155963,-0.280300,-0.356300,0.090000,0.076000
2017-04-10,0.157575,-0.119725,-0.180725,-0.277300,-0.338300,0.080000,0.061000
2017-04-11,0.133899,-0.097301,-0.158301,-0.231200,-0.292200,0.100000,0.061000
2017-04-12,0.184138,-0.086362,-0.121362,-0.270500,-0.305500,0.090000,0.035000
2017-04-13,0.137290,-0.100710,-0.100710,-0.238000,-0.238000,0.060000,0.000000
2017-04-14,0.133258,-0.100642,-0.134642,-0.233900,-0.267900,0.090000,0.034000
2017-04-17,0.129242,-0.135158,-0.100158,-0.264400,-0.229400,0.010000,-0.035000
2017-04-18,0.193116,-0.127784,-0.042784,-0.320900,-0.235900,0.030000,-0.085000
2017-04-19,0.198081,-0.110019,-0.086019,-0.308100,-0.284100,0.060000,-0.024000
2017-04-20,0.158888,-0.120312,-0.150312,-0.279200,-0.309200,0.060000,0.030000
2017-04-21,0.186770,-0.123730,-0.089730,-0.310500,-0.276500,0.060000,-0.034000
2017-04-24,0.278892,-0.037908,-0.053908,-0.316800,-0.332800,0.100000,0.016000
2017-04-25,0.312072,-0.023628,-0.110628,-0.335700,-0.422700,0.130000,0.087000
2017-04-26,0.282048,-0.030752,-0.093752,-0.312800,-0.375800,0.120000,0.063000
2017-04-27,0.281097,-0.065303,-0.079303,-0.346400,-0.360400,0.090000,0.014000
2017-04-28,0.267217,-0.041983,-0.129983,-0.309200,-0.397200,0.140000,0.088000
2017-05-01,0.322457,-0.037443,-0.077443,-0.359900,-0.399900,0.110000,0.040000
2017-05-02,0.275104,-0.011796,-0.047796,-0.286900,-0.322900,0.160000,0.036000
2017-05-03,0.274893,-0.002507,-0.063507,-0.277400,-0.338400,0.160000,0.061000
2017-05-04,0.243221,0.038021,-0.102979,-0.205200,-0.346200,0.220000,0.141000
2017-05-05,0.236200,0.065500,-0.075500,-0.170700,-0.311700,0.220000,0.141000
2017-05-08,0.220280,0.111980,-0.056020,-0.108300,-0.276300,0.200000,0.168000
2017-05-09,0.190230,0.108630,-0.040370,-0.081600,-0.230600,0.200000,0.149000
2017-05-10,0.215870,0.074070,-0.044930,-0.141800,-0.260800,0.210000,0.119000
2017-05-11,0.273497,0.097597,-0.020403,-0.175900,-0.293900,0.230000,0.118000
2017-05-12,0.325643,0.069543,0.075543,-0.256100,-0.250100,0.160000,-0.006000
2017-05-15,0.303011,0.061111,0.081111,-0.241900,-0.221900,0.160000,-0.020000
2017-05-16,0.260778,0.056978,0.055978,-0.203800,-0.204800,0.160000,0.001000
2017-05-17,0.257030,0.044030,0.078030,-0.213000,-0.179000,0.160000,-0.034000
2017-05-18,0.276546,0.057946,0.085946,-0.218600,-0.190600,0.160000,-0.028000
2017-05-19,0.297613,0.088913,0.107913,-0.208700,-0.189700,0.160000,-0.019000
2017-05-22,0.316955,0.128555,0.150555,-0.188400,-0.166400,0.170000,-0.022000
2017-05-23,0.307984,0.142584,0.105584,-0.165400,-0.202400,0.200000,0.037000
2017-05-24,0.274525,0.148525,0.080525,-0.126000,-0.194000,0.200000,0.068000
2017-05-25,0.256686,0.127886,0.123886,-0.128800,-0.132800,0.140000,0.004000
2017-05-26,0.237207,0.097107,0.111107,-0.140100,-0.126100,0.110000,-0.014000
2017-05-29,0.218360,0.041260,0.119260,-0.177100,-0.099100,0.060000,-0.078000
2017-05-30,0.230653,0.012453,0.163453,-0.218200,-0.067200,0.040000,-0.151000
2017-05-31,0.159602,-0.030398,0.138602,-0.190000,-0.021000,0.030000,-0.169000
2017-06-01,0.144842,-0.033658,0.131342,-0.178500,-0.013500,0.030000,-0.165000
2017-06-02,0.155666,-0.011934,0.168066,-0.167600,0.012400,0.060000,-0.180000
2017-06-05,0.180329,-0.019271,0.164729,-0.199600,-0.015600,0.070000,-0.184000
2017-06-06,0.197391,-0.024309,0.172691,-0.221700,-0.024700,0.040000,-0.197000
2017-06-07,0.211429,-0.056971,0.130029,-0.268400,-0.081400,0.090000,-0.187000
2017-06-08,0.156617,-0.084083,0.141917,-0.240700,-0.014700,0.090000,-0.226000
2017-06-09,0.143925,-0.099175,0.101825,-0.243100,-0.042100,0.060000,-0.201000
2017-06-12,0.172472,-0.070128,0.049872,-0.242600,-0.122600,-0.010000,-0.120000
2017-06-13,0.154856,-0.081144,0.043856,-0.236000,-0.111000,-0.060000,-0.125000
2017-06-14,0.226544,-0.079256,0.051744,-0.305800,-0.174800,-0.060000,-0.131000
2017-06-15,0.157223,-0.033277,0.061723,-0.190500,-0.095500,-0.070000,-0.095000
2017-06-16,0.158171,-0.090929,0.002071,-0.249100,-0.156100,-0.050000,-0.093000
2017-06-19,0.141384,-0.050516,0.011484,-0.191900,-0.129900,-0.080000,-0.062000
2017-06-20,0.207009,-0.074491,-0.013491,-0.281500,-0.220500,-0.050000,-0.061000
2017-06-21,0.163779,-0.084921,-0.022921,-0.248700,-0.186700,-0.070000,-0.062000
2017-06-22,0.123553,-0.113247,-0.020247,-0.236800,-0.143800,-0.130000,-0.093000
2017-06-23,0.129877,-0.089423,0.027577,-0.219300,-0.102300,-0.120000,-0.117000
2017-06-26,0.141579,-0.040521,0.005479,-0.182100,-0.136100,-0.080000,-0.046000
2017-06-27,0.085766,0.035066,0.033066,-0.050700,-0.052700,-0.120000,0.002000
2017-06-28,0.009915,0.033615,0.047615,0.023700,0.037700,-0.220000,-0.014000
2017-06-29,-0.037855,0.134145,0.049145,0.172000,0.087000,-0.210000,0.085000
2017-06-30,-0.010148,0.149252,0.092252,0.159400,0.102400,-0.220000,0.057000
2017-07-03,-0.018222,0.118878,0.028878,0.137100,0.047100,-0.200000,0.090000
2017-07-04,-0.001549,0.095751,0.010751,0.097300,0.012300,-0.240000,0.085000
2017-07-05,0.034743,0.110243,0.093243,0.075500,0.058500,-0.250000,0.017000
2017-07-06,-0.004520,0.123280,0.130280,0.127800,0.134800,-0.260000,-0.007000
2017-07-07,-0.014161,0.115339,0.077339,0.129500,0.091500,-0.270000,0.038000
2017-07-10,0.006095,0.095195,0.065195,0.089100,0.059100,-0.260000,0.030000
2017-07-11,0.019489,0.130789,0.090789,0.111300,0.071300,-0.230000,0.040000
2017-07-12,0.014406,0.123206,0.098206,0.108800,0.083800,-0.320000,0.025000
2017-07-13,-0.014260,0.125840,0.071840,0.140100,0.086100,-0.330000,0.054000
2017-07-14,-0.046035,0.107665,0.043665,0.153700,0.089700,-0.330000,0.064000
2017-07-17,-0.023499,0.061401,0.003401,0.084900,0.026900,-0.320000,0.058000
2017-07-18,0.003463,0.031663,-0.003337,0.028200,-0.006800,-0.300000,0.035000
2017-07-19,-0.003026,0.034474,-0.024526,0.037500,-0.021500,-0.340000,0.059000
2017-07-20,-0.094022,-0.045422,-0.064422,0.048600,0.029600,-0.380000,0.019000
2017-07-21,-0.048541,-0.033941,-0.011941,0.014600,0.036600,-0.420000,-0.022000
2017-07-24,-0.065910,-0.034410,-0.039410,0.031500,0.026500,-0.440000,0.005000
2017-07-25,-0.110737,-0.001737,-0.070737,0.109000,0.040000,-0.440000,0.069000
2017-07-26,-0.070344,-0.020744,-0.000744,0.049600,0.069600,-0.480000,-0.020000
2017-07-27,-0.046487,-0.024387,-0.012387,0.022100,0.034100,-0.500000,-0.012000
2017-07-28,-0.044130,-0.005430,0.009570,0.038700,0.053700,-0.590000,-0.015000
2017-07-31,-0.085139,-0.020439,0.024561,0.064700,0.109700,-0.570000,-0.045000
2017-08-01,-0.054304,-0.035104,0.029896,0.019200,0.084200,-0.560000,-0.065000
2017-08-02,-0.105708,-0.068408,-0.024408,0.037300,0.081300,-0.530000,-0.044000
2017-08-03,-0.026153,-0.067253,0.002747,-0.041100,0.028900,-0.530000,-0.070000
2017-08-04,-0.007867,-0.072267,0.012733,-0.064400,0.020600,-0.530000,-0.085000
2017-08-07,0.008403,-0.062297,0.002703,-0.070700,-0.005700,-0.520000,-0.065000
2017-08-08,-0.023476,-0.067576,-0.004576,-0.044100,0.018900,-0.540000,-0.063000
2017-08-09,-0.040544,-0.051844,-0.032844,-0.011300,0.007700,-0.520000,-0.019000
2017-08-10,-0.024552,-0.065252,-0.025252,-0.040700,-0.000700,-0.510000,-0.040000
2017-08-11,-0.046767,-0.096667,-0.050667,-0.049900,-0.003900,-0.500000,-0.046000
2017-08-14,-0.070168,-0.063168,-0.087168,0.007000,-0.017000,-0.490000,0.024000
2017-08-15,-0.054403,-0.030903,-0.074903,0.023500,-0.020500,-0.490000,0.044000
2017-08-16,-0.072807,-0.050407,-0.059407,0.022400,0.013400,-0.500000,0.009000
2017-08-17,-0.068962,-0.058062,-0.035062,0.010900,0.033900,-0.520000,-0.023000
2017-08-18,-0.097501,-0.073401,-0.057401,0.024100,0.040100,-0.530000,-0.016000
2017-08-21,-0.074566,-0.054266,-0.052266,0.020300,0.022300,-0.490000,-0.002000
2017-08-22,-0.081285,-0.046385,-0.039385,0.034900,0.041900,-0.520000,-0.007000
2017-08-23,-0.082305,-0.050405,-0.034405,0.031900,0.047900,-0.530000,-0.016000
2017-08-24,-0.063795,-0.021995,-0.023995,0.041800,0.039800,-0.530000,0.002000
2017-08-25,-0.049178,0.016322,-0.045678,0.065500,0.003500,-0.490000,0.062000
2017-08-28,-0.041680,-0.001380,-0.047380,0.040300,-0.005700,-0.520000,0.046000
2017-08-29,0.012812,-0.011588,-0.059588,-0.024400,-0.072400,-0.490000,0.048000
2017-08-30,0.014463,0.023563,-0.026437,0.009100,-0.040900,-0.500000,0.050000
2017-08-31,-0.006812,0.013388,-0.012612,0.020200,-0.005800,-0.550000,0.026000
2017-09-01,-0.042085,0.046415,-0.026585,0.088500,0.015500,-0.580000,0.073000
2017-09-04,-0.048326,0.058674,-0.015326,0.107000,0.033000,-0.600000,0.074000
2017-09-05,-0.016211,0.039889,0.016889,0.056100,0.033100,-0.660000,0.023000
2017-09-06,-0.015234,0.051766,0.057766,0.067000,0.073000,-0.750000,-0.006000
2017-09-07,-0.037409,0.034091,0.071091,0.071500,0.108500,-0.720000,-0.037000
2017-09-08,-0.061483,0.010917,0.067917,0.072400,0.129400,-0.720000,-0.057000
2017-09-11,-0.196296,-0.000096,-0.014096,0.196200,0.182200,-0.690000,0.014000
2017-09-12,-0.218528,-0.056728,-0.060728,0.161800,0.157800,-0.650000,0.004000
2017-09-13,-0.202893,-0.022893,-0.076893,0.180000,0.126000,-0.640000,0.054000
2017-09-14,-0.280840,-0.027940,-0.060940,0.252900,0.219900,-0.630000,0.033000
2017-09-15,-0.396207,0.004193,-0.063807,0.400400,0.332400,-0.660000,0.068000
2017-09-18,-0.347382,0.008418,-0.079582,0.355800,0.267800,-0.620000,0.088000
2017-09-19,-0.349885,0.007515,-0.091485,0.357400,0.258400,-0.560000,0.099000
2017-09-20,-0.346742,-0.020342,-0.158342,0.326400,0.188400,-0.570000,0.138000
2017-09-21,-0.372320,-0.018020,-0.130020,0.354300,0.242300,-0.600000,0.112000
2017-09-22,-0.371560,-0.061060,-0.161060,0.310500,0.210500,-0.560000,0.100000
2017-09-25,-0.274850,-0.049150,-0.167150,0.225700,0.107700,-0.450000,0.118000
2017-09-26,-0.259377,-0.102777,-0.190777,0.156600,0.068600,-0.450000,0.088000
2017-09-27,-0.283986,-0.102386,-0.206386,0.181600,0.077600,-0.400000,0.104000
2017-09-28,-0.259499,-0.109799,-0.143799,0.149700,0.115700,-0.410000,0.034000
2017-09-29,-0.247632,-0.090232,-0.144232,0.157400,0.103400,-0.330000,0.054000
2017-10-02,-0.271880,-0.119180,-0.193180,0.152700,0.078700,-0.320000,0.074000
2017-10-03,-0.235494,-0.106894,-0.189894,0.128600,0.045600,-0.320000,0.083000
2017-10-04,-0.255534,-0.077234,-0.180234,0.178300,0.075300,-0.300000,0.103000
2017-10-05,-0.271284,-0.045584,-0.176584,0.225700,0.094700,-0.280000,0.131000
2017-10-06,-0.218138,-0.040038,-0.246038,0.178100,-0.027900,-0.260000,0.206000
2017-10-09,-0.228812,-0.056312,-0.277312,0.172500,-0.048500,-0.170000,0.221000
2017-10-10,-0.211942,-0.045142,-0.216142,0.166800,-0.004200,-0.190000,0.171000
2017-10-11,-0.204827,-0.027827,-0.222827,0.177000,-0.018000,-0.200000,0.195000
2017-10-12,-0.264213,-0.045013,-0.230013,0.219200,0.034200,-0.220000,0.185000
2017-10-13,-0.332014,-0.051414,-0.239414,0.280600,0.092600,-0.200000,0.188000
2017-10-16,-0.352588,-0.071988,-0.275988,0.280600,0.076600,-0.130000,0.204000
2017-10-17,-0.269824,-0.069024,-0.268024,0.200800,0.001800,-0.100000,0.199000
2017-10-18,-0.320956,-0.072656,-0.316656,0.248300,0.004300,-0.030000,0.244000
2017-10-19,-0.274382,-0.058582,-0.291582,0.215800,-0.017200,-0.010000,0.233000
2017-10-20,-0.259181,-0.046881,-0.270881,0.212300,-0.011700,0.050000,0.224000
2017-10-23,-0.282191,-0.047191,-0.297191,0.235000,-0.015000,0.030000,0.250000
2017-10-24,-0.320512,-0.018912,-0.280912,0.301600,0.039600,0.050000,0.262000
2017-10-25,-0.356726,-0.018526,-0.308526,0.338200,0.048200,0.140000,0.290000
2017-10-26,-0.351309,-0.031509,-0.351509,0.319800,-0.000200,0.150000,0.320000
2017-10-27,-0.344634,-0.045734,-0.327734,0.298900,0.016900,0.090000,0.282000
2017-10-30,-0.289021,-0.038321,-0.295321,0.250700,-0.006300,0.070000,0.257000
2017-10-31,-0.359182,-0.026582,-0.328582,0.332600,0.030600,0.110000,0.302000
2017-11-01,-0.386447,-0.031447,-0.328447,0.355000,0.058000,0.080000,0.297000
2017-11-02,-0.301216,-0.013416,-0.318416,0.287800,-0.017200,0.080000,0.305000
2017-11-03,-0.323970,-0.035670,-0.359670,0.288300,-0.035700,0.080000,0.324000
2017-11-06,-0.330740,-0.000040,-0.344040,0.330700,-0.013300,0.100000,0.344000
2017-11-07,-0.346430,-0.003830,-0.382830,0.342600,-0.036400,0.120000,0.379000
2017-11-08,-0.320945,0.030355,-0.412645,0.351300,-0.091700,0.140000,0.443000
2017-11-09,-0.329193,0.043507,-0.340493,0.372700,-0.011300,0.070000,0.384000
2017-11-10,-0.402044,0.005356,-0.378644,0.407400,0.023400,0.100000,0.384000
2017-11-13,-0.368990,0.001710,-0.422290,0.370700,-0.053300,0.140000,0.424000
2017-11-14,-0.354385,0.016415,-0.412585,0.370800,-0.058200,0.130000,0.429000
2017-11-15,-0.345759,0.009041,-0.398959,0.354800,-0.053200,0.150000,0.408000
2017-11-16,-0.356341,0.023959,-0.435041,0.380300,-0.078700,0.160000,0.459000
2017-11-17,-0.359150,0.029450,-0.434550,0.388600,-0.075400,0.220000,0.464000
2017-11-20,-0.356222,0.042278,-0.471722,0.398500,-0.115500,0.240000,0.514000
2017-11-21,-0.347306,0.036494,-0.456506,0.383800,-0.109200,0.250000,0.493000
2017-11-22,-0.345466,0.033234,-0.396766,0.378700,-0.051300,0.200000,0.430000
2017-11-23,-0.294778,0.056522,-0.392478,0.351300,-0.097700,0.240000,0.449000
2017-11-24,-0.320085,0.060615,-0.389385,0.380700,-0.069300,0.220000,0.450000
2017-11-27,-0.326340,0.035560,-0.398440,0.361900,-0.072100,0.220000,0.434000
2017-11-28,-0.329961,0.024839,-0.408161,0.354800,-0.078200,0.270000,0.433000
2017-11-29,-0.391262,0.030138,-0.408862,0.421400,-0.017600,0.340000,0.439000
2017-11-30,-0.353540,0.038160,-0.390840,0.391700,-0.037300,0.340000,0.429000
2017-12-01,-0.283509,0.047991,-0.436009,0.331500,-0.152500,0.300000,0.484000
2017-12-04,-0.370602,0.021598,-0.474402,0.392200,-0.103800,0.390000,0.496000
2017-12-05,-0.384575,0.008825,-0.532175,0.393400,-0.147600,0.490000,0.541000
2017-12-06,-0.344546,-0.010846,-0.501846,0.333700,-0.157300,0.540000,0.491000
2017-12-07,-0.323683,-0.021983,-0.486983,0.301700,-0.163300,0.530000,0.465000
2017-12-08,-0.262578,-0.013378,-0.492378,0.249200,-0.229800,0.510000,0.479000
2017-12-11,-0.194735,-0.007935,-0.487935,0.186800,-0.293200,0.520000,0.480000
2017-12-12,-0.131487,-0.008287,-0.483287,0.123200,-0.351800,0.520000,0.475000
2017-12-13,-0.055473,-0.032273,-0.441273,0.023200,-0.385800,0.500000,0.409000
2017-12-14,-0.040766,-0.030066,-0.459066,0.010700,-0.418300,0.420000,0.429000
2017-12-15,-0.023326,-0.027626,-0.481626,-0.004300,-0.458300,0.440000,0.454000
2017-12-18,-0.000555,-0.006355,-0.415355,-0.005800,-0.414800,0.400000,0.409000
2017-12-19,0.002112,0.010212,-0.434788,0.008100,-0.436900,0.410000,0.445000
2017-12-20,-0.020022,0.009278,-0.409722,0.029300,-0.389700,0.380000,0.419000
2017-12-21,-0.032223,0.015977,-0.442023,0.048200,-0.409800,0.360000,0.458000
2017-12-22,0.044018,0.063018,-0.405982,0.019000,-0.450000,0.400000,0.469000
2017-12-25,0.066335,0.055435,-0.402565,-0.010900,-0.468900,0.360000,0.458000
2017-12-26,0.072677,0.075177,-0.424823,0.002500,-0.497500,0.350000,0.500000
2017-12-27,0.082706,0.049806,-0.393194,-0.032900,-0.475900,0.280000,0.443000
2017-12-28,0.086414,0.105914,-0.342086,0.019500,-0.428500,0.260000,0.448000
2017-12-29,0.114975,0.102075,-0.342925,-0.012900,-0.457900,0.260000,0.445000
2018-01-01,0.123425,0.086125,-0.338875,-0.037300,-0.462300,0.270000,0.425000
2018-01-02,0.058946,0.084946,-0.345054,0.026000,-0.404000,0.250000,0.430000
2018-01-03,0.056324,0.056624,-0.343376,0.000300,-0.399700,0.270000,0.400000
2018-01-04,0.068423,0.095123,-0.322877,0.026700,-0.391300,0.270000,0.418000
2018-01-05,0.077960,0.084060,-0.358940,0.006100,-0.436900,0.230000,0.443000
2018-01-08,0.080696,0.069096,-0.374904,-0.011600,-0.455600,0.220000,0.444000
2018-01-09,0.071574,0.091574,-0.373426,0.020000,-0.445000,0.240000,0.465000
2018-01-10,0.083188,0.098488,-0.356512,0.015300,-0.439700,0.280000,0.455000
2018-01-11,0.101879,0.170579,-0.258421,0.068700,-0.360300,0.200000,0.429000
2018-01-12,0.014245,0.175945,-0.268055,0.161700,-0.282300,0.200000,0.444000
2018-01-15,0.021323,0.162623,-0.247377,0.141300,-0.268700,0.140000,0.410000
2018-01-16,0.012333,0.161333,-0.287667,0.149000,-0.300000,0.160000,0.449000
2018-01-17,0.047113,0.141813,-0.302187,0.094700,-0.349300,0.140000,0.444000
2018-01-18,0.002743,0.146743,-0.316257,0.144000,-0.319000,0.130000,0.463000
2018-01-19,0.017087,0.118887,-0.340113,0.101800,-0.357200,0.150000,0.459000
2018-01-22,0.050764,0.104764,-0.364236,0.054000,-0.415000,0.130000,0.469000
2018-01-23,0.072971,0.140971,-0.284029,0.068000,-0.357000,0.080000,0.425000
2018-01-24,0.007296,0.155796,-0.322204,0.148500,-0.329500,0.100000,0.478000
2018-01-25,0.021348,0.189348,-0.287652,0.168000,-0.309000,0.100000,0.477000
2018-01-26,-0.009822,0.178278,-0.323722,0.188100,-0.313900,0.110000,0.502000
2018-01-29,0.038216,0.211816,-0.256184,0.173600,-0.294400,0.090000,0.468000
2018-01-30,-0.073311,0.193089,-0.293911,0.266400,-0.220600,0.100000,0.487000
2018-01-31,-0.079240,0.205960,-0.278040,0.285200,-0.198800,0.110000,0.484000
2018-02-01,-0.131051,0.157749,-0.337251,0.288800,-0.206200,0.110000,0.495000
2018-02-02,-0.145600,0.179200,-0.278800,0.324800,-0.133200,0.070000,0.458000
2018-02-05,-0.168602,0.152598,-0.207402,0.321200,-0.038800,0.040000,0.360000
2018-02-06,-0.087911,0.142789,-0.271211,0.230700,-0.183300,0.090000,0.414000
2018-02-07,-0.044652,0.167848,-0.277152,0.212500,-0.232500,0.090000,0.445000
2018-02-08,-0.130440,0.200160,-0.203840,0.330600,-0.073400,0.060000,0.404000
2018-02-09,-0.165324,0.152476,-0.182524,0.317800,-0.017200,0.050000,0.335000
2018-02-12,-0.183825,0.149775,-0.220225,0.333600,-0.036400,0.070000,0.370000
2018-02-13,-0.202640,0.138660,-0.205340,0.341300,-0.002700,0.080000,0.344000
2018-02-14,-0.187255,0.148845,-0.250155,0.336100,-0.062900,0.070000,0.399000
2018-02-15,-0.201282,0.163618,-0.219382,0.364900,-0.018100,0.050000,0.383000
2018-02-16,-0.158315,0.148185,-0.255815,0.306500,-0.097500,0.080000,0.404000
2018-02-19,-0.187375,0.122625,-0.301375,0.310000,-0.114000,0.100000,0.424000
2018-02-20,-0.203016,0.113184,-0.350816,0.316200,-0.147800,0.120000,0.464000
2018-02-21,-0.188001,0.126399,-0.346601,0.314400,-0.158600,0.110000,0.473000
2018-02-22,-0.179805,0.128795,-0.353205,0.308600,-0.173400,0.140000,0.482000
2018-02-23,-0.173015,0.130185,-0.347815,0.303200,-0.174800,0.140000,0.478000
2018-02-26,-0.095741,0.112759,-0.307241,0.208500,-0.211500,0.080000,0.420000
2018-02-27,-0.153348,0.139852,-0.352148,0.293200,-0.198800,0.120000,0.492000
2018-02-28,-0.197453,0.142847,-0.327153,0.340300,-0.129700,0.210000,0.470000
2018-03-01,-0.107157,0.151843,-0.280157,0.259000,-0.173000,0.210000,0.432000
2018-03-02,-0.102775,0.169125,-0.267875,0.271900,-0.165100,0.190000,0.437000
2018-03-05,-0.126895,0.204805,-0.285195,0.331700,-0.158300,0.200000,0.490000
2018-03-06,-0.104835,0.228165,-0.244835,0.333000,-0.140000,0.170000,0.473000
2018-03-07,-0.074516,0.212784,-0.246216,0.287300,-0.171700,0.180000,0.459000
2018-03-08,-0.153976,0.183724,-0.249276,0.337700,-0.095300,0.160000,0.433000
2018-03-09,-0.161435,0.175365,-0.267635,0.336800,-0.106200,0.130000,0.443000
2018-03-12,-0.161284,0.160916,-0.313084,0.322200,-0.151800,0.150000,0.474000
2018-03-13,-0.201975,0.144525,-0.290475,0.346500,-0.088500,0.220000,0.435000
2018-03-14,-0.150566,0.152934,-0.261066,0.303500,-0.110500,0.200000,0.414000
2018-03-15,-0.188473,0.132727,-0.312273,0.321200,-0.123800,0.270000,0.445000
2018-03-16,-0.175092,0.118508,-0.320492,0.293600,-0.145400,0.280000,0.439000
2018-03-19,-0.167893,0.110907,-0.334093,0.278800,-0.166200,0.290000,0.445000
2018-03-20,-0.247929,0.092271,-0.367729,0.340200,-0.119800,0.320000,0.460000
2018-03-21,-0.330673,0.087227,-0.321773,0.417900,0.008900,0.200000,0.409000
2018-03-22,-0.272661,0.060739,-0.329261,0.333400,-0.056600,0.220000,0.390000
2018-03-23,-0.285542,0.075258,-0.296742,0.360800,-0.011200,0.170000,0.372000
2018-03-26,-0.323127,0.089773,-0.365227,0.412900,-0.042100,0.220000,0.455000
2018-03-27,-0.322089,0.045311,-0.319689,0.367400,0.002400,0.210000,0.365000
2018-03-28,-0.269504,0.040896,-0.363104,0.310400,-0.093600,0.270000,0.404000
2018-03-29,-0.260739,0.025261,-0.354739,0.286000,-0.094000,0.290000,0.380000
2018-03-30,-0.200007,0.005493,-0.341507,0.205500,-0.141500,0.280000,0.347000
2018-04-02,-0.245107,0.010893,-0.294107,0.256000,-0.049000,0.220000,0.305000
2018-04-03,-0.242795,0.010605,-0.312395,0.253400,-0.069600,0.220000,0.323000
2018-04-04,-0.250267,0.005233,-0.312767,0.255500,-0.062500,0.280000,0.318000
2018-04-05,-0.265696,0.027904,-0.307096,0.293600,-0.041400,0.310000,0.335000
2018-04-06,-0.220324,0.029376,-0.264624,0.249700,-0.044300,0.290000,0.294000
2018-04-09,-0.217842,0.049458,-0.278542,0.267300,-0.060700,0.250000,0.328000
2018-04-10,-0.236832,0.014368,-0.345632,0.251200,-0.108800,0.280000,0.360000
2018-04-11,-0.192742,0.012358,-0.341642,0.205100,-0.148900,0.240000,0.354000
2018-04-12,-0.229006,0.020294,-0.347706,0.249300,-0.118700,0.240000,0.368000
2018-04-13,-0.249105,0.013195,-0.345805,0.262300,-0.096700,0.260000,0.359000
2018-04-16,-0.279678,0.016422,-0.348578,0.296100,-0.068900,0.250000,0.365000
2018-04-17,-0.220848,0.015952,-0.369048,0.236800,-0.148200,0.290000,0.385000
2018-04-18,-0.171585,0.024115,-0.349885,0.195700,-0.178300,0.280000,0.374000
2018-04-19,-0.205373,0.040327,-0.324673,0.245700,-0.119300,0.250000,0.365000
2018-04-20,-0.168486,0.015314,-0.373686,0.183800,-0.205200,0.270000,0.389000
2018-04-23,-0.127019,0.025981,-0.379019,0.153000,-0.252000,0.300000,0.405000
2018-04-24,-0.181580,0.003320,-0.400680,0.184900,-0.219100,0.290000,0.404000
2018-04-25,-0.172724,-0.008824,-0.371824,0.163900,-0.199100,0.240000,0.363000
2018-04-26,-0.169481,-0.042481,-0.425481,0.127000,-0.256000,0.290000,0.383000
2018-04-27,-0.115326,-0.047226,-0.414226,0.068100,-0.298900,0.300000,0.367000
2018-04-30,-0.052052,-0.046252,-0.396252,0.005800,-0.344200,0.300000,0.350000
2018-05-01,-0.006224,-0.024224,-0.378224,-0.018000,-0.372000,0.270000,0.354000
2018-05-02,-0.036368,-0.042968,-0.389968,-0.006600,-0.353600,0.250000,0.347000
2018-05-03,0.030521,-0.033579,-0.444579,-0.064100,-0.475100,0.310000,0.411000
2018-05-04,-0.035749,-0.029349,-0.435349,0.006400,-0.399600,0.330000,0.406000
2018-05-07,-0.018609,-0.039109,-0.372109,-0.020500,-0.353500,0.280000,0.333000
2018-05-08,0.019887,-0.072913,-0.436913,-0.092800,-0.456800,0.280000,0.364000
2018-05-09,0.005184,-0.034916,-0.508916,-0.040100,-0.514100,0.320000,0.474000
2018-05-10,0.060372,-0.031028,-0.470028,-0.091400,-0.530400,0.260000,0.439000
2018-05-11,0.076813,-0.021487,-0.445487,-0.098300,-0.522300,0.260000,0.424000
2018-05-14,0.060619,-0.014181,-0.379181,-0.074800,-0.439800,0.210000,0.365000
2018-05-15,0.038465,-0.022335,-0.388335,-0.060800,-0.426800,0.190000,0.366000
2018-05-16,-0.010505,-0.022905,-0.372905,-0.012400,-0.362400,0.140000,0.350000
2018-05-17,-0.059191,-0.020991,-0.369991,0.038200,-0.310800,0.120000,0.349000
2018-05-18,-0.022135,-0.023435,-0.307435,-0.001300,-0.285300,0.090000,0.284000
2018-05-21,-0.053144,-0.057444,-0.362444,-0.004300,-0.309300,0.130000,0.305000
2018-05-22,-0.076588,-0.041388,-0.371388,0.035200,-0.294800,0.100000,0.330000
2018-05-23,-0.011445,-0.046445,-0.314445,-0.035000,-0.303000,0.040000,0.268000
2018-05-24,-0.000262,-0.055662,-0.323662,-0.055400,-0.323400,0.080000,0.268000
2018-05-25,0.048273,-0.107627,-0.298627,-0.155900,-0.346900,0.050000,0.191000
2018-05-28,-0.025558,-0.135858,-0.349858,-0.110300,-0.324300,0.080000,0.214000
2018-05-29,0.023884,-0.140316,-0.224316,-0.164200,-0.248200,0.020000,0.084000
2018-05-30,0.030203,-0.131197,-0.294197,-0.161400,-0.324400,0.020000,0.163000
2018-05-31,0.074496,-0.140004,-0.271004,-0.214500,-0.345500,0.010000,0.131000
2018-06-01,0.092429,-0.095371,-0.294371,-0.187800,-0.386800,0.070000,0.199000
2018-06-04,0.053680,-0.100320,-0.343320,-0.154000,-0.397000,0.110000,0.243000
2018-06-05,0.028652,-0.115148,-0.329148,-0.143800,-0.357800,0.110000,0.214000
2018-06-06,0.003779,-0.077021,-0.301021,-0.080800,-0.304800,0.140000,0.224000
2018-06-07,-0.001861,-0.059961,-0.267961,-0.058100,-0.266100,0.160000,0.208000
2018-06-08,-0.034996,-0.097496,-0.310496,-0.062500,-0.275500,0.110000,0.213000
2018-06-11,-0.059073,-0.060073,-0.304073,-0.001000,-0.245000,0.130000,0.244000
2018-06-12,-0.017054,-0.034054,-0.272054,-0.017000,-0.255000,0.100000,0.238000
2018-06-13,0.018019,-0.038081,-0.301081,-0.056100,-0.319100,0.100000,0.263000
2018-06-14,0.025017,-0.061483,-0.328483,-0.086500,-0.353500,0.130000,0.267000
2018-06-15,0.081642,-0.074658,-0.266658,-0.156300,-0.348300,0.130000,0.192000
2018-06-18,0.130137,-0.077163,-0.311163,-0.207300,-0.441300,0.240000,0.234000
2018-06-19,0.090615,-0.069385,-0.297385,-0.160000,-0.388000,0.230000,0.228000
2018-06-20,0.093625,-0.083275,-0.341275,-0.176900,-0.434900,0.280000,0.258000
2018-06-21,0.069098,-0.109402,-0.317402,-0.178500,-0.386500,0.290000,0.208000
2018-06-22,0.010607,-0.102493,-0.385493,-0.113100,-0.396100,0.340000,0.283000
2018-06-25,-0.024720,-0.094920,-0.337920,-0.070200,-0.313200,0.290000,0.243000
2018-06-26,-0.034768,-0.085868,-0.342868,-0.051100,-0.308100,0.230000,0.257000
2018-06-27,0.008489,-0.081211,-0.327211,-0.089700,-0.335700,0.250000,0.246000
2018-06-28,0.002207,-0.091693,-0.354693,-0.093900,-0.356900,0.190000,0.263000
2018-06-29,-0.008917,-0.092417,-0.320417,-0.083500,-0.311500,0.130000,0.228000
2018-07-02,0.008782,-0.094418,-0.383418,-0.103200,-0.392200,0.190000,0.289000
2018-07-03,0.062919,-0.096981,-0.323981,-0.159900,-0.386900,0.150000,0.227000
2018-07-04,0.029237,-0.093363,-0.341363,-0.122600,-0.370600,0.140000,0.248000
2018-07-05,0.049447,-0.098353,-0.342353,-0.147800,-0.391800,0.140000,0.244000
2018-07-06,0.023957,-0.124743,-0.312743,-0.148700,-0.336700,0.120000,0.188000
2018-07-09,0.018609,-0.111191,-0.335191,-0.129800,-0.353800,0.160000,0.224000
2018-07-10,0.044498,-0.107902,-0.326902,-0.152400,-0.371400,0.190000,0.219000
2018-07-11,0.054093,-0.092007,-0.276007,-0.146100,-0.330100,0.120000,0.184000
2018-07-12,0.089583,-0.098117,-0.286117,-0.187700,-0.375700,0.140000,0.188000
2018-07-13,0.066264,-0.098536,-0.256536,-0.164800,-0.322800,0.140000,0.158000
2018-07-16,0.009071,-0.091829,-0.244829,-0.100900,-0.253900,0.120000,0.153000
2018-07-17,0.080889,-0.102511,-0.276511,-0.183400,-0.357400,0.170000,0.174000
2018-07-18,0.074685,-0.096715,-0.235715,-0.171400,-0.310400,0.140000,0.139000
2018-07-19,0.107379,-0.106921,-0.214921,-0.214300,-0.322300,0.100000,0.108000
2018-07-20,0.107856,-0.108444,-0.219444,-0.216300,-0.327300,0.060000,0.111000
2018-07-23,0.112318,-0.109282,-0.231282,-0.221600,-0.343600,0.080000,0.122000
2018-07-24,0.098967,-0.086833,-0.218833,-0.185800,-0.317800,0.050000,0.132000
2018-07-25,0.045644,-0.066256,-0.225256,-0.111900,-0.270900,0.010000,0.159000
2018-07-26,-0.001589,-0.078489,-0.260489,-0.076900,-0.258900,0.040000,0.182000
2018-07-27,-0.009508,-0.081408,-0.227408,-0.071900,-0.217900,0.040000,0.146000
2018-07-30,0.013294,-0.053006,-0.204006,-0.066300,-0.217300,0.060000,0.151000
2018-07-31,-0.012469,-0.034269,-0.195269,-0.021800,-0.182800,0.020000,0.161000
2018-08-01,-0.040273,-0.054373,-0.166373,-0.014100,-0.126100,-0.010000,0.112000
2018-08-02,-0.040234,-0.043234,-0.181234,-0.003000,-0.141000,-0.000000,0.138000
2018-08-03,0.019338,-0.064662,-0.162662,-0.084000,-0.182000,-0.040000,0.098000
2018-08-06,0.066282,-0.069818,-0.147818,-0.136100,-0.214100,-0.040000,0.078000
2018-08-07,0.007819,-0.057681,-0.171681,-0.065500,-0.179500,-0.020000,0.114000
2018-08-08,0.020117,-0.076183,-0.185183,-0.096300,-0.205300,-0.030000,0.109000
2018-08-09,0.016164,-0.113036,-0.176036,-0.129200,-0.192200,-0.030000,0.063000
2018-08-10,0.064895,-0.137405,-0.149405,-0.202300,-0.214300,-0.030000,0.012000
2018-08-13,0.045833,-0.124767,-0.132767,-0.170600,-0.178600,-0.030000,0.008000
2018-08-14,0.105698,-0.117202,-0.155202,-0.222900,-0.260900,0.000000,0.038000
2018-08-15,0.085820,-0.114980,-0.157980,-0.200800,-0.243800,0.000000,0.043000
2018-08-16,0.096132,-0.079168,-0.117168,-0.175300,-0.213300,-0.000000,0.038000
2018-08-17,0.116705,-0.085995,-0.093995,-0.202700,-0.210700,-0.050000,0.008000
2018-08-20,0.062502,-0.071998,-0.127998,-0.134500,-0.190500,-0.010000,0.056000
2018-08-21,0.028651,-0.042549,-0.137549,-0.071200,-0.166200,-0.000000,0.095000
2018-08-22,0.016328,-0.002572,-0.099572,-0.018900,-0.115900,-0.030000,0.097000
2018-08-23,0.062491,0.046891,-0.062109,-0.015600,-0.124600,-0.060000,0.109000
2018-08-24,-0.003360,0.061040,-0.220960,0.064400,-0.217600,0.020000,0.282000
2018-08-27,-0.010038,0.062462,-0.155538,0.072500,-0.145500,0.030000,0.218000
2018-08-28,-0.046774,0.059026,-0.182974,0.105800,-0.136200,0.030000,0.242000
2018-08-29,-0.094903,0.014197,-0.157803,0.109100,-0.062900,-0.020000,0.172000
2018-08-30,-0.079109,-0.012809,-0.111809,0.066300,-0.032700,-0.060000,0.099000
2018-08-31,-0.034751,0.017349,-0.100651,0.052100,-0.065900,-0.020000,0.118000
2018-09-03,0.029386,-0.028414,-0.107414,-0.057800,-0.136800,-0.020000,0.079000
2018-09-04,0.055656,-0.007844,-0.152844,-0.063500,-0.208500,0.010000,0.145000
2018-09-05,0.081414,0.063214,-0.085786,-0.018200,-0.167200,0.030000,0.149000
2018-09-06,0.085639,0.013439,-0.089561,-0.072200,-0.175200,-0.040000,0.103000
2018-09-07,0.043180,0.004680,-0.144320,-0.038500,-0.187500,-0.040000,0.149000
2018-09-10,0.021333,0.018933,-0.100067,-0.002400,-0.121400,-0.030000,0.119000
2018-09-11,-0.000334,0.046966,-0.097034,0.047300,-0.096700,-0.030000,0.144000
2018-09-12,-0.006608,0.045792,-0.118208,0.052400,-0.111600,-0.060000,0.164000
2018-09-13,-0.010276,0.052924,-0.120076,0.063200,-0.109800,-0.070000,0.173000
2018-09-14,-0.044140,0.079060,-0.138940,0.123200,-0.094800,-0.050000,0.218000
2018-09-17,-0.034817,0.089583,-0.108417,0.124400,-0.073600,-0.060000,0.198000
2018-09-18,-0.021155,0.115745,-0.112255,0.136900,-0.091100,-0.080000,0.228000
2018-09-19,-0.019219,0.120481,-0.102519,0.139700,-0.083300,-0.130000,0.223000
2018-09-20,-0.036105,0.106895,-0.130105,0.143000,-0.094000,-0.140000,0.237000
2018-09-21,-0.010626,0.102674,-0.144326,0.113300,-0.133700,-0.100000,0.247000
2018-09-24,-0.065043,0.129157,-0.151843,0.194200,-0.086800,-0.110000,0.281000
2018-09-25,-0.068780,0.150520,-0.136480,0.219300,-0.067700,-0.040000,0.287000
2018-09-26,-0.023033,0.147267,-0.143733,0.170300,-0.120700,0.030000,0.291000
2018-09-27,-0.038762,0.162538,-0.080462,0.201300,-0.041700,-0.020000,0.243000
2018-09-28,-0.085323,0.120177,-0.143823,0.205500,-0.058500,-0.040000,0.264000
2018-10-01,-0.059853,0.109147,-0.164853,0.169000,-0.105000,-0.090000,0.274000
2018-10-02,-0.060829,0.079571,-0.174429,0.140400,-0.113600,-0.090000,0.254000
2018-10-03,-0.045860,0.098740,-0.204260,0.144600,-0.158400,-0.070000,0.303000
2018-10-04,-0.116570,0.104830,-0.173170,0.221400,-0.056600,-0.060000,0.278000
2018-10-05,-0.138321,0.116379,-0.167621,0.254700,-0.029300,-0.090000,0.284000
2018-10-08,-0.141856,0.084744,-0.203256,0.226600,-0.061400,-0.070000,0.288000
2018-10-09,-0.156186,0.087514,-0.175486,0.243700,-0.019300,-0.090000,0.263000
2018-10-10,-0.161261,0.110939,-0.163061,0.272200,-0.001800,-0.080000,0.274000
2018-10-11,-0.132290,0.080210,-0.163790,0.212500,-0.031500,-0.080000,0.244000
2018-10-12,-0.123900,0.066000,-0.146000,0.189900,-0.022100,-0.120000,0.212000
2018-10-15,-0.140127,0.057373,-0.180627,0.197500,-0.040500,-0.120000,0.238000
2018-10-16,-0.177243,0.057457,-0.200543,0.234700,-0.023300,-0.100000,0.258000
2018-10-17,-0.123865,0.043535,-0.239465,0.167400,-0.115600,-0.050000,0.283000
2018-10-18,-0.109505,0.038695,-0.204305,0.148200,-0.094800,-0.080000,0.243000
2018-10-19,-0.137072,0.003128,-0.282872,0.140200,-0.145800,0.000000,0.286000
2018-10-22,-0.080648,0.005452,-0.242548,0.086100,-0.161900,0.020000,0.248000
2018-10-23,-0.051179,0.007121,-0.187879,0.058300,-0.136700,-0.020000,0.195000
2018-10-24,-0.035319,-0.008719,-0.175719,0.026600,-0.140400,-0.070000,0.167000
2018-10-25,0.005100,-0.029300,-0.229300,-0.034400,-0.234400,-0.060000,0.200000
2018-10-26,0.024088,-0.050112,-0.195112,-0.074200,-0.219200,-0.050000,0.145000
2018-10-29,0.058238,-0.021462,-0.195462,-0.079700,-0.253700,-0.040000,0.174000
2018-10-30,0.040052,-0.035648,-0.235648,-0.075700,-0.275700,-0.040000,0.200000
2018-10-31,-0.009623,-0.000723,-0.255723,0.008900,-0.246100,0.000000,0.255000
2018-11-01,-0.052275,-0.000275,-0.214275,0.052000,-0.162000,-0.030000,0.214000
2018-11-02,-0.066586,0.004814,-0.243186,0.071400,-0.176600,0.010000,0.248000
2018-11-05,-0.071976,0.015824,-0.238176,0.087800,-0.166200,0.020000,0.254000
2018-11-06,-0.080574,0.033926,-0.275074,0.114500,-0.194500,0.050000,0.309000
2018-11-07,-0.085717,0.070083,-0.288917,0.155800,-0.203200,0.100000,0.359000
2018-11-08,-0.098851,0.076449,-0.307551,0.175300,-0.208700,0.120000,0.384000
2018-11-09,-0.054460,0.063140,-0.265860,0.117600,-0.211400,0.100000,0.329000
2018-11-12,-0.031786,0.061314,-0.288686,0.093100,-0.256900,0.090000,0.350000
2018-11-13,-0.079604,0.058096,-0.214904,0.137700,-0.135300,0.030000,0.273000
2018-11-14,-0.059650,0.063750,-0.200250,0.123400,-0.140600,0.090000,0.264000
2018-11-15,0.046392,0.036392,-0.234608,-0.010000,-0.281000,0.120000,0.271000
2018-11-16,0.031595,0.027695,-0.189305,-0.003900,-0.220900,0.080000,0.217000
2018-11-19,0.079195,0.038295,-0.176705,-0.040900,-0.255900,0.090000,0.215000
2018-11-20,0.049935,0.012935,-0.186065,-0.037000,-0.236000,0.090000,0.199000
2018-11-21,0.034892,0.022292,-0.183708,-0.012600,-0.218600,0.080000,0.206000
2018-11-22,-0.000962,0.021138,-0.144862,0.022100,-0.143900,0.040000,0.166000
2018-11-23,0.041273,0.005573,-0.160427,-0.035700,-0.201700,0.050000,0.166000
2018-11-26,0.061135,0.007835,-0.187165,-0.053300,-0.248300,0.070000,0.195000
2018-11-27,0.070933,0.027333,-0.190667,-0.043600,-0.261600,0.080000,0.218000
2018-11-28,0.072910,0.019010,-0.183990,-0.053900,-0.256900,0.040000,0.203000
2018-11-29,0.069373,0.024373,-0.194627,-0.045000,-0.264000,0.060000,0.219000
2018-11-30,0.047218,-0.006382,-0.165382,-0.053600,-0.212600,0.030000,0.159000
2018-12-03,0.090319,-0.034681,-0.218681,-0.125000,-0.309000,0.060000,0.184000
2018-12-04,0.060863,-0.036537,-0.210537,-0.097400,-0.271400,0.100000,0.174000
2018-12-05,0.049467,-0.037433,-0.151433,-0.086900,-0.200900,0.150000,0.114000
2018-12-06,0.096311,-0.048189,-0.107189,-0.144500,-0.203500,0.140000,0.059000
2018-12-07,0.116025,-0.044875,-0.033875,-0.160900,-0.149900,0.090000,-0.011000
2018-12-10,0.231199,-0.003401,-0.018401,-0.234600,-0.249600,0.110000,0.015000
2018-12-11,0.194042,-0.037658,-0.086658,-0.231700,-0.280700,0.130000,0.049000
2018-12-12,0.165415,-0.028285,-0.047285,-0.193700,-0.212700,0.060000,0.019000
2018-12-13,0.142027,-0.043073,-0.047073,-0.185100,-0.189100,0.040000,0.004000
2018-12-14,0.172560,-0.057140,-0.016140,-0.229700,-0.188700,0.050000,-0.041000
2018-12-17,0.178452,-0.052648,0.009352,-0.231100,-0.169100,0.100000,-0.062000
2018-12-18,0.142428,-0.048872,0.058128,-0.191300,-0.084300,0.100000,-0.107000
2018-12-19,0.149403,-0.036897,0.096103,-0.186300,-0.053300,0.110000,-0.133000
2018-12-20,0.174574,-0.070126,0.047874,-0.244700,-0.126700,0.120000,-0.118000
2018-12-21,0.127992,-0.091208,0.070792,-0.219200,-0.057200,0.060000,-0.162000
2018-12-24,0.144115,-0.101585,0.145415,-0.245700,0.001300,-0.000000,-0.247000
2018-12-25,0.151876,-0.104224,0.146776,-0.256100,-0.005100,-0.000000,-0.251000
2018-12-26,0.167206,-0.095194,0.094806,-0.262400,-0.072400,0.100000,-0.190000
2018-12-27,0.116041,-0.101759,0.149241,-0.217800,0.033200,0.130000,-0.251000
2018-12-28,0.128816,-0.063784,0.212216,-0.192600,0.083400,0.110000,-0.276000
2018-12-31,0.126049,-0.076951,0.269049,-0.203000,0.143000,0.070000,-0.346000
2019-01-01,0.187433,-0.099467,0.261533,-0.286900,0.074100,0.050000,-0.361000
2019-01-02,0.276549,-0.121651,0.240349,-0.398200,-0.036200,0.080000,-0.362000
2019-01-03,0.308227,-0.087073,0.384927,-0.395300,0.076700,0.060000,-0.472000
2019-01-04,0.253468,-0.024132,0.295868,-0.277600,0.042400,0.090000,-0.320000
2019-01-07,0.295545,-0.037155,0.263845,-0.332700,-0.031700,0.060000,-0.301000
2019-01-08,0.269812,-0.026188,0.213812,-0.296000,-0.056000,0.110000,-0.240000
2019-01-09,0.260469,-0.009531,0.250469,-0.270000,-0.010000,0.070000,-0.260000
2019-01-10,0.201602,-0.005498,0.254502,-0.207100,0.052900,0.100000,-0.260000
2019-01-11,0.181067,0.000867,0.285867,-0.180200,0.104800,0.090000,-0.285000
2019-01-14,0.144907,0.005107,0.332107,-0.139800,0.187200,0.070000,-0.327000
2019-01-15,0.160213,0.005513,0.312513,-0.154700,0.152300,0.080000,-0.307000
2019-01-16,0.150392,0.046692,0.371692,-0.103700,0.221300,0.000000,-0.325000
2019-01-17,0.089464,0.050364,0.355364,-0.039100,0.265900,0.030000,-0.305000
2019-01-18,0.069862,0.061762,0.275762,-0.008100,0.205900,0.060000,-0.214000
2019-01-21,0.084948,0.078748,0.246748,-0.006200,0.161800,0.150000,-0.168000
2019-01-22,0.072827,0.072427,0.304427,-0.000400,0.231600,0.140000,-0.232000
2019-01-23,0.016370,0.084270,0.270270,0.067900,0.253900,0.130000,-0.186000
2019-01-24,0.075281,0.070081,0.282081,-0.005200,0.206800,0.150000,-0.212000
2019-01-25,0.062168,0.085768,0.282768,0.023600,0.220600,0.180000,-0.197000
2019-01-28,0.124676,0.073676,0.304676,-0.051000,0.180000,0.190000,-0.231000
2019-01-29,0.150751,0.074451,0.320451,-0.076300,0.169700,0.190000,-0.246000
2019-01-30,0.197151,0.075051,0.436051,-0.122100,0.238900,0.140000,-0.361000
2019-01-31,0.227438,0.077138,0.499138,-0.150300,0.271700,0.110000,-0.422000
2019-02-01,0.225023,0.074023,0.436023,-0.151000,0.211000,0.110000,-0.362000
2019-02-04,0.187910,0.057110,0.442110,-0.130800,0.254200,0.080000,-0.385000
2019-02-05,0.270644,0.053144,0.469144,-0.217500,0.198500,0.080000,-0.416000
2019-02-06,0.252327,0.071627,0.467627,-0.180700,0.215300,0.100000,-0.396000
2019-02-07,0.220004,0.056504,0.498504,-0.163500,0.278500,0.110000,-0.442000
2019-02-08,0.293561,0.056461,0.467461,-0.237100,0.173900,0.100000,-0.411000
2019-02-11,0.269469,0.061269,0.418269,-0.208200,0.148800,0.100000,-0.357000
2019-02-12,0.144588,0.092288,0.427288,-0.052300,0.282700,0.080000,-0.335000
2019-02-13,0.183427,0.095827,0.351827,-0.087600,0.168400,0.130000,-0.256000
2019-02-14,0.157656,0.073456,0.340456,-0.084200,0.182800,0.150000,-0.267000
2019-02-15,0.166635,0.091935,0.334935,-0.074700,0.168300,0.160000,-0.243000
2019-02-18,0.166747,0.085647,0.341647,-0.081100,0.174900,0.160000,-0.256000
2019-02-19,0.176932,0.077932,0.346932,-0.099000,0.170000,0.160000,-0.269000
2019-02-20,0.148411,0.087611,0.357611,-0.060800,0.209200,0.150000,-0.270000
2019-02-21,0.155509,0.089809,0.359809,-0.065700,0.204300,0.140000,-0.270000
2019-02-22,0.177950,0.087650,0.401650,-0.090300,0.223700,0.090000,-0.314000
2019-02-25,0.153947,0.103247,0.361247,-0.050700,0.207300,0.130000,-0.258000
2019-02-26,0.106577,0.105577,0.405577,-0.001000,0.299000,0.110000,-0.300000
2019-02-27,0.051671,0.117671,0.388671,0.066000,0.337000,0.090000,-0.271000
2019-02-28,0.026364,0.120464,0.406464,0.094100,0.380100,0.070000,-0.286000
2019-03-01,0.041365,0.135365,0.365365,0.094000,0.324000,0.100000,-0.230000
2019-03-04,0.088406,0.124706,0.364706,0.036300,0.276300,0.060000,-0.240000
2019-03-05,0.018565,0.114165,0.324165,0.095600,0.305600,0.050000,-0.210000
2019-03-06,0.075453,0.100153,0.295153,0.024700,0.219700,0.120000,-0.195000
2019-03-07,-0.000392,0.045108,0.295108,0.045500,0.295500,0.140000,-0.250000
2019-03-08,0.030055,0.082055,0.407055,0.052000,0.377000,0.050000,-0.325000
2019-03-11,0.091334,0.063534,0.358534,-0.027800,0.267200,0.100000,-0.295000
2019-03-12,0.108372,0.072872,0.366872,-0.035500,0.258500,0.110000,-0.294000
2019-03-13,0.059955,0.087555,0.362555,0.027600,0.302600,0.070000,-0.275000
2019-03-14,0.074705,0.093205,0.327205,0.018500,0.252500,0.060000,-0.234000
2019-03-15,0.123109,0.103409,0.315409,-0.019700,0.192300,0.080000,-0.212000
2019-03-18,0.115086,0.102786,0.272786,-0.012300,0.157700,0.080000,-0.170000
2019-03-19,0.100486,0.115786,0.310786,0.015300,0.210300,0.060000,-0.195000
2019-03-20,0.192219,0.127919,0.338919,-0.064300,0.146700,0.110000,-0.211000
2019-03-21,0.204570,0.112670,0.233670,-0.091900,0.029100,0.170000,-0.121000
2019-03-22,0.219463,0.101563,0.310563,-0.117900,0.091100,0.130000,-0.209000
2019-03-25,0.232903,0.127303,0.419303,-0.105600,0.186400,0.080000,-0.292000
2019-03-26,0.266920,0.128020,0.403020,-0.138900,0.136100,0.080000,-0.275000
2019-03-27,0.185112,0.055612,0.324612,-0.129500,0.139500,0.100000,-0.269000
2019-03-28,0.224136,0.088436,0.299436,-0.135700,0.075300,0.120000,-0.211000
2019-03-29,0.232939,0.082139,0.248139,-0.150800,0.015200,0.100000,-0.166000
2019-04-01,0.162737,0.090737,0.225737,-0.072000,0.063000,0.090000,-0.135000
2019-04-02,0.159964,0.054564,0.123564,-0.105400,-0.036400,0.120000,-0.069000
2019-04-03,0.163189,0.016989,0.202989,-0.146200,0.039800,0.080000,-0.186000
2019-04-04,0.123545,0.010845,0.220845,-0.112700,0.097300,0.100000,-0.210000
2019-04-05,0.135468,0.026068,0.247068,-0.109400,0.111600,0.070000,-0.221000
2019-04-08,0.115630,0.025030,0.215030,-0.090600,0.099400,0.100000,-0.190000
2019-04-09,0.159078,0.043578,0.238578,-0.115500,0.079500,0.100000,-0.195000
2019-04-10,0.057105,0.026805,0.251805,-0.030300,0.194700,0.070000,-0.225000
2019-04-11,0.126880,0.033380,0.198380,-0.093500,0.071500,0.110000,-0.165000
2019-04-12,0.076924,0.069024,0.183024,-0.007900,0.106100,0.130000,-0.114000
2019-04-15,0.114003,0.047003,0.196003,-0.067000,0.082000,0.170000,-0.149000
2019-04-16,0.108219,0.016119,0.180119,-0.092100,0.071900,0.120000,-0.164000
2019-04-17,0.102935,0.009635,0.249635,-0.093300,0.146700,0.060000,-0.240000
2019-04-18,0.279897,0.008497,0.259497,-0.271400,-0.020400,0.070000,-0.251000
2019-04-19,0.280132,0.006732,0.222732,-0.273400,-0.057400,0.070000,-0.216000
2019-04-22,0.285950,0.004050,0.220050,-0.281900,-0.065900,0.080000,-0.216000
2019-04-23,0.025626,-0.002074,0.211926,-0.027700,0.186300,0.090000,-0.214000
2019-04-24,0.097828,-0.019072,0.276928,-0.116900,0.179100,0.090000,-0.296000
2019-04-25,0.071128,-0.030072,0.256928,-0.101200,0.185800,0.050000,-0.287000
2019-04-26,0.070981,-0.029819,0.256181,-0.100800,0.185200,0.020000,-0.286000
2019-04-29,0.064903,-0.024297,0.201703,-0.089200,0.136800,0.040000,-0.226000
2019-04-30,0.006595,-0.027605,0.168395,-0.034200,0.161800,0.030000,-0.196000
2019-05-01,0.050899,-0.027601,0.208399,-0.078500,0.157500,0.050000,-0.236000
2019-05-02,0.030279,-0.033921,0.164079,-0.064200,0.133800,0.040000,-0.198000
2019-05-03,-0.052012,-0.036512,0.176488,0.015500,0.228500,-0.010000,-0.213000
2019-05-06,-0.080511,-0.045611,0.172389,0.034900,0.252900,-0.020000,-0.218000
2019-05-07,-0.071503,-0.035003,0.164997,0.036500,0.236500,-0.020000,-0.200000
2019-05-08,-0.080100,-0.054600,0.105400,0.025500,0.185500,0.030000,-0.160000
2019-05-09,-0.067740,-0.076740,0.151260,-0.009000,0.219000,-0.010000,-0.228000
2019-05-10,-0.041316,-0.063516,0.181484,-0.022200,0.222800,-0.080000,-0.245000
2019-05-13,-0.033638,-0.084938,0.274062,-0.051300,0.307700,-0.120000,-0.359000
2019-05-14,-0.069378,-0.089378,0.219622,-0.020000,0.289000,-0.130000,-0.309000
2019-05-15,-0.060540,-0.110540,0.258460,-0.050000,0.319000,-0.160000,-0.369000
2019-05-16,-0.034256,-0.087056,0.242944,-0.052800,0.277200,-0.130000,-0.330000
2019-05-17,0.009115,-0.084385,0.234615,-0.093500,0.225500,-0.130000,-0.319000
2019-05-20,-0.006772,-0.092372,0.225628,-0.085600,0.232400,-0.120000,-0.318000
2019-05-21,-0.013126,-0.098726,0.199274,-0.085600,0.212400,-0.150000,-0.298000
2019-05-22,0.020934,-0.083366,0.192634,-0.104300,0.171700,-0.130000,-0.276000
2019-05-23,0.074987,-0.106213,0.304787,-0.181200,0.229800,-0.190000,-0.411000
2019-05-24,0.105701,-0.096799,0.237201,-0.202500,0.131500,-0.130000,-0.334000
2019-05-27,0.161306,-0.113094,0.234906,-0.274400,0.073600,-0.120000,-0.348000
2019-05-28,0.199791,-0.108309,0.283691,-0.308100,0.083900,-0.150000,-0.392000
2019-05-29,0.193092,-0.107808,0.329192,-0.300900,0.136100,-0.220000,-0.437000
2019-05-30,0.179650,-0.105750,0.361250,-0.285400,0.181600,-0.270000,-0.467000
2019-05-31,0.183184,-0.113716,0.448284,-0.296900,0.265100,-0.290000,-0.562000
2019-06-03,0.176682,-0.094018,0.571982,-0.270700,0.395300,-0.390000,-0.666000
2019-06-04,0.115579,-0.058821,0.492179,-0.174400,0.376600,-0.350000,-0.551000
2019-06-05,0.146034,-0.047366,0.498634,-0.193400,0.352600,-0.310000,-0.546000
2019-06-06,0.180790,-0.036310,0.493690,-0.217100,0.312900,-0.310000,-0.530000
2019-06-07,0.189365,-0.069735,0.486265,-0.259100,0.296900,-0.350000,-0.556000
2019-06-10,0.201000,-0.065100,0.443900,-0.266100,0.242900,-0.330000,-0.509000
2019-06-11,0.198122,-0.082878,0.416122,-0.281000,0.218000,-0.350000,-0.499000
2019-06-12,0.143209,-0.093991,0.426009,-0.237200,0.282800,-0.370000,-0.520000
2019-06-13,0.149076,-0.089924,0.491076,-0.239000,0.342000,-0.390000,-0.581000
2019-06-14,0.028499,-0.105601,0.469399,-0.134100,0.440900,-0.370000,-0.575000
2019-06-17,-0.001879,-0.110779,0.395221,-0.108900,0.397100,-0.340000,-0.506000
2019-06-18,-0.128761,-0.153661,0.355339,-0.024900,0.484100,-0.350000,-0.509000
2019-06-19,-0.043411,-0.116811,0.417189,-0.073400,0.460600,-0.430000,-0.534000
2019-06-20,-0.155991,-0.116191,0.370809,0.039800,0.526800,-0.460000,-0.487000
2019-06-21,-0.030105,-0.086205,0.313795,-0.056100,0.343900,-0.400000,-0.400000
2019-06-24,0.057613,-0.038787,0.399213,-0.096400,0.341600,-0.440000,-0.438000
2019-06-25,0.035881,-0.083019,0.386981,-0.118900,0.351100,-0.430000,-0.470000
2019-06-26,0.004770,-0.085030,0.380970,-0.089800,0.376200,-0.410000,-0.466000
2019-06-27,0.026802,-0.079798,0.471202,-0.106600,0.444400,-0.430000,-0.551000
2019-06-28,-0.035505,-0.061905,0.426095,-0.026400,0.461600,-0.460000,-0.488000
2019-07-01,0.037628,-0.088772,0.397228,-0.126400,0.359600,-0.430000,-0.486000
2019-07-02,0.110963,-0.101737,0.394263,-0.212700,0.283300,-0.460000,-0.496000
2019-07-03,0.150769,-0.097331,0.413669,-0.248100,0.262900,-0.480000,-0.511000
2019-07-04,0.154533,-0.104267,0.421733,-0.258800,0.267200,-0.500000,-0.526000
2019-07-05,0.094285,-0.111415,0.320585,-0.205700,0.226300,-0.500000,-0.432000
2019-07-08,0.260758,-0.112142,0.283858,-0.372900,0.023100,-0.530000,-0.396000
2019-07-09,0.196885,-0.109315,0.291685,-0.306200,0.094800,-0.480000,-0.401000
2019-07-10,0.206180,-0.135920,0.425080,-0.342100,0.218900,-0.530000,-0.561000
2019-07-11,0.132917,-0.128583,0.392417,-0.261500,0.259500,-0.550000,-0.521000
2019-07-12,0.145308,-0.126292,0.414708,-0.271600,0.269400,-0.520000,-0.541000
2019-07-15,0.190386,-0.127514,0.408486,-0.317900,0.218100,-0.470000,-0.536000
2019-07-16,-0.035188,-0.126888,0.348112,-0.091700,0.383300,-0.450000,-0.475000
2019-07-17,0.000523,-0.143077,0.371923,-0.143600,0.371400,-0.450000,-0.515000
2019-07-18,0.003704,-0.134996,0.430004,-0.138700,0.426300,-0.440000,-0.565000
2019-07-19,0.216128,-0.137672,0.367328,-0.353800,0.151200,-0.450000,-0.505000
2019-07-22,0.192417,-0.135683,0.332317,-0.328100,0.139900,-0.440000,-0.468000
2019-07-23,0.196438,-0.130562,0.311438,-0.327000,0.115000,-0.400000,-0.442000
2019-07-24,0.195392,-0.133808,0.263192,-0.329200,0.067800,-0.330000,-0.397000
2019-07-25,0.184301,-0.123599,0.262401,-0.307900,0.078100,-0.320000,-0.386000
2019-07-26,0.233123,-0.120477,0.230523,-0.353600,-0.002600,-0.320000,-0.351000
2019-07-29,0.233714,-0.131186,0.268814,-0.364900,0.035100,-0.370000,-0.400000
2019-07-30,0.300705,-0.116395,0.323605,-0.417100,0.022900,-0.400000,-0.440000
2019-07-31,0.342572,-0.134928,0.249072,-0.477500,-0.093500,-0.350000,-0.384000
2019-08-01,0.372300,-0.157700,0.386300,-0.530000,0.014000,-0.430000,-0.544000
2019-08-02,0.342421,-0.138479,0.372521,-0.480900,0.030100,-0.440000,-0.511000
2019-08-05,0.345234,-0.136366,0.513634,-0.481600,0.168400,-0.580000,-0.650000
2019-08-06,0.321113,-0.128587,0.468413,-0.449700,0.147300,-0.420000,-0.597000
2019-08-07,0.272433,-0.167567,0.423433,-0.440000,0.151000,-0.360000,-0.591000
2019-08-08,0.221073,-0.148127,0.327873,-0.369200,0.106800,-0.340000,-0.476000
2019-08-09,0.246588,-0.120612,0.335388,-0.367200,0.088800,-0.350000,-0.456000
2019-08-12,0.249440,-0.112660,0.354340,-0.362100,0.104900,-0.330000,-0.467000
2019-08-13,0.227123,-0.111877,0.303123,-0.339000,0.076000,-0.330000,-0.415000
2019-08-14,0.209795,-0.133005,0.373995,-0.342800,0.164200,-0.370000,-0.507000
2019-08-15,0.216764,-0.141736,0.460264,-0.358500,0.243500,-0.420000,-0.602000
2019-08-16,0.156243,-0.165857,0.489143,-0.322100,0.332900,-0.440000,-0.655000
2019-08-19,0.097555,-0.156845,0.410155,-0.254400,0.312600,-0.390000,-0.567000
2019-08-20,0.055335,-0.146765,0.331235,-0.202100,0.275900,-0.380000,-0.478000
2019-08-21,0.077535,-0.125465,0.324535,-0.203000,0.247000,-0.440000,-0.450000
2019-08-22,0.076445,-0.077055,0.315945,-0.153500,0.239500,-0.460000,-0.393000
2019-08-23,0.039766,-0.113434,0.357566,-0.153200,0.317800,-0.450000,-0.471000
2019-08-26,0.023568,-0.099132,0.300868,-0.122700,0.277300,-0.410000,-0.400000
2019-08-27,0.084013,-0.116087,0.279913,-0.200100,0.195900,-0.350000,-0.396000
2019-08-28,0.137949,-0.105251,0.219749,-0.243200,0.081800,-0.350000,-0.325000
2019-08-29,0.073201,-0.124199,0.028801,-0.197400,-0.044400,-0.260000,-0.153000
2019-08-30,0.061198,-0.145102,0.113898,-0.206300,0.052700,-0.350000,-0.259000
2019-09-02,0.089076,-0.182824,0.069176,-0.271900,-0.019900,-0.340000,-0.252000
2019-09-03,0.077899,-0.176101,0.145899,-0.254000,0.068000,-0.350000,-0.322000
2019-09-04,-0.000110,-0.128410,0.183590,-0.128300,0.183700,-0.350000,-0.312000
2019-09-05,-0.050867,-0.132067,0.120933,-0.081200,0.171800,-0.350000,-0.253000
2019-09-06,0.071417,-0.111883,0.180117,-0.183300,0.108700,-0.410000,-0.292000
2019-09-09,0.045350,-0.073150,0.102850,-0.118500,0.057500,-0.410000,-0.176000
2019-09-10,-0.001158,-0.095058,-0.029058,-0.093900,-0.027900,-0.360000,-0.066000
2019-09-11,0.103487,-0.100213,-0.013213,-0.203700,-0.116700,-0.350000,-0.087000
2019-09-12,0.163325,-0.010475,0.040525,-0.173800,-0.122800,-0.340000,-0.051000
2019-09-13,0.167238,0.043038,0.065038,-0.124200,-0.102200,-0.310000,-0.022000
2019-09-16,0.135713,0.012313,-0.024687,-0.123400,-0.160400,-0.220000,0.037000
2019-09-17,0.236175,0.012175,-0.000825,-0.224000,-0.237000,-0.210000,0.013000
2019-09-18,0.147088,-0.004112,-0.034112,-0.151200,-0.181200,-0.170000,0.030000
2019-09-19,0.145359,0.064259,-0.028741,-0.081100,-0.174100,-0.180000,0.093000
2019-09-20,0.125696,0.075296,0.013296,-0.050400,-0.112400,-0.190000,0.062000
2019-09-23,0.206238,0.062738,0.059738,-0.143500,-0.146500,-0.190000,0.003000
2019-09-24,0.220072,0.074872,0.103872,-0.145200,-0.116200,-0.220000,-0.029000
2019-09-25,0.258007,0.100207,0.046207,-0.157800,-0.211800,-0.180000,0.054000
2019-09-26,0.232328,0.081228,0.094228,-0.151100,-0.138100,-0.220000,-0.013000
2019-09-27,0.198037,0.067437,0.106437,-0.130600,-0.091600,-0.230000,-0.039000
2019-09-30,0.169625,0.051825,0.093825,-0.117800,-0.075800,-0.230000,-0.042000
2019-10-01,0.212281,0.043681,0.180681,-0.168600,-0.031600,-0.220000,-0.137000
2019-10-02,0.227342,0.049942,0.341942,-0.177400,0.114600,-0.260000,-0.292000
2019-10-03,0.192699,0.067799,0.434799,-0.124900,0.242100,-0.220000,-0.367000
2019-10-04,0.230508,0.075108,0.457108,-0.155400,0.226600,-0.290000,-0.382000
2019-10-07,0.253294,0.082894,0.292894,-0.170400,0.039600,-0.230000,-0.210000
2019-10-08,0.349652,0.048252,0.349252,-0.301400,-0.000400,-0.270000,-0.301000
2019-10-09,0.317107,0.083807,0.313807,-0.233300,-0.003300,-0.260000,-0.230000
2019-10-10,0.251521,0.133121,0.302121,-0.118400,0.050600,-0.270000,-0.169000
2019-10-11,0.108268,0.117168,0.253168,0.008900,0.144900,-0.330000,-0.136000
2019-10-14,0.140640,0.145540,0.236540,0.004900,0.095900,-0.330000,-0.091000
2019-10-15,0.096437,0.133037,0.209037,0.036600,0.112600,-0.400000,-0.076000
2019-10-16,0.126489,0.146989,0.302989,0.020500,0.176500,-0.430000,-0.156000
2019-10-17,0.118538,0.146338,0.296338,0.027800,0.177800,-0.420000,-0.150000
2019-10-18,0.089528,0.147128,0.358128,0.057600,0.268600,-0.440000,-0.211000
2019-10-21,0.052382,0.147282,0.318282,0.094900,0.265900,-0.430000,-0.171000
2019-10-22,0.105837,0.124937,0.346937,0.019100,0.241100,-0.440000,-0.222000
2019-10-23,0.098242,0.124042,0.364042,0.025800,0.265800,-0.430000,-0.240000
2019-10-24,0.112893,0.132193,0.359193,0.019300,0.246300,-0.420000,-0.227000
2019-10-25,0.062060,0.116860,0.306860,0.054800,0.244800,-0.360000,-0.190000
2019-10-28,0.023911,0.128111,0.368111,0.104200,0.344200,-0.410000,-0.240000
2019-10-29,0.000807,0.142707,0.213707,0.141900,0.212900,-0.320000,-0.071000
2019-10-30,0.038282,0.153982,0.250982,0.115700,0.212700,-0.210000,-0.097000
2019-10-31,0.036201,0.156001,0.203001,0.119800,0.166800,-0.130000,-0.047000
2019-11-01,0.021198,0.192398,0.179398,0.171200,0.158200,-0.250000,0.013000
2019-11-04,0.034199,0.228099,0.181099,0.193900,0.146900,-0.260000,0.047000
2019-11-05,0.046507,0.198907,0.190907,0.152400,0.144400,-0.260000,0.008000
2019-11-06,0.066060,0.150660,0.251660,0.084600,0.185600,-0.230000,-0.101000
2019-11-07,0.078935,0.167535,0.148535,0.088600,0.069600,-0.200000,0.019000
2019-11-08,0.055708,0.129408,0.223408,0.073700,0.167700,-0.180000,-0.094000
2019-11-11,0.038996,0.173896,0.156896,0.134900,0.117900,-0.130000,0.017000
2019-11-12,0.029766,0.161066,0.089066,0.131300,0.059300,-0.120000,0.072000
2019-11-13,0.140769,0.188569,0.122569,0.047800,-0.018200,-0.090000,0.066000
2019-11-14,0.161366,0.176466,0.206466,0.015100,0.045100,-0.130000,-0.030000
2019-11-15,0.141936,0.172836,0.157836,0.030900,0.015900,-0.090000,0.015000
2019-11-18,0.104629,0.158429,0.217429,0.053800,0.112800,-0.100000,-0.059000
2019-11-19,0.124507,0.124007,0.239007,-0.000500,0.114500,-0.070000,-0.115000
2019-11-20,0.104756,0.152956,0.189956,0.048200,0.085200,-0.090000,-0.037000
2019-11-21,0.090680,0.124980,0.188980,0.034300,0.098300,-0.110000,-0.064000
2019-11-22,0.083528,0.142828,0.174828,0.059300,0.091300,-0.160000,-0.032000
2019-11-25,0.052775,0.145175,0.148175,0.092400,0.095400,-0.150000,-0.003000
2019-11-26,0.109589,0.144089,0.217089,0.034500,0.107500,-0.180000,-0.073000
2019-11-27,0.118910,0.166110,0.143110,0.047200,0.024200,-0.120000,0.023000
2019-11-28,0.076319,0.161619,0.151619,0.085300,0.075300,-0.110000,0.010000
2019-11-29,0.017486,0.156786,0.132786,0.139300,0.115300,-0.120000,0.024000
2019-12-02,0.069031,0.141931,0.096931,0.072900,0.027900,-0.100000,0.045000
2019-12-03,0.167916,0.098216,0.258216,-0.069700,0.090300,-0.120000,-0.160000
2019-12-04,0.009624,0.084124,0.180124,0.074500,0.170500,-0.090000,-0.096000
2019-12-05,0.062741,0.067941,0.234941,0.005200,0.172200,-0.130000,-0.167000
2019-12-06,0.077684,0.055884,0.277884,-0.021800,0.200200,-0.110000,-0.222000
2019-12-09,0.088575,0.048175,0.260175,-0.040400,0.171600,-0.140000,-0.212000
2019-12-10,-0.008570,-0.041970,0.195030,-0.033400,0.203600,-0.140000,-0.237000
2019-12-11,0.059981,-0.051319,0.271681,-0.111300,0.211700,-0.200000,-0.323000
2019-12-12,-0.035905,-0.021505,0.180495,0.014400,0.216400,-0.160000,-0.202000
2019-12-13,-0.007452,-0.011952,0.216048,-0.004500,0.223500,-0.160000,-0.228000
2019-12-16,-0.070864,-0.020064,0.231936,0.050800,0.302800,-0.210000,-0.252000
2019-12-17,-0.041575,-0.094175,0.195825,-0.052600,0.237400,-0.210000,-0.290000
2019-12-18,-0.028281,-0.086981,0.156019,-0.058700,0.184300,-0.220000,-0.243000
2019-12-19,-0.105761,-0.073361,0.183639,0.032400,0.289400,-0.190000,-0.257000
2019-12-20,-0.093512,-0.100412,0.090588,-0.006900,0.184100,-0.100000,-0.191000
2019-12-23,-0.117215,-0.137615,0.150385,-0.020400,0.267600,-0.140000,-0.288000
2019-12-24,-0.100519,-0.112319,0.161681,-0.011800,0.262200,-0.140000,-0.274000
2019-12-25,-0.129599,-0.067299,0.150701,0.062300,0.280300,-0.110000,-0.218000
2019-12-26,-0.148105,-0.057205,0.136795,0.090900,0.284900,-0.080000,-0.194000
2019-12-27,-0.183964,-0.031664,0.108336,0.152300,0.292300,-0.100000,-0.140000
2019-12-30,-0.191547,0.004353,0.079353,0.195900,0.270900,-0.090000,-0.075000
2019-12-31,-0.142947,-0.000447,0.000553,0.142500,0.143500,-0.090000,-0.001000
2020-01-01,-0.179840,-0.013940,0.007060,0.165900,0.186900,-0.100000,-0.021000
2020-01-02,-0.166675,-0.023575,0.060425,0.143100,0.227100,-0.090000,-0.084000
2020-01-03,-0.170467,-0.011967,0.067033,0.158500,0.237500,-0.060000,-0.079000
2020-01-06,-0.183797,-0.043397,0.074603,0.140400,0.258400,-0.090000,-0.118000
2020-01-07,-0.181805,-0.101205,0.082795,0.080600,0.264600,-0.100000,-0.184000
2020-01-08,-0.014701,-0.072601,0.145399,-0.057900,0.160100,-0.060000,-0.218000
2020-01-09,-0.065944,-0.048344,0.164656,0.017600,0.230600,-0.030000,-0.213000
2020-01-10,0.033782,-0.032418,0.161582,-0.066200,0.127800,-0.010000,-0.194000
2020-01-13,0.043695,-0.026205,0.103795,-0.069900,0.060100,0.010000,-0.130000
2020-01-14,0.063328,-0.026072,0.118928,-0.089400,0.055600,-0.030000,-0.145000
2020-01-15,0.136260,-0.038540,0.101460,-0.174800,-0.034800,-0.010000,-0.140000
2020-01-16,0.167266,-0.035734,0.121266,-0.203000,-0.046000,-0.030000,-0.157000
2020-01-17,0.131971,-0.029929,0.100071,-0.161900,-0.031900,-0.040000,-0.130000
2020-01-20,0.113631,-0.038469,0.087531,-0.152100,-0.026100,-0.030000,-0.126000
2020-01-21,0.094090,-0.028210,0.151790,-0.122300,0.057700,-0.040000,-0.180000
2020-01-22,0.091455,-0.038945,0.183055,-0.130400,0.091600,0.020000,-0.222000
2020-01-23,0.141759,-0.035441,0.181559,-0.177200,0.039800,0.070000,-0.217000
2020-01-24,0.141141,-0.027359,0.197641,-0.168500,0.056500,0.060000,-0.225000
2020-01-27,0.134550,-0.053850,0.190150,-0.188400,0.055600,-0.050000,-0.244000
2020-01-28,0.078352,-0.053148,0.119852,-0.131500,0.041500,-0.030000,-0.173000
2020-01-29,0.114059,-0.099741,0.180259,-0.213800,0.066200,-0.060000,-0.280000
2020-01-30,0.083698,-0.108802,0.206198,-0.192500,0.122500,-0.060000,-0.315000
2020-01-31,0.117677,-0.093423,0.288577,-0.211100,0.170900,-0.100000,-0.382000
2020-02-03,0.067170,-0.065530,0.211470,-0.132700,0.144300,-0.080000,-0.277000
2020-02-04,0.078491,-0.053409,0.258591,-0.131900,0.180100,-0.110000,-0.312000
2020-02-05,0.085205,-0.043895,0.232105,-0.129100,0.146900,-0.160000,-0.276000
2020-02-06,0.116465,-0.065035,0.237965,-0.181500,0.121500,-0.150000,-0.303000
2020-02-07,0.137817,-0.035983,0.241017,-0.173800,0.103200,-0.130000,-0.277000
2020-02-10,0.120572,-0.033128,0.263872,-0.153700,0.143300,-0.130000,-0.297000
2020-02-11,0.070311,-0.034689,0.182311,-0.105000,0.112000,-0.110000,-0.217000
2020-02-12,0.034776,-0.027124,0.189876,-0.061900,0.155100,-0.140000,-0.217000
2020-02-13,0.035052,-0.039648,0.172352,-0.074700,0.137300,-0.130000,-0.212000
2020-02-14,0.031267,-0.066433,0.177567,-0.097700,0.146300,-0.150000,-0.244000
2020-02-17,0.025640,-0.058960,0.148040,-0.084600,0.122400,-0.120000,-0.207000
2020-02-18,0.075770,-0.037130,0.200870,-0.112900,0.125100,-0.090000,-0.238000
2020-02-19,0.027530,-0.030070,0.194930,-0.057600,0.167400,-0.090000,-0.225000
2020-02-20,0.036957,-0.028043,0.229957,-0.065000,0.193000,-0.080000,-0.258000
2020-02-21,0.013504,-0.013396,0.255604,-0.026900,0.242100,-0.090000,-0.269000
2020-02-24,0.041162,-0.060438,0.344562,-0.101600,0.303400,-0.110000,-0.405000
2020-02-25,0.060540,-0.015460,0.392540,-0.076000,0.332000,-0.160000,-0.408000
2020-02-26,0.079089,-0.032211,0.395789,-0.111300,0.316700,-0.190000,-0.428000
2020-02-27,0.101831,-0.074469,0.385531,-0.176300,0.283700,-0.140000,-0.460000
2020-02-28,0.058324,-0.025576,0.542424,-0.083900,0.484100,-0.260000,-0.568000
2020-03-02,0.113733,-0.051167,0.580833,-0.164900,0.467100,-0.280000,-0.632000
2020-03-03,0.185879,-0.046821,0.725179,-0.232700,0.539300,-0.160000,-0.772000
2020-03-04,0.170241,-0.026659,0.765341,-0.196900,0.595100,-0.210000,-0.792000
2020-03-05,0.192145,-0.059655,0.846345,-0.251800,0.654200,-0.160000,-0.906000
2020-03-06,0.302636,-0.036964,0.954036,-0.339600,0.651400,-0.190000,-0.991000
2020-03-09,0.193117,-0.095283,0.928717,-0.288400,0.735600,-0.100000,-1.024000
2020-03-10,0.213677,-0.146923,0.894077,-0.360600,0.680400,-0.010000,-1.041000
2020-03-11,0.136375,-0.183925,0.822075,-0.320300,0.685700,0.050000,-1.006000
2020-03-12,0.101784,-0.229816,0.832184,-0.331600,0.730400,0.070000,-1.062000
2020-03-13,0.039396,-0.153104,0.906896,-0.192500,0.867500,0.070000,-1.060000
2020-03-16,-0.008473,-0.159073,1.042927,-0.150600,1.051400,0.000000,-1.202000
2020-03-17,-0.024887,-0.142087,0.929913,-0.117200,0.954800,-0.090000,-1.072000
2020-03-18,-0.114609,-0.070409,0.957591,0.044200,1.072200,-0.130000,-1.028000
2020-03-19,0.047785,0.062385,1.195385,0.014600,1.147600,-0.150000,-1.133000
2020-03-20,0.278062,0.053762,1.235762,-0.224300,0.957700,-0.140000,-1.182000
2020-03-23,0.371706,0.062506,1.305506,-0.309200,0.933800,-0.180000,-1.243000
2020-03-24,0.387153,0.136353,1.285353,-0.250800,0.898200,-0.180000,-1.149000
2020-03-25,0.427993,0.170193,1.303193,-0.257800,0.875200,-0.210000,-1.133000
2020-03-26,0.461480,0.093680,1.266680,-0.367800,0.805200,-0.190000,-1.173000
2020-03-27,0.346358,-0.042442,1.244558,-0.388800,0.898200,-0.080000,-1.287000
2020-03-30,0.355847,-0.059053,1.250947,-0.414900,0.895100,-0.100000,-1.310000
2020-03-31,0.318457,-0.087743,1.266257,-0.406200,0.947800,-0.110000,-1.354000
2020-04-01,0.372027,-0.020773,1.273227,-0.392800,0.901200,-0.090000,-1.294000
2020-04-02,0.420231,-0.004969,1.306031,-0.425200,0.885800,-0.100000,-1.311000
2020-04-03,0.448443,-0.001657,1.289343,-0.450100,0.840900,-0.080000,-1.291000
2020-04-06,0.448171,-0.010029,1.295971,-0.458200,0.847800,-0.090000,-1.306000
2020-04-07,0.394583,-0.022217,1.277783,-0.416800,0.883200,-0.120000,-1.300000
2020-04-08,0.382961,-0.011639,1.283361,-0.394600,0.900400,-0.070000,-1.295000
2020-04-09,0.395114,-0.011086,1.328914,-0.406200,0.933800,-0.080000,-1.340000
2020-04-10,0.370572,0.027172,1.329172,-0.343400,0.958600,-0.080000,-1.302000
2020-04-13,0.311484,0.045884,1.299884,-0.265600,0.988400,-0.060000,-1.254000
2020-04-14,0.267589,0.006189,1.314189,-0.261400,1.046600,-0.080000,-1.308000
2020-04-15,0.253006,-0.047394,1.307606,-0.300400,1.054600,-0.070000,-1.355000
2020-04-16,0.260961,-0.024239,1.321761,-0.285200,1.060800,-0.060000,-1.346000
2020-04-17,0.215773,-0.058327,1.251673,-0.274100,1.035900,-0.060000,-1.310000
2020-04-20,0.223797,-0.046403,1.269597,-0.270200,1.045800,-0.130000,-1.316000
2020-04-21,0.237775,-0.036625,1.272375,-0.274400,1.034600,-0.120000,-1.309000
2020-04-22,0.222054,-0.018446,1.242554,-0.240500,1.020500,-0.110000,-1.261000
2020-04-23,0.187412,-0.020088,1.195912,-0.207500,1.008500,-0.110000,-1.216000
2020-04-24,0.225536,0.007436,1.205436,-0.218100,0.979900,-0.080000,-1.198000
2020-04-27,0.239295,0.052495,1.192495,-0.186800,0.953200,-0.050000,-1.140000
2020-04-28,0.294976,0.043576,1.223576,-0.251400,0.928600,-0.060000,-1.180000
2020-04-29,0.264003,0.020803,1.130803,-0.243200,0.866800,-0.020000,-1.110000
2020-04-30,0.303261,0.003761,1.144761,-0.299500,0.841500,-0.040000,-1.141000
2020-05-01,0.253847,-0.035953,1.160047,-0.289800,0.906200,-0.040000,-1.196000
2020-05-04,0.295482,-0.038818,1.188182,-0.334300,0.892700,-0.060000,-1.227000
2020-05-05,0.256614,-0.085086,1.131914,-0.341700,0.875300,-0.070000,-1.217000
2020-05-06,0.273099,-0.051401,1.171599,-0.324500,0.898500,-0.070000,-1.223000
2020-05-07,0.269942,-0.074058,1.171942,-0.344000,0.902000,-0.070000,-1.246000
2020-05-08,0.266495,-0.081505,1.154495,-0.348000,0.888000,-0.050000,-1.236000
2020-05-11,0.334586,-0.046214,1.203786,-0.380800,0.869200,-0.040000,-1.250000
2020-05-12,0.399346,-0.020154,1.234846,-0.419500,0.835500,-0.030000,-1.255000
2020-05-13,0.396137,-0.012463,1.222537,-0.408600,0.826400,-0.050000,-1.235000
2020-05-14,0.400592,-0.026508,1.210492,-0.427100,0.809900,-0.040000,-1.237000
2020-05-15,0.348835,-0.044265,1.187735,-0.393100,0.838900,-0.070000,-1.232000
2020-05-18,0.348654,-0.022846,1.197154,-0.371500,0.848500,-0.040000,-1.220000
2020-05-19,0.398515,0.012115,1.224115,-0.386400,0.825600,-0.070000,-1.212000
2020-05-20,0.382632,-0.000268,1.178732,-0.382900,0.796100,-0.060000,-1.179000
2020-05-21,0.433864,0.031964,1.110964,-0.401900,0.677100,-0.050000,-1.079000
2020-05-22,0.436296,0.020396,1.070396,-0.415900,0.634100,0.000000,-1.050000
2020-05-25,0.439652,0.020852,1.039852,-0.418800,0.600200,0.050000,-1.019000
2020-05-26,0.441471,0.084171,1.062171,-0.357300,0.620700,0.020000,-0.978000
2020-05-27,0.480304,0.068804,0.841804,-0.411500,0.361500,0.170000,-0.773000
2020-05-28,0.473602,0.109302,0.874302,-0.364300,0.400700,0.200000,-0.765000
2020-05-29,0.409006,0.064106,0.700106,-0.344900,0.291100,0.140000,-0.636000
2020-06-01,0.376292,0.075092,0.716092,-0.301200,0.339800,0.100000,-0.641000
2020-06-02,0.359917,0.115317,0.616317,-0.244600,0.256400,0.080000,-0.501000
2020-06-03,0.260137,0.122237,0.539237,-0.137900,0.279100,0.080000,-0.417000
2020-06-04,0.360960,0.199860,0.537860,-0.161100,0.176900,0.020000,-0.338000
2020-06-05,0.368551,0.227251,0.604251,-0.141300,0.235700,-0.080000,-0.377000
2020-06-08,0.408492,0.238092,0.600092,-0.170400,0.191600,-0.100000,-0.362000
2020-06-09,0.492600,0.292500,0.655500,-0.200100,0.162900,-0.130000,-0.363000
2020-06-10,0.545585,0.227685,0.595685,-0.317900,0.050100,-0.110000,-0.368000
2020-06-11,0.599077,0.198777,0.401777,-0.400300,-0.197300,0.020000,-0.203000
2020-06-12,0.603818,0.171218,0.484218,-0.432600,-0.119600,0.070000,-0.313000
2020-06-15,0.661622,0.119222,0.464222,-0.542400,-0.197400,0.050000,-0.345000
2020-06-16,0.546574,0.013274,0.243274,-0.533300,-0.303300,0.110000,-0.230000
2020-06-17,0.304271,0.016771,0.196771,-0.287500,-0.107500,0.090000,-0.180000
2020-06-18,0.181196,-0.011904,0.123096,-0.193100,-0.058100,0.120000,-0.135000
2020-06-19,0.154577,-0.104423,0.154577,-0.259000,0.000000,0.100000,-0.259000
2020-06-22,0.114281,-0.170019,0.058981,-0.284300,-0.055300,0.170000,-0.229000
2020-06-23,0.144623,-0.109577,0.094423,-0.254200,-0.050200,0.170000,-0.204000
2020-06-24,0.228670,0.023470,0.108470,-0.205200,-0.120200,0.080000,-0.085000
2020-06-25,0.199495,-0.000505,0.088495,-0.200000,-0.111000,0.080000,-0.089000
2020-06-26,0.218529,0.021829,0.069829,-0.196700,-0.148700,0.070000,-0.048000
2020-06-29,0.166763,-0.020337,0.041663,-0.187100,-0.125100,0.040000,-0.062000
2020-06-30,0.158526,-0.034174,0.030826,-0.192700,-0.127700,0.070000,-0.065000
2020-07-01,0.160411,0.017711,0.072711,-0.142700,-0.087700,0.070000,-0.055000
2020-07-02,0.165798,-0.010502,0.090498,-0.176300,-0.075300,0.040000,-0.101000
2020-07-03,0.189482,-0.032818,0.074182,-0.222300,-0.115300,0.040000,-0.107000
2020-07-06,0.131654,-0.059046,0.045954,-0.190700,-0.085700,0.030000,-0.105000
2020-07-07,0.084854,-0.070746,0.014254,-0.155600,-0.070600,0.040000,-0.085000
2020-07-08,0.091778,-0.099422,0.014578,-0.191200,-0.077200,0.030000,-0.114000
2020-07-09,0.104821,-0.101679,0.030321,-0.206500,-0.074500,0.010000,-0.132000
2020-07-10,0.142074,-0.080226,0.016774,-0.222300,-0.125300,0.020000,-0.097000
2020-07-13,0.149963,-0.005137,0.055863,-0.155100,-0.094100,0.010000,-0.061000
2020-07-14,0.164157,-0.023643,0.051357,-0.187800,-0.112800,-0.010000,-0.075000
2020-07-15,0.168600,-0.001200,0.040800,-0.169800,-0.127800,0.040000,-0.042000
2020-07-16,0.216423,0.006423,0.031423,-0.210000,-0.185000,0.030000,-0.025000
2020-07-17,0.165639,0.002839,0.045839,-0.162800,-0.119800,-0.010000,-0.043000
2020-07-20,0.187907,-0.025493,0.034507,-0.213400,-0.153400,0.000000,-0.060000
2020-07-21,0.213250,-0.006850,0.078150,-0.220100,-0.135100,-0.020000,-0.085000
2020-07-22,0.208320,-0.061380,0.050620,-0.269700,-0.157700,-0.020000,-0.112000
2020-07-23,0.210789,-0.076711,0.041289,-0.287500,-0.169500,-0.010000,-0.118000
2020-07-24,0.200396,-0.055704,0.047296,-0.256100,-0.153100,-0.010000,-0.103000
2020-07-27,0.237972,-0.046928,0.047072,-0.284900,-0.190900,-0.010000,-0.094000
2020-07-28,0.193379,-0.041821,0.067179,-0.235200,-0.126200,-0.030000,-0.109000
2020-07-29,0.213173,-0.018827,0.092173,-0.232000,-0.121000,-0.040000,-0.111000
2020-07-30,0.191288,-0.034912,0.075088,-0.226200,-0.116200,-0.030000,-0.110000
2020-07-31,0.206931,0.023031,0.123031,-0.183900,-0.083900,-0.030000,-0.100000
2020-08-03,0.192173,-0.011327,0.072673,-0.203500,-0.119500,-0.020000,-0.084000
2020-08-04,0.174677,-0.021423,0.014577,-0.196100,-0.160100,0.000000,-0.036000
2020-08-05,0.186876,0.002076,0.093076,-0.184800,-0.093800,-0.050000,-0.091000
2020-08-06,0.154017,-0.043483,0.063517,-0.197500,-0.090500,-0.040000,-0.107000
2020-08-07,0.087221,-0.062679,0.020321,-0.149900,-0.066900,-0.040000,-0.083000
2020-08-10,0.090289,-0.055111,0.007889,-0.145400,-0.082400,-0.010000,-0.063000
2020-08-11,0.065211,-0.034889,0.017111,-0.100100,-0.048100,-0.010000,-0.052000
2020-08-12,0.072246,-0.030054,0.026946,-0.102300,-0.045300,-0.010000,-0.057000
2020-08-13,0.094977,-0.017423,0.055577,-0.112400,-0.039400,-0.050000,-0.073000
2020-08-14,0.035497,-0.060603,0.013397,-0.096100,-0.022100,-0.030000,-0.074000
2020-08-17,0.058033,-0.069567,-0.002567,-0.127600,-0.060600,-0.010000,-0.067000
2020-08-18,0.000061,-0.067339,0.014661,-0.067400,0.014600,-0.010000,-0.082000
2020-08-19,-0.041158,-0.092858,-0.000858,-0.051700,0.040300,-0.030000,-0.092000
2020-08-20,-0.050914,-0.100614,-0.003614,-0.049700,0.047300,-0.040000,-0.097000
2020-08-21,-0.039525,-0.125525,-0.058525,-0.086000,-0.019000,-0.000000,-0.067000
2020-08-24,-0.055910,-0.112310,-0.024310,-0.056400,0.031600,-0.030000,-0.088000
2020-08-25,-0.063745,-0.096445,-0.021445,-0.032700,0.042300,-0.010000,-0.075000
2020-08-26,-0.076792,-0.071892,-0.019892,0.004900,0.056900,-0.010000,-0.052000
2020-08-27,-0.051474,-0.083374,-0.049374,-0.031900,0.002100,0.020000,-0.034000
2020-08-28,-0.024301,-0.080301,0.004699,-0.056000,0.029000,-0.020000,-0.085000
2020-08-31,0.010957,-0.090843,0.014157,-0.101800,0.003200,-0.010000,-0.105000
2020-09-01,0.016787,-0.101013,0.004987,-0.117800,-0.011800,-0.010000,-0.106000
2020-09-02,0.041734,-0.123366,-0.012366,-0.165100,-0.054100,0.010000,-0.111000
2020-09-03,0.038716,-0.121484,0.000516,-0.160200,-0.038200,-0.030000,-0.122000
2020-09-04,0.018274,-0.119026,-0.022026,-0.137300,-0.040300,-0.030000,-0.097000
2020-09-07,-0.020987,-0.109487,-0.048487,-0.088500,-0.027500,-0.020000,-0.061000
2020-09-08,0.022628,-0.089372,-0.008372,-0.112000,-0.031000,-0.050000,-0.081000
2020-09-09,0.010348,-0.053752,0.023248,-0.064100,0.012900,-0.040000,-0.077000
2020-09-10,0.047456,-0.044944,0.043056,-0.092400,-0.004400,-0.020000,-0.088000
2020-09-11,0.051340,-0.059560,0.043440,-0.110900,-0.007900,-0.050000,-0.103000
2020-09-14,0.010779,-0.065021,0.006979,-0.075800,-0.003800,-0.020000,-0.072000
2020-09-15,0.025416,-0.051084,0.020916,-0.076500,-0.004500,-0.010000,-0.072000
2020-09-16,0.023727,-0.041673,0.026327,-0.065400,0.002600,-0.010000,-0.068000
2020-09-17,0.071032,-0.022668,0.055332,-0.093700,-0.015700,-0.020000,-0.078000
2020-09-18,0.057500,-0.053300,-0.000300,-0.110800,-0.057800,0.000000,-0.053000
2020-09-21,0.031230,-0.068270,-0.010270,-0.099500,-0.041500,-0.010000,-0.058000
2020-09-22,0.006026,-0.019074,0.021926,-0.025100,0.015900,-0.000000,-0.041000
2020-09-23,-0.004179,-0.004279,0.019721,-0.000100,0.023900,-0.000000,-0.024000
2020-09-24,-0.015642,-0.018042,0.001958,-0.002400,0.017600,0.020000,-0.020000
2020-09-25,0.014870,0.003470,0.027470,-0.011400,0.012600,-0.010000,-0.024000
2020-09-28,0.008848,-0.037652,-0.007652,-0.046500,-0.016500,0.000000,-0.030000
2020-09-29,0.009573,-0.011727,0.034273,-0.021300,0.024700,-0.000000,-0.046000
2020-09-30,-0.004942,-0.014342,0.020658,-0.009400,0.025600,0.010000,-0.035000
2020-10-01,0.014613,-0.017787,0.009213,-0.032400,-0.005400,0.030000,-0.027000
2020-10-02,-0.031842,-0.025642,-0.003642,0.006200,0.028200,0.010000,-0.022000
2020-10-05,-0.054010,-0.029610,-0.012610,0.024400,0.041400,0.030000,-0.017000
2020-10-06,-0.075372,-0.044972,-0.012972,0.030400,0.062400,0.030000,-0.032000
2020-10-07,-0.077677,-0.022677,-0.005677,0.055000,0.072000,0.040000,-0.017000
2020-10-08,-0.084528,-0.054228,-0.017228,0.030300,0.067300,-0.020000,-0.037000
2020-10-09,-0.110647,-0.079647,-0.081647,0.031000,0.029000,0.040000,0.002000
2020-10-12,-0.090797,-0.066697,-0.060697,0.024100,0.030100,0.010000,-0.006000
2020-10-13,-0.106970,-0.074170,-0.068170,0.032800,0.038800,0.020000,-0.006000
2020-10-14,-0.096899,-0.086699,-0.075699,0.010200,0.021200,0.030000,-0.011000
2020-10-15,-0.106645,-0.094645,-0.077645,0.012000,0.029000,0.020000,-0.017000
2020-10-16,-0.134390,-0.108890,-0.110890,0.025500,0.023500,0.040000,0.002000
2020-10-19,-0.121087,-0.079987,-0.104987,0.041100,0.016100,0.060000,0.025000
2020-10-20,-0.147541,-0.099741,-0.084741,0.047800,0.062800,0.020000,-0.015000
2020-10-21,-0.157566,-0.114066,-0.109066,0.043500,0.048500,0.040000,-0.005000
2020-10-22,-0.210471,-0.091671,-0.103671,0.118800,0.106800,0.050000,0.012000
2020-10-23,-0.175808,-0.065508,-0.101508,0.110300,0.074300,0.070000,0.036000
2020-10-26,-0.165703,-0.063103,-0.103103,0.102600,0.062600,0.060000,0.040000
2020-10-27,-0.151975,-0.060675,-0.106675,0.091300,0.045300,0.070000,0.046000
2020-10-28,-0.154476,-0.098576,-0.134576,0.055900,0.019900,0.070000,0.036000
2020-10-29,-0.163040,-0.108140,-0.148140,0.054900,0.014900,0.060000,0.040000
2020-10-30,-0.188065,-0.091365,-0.110365,0.096700,0.077700,0.020000,0.019000
2020-11-02,-0.141845,-0.107945,-0.151945,0.033900,-0.010100,0.060000,0.044000
2020-11-03,-0.163479,-0.091779,-0.150779,0.071700,0.012700,0.050000,0.059000
2020-11-04,-0.106273,-0.108373,-0.113373,-0.002100,-0.007100,0.020000,0.005000
2020-11-05,-0.123179,-0.073379,-0.083379,0.049800,0.039800,0.020000,0.010000
2020-11-06,-0.105273,-0.069373,-0.097373,0.035900,0.007900,0.020000,0.028000
2020-11-09,-0.120261,-0.027961,-0.072961,0.092300,0.047300,0.020000,0.045000
2020-11-10,-0.146351,-0.054351,-0.104351,0.092000,0.042000,0.070000,0.050000
2020-11-11,-0.169679,-0.050479,-0.121479,0.119200,0.048200,0.080000,0.071000
2020-11-12,-0.152981,-0.043181,-0.097181,0.109800,0.055800,0.060000,0.054000
2020-11-13,-0.149377,-0.047977,-0.102977,0.101400,0.046400,0.040000,0.055000
2020-11-16,-0.129194,-0.031394,-0.111394,0.097800,0.017800,0.070000,0.080000
2020-11-17,-0.110307,-0.012407,-0.097407,0.097900,0.012900,0.060000,0.085000
2020-11-18,-0.127984,-0.013384,-0.048384,0.114600,0.079600,0.010000,0.035000
2020-11-19,-0.134249,-0.027749,-0.095749,0.106500,0.038500,0.050000,0.068000
2020-11-20,-0.112460,-0.063960,-0.110960,0.048500,0.001500,0.030000,0.047000
2020-11-23,-0.123267,-0.070067,-0.109067,0.053200,0.014200,0.020000,0.039000
2020-11-24,-0.107129,-0.068229,-0.098229,0.038900,0.008900,0.020000,0.030000
2020-11-25,-0.120137,-0.050037,-0.113037,0.070100,0.007100,0.040000,0.063000
2020-11-26,-0.114125,-0.061425,-0.129425,0.052700,-0.015300,0.050000,0.068000
2020-11-27,-0.130350,-0.078750,-0.118750,0.051600,0.011600,0.050000,0.040000
2020-11-30,-0.160964,-0.051364,-0.081364,0.109600,0.079600,0.030000,0.030000
2020-12-01,-0.170764,-0.024764,-0.074764,0.146000,0.096000,0.040000,0.050000
2020-12-02,-0.134239,-0.029939,-0.054939,0.104300,0.079300,0.020000,0.025000
2020-12-03,-0.146580,-0.056580,-0.075580,0.090000,0.071000,0.030000,0.019000
2020-12-04,-0.213121,-0.050921,-0.070921,0.162200,0.142200,0.010000,0.020000
2020-12-07,-0.133792,-0.082492,-0.088492,0.051300,0.045300,-0.010000,0.006000
2020-12-08,-0.163778,-0.109978,-0.114978,0.053800,0.048800,-0.010000,0.005000
2020-12-09,-0.202863,-0.111463,-0.136463,0.091400,0.066400,0.020000,0.025000
2020-12-10,-0.120304,-0.095504,-0.089504,0.024800,0.030800,0.000000,-0.006000
2020-12-11,-0.097645,-0.117445,-0.086445,-0.019800,0.011200,-0.020000,-0.031000
2020-12-14,-0.114727,-0.097427,-0.087427,0.017300,0.027300,0.000000,-0.010000
2020-12-15,-0.205914,-0.094914,-0.074914,0.111000,0.131000,-0.010000,-0.020000
2020-12-16,-0.182818,-0.071218,-0.051218,0.111600,0.131600,0.000000,-0.020000
2020-12-17,-0.184742,-0.061042,-0.041042,0.123700,0.143700,0.000000,-0.020000
2020-12-18,-0.099242,-0.055842,-0.050842,0.043400,0.048400,0.020000,-0.005000
2020-12-21,-0.056717,-0.077417,-0.051417,-0.020700,0.005300,0.020000,-0.026000
2020-12-22,-0.043415,-0.064615,-0.043615,-0.021200,-0.000200,0.020000,-0.021000
2020-12-23,-0.144654,-0.056354,-0.048354,0.088300,0.096300,0.030000,-0.008000
2020-12-24,-0.104063,-0.063963,-0.038963,0.040100,0.065100,0.020000,-0.025000
2020-12-25,-0.117368,-0.068668,-0.074668,0.048700,0.042700,0.040000,0.006000
2020-12-28,-0.105390,-0.078590,-0.068590,0.026800,0.036800,0.030000,-0.010000
2020-12-29,-0.089628,-0.083528,-0.057528,0.006100,0.032100,0.010000,-0.026000
2020-12-30,-0.061981,-0.075081,-0.050081,-0.013100,0.011900,0.030000,-0.025000
2020-12-31,-0.026536,-0.072436,-0.051436,-0.045900,-0.024900,0.030000,-0.021000
2021-01-01,-0.018216,-0.057816,-0.046816,-0.039600,-0.028600,0.020000,-0.011000
2021-01-04,0.016448,-0.045252,0.009748,-0.061700,-0.006700,-0.010000,-0.055000
2021-01-05,0.009932,-0.040868,-0.034868,-0.050800,-0.044800,0.080000,-0.006000
2021-01-06,0.018243,-0.010657,0.015343,-0.028900,-0.002900,0.060000,-0.026000
2021-01-07,-0.024044,-0.031544,0.009456,-0.007500,0.033500,0.060000,-0.041000
2021-01-08,-0.046339,-0.023839,0.018161,0.022500,0.064500,0.040000,-0.042000
2021-01-11,-0.033728,0.001672,0.018672,0.035400,0.052400,0.050000,-0.017000
2021-01-12,-0.075666,0.033134,0.050134,0.108800,0.125800,0.050000,-0.017000
2021-01-13,-0.051323,0.034477,0.049477,0.085800,0.100800,0.070000,-0.015000
2021-01-14,-0.057216,0.012884,0.029884,0.070100,0.087100,0.070000,-0.017000
2021-01-15,-0.028800,0.028400,0.050400,0.057200,0.079200,0.070000,-0.022000
2021-01-18,-0.004712,0.036888,0.047888,0.041600,0.052600,0.070000,-0.011000
2021-01-19,0.042275,0.031675,0.063675,-0.010600,0.021400,0.070000,-0.032000
2021-01-20,0.011675,0.024775,0.074775,0.013100,0.063100,0.030000,-0.050000
2021-01-21,-0.000628,0.033272,0.060272,0.033900,0.060900,0.040000,-0.027000
2021-01-22,-0.010264,0.045636,0.068636,0.055900,0.078900,0.030000,-0.023000
2021-01-25,0.013417,0.055017,0.077017,0.041600,0.063600,0.030000,-0.022000
2021-01-26,0.015409,0.064709,0.106709,0.049300,0.091300,0.030000,-0.042000
2021-01-27,0.035101,0.050101,0.062101,0.015000,0.027000,0.080000,-0.012000
2021-01-28,-0.002076,0.048824,0.084824,0.050900,0.086900,0.060000,-0.036000
2021-01-29,0.017057,0.050257,0.106257,0.033200,0.089200,0.060000,-0.056000
2021-02-01,-0.006125,0.065475,0.091475,0.071600,0.097600,0.080000,-0.026000
2021-02-02,-0.007241,0.047159,0.088159,0.054400,0.095400,0.060000,-0.041000
2021-02-03,-0.000652,0.037748,0.108748,0.038400,0.109400,0.040000,-0.071000
2021-02-04,-0.026007,0.008693,0.084693,0.034700,0.110700,0.030000,-0.076000
2021-02-05,-0.072079,-0.007679,0.104321,0.064400,0.176400,-0.030000,-0.112000
2021-02-08,-0.044470,-0.001170,0.089830,0.043300,0.134300,-0.010000,-0.091000
2021-02-09,-0.067586,-0.003686,0.072314,0.063900,0.139900,0.010000,-0.076000
2021-02-10,-0.077679,-0.006079,0.079921,0.071600,0.157600,0.020000,-0.086000
2021-02-11,-0.068240,-0.017340,0.088660,0.050900,0.156900,0.000000,-0.106000
2021-02-12,-0.096397,-0.001897,0.085103,0.094500,0.181500,0.010000,-0.087000
2021-02-15,-0.105113,0.008387,0.078387,0.113500,0.183500,0.030000,-0.070000
2021-02-16,-0.135634,0.016866,0.080866,0.152500,0.216500,0.010000,-0.064000
2021-02-17,-0.107260,0.017140,0.099140,0.124400,0.206400,0.010000,-0.082000
2021-02-18,-0.109256,0.040744,0.115744,0.150000,0.225000,0.000000,-0.075000
2021-02-19,-0.161413,0.039687,0.114687,0.201100,0.276100,-0.010000,-0.075000
2021-02-22,-0.174506,0.018394,0.114394,0.192900,0.288900,-0.020000,-0.096000
2021-02-23,-0.193405,0.022895,0.123895,0.216300,0.317300,-0.030000,-0.101000
2021-02-24,-0.195424,0.050576,0.107576,0.246000,0.303000,-0.020000,-0.057000
2021-02-25,-0.223937,0.053463,0.073463,0.277400,0.297400,-0.060000,-0.020000
2021-02-26,-0.245189,0.054411,0.100411,0.299600,0.345600,-0.070000,-0.046000
2021-03-01,-0.257677,0.016323,0.056323,0.274000,0.314000,-0.010000,-0.040000
2021-03-02,-0.211046,0.043954,0.073954,0.255000,0.285000,-0.010000,-0.030000
2021-03-03,-0.235689,0.040411,0.076411,0.276100,0.312100,0.000000,-0.036000
2021-03-04,-0.257656,0.054444,0.070444,0.312100,0.328100,0.000000,-0.016000
2021-03-05,-0.288238,0.082462,0.088462,0.370700,0.376700,-0.020000,-0.006000
2021-03-08,-0.262523,0.083077,0.088077,0.345600,0.350600,-0.010000,-0.005000
2021-03-09,-0.295575,0.066725,0.055725,0.362300,0.351300,0.020000,0.011000
2021-03-10,-0.284172,0.086128,0.061128,0.370300,0.345300,0.060000,0.025000
2021-03-11,-0.279019,0.064881,0.073881,0.343900,0.352900,0.010000,-0.009000
2021-03-12,-0.286990,0.075110,0.061110,0.362100,0.348100,-0.030000,0.014000
2021-03-15,-0.305870,0.053030,0.038030,0.358900,0.343900,-0.050000,0.015000
2021-03-16,-0.302659,0.063841,0.027841,0.366500,0.330500,-0.040000,0.036000
2021-03-17,-0.370422,0.052378,0.046378,0.422800,0.416800,-0.030000,0.006000
2021-03-18,-0.403731,0.069669,0.031669,0.473400,0.435400,-0.010000,0.038000
2021-03-19,-0.414493,0.044907,0.015907,0.459400,0.430400,-0.010000,0.029000
2021-03-22,-0.331440,0.020560,-0.003440,0.352000,0.328000,-0.010000,0.024000
2021-03-23,-0.333804,0.015996,-0.011004,0.349800,0.322800,-0.010000,0.027000
2021-03-24,-0.335031,0.018069,-0.002931,0.353100,0.332100,-0.010000,0.021000
2021-03-25,-0.317483,0.016117,0.003117,0.333600,0.320600,0.000000,0.013000
2021-03-26,-0.351503,0.035597,0.001597,0.387100,0.353100,0.000000,0.034000
2021-03-29,-0.362066,0.038934,0.004934,0.401000,0.367000,-0.010000,0.034000
2021-03-30,-0.387990,0.056210,0.025210,0.444200,0.413200,0.000000,0.031000
2021-03-31,-0.409283,0.050017,0.015017,0.459300,0.424300,0.010000,0.035000
2021-04-01,-0.427465,0.011135,-0.052865,0.438600,0.374600,0.040000,0.064000
2021-04-02,-0.418362,0.009538,-0.049462,0.427900,0.368900,0.030000,0.059000
2021-04-05,-0.415527,-0.001227,-0.030227,0.414300,0.385300,-0.030000,0.029000
2021-04-06,-0.367990,0.017210,-0.006790,0.385200,0.361200,-0.030000,0.024000
2021-04-07,-0.363899,0.008601,-0.010399,0.372500,0.353500,-0.020000,0.019000
2021-04-08,-0.357274,-0.007174,-0.011174,0.350100,0.346100,-0.030000,0.004000
2021-04-09,-0.313107,-0.001607,-0.019607,0.311500,0.293500,-0.040000,0.018000
2021-04-12,-0.341511,-0.001711,-0.037711,0.339800,0.303800,-0.050000,0.036000
2021-04-13,-0.335308,0.032692,0.024692,0.368000,0.360000,-0.080000,0.008000
2021-04-14,-0.360222,0.024178,-0.008822,0.384400,0.351400,-0.060000,0.033000
2021-04-15,-0.312448,0.017252,-0.015748,0.329700,0.296700,-0.060000,0.033000
2021-04-16,-0.345756,0.015544,-0.012456,0.361300,0.333300,-0.120000,0.028000
2021-04-19,-0.302731,0.033969,0.002969,0.336700,0.305700,-0.120000,0.031000
2021-04-20,-0.288254,0.010546,-0.002454,0.298800,0.285800,-0.100000,0.013000
2021-04-21,-0.306513,0.010387,-0.006613,0.316900,0.299900,-0.100000,0.017000
2021-04-22,-0.314892,0.026808,-0.000192,0.341700,0.314700,-0.100000,0.027000
2021-04-23,-0.312820,0.029180,-0.017820,0.342000,0.295000,-0.100000,0.047000
2021-04-26,-0.312574,0.047226,-0.015774,0.359800,0.296800,-0.110000,0.063000
2021-04-27,-0.315596,0.053304,-0.003696,0.368900,0.311900,-0.120000,0.057000
2021-04-28,-0.313478,0.043522,-0.017478,0.357000,0.296000,-0.100000,0.061000
2021-04-29,-0.343576,0.053524,-0.001476,0.397100,0.342100,-0.110000,0.055000
2021-04-30,-0.341504,0.035196,-0.019804,0.376700,0.321700,-0.090000,0.055000
2021-05-03,-0.329857,0.030643,-0.024357,0.360500,0.305500,-0.080000,0.055000
2021-05-04,-0.249000,0.005100,-0.043900,0.254100,0.205100,-0.060000,0.049000
2021-05-05,-0.219353,0.009947,-0.059053,0.229300,0.160300,-0.030000,0.069000
2021-05-06,-0.195592,0.004708,-0.044292,0.200300,0.151300,-0.060000,0.049000
2021-05-07,-0.181601,0.016499,-0.017501,0.198100,0.164100,-0.070000,0.034000
2021-05-10,-0.182022,0.028178,-0.030822,0.210200,0.151200,-0.050000,0.059000
2021-05-11,-0.213412,0.053088,-0.005912,0.266500,0.207500,-0.060000,0.059000
2021-05-12,-0.234508,0.040092,-0.003908,0.274600,0.230600,-0.090000,0.044000
2021-05-13,-0.226043,0.034257,-0.012743,0.260300,0.213300,-0.080000,0.047000
2021-05-14,-0.172994,0.035006,0.008006,0.208000,0.181000,-0.080000,0.027000
2021-05-17,-0.198727,0.049873,-0.011127,0.248600,0.187600,-0.070000,0.061000
2021-05-18,-0.171324,0.026076,-0.026924,0.197400,0.144400,-0.050000,0.053000
2021-05-19,-0.098351,0.031449,-0.027551,0.129800,0.070800,-0.050000,0.059000
2021-05-20,-0.090414,0.052486,-0.004514,0.142900,0.085900,-0.060000,0.057000
2021-05-21,-0.097952,0.034448,-0.042552,0.132400,0.055400,-0.040000,0.077000
2021-05-24,-0.061818,0.032382,-0.014618,0.094200,0.047200,-0.070000,0.047000
2021-05-25,-0.024965,0.007435,-0.002565,0.032400,0.022400,0.000000,0.010000
2021-05-26,0.028988,-0.019412,-0.035412,-0.048400,-0.064400,-0.010000,0.016000
2021-05-27,-0.021166,0.027834,0.001834,0.049000,0.023000,-0.060000,0.026000
2021-05-28,-0.059970,0.017330,-0.003670,0.077300,0.056300,-0.070000,0.021000
2021-05-31,-0.012888,0.017112,0.007112,0.030000,0.020000,-0.060000,0.010000
2021-06-01,-0.056593,0.014607,-0.009393,0.071200,0.047200,-0.020000,0.024000
2021-06-02,-0.009654,-0.010854,0.005146,-0.001200,0.014800,-0.040000,-0.016000
2021-06-03,-0.057952,-0.011552,0.000448,0.046400,0.058400,-0.040000,-0.012000
2021-06-04,-0.050899,-0.007099,0.020901,0.043800,0.071800,-0.070000,-0.028000
2021-06-07,-0.081697,-0.010097,-0.013097,0.071600,0.068600,-0.080000,0.003000
2021-06-08,-0.036411,-0.005711,-0.002711,0.030700,0.033700,-0.070000,-0.003000
2021-06-09,0.011297,-0.034103,-0.047103,-0.045400,-0.058400,0.010000,0.013000
2021-06-10,-0.007377,-0.023577,-0.010577,-0.016200,-0.003200,0.000000,-0.013000
2021-06-11,0.032217,-0.030583,-0.016583,-0.062800,-0.048800,0.010000,-0.014000
2021-06-14,0.047380,-0.027220,-0.038220,-0.074600,-0.085600,-0.020000,0.011000
2021-06-15,0.037444,-0.021356,-0.008356,-0.058800,-0.045800,-0.050000,-0.013000
2021-06-16,0.027066,-0.005734,-0.047734,-0.032800,-0.074800,-0.050000,0.042000
2021-06-17,-0.029099,0.002401,-0.058599,0.031500,-0.029500,-0.040000,0.061000
2021-06-18,-0.050588,0.018112,-0.077888,0.068700,-0.027300,-0.090000,0.096000
2021-06-21,-0.034220,0.029780,-0.080220,0.064000,-0.046000,-0.070000,0.110000
2021-06-22,-0.048197,0.037903,-0.054097,0.086100,-0.005900,-0.080000,0.092000
2021-06-23,-0.040901,0.026299,-0.071701,0.067200,-0.030800,-0.070000,0.098000
2021-06-24,0.009043,0.021343,-0.075657,0.012300,-0.084700,-0.070000,0.097000
2021-06-25,-0.000209,0.011291,-0.098709,0.011500,-0.098500,-0.090000,0.110000
2021-06-28,0.042017,0.014217,-0.060783,-0.027800,-0.102800,-0.130000,0.075000
2021-06-29,0.039249,0.032549,-0.056451,-0.006700,-0.095700,-0.120000,0.089000
2021-06-30,0.042590,0.027590,-0.022410,-0.015000,-0.065000,-0.170000,0.050000
2021-07-01,0.035237,0.029937,-0.050063,-0.005300,-0.085300,-0.130000,0.080000
2021-07-02,0.043261,0.016661,-0.062339,-0.026600,-0.105600,-0.140000,0.079000
2021-07-05,0.057794,0.026794,-0.048206,-0.031000,-0.106000,-0.150000,0.075000
2021-07-06,0.086792,0.014092,-0.050908,-0.072700,-0.137700,-0.160000,0.065000
2021-07-07,0.089884,-0.016616,-0.061616,-0.106500,-0.151500,-0.180000,0.045000
2021-07-08,0.092598,-0.011602,-0.012602,-0.104200,-0.105200,-0.220000,0.001000
2021-07-09,0.047200,-0.008800,-0.063800,-0.056000,-0.111000,-0.170000,0.055000
2021-07-12,0.065438,-0.012062,-0.067062,-0.077500,-0.132500,-0.170000,0.055000
2021-07-13,0.020906,-0.005094,-0.094094,-0.026000,-0.115000,-0.140000,0.089000
2021-07-14,0.026152,-0.002148,-0.067148,-0.028300,-0.093300,-0.090000,0.065000
2021-07-15,-0.074269,-0.032669,-0.098669,0.041600,-0.024400,-0.060000,0.066000
2021-07-16,-0.049241,-0.029041,-0.128041,0.020200,-0.078800,-0.040000,0.099000
2021-07-19,0.030283,-0.020217,-0.080217,-0.050500,-0.110500,-0.110000,0.060000
2021-07-20,-0.014172,-0.049972,-0.088972,-0.035800,-0.074800,-0.110000,0.039000
2021-07-21,-0.039733,-0.048733,-0.107733,-0.009000,-0.068000,-0.080000,0.059000
2021-07-22,-0.004625,-0.056425,-0.074425,-0.051800,-0.069800,-0.100000,0.018000
2021-07-23,-0.013251,-0.062451,-0.110451,-0.049200,-0.097200,-0.070000,0.048000
2021-07-26,0.001756,-0.061444,-0.116444,-0.063200,-0.118200,-0.100000,0.055000
2021-07-27,0.005674,-0.096626,-0.136626,-0.102300,-0.142300,-0.090000,0.040000
2021-07-28,0.008613,-0.095487,-0.135487,-0.104100,-0.144100,-0.110000,0.040000
2021-07-29,0.013144,-0.101556,-0.136556,-0.114700,-0.149700,-0.110000,0.035000
2021-07-30,-0.012931,-0.092731,-0.117731,-0.079800,-0.104800,-0.120000,0.025000
2021-08-02,0.016769,-0.092531,-0.102531,-0.109300,-0.119300,-0.140000,0.010000
2021-08-03,-0.005863,-0.100863,-0.109863,-0.095000,-0.104000,-0.100000,0.009000
2021-08-04,-0.056678,-0.110478,-0.139478,-0.053800,-0.082800,-0.120000,0.029000
2021-08-05,-0.039047,-0.112047,-0.166047,-0.073000,-0.127000,-0.130000,0.054000
2021-08-06,-0.065652,-0.103852,-0.157852,-0.038200,-0.092200,-0.130000,0.054000
2021-08-09,-0.001429,-0.109629,-0.188629,-0.108200,-0.187200,-0.080000,0.079000
2021-08-10,-0.007839,-0.116539,-0.200539,-0.108700,-0.192700,-0.080000,0.084000
2021-08-11,-0.015692,-0.111992,-0.184992,-0.096300,-0.169300,-0.080000,0.073000
2021-08-12,-0.042432,-0.117932,-0.188932,-0.075500,-0.146500,-0.060000,0.071000
2021-08-13,-0.029132,-0.105432,-0.182432,-0.076300,-0.153300,-0.060000,0.077000
2021-08-16,-0.039573,-0.105873,-0.162873,-0.066300,-0.123300,-0.050000,0.057000
2021-08-17,-0.048063,-0.107263,-0.200263,-0.059200,-0.152200,-0.030000,0.093000
2021-08-18,-0.041429,-0.099429,-0.172429,-0.058000,-0.131000,-0.060000,0.073000
2021-08-19,-0.035699,-0.100999,-0.182999,-0.065300,-0.147300,-0.040000,0.082000
2021-08-20,-0.022033,-0.092733,-0.184733,-0.070700,-0.162700,-0.060000,0.092000
2021-08-23,-0.050615,-0.083015,-0.182015,-0.032400,-0.131400,-0.040000,0.099000
2021-08-24,-0.012179,-0.092779,-0.195779,-0.080600,-0.183600,-0.030000,0.103000
2021-08-25,-0.050424,-0.081924,-0.173924,-0.031500,-0.123500,-0.040000,0.092000
2021-08-26,-0.046088,-0.073688,-0.191688,-0.027600,-0.145600,-0.020000,0.118000
2021-08-27,-0.004930,-0.068530,-0.136530,-0.063600,-0.131600,-0.060000,0.068000
2021-08-30,-0.022297,-0.067397,-0.140397,-0.045100,-0.118100,-0.040000,0.073000
2021-08-31,-0.014334,-0.050634,-0.100634,-0.036300,-0.086300,-0.070000,0.050000
2021-09-01,-0.010287,-0.042587,-0.112587,-0.032300,-0.102300,-0.040000,0.070000
2021-09-02,0.009304,-0.051596,-0.101596,-0.060900,-0.110900,-0.040000,0.050000
2021-09-03,-0.016094,-0.047194,-0.121194,-0.031100,-0.105100,-0.000000,0.074000
2021-09-06,-0.007338,-0.035338,-0.084338,-0.028000,-0.077000,-0.020000,0.049000
2021-09-07,-0.009468,-0.025368,-0.104368,-0.015900,-0.094900,-0.010000,0.079000
2021-09-08,-0.034560,-0.016260,-0.075260,0.018300,-0.040700,-0.020000,0.059000
2021-09-09,-0.060731,-0.035731,-0.104731,0.025000,-0.044000,-0.010000,0.069000
2021-09-10,-0.038889,-0.037989,-0.105989,0.000900,-0.067100,-0.020000,0.068000
2021-09-13,-0.049989,-0.037689,-0.035689,0.012300,0.014300,-0.050000,-0.002000
2021-09-14,-0.008771,-0.045671,-0.028671,-0.036900,-0.019900,-0.040000,-0.017000
2021-09-15,-0.035857,-0.036357,0.005643,-0.000500,0.041500,-0.020000,-0.042000
2021-09-16,-0.089015,-0.050915,-0.016915,0.038100,0.072100,-0.040000,-0.034000
2021-09-17,-0.102264,-0.034864,-0.026864,0.067400,0.075400,-0.060000,-0.008000
2021-09-20,-0.077120,-0.051420,-0.032420,0.025700,0.044700,-0.050000,-0.019000
2021-09-21,-0.113246,-0.045246,-0.022246,0.068000,0.091000,-0.060000,-0.023000
2021-09-22,-0.095510,-0.045910,-0.032910,0.049600,0.062600,-0.040000,-0.013000
2021-09-23,-0.207809,-0.025809,-0.063809,0.182000,0.144000,-0.020000,0.038000
2021-09-24,-0.214255,-0.017955,-0.051955,0.196300,0.162300,-0.040000,0.034000
2021-09-27,-0.225849,-0.011649,-0.085649,0.214200,0.140200,0.010000,0.074000
2021-09-28,-0.239718,0.000182,-0.068818,0.239900,0.170900,0.010000,0.069000
2021-09-29,-0.252289,-0.010189,-0.075189,0.242100,0.177100,-0.020000,0.065000
2021-09-30,-0.292597,-0.017397,-0.056397,0.275200,0.236200,-0.030000,0.039000
2021-10-01,-0.339845,-0.011545,-0.075545,0.328300,0.264300,0.000000,0.064000
2021-10-04,-0.331003,-0.002203,-0.061203,0.328800,0.269800,0.020000,0.059000
2021-10-05,-0.395928,-0.003128,-0.096128,0.392800,0.299800,0.050000,0.093000
2021-10-06,-0.347175,-0.008075,-0.077075,0.339100,0.270100,-0.050000,0.069000
2021-10-07,-0.370995,-0.011995,-0.105995,0.359000,0.265000,-0.060000,0.094000
2021-10-08,-0.446358,-0.016158,-0.070158,0.430200,0.376200,-0.140000,0.054000
2021-10-11,-0.441628,-0.001928,-0.079928,0.439700,0.361700,-0.140000,0.078000
2021-10-12,-0.331557,0.018843,-0.089157,0.350400,0.242400,-0.180000,0.108000
2021-10-13,-0.322087,0.026613,-0.082387,0.348700,0.239700,-0.220000,0.109000
2021-10-14,-0.370083,0.006817,-0.126183,0.376900,0.243900,-0.100000,0.133000
2021-10-15,-0.374349,0.043151,-0.149849,0.417500,0.224500,-0.090000,0.193000
2021-10-18,-0.390456,0.074144,-0.130856,0.464600,0.259600,-0.140000,0.205000
2021-10-19,-0.402306,0.106694,-0.089306,0.509000,0.313000,-0.170000,0.196000
2021-10-20,-0.389855,0.075545,-0.084455,0.465400,0.305400,-0.160000,0.160000
2021-10-21,-0.422869,0.089031,-0.119969,0.511900,0.302900,-0.170000,0.209000
2021-10-22,-0.373012,0.122388,-0.141612,0.495400,0.231400,-0.150000,0.264000
2021-10-25,-0.351112,0.104488,-0.143512,0.455600,0.207600,-0.140000,0.248000
2021-10-26,-0.342343,0.106857,-0.148143,0.449200,0.194200,-0.140000,0.255000
2021-10-27,-0.253988,0.095012,-0.190988,0.349000,0.063000,-0.310000,0.286000
2021-10-28,-0.283351,0.125649,-0.179351,0.409000,0.104000,-0.220000,0.305000
2021-10-29,-0.350393,0.176907,-0.113093,0.527300,0.237300,-0.350000,0.290000
2021-11-01,-0.345041,0.170059,-0.134941,0.515100,0.210100,-0.300000,0.305000
2021-11-02,-0.366952,0.100548,-0.118452,0.467500,0.248500,-0.320000,0.219000
2021-11-03,-0.347210,0.084090,-0.144910,0.431300,0.202300,-0.290000,0.229000
2021-11-04,-0.268708,0.002692,-0.141308,0.271400,0.127400,-0.320000,0.144000
2021-11-05,-0.161925,0.010075,-0.118925,0.172000,0.043000,-0.290000,0.129000
2021-11-08,-0.194957,0.006543,-0.199457,0.201500,-0.004500,-0.260000,0.206000
2021-11-09,-0.204952,-0.008352,-0.173352,0.196600,0.031600,-0.280000,0.165000
2021-11-10,-0.325256,-0.007856,-0.267856,0.317400,0.057400,-0.270000,0.260000
2021-11-11,-0.299426,0.011374,-0.268626,0.310800,0.030800,-0.270000,0.280000
2021-11-12,-0.309815,-0.029715,-0.303715,0.280100,0.006100,-0.240000,0.274000
2021-11-15,-0.323877,-0.003577,-0.284577,0.320300,0.039300,-0.250000,0.281000
2021-11-16,-0.400845,-0.024145,-0.327145,0.376700,0.073700,-0.290000,0.303000
2021-11-17,-0.407534,-0.013434,-0.289434,0.394100,0.118100,-0.270000,0.276000
2021-11-18,-0.355978,-0.025278,-0.301278,0.330700,0.054700,-0.250000,0.276000
2021-11-19,-0.338492,-0.055592,-0.325592,0.282900,0.012900,-0.240000,0.270000
2021-11-22,-0.342682,-0.047182,-0.444182,0.295500,-0.101500,-0.190000,0.397000
2021-11-23,-0.384940,-0.029340,-0.381340,0.355600,0.003600,-0.240000,0.352000
2021-11-24,-0.435371,-0.044371,-0.461371,0.391000,-0.026000,-0.190000,0.417000
2021-11-25,-0.381792,-0.021592,-0.458592,0.360200,-0.076800,-0.180000,0.437000
2021-11-26,-0.255153,-0.056353,-0.358353,0.198800,-0.103200,-0.200000,0.302000
2021-11-29,-0.293801,-0.035001,-0.346001,0.258800,-0.052200,-0.230000,0.311000
2021-11-30,-0.314884,-0.055984,-0.365984,0.258900,-0.051100,-0.260000,0.310000
2021-12-01,-0.292133,-0.015633,-0.360633,0.276500,-0.068500,-0.210000,0.345000
2021-12-02,-0.304349,-0.036749,-0.456749,0.267600,-0.152400,-0.150000,0.420000
2021-12-03,-0.240986,-0.041986,-0.411986,0.199000,-0.171000,-0.230000,0.370000
2021-12-06,-0.220770,-0.048470,-0.469470,0.172300,-0.248700,-0.240000,0.421000
2021-12-07,-0.149152,-0.008852,-0.469852,0.140300,-0.320700,-0.270000,0.461000
2021-12-08,-0.133741,0.002659,-0.433341,0.136400,-0.299600,-0.210000,0.436000
2021-12-09,-0.121904,-0.016204,-0.486204,0.105700,-0.364300,-0.100000,0.470000
2021-12-10,-0.087647,-0.001547,-0.442547,0.086100,-0.354900,-0.110000,0.441000
2021-12-13,-0.052262,-0.005062,-0.431062,0.047200,-0.378800,-0.050000,0.426000
2021-12-14,-0.041145,0.000755,-0.424245,0.041900,-0.383100,-0.070000,0.425000
2021-12-15,-0.027557,0.004743,-0.440257,0.032300,-0.412700,-0.030000,0.445000
2021-12-16,-0.088970,0.017430,-0.378570,0.106400,-0.289600,-0.050000,0.396000
2021-12-17,-0.124914,-0.009714,-0.428714,0.115200,-0.303800,-0.030000,0.419000
2021-12-20,-0.142768,-0.019268,-0.399268,0.123500,-0.256500,-0.080000,0.380000
2021-12-21,-0.127956,-0.025556,-0.429556,0.102400,-0.301600,-0.070000,0.404000
2021-12-22,-0.141518,-0.024618,-0.389618,0.116900,-0.248100,-0.070000,0.365000
2021-12-23,-0.151927,-0.014827,-0.382827,0.137100,-0.230900,-0.080000,0.368000
2021-12-24,-0.121496,-0.025396,-0.395396,0.096100,-0.273900,-0.080000,0.370000
2021-12-27,-0.106794,-0.000494,-0.430494,0.106300,-0.323700,0.010000,0.430000
2021-12-28,-0.071756,0.008144,-0.431856,0.079900,-0.360100,0.010000,0.440000
2021-12-29,-0.134914,0.024686,-0.430314,0.159600,-0.295400,0.000000,0.455000
2021-12-30,-0.115740,0.033860,-0.401140,0.149600,-0.285400,-0.010000,0.435000
2021-12-31,-0.041826,0.033174,-0.391826,0.075000,-0.350000,0.020000,0.425000
2022-01-03,-0.025755,0.051945,-0.407055,0.077700,-0.381300,0.130000,0.459000
2022-01-04,-0.115442,0.036758,-0.377242,0.152200,-0.261800,0.070000,0.414000
2022-01-05,-0.042713,0.050487,-0.429513,0.093200,-0.386800,0.150000,0.480000
2022-01-06,-0.073021,0.045279,-0.479721,0.118300,-0.406700,0.170000,0.525000
2022-01-07,-0.130907,0.035193,-0.444807,0.166100,-0.313900,0.190000,0.480000
2022-01-10,-0.173732,0.044868,-0.464132,0.218600,-0.290400,0.240000,0.509000
2022-01-11,-0.183172,0.069628,-0.431372,0.252800,-0.248200,0.190000,0.501000
2022-01-12,-0.142604,0.046996,-0.429004,0.189600,-0.286400,0.160000,0.476000
2022-01-13,-0.056041,0.013859,-0.420141,0.069900,-0.364100,0.180000,0.434000
2022-01-14,-0.092264,-0.022364,-0.555364,0.069900,-0.463100,0.260000,0.533000
2022-01-17,-0.090467,0.036833,-0.513167,0.127300,-0.422700,0.160000,0.550000
2022-01-18,-0.096445,0.018955,-0.552045,0.115400,-0.455600,0.200000,0.571000
2022-01-19,-0.179546,0.015254,-0.510746,0.194800,-0.331200,0.160000,0.526000
2022-01-20,-0.174161,0.024739,-0.552261,0.198900,-0.378100,0.190000,0.577000
2022-01-21,-0.166681,0.002919,-0.503081,0.169600,-0.336400,0.160000,0.506000
2022-01-24,-0.256797,-0.013497,-0.473497,0.243300,-0.216700,0.320000,0.460000
2022-01-25,-0.272665,-0.053265,-0.539265,0.219400,-0.266600,0.280000,0.486000
2022-01-26,-0.239541,-0.073941,-0.689941,0.165600,-0.450400,0.470000,0.616000
2022-01-27,-0.237217,-0.059317,-0.689317,0.177900,-0.452100,0.480000,0.630000
2022-01-28,-0.204570,0.022130,-0.617870,0.226700,-0.413300,0.480000,0.640000
2022-01-31,-0.192155,0.065145,-0.594855,0.257300,-0.402700,0.460000,0.660000
2022-02-01,-0.302841,0.144159,-0.575841,0.447000,-0.273000,0.470000,0.720000
2022-02-02,-0.341406,0.154894,-0.555106,0.496300,-0.213700,0.450000,0.710000
2022-02-03,-0.361943,0.238457,-0.434543,0.600400,-0.072600,0.400000,0.673000
2022-02-04,-0.302433,0.350667,-0.478333,0.653100,-0.175900,0.460000,0.829000
2022-02-07,-0.197609,0.350391,-0.368609,0.548000,-0.171000,0.450000,0.719000
2022-02-08,-0.300885,0.317815,-0.446185,0.618700,-0.145300,0.490000,0.764000
2022-02-09,-0.272228,0.305372,-0.448628,0.577600,-0.176400,0.450000,0.754000
2022-02-10,-0.326498,0.289602,-0.698398,0.616100,-0.371900,0.580000,0.988000
2022-02-11,-0.286063,0.322137,-0.543863,0.608200,-0.257800,0.550000,0.866000
2022-02-14,-0.396986,0.268514,-0.692486,0.665500,-0.295500,0.550000,0.961000
2022-02-15,-0.436517,0.302983,-0.656017,0.739500,-0.219500,0.490000,0.959000
2022-02-16,-0.381004,0.294396,-0.595604,0.675400,-0.214600,0.440000,0.890000
2022-02-17,-0.309778,0.239422,-0.493578,0.549200,-0.183800,0.390000,0.733000
2022-02-18,-0.250646,0.175254,-0.567746,0.425900,-0.317100,0.420000,0.743000
2022-02-21,-0.221748,0.193552,-0.521448,0.415300,-0.299700,0.390000,0.715000
2022-02-22,-0.252772,0.274328,-0.546672,0.527100,-0.293900,0.440000,0.821000
2022-02-23,-0.317841,0.312059,-0.661941,0.629900,-0.344100,0.440000,0.974000
2022-02-24,-0.332671,0.226329,-0.698671,0.559000,-0.366000,0.460000,0.925000
2022-02-25,-0.258573,0.276527,-0.658473,0.535100,-0.399900,0.480000,0.935000
2022-02-28,-0.257164,0.150236,-0.644764,0.407400,-0.387600,0.380000,0.795000
2022-03-01,-0.159541,0.015459,-0.579541,0.175000,-0.420000,0.310000,0.595000
2022-03-02,-0.339774,0.068126,-0.761874,0.407900,-0.422100,0.440000,0.830000
2022-03-03,-0.379435,0.120565,-0.678435,0.500000,-0.299000,0.460000,0.799000
2022-03-04,-0.445437,-0.045637,-0.769637,0.399800,-0.324200,0.560000,0.724000
2022-03-07,-0.523385,-0.007285,-0.816285,0.516100,-0.292900,0.530000,0.809000
2022-03-08,-0.598319,0.076281,-0.792719,0.674600,-0.194400,0.470000,0.869000
2022-03-09,-0.654239,0.135061,-0.807939,0.789300,-0.153700,0.480000,0.943000
2022-03-10,-0.576210,0.193990,-0.789010,0.770200,-0.212800,0.430000,0.983000
2022-03-11,-0.508057,0.228143,-0.769857,0.736200,-0.261800,0.370000,0.998000
2022-03-14,-0.544133,0.246167,-0.851833,0.790300,-0.307700,0.360000,1.098000
2022-03-15,-0.515801,0.201599,-0.920401,0.717400,-0.404600,0.310000,1.122000
2022-03-16,-0.521388,0.247012,-0.955988,0.768400,-0.434600,0.310000,1.203000
2022-03-17,-0.395914,0.272486,-0.929514,0.668400,-0.533600,0.330000,1.202000
2022-03-18,-0.241836,0.239064,-0.941936,0.480900,-0.700100,0.360000,1.181000
2022-03-21,-0.300534,0.268566,-1.106434,0.569100,-0.805900,0.390000,1.375000
2022-03-22,-0.310624,0.332976,-1.058024,0.643600,-0.747400,0.360000,1.391000
2022-03-23,-0.304826,0.324174,-1.019826,0.629000,-0.715000,0.340000,1.344000
2022-03-24,-0.255660,0.357940,-0.940060,0.613600,-0.684400,0.220000,1.298000
2022-03-25,-0.258025,0.409975,-1.078025,0.668000,-0.820000,0.200000,1.488000
2022-03-28,-0.088535,0.452665,-1.065335,0.541200,-0.976800,0.240000,1.518000
2022-03-29,-0.084211,0.507689,-1.038311,0.591900,-0.954100,0.260000,1.546000
2022-03-30,-0.002886,0.617814,-0.898186,0.620700,-0.895300,0.220000,1.516000
2022-03-31,-0.095583,0.504917,-0.930083,0.600500,-0.834500,0.180000,1.435000
2022-04-01,0.000698,0.545098,-1.079902,0.544400,-1.080600,0.340000,1.625000
2022-04-04,-0.019543,0.480857,-1.073143,0.500400,-1.053600,0.330000,1.554000
2022-04-05,-0.030070,0.502130,-1.086870,0.532200,-1.056800,0.330000,1.589000
2022-04-06,-0.009943,0.533657,-1.055343,0.543600,-1.045400,0.330000,1.589000
2022-04-07,0.023188,0.552688,-0.961312,0.529500,-0.984500,0.270000,1.514000
2022-04-08,0.021130,0.608830,-1.023170,0.587700,-1.044300,0.270000,1.632000
2022-04-11,0.038916,0.720816,-0.862184,0.681900,-0.901100,0.260000,1.583000
2022-04-12,-0.005213,0.664387,-0.812613,0.669600,-0.807400,0.250000,1.477000
2022-04-13,0.014598,0.648898,-0.723102,0.634300,-0.737700,0.190000,1.372000
2022-04-14,-0.072157,0.584343,-0.882657,0.656500,-0.810500,0.280000,1.467000
2022-04-15,-0.035956,0.590044,-0.805956,0.626000,-0.770000,0.260000,1.396000
2022-04-18,0.010623,0.575623,-0.820377,0.565000,-0.831000,0.260000,1.396000
2022-04-19,-0.055468,0.619632,-0.881368,0.675100,-0.825900,0.290000,1.501000
2022-04-20,-0.047012,0.630588,-0.929412,0.677600,-0.882400,0.250000,1.560000
2022-04-21,-0.069666,0.757334,-0.910666,0.827000,-0.841000,0.300000,1.668000
2022-04-22,0.089031,0.889131,-0.796869,0.800100,-0.885900,0.290000,1.686000
2022-04-25,0.144948,0.770948,-0.710052,0.626000,-0.855000,0.210000,1.481000
2022-04-26,0.199511,0.751511,-0.610489,0.552000,-0.810000,0.160000,1.362000
2022-04-27,0.125041,0.683241,-0.747759,0.558200,-0.872800,0.180000,1.431000
2022-04-28,0.183101,0.720701,-0.734299,0.537600,-0.917400,0.200000,1.455000
2022-04-29,0.202243,0.790443,-0.739557,0.588200,-0.941800,0.170000,1.530000
2022-05-02,0.117446,0.736746,-0.833254,0.619300,-0.950700,0.150000,1.570000
2022-05-03,0.114584,0.647784,-0.942216,0.533200,-1.056800,0.170000,1.590000
2022-05-04,0.137563,0.619563,-0.735437,0.482000,-0.873000,0.100000,1.355000
2022-05-05,0.187974,0.583374,-0.831626,0.395400,-1.019600,0.060000,1.415000
2022-05-06,0.332408,0.673508,-0.701492,0.341100,-1.033900,0.030000,1.375000
2022-05-09,0.323035,0.640835,-0.615165,0.317800,-0.938200,0.010000,1.256000
2022-05-10,0.406435,0.557635,-0.467365,0.151200,-0.873800,-0.160000,1.025000
2022-05-11,0.395384,0.526384,-0.648616,0.131000,-1.044000,-0.110000,1.175000
2022-05-12,0.532406,0.469906,-0.532094,-0.062500,-1.064500,-0.150000,1.002000
2022-05-13,0.575970,0.532870,-0.530130,-0.043100,-1.106100,-0.080000,1.063000
2022-05-16,0.503313,0.563613,-0.533387,0.060300,-1.036700,-0.050000,1.097000
2022-05-17,0.429335,0.741435,-0.526565,0.312100,-0.955900,-0.020000,1.268000
2022-05-18,0.468420,0.853320,-0.404680,0.384900,-0.873100,-0.060000,1.258000
2022-05-19,0.395329,0.777229,-0.423771,0.381900,-0.819100,-0.050000,1.201000
2022-05-20,0.332603,0.654803,-0.415197,0.322200,-0.747800,-0.070000,1.070000
2022-05-23,0.227705,0.663805,-0.442195,0.436100,-0.669900,-0.000000,1.106000
2022-05-24,0.416919,0.758619,-0.242381,0.341700,-0.659300,-0.090000,1.001000
2022-05-25,0.272869,0.676669,-0.303331,0.403800,-0.576200,-0.070000,0.980000
2022-05-26,0.159403,0.700803,-0.346197,0.541400,-0.505600,-0.080000,1.047000
2022-05-27,0.123597,0.898397,-0.293603,0.774800,-0.417200,-0.060000,1.192000
2022-05-30,0.329575,0.942675,-0.050325,0.613100,-0.379900,-0.160000,0.993000
2022-05-31,0.319081,0.971381,-0.063619,0.652300,-0.382700,-0.190000,1.035000
2022-06-01,0.273767,1.084467,-0.110533,0.810700,-0.384300,-0.250000,1.195000
2022-06-02,0.473882,1.165982,0.045982,0.692100,-0.427900,-0.330000,1.120000
2022-06-03,0.576564,1.133364,0.078364,0.556800,-0.498200,-0.420000,1.055000
2022-06-06,0.513880,1.093080,0.018080,0.579200,-0.495800,-0.470000,1.075000
2022-06-07,0.441433,1.020233,-0.049767,0.578800,-0.491200,-0.460000,1.070000
2022-06-08,0.446208,1.067208,-0.002792,0.621000,-0.449000,-0.410000,1.070000
2022-06-09,0.548767,1.188567,0.183567,0.639800,-0.365200,-0.340000,1.005000
2022-06-10,0.522518,1.367418,0.101418,0.844900,-0.421100,-0.240000,1.266000
2022-06-13,0.664724,1.492324,0.016324,0.827600,-0.648400,-0.050000,1.476000
2022-06-14,0.604772,1.524972,-0.010028,0.920200,-0.614800,-0.060000,1.535000
2022-06-15,0.634487,1.517287,0.245287,0.882800,-0.389200,-0.160000,1.272000
2022-06-16,0.669190,1.582990,0.516990,0.913800,-0.152200,-0.210000,1.066000
2022-06-17,0.593886,1.422486,0.379486,0.828600,-0.214400,-0.160000,1.043000
2022-06-20,0.513455,1.448655,0.372655,0.935200,-0.140800,-0.200000,1.076000
2022-06-21,0.410573,1.391873,0.268873,0.981300,-0.141700,-0.140000,1.123000
2022-06-22,0.487522,1.246722,0.430722,0.759200,-0.056800,-0.150000,0.816000
2022-06-23,0.394022,1.006122,0.279122,0.612100,-0.114900,-0.090000,0.727000
2022-06-24,0.393021,0.992721,0.244721,0.599700,-0.148300,-0.090000,0.748000
2022-06-27,0.243900,0.882000,0.077000,0.638100,-0.166900,-0.090000,0.805000
2022-06-28,0.282989,1.023489,0.188489,0.740500,-0.094500,-0.070000,0.835000
2022-06-29,0.352343,0.983243,0.353243,0.630900,0.000900,-0.180000,0.630000
2022-06-30,0.242921,0.788621,0.273621,0.545700,0.030700,-0.300000,0.515000
2022-07-01,0.365375,0.621975,0.261975,0.256600,-0.103400,-0.400000,0.360000
2022-07-04,0.327406,0.690206,0.320206,0.362800,-0.007200,-0.350000,0.370000
2022-07-05,0.250890,0.482290,0.112290,0.231400,-0.138600,-0.290000,0.370000
2022-07-06,0.167576,0.341776,-0.083224,0.174200,-0.250800,-0.250000,0.425000
2022-07-07,0.235896,0.385296,-0.129704,0.149400,-0.365600,-0.230000,0.515000
2022-07-08,0.109165,0.419365,-0.300635,0.310200,-0.409800,-0.200000,0.720000
2022-07-11,0.094230,0.375530,-0.329470,0.281300,-0.423700,-0.210000,0.705000
2022-07-12,0.174395,0.307895,-0.261105,0.133500,-0.435500,-0.210000,0.569000
2022-07-13,0.258826,0.405826,-0.269174,0.147000,-0.528000,-0.220000,0.675000
2022-07-14,0.306012,0.511412,-0.182588,0.205400,-0.488600,-0.150000,0.694000
2022-07-15,0.316915,0.428115,-0.106885,0.111200,-0.423800,-0.160000,0.535000
2022-07-18,0.267962,0.484662,-0.080338,0.216700,-0.348300,-0.090000,0.565000
2022-07-19,0.320744,0.488244,-0.089756,0.167500,-0.410500,-0.110000,0.578000
2022-07-20,0.173623,0.333823,-0.216177,0.160200,-0.389800,-0.120000,0.550000
2022-07-21,0.264668,0.476368,-0.016632,0.211700,-0.281300,-0.170000,0.493000
2022-07-22,0.149341,0.294441,-0.165559,0.145100,-0.314900,-0.150000,0.460000
2022-07-25,0.248616,0.383616,-0.055384,0.135000,-0.304000,-0.190000,0.439000
2022-07-26,0.121026,0.182926,-0.224074,0.061900,-0.345100,-0.190000,0.407000
2022-07-27,0.105791,0.155891,-0.122109,0.050100,-0.227900,-0.190000,0.278000
2022-07-28,0.139811,0.070211,-0.075789,-0.069600,-0.215600,-0.140000,0.146000
2022-07-29,0.189629,0.111129,-0.038871,-0.078500,-0.228500,-0.140000,0.150000
2022-08-01,0.156020,-0.006080,-0.286080,-0.162100,-0.442100,-0.110000,0.280000
2022-08-02,0.077561,0.049061,-0.340939,-0.028500,-0.418500,-0.060000,0.390000
2022-08-03,-0.010093,0.082307,-0.337693,0.092400,-0.327600,-0.110000,0.420000
2022-08-04,-0.017282,0.142518,-0.326482,0.159800,-0.309200,-0.120000,0.469000
2022-08-05,-0.077251,0.338649,-0.335351,0.415900,-0.258100,0.040000,0.674000
2022-08-08,-0.002520,0.318980,-0.286020,0.321500,-0.283500,0.050000,0.605000
2022-08-09,-0.023319,0.489381,-0.280619,0.512700,-0.257300,0.080000,0.770000
2022-08-10,-0.084248,0.335452,-0.317548,0.419700,-0.233300,0.100000,0.653000
2022-08-11,-0.154544,0.368056,-0.315944,0.522600,-0.161400,0.040000,0.684000
2022-08-12,-0.138873,0.244027,-0.325973,0.382900,-0.187100,0.050000,0.570000
2022-08-15,-0.133067,0.164933,-0.384067,0.298000,-0.251000,0.070000,0.549000
2022-08-16,-0.135083,0.277117,-0.376883,0.412200,-0.241800,0.000000,0.654000
2022-08-17,-0.099540,0.466060,-0.247940,0.565600,-0.148400,-0.080000,0.714000
2022-08-18,-0.026126,0.469474,-0.124526,0.495600,-0.098400,-0.170000,0.594000
2022-08-19,-0.228577,0.503123,-0.265877,0.731700,-0.037300,-0.100000,0.769000
2022-08-22,-0.167218,0.620882,-0.225118,0.788100,-0.057900,-0.110000,0.846000
2022-08-23,-0.142089,0.710211,-0.143789,0.852300,-0.001700,-0.100000,0.854000
2022-08-24,-0.389985,0.693415,-0.215585,1.083400,0.174400,-0.070000,0.909000
2022-08-25,-0.427657,0.512043,-0.386957,0.939700,0.040700,-0.020000,0.899000
2022-08-26,-0.285212,0.541488,-0.315512,0.826700,-0.030300,-0.030000,0.857000
2022-08-29,-0.120899,0.647201,-0.116799,0.768100,0.004100,-0.040000,0.764000
2022-08-30,-0.356596,0.545204,-0.284796,0.901800,0.071800,0.020000,0.830000
2022-08-31,-0.386202,0.593798,-0.211202,0.980000,0.175000,0.060000,0.805000
2022-09-01,-0.375851,0.554649,-0.240351,0.930500,0.135500,0.140000,0.795000
2022-09-02,-0.477332,0.471568,-0.193432,0.948900,0.283900,0.110000,0.665000
2022-09-05,-0.560052,0.413348,-0.221652,0.973400,0.338400,0.140000,0.635000
2022-09-06,-0.690491,0.254909,-0.421091,0.945400,0.269400,0.140000,0.676000
2022-09-07,-0.712727,0.009073,-0.380927,0.721800,0.331800,0.040000,0.390000
2022-09-08,-0.794708,-0.013208,-0.123208,0.781500,0.671500,-0.190000,0.110000
2022-09-09,-0.656852,0.117548,-0.023452,0.774400,0.633400,-0.040000,0.141000
2022-09-12,-0.701824,0.151576,-0.244424,0.853400,0.457400,0.050000,0.396000
2022-09-13,-0.684476,0.133124,-0.468876,0.817600,0.215600,0.130000,0.602000
2022-09-14,-0.557857,0.232543,-0.382457,0.790400,0.175400,0.100000,0.615000
2022-09-15,-0.444978,0.289022,-0.427978,0.734000,0.017000,0.180000,0.717000
2022-09-16,-0.365918,0.375782,-0.269218,0.741700,0.096700,0.200000,0.645000
2022-09-19,-0.436769,0.472631,-0.409369,0.909400,0.027400,0.340000,0.882000
2022-09-20,-0.443682,0.815918,-0.119082,1.259600,0.324600,0.290000,0.935000
2022-09-21,-0.555812,0.757588,-0.198412,1.313400,0.357400,0.330000,0.956000
2022-09-22,-0.547430,0.898270,-0.131730,1.445700,0.415700,0.420000,1.030000
2022-09-23,-0.919491,0.913209,-0.207791,1.832700,0.711700,0.490000,1.121000
2022-09-26,-1.328054,0.975446,-0.240554,2.303500,1.087500,0.520000,1.216000
2022-09-27,-1.342349,1.223751,-0.136249,2.566100,1.206100,0.590000,1.360000
2022-09-28,-1.224582,1.244618,0.044618,2.469200,1.269200,0.580000,1.200000
2022-09-29,-1.254221,1.171979,-0.133021,2.426200,1.121200,0.590000,1.305000
2022-09-30,-1.344048,1.218752,-0.171248,2.562800,1.172800,0.610000,1.390000
2022-10-03,-1.137812,1.235188,0.095188,2.373000,1.233000,0.510000,1.140000
2022-10-04,-1.232794,0.984806,-0.074194,2.217600,1.158600,0.520000,1.059000
2022-10-05,-1.149225,1.082675,0.057675,2.231900,1.206900,0.450000,1.025000
2022-10-06,-1.123624,1.300576,0.140576,2.424200,1.264200,0.420000,1.160000
2022-10-07,-1.049961,1.496539,0.231539,2.546500,1.281500,0.410000,1.265000
2022-10-10,-1.398714,1.368186,0.209186,2.766900,1.607900,0.420000,1.159000
2022-10-11,-1.267689,1.333511,0.189511,2.601200,1.457200,0.320000,1.144000
2022-10-12,-1.229041,1.355759,0.212759,2.584800,1.441800,0.310000,1.143000
2022-10-13,-0.930787,1.366713,0.057713,2.297500,0.988500,0.430000,1.309000
2022-10-14,-1.022290,1.233610,0.010610,2.255900,1.032900,0.400000,1.223000
2022-10-17,-0.662404,1.282696,0.109696,1.945100,0.772100,0.390000,1.173000
2022-10-18,-0.658815,1.295785,-0.009215,1.954600,0.649600,0.500000,1.305000
2022-10-19,-0.432501,1.607899,0.080899,2.040400,0.513400,0.450000,1.527000
2022-10-20,-0.435015,1.617485,0.051485,2.052500,0.486500,0.450000,1.566000
2022-10-21,-0.599455,1.675345,0.279345,2.274800,0.878800,0.420000,1.396000
2022-10-24,-0.372555,1.561945,0.100945,1.934500,0.473500,0.470000,1.461000
2022-10-25,-0.356345,1.645055,0.143055,2.001400,0.499400,0.340000,1.502000
2022-10-26,-0.299082,1.614918,0.185918,1.914000,0.485000,0.590000,1.429000
2022-10-27,-0.267456,1.612244,0.258244,1.879700,0.525700,0.540000,1.354000
2022-10-28,-0.222668,1.594132,0.285132,1.816800,0.507800,0.610000,1.309000
2022-10-31,-0.260346,1.534554,0.164554,1.794900,0.424900,0.670000,1.370000
2022-11-01,-0.171805,1.520995,0.060995,1.692800,0.232800,0.740000,1.460000
2022-11-02,-0.013921,1.406679,0.096679,1.420600,0.110600,0.680000,1.310000
2022-11-03,-0.023767,1.512633,0.073633,1.536400,0.097400,0.680000,1.439000
2022-11-04,0.010861,1.512161,0.193161,1.501300,0.182300,0.530000,1.319000
2022-11-07,0.006843,1.652443,0.212443,1.645600,0.205600,0.490000,1.440000
2022-11-08,0.129335,1.650335,0.260335,1.521000,0.131000,0.540000,1.390000
2022-11-09,0.199777,1.646877,0.322877,1.447100,0.123100,0.500000,1.324000
2022-11-10,0.128954,1.500454,0.395454,1.371500,0.266500,0.520000,1.105000
2022-11-11,0.282970,1.601970,0.545970,1.319000,0.263000,0.580000,1.056000
2022-11-14,0.274078,1.410678,0.330678,1.136600,0.056600,0.650000,1.080000
2022-11-15,0.313029,1.394729,0.283729,1.081700,-0.029300,0.670000,1.111000
2022-11-16,0.476618,1.307718,0.251718,0.831100,-0.224900,0.680000,1.056000
2022-11-17,0.415522,1.223522,0.153522,0.808000,-0.262000,0.660000,1.070000
2022-11-18,0.398654,1.127354,-0.025646,0.728700,-0.424300,0.730000,1.153000
2022-11-21,0.590309,1.088509,0.040509,0.498200,-0.549800,0.700000,1.048000
2022-11-22,0.637972,1.204572,0.152572,0.566600,-0.485400,0.690000,1.052000
2022-11-23,0.604466,1.108166,0.086166,0.503700,-0.518300,0.710000,1.022000
2022-11-24,0.444585,0.980985,-0.004015,0.536400,-0.448600,0.750000,0.985000
2022-11-25,0.535899,1.032399,0.144399,0.496500,-0.391500,0.710000,0.888000
2022-11-28,0.543681,0.936881,-0.007119,0.393200,-0.550800,0.740000,0.944000
2022-11-29,0.579065,0.879265,-0.040735,0.300200,-0.619800,0.680000,0.920000
2022-11-30,0.624757,1.004457,0.079457,0.379700,-0.545300,0.670000,0.925000
2022-12-01,0.601267,0.860867,0.065867,0.259600,-0.535400,0.640000,0.795000
2022-12-02,0.653343,0.899943,0.175943,0.246600,-0.477400,0.620000,0.724000
2022-12-05,0.790997,1.047097,0.148097,0.256100,-0.642900,0.750000,0.899000
2022-12-06,0.745004,0.861104,0.072104,0.116100,-0.672900,0.740000,0.789000
2022-12-07,0.561681,0.639781,0.011781,0.078100,-0.549900,0.530000,0.628000
2022-12-08,0.515948,0.659848,-0.003152,0.143900,-0.519100,0.530000,0.663000
2022-12-09,0.577801,0.681901,0.162901,0.104100,-0.414900,0.450000,0.519000
2022-12-12,0.504109,0.670009,0.122009,0.165900,-0.382100,0.490000,0.548000
2022-12-13,0.367058,0.540258,0.251258,0.173200,-0.115800,0.410000,0.289000
2022-12-14,0.351566,0.479966,0.155966,0.128400,-0.195600,0.450000,0.324000
2022-12-15,0.596551,0.636151,0.412151,0.039600,-0.184400,0.400000,0.224000
2022-12-16,0.675437,0.688237,0.529237,0.012800,-0.146200,0.310000,0.159000
2022-12-19,0.591727,0.650627,0.466627,0.058900,-0.125100,0.330000,0.184000
2022-12-20,0.581727,0.559327,0.496327,-0.022400,-0.085400,0.210000,0.063000
2022-12-21,1.012834,0.510334,0.557334,-0.502500,-0.455500,0.060000,-0.047000
2022-12-22,1.397000,0.522700,0.610700,-0.874300,-0.786300,-0.020000,-0.088000
2022-12-23,1.531121,0.542221,0.591221,-0.988900,-0.939900,-0.030000,-0.049000
2022-12-26,1.345951,0.636451,0.469451,-0.709500,-0.876500,0.060000,0.167000
2022-12-27,1.417373,0.607273,0.535273,-0.810100,-0.882100,0.020000,0.072000
2022-12-28,1.541098,0.740898,0.739898,-0.800200,-0.801200,-0.140000,0.001000
2022-12-29,1.425427,0.814827,0.688827,-0.610600,-0.736600,-0.030000,0.126000
2022-12-30,1.511038,0.986738,0.766738,-0.524300,-0.744300,-0.010000,0.220000
