_is_range_tp_override,actual_sl_m,bar_idx,bars_held,entry_time,entry_type,ep,exec_lag_jitter,exit_friction_m,exit_reason,outcome,sig,sl,sl_m,tp,tp_m
False,,200,5,2025-05-09 09:30:00+00:00,sr_fib_confluence,1.32733,0.0,0.1333,tp_sl,WIN,BUY,1.3255,1.7380952380954169,1.32919,1.064
False,,207,1,2025-05-09 11:15:00+00:00,session_time_bias,1.32764,0.0,0.1273,signal_reverse,LOSS,SELL,1.3301,0.091,1.32469,0.091
False,,210,4,2025-05-09 12:00:00+00:00,xs_momentum,1.3278,0.0,0.1273,tp_sl,WIN,BUY,1.32593,1.7045454545453171,1.32971,1.043
False,,216,1,2025-05-09 13:30:00+00:00,session_time_bias,1.32885,0.0,0.1207,signal_reverse,LOSS,SELL,1.33135,0.521,1.32584,0.521
False,,219,12,2025-05-09 14:15:00+00:00,xs_momentum,1.33132,0.0,0.1081,tp_sl,LOSS,BUY,1.32927,1.6599462365590913,1.33342,1.6931451612902588
False,,283,1,2025-05-12 06:15:00+00:00,turtle_soup,1.3291,0.0,0.2174,tp_sl,WIN,SELL,1.33018,1.249999999999927,1.32801,1.275000000000065
False,,286,1,2025-05-12 07:00:00+00:00,trendline_sweep,1.32387,0.0,0.1138,tp_sl,WIN,SELL,1.33339,7.743902439024215,1.31415,4.739
False,,289,10,2025-05-12 07:45:00+00:00,post_news_vol,1.31666,0.0,0.087,tp_sl,WIN,SELL,1.32648,6.097308488612785,1.30665,3.732
False,,303,3,2025-05-12 11:15:00+00:00,htf_false_breakout,1.31638,0.0,0.0828,signal_reverse,WIN,BUY,1.31427,1.2499999999999771,1.31853,0.746
False,,313,11,2025-05-12 13:45:00+00:00,session_time_bias,1.31988,0.0,0.0887,tp_sl,WIN,SELL,1.32239,1.6666666666667036,1.31686,1.2
False,,328,13,2025-05-12 17:30:00+00:00,dt_bb_rsi_mr,1.31726,0.0,0.1203,tp_sl,WIN,BUY,1.31486,1.8045112781954569,1.31971,1.104
True,,375,1,2025-05-13 05:15:00+00:00,dt_bb_rsi_mr,1.32008,0.0,0.2337,tp_sl,WIN,SELL,1.32088,1.0000000000001674,1.31912,0.72
False,,378,3,2025-05-13 06:00:00+00:00,sr_break_retest,1.31923,0.0,0.22,signal_reverse,LOSS,SELL,1.32065,1.252,1.31779,1.252
False,,384,7,2025-05-13 07:30:00+00:00,gbp_deep_pullback,1.32117,0.0,0.1414,signal_reverse,WIN,BUY,1.31816,3.0387205387204843,1.32478,0.162
False,,393,1,2025-05-13 09:45:00+00:00,session_time_bias,1.32113,0.0,0.1443,signal_reverse,LOSS,SELL,1.32332,0.68,1.3185,0.68
False,,396,1,2025-05-13 10:30:00+00:00,turtle_soup,1.3209,0.0,0.1386,tp_sl,WIN,SELL,1.32505,4.108910891089206,1.31667,2.515
False,1.99,400,3,2025-05-13 11:30:00+00:00,session_time_bias,1.32078,0.0,0.1443,tp_sl,LOSS,SELL,1.32239,1.6580756013746738,1.31885,1.9896907216494713
False,,405,7,2025-05-13 12:45:00+00:00,xs_momentum,1.32447,0.0,0.125,tp_sl,WIN,BUY,1.32195,2.2470238095238595,1.32704,1.375
False,,414,5,2025-05-13 15:00:00+00:00,xs_momentum,1.3265,0.0,0.0985,tp_sl,WIN,BUY,1.32343,2.2610294117646608,1.32964,1.384
False,,421,3,2025-05-13 16:45:00+00:00,xs_momentum,1.3293,0.0,0.1113,tp_sl,WIN,BUY,1.32717,1.66666666666683,1.33148,1.02
False,,470,3,2025-05-14 05:00:00+00:00,dual_sr_bounce,1.3306,0.0,0.2461,tp_sl,LOSS,BUY,1.32935,1.644736842105228,1.33187,1.6776315789475487
False,,475,2,2025-05-14 06:15:00+00:00,turtle_soup,1.33072,0.0,0.2253,tp_sl,WIN,BUY,1.32798,3.3032128514053256,1.33351,2.022
False,,482,1,2025-05-14 08:00:00+00:00,gbp_deep_pullback,1.33364,0.0,0.1157,tp_sl,WIN,BUY,1.32751,5.0688705234159706,1.341,3.65
False,,485,1,2025-05-14 08:45:00+00:00,gbp_deep_pullback,1.33483,0.0,0.1069,tp_sl,WIN,BUY,1.32783,5.3435114503816,1.34323,3.847
False,,488,1,2025-05-14 09:30:00+00:00,session_time_bias,1.33493,0.0,0.1061,tp_sl,WIN,SELL,1.33712,1.660353535353647,1.3323,1.195
False,,491,3,2025-05-14 10:15:00+00:00,session_time_bias,1.33391,0.0,0.1085,tp_sl,WIN,SELL,1.3368,2.241602067183517,1.33044,1.614
False,,497,1,2025-05-14 11:45:00+00:00,session_time_bias,1.33322,0.0,0.1102,signal_reverse,WIN,SELL,1.33607,2.2440944881889915,1.3298,0.181
False,,500,1,2025-05-14 12:30:00+00:00,xs_momentum,1.33348,0.0,0.1045,signal_reverse,LOSS,BUY,1.33124,1.47,1.33577,1.47
False,,503,3,2025-05-14 13:15:00+00:00,sr_fib_confluence,1.33173,0.0,0.0985,tp_sl,WIN,SELL,1.33343,1.2500000000000255,1.32999,1.2750000000000914
False,,508,7,2025-05-14 14:30:00+00:00,xs_momentum,1.32931,0.0,0.0924,tp_sl,WIN,SELL,1.33172,1.6666666666665597,1.32684,1.02
False,,519,3,2025-05-14 17:15:00+00:00,xs_momentum,1.32835,0.0,0.1168,tp_sl,WIN,SELL,1.33063,1.6666666666667262,1.32602,1.7000000000001807
False,,566,1,2025-05-15 05:00:00+00:00,ema200_trend_reversal,1.3274,0.0,0.2493,tp_sl,WIN,SELL,1.32853,1.5000000000000568,1.32626,1.5299999999998093
False,,570,1,2025-05-15 06:00:00+00:00,trendline_sweep,1.32849,0.0,0.2149,tp_sl,WIN,BUY,1.3248,4.243295019157068,1.33225,2.597
False,,573,1,2025-05-15 06:45:00+00:00,sr_fib_confluence,1.3306,0.0,0.1928,tp_sl,LOSS,BUY,1.32876,1.8986254295531126,1.33248,1.9365979381442207
False,,576,1,2025-05-15 07:30:00+00:00,session_time_bias,1.328,0.0,0.1308,tp_sl,WIN,SELL,1.33042,2.258566978193209,1.3251,1.626
False,,579,7,2025-05-15 08:15:00+00:00,session_time_bias,1.32721,0.0,0.125,tp_sl,LOSS,SELL,1.32973,2.2470238095238595,1.32419,2.696428571428592
False,2.36,588,4,2025-05-15 10:30:00+00:00,trendline_sweep,1.32966,0.0,0.1228,tp_sl,LOSS,BUY,1.32709,2.2514619883040403,1.33228,2.2964912280701837
False,,594,1,2025-05-15 12:00:00+00:00,trendline_sweep,1.32832,0.0,0.1167,tp_sl,WIN,BUY,1.32544,2.402777777777791,1.33126,1.471
False,,597,1,2025-05-15 12:45:00+00:00,sr_anti_hunt_bounce,1.33067,0.0,0.1007,tp_sl,WIN,BUY,1.31678,9.994004796163047,1.34484,6.116
False,,600,2,2025-05-15 13:30:00+00:00,session_time_bias,1.32977,0.0,0.095,tp_sl,WIN,SELL,1.3321,1.6548463356973748,1.32697,1.191
False,,605,1,2025-05-15 14:45:00+00:00,trendline_sweep,1.328,0.0,0.0876,tp_sl,WIN,BUY,1.32497,1.9825708061001448,1.3311,1.213
False,,608,4,2025-05-15 15:30:00+00:00,ema200_trend_reversal,1.32826,0.0,0.0882,tp_sl,WIN,BUY,1.32583,1.6008771929822798,1.33075,0.98
True,0.568,621,2,2025-05-15 18:45:00+00:00,dt_bb_rsi_mr,1.32963,0.0,0.1441,tp_sl,LOSS,SELL,1.33016,0.4729729729730709,1.329,0.567567567567685
True,,625,4,2025-05-15 19:45:00+00:00,dt_bb_rsi_mr,1.33037,0.0,0.1584,tp_sl,WIN,SELL,1.33138,0.9999999999999558,1.32916,0.72
False,,632,9,2025-05-15 21:30:00+00:00,sr_anti_hunt_bounce,1.33051,0.0,0.2101,tp_sl,WIN,BUY,1.31742,13.221885521885522,1.34366,7.969
True,,663,1,2025-05-16 05:15:00+00:00,dt_bb_rsi_mr,1.33187,0.0,0.2493,tp_sl,LOSS,SELL,1.3326,0.9700000000002854,1.331,1.164000000000165
True,,668,1,2025-05-16 06:30:00+00:00,dt_bb_rsi_mr,1.33262,0.0,0.2367,tp_sl,WIN,SELL,1.33314,0.6571729957805394,1.332,0.7886075949367597
False,,672,1,2025-05-16 07:30:00+00:00,session_time_bias,1.33227,0.0,0.1728,tp_sl,WIN,SELL,1.3341,2.263374485596733,1.33007,1.63
False,,675,5,2025-05-16 08:15:00+00:00,session_time_bias,1.33041,0.0,0.1591,tp_sl,WIN,SELL,1.33188,1.6666666666667354,1.32865,1.2
False,,682,3,2025-05-16 10:00:00+00:00,session_time_bias,1.32834,0.0,0.1489,tp_sl,LOSS,SELL,1.3299,1.657801418439711,1.32647,1.9893617021277004
False,,687,1,2025-05-16 11:15:00+00:00,session_time_bias,1.32937,0.0,0.1505,tp_sl,WIN,SELL,1.33091,1.657706093189841,1.32752,1.194
False,,692,2,2025-05-16 12:30:00+00:00,xs_momentum,1.32786,0.0,0.1458,tp_sl,LOSS,SELL,1.32948,1.684027777777939,1.32621,1.7177083333333454
False,,698,1,2025-05-16 14:00:00+00:00,session_time_bias,1.32817,0.0,0.1229,tp_sl,WIN,SELL,1.33007,1.7507645259939455,1.32588,2.100917431192775
False,1.678,703,13,2025-05-16 15:15:00+00:00,xs_momentum,1.3257,0.0,0.1063,tp_sl,LOSS,SELL,1.32779,1.6600529100528594,1.32356,1.6932539682539764
False,,751,2,2025-05-19 05:15:00+00:00,dual_sr_bounce,1.33037,0.0,0.2397,tp_sl,WIN,BUY,1.3289,1.880341880341958,1.33186,1.151
False,,757,1,2025-05-19 06:45:00+00:00,gbp_deep_pullback,1.33226,0.0,0.2055,tp_sl,WIN,BUY,1.32817,4.496336996336928,1.33717,3.237
False,2.291,764,1,2025-05-19 08:30:00+00:00,dt_sr_channel_reversal,1.33476,0.0,0.1197,tp_sl,LOSS,SELL,1.33699,1.9088319088318884,1.33248,1.947008547008549
False,,777,2,2025-05-19 11:45:00+00:00,dt_sr_channel_reversal,1.33802,0.0,0.1176,signal_reverse,LOSS,SELL,1.33999,0.218,1.33601,0.218
False,,783,2,2025-05-19 13:15:00+00:00,session_time_bias,1.33671,0.0,0.1117,tp_sl,WIN,SELL,1.33941,2.2500000000001226,1.33347,1.62
False,,787,21,2025-05-19 14:15:00+00:00,xs_momentum,1.33589,0.0,0.1117,tp_sl,WIN,SELL,1.33857,2.2361111111111427,1.33315,1.368
False,,846,1,2025-05-20 05:00:00+00:00,sr_anti_hunt_bounce,1.3375,0.0,0.22,tp_sl,WIN,BUY,1.32742,11.852941176470654,1.34777,7.254
False,,849,2,2025-05-20 05:45:00+00:00,dt_fib_reversal,1.33738,0.0,0.2078,tp_sl,WIN,SELL,1.33879,1.5648148148147043,1.33595,0.958
False,,858,1,2025-05-20 08:00:00+00:00,session_time_bias,1.3384,0.0,0.1346,tp_sl,WIN,SELL,1.34074,2.2516025641025834,1.33559,1.621
False,,861,4,2025-05-20 08:45:00+00:00,session_time_bias,1.33722,0.0,0.1321,tp_sl,WIN,SELL,1.3396,2.2484276729560415,1.33436,1.619
False,,867,6,2025-05-20 10:15:00+00:00,session_time_bias,1.33564,0.0,0.1321,tp_sl,WIN,SELL,1.33802,2.248427672955832,1.33278,1.619
False,,875,5,2025-05-20 12:15:00+00:00,session_time_bias,1.33387,0.0,0.1273,tp_sl,LOSS,SELL,1.3357,1.666666666666685,1.33167,1.9999999999999816
False,,882,1,2025-05-20 14:00:00+00:00,trendline_sweep,1.33718,0.0,0.1117,signal_reverse,LOSS,BUY,1.33114,0.657,1.34335,0.657
False,,886,9,2025-05-20 15:00:00+00:00,trendline_sweep,1.3355,0.0,0.1089,tp_sl,LOSS,SELL,1.33851,2.4525745257452582,1.33242,2.50162601626016
False,,897,12,2025-05-20 17:45:00+00:00,sr_anti_hunt_bounce,1.33825,0.0,0.1495,tp_sl,WIN,BUY,1.32839,9.213395638629255,1.34831,5.639
False,,950,1,2025-05-21 07:00:00+00:00,htf_false_breakout,1.34253,0.0,0.1186,tp_sl,WIN,SELL,1.34932,5.755649717514196,1.3356,3.522
False,,953,1,2025-05-21 07:45:00+00:00,sr_fib_confluence,1.34137,0.0,0.1045,signal_reverse,LOSS,BUY,1.33861,0.619,1.34418,0.619
False,,956,2,2025-05-21 08:30:00+00:00,session_time_bias,1.34019,0.0,0.1069,tp_sl,WIN,SELL,1.34313,2.2455470737913132,1.33666,1.617
False,,960,2,2025-05-21 09:30:00+00:00,sr_fib_confluence,1.34051,0.0,0.1029,signal_reverse,LOSS,SELL,1.34276,2.25,1.33821,2.25
False,,964,1,2025-05-21 10:30:00+00:00,sr_fib_confluence,1.34282,0.0,0.1022,tp_sl,WIN,SELL,1.34491,1.5267639902675934,1.34069,1.5572992700730004
False,,967,1,2025-05-21 11:15:00+00:00,sr_fib_confluence,1.34091,0.0,0.1,tp_sl,WIN,SELL,1.34266,1.2499999999999416,1.33913,0.765
False,,970,5,2025-05-21 12:00:00+00:00,sr_fib_confluence,1.34062,0.0,0.0946,tp_sl,LOSS,SELL,1.343,1.610360360360408,1.33819,1.6425675675676161
False,,978,3,2025-05-21 14:00:00+00:00,session_time_bias,1.34323,0.0,0.0887,signal_reverse,LOSS,SELL,1.34574,1.065,1.34021,1.065
False,,983,1,2025-05-21 15:15:00+00:00,dt_bb_rsi_mr,1.34413,0.0,0.0912,signal_reverse,LOSS,SELL,1.34678,0.359,1.34141,0.359
False,,986,2,2025-05-21 16:00:00+00:00,london_fix_reversal,1.34421,0.0,0.1033,signal_reverse,LOSS,SELL,1.34593,0.46,1.34214,0.46
False,1.712,990,3,2025-05-21 17:00:00+00:00,xs_momentum,1.3451,0.0,0.128,tp_sl,LOSS,BUY,1.34303,1.6599999999998616,1.34722,1.6931999999998837
False,,1001,8,2025-05-21 19:45:00+00:00,gbp_deep_pullback,1.34144,0.0,0.1481,tp_sl,WIN,SELL,1.34565,3.8959876543209346,1.33665,2.661
False,,1047,2,2025-05-22 07:15:00+00:00,inducement_ob,1.34272,0.0,0.1458,tp_sl,WIN,BUY,1.34152,1.2500000000000937,1.34394,1.2750000000001187
False,,1051,1,2025-05-22 08:15:00+00:00,inducement_ob,1.34261,0.0,0.1321,tp_sl,WIN,SELL,1.34569,2.908805031446535,1.33947,1.78
False,2.254,1054,9,2025-05-22 09:00:00+00:00,session_time_bias,1.33972,0.0,0.1228,tp_sl,LOSS,SELL,1.34229,2.2514619883040403,1.33664,2.7017543859648874
False,,1065,2,2025-05-22 11:45:00+00:00,session_time_bias,1.34188,0.0,0.1228,tp_sl,WIN,SELL,1.34378,1.6666666666666778,1.3396,1.2
False,,1069,2,2025-05-22 12:45:00+00:00,wick_imbalance_reversion,1.34145,0.0,0.1176,tp_sl,WIN,BUY,1.33898,2.072829131652806,1.34397,1.269
False,,1073,4,2025-05-22 13:45:00+00:00,session_time_bias,1.34161,0.0,0.1081,tp_sl,WIN,SELL,1.34373,1.7137096774193004,1.33906,1.234
False,,1081,5,2025-05-22 15:45:00+00:00,london_fix_reversal,1.34228,0.0,0.1015,tp_sl,WIN,SELL,1.34393,1.2500000000001146,1.3403,1.5000000000000704
True,,1088,1,2025-05-22 17:30:00+00:00,dt_bb_rsi_mr,1.34094,0.0,0.1345,tp_sl,WIN,BUY,1.34006,0.7422969187675185,1.342,0.8907563025210595
False,,1145,1,2025-05-23 07:45:00+00:00,gbp_deep_pullback,1.34811,0.0,0.1414,signal_reverse,WIN,BUY,1.34317,4.991582491582447,1.35404,0.02
False,,1163,1,2025-05-23 12:15:00+00:00,xs_momentum,1.34989,0.0,0.1061,tp_sl,WIN,BUY,1.34769,1.6666666666666514,1.35213,1.6999999999999338
False,,1167,2,2025-05-23 13:15:00+00:00,htf_false_breakout,1.34964,0.0,0.0838,signal_reverse,LOSS,SELL,1.35567,0.03,1.34348,0.03
False,,1173,11,2025-05-23 14:45:00+00:00,gbp_deep_pullback,1.34972,0.0,0.0887,tp_sl,WIN,BUY,1.34596,2.49448123620311,1.35424,1.796
False,2.011,1234,1,2025-05-26 06:15:00+00:00,sr_break_retest,1.35915,0.0,0.2101,tp_sl,LOSS,BUY,1.35766,1.6760299625468191,1.36067,1.7095505617977007
False,,1239,7,2025-05-26 07:30:00+00:00,sr_break_retest,1.35696,0.0,0.1489,tp_sl,WIN,SELL,1.35853,1.6666666666667194,1.35536,1.02
False,,1248,1,2025-05-26 09:45:00+00:00,trendline_sweep,1.35626,0.0,0.1556,signal_reverse,LOSS,BUY,1.35438,0.778,1.35818,0.778
False,,1251,12,2025-05-26 10:30:00+00:00,intraday_seasonality,1.35556,0.0,0.1591,signal_reverse,LOSS,SELL,1.35733,1.227,1.35376,1.227
False,1.752,1270,23,2025-05-26 15:15:00+00:00,squeeze_release_momentum,1.35639,0.0,0.1696,tp_sl,LOSS,BUY,1.3552,1.5063291139240815,1.35808,2.13037974683529
False,,1326,2,2025-05-27 05:15:00+00:00,gbp_deep_pullback,1.35424,0.0,0.2226,signal_reverse,LOSS,SELL,1.35852,2.945,1.34911,2.945
False,,1330,1,2025-05-27 06:15:00+00:00,sr_fib_confluence,1.35644,0.0,0.2055,tp_sl,WIN,SELL,1.35782,1.5109890109889055,1.35504,1.5412087912087618
False,,1333,1,2025-05-27 07:00:00+00:00,sr_fib_confluence,1.35538,0.0,0.1414,tp_sl,WIN,SELL,1.35709,1.725589225589316,1.35364,1.7601010101009902
False,2.0,1336,2,2025-05-27 07:45:00+00:00,session_time_bias,1.3523,0.0,0.1273,tp_sl,LOSS,SELL,1.35413,1.666666666666685,1.3501,1.9999999999999816
False,2.009,1340,13,2025-05-27 08:45:00+00:00,session_time_bias,1.35351,0.0,0.125,tp_sl,LOSS,SELL,1.35539,1.6741071428572065,1.35126,2.0089285714286476
False,,1357,2,2025-05-27 13:00:00+00:00,session_time_bias,1.35597,0.0,0.1327,tp_sl,WIN,SELL,1.35825,2.2607260726071217,1.35323,1.628
False,,1362,1,2025-05-27 14:15:00+00:00,intraday_seasonality,1.35352,0.0,0.1107,signal_reverse,LOSS,BUY,1.35079,1.354,1.35631,1.354
False,,1370,3,2025-05-27 16:15:00+00:00,htf_false_breakout,1.35105,0.0,0.1197,signal_reverse,LOSS,BUY,1.34957,0.601,1.35257,0.601
False,,1376,15,2025-05-27 17:45:00+00:00,xs_momentum,1.35073,0.0,0.1584,tp_sl,LOSS,SELL,1.353,2.244224422441997,1.34842,2.28910891089096
False,,1424,4,2025-05-28 05:45:00+00:00,dt_sr_channel_reversal,1.3481,0.0,0.2078,tp_sl,WIN,BUY,1.34658,1.6851851851853696,1.34964,1.7188888888890967
False,,1431,2,2025-05-28 07:30:00+00:00,post_news_vol,1.35012,0.0,0.1273,signal_reverse,LOSS,BUY,1.34671,0.373,1.3536,0.373
False,,1435,7,2025-05-28 08:30:00+00:00,sr_fib_confluence,1.35101,0.0,0.1261,tp_sl,WIN,BUY,1.34899,1.8168168168169165,1.35307,1.112
False,,1444,2,2025-05-28 10:45:00+00:00,sr_fib_confluence,1.34953,0.0,0.1321,signal_reverse,LOSS,BUY,1.3477,1.16,1.35139,1.16
False,,1448,5,2025-05-28 11:45:00+00:00,session_time_bias,1.34769,0.0,0.1333,tp_sl,WIN,SELL,1.34945,1.674603174603149,1.34558,1.206
False,2.531,1455,1,2025-05-28 13:30:00+00:00,xs_momentum,1.34543,0.0,0.1218,tp_sl,LOSS,SELL,1.3479,2.2500000000000044,1.3429,2.295000000000037
False,,1458,1,2025-05-28 14:15:00+00:00,sr_fib_confluence,1.34835,0.0,0.1126,tp_sl,WIN,SELL,1.35049,1.799719887955217,1.34616,1.101
False,,1461,1,2025-05-28 15:00:00+00:00,xs_momentum,1.3464,0.0,0.1063,tp_sl,WIN,SELL,1.34921,2.2354497354497536,1.34352,1.368
False,,1466,16,2025-05-28 16:15:00+00:00,xs_momentum,1.34701,0.0,0.1208,tp_sl,LOSS,SELL,1.34967,2.2528248587569553,1.3443,2.297881355931996
False,,1517,4,2025-05-29 05:00:00+00:00,gbp_deep_pullback,1.34332,0.0,0.1781,signal_reverse,LOSS,SELL,1.34544,2.251,1.34078,2.251
False,,1523,4,2025-05-29 06:30:00+00:00,sr_fib_confluence,1.34544,0.0,0.1764,signal_reverse,WIN,BUY,1.34341,1.9103773584907222,1.3475,0.789
False,,1529,9,2025-05-29 08:00:00+00:00,gbp_deep_pullback,1.34744,0.0,0.1321,tp_sl,WIN,BUY,1.34111,5.974842767295568,1.35504,4.302
False,,1540,2,2025-05-29 10:45:00+00:00,session_time_bias,1.34707,0.0,0.1284,tp_sl,WIN,SELL,1.34888,1.6590214067279005,1.3449,1.194
False,,1544,2,2025-05-29 11:45:00+00:00,session_time_bias,1.34591,0.0,0.1333,signal_reverse,LOSS,SELL,1.34827,3.771,1.34308,3.771
False,,1548,12,2025-05-29 12:45:00+00:00,xs_momentum,1.35008,0.0,0.1111,tp_sl,LOSS,BUY,1.34723,2.261904761904777,1.35299,2.3071428571428516
False,,1564,15,2025-05-29 16:45:00+00:00,london_fix_reversal,1.34918,0.0,0.1131,tp_sl,LOSS,SELL,1.35097,1.4219576719576474,1.34703,1.7063492063491064
False,1.695,1615,1,2025-05-30 05:30:00+00:00,dt_fib_reversal,1.34784,0.0,0.2562,tp_sl,LOSS,BUY,1.34672,1.5296803652967874,1.34898,1.5602739726027413
False,,1618,2,2025-05-30 06:15:00+00:00,dt_sr_channel_reversal,1.34744,0.0,0.2226,tp_sl,WIN,BUY,1.34595,1.7658730158732179,1.34922,1.271
True,,1622,1,2025-05-30 07:15:00+00:00,dt_bb_rsi_mr,1.34644,0.0,0.1414,tp_sl,WIN,BUY,1.34597,0.47138047138041944,1.347,0.5656565656564585
False,1.83,1625,16,2025-05-30 08:00:00+00:00,session_time_bias,1.34686,0.0,0.1321,tp_sl,LOSS,SELL,1.34865,1.690251572327015,1.34471,2.028301886792334
False,,1644,1,2025-05-30 12:45:00+00:00,session_time_bias,1.34911,0.0,0.1207,tp_sl,WIN,SELL,1.35172,2.2485632183907964,1.34598,1.619
False,,1647,1,2025-05-30 13:30:00+00:00,session_time_bias,1.34609,0.0,0.1117,tp_sl,WIN,SELL,1.3488,2.2638888888889173,1.34283,1.63
False,,1650,1,2025-05-30 14:15:00+00:00,inducement_ob,1.34713,0.0,0.1015,tp_sl,WIN,BUY,1.34328,2.9166666666665977,1.35106,1.785
False,,1653,5,2025-05-30 15:00:00+00:00,mqe_gbpusd_fix,1.34773,0.0,0.0957,tp_sl,WIN,SELL,1.34983,1.4999999999999933,1.34558,1.530000000000063
False,,1660,13,2025-05-30 16:45:00+00:00,london_fix_reversal,1.34612,0.0,0.1149,tp_sl,WIN,BUY,1.34426,1.4986559139784639,1.34835,1.079
False,,1715,1,2025-06-02 06:45:00+00:00,dt_bb_rsi_mr,1.35293,0.0,0.1968,tp_sl,LOSS,SELL,1.35464,1.798245614034948,1.35119,1.8342105263157686
False,,1727,3,2025-06-02 09:45:00+00:00,dt_sr_channel_reversal,1.35397,0.0,0.1386,tp_sl,WIN,SELL,1.35566,1.6749174917491552,1.35224,1.025
False,,1734,3,2025-06-02 11:30:00+00:00,session_time_bias,1.3533,0.0,0.1386,tp_sl,LOSS,SELL,1.35499,1.6749174917491552,1.35127,2.0099009900989864
False,,1739,1,2025-06-02 12:45:00+00:00,session_time_bias,1.35401,0.0,0.1346,tp_sl,WIN,SELL,1.35574,1.6666666666666967,1.35193,2.0000000000000786
False,,1744,9,2025-06-02 14:00:00+00:00,gbp_deep_pullback,1.35521,0.0,0.1107,signal_reverse,LOSS,BUY,1.34953,2.412,1.36203,2.412
False,2.289,1755,12,2025-06-02 16:45:00+00:00,xs_momentum,1.3521,0.0,0.1239,tp_sl,LOSS,SELL,1.35469,2.253623188405887,1.34945,2.2986956521741244
True,,1770,1,2025-06-02 20:30:00+00:00,dt_bb_rsi_mr,1.35435,0.0,0.2476,tp_sl,WIN,SELL,1.35519,0.9999999999999427,1.35334,1.1999999999998783
False,,1808,1,2025-06-03 06:00:00+00:00,sr_break_retest,1.3519,0.0,0.228,tp_sl,LOSS,SELL,1.35314,1.504065040650241,1.35065,1.534146341463392
False,,1811,1,2025-06-03 06:45:00+00:00,sr_fib_confluence,1.353,0.0,0.1968,signal_reverse,LOSS,SELL,1.35482,0.141,1.35115,0.141
False,,1814,1,2025-06-03 07:30:00+00:00,trendline_sweep,1.3519,0.0,0.1359,tp_sl,WIN,SELL,1.35505,3.0582524271844522,1.34869,1.872
False,,1817,4,2025-06-03 08:15:00+00:00,session_time_bias,1.35074,0.0,0.1414,tp_sl,LOSS,SELL,1.35239,1.6666666666668195,1.34876,2.0000000000000937
False,,1823,3,2025-06-03 09:45:00+00:00,session_time_bias,1.35125,0.0,0.14,tp_sl,WIN,SELL,1.3535,2.249999999999863,1.34855,1.62
True,,1828,1,2025-06-03 11:00:00+00:00,dt_bb_rsi_mr,1.35083,0.0,0.1386,tp_sl,LOSS,BUY,1.34985,0.9653465346536337,1.352,1.1584158415842727
False,1.923,1832,3,2025-06-03 12:00:00+00:00,session_time_bias,1.34924,0.0,0.1346,tp_sl,LOSS,SELL,1.35111,1.8028846153844704,1.34699,2.1634615384614073
False,,1837,2,2025-06-03 13:15:00+00:00,session_time_bias,1.35078,0.0,0.1264,tp_sl,WIN,SELL,1.35253,1.6588050314465153,1.34867,1.194
False,,1841,14,2025-06-03 14:15:00+00:00,turtle_soup,1.35235,0.0,0.1072,tp_sl,LOSS,BUY,1.34825,3.2866666666667044,1.35654,3.3523999999999887
False,,1902,2,2025-06-04 05:30:00+00:00,gbp_deep_pullback,1.35055,0.0,0.228,signal_reverse,LOSS,SELL,1.35341,1.42,1.34712,1.42
False,,1906,1,2025-06-04 06:30:00+00:00,trendline_sweep,1.35221,0.0,0.2174,tp_sl,WIN,BUY,1.34935,3.323643410852799,1.35512,2.034
False,,1909,21,2025-06-04 07:15:00+00:00,trendline_sweep,1.35407,0.0,0.1489,tp_sl,LOSS,BUY,1.34814,6.303191489361894,1.36011,6.429255319149033
False,,1932,2,2025-06-04 13:00:00+00:00,session_time_bias,1.35353,0.0,0.1186,signal_reverse,LOSS,SELL,1.35541,0.379,1.35127,0.379
False,,1936,1,2025-06-04 14:00:00+00:00,xs_momentum,1.35589,0.0,0.1081,tp_sl,WIN,BUY,1.35383,1.666666666666662,1.358,1.02
False,1.771,1939,16,2025-06-04 14:45:00+00:00,xs_momentum,1.3577,0.0,0.1039,tp_sl,LOSS,BUY,1.35555,1.6666666666667413,1.3599,1.7000000000000866
False,,1957,1,2025-06-04 19:15:00+00:00,sr_anti_hunt_bounce,1.35535,0.0,0.1667,signal_reverse,LOSS,BUY,1.34227,0.958,1.3685,0.958
False,,1962,1,2025-06-04 20:30:00+00:00,sr_anti_hunt_bounce,1.35531,0.0,0.2506,tp_sl,WIN,BUY,1.34298,14.858634538152467,1.36772,8.971
False,,2006,10,2025-06-05 07:30:00+00:00,session_time_bias,1.35653,0.0,0.1474,signal_reverse,LOSS,SELL,1.35867,1.558,1.35396,1.558
False,,2018,1,2025-06-05 10:30:00+00:00,session_time_bias,1.35767,0.0,0.1458,signal_reverse,LOSS,SELL,1.35927,0.01,1.35575,0.01
False,,2021,3,2025-06-05 11:15:00+00:00,sr_fib_confluence,1.35717,0.0,0.1522,tp_sl,WIN,BUY,1.35579,1.503623188405752,1.35858,0.92
False,,2026,1,2025-06-05 12:30:00+00:00,xs_momentum,1.35897,0.0,0.14,tp_sl,LOSS,BUY,1.3573,1.6666666666667052,1.36067,1.7000000000000348
False,,2029,2,2025-06-05 13:15:00+00:00,xs_momentum,1.36151,0.0,0.1047,tp_sl,LOSS,BUY,1.35938,1.66666666666683,1.36369,1.7000000000001387
False,,2034,4,2025-06-05 14:30:00+00:00,xs_momentum,1.35984,0.0,0.0993,tp_sl,LOSS,BUY,1.35759,1.6666666666665653,1.36214,1.6999999999999524
True,,2053,1,2025-06-05 19:15:00+00:00,dt_sr_channel_reversal,1.35757,0.0,0.1468,tp_sl,LOSS,BUY,1.35721,0.32874617737014716,1.358,0.39449541284417655
True,,2062,5,2025-06-05 21:30:00+00:00,dt_bb_rsi_mr,1.35735,0.0,0.2122,tp_sl,WIN,BUY,1.3568,0.5544217687074899,1.358,0.6653061224490785
False,,2098,1,2025-06-06 06:30:00+00:00,gbp_deep_pullback,1.35452,0.0,0.2597,tp_sl,WIN,SELL,1.35856,5.601851851851851,1.34968,4.033
False,,2102,1,2025-06-06 07:30:00+00:00,dt_sr_channel_reversal,1.35515,0.0,0.1628,signal_reverse,LOSS,BUY,1.35349,1.326,1.35684,1.326
False,,2106,6,2025-06-06 08:30:00+00:00,session_time_bias,1.3541,0.0,0.1591,tp_sl,WIN,SELL,1.35557,1.6666666666667354,1.35234,1.2
False,,2118,1,2025-06-06 11:30:00+00:00,sr_fib_confluence,1.35508,0.0,0.1556,tp_sl,WIN,SELL,1.35664,1.7314814814814758,1.35349,1.06
False,,2122,2,2025-06-06 12:30:00+00:00,session_time_bias,1.35293,0.0,0.1129,tp_sl,WIN,SELL,1.35572,2.2513440860215708,1.34958,1.621
False,,2126,12,2025-06-06 13:30:00+00:00,intraday_seasonality,1.35219,0.0,0.0912,tp_sl,LOSS,SELL,1.3555,2.2562358276643772,1.3488,2.3013605442176286
False,,2141,13,2025-06-06 17:15:00+00:00,xs_momentum,1.35211,0.0,0.125,tp_sl,LOSS,SELL,1.35499,2.2526041666666785,1.34917,2.297656250000064
False,,2189,2,2025-06-09 05:30:00+00:00,sr_break_retest,1.35504,0.0,0.3016,tp_sl,LOSS,SELL,1.35598,1.5053763440862138,1.35409,1.535483870967845
False,,2195,3,2025-06-09 07:00:00+00:00,turtle_soup,1.35597,0.0,0.2029,signal_reverse,LOSS,SELL,1.35799,1.275,1.3539,1.275
False,,2202,2,2025-06-09 08:45:00+00:00,session_time_bias,1.35718,0.0,0.1842,signal_reverse,LOSS,SELL,1.35846,0.763,1.35565,0.763
False,,2206,2,2025-06-09 09:45:00+00:00,session_time_bias,1.35702,0.0,0.1818,tp_sl,WIN,SELL,1.3583,1.655844155844334,1.35549,1.192
False,,2210,1,2025-06-09 10:45:00+00:00,sr_fib_confluence,1.35603,0.0,0.1772,signal_reverse,LOSS,BUY,1.35465,0.38,1.35744,0.38
False,,2213,1,2025-06-09 11:30:00+00:00,sr_fib_confluence,1.35575,0.0,0.1795,tp_sl,WIN,SELL,1.35693,1.5170940170939924,1.35454,1.5474358974358438
False,,2216,3,2025-06-09 12:15:00+00:00,session_time_bias,1.35408,0.0,0.1556,tp_sl,WIN,SELL,1.35557,1.6574074074074099,1.35229,1.193
False,,2223,1,2025-06-09 14:00:00+00:00,sr_fib_confluence,1.35419,0.0,0.1457,tp_sl,WIN,SELL,1.35583,1.7844202898551775,1.35251,1.092
False,,2226,2,2025-06-09 14:45:00+00:00,sr_fib_confluence,1.35428,0.0,0.1354,tp_sl,LOSS,SELL,1.35609,1.8350168350169693,1.35242,1.8717171717172774
False,,2230,12,2025-06-09 15:45:00+00:00,gbp_deep_pullback,1.35636,0.0,0.1396,tp_sl,LOSS,BUY,1.35065,5.954861111111264,1.36322,7.145833333333425
False,,2283,3,2025-06-10 05:00:00+00:00,sr_fib_confluence,1.35367,0.0,0.1889,tp_sl,WIN,SELL,1.35516,1.4983164983166697,1.35216,0.917
False,,2288,1,2025-06-10 06:15:00+00:00,sr_fib_confluence,1.35199,0.0,0.1748,tp_sl,WIN,SELL,1.35372,1.6121495327102584,1.35023,1.6443925233644054
False,,2291,20,2025-06-10 07:00:00+00:00,gbp_deep_pullback,1.34621,0.0,0.1014,signal_reverse,LOSS,SELL,1.35709,3.138,1.33315,3.138
False,,2313,1,2025-06-10 12:30:00+00:00,xs_momentum,1.35072,0.0,0.1186,tp_sl,WIN,BUY,1.34806,2.252824858757143,1.35343,1.379
False,,2316,6,2025-06-10 13:15:00+00:00,xs_momentum,1.35329,0.0,0.1072,tp_sl,LOSS,BUY,1.3512,1.6733333333332823,1.35543,1.7068000000000083
False,,2324,8,2025-06-10 15:15:00+00:00,sr_fib_confluence,1.35099,0.0,0.1107,signal_reverse,LOSS,BUY,1.34921,0.792,1.35281,0.792
False,,2334,4,2025-06-10 17:45:00+00:00,dual_sr_bounce,1.3498,0.0,0.1616,tp_sl,WIN,SELL,1.35104,1.2500000000000024,1.34854,0.765
False,,2383,1,2025-06-11 06:00:00+00:00,trendline_sweep,1.34806,0.0,0.2562,tp_sl,WIN,SELL,1.34959,2.0890410958904093,1.34651,1.278
False,,2386,5,2025-06-11 06:45:00+00:00,gbp_deep_pullback,1.34654,0.0,0.2149,signal_reverse,LOSS,SELL,1.35002,3.211,1.34237,3.211
False,,2393,3,2025-06-11 08:30:00+00:00,sr_fib_confluence,1.34958,0.0,0.1443,tp_sl,WIN,BUY,1.34778,1.855670103092808,1.35142,1.136
False,,2398,10,2025-06-11 09:45:00+00:00,sr_fib_confluence,1.34991,0.0,0.1414,tp_sl,WIN,BUY,1.34814,1.7845117845118124,1.35171,1.820202020201878
False,,2410,4,2025-06-11 12:45:00+00:00,sr_fib_confluence,1.35206,0.0,0.1029,tp_sl,WIN,BUY,1.34959,1.8198529411764741,1.35458,1.114
False,,2416,11,2025-06-11 14:15:00+00:00,xs_momentum,1.35364,0.0,0.0931,tp_sl,WIN,BUY,1.35039,2.2627314814813477,1.35697,1.385
False,,2429,3,2025-06-11 17:30:00+00:00,dt_sr_channel_reversal,1.35577,0.0,0.1311,signal_reverse,WIN,SELL,1.35765,1.5437158469944565,1.35385,0.361
False,,2440,6,2025-06-11 20:15:00+00:00,gbp_deep_pullback,1.35449,0.0,0.2237,tp_sl,WIN,BUY,1.35294,1.6695340501793092,1.35613,1.058
False,,2475,3,2025-06-12 05:00:00+00:00,sr_break_retest,1.35783,0.0,0.2226,tp_sl,WIN,SELL,1.35923,1.666666666666483,1.35641,1.699999999999982
False,,2481,1,2025-06-12 06:30:00+00:00,wick_imbalance_reversion,1.35658,0.0,0.1816,signal_reverse,LOSS,BUY,1.35462,2.586,1.35857,2.586
False,,2484,1,2025-06-12 07:15:00+00:00,sr_fib_confluence,1.35429,0.0,0.125,tp_sl,WIN,SELL,1.35628,1.7782738095239607,1.35226,1.088
False,1.764,2487,2,2025-06-12 08:00:00+00:00,sr_fib_confluence,1.35437,0.0,0.1102,tp_sl,LOSS,SELL,1.35642,1.614173228346541,1.35228,1.646456692913437
False,,2492,1,2025-06-12 09:15:00+00:00,session_time_bias,1.35681,0.0,0.1094,signal_reverse,LOSS,SELL,1.35969,0.867,1.35335,0.867
False,,2495,2,2025-06-12 10:00:00+00:00,session_time_bias,1.35764,0.0,0.1077,signal_reverse,LOSS,SELL,1.36056,1.123,1.35413,1.123
False,,2499,2,2025-06-12 11:00:00+00:00,session_time_bias,1.35872,0.0,0.1,signal_reverse,LOSS,SELL,1.36099,0.457,1.356,0.457
False,,2503,1,2025-06-12 12:00:00+00:00,trendline_sweep,1.35799,0.0,0.1022,signal_reverse,LOSS,SELL,1.36116,2.788,1.35476,2.788
False,,2506,2,2025-06-12 12:45:00+00:00,session_time_bias,1.36088,0.0,0.0966,signal_reverse,LOSS,SELL,1.36414,0.145,1.35697,0.145
False,,2510,2,2025-06-12 13:45:00+00:00,session_time_bias,1.35935,0.0,0.0876,signal_reverse,LOSS,SELL,1.3628,0.665,1.35521,0.665
False,,2514,1,2025-06-12 14:45:00+00:00,turtle_soup,1.35928,0.0,0.0937,signal_reverse,WIN,SELL,1.36223,2.0687645687646126,1.35626,0.4
False,,2517,18,2025-06-12 15:30:00+00:00,sr_fib_confluence,1.35863,0.0,0.0993,tp_sl,WIN,BUY,1.35661,1.499999999999958,1.3607,1.529999999999875
True,,2538,2,2025-06-12 20:45:00+00:00,dt_bb_rsi_mr,1.36091,0.0,0.2633,tp_sl,LOSS,SELL,1.36167,0.9620253164558151,1.36,1.1544303797468656
False,,2581,1,2025-06-13 07:30:00+00:00,sr_fib_confluence,1.35628,0.0,0.1037,signal_reverse,LOSS,SELL,1.35841,0.03,1.3541,0.03
False,,2584,2,2025-06-13 08:15:00+00:00,sr_fib_confluence,1.35682,0.0,0.1037,signal_reverse,LOSS,BUY,1.3545,1.4,1.35918,1.4
False,,2588,5,2025-06-13 09:15:00+00:00,session_time_bias,1.35457,0.0,0.1069,tp_sl,WIN,SELL,1.35686,1.7493638676844128,1.35182,1.26
False,,2595,7,2025-06-13 11:00:00+00:00,session_time_bias,1.35262,0.0,0.1069,tp_sl,WIN,SELL,1.35556,2.2455470737913132,1.34909,1.617
False,,2604,2,2025-06-13 13:15:00+00:00,trendline_sweep,1.35275,0.0,0.1023,tp_sl,WIN,BUY,1.35002,2.0865139949108813,1.35554,2.12824427480917
False,,2608,1,2025-06-13 14:15:00+00:00,dual_sr_bounce,1.35578,0.0,0.0985,tp_sl,WIN,BUY,1.35408,1.2500000000000255,1.35752,1.2750000000000914
False,,2611,1,2025-06-13 15:00:00+00:00,turtle_soup,1.35804,0.0,0.0993,tp_sl,WIN,BUY,1.35105,5.179012345678894,1.36518,3.17
False,,2614,1,2025-06-13 15:45:00+00:00,london_fix_reversal,1.35906,0.0,0.0985,signal_reverse,LOSS,SELL,1.36076,0.609,1.35702,0.609
False,1.992,2617,3,2025-06-13 16:30:00+00:00,xs_momentum,1.35992,0.0,0.114,tp_sl,LOSS,BUY,1.35785,1.6600000000000392,1.36204,1.6932000000000613
False,,2622,1,2025-06-13 17:45:00+00:00,sr_fib_confluence,1.3585,0.0,0.1356,tp_sl,LOSS,BUY,1.35702,1.2500000000000975,1.36,1.2750000000000166
False,,2656,1,2025-06-16 05:00:00+00:00,sr_fib_confluence,1.35572,0.0,0.2125,signal_reverse,LOSS,SELL,1.35709,1.505,1.35433,1.505
False,,2660,2,2025-06-16 06:00:00+00:00,sr_fib_confluence,1.35716,0.0,0.2078,tp_sl,WIN,BUY,1.35567,1.6574074074074099,1.35868,1.6905555555555039
False,,2664,7,2025-06-16 07:00:00+00:00,dt_bb_rsi_mr,1.35793,0.0,0.1308,signal_reverse,LOSS,SELL,1.35959,0.308,1.35624,0.308
False,,2674,3,2025-06-16 09:30:00+00:00,session_time_bias,1.35816,0.0,0.1386,signal_reverse,LOSS,SELL,1.35984,0.465,1.35614,0.465
False,2.03,2679,9,2025-06-16 10:45:00+00:00,intraday_seasonality,1.35793,0.0,0.1414,tp_sl,LOSS,SELL,1.35961,1.691919191919286,1.35622,1.7257575757576895
False,,2690,1,2025-06-16 13:30:00+00:00,london_ny_swing,1.36032,0.0,0.1314,tp_sl,WIN,BUY,1.35779,2.4836601307188984,1.36291,1.52
False,,2693,1,2025-06-16 14:15:00+00:00,orb_trap,1.36115,0.0,0.1165,tp_sl,WIN,SELL,1.36341,1.9710144927535993,1.35883,1.206
False,,2696,4,2025-06-16 15:00:00+00:00,xs_momentum,1.35991,0.0,0.1126,tp_sl,WIN,BUY,1.35792,1.673669467787257,1.36195,1.024
True,,2716,1,2025-06-16 20:00:00+00:00,dt_bb_rsi_mr,1.35804,0.0,0.2261,signal_reverse,LOSS,BUY,1.35724,0.267,1.359,0.267
False,,2719,1,2025-06-16 20:45:00+00:00,gbp_deep_pullback,1.35869,0.0,0.2419,tp_sl,WIN,SELL,1.36288,4.870542635658858,1.35387,3.363
False,,2752,2,2025-06-17 05:00:00+00:00,dual_sr_bounce,1.35785,0.0,0.2337,tp_sl,LOSS,BUY,1.35679,1.3229166666667291,1.35893,1.3493750000001525
False,,2757,1,2025-06-17 06:15:00+00:00,wick_imbalance_reversion,1.3575,0.0,0.2253,signal_reverse,LOSS,BUY,1.35611,1.74,1.35891,1.74
False,,2760,7,2025-06-17 07:00:00+00:00,gbp_deep_pullback,1.35575,0.0,0.1573,tp_sl,WIN,SELL,1.35842,2.996254681648109,1.35255,2.157
False,,2769,1,2025-06-17 09:15:00+00:00,session_time_bias,1.35478,0.0,0.1443,tp_sl,WIN,SELL,1.35639,1.6580756013746738,1.35285,1.194
False,,2774,1,2025-06-17 10:30:00+00:00,htf_false_breakout,1.35583,0.0,0.1429,tp_sl,WIN,BUY,1.35286,3.027210884353635,1.35886,1.853
False,,2777,2,2025-06-17 11:15:00+00:00,trendline_sweep,1.35617,0.0,0.14,signal_reverse,LOSS,SELL,1.35826,0.81,1.35404,0.81
False,,2781,1,2025-06-17 12:15:00+00:00,trendline_sweep,1.35589,0.0,0.1321,tp_sl,WIN,SELL,1.3581,2.083333333333366,1.35364,1.275
False,,2785,2,2025-06-17 13:15:00+00:00,session_time_bias,1.35549,0.0,0.1186,tp_sl,WIN,SELL,1.35738,1.6740412979350663,1.35322,1.205
False,,2789,1,2025-06-17 14:15:00+00:00,trendline_sweep,1.35182,0.0,0.1117,tp_sl,WIN,SELL,1.35738,4.638888888888934,1.34614,2.839
False,,2792,3,2025-06-17 15:00:00+00:00,dt_sr_channel_reversal,1.35172,0.0,0.1008,signal_reverse,LOSS,BUY,1.34947,0.502,1.35402,0.502
False,,2797,1,2025-06-17 16:15:00+00:00,xs_momentum,1.34947,0.0,0.1018,tp_sl,WIN,SELL,1.35262,2.2499999999999902,1.34625,1.377
False,,2800,1,2025-06-17 17:00:00+00:00,xs_momentum,1.34686,0.0,0.1127,tp_sl,WIN,SELL,1.34924,1.6725352112676168,1.34444,1.024
False,,2803,1,2025-06-17 17:45:00+00:00,xs_momentum,1.34433,0.0,0.1053,tp_sl,WIN,SELL,1.34687,1.672149122807016,1.34174,1.023
False,,2852,3,2025-06-18 06:00:00+00:00,gbp_deep_pullback,1.3461,0.0,0.1928,tp_sl,WIN,BUY,1.34258,3.625429553264549,1.35032,2.61
False,,2859,9,2025-06-18 07:45:00+00:00,orb_trap,1.34598,0.0,0.1359,tp_sl,WIN,BUY,1.34447,1.4644012944982743,1.34752,0.896
False,,2870,1,2025-06-18 10:30:00+00:00,sr_fib_confluence,1.34541,0.0,0.1386,signal_reverse,LOSS,BUY,1.34377,0.663,1.34708,0.663
False,1.811,2873,2,2025-06-18 11:15:00+00:00,sr_fib_confluence,1.34415,0.0,0.1321,tp_sl,LOSS,SELL,1.34596,1.7059748427673695,1.34231,1.7400943396226667
False,,2877,1,2025-06-18 12:15:00+00:00,sr_fib_confluence,1.34592,0.0,0.1273,signal_reverse,LOSS,BUY,1.34404,1.245,1.34784,1.245
False,,2881,2,2025-06-18 13:15:00+00:00,session_time_bias,1.34461,0.0,0.1196,tp_sl,WIN,SELL,1.34647,1.6666666666666816,1.34237,1.2
False,,2885,2,2025-06-18 14:15:00+00:00,sr_fib_confluence,1.34485,0.0,0.0978,signal_reverse,LOSS,SELL,1.3473,0.933,1.34234,0.933
False,,2889,8,2025-06-18 15:15:00+00:00,gbp_deep_pullback,1.34737,0.0,0.0957,signal_reverse,LOSS,BUY,1.34206,2.62,1.35375,2.62
False,,2899,3,2025-06-18 17:45:00+00:00,sr_fib_confluence,1.34426,0.0,0.1333,tp_sl,WIN,SELL,1.34607,1.50694444444451,1.34242,1.5370833333333558
False,,2945,2,2025-06-19 05:15:00+00:00,wick_imbalance_reversion,1.34038,0.0,0.22,tp_sl,LOSS,BUY,1.33891,1.7254901960785027,1.34187,1.7599999999999316
False,,2951,1,2025-06-19 06:45:00+00:00,turtle_soup,1.34081,0.0,0.1968,tp_sl,WIN,BUY,1.33676,4.263157894736957,1.34494,2.609
False,,2954,1,2025-06-19 07:30:00+00:00,session_time_bias,1.34127,0.0,0.1489,tp_sl,WIN,SELL,1.34284,1.6666666666667194,1.33939,1.2
False,,2957,2,2025-06-19 08:15:00+00:00,sr_fib_confluence,1.34224,0.0,0.1321,signal_reverse,LOSS,BUY,1.34029,0.047,1.34423,0.047
False,,2961,2,2025-06-19 09:15:00+00:00,session_time_bias,1.34217,0.0,0.1284,signal_reverse,LOSS,SELL,1.34405,0.899,1.33991,0.899
False,,2965,2,2025-06-19 10:15:00+00:00,turtle_soup,1.34379,0.0,0.1284,signal_reverse,LOSS,BUY,1.33962,2.367,1.34804,2.367
False,,2969,1,2025-06-19 11:15:00+00:00,sr_fib_confluence,1.34374,0.0,0.1085,tp_sl,WIN,BUY,1.34149,1.744186046511694,1.34604,1.067
False,,2972,5,2025-06-19 12:00:00+00:00,session_time_bias,1.34313,0.0,0.0993,tp_sl,WIN,SELL,1.34548,1.6666666666667194,1.34031,1.2
False,1.944,2981,13,2025-06-19 14:15:00+00:00,orb_trap,1.34271,0.0,0.0985,tp_sl,LOSS,SELL,1.3451,1.7585784313724777,1.34027,1.7937499999999469
True,,2998,2,2025-06-19 18:30:00+00:00,dt_bb_rsi_mr,1.34553,0.0,0.1524,tp_sl,LOSS,SELL,1.34658,0.9999999999999957,1.34427,1.200000000000037
False,,3046,1,2025-06-20 06:30:00+00:00,post_news_vol,1.34688,0.0,0.2253,tp_sl,WIN,SELL,1.35035,4.176706827309312,1.34335,2.556
False,1.856,3051,3,2025-06-20 07:45:00+00:00,session_time_bias,1.34741,0.0,0.1556,tp_sl,LOSS,SELL,1.3489,1.6574074074074099,1.34562,1.9888888888888425
False,,3056,4,2025-06-20 09:00:00+00:00,gbp_deep_pullback,1.34949,0.0,0.1489,signal_reverse,LOSS,BUY,1.34517,0.309,1.35467,0.309
False,,3062,7,2025-06-20 10:30:00+00:00,sr_break_retest,1.34947,0.0,0.1628,tp_sl,WIN,BUY,1.34804,1.666666666666483,1.35093,1.6999999999998283
False,,3071,1,2025-06-20 12:45:00+00:00,session_time_bias,1.34999,0.0,0.1346,signal_reverse,LOSS,SELL,1.35233,0.327,1.34718,0.327
False,,3074,1,2025-06-20 13:30:00+00:00,trendline_sweep,1.34873,0.0,0.1229,tp_sl,WIN,SELL,1.35211,3.1039755351681593,1.34527,1.9
True,,3079,1,2025-06-20 14:45:00+00:00,dt_bb_rsi_mr,1.34663,0.0,0.1039,signal_reverse,WIN,BUY,1.34534,1.0000000000000104,1.34818,0.079
False,,3082,12,2025-06-20 15:30:00+00:00,xs_momentum,1.34668,0.0,0.1015,tp_sl,LOSS,SELL,1.34964,2.2474747474746684,1.34365,2.292424242424222
False,,3136,2,2025-06-23 05:15:00+00:00,intraday_seasonality,1.34203,0.0,0.1928,tp_sl,WIN,BUY,1.34027,1.8127147766322744,1.34382,1.8489690721649519
False,,3141,1,2025-06-23 06:30:00+00:00,dual_sr_bounce,1.34363,0.0,0.1851,tp_sl,WIN,BUY,1.34236,1.2499999999999447,1.34491,0.765
False,,3144,1,2025-06-23 07:15:00+00:00,dt_fib_reversal,1.34366,0.0,0.1321,signal_reverse,LOSS,SELL,1.34549,0.425,1.3418,0.425
False,,3147,2,2025-06-23 08:00:00+00:00,trendline_sweep,1.34333,0.0,0.1321,tp_sl,WIN,SELL,1.34554,2.083333333333366,1.34108,1.275
False,,3151,1,2025-06-23 09:00:00+00:00,session_time_bias,1.3394,0.0,0.1061,tp_sl,WIN,SELL,1.34159,1.660353535353647,1.33677,1.195
False,,3154,7,2025-06-23 09:45:00+00:00,session_time_bias,1.33827,0.0,0.0959,tp_sl,WIN,SELL,1.3407,1.6666666666666352,1.33535,1.2
False,,3163,2,2025-06-23 12:00:00+00:00,xs_momentum,1.33879,0.0,0.0993,tp_sl,WIN,SELL,1.34114,1.6666666666667194,1.33639,1.02
False,2.0,3167,1,2025-06-23 13:00:00+00:00,session_time_bias,1.33884,0.0,0.0993,tp_sl,LOSS,SELL,1.34109,1.6666666666665653,1.33614,1.999999999999944
False,,3170,1,2025-06-23 13:45:00+00:00,sr_fib_confluence,1.3426,0.0,0.0905,tp_sl,WIN,BUY,1.34024,1.599099099099073,1.34502,1.6310810810810246
False,,3173,4,2025-06-23 14:30:00+00:00,xs_momentum,1.34891,0.0,0.0775,tp_sl,WIN,BUY,1.34503,2.244701348747665,1.35288,1.374
False,,3179,1,2025-06-23 16:00:00+00:00,htf_false_breakout,1.34829,0.0,0.0913,signal_reverse,LOSS,SELL,1.35189,0.952,1.34462,0.952
False,,3183,1,2025-06-23 17:00:00+00:00,xs_momentum,1.34964,0.0,0.1,tp_sl,WIN,BUY,1.34606,2.2395833333334334,1.3533,1.371
False,,3186,12,2025-06-23 17:45:00+00:00,xs_momentum,1.35222,0.0,0.1026,tp_sl,LOSS,BUY,1.34961,1.6720085470085408,1.35488,1.7054487179488311
False,,3232,1,2025-06-24 05:15:00+00:00,sr_break_retest,1.35633,0.0,0.2101,tp_sl,WIN,BUY,1.35484,1.6666666666668575,1.35784,1.02
False,,3238,2,2025-06-24 06:45:00+00:00,dt_sr_channel_reversal,1.35795,0.0,0.1731,tp_sl,WIN,SELL,1.35974,1.6589506172841277,1.35613,1.6921296296297157
False,,3244,3,2025-06-24 08:15:00+00:00,wick_imbalance_reversion,1.35952,0.0,0.112,tp_sl,WIN,BUY,1.35712,1.9199999999999662,1.36197,1.175
False,,3250,10,2025-06-24 09:45:00+00:00,session_time_bias,1.36079,0.0,0.1186,signal_reverse,WIN,SELL,1.36276,1.6666666666666712,1.35843,0.28
False,,3262,1,2025-06-24 12:45:00+00:00,session_time_bias,1.35998,0.0,0.1308,tp_sl,WIN,SELL,1.36176,1.6666666666665868,1.35784,1.2
False,,3267,1,2025-06-24 14:00:00+00:00,gbp_deep_pullback,1.3617,0.0,0.1186,tp_sl,WIN,BUY,1.3579,3.3628318584071026,1.36626,2.421
False,,3271,15,2025-06-24 15:00:00+00:00,xs_momentum,1.36259,0.0,0.0993,tp_sl,WIN,BUY,1.36034,1.6666666666665653,1.36489,1.02
False,,3295,18,2025-06-24 21:00:00+00:00,sr_anti_hunt_bounce,1.36261,0.0,0.2213,tp_sl,LOSS,BUY,1.3523,10.96241134751769,1.37293,10.977659574468051
False,,3328,3,2025-06-25 05:15:00+00:00,dual_sr_bounce,1.36134,0.0,0.275,tp_sl,LOSS,SELL,1.36277,2.0955882352941315,1.35989,2.137499999999995
True,,3333,1,2025-06-25 06:30:00+00:00,dt_bb_rsi_mr,1.36253,0.0,0.271,tp_sl,WIN,SELL,1.36298,0.6437198067631579,1.362,0.7724637681157894
False,,3336,1,2025-06-25 07:15:00+00:00,wick_imbalance_reversion,1.36214,0.0,0.1818,tp_sl,WIN,BUY,1.36062,1.9805194805194788,1.3637,1.212
False,,3339,9,2025-06-25 08:00:00+00:00,wick_imbalance_reversion,1.36191,0.0,0.1489,signal_reverse,LOSS,BUY,1.36013,1.723,1.36373,1.723
True,,3350,1,2025-06-25 10:45:00+00:00,dt_bb_rsi_mr,1.36068,0.0,0.1538,signal_reverse,LOSS,BUY,1.35977,0.077,1.36177,0.077
False,,3354,2,2025-06-25 11:45:00+00:00,session_time_bias,1.36056,0.0,0.1505,tp_sl,WIN,SELL,1.36211,1.6666666666666023,1.3587,1.2
False,1.68,3358,1,2025-06-25 12:45:00+00:00,session_time_bias,1.35954,0.0,0.1443,tp_sl,LOSS,SELL,1.36116,1.6666666666665975,1.3576,2.000000000000054
False,,3361,2,2025-06-25 13:30:00+00:00,sr_fib_confluence,1.36118,0.0,0.1327,signal_reverse,LOSS,SELL,1.36297,0.83,1.35935,0.83
False,,3365,5,2025-06-25 14:30:00+00:00,xs_momentum,1.36228,0.0,0.1207,tp_sl,WIN,BUY,1.35978,2.2597597597597607,1.36484,1.383
False,,3372,5,2025-06-25 16:15:00+00:00,xs_momentum,1.36426,0.0,0.1383,tp_sl,WIN,BUY,1.36254,1.674757281553375,1.36602,1.025
True,,3432,1,2025-06-26 07:15:00+00:00,dt_bb_rsi_mr,1.37266,0.0,0.1273,tp_sl,LOSS,SELL,1.37376,0.9999999999998898,1.37134,1.1999999999999889
False,,3436,3,2025-06-26 08:15:00+00:00,session_time_bias,1.37514,0.0,0.1217,tp_sl,WIN,SELL,1.37706,1.6739130434782215,1.37283,1.205
False,,3442,3,2025-06-26 09:45:00+00:00,session_time_bias,1.37422,0.0,0.1157,tp_sl,WIN,SELL,1.37694,2.2451790633609097,1.37096,1.617
False,,3447,4,2025-06-26 11:00:00+00:00,session_time_bias,1.37154,0.0,0.112,tp_sl,WIN,SELL,1.37435,2.2466666666666413,1.36817,1.618
False,,3454,7,2025-06-26 12:45:00+00:00,session_time_bias,1.37173,0.0,0.0993,tp_sl,LOSS,SELL,1.37491,2.2576832151301685,1.36791,2.7092198581561395
False,,3466,3,2025-06-26 15:45:00+00:00,london_fix_reversal,1.37531,0.0,0.0931,tp_sl,WIN,BUY,1.37351,1.2500000000000164,1.37747,0.9
False,1.697,3471,7,2025-06-26 17:00:00+00:00,xs_momentum,1.3759,0.0,0.1127,tp_sl,LOSS,BUY,1.37353,1.6666666666667957,1.37831,1.7000000000000972
True,,3481,1,2025-06-26 19:30:00+00:00,dt_bb_rsi_mr,1.37344,0.0,0.1429,signal_reverse,LOSS,BUY,1.37232,0.804,1.37478,0.804
False,,3521,4,2025-06-27 05:30:00+00:00,gbp_deep_pullback,1.37241,0.0,0.2429,signal_reverse,LOSS,SELL,1.3757,3.265,1.36846,3.265
False,,3528,1,2025-06-27 07:15:00+00:00,sr_fib_confluence,1.37371,0.0,0.1591,tp_sl,WIN,BUY,1.37261,1.2500000000001146,1.37483,0.765
False,,3533,4,2025-06-27 08:30:00+00:00,session_time_bias,1.37406,0.0,0.1489,tp_sl,WIN,SELL,1.37616,2.23404255319148,1.37154,1.609
False,1.906,3540,8,2025-06-27 10:15:00+00:00,session_time_bias,1.37266,0.0,0.1458,tp_sl,LOSS,SELL,1.37426,1.6666666666667143,1.37074,1.9999999999999185
False,,3550,1,2025-06-27 12:45:00+00:00,session_time_bias,1.37387,0.0,0.1157,tp_sl,WIN,SELL,1.37659,2.2451790633607263,1.37061,1.617
False,,3553,4,2025-06-27 13:30:00+00:00,intraday_seasonality,1.3722,0.0,0.1039,tp_sl,WIN,SELL,1.3751,2.2545219638242564,1.36923,1.38
False,,3559,9,2025-06-27 15:00:00+00:00,xs_momentum,1.37113,0.0,0.1039,tp_sl,WIN,SELL,1.37403,2.2545219638242564,1.36816,1.38
False,1.778,3570,9,2025-06-27 17:45:00+00:00,xs_momentum,1.36908,0.0,0.127,tp_sl,LOSS,SELL,1.37118,1.666666666666483,1.36694,1.6999999999998938
False,,3614,4,2025-06-30 05:00:00+00:00,intraday_seasonality,1.37361,0.0,0.2367,tp_sl,LOSS,BUY,1.37228,1.6772151898734438,1.37496,1.7107594936708228
False,,3620,1,2025-06-30 06:30:00+00:00,intraday_seasonality,1.37343,0.0,0.2253,tp_sl,LOSS,BUY,1.37155,2.2590361445783986,1.37534,2.3042168674698598
False,,3623,9,2025-06-30 07:15:00+00:00,trendline_sweep,1.37063,0.0,0.1386,tp_sl,WIN,SELL,1.37566,4.975247524752532,1.3655,3.045
False,2.065,3634,4,2025-06-30 10:00:00+00:00,intraday_seasonality,1.36905,0.0,0.1522,tp_sl,LOSS,SELL,1.37063,1.7210144927535542,1.36743,1.755434782608611
False,,3640,3,2025-06-30 11:30:00+00:00,sr_fib_confluence,1.37001,0.0,0.1458,tp_sl,WIN,SELL,1.37165,1.7100694444445452,1.36834,1.047
False,,3645,1,2025-06-30 12:45:00+00:00,dt_bb_rsi_mr,1.36939,0.0,0.1443,signal_reverse,LOSS,BUY,1.36763,0.969,1.37118,0.969
False,2.0,3649,2,2025-06-30 13:45:00+00:00,session_time_bias,1.36846,0.0,0.1314,tp_sl,LOSS,SELL,1.37016,1.6666666666667007,1.36642,2.000000000000041
False,,3654,2,2025-06-30 15:00:00+00:00,turtle_soup,1.37105,0.0,0.1081,tp_sl,WIN,BUY,1.36505,4.838709677419359,1.37717,2.961
False,,3658,2,2025-06-30 16:00:00+00:00,london_fix_reversal,1.37116,0.0,0.108,tp_sl,WIN,SELL,1.37314,1.5025252525253394,1.36878,1.082
True,,3668,2,2025-06-30 18:30:00+00:00,dt_bb_rsi_mr,1.3716,0.0,0.1416,tp_sl,LOSS,SELL,1.3721,0.4424778761063425,1.371,0.5309734513275717
False,,3718,2,2025-07-01 07:00:00+00:00,wick_imbalance_reversion,1.37542,0.0,0.1489,tp_sl,WIN,BUY,1.3733,2.2517730496454966,1.37758,1.378
False,,3722,1,2025-07-01 08:00:00+00:00,session_time_bias,1.37567,0.0,0.14,tp_sl,LOSS,SELL,1.37734,1.6666666666667052,1.37367,2.0000000000000018
False,,3726,1,2025-07-01 09:00:00+00:00,session_time_bias,1.3759,0.0,0.1217,tp_sl,LOSS,SELL,1.37781,1.659420289854938,1.37361,1.9913043478260029
False,,3733,2,2025-07-01 10:45:00+00:00,htf_false_breakout,1.37729,0.0,0.1207,tp_sl,WIN,SELL,1.38006,2.3922413793103208,1.37446,1.464
False,,3739,4,2025-07-01 12:15:00+00:00,sr_fib_confluence,1.37467,0.0,0.1157,tp_sl,WIN,SELL,1.37715,2.04545454545455,1.37215,1.252
False,,3745,2,2025-07-01 13:45:00+00:00,xs_momentum,1.37312,0.0,0.1117,tp_sl,WIN,SELL,1.37511,1.6597222222223633,1.37108,1.6929166666668218
False,,3750,15,2025-07-01 15:00:00+00:00,xs_momentum,1.37077,0.0,0.0985,signal_reverse,LOSS,SELL,1.37382,2.587,1.36765,2.587
False,2.141,3808,3,2025-07-02 05:30:00+00:00,wick_imbalance_reversion,1.37425,0.0,0.2922,tp_sl,LOSS,BUY,1.37311,1.7838541666669037,1.37541,1.8195312500000198
False,,3814,2,2025-07-02 07:00:00+00:00,sr_break_retest,1.37225,0.0,0.1728,tp_sl,WIN,SELL,1.37359,1.6563786008229315,1.37088,1.6895061728393628
False,,3819,2,2025-07-02 08:15:00+00:00,session_time_bias,1.37054,0.0,0.1573,tp_sl,WIN,SELL,1.37255,2.256554307115919,1.36813,1.625
False,,3827,5,2025-07-02 10:15:00+00:00,sr_break_retest,1.36986,0.0,0.1443,tp_sl,WIN,SELL,1.37149,1.67525773195875,1.3682,1.7087628865978013
False,,3834,1,2025-07-02 12:00:00+00:00,xs_momentum,1.36375,0.0,0.0972,tp_sl,WIN,SELL,1.36616,1.672453703703558,1.36129,1.7059027777776816
False,,3837,1,2025-07-02 12:45:00+00:00,xs_momentum,1.36059,0.0,0.0718,tp_sl,WIN,SELL,1.36384,1.666666666666654,1.35728,1.02
False,,3841,2,2025-07-02 13:45:00+00:00,xs_momentum,1.35849,0.0,0.0629,tp_sl,WIN,SELL,1.36203,1.6627543035994254,1.35487,1.018
False,,3845,2,2025-07-02 14:45:00+00:00,htf_false_breakout,1.35949,0.0,0.0644,signal_reverse,WIN,BUY,1.35525,2.0392628205128362,1.36382,0.703
False,,3850,7,2025-07-02 16:00:00+00:00,xs_momentum,1.36151,0.0,0.0754,signal_reverse,LOSS,SELL,1.36466,1.235,1.35829,1.235
True,0.265,3873,1,2025-07-02 21:45:00+00:00,dt_bb_rsi_mr,1.36434,0.0,0.1529,tp_sl,LOSS,SELL,1.36464,0.22058823529409333,1.364,0.25147058823517826
False,1.489,3902,1,2025-07-03 05:00:00+00:00,sr_fib_confluence,1.36231,0.0,0.2493,tp_sl,LOSS,SELL,1.3634,1.4444444444444333,1.36121,1.4733333333335115
False,,3905,1,2025-07-03 05:45:00+00:00,sr_fib_confluence,1.36374,0.0,0.2493,signal_reverse,LOSS,SELL,1.36487,1.125,1.3626,1.125
False,,3908,1,2025-07-03 06:30:00+00:00,sr_fib_confluence,1.36449,0.0,0.2309,tp_sl,WIN,BUY,1.36314,1.6666666666668943,1.36586,1.7000000000002269
False,,3911,20,2025-07-03 07:15:00+00:00,gbp_deep_pullback,1.36723,0.0,0.1505,signal_reverse,LOSS,BUY,1.36,7.968,1.37591,7.968
False,,3933,1,2025-07-03 12:45:00+00:00,dt_bb_rsi_mr,1.36161,0.0,0.0933,tp_sl,WIN,BUY,1.35891,1.8000000000000977,1.36436,1.8360000000000967
False,,3936,1,2025-07-03 13:30:00+00:00,trendline_sweep,1.36575,0.0,0.0843,signal_reverse,LOSS,BUY,1.35439,1.294,1.37735,1.294
False,,3941,5,2025-07-03 14:45:00+00:00,orb_trap,1.36462,0.0,0.0822,tp_sl,WIN,BUY,1.36174,1.7689161554192325,1.36757,1.083
False,,3998,9,2025-07-04 05:00:00+00:00,gbp_deep_pullback,1.36821,0.0,0.2597,signal_reverse,LOSS,BUY,1.36418,3.589,1.37304,3.589
False,,4009,15,2025-07-04 07:45:00+00:00,session_time_bias,1.36565,0.0,0.1647,tp_sl,WIN,SELL,1.36757,2.254901960784196,1.36335,1.624
False,,4026,5,2025-07-04 12:00:00+00:00,session_time_bias,1.3643,0.0,0.175,tp_sl,WIN,SELL,1.36612,2.270833333333222,1.36212,1.635
False,,4033,8,2025-07-04 13:45:00+00:00,session_time_bias,1.36481,0.0,0.1576,tp_sl,WIN,SELL,1.36671,2.2450980392155047,1.36252,1.616
False,,4043,3,2025-07-04 16:15:00+00:00,london_fix_reversal,1.36514,0.0,0.1759,tp_sl,LOSS,BUY,1.36413,1.2500000000001024,1.36636,1.4999999999999583
False,,4048,9,2025-07-04 17:30:00+00:00,wick_imbalance_reversion,1.36491,0.0,0.1356,tp_sl,WIN,BUY,1.36225,2.252824858757143,1.36762,1.379
False,,4093,2,2025-07-07 05:00:00+00:00,intraday_seasonality,1.36149,0.0,0.2493,signal_reverse,WIN,BUY,1.36025,1.6555555555557433,1.36275,0.728
False,1.95,4097,1,2025-07-07 06:00:00+00:00,intraday_seasonality,1.36208,0.0,0.2337,tp_sl,LOSS,BUY,1.36078,1.6250000000000986,1.3634,1.657499999999923
False,,4101,1,2025-07-07 07:00:00+00:00,dt_fib_reversal,1.36202,0.0,0.1538,tp_sl,LOSS,BUY,1.36035,1.840659340659199,1.36373,1.8774725274724073
False,,4105,1,2025-07-07 08:00:00+00:00,session_time_bias,1.35931,0.0,0.1414,tp_sl,WIN,SELL,1.36096,1.6666666666668195,1.35733,1.2
False,,4113,2,2025-07-07 10:00:00+00:00,session_time_bias,1.3603,0.0,0.1217,tp_sl,WIN,SELL,1.36222,1.6666666666665797,1.358,1.2
False,,4118,7,2025-07-07 11:15:00+00:00,sr_fib_confluence,1.3609,0.0,0.1296,tp_sl,LOSS,SELL,1.36275,1.712962962962877,1.35901,1.7472222222221963
False,,4127,1,2025-07-07 13:30:00+00:00,sr_fib_confluence,1.36279,0.0,0.134,tp_sl,WIN,BUY,1.36129,1.5000000000000568,1.36432,0.918
False,,4130,1,2025-07-07 14:15:00+00:00,xs_momentum,1.36375,0.0,0.1367,tp_sl,WIN,BUY,1.36154,2.261904761904626,1.36601,1.384
False,,4133,4,2025-07-07 15:00:00+00:00,xs_momentum,1.36391,0.0,0.1301,tp_sl,LOSS,BUY,1.3621,1.7637540453075724,1.36577,1.7990291262136935
False,,4139,1,2025-07-07 16:30:00+00:00,sr_fib_confluence,1.36132,0.0,0.1208,tp_sl,LOSS,BUY,1.35912,1.8644067796609998,1.36357,1.9016949152541633
False,,4142,14,2025-07-07 17:15:00+00:00,xs_momentum,1.3596,0.0,0.125,tp_sl,LOSS,SELL,1.3618,1.718749999999984,1.35736,1.7531249999999317
False,,4189,7,2025-07-08 05:00:00+00:00,ema200_trend_reversal,1.36263,0.0,0.228,signal_reverse,LOSS,SELL,1.36389,1.773,1.36135,1.773
False,,4199,3,2025-07-08 07:30:00+00:00,gbp_deep_pullback,1.36461,0.0,0.1591,signal_reverse,LOSS,BUY,1.36109,4.034,1.36884,4.034
False,,4204,3,2025-07-08 08:45:00+00:00,sr_fib_confluence,1.36112,0.0,0.1443,tp_sl,WIN,SELL,1.36289,1.8213058419241979,1.35932,1.8577319587627414
False,,4209,1,2025-07-08 10:00:00+00:00,session_time_bias,1.35868,0.0,0.1458,tp_sl,WIN,SELL,1.36028,1.6666666666667143,1.35676,1.2
False,,4219,1,2025-07-08 12:30:00+00:00,xs_momentum,1.35725,0.0,0.1505,tp_sl,WIN,SELL,1.35881,1.6756272401433636,1.35566,1.025
False,,4222,2,2025-07-08 13:15:00+00:00,xs_momentum,1.35469,0.0,0.1229,tp_sl,WIN,SELL,1.35651,1.6743119266056765,1.35282,1.707798165137782
False,,4228,1,2025-07-08 14:45:00+00:00,xs_momentum,1.35436,0.0,0.0978,tp_sl,LOSS,SELL,1.35664,1.6666666666667262,1.35203,1.7000000000001807
False,1.399,4233,6,2025-07-08 16:00:00+00:00,sr_fib_confluence,1.35728,0.0,0.1048,tp_sl,LOSS,SELL,1.35906,1.3112745098038587,1.35546,1.337500000000011
False,,4294,1,2025-07-09 07:15:00+00:00,ema200_trend_reversal,1.3597,0.0,0.1505,tp_sl,WIN,SELL,1.36118,1.594982078853229,1.35819,1.6268817204302124
False,,4298,1,2025-07-09 08:15:00+00:00,dual_sr_bounce,1.35961,0.0,0.1346,tp_sl,WIN,BUY,1.35745,2.075320512820658,1.36181,1.27
False,,4302,6,2025-07-09 09:15:00+00:00,session_time_bias,1.35958,0.0,0.1333,tp_sl,WIN,SELL,1.36195,2.2539682539682175,1.35674,1.623
False,,4312,1,2025-07-09 11:45:00+00:00,session_time_bias,1.35759,0.0,0.1373,tp_sl,LOSS,SELL,1.35929,1.6666666666667007,1.35555,2.000000000000041
False,,4318,1,2025-07-09 13:15:00+00:00,session_time_bias,1.36023,0.0,0.1107,tp_sl,WIN,SELL,1.36296,2.258953168044012,1.35695,1.626
False,,4322,3,2025-07-09 14:15:00+00:00,orb_trap,1.36006,0.0,0.0993,tp_sl,WIN,SELL,1.36208,1.499999999999958,1.35799,0.918
False,,4387,3,2025-07-10 06:30:00+00:00,trendline_sweep,1.36075,0.0,0.275,tp_sl,WIN,SELL,1.36218,2.0955882352941315,1.3593,1.282
False,,4393,10,2025-07-10 08:00:00+00:00,trendline_sweep,1.36042,0.0,0.1707,tp_sl,WIN,SELL,1.36312,3.2926829268294475,1.35767,2.015
False,,4405,2,2025-07-10 11:00:00+00:00,session_time_bias,1.35865,0.0,0.1687,tp_sl,WIN,SELL,1.36004,1.676706827309253,1.35698,1.207
False,,4409,1,2025-07-10 12:00:00+00:00,xs_momentum,1.35748,0.0,0.1538,tp_sl,WIN,SELL,1.35901,1.6758241758241743,1.35592,1.7093406593407066
False,,4412,2,2025-07-10 12:45:00+00:00,xs_momentum,1.35588,0.0,0.1474,tp_sl,WIN,SELL,1.35801,2.245614035087706,1.3537,1.374
False,,4416,1,2025-07-10 13:45:00+00:00,xs_momentum,1.35514,0.0,0.1252,tp_sl,WIN,SELL,1.35691,1.658878504672974,1.35333,1.6920560747665039
False,,4419,2,2025-07-10 14:30:00+00:00,doji_breakout,1.35458,0.0,0.1107,tp_sl,LOSS,SELL,1.35659,1.6666666666667584,1.35252,1.69999999999998
False,1.583,4427,11,2025-07-10 16:30:00+00:00,london_fix_reversal,1.35618,0.0,0.1272,tp_sl,LOSS,SELL,1.35786,1.5029761904761243,1.35416,1.8035714285713491
True,,4443,1,2025-07-10 20:30:00+00:00,dt_sr_channel_reversal,1.35796,0.0,0.2633,tp_sl,WIN,SELL,1.35875,0.9999999999998055,1.35701,1.1999999999999353
False,,4483,5,2025-07-11 06:30:00+00:00,gbp_deep_pullback,1.35379,0.0,0.2011,tp_sl,WIN,SELL,1.3572,3.664874551971221,1.3497,2.639
False,1.887,4491,3,2025-07-11 08:30:00+00:00,session_time_bias,1.3531,0.0,0.1321,tp_sl,LOSS,SELL,1.35487,1.6666666666666927,1.35098,2.000000000000115
False,,4496,4,2025-07-11 09:45:00+00:00,trendline_sweep,1.35416,0.0,0.1308,tp_sl,WIN,SELL,1.35638,2.079439252336375,1.35189,1.273
False,,4502,1,2025-07-11 11:15:00+00:00,session_time_bias,1.35177,0.0,0.1217,tp_sl,WIN,SELL,1.35369,1.6739130434780283,1.34946,1.205
False,,4506,7,2025-07-11 12:15:00+00:00,xs_momentum,1.3498,0.0,0.1207,tp_sl,WIN,SELL,1.35239,2.2341954022989396,1.34716,1.367
False,,4518,17,2025-07-11 15:15:00+00:00,xs_momentum,1.34976,0.0,0.1047,tp_sl,LOSS,SELL,1.35264,2.2526041666666785,1.34681,2.297656250000064
False,,4574,2,2025-07-14 05:30:00+00:00,sr_anti_hunt_bounce,1.34667,0.0,0.2493,tp_sl,WIN,SELL,1.3563,12.833333333333327,1.33686,7.854
False,,4581,5,2025-07-14 07:15:00+00:00,sr_fib_confluence,1.34807,0.0,0.1573,tp_sl,WIN,SELL,1.3496,1.7228464419476255,1.34651,1.054
False,,4588,2,2025-07-14 09:00:00+00:00,dual_sr_bounce,1.34797,0.0,0.1556,tp_sl,WIN,BUY,1.34538,2.8796296296297443,1.35061,1.762
False,,4594,3,2025-07-14 10:30:00+00:00,trendline_sweep,1.34859,0.0,0.1489,tp_sl,WIN,SELL,1.34996,1.453900709219698,1.3472,0.89
False,,4599,2,2025-07-14 11:45:00+00:00,session_time_bias,1.34799,0.0,0.1538,tp_sl,WIN,SELL,1.35005,2.2619047619046957,1.34552,1.629
False,,4604,5,2025-07-14 13:00:00+00:00,session_time_bias,1.34761,0.0,0.1381,tp_sl,WIN,SELL,1.3498,2.2594501718214577,1.34498,1.627
False,,4611,3,2025-07-14 14:45:00+00:00,trendline_sweep,1.34462,0.0,0.1155,tp_sl,WIN,SELL,1.34975,4.425287356321926,1.33938,2.708
False,,4618,17,2025-07-14 16:30:00+00:00,xs_momentum,1.3436,0.0,0.1168,tp_sl,WIN,SELL,1.34562,1.6598360655737243,1.34153,1.016
True,,4671,2,2025-07-15 05:45:00+00:00,dt_bb_rsi_mr,1.34368,0.0,0.3117,tp_sl,LOSS,SELL,1.34425,0.9486111111112195,1.343,1.1383333333333154
False,,4680,1,2025-07-15 08:00:00+00:00,session_time_bias,1.34476,0.0,0.1687,tp_sl,WIN,SELL,1.34614,1.6666666666666168,1.3431,1.2
False,,4683,3,2025-07-15 08:45:00+00:00,dt_fib_reversal,1.34444,0.0,0.1687,tp_sl,LOSS,SELL,1.34566,1.4759036144576019,1.34319,1.5054216867468717
False,,4688,7,2025-07-15 10:00:00+00:00,session_time_bias,1.34523,0.0,0.1667,tp_sl,WIN,SELL,1.34663,1.666666666666483,1.34355,1.2
False,,4697,1,2025-07-15 12:15:00+00:00,session_time_bias,1.34434,0.0,0.1628,tp_sl,WIN,SELL,1.34627,2.2480620155038866,1.34202,1.619
False,,4700,1,2025-07-15 13:00:00+00:00,session_time_bias,1.34352,0.0,0.1089,tp_sl,WIN,SELL,1.34629,2.256097560975587,1.34019,1.624
False,,4703,6,2025-07-15 13:45:00+00:00,session_time_bias,1.3403,0.0,0.0971,tp_sl,WIN,SELL,1.3426,1.666666666666644,1.33754,1.2
False,,4712,15,2025-07-15 16:00:00+00:00,xs_momentum,1.33849,0.0,0.1033,tp_sl,LOSS,SELL,1.34079,1.666666666666805,1.33614,1.7000000000001314
True,,4771,1,2025-07-16 06:45:00+00:00,dt_bb_rsi_mr,1.34065,0.0,0.2337,tp_sl,WIN,SELL,1.34145,1.0000000000001674,1.33969,1.2000000000000899
False,,4774,6,2025-07-16 07:30:00+00:00,session_time_bias,1.33903,0.0,0.1609,tp_sl,WIN,SELL,1.341,2.260536398467439,1.33667,1.628
False,,4784,8,2025-07-16 10:00:00+00:00,intraday_seasonality,1.33963,0.0,0.1609,tp_sl,WIN,SELL,1.34158,2.2413793103449637,1.33764,1.372
False,1.766,4794,1,2025-07-16 12:30:00+00:00,dual_sr_bounce,1.341,0.0,0.1261,tp_sl,LOSS,BUY,1.33937,1.4714714714717094,1.34267,1.5009009009010514
False,,4797,1,2025-07-16 13:15:00+00:00,session_time_bias,1.33839,0.0,0.1107,tp_sl,WIN,SELL,1.34112,2.258953168044012,1.33511,1.626
False,,4800,2,2025-07-16 14:00:00+00:00,session_time_bias,1.33734,0.0,0.1072,tp_sl,LOSS,SELL,1.33942,1.6666666666667496,1.33484,2.000000000000135
False,,4807,20,2025-07-16 15:45:00+00:00,london_fix_reversal,1.3423,0.0,0.0601,tp_sl,WIN,SELL,1.34601,1.6666666666667318,1.33784,1.2
False,3.733,4865,9,2025-07-17 06:15:00+00:00,trendline_sweep,1.33763,0.0,0.2055,tp_sl,LOSS,SELL,1.341,3.69963369963378,1.3342,3.7736263736263047
False,,4876,1,2025-07-17 09:00:00+00:00,session_time_bias,1.34034,0.0,0.1296,tp_sl,WIN,SELL,1.34214,1.6666666666666887,1.33818,1.2
False,,4879,8,2025-07-17 09:45:00+00:00,session_time_bias,1.33959,0.0,0.1296,tp_sl,WIN,SELL,1.34202,2.253086419753044,1.33667,1.622
False,,4889,8,2025-07-17 12:15:00+00:00,session_time_bias,1.33896,0.0,0.1359,tp_sl,LOSS,SELL,1.34127,2.241100323624618,1.33619,2.689320388349671
True,0.631,4899,2,2025-07-17 14:45:00+00:00,dt_bb_rsi_mr,1.34073,0.0,0.1165,tp_sl,LOSS,SELL,1.34133,0.526086956521517,1.34,0.6313043478258977
False,,4903,2,2025-07-17 15:45:00+00:00,london_fix_reversal,1.34114,0.0,0.1264,tp_sl,WIN,SELL,1.34246,1.2500000000000195,1.33955,0.9
False,1.936,4908,21,2025-07-17 17:00:00+00:00,ema200_trend_reversal,1.34059,0.0,0.1468,tp_sl,LOSS,SELL,1.3424,1.6590214067279005,1.33875,1.6922018348624097
False,,4959,2,2025-07-18 05:45:00+00:00,gbp_deep_pullback,1.34138,0.0,0.3117,signal_reverse,LOSS,SELL,1.34426,1.84,1.33793,1.84
False,,4966,3,2025-07-18 07:30:00+00:00,session_time_bias,1.34286,0.0,0.1972,tp_sl,LOSS,SELL,1.34405,1.6784037558682816,1.34143,2.0140845070420004
False,,4971,3,2025-07-18 08:45:00+00:00,session_time_bias,1.34355,0.0,0.1867,signal_reverse,LOSS,SELL,1.34523,0.773,1.34153,0.773
False,,4976,3,2025-07-18 10:00:00+00:00,session_time_bias,1.34388,0.0,0.1944,tp_sl,LOSS,SELL,1.3455,2.245370370370277,1.34194,2.6944444444445175
False,,4981,2,2025-07-18 11:15:00+00:00,session_time_bias,1.34525,0.0,0.1944,signal_reverse,LOSS,SELL,1.34644,2.486,1.34382,2.486
False,,4985,2,2025-07-18 12:15:00+00:00,dt_sr_channel_reversal,1.34589,0.0,0.175,tp_sl,WIN,SELL,1.34738,1.8645833333333361,1.34437,1.141
False,,4989,1,2025-07-18 13:15:00+00:00,xs_momentum,1.34725,0.0,0.1457,tp_sl,LOSS,BUY,1.34572,1.666666666666483,1.34882,1.69999999999989
False,,4993,2,2025-07-18 14:15:00+00:00,sr_fib_confluence,1.34506,0.0,0.1252,signal_reverse,LOSS,BUY,1.34261,0.914,1.34757,0.914
False,,4997,2,2025-07-18 15:15:00+00:00,sr_fib_confluence,1.34433,0.0,0.1264,tp_sl,WIN,SELL,1.34607,1.6430817610061608,1.34255,1.006
False,,5001,5,2025-07-18 16:15:00+00:00,xs_momentum,1.34199,0.0,0.1307,tp_sl,WIN,SELL,1.34381,1.6743119266056765,1.34013,1.025
False,1.869,5053,2,2025-07-21 05:30:00+00:00,ema200_trend_reversal,1.34176,0.0,0.3066,tp_sl,LOSS,SELL,1.34271,1.5573770491807024,1.34079,1.5885245901642946
False,,5061,1,2025-07-21 07:30:00+00:00,sr_fib_confluence,1.34411,0.0,0.2059,tp_sl,WIN,BUY,1.34304,1.5686274509805458,1.3452,0.96
False,,5064,1,2025-07-21 08:15:00+00:00,sr_fib_confluence,1.34474,0.0,0.1918,tp_sl,WIN,BUY,1.34345,1.7694063926940973,1.34606,1.083
False,,5067,1,2025-07-21 09:00:00+00:00,sr_fib_confluence,1.34477,0.0,0.1687,tp_sl,WIN,BUY,1.3432,1.887550200803005,1.34637,1.155
False,,5074,3,2025-07-21 10:45:00+00:00,wick_imbalance_reversion,1.34595,0.0,0.1647,tp_sl,WIN,BUY,1.34404,2.2450980392155047,1.3479,2.289999999999825
False,,5079,9,2025-07-21 12:00:00+00:00,xs_momentum,1.34816,0.0,0.1538,tp_sl,WIN,BUY,1.34664,1.666666666666605,1.34971,1.02
False,,5090,1,2025-07-21 14:45:00+00:00,xs_momentum,1.34942,0.0,0.1354,tp_sl,WIN,BUY,1.34777,1.675084175084383,1.35112,1.025
False,,5093,1,2025-07-21 15:30:00+00:00,dt_sr_channel_reversal,1.34986,0.0,0.1327,signal_reverse,WIN,SELL,1.35163,1.7574257425741187,1.34805,0.2
False,,5096,4,2025-07-21 16:15:00+00:00,xs_momentum,1.34994,0.0,0.1454,tp_sl,LOSS,BUY,1.3483,1.6751700680273096,1.35162,1.7086734693877788
False,,5102,3,2025-07-21 17:45:00+00:00,sr_break_retest,1.34843,0.0,0.1739,signal_reverse,LOSS,SELL,1.34973,0.815,1.3471,0.815
False,,5113,19,2025-07-21 20:30:00+00:00,gbp_deep_pullback,1.34922,0.0,0.2737,signal_reverse,LOSS,BUY,1.34717,2.166,1.3515,2.166
False,,5147,3,2025-07-22 05:00:00+00:00,sr_fib_confluence,1.34712,0.0,0.3016,tp_sl,WIN,SELL,1.34812,1.612903225806632,1.3461,0.987
False,,5152,5,2025-07-22 06:15:00+00:00,sr_break_retest,1.34666,0.0,0.3016,tp_sl,WIN,SELL,1.3477,1.666666666666483,1.34561,1.02
False,,5161,1,2025-07-22 08:30:00+00:00,sr_fib_confluence,1.34828,0.0,0.1647,signal_reverse,LOSS,SELL,1.3498,1.447,1.34673,1.447
False,,5164,3,2025-07-22 09:15:00+00:00,sr_fib_confluence,1.34914,0.0,0.1687,tp_sl,WIN,BUY,1.34777,1.6465863453813447,1.35053,1.008
False,,5169,2,2025-07-22 10:30:00+00:00,sr_fib_confluence,1.34872,0.0,0.1707,tp_sl,LOSS,BUY,1.34756,1.4126016260163077,1.3499,1.4408536585365201
False,,5173,2,2025-07-22 11:30:00+00:00,sr_fib_confluence,1.348,0.0,0.1772,tp_sl,WIN,BUY,1.3467,1.6455696202532644,1.34933,1.007
False,,5178,1,2025-07-22 12:45:00+00:00,turtle_soup,1.3482,0.0,0.1647,tp_sl,WIN,BUY,1.3467,1.7647058823530082,1.34973,1.08
False,2.011,5183,2,2025-07-22 14:00:00+00:00,session_time_bias,1.34801,0.0,0.1411,tp_sl,LOSS,SELL,1.3496,1.6754385964912188,1.3461,2.0105263157895563
False,,5190,3,2025-07-22 15:45:00+00:00,xs_momentum,1.35206,0.0,0.1229,signal_reverse,WIN,BUY,1.35024,1.6743119266056765,1.35393,0.708
False,,5196,1,2025-07-22 17:15:00+00:00,htf_false_breakout,1.3522,0.0,0.1584,signal_reverse,LOSS,SELL,1.35396,0.218,1.35041,0.218
False,,5246,1,2025-07-23 05:45:00+00:00,doji_breakout,1.35203,0.0,0.2597,tp_sl,WIN,SELL,1.3537,2.314814814814868,1.35033,1.417
False,,5253,12,2025-07-23 07:30:00+00:00,session_time_bias,1.35391,0.0,0.1728,tp_sl,LOSS,SELL,1.35526,1.6666666666666203,1.35229,1.9999999999999443
False,,5268,8,2025-07-23 11:15:00+00:00,session_time_bias,1.35334,0.0,0.1667,tp_sl,WIN,SELL,1.35522,2.2321428571429416,1.35109,1.607
False,,5280,1,2025-07-23 14:15:00+00:00,intraday_seasonality,1.35445,0.0,0.1241,tp_sl,WIN,BUY,1.35202,2.253086419753044,1.35694,1.379
True,,5284,1,2025-07-23 15:15:00+00:00,dt_bb_rsi_mr,1.35649,0.0,0.1098,tp_sl,WIN,SELL,1.35771,0.9999999999999991,1.35502,0.72
False,,5287,5,2025-07-23 16:00:00+00:00,london_fix_reversal,1.35566,0.0,0.108,signal_reverse,LOSS,SELL,1.35806,1.004,1.35278,1.004
False,,5294,4,2025-07-23 17:45:00+00:00,dt_bb_rsi_mr,1.3566,0.0,0.126,signal_reverse,LOSS,SELL,1.35888,1.22,1.35427,1.22
False,,5341,6,2025-07-24 05:30:00+00:00,sr_anti_hunt_bounce,1.35824,0.0,0.2833,signal_reverse,LOSS,BUY,1.3488,2.961,1.36786,2.961
False,,5349,3,2025-07-24 07:30:00+00:00,sr_fib_confluence,1.356,0.0,0.1918,tp_sl,WIN,SELL,1.35714,1.5639269406391734,1.35484,1.5952054794517683
False,,5354,10,2025-07-24 08:45:00+00:00,session_time_bias,1.35424,0.0,0.1687,tp_sl,WIN,SELL,1.35611,2.2590361445783986,1.35199,1.627
False,,5366,2,2025-07-24 11:45:00+00:00,sr_fib_confluence,1.35503,0.0,0.1772,tp_sl,WIN,SELL,1.35636,1.687763713079983,1.35367,1.7215189873415264
False,,5370,3,2025-07-24 12:45:00+00:00,xs_momentum,1.35341,0.0,0.1628,tp_sl,LOSS,SELL,1.35534,2.2480620155038866,1.35144,2.293023255814052
False,,5375,1,2025-07-24 14:00:00+00:00,sr_fib_confluence,1.35603,0.0,0.1327,tp_sl,WIN,SELL,1.35793,1.889438943894456,1.35408,1.9272277227723495
False,,5378,1,2025-07-24 14:45:00+00:00,dual_sr_bounce,1.35406,0.0,0.1117,tp_sl,WIN,SELL,1.35583,1.4791666666665502,1.35225,1.5087499999999479
False,,5381,7,2025-07-24 15:30:00+00:00,gbp_deep_pullback,1.35225,0.0,0.1008,tp_sl,WIN,SELL,1.35844,4.655388471177891,1.34482,3.352
False,,5390,12,2025-07-24 17:45:00+00:00,xs_momentum,1.35166,0.0,0.1368,tp_sl,WIN,SELL,1.35362,1.6737891737891317,1.34966,1.024
False,,5439,4,2025-07-25 06:00:00+00:00,trendline_sweep,1.34861,0.0,0.2337,tp_sl,WIN,SELL,1.35146,3.5625000000003015,1.34571,2.18
False,,5445,1,2025-07-25 07:30:00+00:00,session_time_bias,1.34752,0.0,0.1474,tp_sl,WIN,SELL,1.34911,1.6754385964912188,1.34561,1.206
False,,5450,2,2025-07-25 08:45:00+00:00,session_time_bias,1.34614,0.0,0.1333,tp_sl,WIN,SELL,1.34801,1.7857142857143535,1.34389,1.286
False,,5456,3,2025-07-25 10:15:00+00:00,session_time_bias,1.3458,0.0,0.1429,tp_sl,WIN,SELL,1.34802,2.261904761904626,1.34314,1.629
False,,5464,1,2025-07-25 12:15:00+00:00,xs_momentum,1.34435,0.0,0.14,tp_sl,WIN,SELL,1.3466,2.249999999999863,1.34205,1.377
False,1.684,5467,2,2025-07-25 13:00:00+00:00,xs_momentum,1.34177,0.0,0.1126,tp_sl,LOSS,SELL,1.34376,1.673669467787257,1.33973,1.7071428571430132
False,,5473,2,2025-07-25 14:30:00+00:00,xs_momentum,1.34349,0.0,0.1015,tp_sl,WIN,SELL,1.34569,1.672979797979824,1.34123,1.024
False,,5477,7,2025-07-25 15:30:00+00:00,xs_momentum,1.34264,0.0,0.1015,tp_sl,WIN,SELL,1.34484,1.6666666666666514,1.34039,1.02
False,1.836,5536,2,2025-07-28 06:15:00+00:00,ema_cross,1.34103,0.0,0.2309,tp_sl,LOSS,SELL,1.34251,1.8209876543211299,1.33953,1.8574074074074318
False,,5541,1,2025-07-28 07:30:00+00:00,session_time_bias,1.34164,0.0,0.1505,tp_sl,WIN,SELL,1.3432,1.6756272401433636,1.33977,1.206
False,,5545,3,2025-07-28 08:30:00+00:00,sr_fib_confluence,1.34177,0.0,0.1414,tp_sl,WIN,SELL,1.34325,1.4983164983164454,1.34026,0.917
False,,5550,6,2025-07-28 09:45:00+00:00,session_time_bias,1.34131,0.0,0.1458,tp_sl,WIN,SELL,1.3429,1.6579861111111018,1.3394,1.194
False,,5559,4,2025-07-28 12:00:00+00:00,dual_sr_bounce,1.34305,0.0,0.1321,tp_sl,WIN,BUY,1.34134,1.6116352201258706,1.34479,0.986
False,,5565,1,2025-07-28 13:30:00+00:00,session_time_bias,1.34217,0.0,0.1186,tp_sl,WIN,SELL,1.34405,1.6666666666665815,1.33991,1.2
False,1.978,5569,1,2025-07-28 14:30:00+00:00,dual_sr_bounce,1.34253,0.0,0.1136,tp_sl,LOSS,BUY,1.34041,1.8008474576270614,1.3447,1.8368644067797455
False,,5573,3,2025-07-28 15:30:00+00:00,trendline_sweep,1.33937,0.0,0.1117,tp_sl,WIN,SELL,1.34375,3.6527777777778385,1.33489,2.236
False,,5578,3,2025-07-28 16:45:00+00:00,xs_momentum,1.33771,0.0,0.1344,tp_sl,WIN,SELL,1.33947,1.6666666666666927,1.33591,1.6999999999998674
False,,5637,21,2025-07-29 07:30:00+00:00,gbp_deep_pullback,1.33142,0.0,0.1522,tp_sl,LOSS,SELL,1.33647,5.4891304347826075,1.32536,6.58695652173908
False,,5663,6,2025-07-29 14:00:00+00:00,session_time_bias,1.33195,0.0,0.1081,tp_sl,LOSS,SELL,1.33402,1.673387096774054,1.32946,2.0080645161289365
False,1.372,5672,9,2025-07-29 16:15:00+00:00,london_fix_reversal,1.33391,0.0,0.1197,tp_sl,LOSS,SELL,1.33539,1.2499999999998856,1.33212,1.4999999999999374
True,,5686,4,2025-07-29 19:45:00+00:00,dt_sr_channel_reversal,1.33542,0.0,0.1684,tp_sl,WIN,SELL,1.33637,1.0000000000000067,1.33428,1.1999999999999147
False,2.923,5731,10,2025-07-30 07:00:00+00:00,turtle_soup,1.33586,0.0,0.1795,tp_sl,LOSS,SELL,1.33812,2.89529914529904,1.33356,2.953205128205146
False,,5744,5,2025-07-30 10:15:00+00:00,session_time_bias,1.3369,0.0,0.1522,tp_sl,WIN,SELL,1.33897,2.246376811594197,1.33442,1.617
False,,5751,1,2025-07-30 12:00:00+00:00,turtle_soup,1.33653,0.0,0.1458,tp_sl,WIN,SELL,1.33816,1.701388888889164,1.33486,1.735416666666841
False,,5754,2,2025-07-30 12:45:00+00:00,session_time_bias,1.33071,0.0,0.1045,tp_sl,WIN,SELL,1.33295,1.6728855721391607,1.32802,1.204
False,,5758,16,2025-07-30 13:45:00+00:00,xs_momentum,1.32801,0.0,0.0944,tp_sl,LOSS,SELL,1.33038,1.6725352112676168,1.32558,1.7059859154929535
False,,5777,1,2025-07-30 18:30:00+00:00,gbp_deep_pullback,1.327,0.0,0.1194,tp_sl,WIN,SELL,1.33287,4.379104477611929,1.32028,3.009
True,,5820,3,2025-07-31 05:15:00+00:00,dt_bb_rsi_mr,1.32681,0.0,0.2253,tp_sl,WIN,SELL,1.32749,0.8162650602408271,1.326,0.588
True,,5827,1,2025-07-31 07:00:00+00:00,dt_bb_rsi_mr,1.32737,0.0,0.1538,tp_sl,WIN,SELL,1.32828,0.999999999999963,1.32628,1.200000000000102
False,,5831,1,2025-07-31 08:00:00+00:00,session_time_bias,1.32552,0.0,0.1321,tp_sl,WIN,SELL,1.32728,1.6588050314463059,1.32341,1.194
False,,5835,1,2025-07-31 09:00:00+00:00,session_time_bias,1.3247,0.0,0.1273,tp_sl,WIN,SELL,1.32719,2.2651515151516186,1.32171,1.631
False,,5838,2,2025-07-31 09:45:00+00:00,session_time_bias,1.32276,0.0,0.125,tp_sl,WIN,SELL,1.32463,1.6666666666666816,1.32052,1.2
False,,5844,4,2025-07-31 11:15:00+00:00,session_time_bias,1.32253,0.0,0.1197,tp_sl,WIN,SELL,1.32448,1.666666666666578,1.32019,1.2
False,,5850,1,2025-07-31 12:45:00+00:00,xs_momentum,1.32146,0.0,0.1111,tp_sl,WIN,SELL,1.32431,2.261904761904777,1.31855,1.384
False,2.008,5853,3,2025-07-31 13:30:00+00:00,xs_momentum,1.31939,0.0,0.1063,tp_sl,LOSS,SELL,1.32149,1.6732804232804592,1.31724,1.7067460317459873
False,,5858,5,2025-07-31 14:45:00+00:00,sr_fib_confluence,1.32294,0.0,0.095,tp_sl,WIN,SELL,1.32544,1.7789598108747053,1.32038,1.089
False,,5868,3,2025-07-31 17:15:00+00:00,xs_momentum,1.32093,0.0,0.128,tp_sl,WIN,SELL,1.32375,2.2533333333335293,1.31806,1.379
False,,5915,10,2025-08-01 05:00:00+00:00,sr_anti_hunt_bounce,1.31965,0.0,0.2397,tp_sl,WIN,SELL,1.33244,16.388888888888935,1.30661,10.03
False,,5927,1,2025-08-01 08:00:00+00:00,session_time_bias,1.31795,0.0,0.1429,tp_sl,WIN,SELL,1.31958,1.6666666666667098,1.31599,1.2
False,,5930,1,2025-08-01 08:45:00+00:00,session_time_bias,1.31587,0.0,0.1346,tp_sl,WIN,SELL,1.31821,2.2516025641025834,1.31306,1.621
False,,5934,5,2025-08-01 09:45:00+00:00,session_time_bias,1.31469,0.0,0.1284,tp_sl,LOSS,SELL,1.31715,2.2553516819572947,1.31174,2.7064220183486314
False,,5941,1,2025-08-01 11:30:00+00:00,session_time_bias,1.3161,0.0,0.1296,tp_sl,WIN,SELL,1.31791,1.6743827160494553,1.31393,1.206
False,2.704,5944,1,2025-08-01 12:15:00+00:00,xs_momentum,1.31436,0.0,0.1217,tp_sl,LOSS,SELL,1.31695,2.253623188405694,1.31172,2.2986956521739312
False,,5952,1,2025-08-01 14:15:00+00:00,dt_sr_channel_reversal,1.3277,0.0,0.0556,tp_sl,WIN,SELL,1.33212,1.8360995850621997,1.32318,1.124
False,,5955,2,2025-08-01 15:00:00+00:00,dt_sr_channel_reversal,1.32638,0.0,0.0588,tp_sl,WIN,SELL,1.33013,1.6447368421052282,1.32255,1.007
False,,5962,1,2025-08-01 16:45:00+00:00,sr_break_retest,1.32422,0.0,0.0727,signal_reverse,WIN,SELL,1.32697,1.403061224489698,1.32141,0.946
False,1.581,5965,3,2025-08-01 17:30:00+00:00,sr_fib_confluence,1.32184,0.0,0.0838,tp_sl,LOSS,SELL,1.32471,1.5008726003491073,1.31892,1.5308900523560989
False,,6015,10,2025-08-04 06:15:00+00:00,trendline_sweep,1.32692,0.0,0.187,tp_sl,LOSS,SELL,1.32901,2.091666666666603,1.32479,2.1335000000000104
False,,6029,1,2025-08-04 09:45:00+00:00,session_time_bias,1.32902,0.0,0.1207,tp_sl,WIN,SELL,1.33094,1.6594827586206504,1.32671,1.195
False,,6035,2,2025-08-04 11:15:00+00:00,turtle_soup,1.33034,0.0,0.1111,tp_sl,WIN,SELL,1.33223,1.501322751322718,1.32841,1.5313492063491407
False,,6041,5,2025-08-04 12:45:00+00:00,session_time_bias,1.32964,0.0,0.1053,tp_sl,LOSS,SELL,1.33262,2.2431077694235624,1.32606,2.691729323308208
True,,6048,1,2025-08-04 14:30:00+00:00,dt_bb_rsi_mr,1.33209,0.0,0.1,tp_sl,WIN,SELL,1.33343,1.0000000000000886,1.33048,1.2000000000000401
False,,6051,12,2025-08-04 15:15:00+00:00,turtle_soup,1.32786,0.0,0.0865,tp_sl,LOSS,SELL,1.33471,4.424731182795749,1.32086,4.51322580645157
False,,6107,3,2025-08-05 05:15:00+00:00,dt_sr_channel_reversal,1.32802,0.0,0.2634,tp_sl,WIN,BUY,1.32709,1.3028169014085418,1.32913,1.5633802816903752
False,,6114,1,2025-08-05 07:00:00+00:00,squeeze_release_momentum,1.32856,0.0,0.1707,tp_sl,WIN,BUY,1.32734,1.4878048780487791,1.33043,1.368
False,,6117,2,2025-08-05 07:45:00+00:00,session_time_bias,1.32711,0.0,0.1414,tp_sl,LOSS,SELL,1.32876,1.6666666666668195,1.32513,2.0000000000000937
False,,6121,2,2025-08-05 08:45:00+00:00,orb_trap,1.32812,0.0,0.1239,tp_sl,WIN,BUY,1.3245,3.2005899705014174,1.33181,1.959
False,,6125,6,2025-08-05 09:45:00+00:00,wick_imbalance_reversion,1.32928,0.0,0.1217,tp_sl,LOSS,BUY,1.32669,2.253623188405887,1.33192,2.2986956521741244
False,,6133,5,2025-08-05 11:45:00+00:00,ema200_trend_reversal,1.32823,0.0,0.1148,tp_sl,WIN,BUY,1.32626,1.6120218579235017,1.33024,0.987
False,,6140,1,2025-08-05 13:30:00+00:00,session_time_bias,1.3285,0.0,0.1089,tp_sl,WIN,SELL,1.33055,1.6734417344172954,1.32603,1.205
True,,6147,4,2025-08-05 15:15:00+00:00,dt_bb_rsi_mr,1.32995,0.0,0.0964,tp_sl,LOSS,SELL,1.33134,1.0000000000000018,1.32828,1.200000000000002
True,,6153,1,2025-08-05 16:45:00+00:00,dt_sr_channel_reversal,1.33076,0.0,0.1168,signal_reverse,LOSS,SELL,1.33198,0.512,1.32929,0.512
False,,6156,4,2025-08-05 17:30:00+00:00,dt_sr_channel_reversal,1.33065,0.0,0.1404,tp_sl,WIN,SELL,1.33223,1.3888888888888333,1.32904,1.4166666666665984
False,,6206,4,2025-08-06 06:00:00+00:00,intraday_seasonality,1.3306,0.0,0.3169,tp_sl,LOSS,BUY,1.32928,2.231638418079415,1.33194,2.2762711864408374
False,,6212,2,2025-08-06 07:30:00+00:00,intraday_seasonality,1.32938,0.0,0.209,tp_sl,WIN,SELL,1.3309,2.2636815920400486,1.32783,1.385
False,,6216,2,2025-08-06 08:30:00+00:00,sr_fib_confluence,1.32894,0.0,0.1818,tp_sl,WIN,SELL,1.3304,1.89393939393969,1.32745,1.159
False,,6220,1,2025-08-06 09:30:00+00:00,sr_fib_confluence,1.3294,0.0,0.1818,signal_reverse,LOSS,SELL,1.33066,2.078,1.32812,2.078
False,,6223,1,2025-08-06 10:15:00+00:00,turtle_soup,1.3305,0.0,0.1647,signal_reverse,LOSS,SELL,1.33183,1.576,1.32914,1.576
False,,6226,1,2025-08-06 11:00:00+00:00,gbp_deep_pullback,1.33215,0.0,0.1522,signal_reverse,WIN,BUY,1.3269,5.70652173913041,1.33845,0.011
False,,6229,1,2025-08-06 11:45:00+00:00,session_time_bias,1.33148,0.0,0.1458,signal_reverse,WIN,SELL,1.33308,1.666666666666483,1.32956,0.052
False,,6232,1,2025-08-06 12:30:00+00:00,sr_fib_confluence,1.33146,0.0,0.1505,tp_sl,WIN,BUY,1.33,1.5681003584229454,1.33295,0.96
False,,6235,1,2025-08-06 13:15:00+00:00,session_time_bias,1.33155,0.0,0.1327,signal_reverse,LOSS,SELL,1.33324,1.137,1.32952,1.137
False,,6238,2,2025-08-06 14:00:00+00:00,session_time_bias,1.33176,0.0,0.1276,signal_reverse,LOSS,SELL,1.33351,1.293,1.32966,1.293
False,,6242,3,2025-08-06 15:00:00+00:00,xs_momentum,1.33444,0.0,0.1218,tp_sl,WIN,BUY,1.33197,2.2500000000000044,1.33697,1.377
False,,6248,1,2025-08-06 16:30:00+00:00,htf_false_breakout,1.33465,0.0,0.125,signal_reverse,LOSS,SELL,1.33686,0.917,1.33239,0.917
False,,6251,9,2025-08-06 17:15:00+00:00,xs_momentum,1.33578,0.0,0.1455,tp_sl,WIN,BUY,1.33396,1.6590909090908776,1.33764,1.015
False,,6298,5,2025-08-07 05:00:00+00:00,dt_bb_rsi_mr,1.33636,0.0,0.2877,tp_sl,LOSS,SELL,1.33753,1.7948717948719388,1.33517,1.8307692307692685
False,1.387,6306,1,2025-08-07 07:00:00+00:00,htf_false_breakout,1.33697,0.0,0.2258,tp_sl,LOSS,SELL,1.33774,1.2499999999999518,1.33618,1.275000000000223
False,,6309,2,2025-08-07 07:45:00+00:00,session_time_bias,1.33723,0.0,0.2029,signal_reverse,LOSS,SELL,1.33838,0.058,1.33585,0.058
False,,6313,1,2025-08-07 08:45:00+00:00,session_time_bias,1.33678,0.0,0.1842,signal_reverse,LOSS,SELL,1.33806,0.605,1.33525,0.605
False,,6316,1,2025-08-07 09:30:00+00:00,session_time_bias,1.33679,0.0,0.1842,signal_reverse,LOSS,SELL,1.33806,0.342,1.33527,0.342
False,,6319,1,2025-08-07 10:15:00+00:00,session_time_bias,1.33643,0.0,0.1842,signal_reverse,LOSS,SELL,1.33771,1.737,1.3349,1.737
False,1.917,6322,1,2025-08-07 11:00:00+00:00,atr_regime_break,1.3429,0.0,0.1167,tp_sl,LOSS,BUY,1.34074,1.7986111111110519,1.3451,1.8345833333333064
False,,6325,1,2025-08-07 11:45:00+00:00,gbp_deep_pullback,1.34129,0.0,0.1022,tp_sl,WIN,BUY,1.33345,5.72384428223834,1.3507,4.121
False,,6329,17,2025-08-07 12:45:00+00:00,xs_momentum,1.34223,0.0,0.0993,tp_sl,WIN,BUY,1.33905,2.2576832151301685,1.34548,1.382
False,,6357,17,2025-08-07 19:45:00+00:00,gbp_deep_pullback,1.34444,0.0,0.1391,tp_sl,LOSS,BUY,1.33867,5.018840579710201,1.35109,5.782608695652213
False,,6395,8,2025-08-08 05:15:00+00:00,gbp_deep_pullback,1.34255,0.0,0.3066,signal_reverse,LOSS,SELL,1.34469,3.302,1.33998,3.302
False,,6405,2,2025-08-08 07:45:00+00:00,session_time_bias,1.34407,0.0,0.1972,signal_reverse,WIN,SELL,1.34526,1.6784037558682816,1.34264,0.056
False,,6409,2,2025-08-08 08:45:00+00:00,session_time_bias,1.3433,0.0,0.1707,signal_reverse,LOSS,SELL,1.34513,1.585,1.3411,1.585
False,,6413,21,2025-08-08 09:45:00+00:00,gbp_deep_pullback,1.34477,0.0,0.1647,tp_sl,LOSS,BUY,1.34138,3.9901960784313903,1.34884,4.788235294117668
False,,6436,22,2025-08-08 15:30:00+00:00,turtle_soup,1.34435,0.0,0.1175,tp_sl,LOSS,SELL,1.34638,1.7836257309941506,1.34227,1.8192982456139555
False,,6496,1,2025-08-11 06:45:00+00:00,htf_false_breakout,1.34666,0.0,0.3169,tp_sl,WIN,SELL,1.34809,2.415254237288152,1.34521,1.478
False,,6499,1,2025-08-11 07:30:00+00:00,sr_fib_confluence,1.34548,0.0,0.209,tp_sl,WIN,BUY,1.34425,1.8407960199006261,1.34674,1.127
False,3.639,6502,10,2025-08-11 08:15:00+00:00,trendline_sweep,1.34648,0.0,0.1944,tp_sl,LOSS,BUY,1.34417,3.2060185185185506,1.34883,3.2701388888889404
False,,6514,1,2025-08-11 11:15:00+00:00,session_time_bias,1.34341,0.0,0.1687,signal_reverse,WIN,SELL,1.34529,2.2590361445783986,1.34116,0.41
False,,6517,1,2025-08-11 12:00:00+00:00,trendline_sweep,1.34235,0.0,0.1538,tp_sl,WIN,SELL,1.34751,5.668498168498215,1.33709,3.469
False,,6520,3,2025-08-11 12:45:00+00:00,dt_sr_channel_reversal,1.34243,0.0,0.1522,signal_reverse,LOSS,BUY,1.34075,0.543,1.34415,0.543
False,,6525,5,2025-08-11 14:00:00+00:00,xs_momentum,1.34097,0.0,0.1457,tp_sl,WIN,SELL,1.34249,1.6576086956521723,1.33941,1.014
False,,6533,1,2025-08-11 16:00:00+00:00,dt_sr_channel_reversal,1.34216,0.0,0.1583,signal_reverse,LOSS,BUY,1.34065,0.572,1.3437,0.572
False,,6537,3,2025-08-11 17:00:00+00:00,trendline_sweep,1.34184,0.0,0.1778,signal_reverse,LOSS,SELL,1.34371,1.622,1.33994,1.622
True,,6585,1,2025-08-12 05:00:00+00:00,dt_bb_rsi_mr,1.34341,0.0,0.2877,tp_sl,WIN,SELL,1.34376,0.5294871794870614,1.343,0.6353846153846103
False,,6589,3,2025-08-12 06:00:00+00:00,wick_imbalance_reversion,1.34403,0.0,0.2309,tp_sl,WIN,BUY,1.34221,2.2427983539096292,1.34588,1.373
False,,6594,2,2025-08-12 07:15:00+00:00,gbp_deep_pullback,1.34489,0.0,0.1505,tp_sl,WIN,BUY,1.34099,4.19354838709679,1.34957,3.019
False,,6598,1,2025-08-12 08:15:00+00:00,gbp_deep_pullback,1.34619,0.0,0.1458,tp_sl,WIN,BUY,1.33976,6.701388888888845,1.35391,4.825
False,,6601,1,2025-08-12 09:00:00+00:00,session_time_bias,1.34625,0.0,0.1443,signal_reverse,WIN,SELL,1.34787,1.6666666666665975,1.34431,0.464
False,,6606,3,2025-08-12 10:15:00+00:00,session_time_bias,1.34561,0.0,0.1489,tp_sl,WIN,SELL,1.34773,2.2517730496452604,1.34307,1.621
False,,6611,1,2025-08-12 11:30:00+00:00,sr_fib_confluence,1.3451,0.0,0.1556,tp_sl,WIN,BUY,1.34364,1.620370370370377,1.34659,0.992
False,2.681,6614,1,2025-08-12 12:15:00+00:00,session_time_bias,1.34536,0.0,0.1489,tp_sl,LOSS,SELL,1.34746,2.23404255319148,1.34284,2.68085106382987
False,,6617,1,2025-08-12 13:00:00+00:00,session_time_bias,1.34794,0.0,0.0957,signal_reverse,LOSS,SELL,1.35109,1.149,1.34416,1.149
False,,6620,1,2025-08-12 13:45:00+00:00,session_time_bias,1.34863,0.0,0.0832,signal_reverse,LOSS,SELL,1.35226,0.08,1.34427,0.08
False,,6623,2,2025-08-12 14:30:00+00:00,xs_momentum,1.34951,0.0,0.0859,tp_sl,WIN,BUY,1.34692,1.66132478632471,1.35216,1.017
False,,6627,10,2025-08-12 15:30:00+00:00,xs_momentum,1.35226,0.0,0.0817,tp_sl,LOSS,BUY,1.34954,1.661585365853577,1.35504,1.694817073170692
False,,6691,1,2025-08-13 07:30:00+00:00,post_news_vol,1.35437,0.0,0.1795,tp_sl,WIN,BUY,1.35068,4.73290598290596,1.35814,2.897
False,,6714,1,2025-08-13 13:15:00+00:00,xs_momentum,1.35671,0.0,0.1457,tp_sl,WIN,BUY,1.35519,1.6576086956521723,1.35827,1.014
False,,6717,2,2025-08-13 14:00:00+00:00,gbp_deep_pullback,1.35754,0.0,0.1411,tp_sl,WIN,BUY,1.35453,3.175438596491229,1.36116,2.286
False,,6725,16,2025-08-13 16:00:00+00:00,xs_momentum,1.35781,0.0,0.1484,tp_sl,LOSS,BUY,1.35621,1.6666666666667143,1.35944,1.6999999999998496
False,,6779,1,2025-08-14 05:30:00+00:00,dt_fib_reversal,1.35746,0.0,0.3117,tp_sl,WIN,BUY,1.35651,1.5833333333333441,1.35843,1.6149999999999962
False,,6782,15,2025-08-14 06:15:00+00:00,trendline_sweep,1.35873,0.0,0.2634,tp_sl,WIN,BUY,1.35629,3.438967136149934,1.36122,2.105
False,2.644,6815,5,2025-08-14 14:30:00+00:00,htf_false_breakout,1.35521,0.0,0.1175,tp_sl,LOSS,BUY,1.35225,2.602339181286458,1.35824,2.654385964912257
False,,6881,1,2025-08-15 07:00:00+00:00,sr_fib_confluence,1.35565,0.0,0.2295,tp_sl,LOSS,BUY,1.35466,1.6256830601093837,1.35666,1.658196721311382
False,,6884,3,2025-08-15 07:45:00+00:00,sr_fib_confluence,1.35566,0.0,0.2154,tp_sl,LOSS,BUY,1.35459,1.641025641025802,1.35675,1.6738461538464615
False,,6889,4,2025-08-15 09:00:00+00:00,orb_trap,1.35541,0.0,0.2059,tp_sl,WIN,BUY,1.35393,2.181372549019531,1.35692,1.335
False,,6909,7,2025-08-15 14:00:00+00:00,london_ny_swing,1.35679,0.0,0.1367,tp_sl,LOSS,BUY,1.35557,1.2500000000000322,1.35804,1.275000000000128
False,,6975,1,2025-08-18 06:45:00+00:00,dt_bb_rsi_mr,1.35471,0.0,0.2791,tp_sl,WIN,BUY,1.35349,1.815920398009916,1.35595,1.111
False,2.219,6978,1,2025-08-18 07:30:00+00:00,ema200_trend_reversal,1.35524,0.0,0.1918,tp_sl,LOSS,BUY,1.35389,1.8493150684930992,1.35662,1.8863013698629612
False,2.872,6982,23,2025-08-18 08:30:00+00:00,liquidity_sweep,1.35515,0.0,0.1628,tp_sl,LOSS,BUY,1.35298,2.529069767441905,1.35737,2.579651162790583
False,,7007,10,2025-08-18 14:45:00+00:00,xs_momentum,1.35147,0.0,0.1426,tp_sl,WIN,SELL,1.35358,2.2517730496454966,1.34931,1.378
False,,7070,1,2025-08-19 06:30:00+00:00,turtle_soup,1.35103,0.0,0.271,tp_sl,WIN,BUY,1.34893,3.043478260869552,1.35317,1.863
False,,7073,11,2025-08-19 07:15:00+00:00,intraday_seasonality,1.35217,0.0,0.1892,tp_sl,WIN,BUY,1.35052,2.2297297297296343,1.35385,1.365
False,,7086,4,2025-08-19 10:30:00+00:00,session_time_bias,1.3522,0.0,0.1707,tp_sl,WIN,SELL,1.35404,2.2459349593496847,1.34999,1.617
False,1.808,7092,1,2025-08-19 12:00:00+00:00,squeeze_release_momentum,1.35247,0.0,0.1818,tp_sl,LOSS,BUY,1.35131,1.506493506493283,1.35411,2.1305194805196828
False,,7095,1,2025-08-19 12:45:00+00:00,sr_fib_confluence,1.35079,0.0,0.1687,signal_reverse,WIN,SELL,1.35222,1.7269076305221656,1.34933,0.398
False,,7098,8,2025-08-19 13:30:00+00:00,sr_fib_confluence,1.35054,0.0,0.1473,tp_sl,WIN,SELL,1.35219,1.8223443223445486,1.34884,1.115
False,,7108,12,2025-08-19 16:00:00+00:00,xs_momentum,1.34876,0.0,0.1601,tp_sl,WIN,SELL,1.35025,1.6760299625468191,1.34724,1.026
False,,7160,1,2025-08-20 05:00:00+00:00,sr_break_retest,1.34713,0.0,0.2968,signal_reverse,LOSS,SELL,1.34819,2.133,1.34605,2.133
False,,7164,1,2025-08-20 06:00:00+00:00,gbp_deep_pullback,1.35029,0.0,0.2429,tp_sl,WIN,BUY,1.3462,5.313852813853022,1.3552,3.826
False,,7167,1,2025-08-20 06:45:00+00:00,sr_fib_confluence,1.34906,0.0,0.2078,tp_sl,WIN,BUY,1.34728,1.9722222222223134,1.35087,1.207
False,,7170,2,2025-08-20 07:30:00+00:00,sr_fib_confluence,1.34971,0.0,0.14,tp_sl,WIN,BUY,1.34771,2.0000000000000018,1.35175,1.224
False,,7174,5,2025-08-20 08:30:00+00:00,sr_fib_confluence,1.34966,0.0,0.1333,tp_sl,WIN,BUY,1.34769,1.8809523809524382,1.35167,1.151
False,,7181,4,2025-08-20 10:15:00+00:00,session_time_bias,1.34966,0.0,0.1429,tp_sl,WIN,SELL,1.35187,2.253401360544253,1.34701,1.622
False,1.931,7187,2,2025-08-20 11:45:00+00:00,session_time_bias,1.34703,0.0,0.1386,tp_sl,LOSS,SELL,1.34871,1.666666666666593,1.34501,1.9999999999999116
False,,7191,2,2025-08-20 12:45:00+00:00,sr_fib_confluence,1.34874,0.0,0.1414,tp_sl,WIN,SELL,1.3504,1.675084175084383,1.34705,1.025
False,,7195,2,2025-08-20 13:45:00+00:00,sr_fib_confluence,1.34762,0.0,0.1229,tp_sl,WIN,SELL,1.34962,1.8348623853211026,1.34558,1.123
False,,7199,2,2025-08-20 14:45:00+00:00,orb_trap,1.3474,0.0,0.1165,signal_reverse,LOSS,BUY,1.34485,1.355,1.35001,1.355
False,1.781,7203,7,2025-08-20 15:45:00+00:00,xs_momentum,1.34474,0.0,0.1145,tp_sl,LOSS,SELL,1.34668,1.6595441595440241,1.34276,1.6927350427349919
False,2.013,7269,2,2025-08-21 08:15:00+00:00,session_time_bias,1.34577,0.0,0.1818,tp_sl,LOSS,SELL,1.34706,1.6774891774892091,1.34422,2.0129870129869354
False,,7273,4,2025-08-21 09:15:00+00:00,session_time_bias,1.34714,0.0,0.1647,tp_sl,WIN,SELL,1.34905,2.245098039215766,1.34485,1.616
False,1.694,7279,1,2025-08-21 10:45:00+00:00,sr_break_retest,1.34745,0.0,0.1647,tp_sl,LOSS,BUY,1.34603,1.6764705882353055,1.3489,1.709999999999996
False,,7282,2,2025-08-21 11:30:00+00:00,session_time_bias,1.3458,0.0,0.1647,tp_sl,WIN,SELL,1.34722,1.6764705882353055,1.34409,1.207
False,,7286,4,2025-08-21 12:30:00+00:00,session_time_bias,1.34444,0.0,0.1386,tp_sl,WIN,SELL,1.34671,2.2442244224422168,1.34172,1.616
False,3.079,7292,7,2025-08-21 14:00:00+00:00,inducement_ob,1.3444,0.0,0.1126,tp_sl,LOSS,BUY,1.34094,2.913165266106495,1.34794,2.971428571428744
False,,7305,14,2025-08-21 17:15:00+00:00,xs_momentum,1.34197,0.0,0.1429,tp_sl,WIN,SELL,1.34385,1.6741071428572065,1.34006,1.025
False,,7361,19,2025-08-22 07:15:00+00:00,dual_sr_bounce,1.34047,0.0,0.1972,tp_sl,LOSS,SELL,1.34195,2.0892018779341983,1.33896,2.1309859154927824
False,,7382,4,2025-08-22 12:30:00+00:00,session_time_bias,1.34119,0.0,0.2,tp_sl,LOSS,SELL,1.34276,2.2499999999998317,1.3393,2.6999999999999247
False,,7395,13,2025-08-22 15:45:00+00:00,dt_sr_channel_reversal,1.35244,0.0,0.0971,tp_sl,LOSS,SELL,1.35449,1.4855072463768895,1.35034,1.515217391304395
False,,7448,3,2025-08-25 05:15:00+00:00,ema_cross,1.35109,0.0,0.3224,tp_sl,WIN,BUY,1.34946,2.801724137931013,1.35274,1.715
False,1.757,7459,3,2025-08-25 08:00:00+00:00,orb_trap,1.35093,0.0,0.2,tp_sl,LOSS,BUY,1.3499,1.464285714285791,1.35198,1.493571428571475
True,,7464,1,2025-08-25 09:15:00+00:00,dt_bb_rsi_mr,1.34988,0.0,0.1944,tp_sl,LOSS,BUY,1.34916,1.0000000000000748,1.35074,1.1999999999999664
True,,7470,1,2025-08-25 10:45:00+00:00,dt_sr_channel_reversal,1.34922,0.0,0.1918,tp_sl,WIN,BUY,1.34857,0.8904109589041637,1.35,1.0684931506849356
False,1.951,7474,1,2025-08-25 11:45:00+00:00,sr_fib_confluence,1.35207,0.0,0.1707,tp_sl,LOSS,BUY,1.35074,1.6260162601626933,1.35343,1.6585365853658878
False,,7478,4,2025-08-25 12:45:00+00:00,sr_break_retest,1.3506,0.0,0.1647,tp_sl,WIN,BUY,1.34918,1.666666666666614,1.35204,1.02
False,,7491,4,2025-08-25 16:00:00+00:00,london_fix_reversal,1.34921,0.0,0.1601,tp_sl,LOSS,BUY,1.3481,1.2546816479400615,1.35055,1.5056179775282235
False,,7497,1,2025-08-25 17:30:00+00:00,dt_sr_channel_reversal,1.34838,0.0,0.1905,tp_sl,LOSS,BUY,1.34712,1.4980158730159063,1.34966,1.5279761904764464
False,2.519,7554,7,2025-08-26 07:45:00+00:00,session_time_bias,1.34534,0.0,0.1346,tp_sl,LOSS,SELL,1.34768,2.2516025641025834,1.34253,2.701923076923057
False,,7564,4,2025-08-26 10:15:00+00:00,session_time_bias,1.34746,0.0,0.1522,tp_sl,LOSS,SELL,1.34899,1.666666666666483,1.34562,1.999999999999828
False,,7571,3,2025-08-26 12:00:00+00:00,xs_momentum,1.34904,0.0,0.1556,tp_sl,LOSS,BUY,1.34754,1.6666666666667298,1.35057,1.7000000000000348
False,,7580,7,2025-08-26 14:15:00+00:00,turtle_soup,1.34836,0.0,0.1314,tp_sl,WIN,BUY,1.34585,2.4673202614379632,1.35093,1.51
True,,7596,1,2025-08-26 18:15:00+00:00,dt_bb_rsi_mr,1.34734,0.0,0.1928,tp_sl,WIN,BUY,1.34679,0.6626506024096993,1.348,0.7951807228916927
False,,7645,1,2025-08-27 06:30:00+00:00,sr_fib_confluence,1.34628,0.0,0.2968,tp_sl,WIN,SELL,1.34738,1.7460317460319061,1.34516,1.069
False,,7648,2,2025-08-27 07:15:00+00:00,gbp_deep_pullback,1.34476,0.0,0.2059,tp_sl,WIN,SELL,1.3471,3.443627450980421,1.34195,2.479
False,,7652,9,2025-08-27 08:15:00+00:00,session_time_bias,1.3436,0.0,0.1687,tp_sl,WIN,SELL,1.34499,1.676706827309253,1.34193,1.207
False,1.89,7664,6,2025-08-27 11:15:00+00:00,session_time_bias,1.34292,0.0,0.1538,tp_sl,LOSS,SELL,1.34459,1.8315018315018738,1.34092,2.1978021978021998
False,,7672,1,2025-08-27 13:15:00+00:00,sr_fib_confluence,1.34408,0.0,0.1441,signal_reverse,LOSS,SELL,1.34569,0.815,1.34243,0.815
False,,7679,5,2025-08-27 15:00:00+00:00,turtle_soup,1.34733,0.0,0.1301,tp_sl,WIN,BUY,1.34145,5.711974110032488,1.35334,3.496
False,,7686,12,2025-08-27 16:45:00+00:00,xs_momentum,1.34977,0.0,0.1439,signal_reverse,LOSS,BUY,1.34812,0.338,1.35146,0.338
True,,7748,1,2025-08-28 08:15:00+00:00,dt_bb_rsi_mr,1.34884,0.0,0.1707,tp_sl,WIN,BUY,1.34802,1.0000000000000524,1.34982,1.200000000000117
False,,7751,4,2025-08-28 09:00:00+00:00,trendline_sweep,1.3505,0.0,0.1628,tp_sl,WIN,BUY,1.34754,3.439922480620228,1.35352,2.105
False,,7762,2,2025-08-28 11:45:00+00:00,sr_break_retest,1.3516,0.0,0.1707,tp_sl,LOSS,BUY,1.35037,1.5040650406505116,1.35286,1.5341463414636627
False,,7766,2,2025-08-28 12:45:00+00:00,sr_fib_confluence,1.35036,0.0,0.14,tp_sl,LOSS,BUY,1.349,1.3583333333333503,1.35175,1.3855000000000395
False,,7770,1,2025-08-28 13:45:00+00:00,trendline_sweep,1.35076,0.0,0.1241,tp_sl,WIN,BUY,1.34811,2.4614197530865085,1.35348,1.506
False,,7775,8,2025-08-28 15:00:00+00:00,mqe_gbpusd_fix,1.35127,0.0,0.1165,tp_sl,WIN,BUY,1.34955,1.4999999999999796,1.35303,1.5299999999999252
False,,7834,3,2025-08-29 05:45:00+00:00,ema200_trend_reversal,1.35008,0.0,0.2968,tp_sl,LOSS,BUY,1.34905,1.626984126984212,1.35112,1.6595238095238611
False,2.111,7842,1,2025-08-29 07:45:00+00:00,dt_sr_channel_reversal,1.3493,0.0,0.1944,tp_sl,LOSS,BUY,1.34801,1.7939814814815152,1.35062,1.829861111110917
False,,7859,5,2025-08-29 12:00:00+00:00,xs_momentum,1.34505,0.0,0.1591,tp_sl,LOSS,SELL,1.34652,1.6666666666669876,1.34355,1.7000000000001863
False,2.014,7867,1,2025-08-29 14:00:00+00:00,sr_fib_confluence,1.34729,0.0,0.1314,tp_sl,LOSS,SELL,1.34912,1.7973856209150523,1.34542,1.8333333333333708
False,,7871,14,2025-08-29 15:00:00+00:00,mqe_gbpusd_fix,1.35056,0.0,0.1072,tp_sl,LOSS,SELL,1.35212,1.2500000000001066,1.34896,1.2750000000000483
False,,7926,3,2025-09-01 05:00:00+00:00,sr_break_retest,1.35228,0.0,0.3066,tp_sl,WIN,BUY,1.35125,1.680327868852183,1.35332,1.028
False,,7940,17,2025-09-01 08:30:00+00:00,sr_break_retest,1.35347,0.0,0.1728,tp_sl,WIN,BUY,1.35212,1.6666666666666203,1.35485,1.02
False,,7960,4,2025-09-01 13:30:00+00:00,gbp_deep_pullback,1.35401,0.0,0.1675,tp_sl,WIN,BUY,1.35161,2.999999999999947,1.35689,2.16
False,,7967,18,2025-09-01 15:15:00+00:00,xs_momentum,1.35496,0.0,0.1523,signal_reverse,LOSS,BUY,1.35349,0.236,1.35647,0.236
False,,8022,2,2025-09-02 05:00:00+00:00,dt_sr_channel_reversal,1.35301,0.0,0.3169,tp_sl,LOSS,BUY,1.35207,1.581920903954628,1.35413,1.8983050847457794
False,,8026,1,2025-09-02 06:00:00+00:00,ema200_trend_reversal,1.35269,0.0,0.3117,tp_sl,WIN,BUY,1.35169,1.6666666666668533,1.35371,1.02
False,,8035,4,2025-09-02 08:15:00+00:00,gbp_deep_pullback,1.34008,0.0,0.0757,tp_sl,WIN,SELL,1.35731,9.315315315315368,1.3194,6.707
False,,8048,3,2025-09-02 11:30:00+00:00,sr_break_retest,1.33758,0.0,0.0773,tp_sl,WIN,SELL,1.34061,1.6712707182320747,1.33449,1.7046961325967263
False,,8060,3,2025-09-02 14:30:00+00:00,dual_sr_bounce,1.34056,0.0,0.0713,tp_sl,WIN,SELL,1.34427,1.9769503546098885,1.33676,1.21
False,,8067,20,2025-09-02 16:15:00+00:00,sr_break_retest,1.33852,0.0,0.0858,tp_sl,LOSS,SELL,1.34128,1.6666666666666168,1.3357,1.7000000000000615
False,,8118,1,2025-09-03 05:00:00+00:00,sr_anti_hunt_bounce,1.33669,0.0,0.3117,tp_sl,WIN,SELL,1.34626,15.94444444444417,1.32694,9.758
False,,8123,2,2025-09-03 06:15:00+00:00,sr_fib_confluence,1.33767,0.0,0.271,tp_sl,WIN,SELL,1.33876,1.5821256038644798,1.33656,1.6137681159420139
False,5.702,8127,5,2025-09-03 07:15:00+00:00,trendline_sweep,1.33478,0.0,0.1346,tp_sl,LOSS,SELL,1.34041,5.408653846153838,1.32904,5.516826923076876
False,,8134,17,2025-09-03 09:00:00+00:00,session_time_bias,1.34024,0.0,0.1061,tp_sl,LOSS,SELL,1.34321,2.2474747474746684,1.33668,2.6969696969695347
False,,8153,1,2025-09-03 13:45:00+00:00,session_time_bias,1.34142,0.0,0.1063,tp_sl,LOSS,SELL,1.34425,2.248677248677353,1.33802,2.6984126984127537
False,,8157,3,2025-09-03 14:45:00+00:00,orb_trap,1.3432,0.0,0.0964,tp_sl,LOSS,SELL,1.34521,1.45083932853725,1.34114,1.4798561151078962
False,,8169,12,2025-09-03 17:45:00+00:00,htf_false_breakout,1.34398,0.0,0.1416,tp_sl,WIN,SELL,1.34702,2.6917404129793003,1.34088,1.647
False,,8222,1,2025-09-04 07:00:00+00:00,trendline_sweep,1.34301,0.0,0.2121,tp_sl,WIN,SELL,1.34443,2.159090909090587,1.34156,1.321
False,1.987,8225,1,2025-09-04 07:45:00+00:00,session_time_bias,1.34258,0.0,0.1842,tp_sl,LOSS,SELL,1.34384,1.6557017543860015,1.34107,1.9868421052630265
False,,8230,3,2025-09-04 09:00:00+00:00,session_time_bias,1.34469,0.0,0.1505,tp_sl,WIN,SELL,1.34679,2.2580645161290223,1.34217,1.626
False,,8235,2,2025-09-04 10:15:00+00:00,session_time_bias,1.34457,0.0,0.1443,tp_sl,WIN,SELL,1.34675,2.2422680412371525,1.34196,1.614
False,,8239,1,2025-09-04 11:15:00+00:00,session_time_bias,1.34331,0.0,0.1429,tp_sl,WIN,SELL,1.34552,2.253401360544253,1.34066,1.622
False,,8243,6,2025-09-04 12:15:00+00:00,trendline_sweep,1.34328,0.0,0.1239,tp_sl,WIN,SELL,1.346,2.411504424778643,1.3405,1.476
False,,8259,11,2025-09-04 16:15:00+00:00,london_fix_reversal,1.34183,0.0,0.1168,tp_sl,LOSS,SELL,1.34335,1.249999999999999,1.34,1.4999999999999987
False,,8313,1,2025-09-05 05:45:00+00:00,doji_breakout,1.34624,0.0,0.3339,tp_sl,WIN,BUY,1.34376,4.4196428571428665,1.34876,2.705
False,,8317,1,2025-09-05 06:45:00+00:00,turtle_soup,1.34537,0.0,0.271,signal_reverse,LOSS,SELL,1.34818,0.528,1.34251,0.528
False,,8320,1,2025-09-05 07:30:00+00:00,dual_sr_bounce,1.34583,0.0,0.2,tp_sl,WIN,BUY,1.34496,1.2499999999999416,1.34672,1.2749999999999468
False,2.355,8324,5,2025-09-05 08:30:00+00:00,session_time_bias,1.3465,0.0,0.1842,tp_sl,LOSS,SELL,1.34821,2.2478070175439773,1.34445,2.6973684210527726
False,,8333,3,2025-09-05 10:45:00+00:00,session_time_bias,1.34769,0.0,0.1867,tp_sl,WIN,SELL,1.34894,1.666666666666335,1.34619,1.9999999999997797
False,,8338,1,2025-09-05 12:00:00+00:00,trendline_sweep,1.34838,0.0,0.1489,tp_sl,WIN,BUY,1.34534,3.2358156028370546,1.35148,3.300531914893862
False,,8341,1,2025-09-05 12:45:00+00:00,xs_momentum,1.35222,0.0,0.1061,tp_sl,WIN,BUY,1.34926,2.241161616161664,1.35524,1.372
False,,8344,2,2025-09-05 13:30:00+00:00,xs_momentum,1.35368,0.0,0.0893,tp_sl,WIN,BUY,1.35031,2.2499999999999374,1.35713,1.377
False,,8348,1,2025-09-05 14:30:00+00:00,htf_false_breakout,1.35101,0.0,0.0832,signal_reverse,LOSS,SELL,1.35723,1.284,1.34466,1.284
False,2.332,8351,22,2025-09-05 15:15:00+00:00,xs_momentum,1.35323,0.0,0.0882,tp_sl,LOSS,BUY,1.3498,2.2587719298244586,1.35674,2.303947368420983
False,,8417,11,2025-09-08 07:45:00+00:00,sr_fib_confluence,1.35173,0.0,0.1647,tp_sl,WIN,BUY,1.35012,1.892156862744955,1.35337,1.158
False,,8432,3,2025-09-08 11:30:00+00:00,wick_imbalance_reversion,1.35334,0.0,0.1556,tp_sl,WIN,BUY,1.35131,2.250000000000184,1.35541,1.377
False,,8437,3,2025-09-08 12:45:00+00:00,xs_momentum,1.3545,0.0,0.1429,tp_sl,WIN,BUY,1.35229,2.253401360544253,1.35675,1.379
False,,8443,7,2025-09-08 14:15:00+00:00,xs_momentum,1.35394,0.0,0.134,tp_sl,WIN,BUY,1.35168,2.266666666666639,1.35626,1.387
False,,8453,3,2025-09-08 16:45:00+00:00,dual_sr_bounce,1.3539,0.0,0.1484,tp_sl,LOSS,BUY,1.3527,1.2500000000000937,1.35513,1.2750000000001187
False,,8461,17,2025-09-08 18:45:00+00:00,sr_anti_hunt_bounce,1.35536,0.0,0.1702,tp_sl,LOSS,BUY,1.34219,14.012056737588512,1.3686,14.088297872340313
False,,8515,2,2025-09-09 08:15:00+00:00,trendline_sweep,1.35727,0.0,0.1522,tp_sl,WIN,BUY,1.35439,3.1340579710145096,1.36021,1.918
False,,8534,2,2025-09-09 13:00:00+00:00,wick_imbalance_reversion,1.35581,0.0,0.1506,tp_sl,WIN,BUY,1.35425,1.760299625467971,1.35741,1.077
False,,8548,8,2025-09-09 16:30:00+00:00,ema200_trend_reversal,1.35395,0.0,0.1218,tp_sl,LOSS,BUY,1.35214,1.5527065527066664,1.35581,1.5837606837607732
False,1.724,8602,1,2025-09-10 06:00:00+00:00,sr_fib_confluence,1.35434,0.0,0.3169,tp_sl,LOSS,BUY,1.35345,1.497175141242961,1.35524,1.5271186440678655
False,,8607,20,2025-09-10 07:15:00+00:00,inducement_ob,1.35388,0.0,0.1591,tp_sl,WIN,BUY,1.35132,2.907196969697091,1.35649,1.779
False,,8630,2,2025-09-10 13:00:00+00:00,sr_fib_confluence,1.35406,0.0,0.1136,tp_sl,WIN,BUY,1.35238,1.426553672316321,1.35578,1.4550847457626852
False,1.934,8634,10,2025-09-10 14:00:00+00:00,xs_momentum,1.35586,0.0,0.1155,tp_sl,LOSS,BUY,1.35394,1.6594827586206504,1.35783,1.6926724137931093
False,,8649,6,2025-09-10 17:45:00+00:00,dt_fib_reversal,1.35359,0.0,0.1702,tp_sl,LOSS,BUY,1.3523,1.3741134751773307,1.35491,1.4015957446809388
True,,8659,2,2025-09-10 20:15:00+00:00,dt_sr_channel_reversal,1.35297,0.0,0.2568,tp_sl,WIN,BUY,1.35216,0.9999999999999721,1.35394,0.72
True,1.005,8696,1,2025-09-11 05:30:00+00:00,dt_bb_rsi_mr,1.35244,0.0,0.3339,tp_sl,LOSS,BUY,1.35197,0.8377976190477548,1.353,1.0053571428573058
False,2.191,8699,3,2025-09-11 06:15:00+00:00,dt_sr_channel_reversal,1.35213,0.0,0.275,tp_sl,LOSS,BUY,1.35089,1.8259803921567432,1.35339,1.862500000000087
False,,8704,1,2025-09-11 07:30:00+00:00,turtle_soup,1.35168,0.0,0.1772,signal_reverse,LOSS,BUY,1.34988,0.456,1.35352,0.456
False,,8708,1,2025-09-11 08:30:00+00:00,session_time_bias,1.35153,0.0,0.1818,tp_sl,WIN,SELL,1.35281,1.655844155844334,1.35,1.192
False,,8711,1,2025-09-11 09:15:00+00:00,session_time_bias,1.35044,0.0,0.1728,tp_sl,WIN,SELL,1.35179,1.6666666666666203,1.34882,1.2
False,,8714,3,2025-09-11 10:00:00+00:00,dt_sr_channel_reversal,1.35103,0.0,0.1522,signal_reverse,WIN,BUY,1.34944,1.7300724637681064,1.35265,0.413
False,,8719,1,2025-09-11 11:15:00+00:00,sr_fib_confluence,1.35152,0.0,0.1556,tp_sl,WIN,SELL,1.35265,1.2592592592593672,1.35036,0.771
False,,8722,1,2025-09-11 12:00:00+00:00,sr_fib_confluence,1.35117,0.0,0.1458,signal_reverse,LOSS,SELL,1.35291,2.5,1.34939,2.5
False,,8725,9,2025-09-11 12:45:00+00:00,xs_momentum,1.35465,0.0,0.0972,tp_sl,WIN,BUY,1.35225,1.6666666666666372,1.3571,1.700000000000004
False,,8738,12,2025-09-11 16:00:00+00:00,xs_momentum,1.35775,0.0,0.104,tp_sl,LOSS,BUY,1.35548,1.6605839416058592,1.36007,1.6937956204380802
False,,8760,22,2025-09-11 21:30:00+00:00,gbp_deep_pullback,1.35781,0.0,0.2447,tp_sl,LOSS,BUY,1.35543,2.798039215686319,1.36046,3.1176470588235783
False,2.013,8791,3,2025-09-12 05:15:00+00:00,wick_imbalance_reversion,1.35578,0.0,0.3339,tp_sl,LOSS,BUY,1.35476,1.815476190476189,1.35681,1.8517857142856333
False,,8799,20,2025-09-12 07:15:00+00:00,gbp_deep_pullback,1.3572,0.0,0.1918,tp_sl,LOSS,BUY,1.35268,6.187214611872226,1.36262,7.424657534246853
False,,8824,1,2025-09-12 13:30:00+00:00,dt_sr_channel_reversal,1.35421,0.0,0.134,tp_sl,WIN,BUY,1.35249,1.7249999999999766,1.35597,1.759499999999914
False,2.281,8827,6,2025-09-12 14:15:00+00:00,xs_momentum,1.35669,0.0,0.1241,tp_sl,LOSS,BUY,1.35426,2.253086419753044,1.35918,2.2981481481480306
False,,8835,14,2025-09-12 16:15:00+00:00,london_fix_reversal,1.35569,0.0,0.1307,tp_sl,WIN,BUY,1.3537,1.8272171253822145,1.35808,1.316
False,,8895,3,2025-09-15 07:15:00+00:00,gbp_deep_pullback,1.35834,0.0,0.2029,tp_sl,WIN,BUY,1.35431,5.845410628019324,1.36318,4.209
False,2.011,8914,6,2025-09-15 12:00:00+00:00,xs_momentum,1.36167,0.0,0.1522,tp_sl,LOSS,BUY,1.36013,1.6757246376812764,1.36324,1.7092391304349985
False,,8925,3,2025-09-15 14:45:00+00:00,dt_fib_reversal,1.35905,0.0,0.1396,tp_sl,WIN,BUY,1.3574,1.7187500000001577,1.36074,1.052
False,,8932,7,2025-09-15 16:30:00+00:00,sr_break_retest,1.36017,0.0,0.1454,tp_sl,WIN,BUY,1.35854,1.6666666666667098,1.36184,1.02
False,,8987,2,2025-09-16 06:15:00+00:00,doji_breakout,1.363,0.0,0.2922,tp_sl,WIN,BUY,1.36049,3.9192708333333353,1.36556,2.399
False,,8994,3,2025-09-16 08:00:00+00:00,orb_trap,1.36326,0.0,0.1818,tp_sl,WIN,BUY,1.36219,1.3852813852815211,1.36435,0.848
False,,9000,8,2025-09-16 09:30:00+00:00,post_news_vol,1.3642,0.0,0.1647,tp_sl,WIN,BUY,1.36201,2.578431372549193,1.36644,1.578
False,,9013,1,2025-09-16 12:45:00+00:00,trendline_sweep,1.36423,0.0,0.14,tp_sl,WIN,BUY,1.36181,2.4249999999998995,1.3667,1.484
False,,9017,2,2025-09-16 13:45:00+00:00,xs_momentum,1.3659,0.0,0.1314,tp_sl,WIN,BUY,1.3642,1.6748366013070595,1.36765,1.025
False,,9025,4,2025-09-16 15:45:00+00:00,london_fix_reversal,1.36546,0.0,0.1218,tp_sl,WIN,BUY,1.36409,1.2500000000001146,1.36711,0.9
True,,9045,1,2025-09-16 20:45:00+00:00,dt_bb_rsi_mr,1.36458,0.0,0.2667,tp_sl,WIN,BUY,1.3638,1.0000000000000038,1.36551,0.72
False,,9083,2,2025-09-17 06:15:00+00:00,trendline_sweep,1.36445,0.0,0.3117,tp_sl,LOSS,BUY,1.36319,2.097222222222269,1.36573,2.139166666667025
True,,9087,1,2025-09-17 07:15:00+00:00,dt_bb_rsi_mr,1.36367,0.0,0.2059,tp_sl,LOSS,BUY,1.36337,0.44117647058818665,1.364,0.48529411764729924
False,,9091,1,2025-09-17 08:15:00+00:00,turtle_soup,1.36409,0.0,0.209,tp_sl,WIN,BUY,1.36265,2.1517412935321842,1.36556,1.317
False,,9094,1,2025-09-17 09:00:00+00:00,trendline_sweep,1.36481,0.0,0.1918,tp_sl,WIN,BUY,1.36253,3.127853881278651,1.36714,1.914
False,,9097,12,2025-09-17 09:45:00+00:00,sr_fib_confluence,1.36499,0.0,0.1795,tp_sl,LOSS,BUY,1.36351,1.8910256410257886,1.36649,1.9288461538461792
False,,9111,3,2025-09-17 13:15:00+00:00,sr_fib_confluence,1.36533,0.0,0.174,tp_sl,WIN,BUY,1.3641,1.6017316017314254,1.36659,1.6337662337662096
False,,9118,11,2025-09-17 15:00:00+00:00,xs_momentum,1.36646,0.0,0.1576,tp_sl,WIN,BUY,1.36456,2.2450980392155047,1.36841,2.289999999999825
False,1.586,9175,1,2025-09-18 05:15:00+00:00,dt_sr_channel_reversal,1.3609,0.0,0.2397,tp_sl,LOSS,BUY,1.35974,1.485042735042785,1.36208,1.514743589743521
False,,9180,1,2025-09-18 06:30:00+00:00,htf_false_breakout,1.3605,0.0,0.1989,tp_sl,WIN,BUY,1.35806,2.5886524822692185,1.36298,1.584
False,,9184,7,2025-09-18 07:30:00+00:00,post_news_vol,1.36348,0.0,0.1273,tp_sl,WIN,BUY,1.35818,4.818181818181691,1.36889,2.949
False,,9193,4,2025-09-18 09:45:00+00:00,sr_fib_confluence,1.36466,0.0,0.1321,tp_sl,WIN,BUY,1.36303,1.540880503144694,1.36633,0.943
False,,9212,13,2025-09-18 14:30:00+00:00,dt_sr_channel_reversal,1.35526,0.0,0.0854,tp_sl,LOSS,BUY,1.35226,1.9161358811041411,1.35833,1.9544585987262042
False,,9274,1,2025-09-19 06:00:00+00:00,trendline_sweep,1.35176,0.0,0.2033,tp_sl,WIN,SELL,1.35605,4.655797101449124,1.34739,2.849
False,,9277,1,2025-09-19 06:45:00+00:00,gbp_deep_pullback,1.35057,0.0,0.1816,tp_sl,WIN,SELL,1.35652,5.7766990291261155,1.34343,4.159
False,,9280,3,2025-09-19 07:30:00+00:00,session_time_bias,1.34971,0.0,0.1138,tp_sl,WIN,SELL,1.35247,2.242547425474143,1.3464,1.615
False,,9285,11,2025-09-19 08:45:00+00:00,intraday_seasonality,1.34982,0.0,0.1157,tp_sl,WIN,SELL,1.35254,2.2451790633609097,1.34705,1.374
False,,9299,3,2025-09-19 12:15:00+00:00,xs_momentum,1.34707,0.0,0.1207,tp_sl,LOSS,SELL,1.349,1.6666666666666745,1.3451,1.700000000000073
False,,9309,3,2025-09-19 14:45:00+00:00,xs_momentum,1.3481,0.0,0.1136,tp_sl,WIN,SELL,1.35005,1.6596045197741578,1.3461,1.016
False,,9314,14,2025-09-19 16:00:00+00:00,xs_momentum,1.34741,0.0,0.125,tp_sl,LOSS,SELL,1.34931,1.6666666666666778,1.34547,1.699999999999996
False,2.0,9372,4,2025-09-22 06:45:00+00:00,dt_fib_reversal,1.34724,0.0,0.2562,tp_sl,LOSS,SELL,1.34846,1.666666666666331,1.346,1.6999999999997613
False,,9380,13,2025-09-22 08:45:00+00:00,session_time_bias,1.34946,0.0,0.1591,tp_sl,LOSS,SELL,1.35093,1.6761363636364943,1.34769,2.011363636363692
False,,9397,2,2025-09-22 13:00:00+00:00,session_time_bias,1.35059,0.0,0.134,tp_sl,WIN,SELL,1.35225,1.6666666666667052,1.34859,1.2
False,,9401,8,2025-09-22 14:00:00+00:00,session_time_bias,1.34988,0.0,0.1354,tp_sl,LOSS,SELL,1.35153,1.6666666666668195,1.3479,2.0000000000000937
True,0.68,9413,1,2025-09-22 17:00:00+00:00,dt_sr_channel_reversal,1.35066,0.0,0.1649,tp_sl,LOSS,SELL,1.35121,0.5670103092781735,1.35,0.6804123711338999
False,,9432,19,2025-09-22 21:45:00+00:00,gbp_deep_pullback,1.35089,0.0,0.2506,tp_sl,LOSS,SELL,1.35312,2.6899598393575563,1.34841,2.9879518072289613
False,,9469,4,2025-09-23 07:00:00+00:00,ema200_trend_reversal,1.35085,0.0,0.1772,tp_sl,LOSS,SELL,1.3523,1.8354430379746218,1.34937,1.8721518987339063
False,1.858,9479,12,2025-09-23 09:30:00+00:00,session_time_bias,1.35047,0.0,0.1321,tp_sl,LOSS,SELL,1.35224,1.6666666666666927,1.34835,1.9999999999999054
False,,9504,12,2025-09-23 15:45:00+00:00,ema200_trend_reversal,1.35174,0.0,0.1218,tp_sl,LOSS,BUY,1.34988,1.696969696969712,1.35365,1.730909090909207
False,,9558,2,2025-09-24 05:15:00+00:00,sr_fib_confluence,1.35083,0.0,0.3117,tp_sl,WIN,SELL,1.35173,1.500000000000205,1.34991,1.5300000000003275
False,,9567,1,2025-09-24 07:30:00+00:00,post_news_vol,1.34842,0.0,0.1818,tp_sl,WIN,SELL,1.35118,3.582251082250904,1.34561,2.192
False,,9579,2,2025-09-24 10:30:00+00:00,sr_break_retest,1.34683,0.0,0.1609,tp_sl,WIN,SELL,1.34828,1.6666666666666108,1.34535,1.02
False,,9587,1,2025-09-24 12:30:00+00:00,xs_momentum,1.3449,0.0,0.1489,tp_sl,WIN,SELL,1.34647,1.6755319148934915,1.34329,1.025
False,1.991,9591,3,2025-09-24 13:30:00+00:00,xs_momentum,1.34257,0.0,0.1264,tp_sl,LOSS,SELL,1.34432,1.6588050314465153,1.34077,1.6919811320752656
False,,9596,8,2025-09-24 14:45:00+00:00,xs_momentum,1.34497,0.0,0.1165,tp_sl,WIN,SELL,1.34688,1.6666666666667727,1.34301,1.02
False,,9606,2,2025-09-24 17:15:00+00:00,xs_momentum,1.34517,0.0,0.1509,tp_sl,WIN,SELL,1.34754,2.232704402515687,1.34276,1.366
False,,9657,6,2025-09-25 06:00:00+00:00,trendline_sweep,1.34519,0.0,0.3463,tp_sl,WIN,SELL,1.34689,3.1481481481482128,1.34346,1.927
False,,9665,11,2025-09-25 08:00:00+00:00,sr_fib_confluence,1.34459,0.0,0.1647,tp_sl,WIN,SELL,1.34636,2.078431372549052,1.34279,1.272
False,,9679,3,2025-09-25 11:30:00+00:00,session_time_bias,1.34171,0.0,0.1458,tp_sl,WIN,SELL,1.3433,1.6579861111111018,1.3398,1.9895833333334147
False,,9684,3,2025-09-25 12:45:00+00:00,xs_momentum,1.3382,0.0,0.1207,tp_sl,WIN,SELL,1.34013,1.6666666666666745,1.33623,1.02
False,,9690,1,2025-09-25 14:15:00+00:00,xs_momentum,1.33684,0.0,0.1047,tp_sl,WIN,SELL,1.33896,1.6601562499999472,1.33467,1.693359375000078
False,,9693,11,2025-09-25 15:00:00+00:00,xs_momentum,1.33429,0.0,0.1015,tp_sl,WIN,SELL,1.33725,2.247474747474836,1.33126,1.375
True,,9751,1,2025-09-26 05:30:00+00:00,dt_bb_rsi_mr,1.3353,0.0,0.2922,tp_sl,LOSS,SELL,1.3356,0.4687499999999483,1.335,0.4734375000002566
False,2.0,9759,2,2025-09-26 07:30:00+00:00,session_time_bias,1.33473,0.0,0.1728,tp_sl,LOSS,SELL,1.33608,1.6666666666666203,1.33311,1.9999999999999443
False,,9765,2,2025-09-26 09:00:00+00:00,session_time_bias,1.33594,0.0,0.1707,tp_sl,WIN,SELL,1.3373,1.656504065040671,1.33431,1.193
False,,9769,2,2025-09-26 10:00:00+00:00,dual_sr_bounce,1.33557,0.0,0.1647,tp_sl,LOSS,BUY,1.3343,1.4901960784314698,1.33686,1.5200000000000835
False,,9776,1,2025-09-26 11:45:00+00:00,session_time_bias,1.33486,0.0,0.1687,tp_sl,LOSS,SELL,1.33672,2.238955823293127,1.33263,2.6867469879517523
False,2.0,9779,1,2025-09-26 12:30:00+00:00,session_time_bias,1.3367,0.0,0.1522,tp_sl,LOSS,SELL,1.33823,1.6666666666667245,1.33486,2.0000000000000693
False,,9782,3,2025-09-26 13:15:00+00:00,session_time_bias,1.33758,0.0,0.1354,tp_sl,LOSS,SELL,1.33979,2.239057239057329,1.33492,2.6868686868687948
False,,9793,18,2025-09-26 16:00:00+00:00,htf_false_breakout,1.33968,0.0,0.1319,tp_sl,LOSS,SELL,1.34197,2.1219135802470395,1.33734,2.1643518518519476
False,,9854,11,2025-09-29 07:15:00+00:00,doji_breakout,1.34474,0.0,0.2188,signal_reverse,LOSS,BUY,1.34277,3.063,1.34675,3.063
False,,9867,3,2025-09-29 10:30:00+00:00,sr_fib_confluence,1.34263,0.0,0.1867,signal_reverse,LOSS,SELL,1.3439,1.253,1.34133,1.253
False,,9872,3,2025-09-29 11:45:00+00:00,trendline_sweep,1.34485,0.0,0.1647,tp_sl,WIN,BUY,1.34114,4.362745098039324,1.34863,2.67
False,,9877,1,2025-09-29 13:00:00+00:00,session_time_bias,1.3445,0.0,0.1411,signal_reverse,LOSS,SELL,1.34663,0.461,1.34194,0.461
False,,9880,1,2025-09-29 13:45:00+00:00,session_time_bias,1.34372,0.0,0.1367,tp_sl,WIN,SELL,1.34591,2.236394557823053,1.34109,1.61
False,,9883,2,2025-09-29 14:30:00+00:00,sr_fib_confluence,1.34249,0.0,0.134,signal_reverse,LOSS,SELL,1.34429,1.148,1.34065,1.148
False,,9887,20,2025-09-29 15:30:00+00:00,mqe_gbpusd_fix,1.34283,0.0,0.1301,tp_sl,LOSS,SELL,1.34411,1.2499999999998892,1.34151,1.2749999999999344
True,,9942,1,2025-09-30 05:15:00+00:00,dt_bb_rsi_mr,1.34387,0.0,0.2833,tp_sl,WIN,SELL,1.34453,0.9999999999998226,1.34308,0.72
False,,9951,12,2025-09-30 07:30:00+00:00,session_time_bias,1.34375,0.0,0.1591,tp_sl,LOSS,SELL,1.34573,2.253787878788009,1.34137,2.7045454545455097
False,1.989,9965,3,2025-09-30 11:00:00+00:00,session_time_bias,1.34239,0.0,0.1489,tp_sl,LOSS,SELL,1.34395,1.657801418439711,1.34052,1.9893617021277004
False,,9971,1,2025-09-30 12:30:00+00:00,session_time_bias,1.34373,0.0,0.1474,tp_sl,WIN,SELL,1.34587,2.254385964912325,1.34116,1.623
False,2.009,9974,1,2025-09-30 13:15:00+00:00,session_time_bias,1.34184,0.0,0.1241,tp_sl,LOSS,SELL,1.34364,1.6743827160494553,1.33967,2.009259259259264
False,,9981,5,2025-09-30 15:00:00+00:00,turtle_soup,1.34486,0.0,0.1081,tp_sl,WIN,SELL,1.34816,2.6612903225807103,1.34149,1.629
False,,9988,5,2025-09-30 16:45:00+00:00,london_fix_reversal,1.34599,0.0,0.1261,tp_sl,LOSS,BUY,1.34458,1.2500000000000344,1.34769,1.500000000000002
False,,10037,3,2025-10-01 05:00:00+00:00,dt_bb_rsi_mr,1.34599,0.0,0.2461,signal_reverse,LOSS,SELL,1.34736,0.532,1.3446,0.532
False,1.865,10045,1,2025-10-01 07:00:00+00:00,sr_break_retest,1.3476,0.0,0.1573,tp_sl,LOSS,BUY,1.34612,1.666666666666608,1.34911,1.6999999999998603
False,,10048,4,2025-10-01 07:45:00+00:00,dt_sr_channel_reversal,1.34656,0.0,0.1346,signal_reverse,LOSS,SELL,1.3484,0.625,1.34468,0.625
False,,10054,4,2025-10-01 09:15:00+00:00,session_time_bias,1.34693,0.0,0.14,signal_reverse,LOSS,SELL,1.34918,0.28,1.34423,0.28
False,,10061,2,2025-10-01 11:00:00+00:00,gbp_deep_pullback,1.34799,0.0,0.1346,tp_sl,WIN,BUY,1.3448,3.0689102564102924,1.35182,2.21
False,,10065,1,2025-10-01 12:00:00+00:00,session_time_bias,1.34724,0.0,0.1346,signal_reverse,LOSS,SELL,1.3496,4.5,1.34441,4.5
False,,10068,1,2025-10-01 12:45:00+00:00,session_time_bias,1.35109,0.0,0.1007,signal_reverse,LOSS,SELL,1.35341,0.46,1.34831,0.46
False,2.0,10071,1,2025-10-01 13:30:00+00:00,xs_momentum,1.35266,0.0,0.0985,tp_sl,LOSS,BUY,1.3504,1.6666666666666463,1.35498,1.699999999999904
False,,10074,1,2025-10-01 14:15:00+00:00,xs_momentum,1.35032,0.0,0.0912,tp_sl,WIN,BUY,1.34787,1.6723356009069585,1.35283,1.023
False,,10077,2,2025-10-01 15:00:00+00:00,sr_fib_confluence,1.34859,0.0,0.0827,signal_reverse,LOSS,BUY,1.34547,0.974,1.35178,0.974
False,,10082,15,2025-10-01 16:15:00+00:00,sr_fib_confluence,1.34732,0.0,0.095,tp_sl,LOSS,SELL,1.34958,1.5111111111110926,1.34501,1.5413333333333945
False,,10133,7,2025-10-02 05:00:00+00:00,gbp_deep_pullback,1.34676,0.0,0.3066,signal_reverse,LOSS,SELL,1.3492,5.089,1.34384,5.089
False,,10143,4,2025-10-02 07:30:00+00:00,sr_fib_confluence,1.34974,0.0,0.175,tp_sl,WIN,BUY,1.34821,1.9062499999999982,1.3513,1.167
False,2.0,10149,4,2025-10-02 09:00:00+00:00,sr_fib_confluence,1.35052,0.0,0.1538,tp_sl,LOSS,BUY,1.34879,1.8956043956043698,1.35228,1.933516483516389
False,,10155,1,2025-10-02 10:30:00+00:00,sr_fib_confluence,1.34834,0.0,0.1538,signal_reverse,LOSS,BUY,1.34709,0.857,1.34962,0.857
False,,10158,6,2025-10-02 11:15:00+00:00,intraday_seasonality,1.34725,0.0,0.1556,tp_sl,WIN,SELL,1.34929,2.2685185185183303,1.34517,1.388
False,,10167,1,2025-10-02 13:30:00+00:00,xs_momentum,1.34355,0.0,0.1301,tp_sl,WIN,SELL,1.34587,2.2572815533981867,1.34117,1.381
False,,10171,4,2025-10-02 14:30:00+00:00,xs_momentum,1.34159,0.0,0.1252,tp_sl,WIN,SELL,1.34337,1.6666666666667944,1.33977,1.02
False,,10182,14,2025-10-02 17:15:00+00:00,xs_momentum,1.3438,0.0,0.1538,tp_sl,WIN,SELL,1.34614,2.2516025641025834,1.34141,1.378
False,,10242,2,2025-10-03 08:15:00+00:00,session_time_bias,1.34567,0.0,0.1687,tp_sl,WIN,SELL,1.34705,1.6666666666666168,1.34401,1.2
False,,10246,12,2025-10-03 09:15:00+00:00,session_time_bias,1.34457,0.0,0.1609,tp_sl,WIN,SELL,1.34652,2.2413793103447084,1.34223,1.614
False,,10261,3,2025-10-03 13:00:00+00:00,session_time_bias,1.34522,0.0,0.1396,tp_sl,LOSS,SELL,1.34682,1.6666666666667143,1.3433,2.0000000000001497
True,0.967,10266,1,2025-10-03 14:15:00+00:00,dt_sr_channel_reversal,1.34599,0.0,0.1314,tp_sl,LOSS,SELL,1.34681,0.8055555555553906,1.345,0.9666666666665993
True,,10269,1,2025-10-03 15:00:00+00:00,dt_bb_rsi_mr,1.34689,0.0,0.1301,signal_reverse,LOSS,SELL,1.34762,0.94,1.346,0.94
False,,10272,13,2025-10-03 15:45:00+00:00,xs_momentum,1.34807,0.0,0.1314,tp_sl,LOSS,BUY,1.34579,2.23856209150313,1.3504,2.283333333333358
False,,10326,1,2025-10-06 05:30:00+00:00,gbp_deep_pullback,1.34405,0.0,0.2597,tp_sl,WIN,SELL,1.34668,3.645833333333471,1.3409,2.625
False,1.884,10330,1,2025-10-06 06:30:00+00:00,ema_cross,1.34373,0.0,0.2337,tp_sl,LOSS,SELL,1.34501,1.5937499999998939,1.34243,1.6256249999999084
False,,10334,1,2025-10-06 07:30:00+00:00,session_time_bias,1.34357,0.0,0.1308,tp_sl,WIN,SELL,1.34599,2.2585669781930013,1.34067,1.626
False,,10337,11,2025-10-06 08:15:00+00:00,session_time_bias,1.34242,0.0,0.1207,tp_sl,WIN,SELL,1.34436,1.6738505747125072,1.34009,1.205
False,,10350,5,2025-10-06 11:30:00+00:00,session_time_bias,1.3425,0.0,0.1284,tp_sl,LOSS,SELL,1.34432,1.674311926605473,1.34031,2.0091743119265266
False,1.696,10368,6,2025-10-06 16:00:00+00:00,dt_sr_channel_reversal,1.34672,0.0,0.1454,tp_sl,LOSS,SELL,1.34818,1.4965986394560706,1.34522,1.5265306122450653
False,,10420,3,2025-10-07 05:00:00+00:00,gbp_deep_pullback,1.34607,0.0,0.3016,tp_sl,WIN,SELL,1.34901,4.7446236559139034,1.34254,3.416
False,,10425,2,2025-10-07 06:15:00+00:00,sr_fib_confluence,1.34471,0.0,0.2671,tp_sl,WIN,SELL,1.346,1.845238095238447,1.3434,1.882142857142975
False,,10445,1,2025-10-07 11:15:00+00:00,post_news_vol,1.34036,0.0,0.1522,tp_sl,WIN,SELL,1.34519,5.253623188405943,1.33543,3.215
False,1.958,10448,2,2025-10-07 12:00:00+00:00,xs_momentum,1.33956,0.0,0.1474,tp_sl,LOSS,SELL,1.34113,1.6578947368419812,1.33795,1.691052631579017
False,,10452,1,2025-10-07 13:00:00+00:00,xs_momentum,1.34104,0.0,0.134,tp_sl,LOSS,SELL,1.3427,1.6666666666667052,1.33934,1.7000000000000348
False,2.01,10455,4,2025-10-07 13:45:00+00:00,xs_momentum,1.34166,0.0,0.1314,tp_sl,LOSS,SELL,1.34336,1.6748366013070595,1.33991,1.7083333333333137
True,,10463,4,2025-10-07 15:45:00+00:00,dt_sr_channel_reversal,1.34388,0.0,0.1252,tp_sl,LOSS,SELL,1.34495,1.0000000000001181,1.34259,1.2000000000000588
False,,10475,8,2025-10-07 18:45:00+00:00,sr_anti_hunt_bounce,1.34284,0.0,0.1758,tp_sl,WIN,SELL,1.35261,10.740293040292933,1.33306,6.451
False,,10529,1,2025-10-08 08:15:00+00:00,session_time_bias,1.34172,0.0,0.1505,tp_sl,WIN,SELL,1.3438,2.2401433691754997,1.33922,1.613
False,,10532,1,2025-10-08 09:00:00+00:00,dt_fib_reversal,1.34101,0.0,0.1474,tp_sl,WIN,SELL,1.34273,1.8070175438598006,1.33926,1.106
False,1.989,10535,1,2025-10-08 09:45:00+00:00,session_time_bias,1.34015,0.0,0.1489,tp_sl,LOSS,SELL,1.34171,1.6578014184394747,1.33828,1.989361702127464
False,,10539,1,2025-10-08 10:45:00+00:00,session_time_bias,1.34109,0.0,0.1386,tp_sl,WIN,SELL,1.34278,1.6749174917491552,1.33906,1.206
False,,10545,6,2025-10-08 12:15:00+00:00,session_time_bias,1.34119,0.0,0.1429,tp_sl,LOSS,SELL,1.3434,2.253401360544253,1.33854,2.704081632653103
False,,10554,1,2025-10-08 14:30:00+00:00,dt_bb_rsi_mr,1.3434,0.0,0.1367,tp_sl,WIN,SELL,1.34515,1.7942176870745759,1.3416,1.8301020408161035
False,,10557,1,2025-10-08 15:15:00+00:00,post_news_vol,1.3407,0.0,0.1264,tp_sl,WIN,SELL,1.34477,3.8443396226415576,1.33654,2.353
False,,10560,7,2025-10-08 16:00:00+00:00,xs_momentum,1.3379,0.0,0.1284,tp_sl,WIN,SELL,1.33976,1.6741741741741396,1.336,1.025
False,,10618,2,2025-10-09 06:30:00+00:00,gbp_deep_pullback,1.33658,0.0,0.2174,tp_sl,WIN,SELL,1.34307,7.538759689922554,1.3288,5.428
False,,10622,3,2025-10-09 07:30:00+00:00,session_time_bias,1.33531,0.0,0.1414,tp_sl,WIN,SELL,1.33696,1.6666666666665952,1.33333,1.2
False,,10630,5,2025-10-09 09:30:00+00:00,sr_fib_confluence,1.33814,0.0,0.1239,tp_sl,WIN,SELL,1.34028,1.8952802359884342,1.33596,1.933185840708191
False,,10637,6,2025-10-09 11:15:00+00:00,sr_fib_confluence,1.33719,0.0,0.1273,tp_sl,LOSS,SELL,1.3391,1.734848484848344,1.33524,1.769545454545319
False,,10645,1,2025-10-09 13:15:00+00:00,session_time_bias,1.33732,0.0,0.1107,tp_sl,WIN,SELL,1.34005,2.258953168044012,1.33404,1.626
False,,10648,1,2025-10-09 14:00:00+00:00,session_time_bias,1.33505,0.0,0.0993,tp_sl,WIN,SELL,1.33729,1.660493827160352,1.33236,1.196
False,,10652,1,2025-10-09 15:00:00+00:00,xs_momentum,1.33162,0.0,0.095,tp_sl,WIN,SELL,1.33478,2.245862884160824,1.32839,1.374
False,,10656,15,2025-10-09 16:00:00+00:00,xs_momentum,1.32978,0.0,0.0925,tp_sl,WIN,SELL,1.33324,2.2510822510822917,1.32624,1.378
False,,10679,11,2025-10-09 21:45:00+00:00,gbp_deep_pullback,1.33029,0.0,0.1874,tp_sl,WIN,SELL,1.33269,2.1594594594594434,1.32768,1.411
False,,10716,13,2025-10-10 07:00:00+00:00,sr_anti_hunt_bounce,1.32882,0.0,0.1707,tp_sl,WIN,SELL,1.3384,11.68699186991863,1.31905,7.152
False,2.0,10731,4,2025-10-10 10:45:00+00:00,session_time_bias,1.32603,0.0,0.1346,tp_sl,LOSS,SELL,1.32776,1.6666666666666967,1.32395,2.0000000000000786
False,,10737,1,2025-10-10 12:15:00+00:00,sr_fib_confluence,1.32806,0.0,0.1346,tp_sl,WIN,SELL,1.32988,1.746794871795,1.32621,1.069
False,,10740,4,2025-10-10 13:00:00+00:00,session_time_bias,1.32716,0.0,0.1252,tp_sl,LOSS,SELL,1.32894,1.6666666666667944,1.32502,2.000000000000029
False,1.91,10746,1,2025-10-10 14:30:00+00:00,sr_fib_confluence,1.32927,0.0,0.1207,tp_sl,LOSS,SELL,1.33103,1.5915915915916161,1.32746,1.6234234234234965
False,,10750,22,2025-10-10 15:30:00+00:00,ema200_trend_reversal,1.3332,0.0,0.0802,tp_sl,LOSS,SELL,1.33639,1.911177644710601,1.32994,1.9494011976048369
False,,10811,4,2025-10-13 07:00:00+00:00,trendline_sweep,1.333,0.0,0.1474,tp_sl,WIN,SELL,1.33766,4.903508771929694,1.32825,3.001
False,1.84,10817,1,2025-10-13 08:30:00+00:00,sr_fib_confluence,1.33165,0.0,0.14,tp_sl,LOSS,SELL,1.33328,1.6333333333333755,1.32998,1.6659999999999453
False,,10820,6,2025-10-13 09:15:00+00:00,session_time_bias,1.33321,0.0,0.14,tp_sl,LOSS,SELL,1.33487,1.6583333333333172,1.33122,1.9899999999999363
False,,10828,5,2025-10-13 11:15:00+00:00,sr_fib_confluence,1.33405,0.0,0.1373,tp_sl,WIN,SELL,1.33582,1.7401960784312351,1.33224,1.065
False,,10836,3,2025-10-13 13:15:00+00:00,session_time_bias,1.33339,0.0,0.1354,tp_sl,WIN,SELL,1.33504,1.6666666666668195,1.33141,1.2
False,,10844,22,2025-10-13 15:15:00+00:00,dual_sr_bounce,1.33274,0.0,0.1411,tp_sl,LOSS,SELL,1.33426,1.6052631578947354,1.33118,1.6373684210526769
False,,10903,1,2025-10-14 06:00:00+00:00,trendline_sweep,1.33048,0.0,0.2033,tp_sl,WIN,SELL,1.33587,5.860507246376829,1.32498,3.587
False,,10906,1,2025-10-14 06:45:00+00:00,sr_anti_hunt_bounce,1.3278,0.0,0.1764,tp_sl,WIN,SELL,1.33752,9.1666666666666,1.31789,5.61
False,,10919,3,2025-10-14 10:00:00+00:00,intraday_seasonality,1.32674,0.0,0.1239,tp_sl,WIN,SELL,1.32929,2.2566371681416393,1.32414,1.381
False,2.637,10933,8,2025-10-14 13:30:00+00:00,session_time_bias,1.32832,0.0,0.1023,tp_sl,LOSS,SELL,1.33127,2.258269720101829,1.32477,2.709923664122263
False,,10946,13,2025-10-14 16:45:00+00:00,ema200_trend_reversal,1.33163,0.0,0.1018,tp_sl,LOSS,SELL,1.33388,1.6071428571427595,1.32933,1.6392857142856685
False,1.608,10995,1,2025-10-15 05:00:00+00:00,dt_sr_channel_reversal,1.3346,0.0,0.3016,tp_sl,LOSS,SELL,1.3355,1.4516129032256466,1.33369,1.4806451612902813
False,,11005,5,2025-10-15 07:30:00+00:00,dual_sr_bounce,1.3358,0.0,0.1522,signal_reverse,LOSS,BUY,1.33306,1.913,1.3386,1.913
False,,11014,2,2025-10-15 09:45:00+00:00,session_time_bias,1.33491,0.0,0.1458,signal_reverse,LOSS,SELL,1.33651,0.781,1.33299,0.781
False,,11018,16,2025-10-15 10:45:00+00:00,gbp_deep_pullback,1.33659,0.0,0.1414,tp_sl,WIN,BUY,1.33252,4.107744107744104,1.34147,2.958
False,1.872,11037,5,2025-10-15 15:30:00+00:00,xs_momentum,1.34008,0.0,0.1175,tp_sl,LOSS,BUY,1.33818,1.6666666666666778,1.34202,1.699999999999996
False,,11046,1,2025-10-15 17:45:00+00:00,xs_momentum,1.33784,0.0,0.1584,tp_sl,WIN,BUY,1.33616,1.6584158415842505,1.33955,1.015
False,,11058,12,2025-10-15 20:45:00+00:00,sr_anti_hunt_bounce,1.34029,0.0,0.2364,tp_sl,LOSS,BUY,1.32793,14.044696969697032,1.35271,14.12159090909087
False,,11091,6,2025-10-16 05:00:00+00:00,intraday_seasonality,1.34117,0.0,0.2833,tp_sl,WIN,SELL,1.34228,1.6792929292931649,1.34004,1.028
False,,11102,1,2025-10-16 07:45:00+00:00,squeeze_release_momentum,1.34279,0.0,0.1573,tp_sl,WIN,BUY,1.34145,1.505617977527974,1.34469,1.284
False,,11105,7,2025-10-16 08:30:00+00:00,intraday_seasonality,1.34387,0.0,0.1474,tp_sl,WIN,BUY,1.34226,1.692982456140223,1.34551,1.036
False,,11114,2,2025-10-16 10:45:00+00:00,session_time_bias,1.34323,0.0,0.1458,tp_sl,WIN,SELL,1.34483,1.6666666666667143,1.34131,1.2
False,,11118,1,2025-10-16 11:45:00+00:00,intraday_seasonality,1.34387,0.0,0.1359,tp_sl,WIN,SELL,1.34618,2.241100323624618,1.34152,1.372
False,,11123,1,2025-10-16 13:00:00+00:00,session_time_bias,1.34433,0.0,0.1126,tp_sl,WIN,SELL,1.3463,1.6596638655462688,1.34196,1.195
True,,11127,1,2025-10-16 14:00:00+00:00,dt_bb_rsi_mr,1.34233,0.0,0.0985,tp_sl,WIN,BUY,1.34178,0.40808823529401556,1.343,0.48970588235281864
False,,11130,12,2025-10-16 14:45:00+00:00,trendline_sweep,1.34348,0.0,0.1015,tp_sl,WIN,BUY,1.34071,2.102272727272706,1.34631,1.287
False,,11187,2,2025-10-17 05:00:00+00:00,doji_breakout,1.34596,0.0,0.2671,tp_sl,WIN,BUY,1.34359,3.380952380952643,1.34837,2.069
False,,11193,1,2025-10-17 06:30:00+00:00,htf_false_breakout,1.34527,0.0,0.228,signal_reverse,WIN,SELL,1.34814,3.49593495934975,1.34235,0.763
False,,11196,1,2025-10-17 07:15:00+00:00,sr_fib_confluence,1.34354,0.0,0.1308,signal_reverse,LOSS,BUY,1.34152,0.449,1.34561,0.449
False,,11199,17,2025-10-17 08:00:00+00:00,trendline_sweep,1.34166,0.0,0.1239,tp_sl,LOSS,SELL,1.34897,6.467551622418806,1.33421,6.596902654867185
False,,11218,2,2025-10-17 12:45:00+00:00,dt_bb_rsi_mr,1.34133,0.0,0.1308,signal_reverse,LOSS,BUY,1.33941,0.28,1.34329,0.28
False,,11222,3,2025-10-17 13:45:00+00:00,session_time_bias,1.34021,0.0,0.1196,tp_sl,WIN,SELL,1.34208,1.6741071428572065,1.33796,1.205
False,2.0,11227,2,2025-10-17 15:00:00+00:00,doji_breakout,1.33944,0.0,0.1186,tp_sl,LOSS,SELL,1.34132,1.6666666666665815,1.33752,1.699999999999858
False,,11231,4,2025-10-17 16:00:00+00:00,sr_fib_confluence,1.34203,0.0,0.1218,signal_reverse,LOSS,SELL,1.34386,0.201,1.34016,0.201
False,,11237,2,2025-10-17 17:30:00+00:00,sr_fib_confluence,1.34226,0.0,0.1524,tp_sl,WIN,BUY,1.34076,1.4285714285714828,1.34379,0.874
False,,11282,3,2025-10-20 05:00:00+00:00,dt_sr_channel_reversal,1.3436,0.0,0.3066,tp_sl,WIN,SELL,1.34456,1.5710382513662202,1.34245,1.131
False,,11288,1,2025-10-20 06:30:00+00:00,trendline_sweep,1.34275,0.0,0.275,signal_reverse,LOSS,BUY,1.34164,2.374,1.34388,2.374
False,,11291,1,2025-10-20 07:15:00+00:00,sr_fib_confluence,1.34203,0.0,0.1795,tp_sl,WIN,SELL,1.34338,1.7307692307691824,1.34065,1.059
False,2.047,11294,4,2025-10-20 08:00:00+00:00,sr_fib_confluence,1.34191,0.0,0.1628,tp_sl,LOSS,SELL,1.34343,1.7635658914728032,1.34036,1.798837209302285
False,,11300,1,2025-10-20 09:30:00+00:00,session_time_bias,1.34341,0.0,0.1647,tp_sl,WIN,SELL,1.34483,1.6764705882350444,1.3417,2.01176470588221
False,,11303,4,2025-10-20 10:15:00+00:00,sr_fib_confluence,1.34133,0.0,0.1489,tp_sl,WIN,SELL,1.3429,1.6755319148934915,1.33972,1.025
False,,11309,1,2025-10-20 11:45:00+00:00,dt_sr_channel_reversal,1.34129,0.0,0.1474,signal_reverse,LOSS,BUY,1.33962,0.074,1.343,0.074
False,,11312,4,2025-10-20 12:30:00+00:00,sr_fib_confluence,1.34209,0.0,0.1522,tp_sl,WIN,SELL,1.34352,1.5489130434782712,1.34064,1.5798913043478222
False,,11318,4,2025-10-20 14:00:00+00:00,sr_fib_confluence,1.34152,0.0,0.1354,signal_reverse,LOSS,SELL,1.34312,1.099,1.33988,1.099
False,,11324,8,2025-10-20 15:30:00+00:00,ema200_trend_reversal,1.34191,0.0,0.1396,tp_sl,WIN,SELL,1.34336,1.5190972222222283,1.34042,1.5494791666665249
False,,11386,6,2025-10-21 07:00:00+00:00,trendline_sweep,1.33821,0.0,0.1667,tp_sl,WIN,SELL,1.33993,2.0535714285714004,1.33645,1.257
False,,11394,4,2025-10-21 09:00:00+00:00,session_time_bias,1.33754,0.0,0.1489,tp_sl,WIN,SELL,1.33966,2.2517730496454966,1.335,1.621
False,1.735,11400,1,2025-10-21 10:30:00+00:00,session_time_bias,1.33711,0.0,0.1429,tp_sl,LOSS,SELL,1.33874,1.6666666666667098,1.33515,1.9999999999999611
False,,11404,4,2025-10-21 11:30:00+00:00,session_time_bias,1.33764,0.0,0.1386,tp_sl,WIN,SELL,1.33992,2.2607260726071217,1.3349,1.628
False,,11410,1,2025-10-21 13:00:00+00:00,session_time_bias,1.33819,0.0,0.1186,tp_sl,WIN,SELL,1.34072,2.2418879056046697,1.33515,1.614
False,,11416,21,2025-10-21 14:30:00+00:00,sr_anti_hunt_bounce,1.33663,0.0,0.1117,tp_sl,LOSS,SELL,1.34617,7.951388888888985,1.32689,8.110416666666787
False,,11478,1,2025-10-22 06:00:00+00:00,gbp_deep_pullback,1.33422,0.0,0.2125,tp_sl,WIN,SELL,1.33988,6.429924242424228,1.32743,4.63
False,,11482,3,2025-10-22 07:00:00+00:00,post_news_vol,1.33231,0.0,0.1359,tp_sl,WIN,SELL,1.34018,7.645631067961238,1.32428,4.679
False,,11503,1,2025-10-22 12:15:00+00:00,trendline_sweep,1.33301,0.0,0.1321,tp_sl,WIN,SELL,1.33521,2.0754716981131884,1.33077,1.27
False,,11506,2,2025-10-22 13:00:00+00:00,session_time_bias,1.33223,0.0,0.1107,tp_sl,LOSS,SELL,1.33425,1.673553719008218,1.3298,2.0082644628098616
False,,11513,6,2025-10-22 14:45:00+00:00,dt_fib_reversal,1.33532,0.0,0.1081,tp_sl,LOSS,SELL,1.33747,1.740591397849584,1.33311,1.7754032258066044
False,,11522,15,2025-10-22 17:00:00+00:00,ema200_trend_reversal,1.33645,0.0,0.1416,tp_sl,WIN,SELL,1.33825,1.5929203539825185,1.33461,1.6247787610620983
False,,11573,1,2025-10-23 05:45:00+00:00,sr_fib_confluence,1.33448,0.0,0.3281,tp_sl,LOSS,SELL,1.33542,1.652046783626036,1.33352,1.6850877192984945
True,0.897,11576,1,2025-10-23 06:30:00+00:00,dt_sr_channel_reversal,1.33458,0.0,0.2877,tp_sl,LOSS,SELL,1.33507,0.7474358974358408,1.334,0.8969230769230773
True,,11579,1,2025-10-23 07:15:00+00:00,dt_sr_channel_reversal,1.33463,0.0,0.2059,tp_sl,LOSS,SELL,1.33515,0.772058823529245,1.334,0.9264705882351594
False,,11583,4,2025-10-23 08:15:00+00:00,session_time_bias,1.33526,0.0,0.1972,tp_sl,WIN,SELL,1.33644,1.6666666666666394,1.33384,1.2
False,,11589,3,2025-10-23 09:45:00+00:00,session_time_bias,1.33473,0.0,0.2,tp_sl,WIN,SELL,1.3359,1.6785714285713231,1.33332,1.209
False,,11597,1,2025-10-23 11:45:00+00:00,session_time_bias,1.33345,0.0,0.2059,tp_sl,WIN,SELL,1.33458,1.6666666666668095,1.33209,1.2
False,,11600,3,2025-10-23 12:30:00+00:00,sr_fib_confluence,1.33412,0.0,0.1842,tp_sl,WIN,SELL,1.33514,1.3377192982456128,1.33308,0.819
False,,11605,4,2025-10-23 13:45:00+00:00,session_time_bias,1.33254,0.0,0.1595,tp_sl,WIN,SELL,1.33394,1.6666666666667473,1.33086,1.2
False,,11612,7,2025-10-23 15:30:00+00:00,xs_momentum,1.33194,0.0,0.1367,tp_sl,WIN,SELL,1.33356,1.6581632653061098,1.33028,1.015
False,,11621,24,2025-10-23 17:45:00+00:00,xs_momentum,1.33154,0.0,0.1818,tp_sl,LOSS,SELL,1.333,1.6571969696969764,1.33005,1.6903409090907544
False,,11674,2,2025-10-24 07:00:00+00:00,trendline_sweep,1.33238,0.0,0.1842,tp_sl,WIN,SELL,1.33397,2.0942982456140236,1.33076,1.282
False,,11678,2,2025-10-24 08:00:00+00:00,session_time_bias,1.33085,0.0,0.1687,tp_sl,LOSS,SELL,1.33224,1.6767068273089853,1.32918,2.0120481927708895
False,,11682,10,2025-10-24 09:00:00+00:00,session_time_bias,1.33138,0.0,0.1474,tp_sl,WIN,SELL,1.33351,2.245614035087706,1.32882,1.617
False,,11697,4,2025-10-24 12:45:00+00:00,session_time_bias,1.33443,0.0,0.1085,tp_sl,WIN,SELL,1.33734,2.2545219638242564,1.33094,1.623
False,,11703,1,2025-10-24 14:15:00+00:00,turtle_soup,1.33164,0.0,0.0964,tp_sl,WIN,SELL,1.33842,4.880095923261413,1.32472,2.987
False,,11707,6,2025-10-24 15:15:00+00:00,xs_momentum,1.33027,0.0,0.0993,tp_sl,WIN,SELL,1.33252,1.6666666666665653,1.32797,1.02
False,,11717,15,2025-10-24 17:45:00+00:00,dual_sr_bounce,1.33012,0.0,0.1481,tp_sl,LOSS,SELL,1.33189,1.635802469135828,1.32832,1.6685185185185938
False,,11768,1,2025-10-27 06:45:00+00:00,turtle_soup,1.33218,0.0,0.2877,tp_sl,WIN,SELL,1.33417,3.051282051282228,1.33016,1.867
False,,11772,2,2025-10-27 07:45:00+00:00,session_time_bias,1.33142,0.0,0.2029,tp_sl,LOSS,SELL,1.33298,2.258454106279864,1.32955,2.710144927535966
False,1.937,11776,2,2025-10-27 08:45:00+00:00,session_time_bias,1.33247,0.0,0.1772,tp_sl,LOSS,SELL,1.33379,1.6666666666666237,1.33089,1.999999999999892
False,,11782,8,2025-10-27 10:15:00+00:00,session_time_bias,1.33426,0.0,0.1647,signal_reverse,LOSS,SELL,1.33618,0.471,1.33196,0.471
False,2.0,11792,2,2025-10-27 12:45:00+00:00,xs_momentum,1.33487,0.0,0.1667,tp_sl,LOSS,BUY,1.33347,1.666666666666483,1.3363,1.699999999999982
False,,11796,1,2025-10-27 13:45:00+00:00,sr_fib_confluence,1.3337,0.0,0.1473,signal_reverse,LOSS,BUY,1.33225,0.668,1.33519,0.668
False,,11799,1,2025-10-27 14:30:00+00:00,sr_fib_confluence,1.33294,0.0,0.1506,tp_sl,WIN,SELL,1.33444,1.694756554306992,1.3314,1.037
False,,11802,6,2025-10-27 15:15:00+00:00,sr_fib_confluence,1.33243,0.0,0.1411,tp_sl,LOSS,SELL,1.33373,1.3771929824560472,1.33109,1.4047368421050466
False,,11810,4,2025-10-27 17:15:00+00:00,dual_sr_bounce,1.33334,0.0,0.1928,tp_sl,WIN,SELL,1.33537,2.449799196787146,1.33127,1.499
False,,11864,1,2025-10-28 06:45:00+00:00,turtle_soup,1.33504,0.0,0.2634,signal_reverse,LOSS,SELL,1.33793,0.161,1.3321,0.161
False,,11867,1,2025-10-28 07:30:00+00:00,session_time_bias,1.33444,0.0,0.1944,tp_sl,WIN,SELL,1.33606,2.2453703703705856,1.3325,2.6944444444445175
False,,11870,1,2025-10-28 08:15:00+00:00,gbp_deep_pullback,1.33196,0.0,0.1609,tp_sl,WIN,SELL,1.33929,8.429118773946197,1.32316,6.069
False,,11873,12,2025-10-28 09:00:00+00:00,gbp_deep_pullback,1.33032,0.0,0.1443,tp_sl,WIN,SELL,1.33749,7.396907216494775,1.32171,5.326
False,,11887,1,2025-10-28 12:30:00+00:00,xs_momentum,1.32944,0.0,0.1333,tp_sl,WIN,SELL,1.33119,1.666666666666589,1.32766,1.6999999999999291
False,,11890,1,2025-10-28 13:15:00+00:00,xs_momentum,1.32653,0.0,0.1175,tp_sl,WIN,SELL,1.32843,1.6739766081871936,1.32458,1.024
False,,11897,22,2025-10-28 15:00:00+00:00,xs_momentum,1.32713,0.0,0.1072,tp_sl,LOSS,SELL,1.32922,1.6733333333332823,1.32499,1.7068000000000083
False,,11982,3,2025-10-29 12:15:00+00:00,xs_momentum,1.32031,0.0,0.1443,tp_sl,LOSS,SELL,1.32193,1.67525773195875,1.31865,1.7087628865978013
False,1.985,11987,4,2025-10-29 13:30:00+00:00,session_time_bias,1.32066,0.0,0.1276,tp_sl,LOSS,SELL,1.32241,1.666666666666589,1.31856,1.9999999999999913
False,,11998,4,2025-10-29 16:15:00+00:00,london_fix_reversal,1.3236,0.0,0.1332,tp_sl,WIN,SELL,1.32494,1.2538940809967984,1.32199,1.5046728971961583
False,,12049,5,2025-10-30 05:00:00+00:00,dt_bb_rsi_mr,1.32081,0.0,0.22,tp_sl,WIN,SELL,1.32235,1.8039215686272525,1.31897,1.299
False,,12057,3,2025-10-30 07:00:00+00:00,trendline_sweep,1.31919,0.0,0.1573,tp_sl,WIN,SELL,1.32224,3.4269662921348285,1.31608,2.097
False,,12065,1,2025-10-30 09:00:00+00:00,session_time_bias,1.31946,0.0,0.125,tp_sl,WIN,SELL,1.32133,1.6666666666666816,1.31722,1.2
False,,12069,3,2025-10-30 10:00:00+00:00,session_time_bias,1.31836,0.0,0.1296,tp_sl,WIN,SELL,1.32015,1.6589506172839221,1.31621,1.194
False,,12075,2,2025-10-30 11:30:00+00:00,session_time_bias,1.31785,0.0,0.1346,tp_sl,WIN,SELL,1.32019,2.2516025641025834,1.31504,1.621
False,,12079,1,2025-10-30 12:30:00+00:00,session_time_bias,1.31486,0.0,0.1197,tp_sl,WIN,SELL,1.31681,1.666666666666578,1.31252,2.0000000000000075
False,,12082,1,2025-10-30 13:15:00+00:00,intraday_seasonality,1.31365,0.0,0.1015,tp_sl,LOSS,SELL,1.31586,1.6792929292929968,1.31138,1.7128787878788398
False,,12085,4,2025-10-30 14:00:00+00:00,sr_fib_confluence,1.31651,0.0,0.0912,tp_sl,WIN,SELL,1.31855,1.3888888888889248,1.31442,0.85
False,,12152,1,2025-10-31 06:45:00+00:00,trendline_sweep,1.31383,0.0,0.271,tp_sl,WIN,SELL,1.31627,3.5265700483091122,1.31135,2.158
False,,12156,3,2025-10-31 07:45:00+00:00,sr_fib_confluence,1.31437,0.0,0.1667,tp_sl,WIN,SELL,1.31584,1.746031746031818,1.31287,1.069
False,,12161,1,2025-10-31 09:00:00+00:00,sr_fib_confluence,1.31454,0.0,0.1667,tp_sl,WIN,SELL,1.31607,1.8154761904761887,1.31298,1.111
False,,12166,4,2025-10-31 10:15:00+00:00,session_time_bias,1.31397,0.0,0.1522,tp_sl,WIN,SELL,1.31549,1.6576086956521723,1.31214,1.9891304347826069
False,,12173,5,2025-10-31 12:00:00+00:00,session_time_bias,1.31095,0.0,0.1284,tp_sl,WIN,SELL,1.31278,1.674311926605473,1.30876,1.206
False,2.0,12181,6,2025-10-31 14:00:00+00:00,xs_momentum,1.31111,0.0,0.1196,tp_sl,LOSS,SELL,1.31297,1.6666666666666816,1.3092,1.699999999999916
False,,12189,4,2025-10-31 16:00:00+00:00,london_fix_reversal,1.31308,0.0,0.1197,tp_sl,WIN,SELL,1.31486,1.4985994397758384,1.31094,1.079
True,,12243,2,2025-11-03 06:45:00+00:00,dt_bb_rsi_mr,1.31441,0.0,0.34,tp_sl,WIN,SELL,1.31476,0.6257575757574362,1.314,0.7509090909090849
False,,12247,2,2025-11-03 07:45:00+00:00,session_time_bias,1.31363,0.0,0.2295,tp_sl,WIN,SELL,1.31464,1.6530054644807834,1.31242,1.98360655737694
False,,12252,1,2025-11-03 09:00:00+00:00,sr_fib_confluence,1.31188,0.0,0.2059,tp_sl,LOSS,SELL,1.31309,1.7769607843136113,1.31065,1.8124999999999554
False,,12255,1,2025-11-03 09:45:00+00:00,sr_fib_confluence,1.31236,0.0,0.1892,tp_sl,LOSS,SELL,1.31359,1.666666666666483,1.3111,1.6999999999999749
False,,12258,3,2025-11-03 10:30:00+00:00,session_time_bias,1.31308,0.0,0.1772,tp_sl,WIN,SELL,1.31486,2.2573839662446176,1.31094,1.625
False,,12267,1,2025-11-03 12:45:00+00:00,session_time_bias,1.31389,0.0,0.1647,tp_sl,WIN,SELL,1.31531,1.6666666666663525,1.31219,1.99999999999978
False,,12270,3,2025-11-03 13:30:00+00:00,intraday_seasonality,1.31244,0.0,0.1506,tp_sl,WIN,SELL,1.31443,2.237827715355746,1.3104,1.37
False,,12275,1,2025-11-03 14:45:00+00:00,ema_cross,1.31112,0.0,0.1523,tp_sl,LOSS,SELL,1.31262,1.7140151515150257,1.30958,1.7482954545453262
False,,12280,24,2025-11-03 16:00:00+00:00,turtle_soup,1.31423,0.0,0.1272,tp_sl,WIN,SELL,1.31616,1.7261904761904845,1.31226,1.056
False,1.984,12333,7,2025-11-04 05:15:00+00:00,intraday_seasonality,1.31195,0.0,0.2922,tp_sl,LOSS,SELL,1.31301,1.6536458333330644,1.31087,1.6867187499998435
False,,12342,1,2025-11-04 07:30:00+00:00,session_time_bias,1.31243,0.0,0.1795,tp_sl,WIN,SELL,1.31374,1.6773504273505986,1.31086,2.0128205128206043
False,,12345,1,2025-11-04 08:15:00+00:00,session_time_bias,1.31043,0.0,0.1458,tp_sl,WIN,SELL,1.31202,1.6579861111111018,1.30852,1.194
False,,12348,1,2025-11-04 09:00:00+00:00,session_time_bias,1.30823,0.0,0.1273,tp_sl,WIN,SELL,1.31006,1.666666666666685,1.30603,1.2
False,,12351,9,2025-11-04 09:45:00+00:00,session_time_bias,1.30613,0.0,0.1228,tp_sl,WIN,SELL,1.30803,1.6666666666666778,1.30385,1.2
False,,12364,3,2025-11-04 13:00:00+00:00,xs_momentum,1.30617,0.0,0.1301,tp_sl,WIN,SELL,1.30789,1.674757281553375,1.30441,1.025
False,,12369,14,2025-11-04 14:15:00+00:00,xs_momentum,1.30409,0.0,0.1252,tp_sl,WIN,SELL,1.30588,1.6744548286604073,1.30226,1.7079439252337318
False,,12441,1,2025-11-05 08:15:00+00:00,session_time_bias,1.30354,0.0,0.1772,tp_sl,LOSS,SELL,1.30487,1.6877637130802638,1.30194,2.0253164556962604
False,,12445,2,2025-11-05 09:15:00+00:00,session_time_bias,1.30417,0.0,0.1628,tp_sl,WIN,SELL,1.3056,1.6666666666667413,1.30245,1.2
False,,12451,1,2025-11-05 10:45:00+00:00,session_time_bias,1.30239,0.0,0.1647,tp_sl,WIN,SELL,1.30431,2.254901960784196,1.30009,1.624
False,,12457,5,2025-11-05 12:15:00+00:00,session_time_bias,1.30381,0.0,0.1505,tp_sl,WIN,SELL,1.3054,1.7114695340501698,1.3019,1.232
False,,12464,3,2025-11-05 14:00:00+00:00,session_time_bias,1.30223,0.0,0.1426,tp_sl,WIN,SELL,1.30434,2.2517730496452604,1.29969,1.621
False,1.417,12470,21,2025-11-05 15:30:00+00:00,orb_trap,1.30367,0.0,0.1229,tp_sl,LOSS,SELL,1.30509,1.307339449541293,1.30221,1.333486238532107
False,,12529,2,2025-11-06 06:15:00+00:00,turtle_soup,1.30597,0.0,0.3528,tp_sl,WIN,SELL,1.30688,1.7138364779873374,1.30505,1.049
False,,12534,2,2025-11-06 07:30:00+00:00,session_time_bias,1.30636,0.0,0.209,tp_sl,WIN,SELL,1.30758,1.815920398009916,1.3049,1.307
False,2.608,12538,1,2025-11-06 08:30:00+00:00,session_time_bias,1.30628,0.0,0.1892,tp_sl,LOSS,SELL,1.30795,2.2522522522523043,1.30428,2.7027027027027053
False,,12541,8,2025-11-06 09:15:00+00:00,gbp_deep_pullback,1.30843,0.0,0.1591,tp_sl,WIN,BUY,1.30411,4.905303030302869,1.31361,3.532
False,,12551,1,2025-11-06 11:45:00+00:00,session_time_bias,1.30882,0.0,0.1556,tp_sl,WIN,SELL,1.31032,1.6666666666667298,1.30702,2.0000000000000266
False,,12554,1,2025-11-06 12:30:00+00:00,trendline_sweep,1.30841,0.0,0.1217,tp_sl,WIN,BUY,1.30503,2.942028985507212,1.31186,1.801
False,,12557,1,2025-11-06 13:15:00+00:00,xs_momentum,1.3098,0.0,0.1126,tp_sl,WIN,BUY,1.30714,2.2408963585435435,1.31252,1.371
False,,12560,1,2025-11-06 14:00:00+00:00,session_time_bias,1.30991,0.0,0.1008,signal_reverse,WIN,SELL,1.31212,1.6666666666667336,1.30725,0.783
False,,12563,1,2025-11-06 14:45:00+00:00,sr_fib_confluence,1.30849,0.0,0.1055,tp_sl,WIN,BUY,1.30625,1.7650918635170845,1.31078,1.08
False,,12566,4,2025-11-06 15:30:00+00:00,sr_fib_confluence,1.30909,0.0,0.1015,tp_sl,WIN,BUY,1.30674,1.7803030303030865,1.31149,1.09
False,,12572,1,2025-11-06 17:00:00+00:00,xs_momentum,1.31126,0.0,0.129,tp_sl,WIN,BUY,1.30845,2.2647849462365337,1.31412,1.386
False,,12623,4,2025-11-07 05:45:00+00:00,sr_break_retest,1.31172,0.0,0.3463,tp_sl,WIN,SELL,1.31262,1.666666666666483,1.3108,1.02
False,1.732,12630,1,2025-11-07 07:30:00+00:00,session_time_bias,1.3114,0.0,0.25,tp_sl,LOSS,SELL,1.31233,1.6666666666664833,1.31028,2.0000000000000178
False,,12633,4,2025-11-07 08:15:00+00:00,trendline_sweep,1.31076,0.0,0.1944,tp_sl,WIN,SELL,1.31337,3.6226851851851714,1.3081,2.217
False,2.453,12640,4,2025-11-07 10:00:00+00:00,intraday_seasonality,1.30963,0.0,0.1867,tp_sl,LOSS,SELL,1.31132,2.2555555555555293,1.3079,2.3006666666667286
False,,12646,1,2025-11-07 11:30:00+00:00,sr_fib_confluence,1.31139,0.0,0.175,signal_reverse,LOSS,SELL,1.31245,1.8,1.31031,1.8
False,,12649,1,2025-11-07 12:15:00+00:00,sr_fib_confluence,1.31255,0.0,0.175,tp_sl,LOSS,BUY,1.31125,1.6250000000000986,1.31388,1.657499999999923
False,,12652,1,2025-11-07 13:00:00+00:00,sr_fib_confluence,1.31228,0.0,0.1558,tp_sl,WIN,BUY,1.31073,1.812015503875963,1.31387,1.109
False,,12655,2,2025-11-07 13:45:00+00:00,session_time_bias,1.31292,0.0,0.1396,signal_reverse,LOSS,SELL,1.31507,1.196,1.31033,1.196
False,,12659,1,2025-11-07 14:45:00+00:00,xs_momentum,1.31491,0.0,0.134,tp_sl,WIN,BUY,1.31316,1.7499999999999183,1.3167,1.071
False,,12663,3,2025-11-07 15:45:00+00:00,xs_momentum,1.31526,0.0,0.1175,tp_sl,WIN,BUY,1.31268,2.266081871344877,1.3179,1.387
False,,12669,7,2025-11-07 17:15:00+00:00,xs_momentum,1.31645,0.0,0.1495,tp_sl,WIN,BUY,1.31403,2.258566978193209,1.31892,1.382
False,3.691,12723,2,2025-11-10 06:45:00+00:00,trendline_sweep,1.31396,0.0,0.271,tp_sl,LOSS,SELL,1.31632,3.4178743961354527,1.31156,3.486231884058059
False,2.402,12727,1,2025-11-10 07:45:00+00:00,session_time_bias,1.31555,0.0,0.1707,tp_sl,LOSS,SELL,1.31741,2.2662601626015797,1.31332,2.7195121951218955
False,,12730,13,2025-11-10 08:30:00+00:00,gbp_deep_pullback,1.31789,0.0,0.1522,tp_sl,LOSS,BUY,1.31161,6.8297101449276285,1.32543,8.195652173913155
False,,12745,3,2025-11-10 12:15:00+00:00,xs_momentum,1.31824,0.0,0.1538,tp_sl,WIN,BUY,1.31618,2.2619047619046957,1.32034,1.384
False,,12750,1,2025-11-10 13:30:00+00:00,session_time_bias,1.31721,0.0,0.1411,signal_reverse,WIN,SELL,1.31878,1.6578947368419812,1.31532,0.213
False,,12753,1,2025-11-10 14:15:00+00:00,sr_fib_confluence,1.3166,0.0,0.1441,signal_reverse,LOSS,BUY,1.31502,0.191,1.31822,0.191
False,,12756,3,2025-11-10 15:00:00+00:00,sr_fib_confluence,1.316,0.0,0.1314,signal_reverse,WIN,SELL,1.31765,1.6176470588236778,1.31431,0.071
False,,12761,3,2025-11-10 16:15:00+00:00,london_fix_reversal,1.31609,0.0,0.1411,signal_reverse,WIN,BUY,1.31483,1.2541254125411159,1.31761,0.292
False,,12812,5,2025-11-11 05:00:00+00:00,intraday_seasonality,1.31655,0.0,0.3117,tp_sl,WIN,SELL,1.31756,1.6805555555554632,1.31552,1.028
False,,12820,4,2025-11-11 07:00:00+00:00,gbp_deep_pullback,1.31273,0.0,0.1591,tp_sl,WIN,SELL,1.31961,7.8219696969697186,1.30447,5.632
False,,12837,2,2025-11-11 11:15:00+00:00,sr_fib_confluence,1.31423,0.0,0.1458,signal_reverse,LOSS,SELL,1.31586,1.302,1.31256,1.302
False,,12841,1,2025-11-11 12:15:00+00:00,dt_fib_reversal,1.3149,0.0,0.1489,tp_sl,WIN,SELL,1.31644,1.6400709219859302,1.31333,1.004
False,,12844,1,2025-11-11 13:00:00+00:00,sr_fib_confluence,1.31509,0.0,0.1396,tp_sl,WIN,BUY,1.31345,1.7100694444445452,1.31677,1.7442708333333574
False,,12847,1,2025-11-11 13:45:00+00:00,turtle_soup,1.31698,0.0,0.1229,signal_reverse,LOSS,SELL,1.31865,0.383,1.31527,0.383
False,1.72,12850,1,2025-11-11 14:30:00+00:00,xs_momentum,1.31808,0.0,0.1186,tp_sl,LOSS,BUY,1.3162,1.6666666666665815,1.32,1.699999999999858
False,,12853,17,2025-11-11 15:15:00+00:00,xs_momentum,1.31672,0.0,0.1136,tp_sl,WIN,BUY,1.31407,2.252824858757143,1.31944,1.379
True,0.892,12876,1,2025-11-11 21:00:00+00:00,dt_bb_rsi_mr,1.31636,0.0,0.2889,tp_sl,LOSS,BUY,1.31582,0.7430555555554891,1.317,0.8916666666667102
False,1.848,12918,1,2025-11-12 07:30:00+00:00,session_time_bias,1.31413,0.0,0.2121,tp_sl,LOSS,SELL,1.31522,1.6540404040404741,1.31282,1.9848484848487036
False,,12921,1,2025-11-12 08:15:00+00:00,session_time_bias,1.31505,0.0,0.1972,tp_sl,WIN,SELL,1.31624,1.6784037558685942,1.31362,2.014084507042313
False,2.0,12924,10,2025-11-12 09:00:00+00:00,session_time_bias,1.31138,0.0,0.1458,tp_sl,LOSS,SELL,1.31298,1.6666666666667143,1.30946,1.9999999999999185
False,,12936,1,2025-11-12 12:00:00+00:00,trendline_sweep,1.31284,0.0,0.1273,tp_sl,WIN,SELL,1.31467,1.666666666666685,1.31097,1.7000000000000348
False,,12940,3,2025-11-12 13:00:00+00:00,session_time_bias,1.31111,0.0,0.1207,tp_sl,WIN,SELL,1.31296,1.6741741741741396,1.30888,2.0090090090089676
False,,12945,3,2025-11-12 14:15:00+00:00,xs_momentum,1.30871,0.0,0.1175,tp_sl,LOSS,SELL,1.31126,2.2368421052632037,1.3061,2.2815789473684873
False,,12951,20,2025-11-12 15:45:00+00:00,sr_fib_confluence,1.31285,0.0,0.1196,tp_sl,LOSS,SELL,1.31457,1.5401785714285505,1.31109,1.570982142857066
False,2.012,13017,1,2025-11-13 08:15:00+00:00,session_time_bias,1.31378,0.0,0.1728,tp_sl,LOSS,SELL,1.31514,1.6769547325103091,1.31215,2.012345679012371
False,,13020,1,2025-11-13 09:00:00+00:00,session_time_bias,1.31618,0.0,0.1321,tp_sl,WIN,SELL,1.31807,1.784591194968514,1.31391,1.285
False,,13024,4,2025-11-13 10:00:00+00:00,intraday_seasonality,1.3158,0.0,0.125,tp_sl,WIN,SELL,1.31832,2.2470238095238595,1.31323,1.375
False,2.467,13030,3,2025-11-13 11:30:00+00:00,session_time_bias,1.31508,0.0,0.1333,tp_sl,LOSS,SELL,1.31745,2.2539682539682175,1.31224,2.704761904761861
False,,13035,12,2025-11-13 12:45:00+00:00,sr_anti_hunt_bounce,1.31824,0.0,0.1273,signal_reverse,WIN,BUY,1.30832,9.01515151515143,1.32836,0.973
False,,13049,1,2025-11-13 16:15:00+00:00,xs_momentum,1.31989,0.0,0.125,tp_sl,WIN,BUY,1.31799,1.6666666666666778,1.32183,1.02
False,1.679,13053,5,2025-11-13 17:15:00+00:00,xs_momentum,1.32145,0.0,0.1429,tp_sl,LOSS,BUY,1.31958,1.6666666666666816,1.32335,1.7000000000001143
False,,13102,6,2025-11-14 05:30:00+00:00,sr_break_retest,1.31444,0.0,0.228,tp_sl,WIN,SELL,1.31598,1.8800813008131396,1.31287,1.9176829268295108
False,,13111,1,2025-11-14 07:45:00+00:00,session_time_bias,1.31449,0.0,0.1207,tp_sl,WIN,SELL,1.31711,2.2629310344826528,1.31134,2.7155172413792985
False,,13114,6,2025-11-14 08:30:00+00:00,turtle_soup,1.31931,0.0,0.0761,signal_reverse,LOSS,BUY,1.30944,2.755,1.32937,2.755
False,,13122,1,2025-11-14 10:30:00+00:00,session_time_bias,1.31413,0.0,0.0819,tp_sl,WIN,SELL,1.31797,2.2465886939571598,1.30952,1.618
False,,13128,2,2025-11-14 12:00:00+00:00,trendline_sweep,1.31504,0.0,0.0875,tp_sl,WIN,BUY,1.31081,2.6458333333333193,1.31936,1.619
False,,13132,3,2025-11-14 13:00:00+00:00,session_time_bias,1.31649,0.0,0.0838,tp_sl,WIN,SELL,1.3201,2.2604166666666257,1.31215,1.628
False,,13137,2,2025-11-14 14:15:00+00:00,dt_fib_reversal,1.31658,0.0,0.0807,tp_sl,WIN,SELL,1.3188,1.3403614457830852,1.31431,1.3671686746987497
False,,13143,15,2025-11-14 15:45:00+00:00,turtle_soup,1.31405,0.0,0.0812,tp_sl,WIN,BUY,1.31144,1.5858585858584784,1.31672,1.6175757575757772
True,,13198,1,2025-11-17 06:15:00+00:00,dt_bb_rsi_mr,1.31441,0.0,0.2833,tp_sl,WIN,BUY,1.31391,0.7487373737374006,1.315,0.898484848484948
False,,13201,1,2025-11-17 07:00:00+00:00,turtle_soup,1.31559,0.0,0.2059,tp_sl,WIN,BUY,1.31278,4.1299019607845935,1.31845,2.528
False,,13204,15,2025-11-17 07:45:00+00:00,post_news_vol,1.3177,0.0,0.1818,tp_sl,LOSS,BUY,1.31406,4.729437229437358,1.32141,4.824025974026347
False,,13221,1,2025-11-17 12:00:00+00:00,intraday_seasonality,1.31825,0.0,0.1414,tp_sl,WIN,BUY,1.31662,1.641414141414353,1.31991,1.005
False,,13224,6,2025-11-17 12:45:00+00:00,session_time_bias,1.31781,0.0,0.1346,tp_sl,WIN,SELL,1.31955,1.6746794871795698,1.31572,1.206
False,1.994,13234,16,2025-11-17 15:15:00+00:00,orb_trap,1.31717,0.0,0.1288,tp_sl,LOSS,BUY,1.31519,1.9070512820513925,1.3192,1.9451923076924118
False,,13256,12,2025-11-17 20:45:00+00:00,gbp_deep_pullback,1.31522,0.0,0.2337,tp_sl,WIN,SELL,1.31788,2.9808988764045132,1.31225,2.002
False,,13289,3,2025-11-18 05:00:00+00:00,intraday_seasonality,1.31596,0.0,0.275,tp_sl,WIN,SELL,1.31713,1.7156862745099415,1.31477,1.05
False,,13295,1,2025-11-18 06:30:00+00:00,ema200_trend_reversal,1.31543,0.0,0.2833,tp_sl,WIN,SELL,1.31653,1.6666666666668195,1.31431,1.02
False,,13299,1,2025-11-18 07:30:00+00:00,dual_sr_bounce,1.3159,0.0,0.1944,tp_sl,WIN,BUY,1.31407,2.5462962962963243,1.31777,1.558
False,,13302,2,2025-11-18 08:15:00+00:00,session_time_bias,1.31655,0.0,0.1573,tp_sl,WIN,SELL,1.31804,1.6760299625468191,1.31476,1.207
False,,13306,6,2025-11-18 09:15:00+00:00,ema200_trend_reversal,1.31556,0.0,0.1474,tp_sl,WIN,SELL,1.31695,1.4649122807017683,1.31414,1.4942105263159253
False,,13314,6,2025-11-18 11:15:00+00:00,session_time_bias,1.31414,0.0,0.1538,tp_sl,WIN,SELL,1.3162,2.2619047619046957,1.31167,1.629
False,,13325,7,2025-11-18 14:00:00+00:00,session_time_bias,1.31501,0.0,0.1276,tp_sl,WIN,SELL,1.31736,2.2460317460316572,1.31218,1.617
False,,13334,2,2025-11-18 16:15:00+00:00,london_fix_reversal,1.31356,0.0,0.1239,tp_sl,LOSS,SELL,1.315,1.2499999999999831,1.31183,1.4999999999999796
True,0.618,13389,1,2025-11-19 06:00:00+00:00,dt_bb_rsi_mr,1.31438,0.0,0.3016,tp_sl,LOSS,SELL,1.3147,0.5147849462365293,1.314,0.6177419354839068
False,,13395,1,2025-11-19 07:30:00+00:00,ema200_trend_reversal,1.31466,0.0,0.1647,tp_sl,WIN,SELL,1.31611,1.7058823529411193,1.31318,1.044
False,,13398,2,2025-11-19 08:15:00+00:00,session_time_bias,1.31338,0.0,0.1556,tp_sl,WIN,SELL,1.3154,2.2499999999999374,1.31095,1.62
False,,13403,1,2025-11-19 09:30:00+00:00,session_time_bias,1.31209,0.0,0.1429,tp_sl,WIN,SELL,1.31371,1.6581632653061098,1.31014,1.194
False,,13407,1,2025-11-19 10:30:00+00:00,session_time_bias,1.31188,0.0,0.1359,tp_sl,WIN,SELL,1.3136,1.6666666666665908,1.30982,1.2
False,,13410,14,2025-11-19 11:15:00+00:00,sr_fib_confluence,1.31183,0.0,0.1176,tp_sl,WIN,SELL,1.31411,1.9117647058823755,1.30951,1.17
False,,13426,1,2025-11-19 15:15:00+00:00,xs_momentum,1.31019,0.0,0.1218,tp_sl,WIN,SELL,1.31202,1.666666666666685,1.30832,1.7000000000000348
False,,13430,3,2025-11-19 16:15:00+00:00,xs_momentum,1.30746,0.0,0.1168,tp_sl,WIN,SELL,1.30949,1.6666666666666652,1.30538,1.02
False,,13435,8,2025-11-19 17:30:00+00:00,xs_momentum,1.30606,0.0,0.1322,tp_sl,WIN,SELL,1.30808,1.6666666666667584,1.304,1.02
False,,13487,5,2025-11-20 06:30:00+00:00,trendline_sweep,1.30577,0.0,0.2337,tp_sl,LOSS,SELL,1.30745,2.0937500000001164,1.30406,2.135625000000141
False,,13496,5,2025-11-20 08:45:00+00:00,session_time_bias,1.30635,0.0,0.1573,tp_sl,LOSS,SELL,1.30836,2.2565543071161684,1.30394,2.707865168539352
False,,13503,2,2025-11-20 10:30:00+00:00,intraday_seasonality,1.30787,0.0,0.1591,tp_sl,WIN,SELL,1.30932,1.6477272727274697,1.30639,1.008
False,,13509,5,2025-11-20 12:00:00+00:00,session_time_bias,1.30601,0.0,0.1667,tp_sl,WIN,SELL,1.30742,1.676587301587183,1.30432,1.207
False,1.97,13517,1,2025-11-20 14:00:00+00:00,session_time_bias,1.3085,0.0,0.1015,tp_sl,LOSS,SELL,1.31066,1.641414141414297,1.3059,1.9696969696970892
False,,13521,1,2025-11-20 15:00:00+00:00,htf_false_breakout,1.31045,0.0,0.0957,tp_sl,WIN,SELL,1.31255,1.4999999999999933,1.3083,1.530000000000063
False,,13524,4,2025-11-20 15:45:00+00:00,ema200_trend_reversal,1.30935,0.0,0.0931,tp_sl,WIN,SELL,1.31179,1.6956018518518579,1.30686,1.038
False,,13530,13,2025-11-20 17:15:00+00:00,sr_fib_confluence,1.30723,0.0,0.1168,tp_sl,LOSS,SELL,1.30931,1.5206812652067263,1.30511,1.5510948905108997
False,,13579,5,2025-11-21 05:30:00+00:00,dt_bb_rsi_mr,1.30895,0.0,0.2671,tp_sl,WIN,SELL,1.31021,1.7976190476187703,1.30744,2.157142857142715
False,,13586,2,2025-11-21 07:15:00+00:00,ema200_trend_reversal,1.30842,0.0,0.1647,tp_sl,WIN,SELL,1.31,1.8627450980391413,1.3068,1.14
False,,13593,1,2025-11-21 09:00:00+00:00,session_time_bias,1.30866,0.0,0.1386,tp_sl,WIN,SELL,1.31035,1.6749174917491552,1.30663,1.206
False,,13596,3,2025-11-21 09:45:00+00:00,session_time_bias,1.30594,0.0,0.1284,tp_sl,WIN,SELL,1.30776,1.6666666666667886,1.30376,1.2
False,,13602,1,2025-11-21 11:15:00+00:00,ema_cross,1.3059,0.0,0.1273,tp_sl,WIN,SELL,1.30788,1.8030303030304071,1.30388,1.103
False,,13607,9,2025-11-21 12:30:00+00:00,sr_fib_confluence,1.30755,0.0,0.1094,tp_sl,LOSS,SELL,1.30982,1.7708333333333117,1.30524,1.8062500000000716
False,,13618,6,2025-11-21 15:15:00+00:00,ema200_trend_reversal,1.30821,0.0,0.0993,tp_sl,LOSS,SELL,1.31016,1.444444444444532,1.30622,1.473333333333347
True,0.286,13626,1,2025-11-21 17:15:00+00:00,dt_bb_rsi_mr,1.30938,0.0,0.1203,tp_sl,LOSS,SELL,1.3097,0.23809523809529534,1.309,0.285714285714321
False,,13680,2,2025-11-24 07:00:00+00:00,turtle_soup,1.30935,0.0,0.209,tp_sl,WIN,SELL,1.3122,4.253731343283942,1.30644,2.603
False,,13685,3,2025-11-24 08:15:00+00:00,session_time_bias,1.31005,0.0,0.1687,tp_sl,WIN,SELL,1.31191,2.238955823293127,1.30782,1.612
True,,13690,10,2025-11-24 09:30:00+00:00,dt_bb_rsi_mr,1.3093,0.0,0.1667,tp_sl,WIN,BUY,1.30872,0.6944444444445002,1.31,0.8333333333332416
False,1.833,13702,5,2025-11-24 12:30:00+00:00,intraday_seasonality,1.31134,0.0,0.1667,tp_sl,LOSS,BUY,1.30985,1.7757936507936534,1.31286,1.8113095238094683
False,,13709,5,2025-11-24 14:15:00+00:00,trendline_sweep,1.30874,0.0,0.1411,tp_sl,WIN,SELL,1.31275,4.228070175438715,1.30464,2.588
False,,13716,10,2025-11-24 16:00:00+00:00,trendline_sweep,1.31071,0.0,0.1344,tp_sl,WIN,BUY,1.30696,3.5377358490565283,1.31454,2.165
True,,13728,11,2025-11-24 19:00:00+00:00,dt_bb_rsi_mr,1.31089,0.0,0.1538,tp_sl,WIN,SELL,1.31163,0.7131410256410006,1.31,0.513
False,,13768,1,2025-11-25 05:00:00+00:00,intraday_seasonality,1.30982,0.0,0.3066,tp_sl,WIN,SELL,1.31086,1.7076502732239467,1.30876,1.045
False,2.0,13771,4,2025-11-25 05:45:00+00:00,intraday_seasonality,1.30995,0.0,0.3016,tp_sl,LOSS,SELL,1.31099,1.6666666666668413,1.3089,1.700000000000178
False,,13779,1,2025-11-25 07:45:00+00:00,session_time_bias,1.31204,0.0,0.1772,signal_reverse,LOSS,SELL,1.31336,0.203,1.31045,0.203
False,,13782,1,2025-11-25 08:30:00+00:00,turtle_soup,1.31137,0.0,0.1591,signal_reverse,LOSS,SELL,1.31377,0.955,1.30892,0.955
False,,13785,2,2025-11-25 09:15:00+00:00,gbp_deep_pullback,1.31249,0.0,0.1522,tp_sl,WIN,BUY,1.30958,3.1612318840579245,1.31598,2.276
False,1.627,13791,1,2025-11-25 10:45:00+00:00,sr_break_retest,1.31311,0.0,0.1373,tp_sl,LOSS,BUY,1.31167,1.4133986928103561,1.31458,1.441666666666598
False,,13794,3,2025-11-25 11:30:00+00:00,sr_fib_confluence,1.31207,0.0,0.1386,tp_sl,WIN,BUY,1.3103,1.7491749174915565,1.31387,1.07
False,,13799,1,2025-11-25 12:45:00+00:00,xs_momentum,1.31359,0.0,0.1239,tp_sl,WIN,BUY,1.3117,1.6740412979350663,1.31552,1.7075221238937324
False,,13802,1,2025-11-25 13:30:00+00:00,session_time_bias,1.31415,0.0,0.1072,signal_reverse,LOSS,SELL,1.31695,1.406,1.31078,1.406
False,,13805,1,2025-11-25 14:15:00+00:00,xs_momentum,1.3161,0.0,0.1055,tp_sl,WIN,BUY,1.31398,1.6732283464566398,1.31827,1.7066929133857305
False,,13808,2,2025-11-25 15:00:00+00:00,xs_momentum,1.31788,0.0,0.1015,tp_sl,WIN,BUY,1.31568,1.6666666666668195,1.32013,1.02
False,,13812,3,2025-11-25 16:00:00+00:00,xs_momentum,1.31842,0.0,0.1088,tp_sl,WIN,BUY,1.31625,1.6603053435114794,1.32064,1.016
False,,13817,1,2025-11-25 17:15:00+00:00,xs_momentum,1.31925,0.0,0.1194,tp_sl,WIN,BUY,1.31702,1.6666666666666488,1.32153,1.02
False,,13864,6,2025-11-26 05:00:00+00:00,dual_sr_bounce,1.31896,0.0,0.2174,tp_sl,WIN,BUY,1.31717,2.073643410852614,1.32078,1.269
False,,13873,12,2025-11-26 07:15:00+00:00,gbp_deep_pullback,1.31706,0.0,0.1591,tp_sl,WIN,SELL,1.32067,4.100378787878651,1.31273,2.952
False,,13887,2,2025-11-26 10:45:00+00:00,session_time_bias,1.316,0.0,0.1333,tp_sl,WIN,SELL,1.31775,1.666666666666589,1.3139,1.2
False,,13891,1,2025-11-26 11:45:00+00:00,sr_fib_confluence,1.31698,0.0,0.0966,tp_sl,WIN,SELL,1.32007,2.132183908045857,1.31383,2.174827586206765
False,,13894,1,2025-11-26 12:30:00+00:00,sr_fib_confluence,1.31648,0.0,0.0761,tp_sl,LOSS,SELL,1.31945,1.6168478260869292,1.31345,1.6491847826086026
False,,13897,7,2025-11-26 13:15:00+00:00,xs_momentum,1.32139,0.0,0.067,tp_sl,WIN,BUY,1.31807,1.6625000000000112,1.32479,1.017
False,,13906,1,2025-11-26 15:30:00+00:00,dt_sr_channel_reversal,1.32132,0.0,0.0684,signal_reverse,LOSS,SELL,1.32442,0.759,1.31815,0.759
False,,13909,12,2025-11-26 16:15:00+00:00,xs_momentum,1.32332,0.0,0.0774,tp_sl,LOSS,BUY,1.32025,1.6711956521738798,1.32646,1.7046195652173235
False,,13971,1,2025-11-27 07:45:00+00:00,orb_trap,1.32402,0.0,0.1591,signal_reverse,LOSS,BUY,1.32269,2.0,1.32538,2.0
False,,13974,1,2025-11-27 08:30:00+00:00,post_news_vol,1.3218,0.0,0.1474,tp_sl,WIN,SELL,1.32501,3.3771929824560605,1.31853,2.067
False,,13978,2,2025-11-27 09:30:00+00:00,dt_fib_reversal,1.32148,0.0,0.1538,signal_reverse,WIN,BUY,1.32015,1.465201465201548,1.32284,0.44
False,,13982,9,2025-11-27 10:30:00+00:00,sr_fib_confluence,1.32216,0.0,0.1591,signal_reverse,LOSS,SELL,1.32359,1.989,1.3207,1.989
False,,13993,4,2025-11-27 13:15:00+00:00,sr_fib_confluence,1.32439,0.0,0.1696,tp_sl,LOSS,BUY,1.32313,1.6033755274262649,1.32569,1.6354430379747733
False,,13999,2,2025-11-27 14:45:00+00:00,sr_fib_confluence,1.32343,0.0,0.1675,tp_sl,WIN,BUY,1.32213,1.6354166666668335,1.32477,1.001
False,2.457,14003,6,2025-11-27 15:45:00+00:00,xs_momentum,1.32518,0.0,0.1595,tp_sl,LOSS,BUY,1.32328,2.271825396825477,1.32713,2.317261904761992
False,,14011,13,2025-11-27 17:45:00+00:00,sr_fib_confluence,1.32391,0.0,0.1798,tp_sl,LOSS,BUY,1.32238,1.7228464419476255,1.32547,1.7573033707866528
False,,14064,3,2025-11-28 07:00:00+00:00,dt_bb_rsi_mr,1.32181,0.0,0.1707,tp_sl,LOSS,BUY,1.32073,1.3211382113821037,1.32292,1.3475609756099192
False,,14074,16,2025-11-28 09:30:00+00:00,htf_false_breakout,1.32239,0.0,0.1386,tp_sl,LOSS,BUY,1.31852,3.828382838284066,1.32633,3.9049504950496727
False,,14092,4,2025-11-28 14:00:00+00:00,sr_fib_confluence,1.3229,0.0,0.1314,tp_sl,LOSS,BUY,1.32137,1.503267973856261,1.32447,1.5333333333334518
False,,14099,1,2025-11-28 15:45:00+00:00,london_fix_reversal,1.32526,0.0,0.1,tp_sl,LOSS,BUY,1.32359,1.2500000000000695,1.32727,1.5000000000000502
False,,14102,2,2025-11-28 16:30:00+00:00,london_fix_reversal,1.32442,0.0,0.1071,tp_sl,LOSS,BUY,1.32276,1.2531328320802295,1.32642,1.5037593984962419
False,,14106,13,2025-11-28 17:30:00+00:00,dual_sr_bounce,1.32375,0.0,0.129,tp_sl,LOSS,BUY,1.3222,1.2499999999999518,1.32533,1.275000000000044
False,,14154,3,2025-12-01 05:30:00+00:00,dual_sr_bounce,1.32225,0.0,0.2461,tp_sl,WIN,SELL,1.32429,2.686403508771999,1.32017,1.644
False,1.79,14164,1,2025-12-01 08:00:00+00:00,sr_break_retest,1.32262,0.0,0.14,tp_sl,LOSS,BUY,1.32112,1.5000000000000568,1.32415,1.5300000000000313
False,,14167,2,2025-12-01 08:45:00+00:00,dt_bb_rsi_mr,1.32124,0.0,0.1284,tp_sl,WIN,BUY,1.31966,1.4449541284404623,1.32285,1.473853211009235
False,1.389,14171,2,2025-12-01 09:45:00+00:00,dual_sr_bounce,1.32343,0.0,0.1296,tp_sl,LOSS,BUY,1.32204,1.2885802469135925,1.32485,1.3143518518519712
False,,14180,1,2025-12-01 12:00:00+00:00,intraday_seasonality,1.32439,0.0,0.1333,tp_sl,WIN,BUY,1.32203,2.246031746031869,1.3268,1.375
False,,14183,4,2025-12-01 12:45:00+00:00,intraday_seasonality,1.32685,0.0,0.1261,tp_sl,LOSS,BUY,1.32501,1.6591591591592263,1.32873,1.6923423423424468
False,,14189,4,2025-12-01 14:15:00+00:00,xs_momentum,1.32563,0.0,0.1155,tp_sl,LOSS,BUY,1.3237,1.666666666666483,1.32761,1.6999999999998816
False,1.5,14195,1,2025-12-01 15:45:00+00:00,london_fix_reversal,1.32533,0.0,0.1047,tp_sl,LOSS,BUY,1.32373,1.2500000000000357,1.32725,1.5000000000001121
False,1.628,14198,6,2025-12-01 16:30:00+00:00,ema200_trend_reversal,1.32351,0.0,0.1088,tp_sl,LOSS,BUY,1.3214,1.6157760814248432,1.32567,1.648091603053452
False,,14248,4,2025-12-02 05:00:00+00:00,intraday_seasonality,1.32103,0.0,0.3528,tp_sl,WIN,SELL,1.32222,2.232704402515687,1.31983,1.366
False,,14254,1,2025-12-02 06:30:00+00:00,dt_bb_rsi_mr,1.32118,0.0,0.3463,tp_sl,WIN,BUY,1.3202,1.8055555555558707,1.32235,1.3
False,,14258,8,2025-12-02 07:30:00+00:00,session_time_bias,1.32101,0.0,0.2258,tp_sl,WIN,SELL,1.32204,1.666666666666483,1.31977,1.2
False,,14268,2,2025-12-02 10:00:00+00:00,session_time_bias,1.31942,0.0,0.1443,tp_sl,WIN,SELL,1.32105,1.67525773195875,1.31747,1.206
False,,14272,6,2025-12-02 11:00:00+00:00,session_time_bias,1.31928,0.0,0.1414,tp_sl,LOSS,SELL,1.32092,1.658249158249256,1.31731,1.9898989898990174
False,,14280,2,2025-12-02 13:00:00+00:00,session_time_bias,1.32053,0.0,0.1411,tp_sl,WIN,SELL,1.32211,1.6666666666666,1.31863,1.2
False,2.386,14285,3,2025-12-02 14:15:00+00:00,intraday_seasonality,1.32125,0.0,0.1381,tp_sl,LOSS,BUY,1.31908,2.2422680412371525,1.32347,2.2871134020617534
False,,14290,20,2025-12-02 15:30:00+00:00,turtle_soup,1.32107,0.0,0.1126,tp_sl,LOSS,BUY,1.31745,3.046218487394949,1.32477,3.1071428571429673
True,,14313,1,2025-12-02 21:15:00+00:00,dt_sr_channel_reversal,1.32071,0.0,0.2447,tp_sl,LOSS,SELL,1.32131,0.6980392156864067,1.32,0.8376470588235835
False,,14355,2,2025-12-03 07:45:00+00:00,orb_trap,1.32444,0.0,0.2059,tp_sl,WIN,BUY,1.32357,1.2867647058822929,1.32533,0.787
False,,14361,1,2025-12-03 09:15:00+00:00,post_news_vol,1.32662,0.0,0.1667,tp_sl,WIN,BUY,1.3238,3.36309523809533,1.3295,2.058
False,,14372,3,2025-12-03 12:00:00+00:00,xs_momentum,1.32998,0.0,0.1538,tp_sl,WIN,BUY,1.32846,1.666666666666849,1.33153,1.02
False,,14378,1,2025-12-03 13:30:00+00:00,xs_momentum,1.33139,0.0,0.1314,tp_sl,LOSS,BUY,1.32969,1.6666666666667007,1.33313,1.7000000000001219
False,,14382,1,2025-12-03 14:30:00+00:00,xs_momentum,1.33096,0.0,0.1229,tp_sl,WIN,BUY,1.32915,1.6666666666667886,1.33282,1.02
False,,14385,2,2025-12-03 15:15:00+00:00,xs_momentum,1.3324,0.0,0.1145,tp_sl,WIN,BUY,1.33045,1.6737891737891317,1.3344,1.7072649572650396
False,,14392,11,2025-12-03 17:00:00+00:00,xs_momentum,1.33368,0.0,0.1333,signal_reverse,WIN,BUY,1.33167,1.6736111111111582,1.33573,1.117
False,,14444,8,2025-12-04 06:00:00+00:00,dual_sr_bounce,1.33317,0.0,0.3224,signal_reverse,LOSS,SELL,1.33438,4.593,1.33194,4.593
False,,14457,6,2025-12-04 09:15:00+00:00,dual_sr_bounce,1.33457,0.0,0.175,tp_sl,WIN,BUY,1.33357,1.2500000000001399,1.33559,0.765
False,,14470,3,2025-12-04 12:30:00+00:00,sr_fib_confluence,1.33474,0.0,0.1538,tp_sl,LOSS,BUY,1.33282,2.106227106226996,1.33669,2.1483516483515706
False,,14475,1,2025-12-04 13:45:00+00:00,inducement_ob,1.33436,0.0,0.1264,tp_sl,WIN,BUY,1.33211,2.122641509433833,1.33666,2.165094339622581
False,,14478,4,2025-12-04 14:30:00+00:00,xs_momentum,1.33704,0.0,0.1175,tp_sl,WIN,BUY,1.33515,1.6593567251461623,1.33897,1.016
False,,14487,15,2025-12-04 16:45:00+00:00,wick_imbalance_reversion,1.33538,0.0,0.1188,tp_sl,LOSS,BUY,1.3327,2.2361111111111427,1.33812,2.280833333333325
True,,14504,2,2025-12-04 21:00:00+00:00,dt_bb_rsi_mr,1.33314,0.0,0.2447,tp_sl,LOSS,BUY,1.33242,0.8450980392157369,1.334,1.0141176470589888
False,,14544,1,2025-12-05 07:00:00+00:00,sr_fib_confluence,1.33548,0.0,0.2258,tp_sl,WIN,BUY,1.33451,1.5725806451612068,1.33647,0.962
False,,14547,1,2025-12-05 07:45:00+00:00,sr_fib_confluence,1.33542,0.0,0.2059,tp_sl,WIN,BUY,1.33395,2.156862745098128,1.33692,1.32
False,2.556,14550,6,2025-12-05 08:30:00+00:00,sr_fib_confluence,1.33541,0.0,0.1944,tp_sl,LOSS,BUY,1.33385,2.1643518518518445,1.337,2.207638888889073
False,,14563,1,2025-12-05 11:45:00+00:00,turtle_soup,1.33412,0.0,0.1728,tp_sl,WIN,BUY,1.33279,1.6460905349795167,1.33548,1.007
False,,14567,4,2025-12-05 12:45:00+00:00,sr_fib_confluence,1.33494,0.0,0.1687,tp_sl,WIN,BUY,1.33348,1.7570281124498064,1.33643,1.075
False,3.0,14574,5,2025-12-05 14:30:00+00:00,gbp_deep_pullback,1.33534,0.0,0.1411,tp_sl,LOSS,BUY,1.33297,2.500000000000017,1.33819,3.00000000000002
True,,14581,6,2025-12-05 16:15:00+00:00,dt_bb_rsi_mr,1.33242,0.0,0.1272,tp_sl,WIN,BUY,1.3313,1.0000000000000089,1.33377,1.2000000000000106
False,,14631,3,2025-12-08 05:00:00+00:00,sr_fib_confluence,1.33404,0.0,0.3224,tp_sl,WIN,BUY,1.33313,1.5660919540229117,1.33496,0.958
False,1.857,14636,7,2025-12-08 06:15:00+00:00,sr_fib_confluence,1.33331,0.0,0.2877,tp_sl,LOSS,BUY,1.33216,1.769230769231087,1.33448,1.8046153846155242
False,,14645,2,2025-12-08 08:30:00+00:00,orb_trap,1.33257,0.0,0.1918,tp_sl,LOSS,BUY,1.33166,1.2500000000001286,1.3335,1.274999999999973
False,,14651,15,2025-12-08 10:00:00+00:00,trendline_sweep,1.33262,0.0,0.1707,tp_sl,WIN,BUY,1.33079,2.2357723577236017,1.33449,1.368
False,,14674,2,2025-12-08 15:45:00+00:00,wick_imbalance_reversion,1.33126,0.0,0.1241,tp_sl,WIN,BUY,1.32885,2.2376543209877164,1.33373,1.369
False,,14680,18,2025-12-08 17:15:00+00:00,turtle_soup,1.33166,0.0,0.1495,tp_sl,WIN,BUY,1.33005,1.5031152647976016,1.3333,0.92
False,,14729,11,2025-12-09 05:30:00+00:00,doji_breakout,1.33355,0.0,0.3066,tp_sl,WIN,BUY,1.33201,2.5273224043713975,1.33512,1.547
False,,14744,16,2025-12-09 09:15:00+00:00,gbp_deep_pullback,1.33542,0.0,0.1818,tp_sl,LOSS,BUY,1.33125,5.411255411255681,1.34042,6.4935064935066436
False,,14762,1,2025-12-09 13:45:00+00:00,dt_bb_rsi_mr,1.33153,0.0,0.1441,signal_reverse,LOSS,BUY,1.32985,0.826,1.33325,0.826
False,,14765,1,2025-12-09 14:30:00+00:00,turtle_soup,1.33152,0.0,0.134,signal_reverse,LOSS,BUY,1.32896,2.408,1.33414,2.408
False,,14768,1,2025-12-09 15:15:00+00:00,sr_fib_confluence,1.33102,0.0,0.1098,tp_sl,WIN,SELL,1.33347,2.0150273224042863,1.32851,1.233
False,,14772,3,2025-12-09 16:15:00+00:00,sr_fib_confluence,1.33122,0.0,0.114,tp_sl,WIN,SELL,1.33358,1.8866666666667697,1.32881,1.155
False,,14777,3,2025-12-09 17:30:00+00:00,dual_sr_bounce,1.33013,0.0,0.1391,tp_sl,WIN,SELL,1.33252,2.079710144927452,1.32769,1.273
False,,14828,2,2025-12-10 06:15:00+00:00,sr_fib_confluence,1.33114,0.0,0.3224,tp_sl,WIN,BUY,1.33022,1.5804597701149599,1.33207,1.6120689655174658
False,,14833,1,2025-12-10 07:30:00+00:00,gbp_deep_pullback,1.33217,0.0,0.2222,tp_sl,WIN,BUY,1.32956,4.140211640211625,1.3353,2.981
False,,14836,2,2025-12-10 08:15:00+00:00,sr_break_retest,1.3323,0.0,0.1944,tp_sl,LOSS,BUY,1.33109,1.678240740740633,1.33353,1.7118055555555134
False,,14840,12,2025-12-10 09:15:00+00:00,sr_fib_confluence,1.3314,0.0,0.1867,tp_sl,LOSS,BUY,1.33003,1.8222222222223174,1.33279,1.858666666666823
False,,14854,1,2025-12-10 12:45:00+00:00,session_time_bias,1.33125,0.0,0.1818,tp_sl,WIN,SELL,1.33298,2.24025974025971,1.32918,1.613
False,,14857,1,2025-12-10 13:30:00+00:00,trendline_sweep,1.33197,0.0,0.1614,tp_sl,WIN,BUY,1.32965,2.801204819277268,1.33435,1.714
True,,14861,1,2025-12-10 14:30:00+00:00,dt_bb_rsi_mr,1.33235,0.0,0.1523,tp_sl,LOSS,SELL,1.33323,0.9999999999999908,1.33129,1.1999999999999384
False,,14865,4,2025-12-10 15:30:00+00:00,dual_sr_bounce,1.33227,0.0,0.1426,tp_sl,WIN,BUY,1.33077,1.6046099290778966,1.33381,1.6367021276594544
False,,14871,7,2025-12-10 17:00:00+00:00,sr_anti_hunt_bounce,1.33433,0.0,0.1616,tp_sl,WIN,BUY,1.32432,10.109427609427673,1.34454,6.187
False,,14882,18,2025-12-10 19:45:00+00:00,gbp_deep_pullback,1.33658,0.0,0.0994,tp_sl,WIN,BUY,1.32947,4.418426501035207,1.34473,3.037
False,1.704,14932,2,2025-12-11 08:15:00+00:00,ema_cross,1.33748,0.0,0.1728,tp_sl,LOSS,BUY,1.33613,1.6666666666668943,1.33886,1.7000000000002269
False,,14938,3,2025-12-11 09:45:00+00:00,orb_trap,1.33728,0.0,0.1505,tp_sl,WIN,BUY,1.3341,3.4229390681003395,1.34053,2.095
False,,14952,1,2025-12-11 13:15:00+00:00,wick_imbalance_reversion,1.33946,0.0,0.1506,tp_sl,WIN,BUY,1.33789,1.7696629213481823,1.34107,1.805056179775106
False,,14955,3,2025-12-11 14:00:00+00:00,trendline_sweep,1.34209,0.0,0.1288,tp_sl,WIN,BUY,1.33738,4.535256410256445,1.34691,2.776
False,2.009,14961,13,2025-12-11 15:30:00+00:00,xs_momentum,1.34298,0.0,0.1229,tp_sl,LOSS,BUY,1.34116,1.6743119266056765,1.34485,1.707798165137782
True,,14980,6,2025-12-11 20:15:00+00:00,dt_sr_channel_reversal,1.33945,0.0,0.2122,tp_sl,LOSS,BUY,1.33847,0.9999999999999806,1.34062,1.2000000000000672
False,,15015,2,2025-12-12 05:00:00+00:00,sr_anti_hunt_bounce,1.33934,0.0,0.3339,tp_sl,WIN,BUY,1.32979,17.053571428571335,1.34908,10.437
False,,15025,1,2025-12-12 07:30:00+00:00,dual_sr_bounce,1.33855,0.0,0.209,tp_sl,WIN,SELL,1.33996,2.1019900497514263,1.33711,1.286
False,,15028,11,2025-12-12 08:15:00+00:00,turtle_soup,1.33844,0.0,0.1918,tp_sl,LOSS,BUY,1.33661,2.5114155251141828,1.34031,2.561643835616491
False,,15041,5,2025-12-12 11:30:00+00:00,dt_sr_channel_reversal,1.33714,0.0,0.1818,tp_sl,WIN,BUY,1.33584,1.6883116883117908,1.33847,1.033
False,1.802,15049,1,2025-12-12 13:30:00+00:00,sr_break_retest,1.33816,0.0,0.1654,tp_sl,LOSS,BUY,1.33695,1.502057613168696,1.33941,1.5320987654321576
False,1.993,15052,5,2025-12-12 14:15:00+00:00,orb_trap,1.33718,0.0,0.154,tp_sl,LOSS,BUY,1.33562,1.8007662835249612,1.33878,1.8367816091953888
False,,15060,3,2025-12-12 16:15:00+00:00,xs_momentum,1.33544,0.0,0.1566,tp_sl,WIN,SELL,1.33748,2.2435897435895575,1.33336,1.373
False,,15065,5,2025-12-12 17:30:00+00:00,sr_fib_confluence,1.33706,0.0,0.16,tp_sl,WIN,SELL,1.33886,1.8000000000000238,1.33522,1.102
False,,15112,5,2025-12-15 05:30:00+00:00,wick_imbalance_reversion,1.33632,0.0,0.2922,tp_sl,WIN,BUY,1.33517,1.7968749999999754,1.33749,1.1
False,2.697,15120,5,2025-12-15 07:30:00+00:00,session_time_bias,1.33583,0.0,0.2121,tp_sl,LOSS,SELL,1.33731,2.2474747474750045,1.33405,2.696969696969871
False,,15129,14,2025-12-15 09:45:00+00:00,post_news_vol,1.3389,0.0,0.1795,tp_sl,LOSS,BUY,1.33534,4.561965811965808,1.34253,4.653205128205067
False,,15147,1,2025-12-15 14:15:00+00:00,dual_sr_bounce,1.33889,0.0,0.174,tp_sl,WIN,BUY,1.33793,1.2499999999999705,1.33988,1.2750000000000046
False,1.961,15152,3,2025-12-15 15:30:00+00:00,xs_momentum,1.3395,0.0,0.1441,tp_sl,LOSS,BUY,1.33795,1.6666666666666023,1.34109,1.7000000000000586
False,,15157,2,2025-12-15 16:45:00+00:00,london_fix_reversal,1.3381,0.0,0.1532,tp_sl,LOSS,BUY,1.33671,1.496415770609333,1.33977,1.7956989247312476
False,,15210,3,2025-12-16 06:00:00+00:00,doji_breakout,1.33586,0.0,0.3016,tp_sl,LOSS,SELL,1.33755,2.71505376344074,1.33415,2.7693548387096265
False,,15216,1,2025-12-16 07:30:00+00:00,post_news_vol,1.33698,0.0,0.1892,tp_sl,WIN,BUY,1.33544,2.083333333333479,1.33855,2.1250000000002687
False,,15219,1,2025-12-16 08:15:00+00:00,gbp_deep_pullback,1.33874,0.0,0.1647,tp_sl,WIN,BUY,1.33361,6.039215686274368,1.3449,4.348
False,,15222,1,2025-12-16 09:00:00+00:00,gbp_deep_pullback,1.34032,0.0,0.1573,tp_sl,WIN,BUY,1.33467,6.348314606741498,1.3471,4.571
False,,15228,4,2025-12-16 10:30:00+00:00,post_news_vol,1.34222,0.0,0.1414,tp_sl,WIN,BUY,1.33861,3.6447811447810237,1.3459,2.231
False,1.989,15235,4,2025-12-16 12:15:00+00:00,xs_momentum,1.34334,0.0,0.1474,tp_sl,LOSS,BUY,1.34177,1.6578947368419812,1.34495,1.6910526315787833
False,,15241,2,2025-12-16 13:45:00+00:00,xs_momentum,1.34269,0.0,0.1081,tp_sl,WIN,BUY,1.34063,1.666666666666662,1.3448,1.02
False,2.0,15245,1,2025-12-16 14:45:00+00:00,xs_momentum,1.34431,0.0,0.1023,tp_sl,LOSS,BUY,1.34213,1.666666666666568,1.34654,1.6999999999998145
False,,15248,5,2025-12-16 15:30:00+00:00,sr_fib_confluence,1.34133,0.0,0.0924,tp_sl,WIN,BUY,1.33853,1.9367816091955337,1.3442,1.185
False,1.937,15256,2,2025-12-16 17:30:00+00:00,sr_break_retest,1.34352,0.0,0.126,tp_sl,LOSS,BUY,1.3414,1.6666666666665704,1.34568,1.7000000000000173
False,,15261,7,2025-12-16 18:45:00+00:00,gbp_deep_pullback,1.34258,0.0,0.1301,tp_sl,WIN,BUY,1.33926,2.6999999999999247,1.34627,1.8
False,,15315,5,2025-12-17 08:15:00+00:00,wick_imbalance_reversion,1.33259,0.0,0.1186,tp_sl,WIN,BUY,1.32992,2.259887005649845,1.33531,1.383
False,2.0,15326,8,2025-12-17 11:00:00+00:00,sr_break_retest,1.33276,0.0,0.1321,tp_sl,LOSS,SELL,1.33453,1.6666666666666927,1.33096,1.6999999999998674
False,,15337,3,2025-12-17 13:45:00+00:00,xs_momentum,1.33572,0.0,0.1301,tp_sl,WIN,BUY,1.3334,2.2572815533981867,1.3381,1.381
False,,15342,1,2025-12-17 15:00:00+00:00,xs_momentum,1.33748,0.0,0.1186,tp_sl,WIN,BUY,1.33561,1.6592920353982932,1.3394,1.015
False,1.842,15345,10,2025-12-17 15:45:00+00:00,xs_momentum,1.34005,0.0,0.1081,tp_sl,LOSS,BUY,1.33799,1.666666666666662,1.34216,1.699999999999999
False,,15408,3,2025-12-18 07:30:00+00:00,session_time_bias,1.33687,0.0,0.2121,tp_sl,WIN,SELL,1.33798,1.6792929292931649,1.33554,1.209
False,,15413,1,2025-12-18 08:45:00+00:00,trendline_sweep,1.33577,0.0,0.1772,tp_sl,WIN,SELL,1.33804,2.869198312236252,1.33346,1.756
False,,15416,1,2025-12-18 09:30:00+00:00,dt_bb_rsi_mr,1.33484,0.0,0.1707,signal_reverse,LOSS,BUY,1.33336,0.512,1.33635,0.512
False,,15421,4,2025-12-18 10:45:00+00:00,wick_imbalance_reversion,1.33536,0.0,0.1818,signal_reverse,WIN,BUY,1.33384,1.9805194805194788,1.33692,2.857
False,,15428,1,2025-12-18 12:30:00+00:00,xs_momentum,1.33839,0.0,0.1308,tp_sl,WIN,BUY,1.33599,2.242990654205568,1.34084,1.373
False,,15431,1,2025-12-18 13:15:00+00:00,xs_momentum,1.34194,0.0,0.1165,tp_sl,WIN,BUY,1.34003,1.6666666666665797,1.3439,1.6999999999999382
False,,15437,7,2025-12-18 14:45:00+00:00,xs_momentum,1.34169,0.0,0.095,tp_sl,LOSS,BUY,1.33853,2.245862884160824,1.34492,2.2907801418440186
False,,15448,12,2025-12-18 17:30:00+00:00,sr_fib_confluence,1.33819,0.0,0.1151,tp_sl,LOSS,SELL,1.34027,1.4988009592326885,1.33606,1.5287769784173775
False,,15503,1,2025-12-19 07:15:00+00:00,ema200_trend_reversal,1.33758,0.0,0.1867,tp_sl,WIN,SELL,1.33885,1.6999999999998867,1.33628,1.7339999999999023
False,,15506,6,2025-12-19 08:00:00+00:00,turtle_soup,1.33774,0.0,0.1687,tp_sl,WIN,BUY,1.33649,1.50602409638551,1.33902,0.922
False,,15515,2,2025-12-19 10:15:00+00:00,dual_sr_bounce,1.33836,0.0,0.1667,tp_sl,LOSS,BUY,1.33731,1.2499999999999944,1.33943,1.2750000000000525
True,,15527,1,2025-12-19 13:15:00+00:00,dt_sr_channel_reversal,1.33717,0.0,0.1558,tp_sl,LOSS,BUY,1.33649,0.8003875968993045,1.338,0.9604651162790622
False,,15530,16,2025-12-19 14:00:00+00:00,trendline_sweep,1.33847,0.0,0.1457,tp_sl,LOSS,BUY,1.33469,4.112318840579619,1.34233,4.194565217391366
False,,15602,1,2025-12-22 08:15:00+00:00,gbp_deep_pullback,1.34172,0.0,0.175,tp_sl,WIN,BUY,1.33825,4.3437499999998685,1.34589,3.128
False,,15614,1,2025-12-22 11:15:00+00:00,intraday_seasonality,1.34351,0.0,0.1647,tp_sl,WIN,BUY,1.3416,2.2450980392155047,1.34546,1.374
False,,15617,3,2025-12-22 12:00:00+00:00,intraday_seasonality,1.34341,0.0,0.1609,tp_sl,WIN,BUY,1.34144,2.260536398467439,1.34542,1.383
False,,15622,3,2025-12-22 13:15:00+00:00,doji_breakout,1.34389,0.0,0.154,tp_sl,WIN,BUY,1.34168,2.5478927203063604,1.34615,1.559
False,,15627,9,2025-12-22 14:30:00+00:00,xs_momentum,1.34527,0.0,0.1441,tp_sl,WIN,BUY,1.34372,1.6666666666666023,1.34686,1.7000000000000586
False,,15638,10,2025-12-22 17:15:00+00:00,xs_momentum,1.347,0.0,0.1616,signal_reverse,LOSS,BUY,1.34535,1.414,1.34868,1.414
False,,15693,1,2025-12-23 07:00:00+00:00,gbp_deep_pullback,1.3486,0.0,0.2059,tp_sl,WIN,BUY,1.3469,2.500000000000051,1.35064,1.8
False,,15696,3,2025-12-23 07:45:00+00:00,gbp_deep_pullback,1.35022,0.0,0.1818,tp_sl,WIN,BUY,1.34636,5.010822510822752,1.35485,3.608
False,,15701,20,2025-12-23 09:00:00+00:00,post_news_vol,1.35183,0.0,0.1647,tp_sl,LOSS,BUY,1.34869,3.696078431372469,1.35503,3.7700000000000644
False,,15725,2,2025-12-23 15:00:00+00:00,orb_trap,1.34957,0.0,0.1229,tp_sl,LOSS,BUY,1.34722,2.1636085626912496,1.35198,2.2068807339450096
False,,15729,11,2025-12-23 16:00:00+00:00,dt_fib_reversal,1.34822,0.0,0.1272,tp_sl,WIN,BUY,1.34682,1.2499999999998623,1.34965,1.2749999999999866
False,,15749,1,2025-12-23 21:00:00+00:00,gbp_deep_pullback,1.35043,0.0,0.2701,tp_sl,WIN,BUY,1.34692,4.5614718614721586,1.35446,3.14
False,,15795,1,2025-12-24 08:30:00+00:00,orb_trap,1.3514,0.0,0.1842,tp_sl,WIN,BUY,1.34985,2.0394736842104475,1.35298,1.248
False,,15811,12,2025-12-24 12:30:00+00:00,sr_anti_hunt_bounce,1.35111,0.0,0.1918,signal_reverse,LOSS,BUY,1.34164,0.795,1.36077,0.795
True,,15827,1,2025-12-24 16:30:00+00:00,dt_sr_channel_reversal,1.35039,0.0,0.1717,tp_sl,LOSS,BUY,1.34989,0.6099397590363282,1.351,0.7319277108434868
False,,15831,3,2025-12-24 17:30:00+00:00,dt_sr_channel_reversal,1.35041,0.0,0.2078,tp_sl,WIN,BUY,1.34925,1.504329004329055,1.3518,1.8051948051948083
False,,15869,3,2025-12-26 05:30:00+00:00,dt_bb_rsi_mr,1.34915,0.0,0.2493,tp_sl,WIN,BUY,1.34778,1.8222222222223174,1.35054,1.115
False,,15878,1,2025-12-26 07:45:00+00:00,orb_trap,1.34838,0.0,0.1842,tp_sl,WIN,BUY,1.34724,1.50219298245634,1.34954,0.919
False,,15882,16,2025-12-26 08:45:00+00:00,turtle_soup,1.34968,0.0,0.1728,tp_sl,WIN,BUY,1.34671,3.6625514403293633,1.35271,2.241
False,,15901,8,2025-12-26 13:30:00+00:00,xs_momentum,1.35251,0.0,0.1595,tp_sl,LOSS,BUY,1.35062,2.2519841269840772,1.35444,2.297023809523711
False,,15915,5,2025-12-26 17:00:00+00:00,intraday_seasonality,1.34851,0.0,0.1667,tp_sl,WIN,BUY,1.34635,2.248263888889046,1.35071,1.376
True,0.64,15968,1,2025-12-29 06:30:00+00:00,dt_sr_channel_reversal,1.34947,0.0,0.2562,tp_sl,LOSS,BUY,1.34902,0.6084474885846588,1.35,0.7301369863015298
False,,15973,4,2025-12-29 07:45:00+00:00,session_time_bias,1.34834,0.0,0.175,tp_sl,WIN,SELL,1.35014,2.2500000000000298,1.34618,1.62
False,,15979,3,2025-12-29 09:15:00+00:00,sr_fib_confluence,1.34915,0.0,0.1429,signal_reverse,LOSS,SELL,1.35104,1.204,1.34722,1.204
False,2.167,15984,5,2025-12-29 10:30:00+00:00,sr_fib_confluence,1.35054,0.0,0.1373,tp_sl,LOSS,BUY,1.3487,1.8055555555556286,1.35242,1.8416666666667805
False,,15991,8,2025-12-29 12:15:00+00:00,session_time_bias,1.3473,0.0,0.1176,tp_sl,LOSS,SELL,1.34997,2.240896358543357,1.3441,2.689075630251991
False,,16002,1,2025-12-29 15:00:00+00:00,orb_trap,1.34952,0.0,0.1136,tp_sl,WIN,SELL,1.35168,1.8361581920903813,1.34731,1.124
False,,16009,5,2025-12-29 16:45:00+00:00,ema200_trend_reversal,1.34918,0.0,0.1178,tp_sl,WIN,SELL,1.35109,1.5840220385674104,1.34722,0.969
False,,16063,3,2025-12-30 06:15:00+00:00,doji_breakout,1.35137,0.0,0.2877,tp_sl,LOSS,BUY,1.35028,1.6666666666663124,1.35247,1.699999999999864
False,,16072,5,2025-12-30 08:30:00+00:00,dual_sr_bounce,1.35144,0.0,0.1892,tp_sl,WIN,BUY,1.35051,1.2612612612614225,1.35239,0.772
False,,16079,9,2025-12-30 10:15:00+00:00,trendline_sweep,1.35217,0.0,0.175,tp_sl,LOSS,BUY,1.3495,3.3333333333335213,1.35489,3.4000000000000696
False,,16098,2,2025-12-30 15:00:00+00:00,mqe_gbpusd_fix,1.34628,0.0,0.1288,tp_sl,WIN,BUY,1.34478,1.45032051282062,1.34782,0.888
False,,16102,6,2025-12-30 16:00:00+00:00,htf_false_breakout,1.34659,0.0,0.1208,tp_sl,WIN,BUY,1.34408,2.1327683615819684,1.34916,1.305
False,,16160,4,2025-12-31 06:30:00+00:00,turtle_soup,1.34612,0.0,0.3016,signal_reverse,LOSS,BUY,1.34482,1.119,1.34744,1.119
False,,16166,1,2025-12-31 08:00:00+00:00,turtle_soup,1.346,0.0,0.209,signal_reverse,LOSS,BUY,1.34461,3.194,1.34742,3.194
False,,16169,3,2025-12-31 08:45:00+00:00,session_time_bias,1.34277,0.0,0.1628,tp_sl,LOSS,SELL,1.3442,1.6569767441860577,1.34106,1.9883720930233726
False,1.667,16174,4,2025-12-31 10:00:00+00:00,session_time_bias,1.34341,0.0,0.1556,tp_sl,LOSS,SELL,1.3449,1.6574074074074099,1.34162,1.9888888888888425
False,,16180,1,2025-12-31 11:30:00+00:00,sr_fib_confluence,1.34545,0.0,0.1591,signal_reverse,WIN,SELL,1.34698,1.7424242424243028,1.34389,0.045
False,,16183,2,2025-12-31 12:15:00+00:00,sr_fib_confluence,1.34565,0.0,0.1489,tp_sl,WIN,BUY,1.34412,1.6312056737586857,1.34721,0.998
False,,16187,1,2025-12-31 13:15:00+00:00,xs_momentum,1.34676,0.0,0.1396,tp_sl,LOSS,BUY,1.34508,1.753472222222376,1.34848,1.7885416666668652
False,,16190,1,2025-12-31 14:00:00+00:00,sr_fib_confluence,1.34512,0.0,0.1301,signal_reverse,LOSS,BUY,1.34293,1.134,1.34736,1.134
False,,16193,1,2025-12-31 14:45:00+00:00,trendline_sweep,1.34327,0.0,0.1314,tp_sl,WIN,SELL,1.34907,5.6862745098039476,1.33735,3.48
False,2.241,16196,1,2025-12-31 15:30:00+00:00,sr_fib_confluence,1.34287,0.0,0.1098,tp_sl,LOSS,SELL,1.34522,1.9262295081967822,1.34047,1.9647540983606415
False,,16199,1,2025-12-31 16:15:00+00:00,london_fix_reversal,1.34601,0.0,0.1063,tp_sl,LOSS,BUY,1.34434,1.2500000000000695,1.34802,1.5000000000000502
False,,16203,8,2025-12-31 17:15:00+00:00,wick_imbalance_reversion,1.34501,0.0,0.1212,tp_sl,WIN,BUY,1.34205,2.241161616161664,1.34803,1.372
True,,16246,2,2026-01-02 06:30:00+00:00,dt_bb_rsi_mr,1.34677,0.0,0.2877,signal_reverse,LOSS,BUY,1.34612,0.668,1.34755,0.668
False,,16250,2,2026-01-02 07:30:00+00:00,session_time_bias,1.34589,0.0,0.2059,tp_sl,WIN,SELL,1.34703,1.6789215686276742,1.34452,1.209
False,,16254,6,2026-01-02 08:30:00+00:00,sr_fib_confluence,1.34508,0.0,0.1795,tp_sl,WIN,SELL,1.3465,1.8162393162392585,1.34363,1.112
False,,16262,1,2026-01-02 10:30:00+00:00,sr_fib_confluence,1.34467,0.0,0.1647,tp_sl,WIN,SELL,1.34614,1.7254901960785027,1.34317,1.056
False,,16265,7,2026-01-02 11:15:00+00:00,session_time_bias,1.34349,0.0,0.1522,tp_sl,LOSS,SELL,1.34556,2.246376811594197,1.34101,2.6956521739130843
False,,16274,2,2026-01-02 13:30:00+00:00,sr_fib_confluence,1.34537,0.0,0.1411,signal_reverse,LOSS,SELL,1.34703,1.208,1.34367,1.208
False,,16278,1,2026-01-02 14:30:00+00:00,sr_fib_confluence,1.34608,0.0,0.1367,tp_sl,WIN,BUY,1.34453,1.5901360544217635,1.34767,1.6219387755103394
False,,16281,1,2026-01-02 15:15:00+00:00,xs_momentum,1.34777,0.0,0.1314,tp_sl,WIN,BUY,1.34608,1.6584967320261244,1.3495,1.6916666666667122
False,,16286,1,2026-01-02 16:30:00+00:00,htf_false_breakout,1.34809,0.0,0.1307,signal_reverse,WIN,SELL,1.35146,3.0963302752294752,1.34465,0.454
False,1.867,16289,2,2026-01-02 17:15:00+00:00,xs_momentum,1.34746,0.0,0.1524,tp_sl,LOSS,BUY,1.34571,1.666666666666589,1.34924,1.6999999999999291
False,2.394,16336,18,2026-01-05 05:00:00+00:00,dual_sr_bounce,1.34227,0.0,0.2253,tp_sl,LOSS,SELL,1.344,2.07831325301202,1.34051,2.119879518072185
False,,16356,2,2026-01-05 10:00:00+00:00,turtle_soup,1.34493,0.0,0.14,tp_sl,WIN,BUY,1.3406,4.333333333333522,1.34935,2.652
False,,16360,4,2026-01-05 11:00:00+00:00,sr_fib_confluence,1.34619,0.0,0.1386,tp_sl,WIN,BUY,1.3446,1.5759075907590672,1.34781,0.964
False,,16367,1,2026-01-05 12:45:00+00:00,session_time_bias,1.34542,0.0,0.1308,tp_sl,WIN,SELL,1.34721,1.674454828660615,1.34327,2.009345794392613
False,,16370,1,2026-01-05 13:30:00+00:00,session_time_bias,1.34284,0.0,0.1175,signal_reverse,LOSS,SELL,1.34474,2.946,1.34055,2.946
False,,16374,2,2026-01-05 14:30:00+00:00,xs_momentum,1.34649,0.0,0.1072,tp_sl,WIN,BUY,1.34369,2.2466666666666413,1.34936,1.375
False,,16378,2,2026-01-05 15:30:00+00:00,xs_momentum,1.34943,0.0,0.1047,tp_sl,WIN,BUY,1.34655,2.2526041666666785,1.35238,1.379
False,,16382,6,2026-01-05 16:30:00+00:00,xs_momentum,1.35209,0.0,0.114,tp_sl,WIN,BUY,1.35001,1.666666666666572,1.35422,1.02
False,,16444,5,2026-01-06 08:00:00+00:00,gbp_deep_pullback,1.35623,0.0,0.1667,tp_sl,LOSS,BUY,1.35384,2.847222222222107,1.3591,3.416666666666581
True,1.126,16453,2,2026-01-06 10:15:00+00:00,dt_bb_rsi_mr,1.35362,0.0,0.1474,tp_sl,LOSS,BUY,1.35267,1.0000000000000067,1.35476,1.1999999999999147
False,1.957,16460,2,2026-01-06 12:00:00+00:00,dt_fib_reversal,1.35299,0.0,0.1489,tp_sl,LOSS,BUY,1.35139,1.7021276595742807,1.35462,1.736170212765804
False,,16475,2,2026-01-06 15:45:00+00:00,london_fix_reversal,1.35082,0.0,0.1165,tp_sl,LOSS,BUY,1.34938,1.2536231884059004,1.35255,1.5043478260869647
False,,16481,19,2026-01-06 17:15:00+00:00,dt_sr_channel_reversal,1.35045,0.0,0.1455,tp_sl,LOSS,BUY,1.34862,1.6590909090908776,1.35231,1.6922727272726912
False,,16531,3,2026-01-07 05:45:00+00:00,ema200_trend_reversal,1.35097,0.0,0.2877,tp_sl,WIN,BUY,1.34993,1.6025641025640116,1.35203,0.981
False,,16542,1,2026-01-07 08:30:00+00:00,dt_bb_rsi_mr,1.34895,0.0,0.1728,tp_sl,WIN,BUY,1.34748,1.810699588477441,1.35045,1.108
False,,16546,9,2026-01-07 09:30:00+00:00,dt_sr_channel_reversal,1.34936,0.0,0.1667,tp_sl,WIN,BUY,1.34799,1.6269841269839478,1.35075,0.996
False,,16557,2,2026-01-07 12:15:00+00:00,session_time_bias,1.34863,0.0,0.1647,tp_sl,WIN,SELL,1.35006,1.686274509803997,1.34691,1.214
False,,16561,4,2026-01-07 13:15:00+00:00,turtle_soup,1.34913,0.0,0.1473,tp_sl,WIN,BUY,1.34683,2.5366300366300623,1.35149,1.552
False,,16568,2,2026-01-07 15:00:00+00:00,trendline_sweep,1.34808,0.0,0.1314,tp_sl,WIN,SELL,1.35068,2.549019607843074,1.34542,1.56
True,,16573,1,2026-01-07 16:15:00+00:00,dt_bb_rsi_mr,1.34751,0.0,0.1197,signal_reverse,LOSS,BUY,1.34632,0.458,1.34894,0.458
False,,16576,10,2026-01-07 17:00:00+00:00,dt_bb_rsi_mr,1.3473,0.0,0.1404,signal_reverse,LOSS,BUY,1.34524,0.904,1.3494,0.904
False,2.129,16630,4,2026-01-08 06:30:00+00:00,wick_imbalance_reversion,1.34596,0.0,0.3016,tp_sl,LOSS,BUY,1.34486,1.7741935483872595,1.34708,1.8096774193549474
False,,16636,2,2026-01-08 08:00:00+00:00,session_time_bias,1.34399,0.0,0.1944,tp_sl,WIN,SELL,1.34562,2.2685185185185768,1.34203,1.633
False,,16640,1,2026-01-08 09:00:00+00:00,dt_sr_channel_reversal,1.34425,0.0,0.1818,signal_reverse,LOSS,BUY,1.34283,1.026,1.3457,1.026
False,2.139,16644,14,2026-01-08 10:00:00+00:00,dt_sr_channel_reversal,1.34443,0.0,0.1772,tp_sl,LOSS,BUY,1.34302,1.7827004219408022,1.34587,1.8183544303798262
False,,16660,1,2026-01-08 14:00:00+00:00,session_time_bias,1.34179,0.0,0.154,tp_sl,LOSS,SELL,1.34324,1.6762452107279762,1.34004,2.011494252873469
False,,16666,2,2026-01-08 15:30:00+00:00,sr_anti_hunt_bounce,1.34378,0.0,0.134,tp_sl,WIN,SELL,1.35353,9.750000000000147,1.33383,5.967
False,,16670,9,2026-01-08 16:30:00+00:00,intraday_seasonality,1.34326,0.0,0.1411,tp_sl,WIN,SELL,1.34496,1.6831683168314977,1.34152,1.03
True,,16691,1,2026-01-08 21:45:00+00:00,dt_sr_channel_reversal,1.34373,0.0,0.2701,tp_sl,WIN,SELL,1.34434,0.7922077922077915,1.343,0.9506493506492921
False,,16728,1,2026-01-09 07:00:00+00:00,intraday_seasonality,1.34185,0.0,0.2059,tp_sl,WIN,SELL,1.34338,2.254901960784065,1.34029,1.38
False,2.932,16731,6,2026-01-09 07:45:00+00:00,trendline_sweep,1.34302,0.0,0.1918,tp_sl,LOSS,BUY,1.341,2.773972602739649,1.34509,2.829452054794594
True,,16739,2,2026-01-09 09:45:00+00:00,dt_bb_rsi_mr,1.34112,0.0,0.1772,tp_sl,LOSS,BUY,1.34039,0.9282700421939906,1.342,1.1139240506329011
False,1.722,16744,6,2026-01-09 11:00:00+00:00,session_time_bias,1.34054,0.0,0.1772,tp_sl,LOSS,SELL,1.34185,1.6561181434598033,1.33897,1.987341772151708
False,1.987,16753,1,2026-01-09 13:15:00+00:00,session_time_bias,1.34058,0.0,0.1696,tp_sl,LOSS,SELL,1.34188,1.6561181434598033,1.33901,1.987341772151708
False,,16756,3,2026-01-09 14:00:00+00:00,sr_fib_confluence,1.34239,0.0,0.1063,signal_reverse,LOSS,BUY,1.34014,2.181,1.34469,2.181
False,,16763,23,2026-01-09 15:45:00+00:00,sr_fib_confluence,1.34164,0.0,0.0957,tp_sl,WIN,SELL,1.34429,1.8988095238095923,1.33892,1.162
False,,16819,2,2026-01-12 06:00:00+00:00,dt_sr_channel_reversal,1.34283,0.0,0.2562,tp_sl,LOSS,SELL,1.34392,1.4954337899544015,1.34152,1.7945205479454034
False,,16826,1,2026-01-12 07:45:00+00:00,sr_break_retest,1.34452,0.0,0.1707,tp_sl,WIN,BUY,1.34329,1.504065040650241,1.34578,0.92
False,,16833,5,2026-01-12 09:30:00+00:00,intraday_seasonality,1.34584,0.0,0.1443,tp_sl,WIN,BUY,1.34366,2.2422680412371525,1.34806,1.372
False,,16843,3,2026-01-12 12:00:00+00:00,xs_momentum,1.34698,0.0,0.1346,tp_sl,WIN,BUY,1.34524,1.6746794871793562,1.34876,1.025
False,,16849,13,2026-01-12 13:30:00+00:00,xs_momentum,1.34794,0.0,0.1252,tp_sl,LOSS,BUY,1.34615,1.6744548286604073,1.34977,1.7079439252335242
False,,16864,19,2026-01-12 17:15:00+00:00,dual_sr_bounce,1.34587,0.0,0.1524,tp_sl,LOSS,SELL,1.34718,1.2500000000000475,1.34453,1.2750000000001585
False,,16913,2,2026-01-13 05:30:00+00:00,sr_fib_confluence,1.34743,0.0,0.2791,tp_sl,LOSS,BUY,1.34642,1.5049751243780265,1.34846,1.5350746268654876
False,2.097,16917,11,2026-01-13 06:30:00+00:00,dual_sr_bounce,1.34659,0.0,0.271,tp_sl,LOSS,SELL,1.348,2.041062801932223,1.34516,2.0818840579711053
False,4.0,16930,13,2026-01-13 09:45:00+00:00,gbp_deep_pullback,1.34818,0.0,0.1772,tp_sl,LOSS,BUY,1.34555,3.3333333333332473,1.35134,3.999999999999784
False,4.732,16945,9,2026-01-13 13:30:00+00:00,trendline_sweep,1.3476,0.0,0.1301,tp_sl,LOSS,BUY,1.34339,4.093851132685956,1.3519,4.175728155339697
False,,16956,10,2026-01-13 16:15:00+00:00,london_fix_reversal,1.34308,0.0,0.1239,tp_sl,WIN,BUY,1.34142,1.4420289855074255,1.34507,1.038
True,0.734,16969,5,2026-01-13 19:30:00+00:00,dt_sr_channel_reversal,1.34329,0.0,0.1702,tp_sl,LOSS,BUY,1.3427,0.629432624113583,1.344,0.7553191489363942
False,,16976,17,2026-01-13 21:15:00+00:00,dt_bb_rsi_mr,1.34302,0.0,0.2568,signal_reverse,LOSS,BUY,1.34156,1.23,1.34477,1.23
False,,17013,4,2026-01-14 06:30:00+00:00,gbp_deep_pullback,1.34422,0.0,0.3169,tp_sl,WIN,BUY,1.3427,2.5706214689264586,1.34604,1.851
False,,17021,2,2026-01-14 08:30:00+00:00,ema200_trend_reversal,1.34408,0.0,0.2029,tp_sl,LOSS,SELL,1.34534,1.8236714975845816,1.3428,1.8601449275362218
False,,17025,2,2026-01-14 09:30:00+00:00,sr_fib_confluence,1.3452,0.0,0.1818,tp_sl,WIN,BUY,1.34376,1.8722943722945267,1.34667,1.146
False,,17030,6,2026-01-14 10:45:00+00:00,sr_break_retest,1.34551,0.0,0.1795,tp_sl,LOSS,BUY,1.34421,1.6666666666667678,1.34684,1.699999999999921
False,,17038,6,2026-01-14 12:45:00+00:00,trendline_sweep,1.34533,0.0,0.1667,tp_sl,WIN,BUY,1.34358,2.083333333333236,1.34712,1.275
False,,17049,2,2026-01-14 15:30:00+00:00,sr_fib_confluence,1.345,0.0,0.1367,tp_sl,WIN,BUY,1.34325,1.7942176870748023,1.3468,1.098
False,,17053,3,2026-01-14 16:30:00+00:00,sr_fib_confluence,1.34487,0.0,0.1484,tp_sl,LOSS,BUY,1.34325,1.6927083333333204,1.34653,1.7265624999998619
False,,17105,3,2026-01-15 05:30:00+00:00,sr_break_retest,1.34313,0.0,0.3117,signal_reverse,LOSS,BUY,1.34213,1.407,1.34415,1.407
False,,17113,1,2026-01-15 07:30:00+00:00,turtle_soup,1.34368,0.0,0.1795,signal_reverse,LOSS,BUY,1.34132,1.038,1.34609,1.038
False,,17116,7,2026-01-15 08:15:00+00:00,turtle_soup,1.34389,0.0,0.1687,signal_reverse,LOSS,BUY,1.34116,1.458,1.34668,1.458
False,,17125,8,2026-01-15 10:30:00+00:00,session_time_bias,1.3423,0.0,0.1609,tp_sl,WIN,SELL,1.34427,2.2605363984676945,1.33994,1.628
False,,17135,1,2026-01-15 13:00:00+00:00,xs_momentum,1.33973,0.0,0.1558,tp_sl,WIN,SELL,1.34166,2.2480620155038866,1.33775,2.293023255814052
False,,17138,2,2026-01-15 13:45:00+00:00,xs_momentum,1.33714,0.0,0.1381,tp_sl,WIN,SELL,1.33874,1.6580756013744449,1.3355,1.015
False,,17144,3,2026-01-15 15:15:00+00:00,xs_momentum,1.33716,0.0,0.1218,tp_sl,LOSS,SELL,1.33899,1.666666666666685,1.33529,1.7000000000000348
False,,17149,24,2026-01-15 16:30:00+00:00,xs_momentum,1.33856,0.0,0.137,tp_sl,WIN,SELL,1.34029,1.6666666666666967,1.33679,1.02
False,,17212,4,2026-01-16 08:15:00+00:00,session_time_bias,1.33889,0.0,0.2188,tp_sl,LOSS,SELL,1.34033,2.252604166666852,1.33716,2.703125000000014
False,2.014,17218,2,2026-01-16 09:45:00+00:00,session_time_bias,1.33953,0.0,0.1944,tp_sl,LOSS,SELL,1.34074,1.678240740740633,1.33808,2.0138888888888213
False,,17222,7,2026-01-16 10:45:00+00:00,ema200_trend_reversal,1.34043,0.0,0.1795,tp_sl,WIN,SELL,1.34186,1.83760683760692,1.33897,1.125
False,,17231,8,2026-01-16 13:00:00+00:00,session_time_bias,1.33924,0.0,0.1614,tp_sl,WIN,SELL,1.34109,2.238955823293127,1.33701,1.612
False,,17243,2,2026-01-16 16:00:00+00:00,sr_fib_confluence,1.33875,0.0,0.1319,tp_sl,WIN,SELL,1.34062,1.7361111111109713,1.33683,1.062
False,,17247,5,2026-01-16 17:00:00+00:00,sr_fib_confluence,1.33817,0.0,0.1538,tp_sl,WIN,SELL,1.33982,1.5865384615383937,1.33649,0.971
True,,17297,2,2026-01-19 05:30:00+00:00,dt_sr_channel_reversal,1.33951,0.0,0.228,tp_sl,LOSS,SELL,1.33994,0.5213414634146647,1.339,0.6256097560975435
False,1.776,17301,1,2026-01-19 06:30:00+00:00,ema200_trend_reversal,1.33937,0.0,0.2461,tp_sl,LOSS,SELL,1.3405,1.480263157894793,1.33823,1.5098684210527356
False,,17304,1,2026-01-19 07:15:00+00:00,turtle_soup,1.34009,0.0,0.1667,tp_sl,WIN,SELL,1.34185,2.093253968253936,1.3383,2.135119047619052
False,,17307,1,2026-01-19 08:00:00+00:00,dual_sr_bounce,1.33931,0.0,0.1538,tp_sl,WIN,BUY,1.33781,1.6483516483517109,1.34084,1.009
False,,17311,1,2026-01-19 09:00:00+00:00,session_time_bias,1.3402,0.0,0.1414,tp_sl,WIN,SELL,1.34184,1.6582491582490317,1.33823,1.194
False,,17316,21,2026-01-19 10:15:00+00:00,turtle_soup,1.34046,0.0,0.1429,tp_sl,LOSS,SELL,1.34255,2.1343537414965335,1.33833,2.1770408163265413
False,,17339,15,2026-01-19 16:00:00+00:00,xs_momentum,1.34286,0.0,0.1804,signal_reverse,LOSS,BUY,1.34155,0.551,1.34421,0.551
False,,17399,1,2026-01-20 07:00:00+00:00,sr_fib_confluence,1.34348,0.0,0.1944,tp_sl,WIN,BUY,1.34237,1.5393518518517593,1.34461,1.5701388888890906
False,,17404,1,2026-01-20 08:15:00+00:00,intraday_seasonality,1.34802,0.0,0.1261,tp_sl,WIN,BUY,1.34619,1.644144144144313,1.34988,1.006
False,,17416,5,2026-01-20 11:15:00+00:00,sr_fib_confluence,1.34626,0.0,0.1186,tp_sl,LOSS,BUY,1.34417,1.772598870056443,1.34839,1.8080508474576358
True,,17424,2,2026-01-20 13:15:00+00:00,dt_bb_rsi_mr,1.34467,0.0,0.1136,tp_sl,WIN,BUY,1.34349,0.9999999999999651,1.34609,0.72
False,,17428,4,2026-01-20 14:15:00+00:00,dt_fib_reversal,1.3449,0.0,0.1015,tp_sl,WIN,BUY,1.34255,1.786616161616091,1.34731,1.8223484848483624
False,,17434,3,2026-01-20 15:45:00+00:00,sr_fib_confluence,1.3458,0.0,0.0985,tp_sl,WIN,BUY,1.3434,1.7708333333333424,1.34826,1.084
False,2.75,17439,7,2026-01-20 17:00:00+00:00,gbp_deep_pullback,1.3473,0.0,0.1212,tp_sl,LOSS,BUY,1.34399,2.5063131313130658,1.35127,3.0075757575757796
True,1.081,17448,1,2026-01-20 19:15:00+00:00,dt_bb_rsi_mr,1.34394,0.0,0.1441,tp_sl,LOSS,BUY,1.34283,1.0000000000001499,1.34527,1.2000000000000999
True,,17456,2,2026-01-20 21:15:00+00:00,dt_sr_channel_reversal,1.34392,0.0,0.2189,tp_sl,WIN,BUY,1.34302,0.949122807017451,1.345,1.1389473684210814
False,,17488,7,2026-01-21 05:15:00+00:00,ema200_trend_reversal,1.34382,0.0,0.2597,tp_sl,WIN,BUY,1.34277,1.4583333333330184,1.34489,1.487499999999753
False,,17498,4,2026-01-21 07:45:00+00:00,squeeze_release_momentum,1.34438,0.0,0.1687,tp_sl,LOSS,BUY,1.34314,1.4939759036146143,1.34614,2.119879518072185
False,,17509,4,2026-01-21 10:30:00+00:00,dt_bb_rsi_mr,1.3411,0.0,0.1538,tp_sl,WIN,BUY,1.33947,1.7948717948718411,1.34277,1.098
False,,17516,3,2026-01-21 12:15:00+00:00,dt_sr_channel_reversal,1.34181,0.0,0.1359,tp_sl,WIN,BUY,1.34012,1.642394822006453,1.34354,1.005
False,,17522,2,2026-01-21 13:45:00+00:00,turtle_soup,1.34427,0.0,0.1196,tp_sl,WIN,BUY,1.34062,3.2589285714285103,1.348,1.994
False,1.98,17527,2,2026-01-21 15:00:00+00:00,xs_momentum,1.34525,0.0,0.1047,tp_sl,LOSS,BUY,1.34312,1.66666666666683,1.34743,1.7000000000001387
False,,17531,13,2026-01-21 16:00:00+00:00,trendline_sweep,1.34405,0.0,0.1004,tp_sl,LOSS,BUY,1.3411,2.0774647887324003,1.34706,2.1190140845070697
False,2.763,17593,3,2026-01-22 07:30:00+00:00,turtle_soup,1.34346,0.0,0.1842,tp_sl,LOSS,BUY,1.34163,2.401315789473931,1.34532,2.4493421052633977
False,,17599,1,2026-01-22 09:00:00+00:00,trendline_sweep,1.34298,0.0,0.1628,tp_sl,WIN,BUY,1.34017,3.2655038759692134,1.34584,1.998
False,,17603,3,2026-01-22 10:00:00+00:00,session_time_bias,1.34388,0.0,0.1505,tp_sl,WIN,SELL,1.34542,1.65770609319008,1.34203,1.194
False,,17608,15,2026-01-22 11:15:00+00:00,liquidity_sweep,1.34143,0.0,0.1197,signal_reverse,LOSS,SELL,1.34735,5.239,1.33539,5.239
False,,17625,5,2026-01-22 15:30:00+00:00,xs_momentum,1.34803,0.0,0.0944,tp_sl,WIN,BUY,1.34567,1.6666666666666394,1.35045,1.02
False,,17632,6,2026-01-22 17:15:00+00:00,xs_momentum,1.34918,0.0,0.1212,tp_sl,WIN,BUY,1.34698,1.6666666666666514,1.35142,1.02
False,,17687,1,2026-01-23 07:00:00+00:00,trendline_sweep,1.3491,0.0,0.1892,tp_sl,WIN,BUY,1.34745,2.2297297297296343,1.35078,2.274324324324161
False,,17690,2,2026-01-23 07:45:00+00:00,dual_sr_bounce,1.34907,0.0,0.1522,tp_sl,WIN,SELL,1.35084,1.9202898550722522,1.34727,1.175
False,,17695,1,2026-01-23 09:00:00+00:00,gbp_deep_pullback,1.35025,0.0,0.1443,tp_sl,WIN,BUY,1.34737,2.9639175257733843,1.3537,2.134
False,,17698,12,2026-01-23 09:45:00+00:00,gbp_deep_pullback,1.35308,0.0,0.1333,tp_sl,LOSS,BUY,1.34546,7.253968253968195,1.36222,8.704761904761835
False,,17712,7,2026-01-23 13:15:00+00:00,xs_momentum,1.35335,0.0,0.134,tp_sl,WIN,BUY,1.3511,2.249999999999863,1.35565,1.377
False,,17721,2,2026-01-23 15:30:00+00:00,xs_momentum,1.35535,0.0,0.1301,tp_sl,WIN,BUY,1.35365,1.6585760517800219,1.3571,1.69174757281573
False,,17725,3,2026-01-23 16:30:00+00:00,xs_momentum,1.3592,0.0,0.1228,tp_sl,WIN,BUY,1.35727,1.6666666666666745,1.36117,1.700000000000073
False,,17730,7,2026-01-23 17:45:00+00:00,xs_momentum,1.36096,0.0,0.1231,tp_sl,WIN,BUY,1.35879,1.6666666666668248,1.36317,1.02
False,,17774,8,2026-01-26 05:00:00+00:00,wick_imbalance_reversion,1.36623,0.0,0.1685,tp_sl,WIN,BUY,1.36374,2.2447447447448474,1.36877,1.374
False,,17786,1,2026-01-26 08:00:00+00:00,intraday_seasonality,1.36512,0.0,0.1176,tp_sl,WIN,BUY,1.36245,2.2408963585435435,1.36784,1.371
False,,17789,12,2026-01-26 08:45:00+00:00,intraday_seasonality,1.36635,0.0,0.1148,tp_sl,WIN,BUY,1.36361,2.2472677595628214,1.36915,1.375
True,,17805,1,2026-01-26 12:45:00+00:00,dt_bb_rsi_mr,1.36544,0.0,0.1308,tp_sl,LOSS,BUY,1.36497,0.4361370716512498,1.366,0.5233644859814168
False,,17811,2,2026-01-26 14:15:00+00:00,wick_imbalance_reversion,1.36783,0.0,0.1186,tp_sl,WIN,BUY,1.36579,1.8067846607670084,1.36992,1.106
False,,17815,1,2026-01-26 15:15:00+00:00,xs_momentum,1.36993,0.0,0.1186,tp_sl,WIN,BUY,1.36805,1.6666666666665815,1.37185,1.02
False,1.717,17822,7,2026-01-26 17:00:00+00:00,xs_momentum,1.37008,0.0,0.1416,tp_sl,LOSS,BUY,1.3682,1.6592920353982932,1.37199,1.6924778761061803
False,,17837,21,2026-01-26 20:45:00+00:00,sr_anti_hunt_bounce,1.36823,0.0,0.2189,tp_sl,WIN,BUY,1.35838,10.366666666666566,1.37808,6.222
True,,17870,1,2026-01-27 05:00:00+00:00,dt_bb_rsi_mr,1.36763,0.0,0.2527,tp_sl,WIN,BUY,1.36732,0.4200450450452463,1.368,0.5040540540542956
False,,17878,2,2026-01-27 07:00:00+00:00,trendline_sweep,1.3686,0.0,0.1818,tp_sl,LOSS,BUY,1.36699,2.0887445887444307,1.37024,2.1305194805193945
False,,17882,4,2026-01-27 08:00:00+00:00,intraday_seasonality,1.36712,0.0,0.1556,tp_sl,WIN,BUY,1.3651,2.2499999999999374,1.36919,1.377
False,,17889,6,2026-01-27 09:45:00+00:00,trendline_sweep,1.37001,0.0,0.1346,tp_sl,WIN,BUY,1.36553,4.302884615384622,1.37457,2.633
False,,17897,1,2026-01-27 11:45:00+00:00,trendline_sweep,1.37105,0.0,0.1346,tp_sl,WIN,BUY,1.36748,3.429487179487229,1.37469,2.099
False,,17901,6,2026-01-27 12:45:00+00:00,xs_momentum,1.37415,0.0,0.1176,tp_sl,WIN,BUY,1.37216,1.6736694677870703,1.37618,1.7071428571428267
False,,17909,2,2026-01-27 14:45:00+00:00,xs_momentum,1.37704,0.0,0.095,tp_sl,WIN,BUY,1.3747,1.6607565011822045,1.37943,1.016
False,,17914,1,2026-01-27 16:00:00+00:00,xs_momentum,1.37617,0.0,0.0925,tp_sl,WIN,BUY,1.37361,1.6612554112553366,1.37878,1.694480519480475
False,,17920,9,2026-01-27 17:30:00+00:00,xs_momentum,1.37858,0.0,0.097,signal_reverse,LOSS,BUY,1.37486,0.055,1.38237,0.055
False,2.027,17974,1,2026-01-28 07:00:00+00:00,ema_cross,1.38283,0.0,0.1239,tp_sl,LOSS,BUY,1.38092,1.6887905604718396,1.38478,1.7225663716812842
False,,17979,1,2026-01-28 08:15:00+00:00,orb_trap,1.38086,0.0,0.1111,tp_sl,LOSS,BUY,1.37788,2.367724867724871,1.3839,2.415079365079291
False,,17983,6,2026-01-28 09:15:00+00:00,wick_imbalance_reversion,1.37846,0.0,0.1077,tp_sl,WIN,BUY,1.37554,2.2499999999998805,1.38144,1.377
True,,17992,1,2026-01-28 11:30:00+00:00,dt_bb_rsi_mr,1.37794,0.0,0.1094,tp_sl,LOSS,BUY,1.37706,0.6901041666666773,1.379,0.8281250000000475
True,,17996,1,2026-01-28 12:30:00+00:00,dt_sr_channel_reversal,1.37812,0.0,0.1085,tp_sl,WIN,BUY,1.37739,0.5684754521963199,1.379,0.6821705426356527
False,,18000,4,2026-01-28 13:30:00+00:00,turtle_soup,1.37796,0.0,0.0985,tp_sl,WIN,BUY,1.37549,1.8198529411766373,1.38049,1.114
True,,18007,1,2026-01-28 15:15:00+00:00,dt_bb_rsi_mr,1.37672,0.0,0.0766,tp_sl,WIN,BUY,1.37566,0.607619047618968,1.378,0.7291428571427616
False,,18012,7,2026-01-28 16:30:00+00:00,london_fix_reversal,1.37762,0.0,0.0787,tp_sl,WIN,BUY,1.37491,1.5009208103130942,1.38088,1.081
False,,18073,2,2026-01-29 07:45:00+00:00,orb_trap,1.38328,0.0,0.1333,tp_sl,WIN,BUY,1.38195,1.2698412698413415,1.38464,0.777
True,0.94,18080,1,2026-01-29 09:30:00+00:00,dt_bb_rsi_mr,1.38191,0.0,0.1207,tp_sl,LOSS,BUY,1.381,0.7830459770114558,1.383,0.9396551724138236
True,1.2,18083,1,2026-01-29 10:15:00+00:00,dt_bb_rsi_mr,1.38045,0.0,0.1197,tp_sl,LOSS,BUY,1.37928,0.9999999999999089,1.38185,1.1999999999999664
False,,18086,5,2026-01-29 11:00:00+00:00,trendline_sweep,1.37939,0.0,0.1186,tp_sl,WIN,BUY,1.37692,2.0903954802259466,1.38191,1.279
False,,18094,1,2026-01-29 13:15:00+00:00,sr_break_retest,1.38137,0.0,0.1207,tp_sl,LOSS,BUY,1.37999,1.2500000000000873,1.38279,1.274999999999981
False,1.5,18101,1,2026-01-29 15:00:00+00:00,mqe_gbpusd_fix,1.37878,0.0,0.0887,tp_sl,LOSS,BUY,1.3769,1.2500000000000278,1.38071,1.274999999999993
False,,18104,2,2026-01-29 15:45:00+00:00,london_fix_reversal,1.37647,0.0,0.072,tp_sl,WIN,BUY,1.37415,1.2500000000000713,1.37926,1.5000000000000377
False,,18108,12,2026-01-29 16:45:00+00:00,london_fix_reversal,1.37936,0.0,0.0774,tp_sl,LOSS,BUY,1.37629,1.6711956521738798,1.38305,2.00543478260868
False,,18165,2,2026-01-30 07:00:00+00:00,dt_sr_channel_reversal,1.37524,0.0,0.1111,tp_sl,WIN,BUY,1.37315,1.6600529100528594,1.37737,1.6932539682539764
False,1.815,18169,3,2026-01-30 08:00:00+00:00,sr_fib_confluence,1.37761,0.0,0.1077,tp_sl,LOSS,BUY,1.37563,1.5256410256409432,1.37963,1.5561538461537585
False,,18175,1,2026-01-30 09:30:00+00:00,session_time_bias,1.37395,0.0,0.1029,tp_sl,WIN,SELL,1.37622,1.6666666666666463,1.37123,1.2
False,,18179,2,2026-01-30 10:30:00+00:00,session_time_bias,1.37391,0.0,0.0993,tp_sl,LOSS,SELL,1.37627,1.6725768321513916,1.37108,2.0070921985816383
False,,18186,1,2026-01-30 12:15:00+00:00,session_time_bias,1.37773,0.0,0.1007,tp_sl,WIN,SELL,1.38008,1.6906474820142823,1.37491,1.217
False,,18190,3,2026-01-30 13:15:00+00:00,session_time_bias,1.37537,0.0,0.0978,tp_sl,WIN,SELL,1.37844,2.244525547445211,1.37168,1.616
False,,18197,2,2026-01-30 15:00:00+00:00,trendline_sweep,1.37252,0.0,0.0899,tp_sl,WIN,SELL,1.3779,3.612975391498856,1.36702,2.211
False,,18201,3,2026-01-30 16:00:00+00:00,london_fix_reversal,1.37263,0.0,0.0896,signal_reverse,LOSS,BUY,1.37056,1.563,1.37512,1.563
False,,18207,2,2026-01-30 17:30:00+00:00,xs_momentum,1.37102,0.0,0.1019,tp_sl,WIN,SELL,1.37455,2.2452229299364475,1.36742,1.374
False,,18256,1,2026-02-02 06:00:00+00:00,sr_break_retest,1.36687,0.0,0.1764,tp_sl,WIN,SELL,1.36846,1.5015723270440169,1.36525,0.919
False,,18260,1,2026-02-02 07:00:00+00:00,wick_imbalance_reversion,1.36805,0.0,0.1296,signal_reverse,LOSS,BUY,1.36615,0.083,1.36999,0.083
False,2.694,18263,7,2026-02-02 07:45:00+00:00,session_time_bias,1.36779,0.0,0.1261,tp_sl,LOSS,SELL,1.37028,2.2447447447448474,1.3648,2.693693693693737
False,,18272,1,2026-02-02 10:00:00+00:00,intraday_seasonality,1.37146,0.0,0.1239,signal_reverse,LOSS,BUY,1.36891,1.504,1.37406,1.504
False,2.354,18275,8,2026-02-02 10:45:00+00:00,sr_fib_confluence,1.37031,0.0,0.1239,tp_sl,LOSS,BUY,1.36809,1.9616519174040121,1.37257,2.0008849557520767
False,,18285,2,2026-02-02 13:15:00+00:00,trendline_sweep,1.36649,0.0,0.1126,tp_sl,WIN,SELL,1.37312,5.574229691876696,1.35972,3.411
False,2.0,18289,1,2026-02-02 14:15:00+00:00,xs_momentum,1.36371,0.0,0.1063,tp_sl,LOSS,SELL,1.36581,1.6666666666666592,1.36156,1.70000000000007
False,,18292,1,2026-02-02 15:00:00+00:00,trendline_sweep,1.36509,0.0,0.0882,tp_sl,WIN,SELL,1.36878,2.428728070175573,1.36132,1.486
False,,18295,2,2026-02-02 15:45:00+00:00,xs_momentum,1.36268,0.0,0.0802,tp_sl,LOSS,SELL,1.36545,1.66167664670657,1.35985,1.6949101796406933
False,,18300,10,2026-02-02 17:00:00+00:00,sr_fib_confluence,1.36604,0.0,0.0994,tp_sl,WIN,SELL,1.36887,1.7546583850932156,1.36316,1.074
True,,18317,2,2026-02-02 21:15:00+00:00,dt_bb_rsi_mr,1.36639,0.0,0.1981,tp_sl,LOSS,SELL,1.36672,0.31111111111103457,1.366,0.3733333333332838
False,,18354,1,2026-02-03 06:30:00+00:00,ema200_trend_reversal,1.36943,0.0,0.2461,tp_sl,WIN,SELL,1.37073,1.7105263157895774,1.36811,1.047
False,,18359,1,2026-02-03 07:45:00+00:00,session_time_bias,1.36954,0.0,0.1556,tp_sl,WIN,SELL,1.37156,2.2499999999999374,1.36711,1.62
False,,18362,1,2026-02-03 08:30:00+00:00,dual_sr_bounce,1.36876,0.0,0.1414,signal_reverse,LOSS,BUY,1.36752,1.02,1.37003,1.02
False,,18366,2,2026-02-03 09:30:00+00:00,session_time_bias,1.36791,0.0,0.1333,tp_sl,WIN,SELL,1.37028,2.2539682539682175,1.36507,1.623
False,,18370,1,2026-02-03 10:30:00+00:00,session_time_bias,1.36598,0.0,0.1308,tp_sl,WIN,SELL,1.36776,1.6666666666667944,1.36384,1.2
False,2.057,18373,5,2026-02-03 11:15:00+00:00,sr_fib_confluence,1.36553,0.0,0.1333,tp_sl,LOSS,SELL,1.36733,1.714285714285737,1.36369,1.7485714285715914
False,,18380,2,2026-02-03 13:00:00+00:00,trendline_sweep,1.36893,0.0,0.1229,signal_reverse,LOSS,BUY,1.36355,1.906,1.37443,1.906
False,,18384,2,2026-02-03 14:00:00+00:00,session_time_bias,1.36622,0.0,0.1145,tp_sl,LOSS,SELL,1.36817,1.6666666666667678,1.36388,2.0000000000000075
False,,18388,2,2026-02-03 15:00:00+00:00,orb_trap,1.36791,0.0,0.1047,tp_sl,WIN,BUY,1.36515,2.1614583333332686,1.37074,1.323
False,,18392,1,2026-02-03 16:00:00+00:00,london_fix_reversal,1.37003,0.0,0.1088,signal_reverse,LOSS,SELL,1.37179,0.118,1.36792,0.118
False,,18395,1,2026-02-03 16:45:00+00:00,london_fix_reversal,1.36974,0.0,0.1149,signal_reverse,LOSS,SELL,1.3713,0.302,1.36787,0.302
False,,18398,3,2026-02-03 17:30:00+00:00,dt_sr_channel_reversal,1.36936,0.0,0.1311,signal_reverse,WIN,SELL,1.37119,1.502732240437175,1.36749,0.926
False,,18459,5,2026-02-04 08:45:00+00:00,gbp_deep_pullback,1.37306,0.0,0.1489,tp_sl,LOSS,BUY,1.36954,3.7411347517732283,1.37728,4.48936170212778
False,,18466,1,2026-02-04 10:30:00+00:00,wick_imbalance_reversion,1.37064,0.0,0.1308,tp_sl,WIN,BUY,1.36824,2.242990654205568,1.37309,1.373
False,2.885,18474,5,2026-02-04 12:30:00+00:00,trendline_sweep,1.37231,0.0,0.1346,tp_sl,LOSS,BUY,1.36972,2.491987179487065,1.37495,2.5418269230769432
True,0.866,18481,1,2026-02-04 14:15:00+00:00,dt_bb_rsi_mr,1.36974,0.0,0.1081,tp_sl,LOSS,BUY,1.3687,0.844086021505355,1.371,1.0129032258063901
True,,18484,1,2026-02-04 15:00:00+00:00,dt_bb_rsi_mr,1.36938,0.0,0.1039,signal_reverse,LOSS,BUY,1.36809,1.665,1.37093,1.665
False,,18487,1,2026-02-04 15:45:00+00:00,xs_momentum,1.36625,0.0,0.0957,signal_reverse,WIN,SELL,1.36941,2.26190476190483,1.36302,0.43
False,,18490,2,2026-02-04 16:30:00+00:00,xs_momentum,1.36445,0.0,0.0997,tp_sl,LOSS,SELL,1.36683,1.666666666666716,1.36202,1.7000000000000504
False,,18494,17,2026-02-04 17:30:00+00:00,xs_momentum,1.36494,0.0,0.1096,tp_sl,WIN,SELL,1.36737,1.6666666666666352,1.36246,1.02
False,,18542,2,2026-02-05 05:30:00+00:00,dt_bb_rsi_mr,1.36225,0.0,0.2337,tp_sl,LOSS,BUY,1.36081,1.8020833333332043,1.36372,1.8381249999999127
False,,18547,2,2026-02-05 06:45:00+00:00,htf_false_breakout,1.36199,0.0,0.2253,tp_sl,WIN,BUY,1.36023,2.1184738955822966,1.36378,1.297
False,,18551,2,2026-02-05 07:45:00+00:00,session_time_bias,1.36188,0.0,0.1573,tp_sl,WIN,SELL,1.36336,1.6666666666668575,1.3601,1.2
False,,18555,1,2026-02-05 08:45:00+00:00,session_time_bias,1.36018,0.0,0.1414,tp_sl,WIN,SELL,1.36183,1.6666666666668195,1.3582,2.0000000000000937
False,1.726,18558,1,2026-02-05 09:30:00+00:00,session_time_bias,1.35572,0.0,0.1129,tp_sl,LOSS,SELL,1.35779,1.666666666666662,1.35324,2.0000000000000306
False,,18561,1,2026-02-05 10:15:00+00:00,htf_false_breakout,1.3585,0.0,0.1069,signal_reverse,WIN,BUY,1.35391,3.5050890585242533,1.36318,0.061
False,,18565,2,2026-02-05 11:15:00+00:00,sr_fib_confluence,1.36043,0.0,0.1022,tp_sl,WIN,SELL,1.36255,1.5510948905108997,1.35826,1.5821167883212408
False,,18570,1,2026-02-05 12:30:00+00:00,wick_imbalance_reversion,1.35686,0.0,0.0737,signal_reverse,LOSS,BUY,1.3526,0.016,1.3612,0.016
False,,18574,4,2026-02-05 13:30:00+00:00,session_time_bias,1.3572,0.0,0.0684,tp_sl,WIN,SELL,1.36162,2.2576530612244397,1.35189,1.626
False,,18580,1,2026-02-05 15:00:00+00:00,dt_bb_rsi_mr,1.35544,0.0,0.0641,signal_reverse,LOSS,BUY,1.35168,1.233,1.35929,1.233
False,,18584,7,2026-02-05 16:00:00+00:00,xs_momentum,1.35231,0.0,0.0723,tp_sl,LOSS,SELL,1.35559,1.6666666666666523,1.34896,1.7000000000000235
False,,18637,3,2026-02-06 05:15:00+00:00,gbp_deep_pullback,1.35654,0.0,0.228,signal_reverse,WIN,BUY,1.3529,4.430894308943143,1.3609,0.946
False,,18642,1,2026-02-06 06:30:00+00:00,dt_fib_reversal,1.35713,0.0,0.2367,signal_reverse,WIN,SELL,1.35817,1.3080168776372678,1.35608,0.716
False,,18645,1,2026-02-06 07:15:00+00:00,dt_fib_reversal,1.35717,0.0,0.1628,signal_reverse,WIN,SELL,1.35824,1.249999999999927,1.35607,0.488
False,,18649,3,2026-02-06 08:15:00+00:00,session_time_bias,1.3562,0.0,0.1538,signal_reverse,LOSS,SELL,1.35826,1.648,1.35373,1.648
False,,18654,6,2026-02-06 09:30:00+00:00,squeeze_release_momentum,1.35815,0.0,0.1489,tp_sl,WIN,BUY,1.35674,1.5000000000001419,1.36015,1.275
False,,18662,1,2026-02-06 11:30:00+00:00,session_time_bias,1.35852,0.0,0.1443,signal_reverse,LOSS,SELL,1.36014,0.454,1.35657,0.454
False,,18665,8,2026-02-06 12:15:00+00:00,xs_momentum,1.35919,0.0,0.1474,tp_sl,WIN,BUY,1.35762,1.6578947368419812,1.3608,1.015
False,,18675,10,2026-02-06 14:45:00+00:00,xs_momentum,1.36094,0.0,0.134,tp_sl,WIN,BUY,1.35869,2.2500000000000853,1.36324,1.377
False,,18687,15,2026-02-06 17:45:00+00:00,xs_momentum,1.36195,0.0,0.1441,tp_sl,LOSS,BUY,1.3601,1.666666666666783,1.36384,1.7000000000001747
False,,18732,3,2026-02-09 05:00:00+00:00,wick_imbalance_reversion,1.36108,0.0,0.1948,tp_sl,WIN,BUY,1.35894,2.230902777777821,1.36326,1.365
False,,18737,2,2026-02-09 06:15:00+00:00,sr_fib_confluence,1.36114,0.0,0.1948,tp_sl,WIN,BUY,1.3597,1.5017361111112348,1.36261,0.919
False,6.783,18741,21,2026-02-09 07:15:00+00:00,trendline_sweep,1.35881,0.0,0.1321,tp_sl,LOSS,SELL,1.36513,5.959119496855213,1.35237,6.078301886792431
False,,18767,4,2026-02-09 13:45:00+00:00,xs_momentum,1.36519,0.0,0.1,tp_sl,WIN,BUY,1.36218,2.251243781094528,1.36827,1.378
False,,18775,16,2026-02-09 15:45:00+00:00,london_ny_swing,1.36788,0.0,0.0788,signal_reverse,WIN,BUY,1.36244,3.2009803921568043,1.37343,0.854
True,,18835,1,2026-02-10 06:45:00+00:00,dt_bb_rsi_mr,1.36738,0.0,0.2527,tp_sl,LOSS,BUY,1.36686,0.7015765765768219,1.368,0.8418918918922462
False,,18838,3,2026-02-10 07:30:00+00:00,dt_fib_reversal,1.36712,0.0,0.1772,tp_sl,WIN,BUY,1.36579,1.6877637130802638,1.36848,1.033
False,,18850,6,2026-02-10 10:30:00+00:00,dt_fib_reversal,1.36683,0.0,0.1429,tp_sl,WIN,BUY,1.36504,1.8282312925169755,1.36866,1.8647959183672154
False,,18859,6,2026-02-10 12:45:00+00:00,xs_momentum,1.3687,0.0,0.1308,tp_sl,WIN,BUY,1.3663,2.242990654205568,1.37115,1.373
False,,18867,1,2026-02-10 14:45:00+00:00,sr_fib_confluence,1.36781,0.0,0.1055,tp_sl,LOSS,BUY,1.36593,1.4829396325458557,1.36973,1.512598425196724
True,,18870,1,2026-02-10 15:30:00+00:00,dt_bb_rsi_mr,1.36636,0.0,0.1055,tp_sl,WIN,BUY,1.36583,0.4173228346456058,1.367,0.500787401574692
False,,18873,5,2026-02-10 16:15:00+00:00,london_fix_reversal,1.36697,0.0,0.104,tp_sl,LOSS,BUY,1.36526,1.2500000000000042,1.36903,1.4999999999999403
True,0.808,18886,4,2026-02-10 19:30:00+00:00,dt_sr_channel_reversal,1.36516,0.0,0.1538,tp_sl,LOSS,BUY,1.36446,0.6730769230770625,1.366,0.807692307692475
True,,18893,2,2026-02-10 21:15:00+00:00,dt_bb_rsi_mr,1.36432,0.0,0.2261,tp_sl,WIN,BUY,1.36375,0.6177536231883498,1.365,0.7413043478261646
False,,18924,5,2026-02-11 05:00:00+00:00,sr_fib_confluence,1.36669,0.0,0.2397,tp_sl,WIN,BUY,1.36545,1.5918803418802379,1.36795,0.974
False,,18931,4,2026-02-11 06:45:00+00:00,sr_fib_confluence,1.36719,0.0,0.2527,tp_sl,WIN,BUY,1.366,1.599099099099073,1.36839,0.979
False,,18942,3,2026-02-11 09:30:00+00:00,wick_imbalance_reversion,1.36992,0.0,0.1538,tp_sl,WIN,BUY,1.36831,1.7673992673993777,1.37156,1.082
False,,18949,2,2026-02-11 11:15:00+00:00,sr_break_retest,1.37032,0.0,0.1429,tp_sl,LOSS,BUY,1.36869,1.6581632653063363,1.37198,1.6913265306123362
False,,18953,3,2026-02-11 12:15:00+00:00,sr_fib_confluence,1.36803,0.0,0.1443,tp_sl,WIN,BUY,1.36629,1.7955326460479692,1.36981,1.099
False,,18960,12,2026-02-11 14:00:00+00:00,turtle_soup,1.36643,0.0,0.0807,tp_sl,LOSS,BUY,1.35908,4.432730923694659,1.37394,4.52138554216864
False,,18975,10,2026-02-11 17:45:00+00:00,dual_sr_bounce,1.3656,0.0,0.1019,tp_sl,WIN,SELL,1.36868,1.9639065817409724,1.36246,2.0031847133757665
False,,19020,3,2026-02-12 05:00:00+00:00,sr_break_retest,1.3622,0.0,0.2397,tp_sl,WIN,SELL,1.36337,1.495726495726331,1.36101,0.915
False,1.5,19027,1,2026-02-12 06:45:00+00:00,sr_break_retest,1.36128,0.0,0.2125,tp_sl,LOSS,SELL,1.36238,1.2499999999998623,1.36016,1.2750000000000765
False,,19030,1,2026-02-12 07:30:00+00:00,session_time_bias,1.36282,0.0,0.1474,signal_reverse,LOSS,SELL,1.36496,1.232,1.36025,1.232
False,,19033,1,2026-02-12 08:15:00+00:00,session_time_bias,1.36348,0.0,0.1429,tp_sl,WIN,SELL,1.3657,2.261904761904626,1.36082,1.629
False,,19037,13,2026-02-12 09:15:00+00:00,sr_fib_confluence,1.36504,0.0,0.1321,tp_sl,LOSS,BUY,1.36277,2.1383647798739784,1.36735,2.181132075471575
False,,19056,1,2026-02-12 14:00:00+00:00,session_time_bias,1.36458,0.0,0.1186,tp_sl,LOSS,SELL,1.36646,1.6666666666665815,1.36232,1.9999999999999372
True,,19061,1,2026-02-12 15:15:00+00:00,dt_bb_rsi_mr,1.36645,0.0,0.1196,tp_sl,WIN,SELL,1.36757,1.0000000000000089,1.3651,1.2000000000000106
False,,19064,2,2026-02-12 16:00:00+00:00,trendline_sweep,1.36281,0.0,0.1096,tp_sl,WIN,SELL,1.36909,4.833333333333399,1.3564,2.958
False,,19070,1,2026-02-12 17:30:00+00:00,dt_bb_rsi_mr,1.36252,0.0,0.1168,signal_reverse,LOSS,BUY,1.36036,1.285,1.36472,1.285
False,,19116,4,2026-02-13 05:00:00+00:00,sr_anti_hunt_bounce,1.36077,0.0,0.2597,tp_sl,WIN,SELL,1.36965,12.326388888888841,1.35172,7.544
False,,19123,2,2026-02-13 06:45:00+00:00,intraday_seasonality,1.35988,0.0,0.2461,tp_sl,WIN,SELL,1.36159,2.247807017543685,1.35814,1.376
False,,19130,1,2026-02-13 08:30:00+00:00,post_news_vol,1.36209,0.0,0.1556,tp_sl,WIN,BUY,1.3582,4.324074074074276,1.36606,2.646
False,,19133,6,2026-02-13 09:15:00+00:00,sr_fib_confluence,1.36244,0.0,0.1538,signal_reverse,LOSS,BUY,1.36086,1.44,1.36406,1.44
False,,19141,1,2026-02-13 11:15:00+00:00,session_time_bias,1.36071,0.0,0.1591,tp_sl,WIN,SELL,1.36218,1.6666666666667354,1.35895,1.2
False,2.011,19144,5,2026-02-13 12:00:00+00:00,session_time_bias,1.35992,0.0,0.1609,tp_sl,LOSS,SELL,1.36138,1.6762452107279762,1.35817,2.011494252873469
False,,19151,4,2026-02-13 13:45:00+00:00,gbp_deep_pullback,1.36344,0.0,0.1145,tp_sl,WIN,BUY,1.3586,4.138176638176609,1.36925,2.979
False,,19158,5,2026-02-13 15:30:00+00:00,sr_fib_confluence,1.36271,0.0,0.0985,tp_sl,WIN,BUY,1.36008,1.9362745098038714,1.3654,1.974999999999975
False,,19165,21,2026-02-13 17:15:00+00:00,dt_bb_rsi_mr,1.36431,0.0,0.1119,tp_sl,LOSS,SELL,1.36688,1.7948717948719077,1.36169,1.8307692307693924
False,,19223,3,2026-02-16 08:00:00+00:00,wick_imbalance_reversion,1.36484,0.0,0.1687,tp_sl,WIN,BUY,1.36327,1.8875502008032725,1.36644,1.155
False,,19231,12,2026-02-16 10:00:00+00:00,trendline_sweep,1.36489,0.0,0.1573,tp_sl,LOSS,BUY,1.36303,2.0880149812733655,1.36679,2.1297752808989325
False,,19245,1,2026-02-16 13:30:00+00:00,dt_bb_rsi_mr,1.36316,0.0,0.1675,tp_sl,WIN,BUY,1.36171,1.8229166666669516,1.36465,1.116
False,,19248,7,2026-02-16 14:15:00+00:00,ema200_trend_reversal,1.36388,0.0,0.1634,tp_sl,LOSS,BUY,1.36265,1.504065040650241,1.36514,1.534146341463392
True,,19257,1,2026-02-16 16:30:00+00:00,dt_sr_channel_reversal,1.36334,0.0,0.1851,tp_sl,LOSS,BUY,1.36279,0.7115800865803507,1.364,0.8538961038963632
False,,19260,16,2026-02-16 17:15:00+00:00,london_ny_swing,1.36261,0.0,0.2192,tp_sl,LOSS,SELL,1.36586,4.452054794520514,1.3593,4.5410958904109
False,,19317,1,2026-02-17 07:30:00+00:00,post_news_vol,1.35592,0.0,0.1505,signal_reverse,LOSS,SELL,1.3625,0.763,1.34921,0.763
False,,19320,1,2026-02-17 08:15:00+00:00,htf_false_breakout,1.3579,0.0,0.1346,signal_reverse,WIN,BUY,1.35346,4.270833333333344,1.36243,0.404
False,,19324,9,2026-02-17 09:15:00+00:00,sr_fib_confluence,1.35889,0.0,0.14,tp_sl,WIN,SELL,1.36074,1.8500000000001293,1.357,1.887000000000194
False,,19335,1,2026-02-17 12:00:00+00:00,dt_bb_rsi_mr,1.35692,0.0,0.1284,signal_reverse,LOSS,BUY,1.35497,1.67,1.35891,1.67
False,,19338,1,2026-02-17 12:45:00+00:00,session_time_bias,1.35471,0.0,0.1284,tp_sl,WIN,SELL,1.35652,1.6590214067279005,1.35254,1.194
False,,19341,6,2026-02-17 13:30:00+00:00,xs_momentum,1.35255,0.0,0.1145,tp_sl,WIN,SELL,1.3545,1.6737891737891317,1.35055,1.024
False,1.852,19349,2,2026-02-17 15:30:00+00:00,xs_momentum,1.35044,0.0,0.1063,tp_sl,LOSS,SELL,1.35254,1.6666666666666592,1.34829,1.70000000000007
False,,19403,6,2026-02-18 05:00:00+00:00,sr_fib_confluence,1.35544,0.0,0.2922,tp_sl,LOSS,SELL,1.3564,1.4973958333334285,1.35447,1.527343750000118
False,,19415,3,2026-02-18 08:00:00+00:00,dual_sr_bounce,1.35636,0.0,0.175,tp_sl,WIN,BUY,1.35469,2.0833333333333814,1.35806,1.275
False,,19420,1,2026-02-18 09:15:00+00:00,session_time_bias,1.35688,0.0,0.1647,signal_reverse,LOSS,SELL,1.3583,0.824,1.35518,0.824
False,,19423,14,2026-02-18 10:00:00+00:00,gbp_deep_pullback,1.35775,0.0,0.1573,signal_reverse,LOSS,BUY,1.3545,3.034,1.36165,3.034
False,,19439,1,2026-02-18 14:00:00+00:00,session_time_bias,1.35478,0.0,0.1367,tp_sl,WIN,SELL,1.35641,1.6666666666667098,1.35282,1.2
False,,19442,3,2026-02-18 14:45:00+00:00,xs_momentum,1.35352,0.0,0.1301,tp_sl,LOSS,SELL,1.35524,1.674757281553375,1.35176,1.7082524271843822
False,,19447,2,2026-02-18 16:00:00+00:00,sr_fib_confluence,1.35494,0.0,0.1239,tp_sl,WIN,SELL,1.35708,1.8623188405797464,1.35275,1.14
False,,19512,1,2026-02-19 08:15:00+00:00,session_time_bias,1.35072,0.0,0.2029,tp_sl,WIN,SELL,1.35187,1.666666666666644,1.34934,1.2
False,,19516,3,2026-02-19 09:15:00+00:00,session_time_bias,1.35011,0.0,0.175,tp_sl,WIN,SELL,1.35193,2.2708333333334996,1.34793,1.635
False,,19522,1,2026-02-19 10:45:00+00:00,session_time_bias,1.34869,0.0,0.1556,tp_sl,WIN,SELL,1.35018,1.6574074074074099,1.3469,1.193
False,,19525,3,2026-02-19 11:30:00+00:00,session_time_bias,1.34689,0.0,0.1474,tp_sl,WIN,SELL,1.34847,1.6666666666666,1.34499,1.2
False,,19530,2,2026-02-19 12:45:00+00:00,xs_momentum,1.34606,0.0,0.14,tp_sl,WIN,SELL,1.34772,1.6583333333333172,1.34437,1.015
False,,19535,3,2026-02-19 14:00:00+00:00,xs_momentum,1.34392,0.0,0.1055,tp_sl,LOSS,SELL,1.34604,1.6732283464568145,1.34175,1.7066929133859052
False,,19541,4,2026-02-19 15:30:00+00:00,sr_fib_confluence,1.34589,0.0,0.0985,tp_sl,WIN,SELL,1.34818,1.6850490196077799,1.34355,1.031
False,2.0,19547,17,2026-02-19 17:00:00+00:00,xs_momentum,1.34424,0.0,0.1168,tp_sl,LOSS,SELL,1.34652,1.6666666666665642,1.34191,1.7000000000000188
True,,19566,1,2026-02-19 21:45:00+00:00,dt_bb_rsi_mr,1.34639,0.0,0.2101,tp_sl,WIN,SELL,1.34672,0.32996632996624875,1.346,0.3959595959595434
True,,19604,1,2026-02-20 07:15:00+00:00,dt_bb_rsi_mr,1.34566,0.0,0.1628,tp_sl,WIN,SELL,1.34652,0.9999999999998382,1.34463,1.1999999999999091
False,2.01,19607,3,2026-02-20 08:00:00+00:00,session_time_bias,1.34399,0.0,0.1443,tp_sl,LOSS,SELL,1.34562,1.67525773195875,1.34204,2.0103092783504084
False,,19614,13,2026-02-20 09:45:00+00:00,session_time_bias,1.34656,0.0,0.1321,tp_sl,LOSS,SELL,1.34894,2.2484276729560415,1.3437,2.69811320754725
False,,19629,5,2026-02-20 13:30:00+00:00,session_time_bias,1.34743,0.0,0.1081,tp_sl,WIN,SELL,1.34955,1.7137096774193004,1.34488,1.234
False,,19638,3,2026-02-20 15:45:00+00:00,london_fix_reversal,1.34994,0.0,0.0854,signal_reverse,LOSS,SELL,1.35229,0.024,1.34711,0.024
False,,19644,4,2026-02-20 17:15:00+00:00,sr_fib_confluence,1.34803,0.0,0.1032,tp_sl,WIN,BUY,1.3456,1.56989247311825,1.35051,1.6012903225807067
True,,19696,3,2026-02-23 06:30:00+00:00,dt_bb_rsi_mr,1.35275,0.0,0.2253,tp_sl,WIN,SELL,1.35338,0.7560240963855458,1.352,0.907228915662655
False,,19701,2,2026-02-23 07:45:00+00:00,session_time_bias,1.35244,0.0,0.1628,tp_sl,WIN,SELL,1.35388,1.676356589147425,1.35071,1.207
False,,19706,8,2026-02-23 09:00:00+00:00,session_time_bias,1.35124,0.0,0.1522,tp_sl,WIN,SELL,1.35332,2.2644927536230597,1.34874,1.63
False,,19716,1,2026-02-23 11:30:00+00:00,trendline_sweep,1.34976,0.0,0.1429,signal_reverse,LOSS,BUY,1.34829,1.112,1.35126,1.112
False,1.98,19719,3,2026-02-23 12:15:00+00:00,xs_momentum,1.34773,0.0,0.1386,tp_sl,LOSS,SELL,1.34941,1.6666666666668128,1.34601,1.7000000000001887
False,1.631,19724,4,2026-02-23 13:30:00+00:00,sr_fib_confluence,1.35038,0.0,0.1314,tp_sl,LOSS,SELL,1.35198,1.5767973856210133,1.34874,1.608333333333486
False,,19732,1,2026-02-23 15:30:00+00:00,orb_trap,1.3507,0.0,0.1218,tp_sl,WIN,SELL,1.3536,2.643939393939355,1.34773,1.618
False,,19735,4,2026-02-23 16:15:00+00:00,sr_fib_confluence,1.35008,0.0,0.1208,tp_sl,WIN,SELL,1.35222,1.8149717514124646,1.34789,1.111
False,,19787,2,2026-02-24 05:15:00+00:00,sr_break_retest,1.34783,0.0,0.2671,tp_sl,LOSS,SELL,1.349,1.6666666666668004,1.34664,1.7000000000000348
False,,19797,2,2026-02-24 07:45:00+00:00,session_time_bias,1.34768,0.0,0.1842,tp_sl,LOSS,SELL,1.34894,1.6557017543860015,1.34617,1.9868421052630265
False,1.774,19801,2,2026-02-24 08:45:00+00:00,session_time_bias,1.34831,0.0,0.1667,tp_sl,LOSS,SELL,1.3497,1.6567460317460474,1.34664,1.9880952380953099
False,,19805,4,2026-02-24 09:45:00+00:00,session_time_bias,1.34983,0.0,0.1647,tp_sl,WIN,SELL,1.35175,2.254901960784196,1.34753,1.624
False,,19811,6,2026-02-24 11:15:00+00:00,intraday_seasonality,1.34897,0.0,0.1609,tp_sl,WIN,SELL,1.35094,2.260536398467439,1.34696,1.383
False,,19819,1,2026-02-24 13:15:00+00:00,session_time_bias,1.34846,0.0,0.1595,tp_sl,WIN,SELL,1.34986,1.666666666666483,1.34678,1.2
False,1.961,19822,2,2026-02-24 14:00:00+00:00,session_time_bias,1.34803,0.0,0.1441,tp_sl,LOSS,SELL,1.34958,1.6756272401433636,1.34616,2.010752688172084
False,2.004,19829,1,2026-02-24 15:45:00+00:00,london_fix_reversal,1.3513,0.0,0.1218,tp_sl,LOSS,SELL,1.35327,1.7954545454546,1.34893,2.154545454545439
False,,19832,5,2026-02-24 16:30:00+00:00,london_fix_reversal,1.35296,0.0,0.125,tp_sl,WIN,SELL,1.35438,1.2500000000000084,1.35125,1.5000000000000882
True,1.2,19851,1,2026-02-24 21:15:00+00:00,dt_bb_rsi_mr,1.34979,0.0,0.2311,tp_sl,LOSS,BUY,1.34889,0.9999999999998899,1.35087,1.1999999999999666
False,,19883,10,2026-02-25 05:15:00+00:00,dt_bb_rsi_mr,1.35166,0.0,0.2527,tp_sl,LOSS,SELL,1.353,1.8018018018016033,1.3503,1.8378378378375755
False,,19895,2,2026-02-25 08:15:00+00:00,sr_fib_confluence,1.35119,0.0,0.1556,tp_sl,WIN,BUY,1.34962,1.7407407407407958,1.35279,1.065
False,,19899,7,2026-02-25 09:15:00+00:00,session_time_bias,1.35122,0.0,0.1474,tp_sl,WIN,SELL,1.3528,1.6666666666666,1.34932,2.0000000000000133
False,,19908,1,2026-02-25 11:30:00+00:00,dt_bb_rsi_mr,1.34963,0.0,0.1474,signal_reverse,WIN,BUY,1.34792,1.798245614035182,1.35137,1.453
False,,19911,1,2026-02-25 12:15:00+00:00,session_time_bias,1.35098,0.0,0.1443,signal_reverse,LOSS,SELL,1.3527,1.443,1.34892,1.443
False,1.99,19914,2,2026-02-25 13:00:00+00:00,xs_momentum,1.3531,0.0,0.1367,tp_sl,LOSS,BUY,1.35148,1.6581632653061098,1.35476,1.6913265306121097
False,,19922,4,2026-02-25 15:00:00+00:00,trendline_sweep,1.35316,0.0,0.1218,tp_sl,WIN,BUY,1.34976,3.0984848484847594,1.35664,1.896
False,,19928,1,2026-02-25 16:30:00+00:00,xs_momentum,1.35415,0.0,0.1261,tp_sl,WIN,BUY,1.35226,1.6740412979352628,1.35608,1.025
False,,19931,10,2026-02-25 17:15:00+00:00,xs_momentum,1.35635,0.0,0.1404,signal_reverse,LOSS,BUY,1.35446,1.351,1.35828,1.351
False,,19971,7,2026-02-26 05:00:00+00:00,dual_sr_bounce,1.35529,0.0,0.2461,tp_sl,WIN,SELL,1.35734,2.6973684210524804,1.3532,1.651
True,1.137,19981,1,2026-02-26 07:30:00+00:00,dt_bb_rsi_mr,1.35509,0.0,0.175,tp_sl,LOSS,BUY,1.35433,0.9479166666664929,1.356,1.137499999999958
False,,19984,3,2026-02-26 08:15:00+00:00,session_time_bias,1.35257,0.0,0.1556,tp_sl,WIN,SELL,1.35406,1.6574074074074099,1.35078,1.193
False,,19989,1,2026-02-26 09:30:00+00:00,dt_fib_reversal,1.35297,0.0,0.1522,signal_reverse,LOSS,BUY,1.35132,0.489,1.35465,0.489
False,,19992,1,2026-02-26 10:15:00+00:00,ema200_trend_reversal,1.35294,0.0,0.1609,signal_reverse,WIN,BUY,1.35151,1.6475095785438798,1.3544,0.494
False,,19995,2,2026-02-26 11:00:00+00:00,sr_fib_confluence,1.35396,0.0,0.1628,tp_sl,WIN,SELL,1.35525,1.5019379844961522,1.35264,0.919
False,,19999,2,2026-02-26 12:00:00+00:00,sr_fib_confluence,1.35349,0.0,0.1591,signal_reverse,LOSS,SELL,1.35484,1.67,1.35211,1.67
False,,20003,1,2026-02-26 13:00:00+00:00,sr_fib_confluence,1.3553,0.0,0.1473,tp_sl,LOSS,BUY,1.35371,1.7490842490839955,1.35693,1.78406593406569
False,,20006,3,2026-02-26 13:45:00+00:00,session_time_bias,1.35351,0.0,0.1411,tp_sl,LOSS,SELL,1.3551,1.6754385964912188,1.3516,2.0105263157895563
False,,20012,1,2026-02-26 15:15:00+00:00,mqe_gbpusd_fix,1.35082,0.0,0.1107,signal_reverse,WIN,BUY,1.34931,1.2534435261707526,1.35237,0.374
False,,20015,4,2026-02-26 16:00:00+00:00,xs_momentum,1.3502,0.0,0.1063,tp_sl,WIN,SELL,1.35321,2.251243781094528,1.34712,2.296268656716415
False,,20021,1,2026-02-26 17:30:00+00:00,xs_momentum,1.34656,0.0,0.1194,tp_sl,WIN,SELL,1.3488,1.6728855721393263,1.34427,1.024
False,,20074,3,2026-02-27 06:45:00+00:00,post_news_vol,1.34665,0.0,0.2149,tp_sl,LOSS,SELL,1.3492,2.9310344827584256,1.34405,2.9896551724136247
False,,20079,7,2026-02-27 08:00:00+00:00,sr_fib_confluence,1.34937,0.0,0.1284,tp_sl,WIN,SELL,1.35134,1.8042813455657543,1.34736,1.104
False,,20089,2,2026-02-27 10:30:00+00:00,session_time_bias,1.34776,0.0,0.1346,tp_sl,WIN,SELL,1.3501,2.2516025641027966,1.34495,1.621
False,,20093,1,2026-02-27 11:30:00+00:00,session_time_bias,1.34753,0.0,0.14,tp_sl,WIN,SELL,1.3498,2.266666666666639,1.34481,1.632
False,,20097,2,2026-02-27 12:30:00+00:00,session_time_bias,1.34686,0.0,0.1346,tp_sl,WIN,SELL,1.34858,1.6586538461538238,1.34479,1.194
False,2.0,20101,3,2026-02-27 13:30:00+00:00,session_time_bias,1.34466,0.0,0.1145,tp_sl,LOSS,SELL,1.34661,1.666666666666578,1.34232,1.9999999999998177
False,,20106,2,2026-02-27 14:45:00+00:00,xs_momentum,1.34485,0.0,0.0993,tp_sl,LOSS,SELL,1.34709,1.660493827160352,1.34256,1.6937037037035985
False,,20110,1,2026-02-27 15:45:00+00:00,london_fix_reversal,1.34422,0.0,0.0912,tp_sl,LOSS,SELL,1.34606,1.2528344671202323,1.34201,1.5034013605442484
False,1.934,20113,10,2026-02-27 16:30:00+00:00,xs_momentum,1.34521,0.0,0.0969,tp_sl,LOSS,SELL,1.34766,1.6666666666665586,1.34271,1.7000000000000197
False,,20162,3,2026-03-02 05:00:00+00:00,sr_anti_hunt_bounce,1.34247,0.0,0.1598,tp_sl,WIN,SELL,1.35285,8.867521367521388,1.33189,5.427
False,,20183,5,2026-03-02 10:15:00+00:00,sr_fib_confluence,1.33926,0.0,0.0824,tp_sl,LOSS,SELL,1.34227,1.7696078431372233,1.33619,1.8049999999999522
False,,20190,4,2026-03-02 12:00:00+00:00,session_time_bias,1.34028,0.0,0.0859,tp_sl,WIN,SELL,1.343,1.6717791411042127,1.33701,1.204
False,,20196,4,2026-03-02 13:30:00+00:00,session_time_bias,1.33862,0.0,0.0832,tp_sl,LOSS,SELL,1.34131,1.6718426501035768,1.33539,2.0062111801242644
False,,20203,3,2026-03-02 15:15:00+00:00,trendline_sweep,1.33889,0.0,0.074,tp_sl,WIN,SELL,1.34394,2.790055248618784,1.33374,1.708
True,0.813,20212,5,2026-03-02 17:30:00+00:00,dt_bb_rsi_mr,1.34039,0.0,0.0936,tp_sl,LOSS,SELL,1.34155,0.6773879142300423,1.339,0.8128654970760248
False,,20260,5,2026-03-03 05:30:00+00:00,gbp_deep_pullback,1.33666,0.0,0.167,tp_sl,WIN,SELL,1.3418,4.583333333333226,1.3305,3.3
False,2.478,20283,2,2026-03-03 11:15:00+00:00,intraday_seasonality,1.3269,0.0,0.0881,tp_sl,LOSS,SELL,1.33047,2.2431865828091166,1.32326,2.288050314465288
False,,20290,1,2026-03-03 13:00:00+00:00,dual_sr_bounce,1.33102,0.0,0.0798,tp_sl,WIN,SELL,1.33312,1.2499999999999944,1.32887,0.765
False,,20293,2,2026-03-03 13:45:00+00:00,session_time_bias,1.32993,0.0,0.0832,tp_sl,WIN,SELL,1.33261,1.6666666666666898,1.32671,1.2
False,,20297,1,2026-03-03 14:45:00+00:00,doji_breakout,1.32819,0.0,0.0788,tp_sl,WIN,SELL,1.33351,3.132352941176354,1.32275,1.917
False,1.891,20309,2,2026-03-03 17:45:00+00:00,dt_fib_reversal,1.33214,0.0,0.087,tp_sl,LOSS,SELL,1.33521,1.6666666666666037,1.32901,1.7000000000000106
True,,20313,2,2026-03-03 18:45:00+00:00,dt_bb_rsi_mr,1.33508,0.0,0.0884,tp_sl,WIN,SELL,1.33689,1.0000000000000493,1.33291,0.72
False,1.903,20355,4,2026-03-04 05:15:00+00:00,sr_fib_confluence,1.33133,0.0,0.1508,tp_sl,LOSS,SELL,1.3333,1.5860215053763485,1.32933,1.6177419354838325
False,,20365,1,2026-03-04 07:45:00+00:00,session_time_bias,1.3358,0.0,0.1022,tp_sl,WIN,SELL,1.33808,1.6666666666665642,1.33306,1.2
False,,20369,3,2026-03-04 08:45:00+00:00,session_time_bias,1.33373,0.0,0.0986,tp_sl,LOSS,SELL,1.33692,2.2476525821596502,1.3299,2.6971830985915495
False,,20375,7,2026-03-04 10:15:00+00:00,session_time_bias,1.33795,0.0,0.0838,tp_sl,WIN,SELL,1.34073,1.6666666666665495,1.33461,1.2
False,,20385,17,2026-03-04 12:45:00+00:00,session_time_bias,1.33501,0.0,0.0838,tp_sl,LOSS,SELL,1.33878,2.2554890219559725,1.33049,2.70658682634722
True,,20414,16,2026-03-04 20:00:00+00:00,dt_bb_rsi_mr,1.33719,0.0,0.1638,tp_sl,LOSS,SELL,1.33819,0.7821522309710075,1.336,0.9385826771652439
False,,20459,2,2026-03-05 07:15:00+00:00,sr_fib_confluence,1.3341,0.0,0.1197,tp_sl,WIN,SELL,1.33585,1.4957264957264258,1.33232,1.525641025640962
False,4.254,20463,2,2026-03-05 08:15:00+00:00,trendline_sweep,1.33152,0.0,0.1045,tp_sl,LOSS,SELL,1.33711,4.1728855721394655,1.32582,4.256343283582152
False,,20467,2,2026-03-05 09:15:00+00:00,session_time_bias,1.33586,0.0,0.0843,tp_sl,WIN,SELL,1.33862,1.661646586345299,1.33255,1.196
False,,20471,2,2026-03-05 10:15:00+00:00,ema200_trend_reversal,1.33511,0.0,0.0892,tp_sl,WIN,SELL,1.33778,1.6985138004247242,1.33239,1.039
False,,20475,12,2026-03-05 11:15:00+00:00,session_time_bias,1.33493,0.0,0.0864,tp_sl,WIN,SELL,1.33857,2.247942386831337,1.33056,1.619
False,,20489,1,2026-03-05 14:45:00+00:00,doji_breakout,1.33426,0.0,0.087,tp_sl,WIN,SELL,1.33705,1.8127705627704713,1.33141,1.109
True,,20511,6,2026-03-05 20:15:00+00:00,dt_bb_rsi_mr,1.33532,0.0,0.1292,tp_sl,WIN,SELL,1.33693,1.000000000000069,1.33339,1.2000000000000277
False,,20551,8,2026-03-06 06:15:00+00:00,intraday_seasonality,1.33558,0.0,0.2174,tp_sl,LOSS,SELL,1.33752,2.2480620155038866,1.33361,2.293023255813794
False,,20561,1,2026-03-06 08:45:00+00:00,turtle_soup,1.33631,0.0,0.1386,tp_sl,WIN,SELL,1.3389,2.5660066006599482,1.33367,1.57
False,,20564,8,2026-03-06 09:30:00+00:00,session_time_bias,1.33273,0.0,0.1239,tp_sl,WIN,SELL,1.33526,2.2418879056046697,1.32969,1.614
False,1.694,20574,1,2026-03-06 12:00:00+00:00,xs_momentum,1.33108,0.0,0.1045,tp_sl,LOSS,SELL,1.33331,1.6666666666666488,1.3288,1.7000000000000015
False,2.7,20577,2,2026-03-06 12:45:00+00:00,session_time_bias,1.33248,0.0,0.1,tp_sl,LOSS,SELL,1.33563,2.2500000000001488,1.3287,2.7000000000000832
False,,20582,4,2026-03-06 14:00:00+00:00,session_time_bias,1.33364,0.0,0.0744,tp_sl,LOSS,SELL,1.33769,2.2499999999999374,1.32878,2.6999999999999247
False,1.617,20589,1,2026-03-06 15:45:00+00:00,london_fix_reversal,1.33577,0.0,0.067,tp_sl,LOSS,SELL,1.33896,1.5958333333333519,1.33194,1.915
False,,20593,2,2026-03-06 16:45:00+00:00,london_fix_reversal,1.33959,0.0,0.0688,signal_reverse,WIN,SELL,1.3427,1.501610305958101,1.33586,0.167
False,1.458,20597,15,2026-03-06 17:45:00+00:00,dt_sr_channel_reversal,1.33853,0.0,0.0842,tp_sl,LOSS,SELL,1.34091,1.2500000000000084,1.33611,1.2749999999999968
True,,20648,1,2026-03-09 05:30:00+00:00,dt_bb_rsi_mr,1.33211,0.0,0.1272,tp_sl,LOSS,SELL,1.33358,1.000000000000056,1.33035,1.2000000000000672
False,,20652,2,2026-03-09 06:30:00+00:00,dt_fib_reversal,1.33271,0.0,0.1255,tp_sl,WIN,SELL,1.33508,1.5883668903802872,1.3303,0.972
False,,20658,1,2026-03-09 08:00:00+00:00,trendline_sweep,1.33318,0.0,0.0881,tp_sl,WIN,SELL,1.33517,1.2500000000000193,1.33115,1.2750000000000226
False,,20665,13,2026-03-09 09:45:00+00:00,session_time_bias,1.33375,0.0,0.0805,tp_sl,LOSS,SELL,1.33765,2.241379310344836,1.32907,2.689655172413803
False,,20680,1,2026-03-09 13:30:00+00:00,session_time_bias,1.33747,0.0,0.0854,signal_reverse,WIN,SELL,1.34099,2.2452229299364475,1.33324,0.848
False,,20683,2,2026-03-09 14:15:00+00:00,sr_fib_confluence,1.33603,0.0,0.0822,tp_sl,WIN,BUY,1.33327,1.6973415132923828,1.33886,1.731288343558345
False,,20689,3,2026-03-09 15:45:00+00:00,xs_momentum,1.33937,0.0,0.0838,tp_sl,WIN,BUY,1.33577,2.2500000000000298,1.34305,1.377
False,,20696,6,2026-03-09 17:30:00+00:00,xs_momentum,1.33864,0.0,0.1127,tp_sl,WIN,BUY,1.33546,2.241784037558673,1.34189,2.286619718309859
False,2.162,20749,1,2026-03-10 06:45:00+00:00,dt_bb_rsi_mr,1.34485,0.0,0.1889,tp_sl,LOSS,SELL,1.34664,1.8013468013469394,1.34303,1.8373737373737526
False,,20752,4,2026-03-10 07:30:00+00:00,session_time_bias,1.34686,0.0,0.1197,tp_sl,WIN,SELL,1.34881,1.666666666666578,1.34452,1.2
False,,20759,4,2026-03-10 09:15:00+00:00,session_time_bias,1.34594,0.0,0.1111,tp_sl,WIN,SELL,1.34803,1.6600529100528594,1.34343,1.195
False,,20765,3,2026-03-10 10:45:00+00:00,dual_sr_bounce,1.3452,0.0,0.112,signal_reverse,LOSS,BUY,1.34288,0.76,1.34756,0.76
False,,20770,5,2026-03-10 12:00:00+00:00,session_time_bias,1.34337,0.0,0.1053,tp_sl,LOSS,SELL,1.34637,2.2556390977444463,1.33977,2.706766917293269
False,,20777,4,2026-03-10 13:45:00+00:00,session_time_bias,1.34459,0.0,0.0985,tp_sl,LOSS,SELL,1.34686,1.6727941176470786,1.34186,2.0073529411765594
False,,20786,2,2026-03-10 16:00:00+00:00,intraday_seasonality,1.34527,0.0,0.1048,tp_sl,WIN,BUY,1.34301,1.660539215686214,1.34758,1.016
True,1.007,20795,1,2026-03-10 18:15:00+00:00,dt_bb_rsi_mr,1.34452,0.0,0.1088,tp_sl,LOSS,BUY,1.34329,0.8390022675737548,1.346,1.006802721088536
True,,20798,1,2026-03-10 19:00:00+00:00,dt_bb_rsi_mr,1.34328,0.0,0.1111,tp_sl,LOSS,BUY,1.34185,0.9953703703704149,1.345,1.1944444444444053
True,,20802,1,2026-03-10 20:00:00+00:00,dt_bb_rsi_mr,1.3421,0.0,0.1529,signal_reverse,LOSS,BUY,1.34074,0.35,1.34373,0.35
False,1.789,20839,7,2026-03-11 05:15:00+00:00,sr_fib_confluence,1.34509,0.0,0.228,tp_sl,LOSS,BUY,1.34385,1.5142276422763237,1.34635,1.5445121951220235
False,,20848,3,2026-03-11 07:30:00+00:00,sr_fib_confluence,1.34305,0.0,0.1414,tp_sl,WIN,SELL,1.34472,1.6835016835017225,1.34135,1.7171717171717524
False,,20854,3,2026-03-11 09:00:00+00:00,session_time_bias,1.34219,0.0,0.1138,tp_sl,WIN,SELL,1.34424,1.6666666666665735,1.33973,1.2
False,,20859,2,2026-03-11 10:15:00+00:00,sr_fib_confluence,1.34347,0.0,0.1045,signal_reverse,LOSS,SELL,1.3458,0.963,1.3411,0.963
False,,20863,1,2026-03-11 11:15:00+00:00,sr_fib_confluence,1.3438,0.0,0.1085,signal_reverse,LOSS,BUY,1.34152,0.907,1.34613,0.907
False,,20866,1,2026-03-11 12:00:00+00:00,session_time_bias,1.34242,0.0,0.1061,tp_sl,WIN,SELL,1.34538,2.2411616161614956,1.33887,1.614
False,2.5,20869,4,2026-03-11 12:45:00+00:00,session_time_bias,1.33974,0.0,0.1,tp_sl,LOSS,SELL,1.34291,2.26190476190483,1.33594,2.7142857142857326
False,,20875,4,2026-03-11 14:15:00+00:00,sr_fib_confluence,1.34272,0.0,0.0854,tp_sl,WIN,SELL,1.34534,1.6719745222929157,1.34004,1.7054140127387825
False,,20883,23,2026-03-11 16:15:00+00:00,xs_momentum,1.34025,0.0,0.0976,tp_sl,LOSS,SELL,1.34353,2.248858447488565,1.3369,2.293835616438388
True,1.14,20943,1,2026-03-12 07:15:00+00:00,dt_bb_rsi_mr,1.33822,0.0,0.1628,tp_sl,LOSS,SELL,1.33908,0.9999999999998382,1.33719,1.1999999999999091
False,,20946,1,2026-03-12 08:00:00+00:00,session_time_bias,1.33894,0.0,0.1505,tp_sl,WIN,SELL,1.34104,2.2580645161290223,1.33642,1.626
False,,20949,9,2026-03-12 08:45:00+00:00,trendline_sweep,1.33771,0.0,0.14,tp_sl,LOSS,SELL,1.33979,2.083333333333215,1.33559,2.1249999999999325
False,,20961,1,2026-03-12 11:45:00+00:00,session_time_bias,1.33964,0.0,0.1333,tp_sl,WIN,SELL,1.34201,2.2539682539682175,1.3368,1.623
False,,20964,4,2026-03-12 12:30:00+00:00,session_time_bias,1.33741,0.0,0.1228,tp_sl,WIN,SELL,1.33943,1.7763157894736348,1.33498,1.279
True,,20970,1,2026-03-12 14:00:00+00:00,dt_bb_rsi_mr,1.33704,0.0,0.1081,tp_sl,LOSS,BUY,1.3358,0.9999999999999257,1.33853,1.1999999999999467
False,,20973,2,2026-03-12 14:45:00+00:00,xs_momentum,1.33546,0.0,0.1015,tp_sl,WIN,SELL,1.33842,2.247474747474836,1.33243,1.375
False,,20977,14,2026-03-12 15:45:00+00:00,xs_momentum,1.33469,0.0,0.0971,tp_sl,LOSS,SELL,1.33699,1.6727053140096788,1.33233,1.706159420289882
False,,21040,1,2026-03-13 07:30:00+00:00,post_news_vol,1.32845,0.0,0.1505,tp_sl,WIN,SELL,1.33321,5.116487455196987,1.3236,3.131
False,,21063,7,2026-03-13 13:15:00+00:00,session_time_bias,1.32685,0.0,0.0957,tp_sl,WIN,SELL,1.33,2.2499999999999902,1.32307,1.62
False,,21072,14,2026-03-13 15:30:00+00:00,xs_momentum,1.32324,0.0,0.0924,tp_sl,LOSS,SELL,1.32566,1.6724137931033791,1.32076,1.7058620689655293
False,,21136,3,2026-03-16 07:30:00+00:00,session_time_bias,1.32382,0.0,0.1573,tp_sl,LOSS,SELL,1.3253,1.6666666666668575,1.32204,2.0000000000001292
False,,21142,1,2026-03-16 09:00:00+00:00,session_time_bias,1.32484,0.0,0.1386,tp_sl,WIN,SELL,1.32712,2.2607260726071217,1.3221,1.628
False,2.26,21145,1,2026-03-16 09:45:00+00:00,session_time_bias,1.32461,0.0,0.14,tp_sl,LOSS,SELL,1.32686,2.249999999999863,1.32191,2.6999999999999247
False,,21148,4,2026-03-16 10:30:00+00:00,session_time_bias,1.32641,0.0,0.1333,tp_sl,LOSS,SELL,1.32817,1.674603174603149,1.3243,2.009523809523652
False,2.529,21155,5,2026-03-16 12:15:00+00:00,session_time_bias,1.32812,0.0,0.1346,tp_sl,LOSS,SELL,1.33046,2.2516025641025834,1.32531,2.701923076923057
False,3.036,21164,14,2026-03-16 14:30:00+00:00,htf_false_breakout,1.32929,0.0,0.1207,tp_sl,LOSS,SELL,1.33209,2.5300300300302014,1.32642,2.580630630630673
False,2.2,21229,1,2026-03-17 06:45:00+00:00,sr_fib_confluence,1.32881,0.0,0.2078,tp_sl,LOSS,SELL,1.33046,1.8333333333335016,1.32713,1.8700000000001125
False,2.0,21233,2,2026-03-17 07:45:00+00:00,session_time_bias,1.33038,0.0,0.14,tp_sl,LOSS,SELL,1.33205,1.6666666666667052,1.32838,2.0000000000000018
False,,21238,10,2026-03-17 09:00:00+00:00,session_time_bias,1.33269,0.0,0.1228,tp_sl,WIN,SELL,1.33524,2.2368421052632037,1.32963,1.611
False,,21250,3,2026-03-17 12:00:00+00:00,intraday_seasonality,1.33351,0.0,0.1069,tp_sl,WIN,BUY,1.33137,1.634860050890617,1.33569,1.001
False,,21255,5,2026-03-17 13:15:00+00:00,session_time_bias,1.33466,0.0,0.1039,signal_reverse,LOSS,SELL,1.33692,0.216,1.33194,0.216
False,,21262,3,2026-03-17 15:00:00+00:00,dt_sr_channel_reversal,1.33436,0.0,0.1039,tp_sl,WIN,SELL,1.33639,1.5762273901808772,1.33228,0.965
False,,21267,18,2026-03-17 16:15:00+00:00,london_fix_reversal,1.33469,0.0,0.1168,tp_sl,WIN,BUY,1.33286,1.502732240437175,1.33689,1.082
True,0.719,21319,1,2026-03-18 05:15:00+00:00,dt_bb_rsi_mr,1.33645,0.0,0.2968,tp_sl,LOSS,SELL,1.33683,0.5992063492062215,1.336,0.7190476190476773
False,,21324,1,2026-03-18 06:30:00+00:00,htf_false_breakout,1.33665,0.0,0.2791,signal_reverse,LOSS,SELL,1.3377,0.17,1.33558,0.17
False,,21327,1,2026-03-18 07:15:00+00:00,turtle_soup,1.33606,0.0,0.1972,tp_sl,WIN,SELL,1.33787,2.546948356807622,1.33422,1.559
False,,21330,1,2026-03-18 08:00:00+00:00,wick_imbalance_reversion,1.33585,0.0,0.1795,signal_reverse,LOSS,BUY,1.33409,1.795,1.33764,1.795
False,,21333,2,2026-03-18 08:45:00+00:00,sr_fib_confluence,1.33488,0.0,0.1573,signal_reverse,LOSS,SELL,1.33661,1.348,1.33312,1.348
False,,21338,3,2026-03-18 10:00:00+00:00,sr_fib_confluence,1.33586,0.0,0.1573,tp_sl,WIN,SELL,1.33743,1.7696629213481823,1.33425,1.083
False,,21343,3,2026-03-18 11:15:00+00:00,trendline_sweep,1.3347,0.0,0.1373,tp_sl,WIN,SELL,1.33758,2.82679738562093,1.33176,1.73
False,,21348,2,2026-03-18 12:30:00+00:00,session_time_bias,1.33215,0.0,0.1138,tp_sl,WIN,SELL,1.33419,1.659891598916032,1.3297,1.195
False,,21352,1,2026-03-18 13:30:00+00:00,session_time_bias,1.33155,0.0,0.1031,tp_sl,WIN,SELL,1.33371,1.666666666666654,1.32895,1.2
False,,21355,2,2026-03-18 14:15:00+00:00,xs_momentum,1.33064,0.0,0.0944,tp_sl,LOSS,SELL,1.333,1.6666666666666394,1.32822,1.699999999999941
False,,21359,10,2026-03-18 15:15:00+00:00,xs_momentum,1.33218,0.0,0.0978,tp_sl,LOSS,SELL,1.33446,1.6666666666665642,1.32985,1.7000000000000188
False,,21376,2,2026-03-18 19:30:00+00:00,gbp_deep_pullback,1.32828,0.0,0.1168,tp_sl,WIN,SELL,1.33902,7.839902676398912,1.31572,5.501
False,,21414,2,2026-03-19 05:00:00+00:00,sr_break_retest,1.32684,0.0,0.2125,tp_sl,WIN,SELL,1.32831,1.6666666666667354,1.32535,1.02
False,,21419,2,2026-03-19 06:15:00+00:00,ema_cross,1.3267,0.0,0.2055,tp_sl,WIN,SELL,1.32907,2.600732600732558,1.32429,1.592
False,,21425,2,2026-03-19 07:45:00+00:00,session_time_bias,1.32616,0.0,0.1373,tp_sl,WIN,SELL,1.32787,1.674836601307277,1.32411,1.206
False,,21429,1,2026-03-19 08:45:00+00:00,intraday_seasonality,1.32514,0.0,0.1273,tp_sl,LOSS,SELL,1.3276,2.234848484848592,1.32263,2.2795454545455516
False,,21434,12,2026-03-19 10:00:00+00:00,session_time_bias,1.3281,0.0,0.1085,tp_sl,LOSS,SELL,1.33101,2.2545219638242564,1.32461,2.7054263565891423
False,2.037,21456,6,2026-03-19 15:30:00+00:00,dt_sr_channel_reversal,1.33479,0.0,0.0612,tp_sl,LOSS,SELL,1.3385,1.6971080669710457,1.331,1.7310502283104463
False,,21464,4,2026-03-19 17:30:00+00:00,xs_momentum,1.34033,0.0,0.0825,tp_sl,WIN,BUY,1.33709,1.670962199312788,1.34364,1.023
False,,21510,3,2026-03-20 05:00:00+00:00,doji_breakout,1.34052,0.0,0.2367,tp_sl,WIN,SELL,1.34173,1.5295358649788047,1.33929,0.936
False,,21520,3,2026-03-20 07:30:00+00:00,post_news_vol,1.34275,0.0,0.1443,tp_sl,WIN,BUY,1.33789,5.0085910652921735,1.34771,3.065
False,,21525,1,2026-03-20 08:45:00+00:00,session_time_bias,1.34157,0.0,0.1489,tp_sl,WIN,SELL,1.34369,2.2517730496454966,1.33903,1.621
False,,21528,1,2026-03-20 09:30:00+00:00,sr_fib_confluence,1.33967,0.0,0.1414,tp_sl,WIN,SELL,1.34143,1.7760942760942486,1.33788,1.811616161616165
False,,21535,5,2026-03-20 11:15:00+00:00,sr_fib_confluence,1.3388,0.0,0.1197,tp_sl,WIN,SELL,1.34093,1.8233618233618123,1.33662,1.116
False,,21542,2,2026-03-20 13:00:00+00:00,session_time_bias,1.33651,0.0,0.0978,tp_sl,WIN,SELL,1.33958,2.244525547445373,1.33282,1.616
False,,21546,3,2026-03-20 14:00:00+00:00,xs_momentum,1.33229,0.0,0.0848,tp_sl,WIN,SELL,1.33584,2.2521097046413483,1.32866,1.378
False,,21551,3,2026-03-20 15:15:00+00:00,xs_momentum,1.33236,0.0,0.0761,tp_sl,WIN,SELL,1.33631,2.249053030303003,1.32832,1.376
False,,21556,22,2026-03-20 16:30:00+00:00,xs_momentum,1.332,0.0,0.0801,tp_sl,WIN,SELL,1.33601,2.2565543071161684,1.3279,1.381
False,,21612,11,2026-03-23 06:30:00+00:00,gbp_deep_pullback,1.32798,0.0,0.1716,tp_sl,WIN,SELL,1.33537,6.773700305810364,1.31912,4.877
False,2.0,21625,4,2026-03-23 09:45:00+00:00,session_time_bias,1.3268,0.0,0.0921,tp_sl,LOSS,SELL,1.32933,1.666666666666629,1.32376,1.999999999999955
False,,21631,4,2026-03-23 11:15:00+00:00,sr_fib_confluence,1.33651,0.0,0.0462,tp_sl,WIN,BUY,1.32984,2.2029702970296983,1.34332,1.348
False,,21637,5,2026-03-23 12:45:00+00:00,xs_momentum,1.34305,0.0,0.0418,tp_sl,WIN,BUY,1.33551,2.251243781094561,1.35074,1.378
False,2.003,21646,2,2026-03-23 15:00:00+00:00,xs_momentum,1.3449,0.0,0.0436,tp_sl,LOSS,BUY,1.33978,1.6693811074918719,1.35013,1.7027687296417469
False,,21650,9,2026-03-23 16:00:00+00:00,sr_fib_confluence,1.33906,0.0,0.0488,tp_sl,WIN,BUY,1.33468,1.5011415525114404,1.34353,1.5311643835616828
False,,21702,3,2026-03-24 05:00:00+00:00,dt_fib_reversal,1.33925,0.0,0.1889,tp_sl,WIN,BUY,1.33776,1.4983164983166697,1.34076,1.5282828282829268
False,,21709,1,2026-03-24 06:45:00+00:00,gbp_deep_pullback,1.34132,0.0,0.1731,tp_sl,WIN,BUY,1.33748,3.5570987654321695,1.34593,2.561
False,,21712,4,2026-03-24 07:30:00+00:00,gbp_deep_pullback,1.34333,0.0,0.1037,signal_reverse,LOSS,BUY,1.33592,3.319,1.35222,3.319
False,,21718,1,2026-03-24 09:00:00+00:00,session_time_bias,1.33864,0.0,0.0993,signal_reverse,LOSS,SELL,1.34098,0.702,1.33583,0.702
False,,21722,6,2026-03-24 10:00:00+00:00,session_time_bias,1.34002,0.0,0.1007,tp_sl,WIN,SELL,1.34234,1.6666666666667227,1.33724,1.2
False,,21730,3,2026-03-24 12:00:00+00:00,session_time_bias,1.33928,0.0,0.0993,tp_sl,WIN,SELL,1.34163,1.6666666666667194,1.33646,1.2
False,2.523,21735,3,2026-03-24 13:15:00+00:00,session_time_bias,1.33667,0.0,0.0893,tp_sl,LOSS,SELL,1.34004,2.2500000000000853,1.33262,2.7000000000000726
False,,21744,2,2026-03-24 15:30:00+00:00,post_news_vol,1.33901,0.0,0.0793,tp_sl,WIN,SELL,1.34357,2.7021696252466447,1.33435,1.654
False,,21748,1,2026-03-24 16:30:00+00:00,dual_sr_bounce,1.33851,0.0,0.0874,tp_sl,WIN,SELL,1.34147,1.8149284253579119,1.33549,1.8512269938649666
False,,21753,2,2026-03-24 17:45:00+00:00,htf_false_breakout,1.33788,0.0,0.0925,tp_sl,WIN,BUY,1.33321,2.697495183044404,1.34264,1.651
False,,21799,1,2026-03-25 05:15:00+00:00,sr_fib_confluence,1.33811,0.0,0.1968,tp_sl,WIN,SELL,1.33946,1.4210526315789078,1.33674,0.87
False,,21803,1,2026-03-25 06:15:00+00:00,turtle_soup,1.3381,0.0,0.1908,signal_reverse,LOSS,BUY,1.3364,0.076,1.33983,0.076
False,,21806,1,2026-03-25 07:00:00+00:00,sr_fib_confluence,1.339,0.0,0.1386,tp_sl,WIN,SELL,1.34067,1.6584158415840307,1.33729,1.6915841584157332
False,,21809,1,2026-03-25 07:45:00+00:00,sr_fib_confluence,1.33891,0.0,0.1261,signal_reverse,LOSS,SELL,1.3409,2.838,1.33688,2.838
False,,21812,2,2026-03-25 08:30:00+00:00,session_time_bias,1.34152,0.0,0.1111,signal_reverse,WIN,SELL,1.34437,2.261904761904777,1.3381,1.413
False,,21816,5,2026-03-25 09:30:00+00:00,sr_fib_confluence,1.33978,0.0,0.112,tp_sl,WIN,BUY,1.33757,1.7666666666666941,1.34203,1.8019999999999925
False,,21825,1,2026-03-25 11:45:00+00:00,session_time_bias,1.34135,0.0,0.1167,tp_sl,WIN,SELL,1.34403,2.2361111111111427,1.33813,1.61
False,,21828,4,2026-03-25 12:30:00+00:00,session_time_bias,1.3395,0.0,0.1085,tp_sl,WIN,SELL,1.34165,1.6666666666667413,1.33692,2.000000000000021
False,,21836,16,2026-03-25 14:30:00+00:00,xs_momentum,1.33682,0.0,0.1023,tp_sl,LOSS,SELL,1.33976,2.2455470737913132,1.33382,2.2904580152671463
False,,21896,2,2026-03-26 05:30:00+00:00,doji_breakout,1.3357,0.0,0.271,tp_sl,WIN,SELL,1.33747,2.5603864734299915,1.3339,1.567
False,,21904,1,2026-03-26 07:30:00+00:00,session_time_bias,1.33522,0.0,0.1556,tp_sl,WIN,SELL,1.33671,1.6574074074074099,1.33343,1.193
False,,21907,1,2026-03-26 08:15:00+00:00,session_time_bias,1.3337,0.0,0.1474,tp_sl,LOSS,SELL,1.33529,1.6754385964912188,1.33179,2.0105263157893223
False,,21911,8,2026-03-26 09:15:00+00:00,session_time_bias,1.33445,0.0,0.1346,tp_sl,WIN,SELL,1.33617,1.6586538461536102,1.33238,1.194
False,3.798,21924,3,2026-03-26 12:30:00+00:00,trendline_sweep,1.33206,0.0,0.1284,tp_sl,LOSS,SELL,1.33569,3.3333333333333734,1.32835,3.399999999999988
False,,21929,6,2026-03-26 13:45:00+00:00,trendline_sweep,1.33545,0.0,0.1117,tp_sl,WIN,SELL,1.33795,2.0833333333334743,1.3329,1.275
False,,21938,6,2026-03-26 16:00:00+00:00,trendline_sweep,1.33446,0.0,0.1063,tp_sl,WIN,SELL,1.33977,3.961442786069588,1.32904,2.424
False,,21995,3,2026-03-27 06:15:00+00:00,sr_break_retest,1.33393,0.0,0.2397,tp_sl,WIN,SELL,1.33523,1.6666666666667678,1.33261,1.699999999999921
False,,22001,4,2026-03-27 07:45:00+00:00,session_time_bias,1.33112,0.0,0.1667,tp_sl,WIN,SELL,1.33252,1.666666666666483,1.32944,1.2
False,,22008,8,2026-03-27 09:30:00+00:00,trendline_sweep,1.33058,0.0,0.1538,tp_sl,WIN,SELL,1.33294,2.5915750915752334,1.32817,2.64340659340666
False,2.01,22018,5,2026-03-27 12:00:00+00:00,xs_momentum,1.32761,0.0,0.1458,tp_sl,LOSS,SELL,1.32922,1.6753472222223267,1.32597,1.7088541666665975
False,2.508,22025,5,2026-03-27 13:45:00+00:00,xs_momentum,1.32957,0.0,0.1252,tp_sl,LOSS,SELL,1.33197,2.242990654205568,1.32712,2.287850467289725
False,,22032,1,2026-03-27 15:30:00+00:00,dt_fib_reversal,1.33198,0.0,0.1165,tp_sl,WIN,SELL,1.33345,1.282608695652274,1.33047,1.3082608695652345
False,,22035,3,2026-03-27 16:15:00+00:00,london_fix_reversal,1.32883,0.0,0.1113,tp_sl,WIN,SELL,1.33043,1.2499999999998623,1.32691,1.4999999999999387
False,,22040,12,2026-03-27 17:30:00+00:00,xs_momentum,1.32608,0.0,0.125,tp_sl,LOSS,SELL,1.32822,1.6731770833333657,1.3239,1.7066406250000261
False,,22086,7,2026-03-30 05:00:00+00:00,dt_fib_reversal,1.327,0.0,0.2253,tp_sl,WIN,SELL,1.32829,1.5461847389560543,1.32569,1.5771084337349452
False,,22095,5,2026-03-30 07:15:00+00:00,gbp_deep_pullback,1.32458,0.0,0.1474,tp_sl,WIN,SELL,1.33025,5.964912280701799,1.31778,4.295
False,,22102,3,2026-03-30 09:00:00+00:00,session_time_bias,1.32267,0.0,0.1443,tp_sl,LOSS,SELL,1.32429,1.6666666666665975,1.32073,2.000000000000054
False,,22107,1,2026-03-30 10:15:00+00:00,session_time_bias,1.3235,0.0,0.1386,tp_sl,WIN,SELL,1.32518,1.666666666666593,1.32148,1.2
False,,22112,2,2026-03-30 11:30:00+00:00,session_time_bias,1.32343,0.0,0.1273,tp_sl,WIN,SELL,1.32525,1.6590909090908776,1.32124,1.195
False,,22117,2,2026-03-30 12:45:00+00:00,session_time_bias,1.32268,0.0,0.125,tp_sl,WIN,SELL,1.32455,1.6666666666666816,1.32044,2.0000000000000178
False,,22121,20,2026-03-30 13:45:00+00:00,xs_momentum,1.31824,0.0,0.1031,tp_sl,LOSS,SELL,1.32041,1.6730769230769524,1.31602,1.7065384615383856
False,2.692,22194,13,2026-03-31 08:00:00+00:00,session_time_bias,1.31987,0.0,0.1308,tp_sl,LOSS,SELL,1.32227,2.242990654205568,1.31699,2.691588785046723
False,,22210,6,2026-03-31 12:00:00+00:00,session_time_bias,1.32327,0.0,0.1102,tp_sl,LOSS,SELL,1.32612,2.2440944881889915,1.31985,2.6929133858267544
False,,22218,1,2026-03-31 14:00:00+00:00,session_time_bias,1.32483,0.0,0.0978,tp_sl,WIN,SELL,1.3279,2.244525547445373,1.32114,1.616
False,,22223,4,2026-03-31 15:15:00+00:00,sr_fib_confluence,1.32034,0.0,0.0691,tp_sl,WIN,SELL,1.32395,1.864261168384846,1.31665,1.141
False,1.381,22229,2,2026-03-31 16:45:00+00:00,sr_fib_confluence,1.32141,0.0,0.0669,tp_sl,LOSS,SELL,1.32432,1.3693270735524312,1.31843,1.3967136150234507
False,,22233,16,2026-03-31 17:45:00+00:00,ema200_trend_reversal,1.32291,0.0,0.078,tp_sl,LOSS,SELL,1.32653,1.7682926829267156,1.31921,1.8036585365853215
True,1.2,22281,1,2026-04-01 05:45:00+00:00,dt_bb_rsi_mr,1.32544,0.0,0.2055,tp_sl,LOSS,SELL,1.32635,0.999999999999963,1.32435,1.200000000000102
False,,22289,1,2026-04-01 07:45:00+00:00,session_time_bias,1.32642,0.0,0.1102,signal_reverse,LOSS,SELL,1.32853,1.858,1.32389,1.858
False,2.478,22293,11,2026-04-01 08:45:00+00:00,session_time_bias,1.32869,0.0,0.1014,tp_sl,LOSS,SELL,1.3318,2.2524154589371514,1.32496,2.7028985507246457
False,,22306,3,2026-04-01 12:00:00+00:00,xs_momentum,1.33236,0.0,0.1102,tp_sl,LOSS,BUY,1.32951,2.2440944881889915,1.33527,2.2889763779527503
False,,22311,2,2026-04-01 13:15:00+00:00,session_time_bias,1.33057,0.0,0.0899,signal_reverse,LOSS,SELL,1.33305,0.67,1.32759,0.67
False,,22316,5,2026-04-01 14:30:00+00:00,xs_momentum,1.33181,0.0,0.0899,tp_sl,WIN,BUY,1.32847,2.242729306487635,1.33522,1.373
False,,22323,1,2026-04-01 16:15:00+00:00,dual_sr_bounce,1.33204,0.0,0.0997,tp_sl,WIN,BUY,1.33025,1.2500000000000369,1.33387,1.2750000000001154
True,,22326,1,2026-04-01 17:00:00+00:00,dt_bb_rsi_mr,1.3336,0.0,0.1135,tp_sl,WIN,SELL,1.33493,0.9456264775414245,1.332,1.134751773049678
False,,22389,9,2026-04-02 08:45:00+00:00,intraday_seasonality,1.31998,0.0,0.1167,tp_sl,WIN,SELL,1.3227,2.263888888888732,1.31721,1.385
False,1.504,22404,7,2026-04-02 12:30:00+00:00,dual_sr_bounce,1.32083,0.0,0.1239,tp_sl,LOSS,SELL,1.32225,1.2536873156341786,1.31939,1.2787610619468306
False,,22417,20,2026-04-02 15:45:00+00:00,london_fix_reversal,1.32372,0.0,0.0957,tp_sl,WIN,SELL,1.32582,1.4999999999998348,1.3212,1.799999999999897
False,1.628,22475,3,2026-04-03 06:15:00+00:00,dt_bb_rsi_mr,1.32294,0.0,0.3117,tp_sl,LOSS,SELL,1.32382,1.4583333333332653,1.32189,1.7499999999999925
False,,22481,2,2026-04-03 07:45:00+00:00,session_time_bias,1.32371,0.0,0.2333,tp_sl,WIN,SELL,1.32472,1.6805555555558331,1.3225,1.21
False,,22485,7,2026-04-03 08:45:00+00:00,session_time_bias,1.32368,0.0,0.2333,tp_sl,WIN,SELL,1.32468,1.6666666666664833,1.32248,1.2
False,,22497,1,2026-04-03 11:45:00+00:00,session_time_bias,1.3234,0.0,0.2333,tp_sl,WIN,SELL,1.32439,1.6527777777775035,1.32221,1.19
False,,22500,1,2026-04-03 12:30:00+00:00,session_time_bias,1.32174,0.0,0.1687,tp_sl,WIN,SELL,1.32312,1.6666666666666168,1.32008,1.2
False,,22503,7,2026-04-03 13:15:00+00:00,session_time_bias,1.32109,0.0,0.154,tp_sl,WIN,SELL,1.32254,1.6666666666666108,1.31935,1.2
False,,22512,1,2026-04-03 15:30:00+00:00,xs_momentum,1.31977,0.0,0.1523,tp_sl,WIN,SELL,1.32134,1.7897727272725932,1.31816,1.095
False,,22515,2,2026-04-03 16:15:00+00:00,xs_momentum,1.31923,0.0,0.137,tp_sl,WIN,SELL,1.32157,2.2516025641025834,1.31684,1.378
False,,22520,7,2026-04-03 17:30:00+00:00,xs_momentum,1.31946,0.0,0.1333,tp_sl,WIN,SELL,1.32216,2.2500000000001226,1.31671,1.377
False,,22568,4,2026-04-06 05:30:00+00:00,dt_fib_reversal,1.32143,0.0,0.2634,tp_sl,LOSS,SELL,1.32248,1.478873239436613,1.32036,1.5084507042254143
False,1.5,22574,1,2026-04-06 07:00:00+00:00,sr_break_retest,1.32126,0.0,0.1772,tp_sl,LOSS,SELL,1.32225,1.2499999999998974,1.32025,1.275000000000019
False,,22579,20,2026-04-06 08:15:00+00:00,gbp_deep_pullback,1.32544,0.0,0.1429,tp_sl,LOSS,BUY,1.31947,6.088435374149669,1.3326,7.306122448979648
False,,22602,1,2026-04-06 14:00:00+00:00,session_time_bias,1.3251,0.0,0.1367,tp_sl,LOSS,SELL,1.32673,1.6666666666667098,1.32314,1.9999999999999611
False,,22606,1,2026-04-06 15:00:00+00:00,sr_fib_confluence,1.32294,0.0,0.1126,signal_reverse,LOSS,BUY,1.32131,0.393,1.32461,0.393
False,,22609,1,2026-04-06 15:45:00+00:00,trendline_sweep,1.32342,0.0,0.1218,signal_reverse,WIN,BUY,1.32112,2.0909090909090624,1.32577,0.038
False,,22612,1,2026-04-06 16:30:00+00:00,london_fix_reversal,1.32375,0.0,0.137,signal_reverse,LOSS,BUY,1.32245,1.668,1.32531,1.668
False,1.692,22617,1,2026-04-06 17:45:00+00:00,sr_fib_confluence,1.32247,0.0,0.1538,tp_sl,LOSS,SELL,1.32418,1.6426282051282912,1.32073,1.675480769230964
True,,22662,1,2026-04-07 05:00:00+00:00,dt_bb_rsi_mr,1.32289,0.0,0.2833,tp_sl,WIN,SELL,1.32355,0.9999999999998226,1.3221,1.1999999999998543
False,,22665,1,2026-04-07 05:45:00+00:00,dual_sr_bounce,1.3233,0.0,0.2461,tp_sl,WIN,BUY,1.32174,2.050438596491221,1.32489,1.255
False,,22670,3,2026-04-07 07:00:00+00:00,turtle_soup,1.32353,0.0,0.1556,tp_sl,WIN,SELL,1.32555,2.2499999999999374,1.32146,1.377
False,,22676,1,2026-04-07 08:30:00+00:00,post_news_vol,1.32741,0.0,0.1186,signal_reverse,LOSS,BUY,1.32069,0.034,1.33426,0.034
False,,22680,1,2026-04-07 09:30:00+00:00,session_time_bias,1.32689,0.0,0.1207,signal_reverse,WIN,SELL,1.32882,1.6666666666666745,1.32457,0.716
False,,22683,9,2026-04-07 10:15:00+00:00,sr_fib_confluence,1.32533,0.0,0.1085,tp_sl,WIN,BUY,1.32284,1.9315245478037062,1.32787,1.182
False,2.331,22695,23,2026-04-07 13:15:00+00:00,session_time_bias,1.32435,0.0,0.1072,tp_sl,LOSS,SELL,1.32716,2.2533333333333516,1.32097,2.703999999999951
False,,22767,6,2026-04-08 07:15:00+00:00,dual_sr_bounce,1.34248,0.0,0.0933,tp_sl,WIN,BUY,1.33958,1.9333333333332683,1.34544,1.183
False,,22777,4,2026-04-08 09:45:00+00:00,dual_sr_bounce,1.34256,0.0,0.0959,tp_sl,WIN,BUY,1.33977,1.9121004566210602,1.34541,1.9503424657533506
False,2.0,22786,5,2026-04-08 12:00:00+00:00,xs_momentum,1.34761,0.0,0.1007,tp_sl,LOSS,BUY,1.34529,1.6666666666667227,1.34997,1.6999999999999231
False,,22793,9,2026-04-08 13:45:00+00:00,xs_momentum,1.34498,0.0,0.0882,tp_sl,LOSS,BUY,1.34246,1.6611842105262422,1.34756,1.694407894736738
False,1.788,22805,5,2026-04-08 16:45:00+00:00,london_fix_reversal,1.34259,0.0,0.1088,tp_sl,LOSS,BUY,1.34063,1.5012722646310475,1.34495,1.8015267175573586
False,,22815,18,2026-04-08 19:15:00+00:00,gbp_deep_pullback,1.33897,0.0,0.127,tp_sl,LOSS,SELL,1.34428,4.214550264550242,1.3329,4.817460317460333
False,,22860,1,2026-04-09 06:30:00+00:00,trendline_sweep,1.33945,0.0,0.2461,tp_sl,WIN,BUY,1.33804,1.8530701754384653,1.34088,1.134
False,,22864,4,2026-04-09 07:30:00+00:00,trendline_sweep,1.33941,0.0,0.1687,tp_sl,WIN,BUY,1.3371,2.781124497991996,1.34176,1.702
False,,22870,9,2026-04-09 09:00:00+00:00,turtle_soup,1.3412,0.0,0.1458,tp_sl,WIN,BUY,1.33734,4.019097222222416,1.34514,2.46
False,,22895,1,2026-04-09 15:15:00+00:00,orb_trap,1.34238,0.0,0.1126,tp_sl,WIN,BUY,1.33877,3.0392156862744546,1.34607,1.86
False,,22898,2,2026-04-09 16:00:00+00:00,sr_anti_hunt_bounce,1.34449,0.0,0.114,tp_sl,WIN,BUY,1.33403,8.366666666666767,1.35516,5.12
False,1.926,22902,4,2026-04-09 17:00:00+00:00,xs_momentum,1.34565,0.0,0.1322,tp_sl,LOSS,BUY,1.34363,1.666666666666575,1.34771,1.69999999999998
False,,22952,5,2026-04-10 05:30:00+00:00,dt_fib_reversal,1.34208,0.0,0.2968,tp_sl,WIN,BUY,1.34108,1.5873015873014125,1.3431,0.971
False,,22962,4,2026-04-10 08:00:00+00:00,orb_trap,1.34224,0.0,0.1687,tp_sl,WIN,BUY,1.34014,2.5301204819276997,1.34438,1.548
False,,22968,10,2026-04-10 09:30:00+00:00,trendline_sweep,1.34369,0.0,0.1522,tp_sl,WIN,BUY,1.3401,3.903985507246369,1.34735,2.389
False,,22980,2,2026-04-10 12:30:00+00:00,xs_momentum,1.34607,0.0,0.1609,tp_sl,WIN,BUY,1.34462,1.6666666666666108,1.34755,1.6999999999997542
False,2.373,22986,9,2026-04-10 14:00:00+00:00,xs_momentum,1.3473,0.0,0.1301,tp_sl,LOSS,BUY,1.34498,2.2572815533979713,1.34968,2.3024271844659907
False,,22997,15,2026-04-10 16:45:00+00:00,xs_momentum,1.34572,0.0,0.1319,tp_sl,WIN,BUY,1.34378,1.7978395061728984,1.3477,1.1
False,,23056,13,2026-04-13 07:30:00+00:00,ema_cross,1.34289,0.0,0.1772,tp_sl,WIN,BUY,1.34186,1.3080168776369867,1.34394,1.334177215189732
False,1.803,23071,1,2026-04-13 11:15:00+00:00,sr_fib_confluence,1.34389,0.0,0.1842,tp_sl,LOSS,BUY,1.34275,1.50219298245634,1.34505,1.5322368421052799
False,,23074,2,2026-04-13 12:00:00+00:00,sr_fib_confluence,1.34244,0.0,0.1609,tp_sl,WIN,BUY,1.34103,1.6187739463600388,1.34388,1.6511494252874284
False,,23078,1,2026-04-13 13:00:00+00:00,sr_fib_confluence,1.34387,0.0,0.154,tp_sl,WIN,BUY,1.34249,1.5900383141761978,1.34529,1.6218390804598288
False,,23081,1,2026-04-13 13:45:00+00:00,xs_momentum,1.34533,0.0,0.1381,tp_sl,WIN,BUY,1.34372,1.6666666666668264,1.34698,1.02
False,,23084,7,2026-04-13 14:30:00+00:00,xs_momentum,1.34649,0.0,0.1327,tp_sl,WIN,BUY,1.34421,2.2607260726073415,1.34882,1.384
False,,23094,6,2026-04-13 17:00:00+00:00,xs_momentum,1.34831,0.0,0.1481,tp_sl,WIN,BUY,1.34652,1.6589506172841277,1.35014,1.6921296296297157
False,,23152,5,2026-04-14 07:30:00+00:00,post_news_vol,1.35378,0.0,0.1707,tp_sl,WIN,BUY,1.35143,2.8658536585364054,1.35618,1.754
False,,23170,4,2026-04-14 12:00:00+00:00,xs_momentum,1.3575,0.0,0.1429,tp_sl,WIN,BUY,1.35587,1.6666666666667098,1.35917,1.02
False,2.01,23176,8,2026-04-14 13:30:00+00:00,xs_momentum,1.3582,0.0,0.1301,tp_sl,LOSS,BUY,1.35648,1.674757281553375,1.35996,1.7082524271843822
False,,23186,8,2026-04-14 16:00:00+00:00,intraday_seasonality,1.3563,0.0,0.1397,tp_sl,WIN,BUY,1.35463,1.6421568627451892,1.35801,1.005
True,,23260,1,2026-04-15 10:30:00+00:00,dt_sr_channel_reversal,1.35538,0.0,0.1429,tp_sl,LOSS,BUY,1.35486,0.5272108843537967,1.356,0.6326530612245561
True,,23264,4,2026-04-15 11:30:00+00:00,dt_bb_rsi_mr,1.35464,0.0,0.1458,tp_sl,WIN,BUY,1.35368,1.0000000000000748,1.35579,0.72
False,,23282,17,2026-04-15 16:00:00+00:00,dual_sr_bounce,1.35734,0.0,0.1397,tp_sl,LOSS,BUY,1.35607,1.2499999999999167,1.35864,1.274999999999928
True,0.74,23302,1,2026-04-15 21:00:00+00:00,dt_sr_channel_reversal,1.35641,0.0,0.26,tp_sl,LOSS,BUY,1.35591,0.6166666666665432,1.357,0.7399999999999074
True,,23305,4,2026-04-15 21:45:00+00:00,dt_sr_channel_reversal,1.35641,0.0,0.2419,tp_sl,WIN,BUY,1.35591,0.5736434108525984,1.357,0.6883720930231697
False,,23337,4,2026-04-16 05:45:00+00:00,sr_anti_hunt_bounce,1.35731,0.0,0.2634,tp_sl,WIN,BUY,1.3477,13.532863849765409,1.36711,8.282
False,,23348,3,2026-04-16 08:30:00+00:00,wick_imbalance_reversion,1.3556,0.0,0.1647,tp_sl,LOSS,BUY,1.35369,2.2450980392155047,1.35755,2.289999999999825
False,,23360,3,2026-04-16 11:30:00+00:00,dual_sr_bounce,1.35449,0.0,0.1573,tp_sl,WIN,SELL,1.35653,2.2940074906367633,1.35241,1.404
False,,23365,3,2026-04-16 12:45:00+00:00,dual_sr_bounce,1.35451,0.0,0.1609,tp_sl,WIN,SELL,1.35669,2.509578544061409,1.35228,1.536
False,,23374,5,2026-04-16 15:00:00+00:00,htf_false_breakout,1.35336,0.0,0.1165,tp_sl,WIN,BUY,1.35076,2.268115942028977,1.35602,1.388
False,,23430,3,2026-04-17 05:00:00+00:00,gbp_deep_pullback,1.3519,0.0,0.3117,tp_sl,WIN,SELL,1.3534,2.500000000000095,1.3501,1.8
False,,23440,2,2026-04-17 07:30:00+00:00,sr_fib_confluence,1.35191,0.0,0.2,signal_reverse,LOSS,SELL,1.35278,0.686,1.35102,0.686
False,,23444,2,2026-04-17 08:30:00+00:00,sr_fib_confluence,1.35322,0.0,0.1867,tp_sl,WIN,BUY,1.35184,1.8444444444443893,1.35463,1.129
False,,23448,3,2026-04-17 09:30:00+00:00,session_time_bias,1.35311,0.0,0.175,signal_reverse,WIN,SELL,1.35444,1.6562500000000258,1.35152,0.712
False,,23453,4,2026-04-17 10:45:00+00:00,sr_fib_confluence,1.3524,0.0,0.1728,tp_sl,WIN,BUY,1.35098,1.7592592592592713,1.35385,1.077
False,,23460,1,2026-04-17 12:30:00+00:00,xs_momentum,1.35447,0.0,0.1505,tp_sl,WIN,BUY,1.35239,2.2401433691754997,1.35659,2.284946236559067
False,,23463,1,2026-04-17 13:15:00+00:00,session_time_bias,1.35753,0.0,0.1008,tp_sl,WIN,SELL,1.36051,2.2431077694235624,1.35395,1.615
False,,23466,4,2026-04-17 14:00:00+00:00,session_time_bias,1.35716,0.0,0.1008,signal_reverse,WIN,SELL,1.36016,2.2556390977444463,1.35356,1.077
False,2.204,23472,15,2026-04-17 15:30:00+00:00,sr_fib_confluence,1.35545,0.0,0.0964,tp_sl,LOSS,BUY,1.35247,2.146282973621266,1.3585,2.189208633093618
False,,23526,1,2026-04-20 05:00:00+00:00,sr_anti_hunt_bounce,1.34979,0.0,0.2671,tp_sl,WIN,SELL,1.36209,17.571428571428857,1.33725,10.754
True,,23529,1,2026-04-20 05:45:00+00:00,dt_bb_rsi_mr,1.34929,0.0,0.2527,signal_reverse,LOSS,BUY,1.34869,1.316,1.35,1.316
True,,23535,1,2026-04-20 07:15:00+00:00,dt_bb_rsi_mr,1.35108,0.0,0.1538,tp_sl,WIN,SELL,1.35198,0.9890109890108801,1.35,1.1868131868131537
False,1.989,23538,6,2026-04-20 08:00:00+00:00,session_time_bias,1.34991,0.0,0.1489,tp_sl,LOSS,SELL,1.35147,1.657801418439711,1.34804,1.9893617021277004
False,,23546,6,2026-04-20 10:00:00+00:00,session_time_bias,1.35138,0.0,0.1458,signal_reverse,LOSS,SELL,1.35354,0.688,1.34879,0.688
False,2.283,23554,4,2026-04-20 12:00:00+00:00,session_time_bias,1.35056,0.0,0.1522,tp_sl,LOSS,SELL,1.35264,2.2644927536230597,1.34806,2.717391304347768
False,,23560,4,2026-04-20 13:30:00+00:00,xs_momentum,1.35332,0.0,0.1411,tp_sl,LOSS,BUY,1.35173,1.6754385964912188,1.35495,1.7089473684210525
False,,23566,1,2026-04-20 15:00:00+00:00,wick_imbalance_reversion,1.35257,0.0,0.1264,tp_sl,WIN,BUY,1.35021,2.232704402515896,1.35499,1.366
False,,23569,2,2026-04-20 15:45:00+00:00,london_fix_reversal,1.35384,0.0,0.1229,signal_reverse,LOSS,SELL,1.35547,0.273,1.35188,0.273
False,,23576,20,2026-04-20 17:30:00+00:00,london_ny_swing,1.35363,0.0,0.1667,tp_sl,LOSS,BUY,1.34819,5.668402777777905,1.35918,5.781770833333348
False,,23622,3,2026-04-21 05:00:00+00:00,sr_fib_confluence,1.3518,0.0,0.3169,tp_sl,LOSS,SELL,1.35269,1.497175141242961,1.3509,1.5271186440678655
False,,23627,1,2026-04-21 06:15:00+00:00,sr_fib_confluence,1.35218,0.0,0.275,tp_sl,WIN,SELL,1.35338,1.7647058823527466,1.35096,1.08
False,,23630,2,2026-04-21 07:00:00+00:00,sr_fib_confluence,1.35136,0.0,0.1972,tp_sl,WIN,SELL,1.35262,1.7723004694836073,1.35008,1.085
False,1.989,23634,1,2026-04-21 08:00:00+00:00,session_time_bias,1.34837,0.0,0.1522,tp_sl,LOSS,SELL,1.3499,1.6576086956521723,1.34654,1.9891304347826069
False,,23637,10,2026-04-21 08:45:00+00:00,session_time_bias,1.35022,0.0,0.14,signal_reverse,LOSS,SELL,1.35247,1.76,1.34752,1.76
False,,23649,10,2026-04-21 11:45:00+00:00,sr_fib_confluence,1.35195,0.0,0.1505,tp_sl,WIN,BUY,1.35056,1.4964157706090944,1.35337,1.5263440860214053
False,,23661,2,2026-04-21 14:45:00+00:00,trendline_sweep,1.35078,0.0,0.1186,tp_sl,WIN,SELL,1.35591,4.542772861356825,1.34554,2.78
False,1.627,23665,4,2026-04-21 15:45:00+00:00,london_fix_reversal,1.3512,0.0,0.1136,tp_sl,LOSS,BUY,1.3496,1.3559322033898693,1.35312,1.6271186440679184
False,,23673,3,2026-04-21 17:45:00+00:00,trendline_sweep,1.35034,0.0,0.1127,tp_sl,WIN,SELL,1.35405,2.6115023474179044,1.34656,1.598
True,,23681,1,2026-04-21 19:45:00+00:00,dt_bb_rsi_mr,1.34831,0.0,0.1026,tp_sl,WIN,BUY,1.3469,0.9027777777778563,1.35,1.083333333333456
True,,23720,1,2026-04-22 05:30:00+00:00,dt_bb_rsi_mr,1.35244,0.0,0.2078,tp_sl,WIN,SELL,1.35334,0.9999999999998899,1.35136,0.72
True,,23723,3,2026-04-22 06:15:00+00:00,dt_sr_channel_reversal,1.35207,0.0,0.2078,tp_sl,WIN,SELL,1.35297,0.9935185185184893,1.351,1.192222222222335
False,,23745,3,2026-04-22 11:45:00+00:00,session_time_bias,1.35013,0.0,0.1628,signal_reverse,WIN,SELL,1.35206,2.2480620155038866,1.34781,0.686
False,2.11,23750,1,2026-04-22 13:00:00+00:00,sr_fib_confluence,1.34961,0.0,0.1473,tp_sl,LOSS,SELL,1.35121,1.7582417582418086,1.34797,1.793406593406435
False,,23753,1,2026-04-22 13:45:00+00:00,session_time_bias,1.35167,0.0,0.1301,signal_reverse,LOSS,SELL,1.35399,0.464,1.34888,0.464
False,,23756,1,2026-04-22 14:30:00+00:00,ema200_trend_reversal,1.35094,0.0,0.1314,tp_sl,WIN,SELL,1.35259,1.6176470588236778,1.34925,0.99
False,,23761,4,2026-04-22 15:45:00+00:00,london_fix_reversal,1.35052,0.0,0.1252,tp_sl,WIN,BUY,1.34918,1.253894080997006,1.35213,0.903
False,,23768,9,2026-04-22 17:30:00+00:00,dual_sr_bounce,1.3514,0.0,0.1616,tp_sl,LOSS,BUY,1.34996,1.456228956228852,1.35287,1.4853535353534648
True,0.865,23783,10,2026-04-22 21:15:00+00:00,dt_sr_channel_reversal,1.35031,0.0,0.26,tp_sl,LOSS,BUY,1.34973,0.7208333333333372,1.351,0.8649999999998936
False,,23814,11,2026-04-23 05:00:00+00:00,intraday_seasonality,1.34895,0.0,0.275,tp_sl,WIN,SELL,1.35009,1.6789215686273475,1.34779,1.027
False,,23827,1,2026-04-23 08:15:00+00:00,orb_trap,1.34894,0.0,0.1867,tp_sl,WIN,BUY,1.34742,2.0222222222224437,1.35049,2.062666666666916
False,,23830,1,2026-04-23 09:00:00+00:00,session_time_bias,1.34908,0.0,0.1609,signal_reverse,LOSS,SELL,1.35053,1.954,1.34734,1.954
False,,23833,3,2026-04-23 09:45:00+00:00,session_time_bias,1.34984,0.0,0.1522,tp_sl,WIN,SELL,1.35137,1.6666666666667245,1.348,1.2
False,,23839,1,2026-04-23 11:15:00+00:00,trendline_sweep,1.3496,0.0,0.1474,tp_sl,WIN,BUY,1.34732,2.4035087719296766,1.35193,1.471
False,,23843,1,2026-04-23 12:15:00+00:00,session_time_bias,1.34925,0.0,0.1296,tp_sl,WIN,SELL,1.35167,2.2376543209877164,1.34635,1.611
False,1.706,23846,1,2026-04-23 13:00:00+00:00,session_time_bias,1.34779,0.0,0.1207,tp_sl,LOSS,SELL,1.34963,1.6591591591590262,1.34558,1.9909909909908317
False,,23856,5,2026-04-23 15:30:00+00:00,orb_trap,1.34923,0.0,0.1218,tp_sl,WIN,SELL,1.35339,3.7878787878787743,1.34498,2.318
True,,23863,1,2026-04-23 17:15:00+00:00,dt_bb_rsi_mr,1.34682,0.0,0.1368,signal_reverse,WIN,BUY,1.34565,0.9999999999999089,1.34822,0.632
False,1.797,23922,5,2026-04-24 08:00:00+00:00,session_time_bias,1.34699,0.0,0.1892,tp_sl,LOSS,SELL,1.34823,1.677927927927818,1.3455,2.0135135135135016
False,,23929,1,2026-04-24 09:45:00+00:00,sr_fib_confluence,1.34836,0.0,0.1795,tp_sl,WIN,BUY,1.34702,1.7200854700856365,1.34973,1.053
False,,23932,1,2026-04-24 10:30:00+00:00,sr_fib_confluence,1.34909,0.0,0.1772,tp_sl,WIN,BUY,1.34787,1.540084388185625,1.35033,0.943
False,,23936,1,2026-04-24 11:30:00+00:00,session_time_bias,1.34953,0.0,0.1505,signal_reverse,LOSS,SELL,1.35161,0.258,1.34703,0.258
False,,23939,6,2026-04-24 12:15:00+00:00,xs_momentum,1.34979,0.0,0.1522,tp_sl,WIN,BUY,1.34772,2.246376811594197,1.3519,1.375
False,,23947,5,2026-04-24 14:15:00+00:00,xs_momentum,1.35084,0.0,0.1218,tp_sl,WIN,BUY,1.34901,1.666666666666685,1.35271,1.02
False,,23956,14,2026-04-24 16:30:00+00:00,xs_momentum,1.35183,0.0,0.1357,tp_sl,WIN,BUY,1.34995,1.793650793650702,1.35375,1.098
False,,24006,2,2026-04-27 05:15:00+00:00,wick_imbalance_reversion,1.35389,0.0,0.2968,tp_sl,LOSS,BUY,1.35248,2.2354497354495773,1.35532,2.2801587301588295
False,,24011,1,2026-04-27 06:30:00+00:00,wick_imbalance_reversion,1.35328,0.0,0.2791,tp_sl,WIN,BUY,1.35178,2.2388059701493384,1.35481,1.37
False,,24015,2,2026-04-27 07:30:00+00:00,sr_break_retest,1.35392,0.0,0.1842,tp_sl,WIN,BUY,1.35278,1.5021929824560478,1.35508,0.919
False,,24019,13,2026-04-27 08:30:00+00:00,ema_cross,1.35523,0.0,0.1728,tp_sl,WIN,BUY,1.35375,1.8209876543211299,1.35673,1.8574074074074318
False,2.518,24034,1,2026-04-27 12:15:00+00:00,intraday_seasonality,1.35699,0.0,0.1647,tp_sl,LOSS,BUY,1.35508,2.2450980392155047,1.35894,2.289999999999825
False,,24037,2,2026-04-27 13:00:00+00:00,dual_sr_bounce,1.3555,0.0,0.1354,tp_sl,LOSS,BUY,1.35426,1.2542087542086722,1.35677,1.279292929292989
False,1.5,24050,2,2026-04-27 16:15:00+00:00,london_fix_reversal,1.35523,0.0,0.1532,tp_sl,LOSS,BUY,1.35407,1.2499999999999518,1.35663,1.5000000000000377
False,2.132,24105,2,2026-04-28 06:00:00+00:00,wick_imbalance_reversion,1.35205,0.0,0.275,tp_sl,LOSS,BUY,1.35084,1.7769607843136113,1.35328,1.8124999999999554
False,,24109,5,2026-04-28 07:00:00+00:00,wick_imbalance_reversion,1.35089,0.0,0.1944,tp_sl,WIN,BUY,1.34926,2.2685185185188854,1.35256,1.388
False,,24116,2,2026-04-28 08:45:00+00:00,session_time_bias,1.35039,0.0,0.175,tp_sl,WIN,SELL,1.35171,1.6562500000000258,1.3488,1.9874999999999754
False,2.025,24126,1,2026-04-28 11:15:00+00:00,dt_sr_channel_reversal,1.34843,0.0,0.1772,tp_sl,LOSS,BUY,1.34709,1.6983122362870842,1.3498,1.732278481012792
False,,24131,1,2026-04-28 12:30:00+00:00,htf_false_breakout,1.34878,0.0,0.1443,signal_reverse,LOSS,BUY,1.34473,0.0,1.35291,0.0
False,,24134,2,2026-04-28 13:15:00+00:00,sr_fib_confluence,1.34937,0.0,0.1314,tp_sl,WIN,SELL,1.35112,1.7238562091500824,1.34757,1.055
False,,24138,1,2026-04-28 14:15:00+00:00,sr_fib_confluence,1.34967,0.0,0.1276,signal_reverse,LOSS,SELL,1.3519,0.227,1.34739,0.227
False,,24141,9,2026-04-28 15:00:00+00:00,sr_fib_confluence,1.35019,0.0,0.1288,tp_sl,WIN,BUY,1.34806,2.051282051282039,1.35237,1.255
False,,24152,9,2026-04-28 17:45:00+00:00,xs_momentum,1.35191,0.0,0.1818,signal_reverse,LOSS,BUY,1.35043,0.182,1.35341,0.182
False,,24200,2,2026-04-29 05:45:00+00:00,gbp_deep_pullback,1.35025,0.0,0.2968,tp_sl,WIN,SELL,1.35185,2.5396825396826124,1.34833,1.829
False,,24206,2,2026-04-29 07:15:00+00:00,doji_breakout,1.35027,0.0,0.1918,signal_reverse,LOSS,BUY,1.34905,1.055,1.35151,1.055
False,,24210,9,2026-04-29 08:15:00+00:00,sr_fib_confluence,1.35008,0.0,0.1772,signal_reverse,LOSS,SELL,1.35153,1.468,1.3486,1.468
False,,24221,5,2026-04-29 11:00:00+00:00,session_time_bias,1.35059,0.0,0.175,tp_sl,WIN,SELL,1.35193,1.6770833333334956,1.34898,1.208
False,,24230,1,2026-04-29 13:15:00+00:00,trendline_sweep,1.34914,0.0,0.1523,tp_sl,WIN,SELL,1.35272,4.071969696969627,1.34548,2.492
False,,24233,2,2026-04-29 14:00:00+00:00,dt_bb_rsi_mr,1.34808,0.0,0.1396,signal_reverse,WIN,BUY,1.34636,1.7968749999999756,1.34984,2.033
False,,24237,6,2026-04-29 15:00:00+00:00,trendline_sweep,1.34876,0.0,0.1218,tp_sl,WIN,SELL,1.35132,2.333333333333278,1.34614,1.428
True,,24246,1,2026-04-29 17:15:00+00:00,dt_bb_rsi_mr,1.34835,0.0,0.1455,tp_sl,WIN,BUY,1.34781,0.4924242424242386,1.349,0.5909090909091267
False,,24293,3,2026-04-30 05:00:00+00:00,intraday_seasonality,1.3464,0.0,0.2309,tp_sl,WIN,SELL,1.34824,2.263374485596733,1.34453,1.385
False,,24298,2,2026-04-30 06:15:00+00:00,turtle_soup,1.3469,0.0,0.2174,tp_sl,WIN,BUY,1.34465,2.616279069767283,1.34919,1.601
False,,24302,2,2026-04-30 07:15:00+00:00,sr_fib_confluence,1.34895,0.0,0.1556,tp_sl,WIN,BUY,1.34737,1.759259259259189,1.35057,1.077
False,,24306,4,2026-04-30 08:15:00+00:00,turtle_soup,1.34953,0.0,0.1474,tp_sl,WIN,BUY,1.3459,3.8245614035085844,1.35324,2.341
False,2.0,24313,1,2026-04-30 10:00:00+00:00,session_time_bias,1.34917,0.0,0.1333,tp_sl,LOSS,SELL,1.35092,1.666666666666589,1.34707,1.9999999999999913
False,,24317,4,2026-04-30 11:00:00+00:00,session_time_bias,1.3519,0.0,0.1148,signal_reverse,WIN,SELL,1.35464,2.2472677595628214,1.34861,0.475
False,,24323,2,2026-04-30 12:30:00+00:00,session_time_bias,1.35024,0.0,0.1069,signal_reverse,LOSS,SELL,1.35241,0.939,1.34763,0.939
False,,24327,1,2026-04-30 13:30:00+00:00,session_time_bias,1.3511,0.0,0.1063,signal_reverse,LOSS,SELL,1.3532,2.117,1.34858,2.117
False,,24330,1,2026-04-30 14:15:00+00:00,xs_momentum,1.35613,0.0,0.0924,tp_sl,WIN,BUY,1.35366,1.7068965517242947,1.35866,1.7410344827586488
False,,24334,2,2026-04-30 15:15:00+00:00,mqe_gbpusd_fix,1.35781,0.0,0.0793,signal_reverse,LOSS,SELL,1.35992,0.247,1.35565,0.247
False,,24342,5,2026-04-30 17:15:00+00:00,xs_momentum,1.35832,0.0,0.1168,tp_sl,WIN,BUY,1.35523,2.2566909975669454,1.36147,1.381
True,,24394,1,2026-05-01 06:15:00+00:00,dt_sr_channel_reversal,1.35933,0.0,0.3016,tp_sl,WIN,BUY,1.35877,0.9045698924734932,1.36,1.085483870967977
False,,24398,14,2026-05-01 07:15:00+00:00,post_news_vol,1.36129,0.0,0.175,tp_sl,LOSS,BUY,1.35907,2.781249999999902,1.36356,2.8368749999999054
False,,24416,1,2026-05-01 11:45:00+00:00,ema_cross,1.36222,0.0,0.1429,tp_sl,WIN,BUY,1.35976,2.5085034013606644,1.36473,1.535
False,,24421,3,2026-05-01 13:00:00+00:00,xs_momentum,1.3633,0.0,0.1276,tp_sl,WIN,BUY,1.36094,2.2539682539682175,1.36572,1.379
False,1.95,24428,7,2026-05-01 14:45:00+00:00,sr_fib_confluence,1.36245,0.0,0.1015,tp_sl,LOSS,BUY,1.36026,1.660353535353647,1.36469,1.6935606060606492
True,1.2,24438,2,2026-05-01 17:15:00+00:00,dt_sr_channel_reversal,1.3598,0.0,0.1416,tp_sl,LOSS,BUY,1.35867,0.9999999999998703,1.36116,1.199999999999923
False,,24486,4,2026-05-04 05:15:00+00:00,ema_cross,1.35885,0.0,0.2367,tp_sl,WIN,BUY,1.35778,1.3502109704639862,1.35993,0.826
False,2.167,24499,5,2026-05-04 08:30:00+00:00,dt_bb_rsi_mr,1.3563,0.0,0.1667,tp_sl,LOSS,BUY,1.35478,1.8055555555554887,1.35785,1.841666666666625
False,,24508,4,2026-05-04 10:45:00+00:00,session_time_bias,1.35437,0.0,0.125,tp_sl,WIN,SELL,1.35624,1.6666666666666816,1.35213,1.2
False,,24515,1,2026-05-04 12:30:00+00:00,sr_fib_confluence,1.35583,0.0,0.1261,tp_sl,WIN,SELL,1.3578,1.7717717717717765,1.35382,1.084
False,,24518,3,2026-05-04 13:15:00+00:00,sr_fib_confluence,1.3552,0.0,0.1175,signal_reverse,LOSS,SELL,1.35721,1.261,1.35314,1.261
False,,24523,2,2026-05-04 14:30:00+00:00,trendline_sweep,1.35586,0.0,0.1175,tp_sl,WIN,SELL,1.35823,2.0833333333333472,1.35343,2.124999999999995
False,,24527,1,2026-05-04 15:30:00+00:00,xs_momentum,1.35335,0.0,0.1098,tp_sl,WIN,SELL,1.35539,1.6734972677594242,1.35126,1.7069672131145617
False,,24530,1,2026-05-04 16:15:00+00:00,london_fix_reversal,1.35298,0.0,0.1011,signal_reverse,LOSS,BUY,1.35122,0.89,1.3551,0.89
False,,24533,1,2026-05-04 17:00:00+00:00,dt_sr_channel_reversal,1.35337,0.0,0.1168,signal_reverse,LOSS,BUY,1.3509,0.095,1.35589,0.095
False,,24536,13,2026-05-04 17:45:00+00:00,xs_momentum,1.35309,0.0,0.126,tp_sl,WIN,SELL,1.35594,2.2440944881889915,1.35018,1.373
