_is_range_tp_override,actual_sl_m,bar_idx,bars_held,entry_time,entry_type,ep,exec_lag_jitter,exit_friction_m,exit_reason,outcome,sig,sl,sl_m,tp,tp_m
False,,200,2,2025-05-02 12:30:00+00:00,vix_carry_unwind,144.415,0.0,0.0365,tp_sl,WIN,SELL,144.949,3.0009363295880003,143.774,2.161
False,,204,9,2025-05-02 13:30:00+00:00,vix_carry_unwind,143.859,0.0,0.0276,tp_sl,LOSS,SELL,144.615,3.3296622613802995,142.952,3.9955947136563092
False,,215,1,2025-05-02 16:15:00+00:00,sr_fib_confluence,144.56,0.0,0.0305,signal_reverse,LOSS,SELL,144.898,0.538,144.216,0.538
False,,218,5,2025-05-02 17:00:00+00:00,sr_fib_confluence,144.744,0.0,0.0368,tp_sl,WIN,BUY,144.443,1.5008291873964006,145.052,1.5308457711443342
False,,251,8,2025-05-05 01:30:00+00:00,session_time_bias,144.347,0.0,0.0754,signal_reverse,LOSS,BUY,143.932,0.405,144.804,0.405
False,,266,1,2025-05-05 05:15:00+00:00,session_time_bias,144.083,0.0,0.0599,signal_reverse,WIN,BUY,143.843,1.6608796296296982,144.37,0.582
False,,269,7,2025-05-05 06:00:00+00:00,sr_fib_confluence,144.258,0.0,0.0595,tp_sl,WIN,SELL,144.465,1.425287356321719,144.048,0.872
False,,279,3,2025-05-05 08:30:00+00:00,streak_reversal,144.014,0.0,0.0422,signal_reverse,LOSS,BUY,143.348,1.019,144.694,1.019
False,,284,9,2025-05-05 09:45:00+00:00,sr_break_retest,143.853,0.0,0.0433,tp_sl,WIN,SELL,144.103,1.6722222222222172,143.597,1.023
False,,296,4,2025-05-05 12:45:00+00:00,xs_momentum,143.627,0.0,0.0461,tp_sl,LOSS,SELL,143.862,1.6666666666667636,143.387,1.699999999999994
False,1.952,302,5,2025-05-05 14:15:00+00:00,sr_break_retest,143.665,0.0,0.039,tp_sl,LOSS,SELL,143.932,1.6614906832298912,143.392,1.6947204968944432
False,,309,11,2025-05-05 16:00:00+00:00,xs_momentum,144.102,0.0,0.0399,tp_sl,LOSS,BUY,143.826,1.6418650793651086,144.383,1.6747023809524006
False,2.898,346,2,2025-05-06 01:15:00+00:00,session_time_bias,144.202,0.0,0.0981,tp_sl,LOSS,BUY,143.883,2.4500000000000015,144.553,2.699999999999993
False,,361,3,2025-05-06 05:00:00+00:00,sr_break_retest,143.697,0.0,0.0725,tp_sl,LOSS,SELL,143.876,1.4985994397759805,143.515,1.5285714285715384
False,,366,1,2025-05-06 06:15:00+00:00,streak_reversal,143.857,0.0,0.0784,tp_sl,WIN,SELL,144.369,4.651515151515313,143.335,2.847
False,,370,1,2025-05-06 07:15:00+00:00,vix_carry_unwind,143.425,0.0,0.0478,tp_sl,WIN,SELL,143.876,3.321078431372454,142.883,2.391
False,,373,2,2025-05-06 08:00:00+00:00,vix_carry_unwind,143.09,0.0,0.0419,tp_sl,WIN,SELL,143.553,2.989247311827989,142.534,2.152
False,,377,1,2025-05-06 09:00:00+00:00,htf_false_breakout,143.156,0.0,0.0417,signal_reverse,WIN,BUY,142.716,2.8258547008546815,143.606,0.16
False,2.183,380,5,2025-05-06 09:45:00+00:00,dt_sr_channel_reversal,143.308,0.0,0.0425,tp_sl,LOSS,BUY,143.03,1.8191721132897778,143.592,1.8555555555556662
False,,387,2,2025-05-06 11:30:00+00:00,streak_reversal,142.893,0.0,0.0436,signal_reverse,LOSS,BUY,142.656,0.644,143.136,0.644
False,,391,4,2025-05-06 12:30:00+00:00,xs_momentum,142.601,0.0,0.0419,tp_sl,WIN,SELL,142.859,1.666666666666618,142.337,1.02
False,,398,1,2025-05-06 14:15:00+00:00,dt_sr_channel_reversal,142.787,0.0,0.0361,signal_reverse,WIN,BUY,142.495,1.681034482758562,143.086,0.353
False,,401,11,2025-05-06 15:00:00+00:00,xs_momentum,142.778,0.0,0.0374,tp_sl,WIN,SELL,143.059,1.6716269841269862,142.491,1.023
False,,459,2,2025-05-07 05:30:00+00:00,session_time_bias,143.174,0.0,0.0587,tp_sl,LOSS,BUY,142.929,1.6666666666666976,143.468,2.000000000000076
False,,463,3,2025-05-07 06:30:00+00:00,dual_sr_bounce,142.919,0.0,0.0591,tp_sl,LOSS,SELL,143.223,2.077625570776313,142.61,2.119178082191855
False,,469,9,2025-05-07 08:00:00+00:00,tokyo_range_breakout_up,143.361,0.0,0.0425,tp_sl,LOSS,BUY,143.166,1.2799564270153867,143.561,1.3055555555557057
False,,483,2,2025-05-07 11:30:00+00:00,streak_reversal,143.347,0.0,0.0546,signal_reverse,LOSS,SELL,143.609,0.403,143.079,0.403
False,,487,4,2025-05-07 12:30:00+00:00,ema200_trend_reversal,143.309,0.0,0.0575,tp_sl,WIN,SELL,143.47,1.430678466076904,143.144,1.4592920353983818
False,2.511,495,5,2025-05-07 14:30:00+00:00,orb_trap,143.241,0.0,0.0541,tp_sl,LOSS,SELL,143.507,2.298850574712513,142.969,2.3448275862068217
False,,502,5,2025-05-07 16:15:00+00:00,london_fix_reversal,143.434,0.0,0.0545,tp_sl,WIN,SELL,143.588,1.2533875338753542,143.277,1.2784552845528843
False,3.963,509,1,2025-05-07 18:00:00+00:00,vix_carry_unwind,143.015,0.0,0.0487,tp_sl,LOSS,SELL,143.55,3.5223684210526964,142.409,3.986842105263309
True,,514,1,2025-05-07 19:15:00+00:00,dt_bb_rsi_mr,143.644,0.0,0.0333,tp_sl,LOSS,SELL,143.827,0.8243243243244196,143.424,0.9891891891892522
True,,523,9,2025-05-07 21:30:00+00:00,dt_sr_channel_reversal,143.78,0.0,0.0591,tp_sl,LOSS,SELL,143.913,0.71684587813616,143.62,0.8602150537634226
False,,535,17,2025-05-08 00:30:00+00:00,session_time_bias,143.784,0.0,0.0867,tp_sl,WIN,BUY,143.423,2.4562358276643463,144.182,1.624
False,2.224,554,3,2025-05-08 05:15:00+00:00,vol_spike_mr,143.909,0.0,0.0575,tp_sl,LOSS,SELL,144.204,1.9611111111112223,143.609,2.0003333333333257
False,,559,5,2025-05-08 06:30:00+00:00,streak_reversal,144.387,0.0,0.0532,tp_sl,WIN,SELL,145.054,4.115226337448677,143.707,2.519
False,,566,1,2025-05-08 08:15:00+00:00,vol_spike_mr,144.656,0.0,0.0399,signal_reverse,LOSS,SELL,144.859,0.969,144.448,0.969
False,,572,4,2025-05-08 09:45:00+00:00,wick_imbalance_reversion,144.794,0.0,0.0433,tp_sl,WIN,SELL,145.055,1.7444444444443739,144.527,1.068
False,,582,1,2025-05-08 12:15:00+00:00,xs_momentum,144.674,0.0,0.0436,tp_sl,WIN,BUY,144.407,1.7953020134229027,144.947,1.099
False,,591,1,2025-05-08 14:30:00+00:00,doji_breakout,144.76,0.0,0.0357,tp_sl,WIN,BUY,144.181,3.2907196969697727,145.351,2.014
False,,594,1,2025-05-08 15:15:00+00:00,xs_momentum,145.106,0.0,0.0315,tp_sl,WIN,BUY,144.775,1.6624790619764656,145.444,1.6957286432160292
False,,597,12,2025-05-08 16:00:00+00:00,xs_momentum,145.68,0.0,0.0305,tp_sl,WIN,BUY,145.313,1.6666666666667012,146.054,1.6999999999999782
False,,634,4,2025-05-09 01:15:00+00:00,session_time_bias,145.744,0.0,0.075,tp_sl,WIN,BUY,145.426,1.8715686274510837,146.085,1.204
False,,649,1,2025-05-09 05:00:00+00:00,session_time_bias,145.513,0.0,0.063,tp_sl,WIN,BUY,145.205,2.244525547445496,145.882,1.616
False,,657,16,2025-05-09 07:00:00+00:00,sr_fib_confluence,145.187,0.0,0.0433,tp_sl,WIN,SELL,145.421,1.5611111111112073,144.948,1.5923333333334238
False,,675,5,2025-05-09 11:30:00+00:00,vol_spike_mr,145.141,0.0,0.0425,tp_sl,WIN,BUY,144.762,2.4782135076254335,145.528,1.517
False,,682,3,2025-05-09 13:15:00+00:00,xs_momentum,145.018,0.0,0.0427,tp_sl,WIN,SELL,145.263,1.6666666666665044,144.768,1.02
False,,687,3,2025-05-09 14:30:00+00:00,orb_trap,145.022,0.0,0.0387,signal_reverse,WIN,BUY,144.756,1.6460905349793302,145.294,0.676
False,,692,1,2025-05-09 15:45:00+00:00,sr_break_retest,145.156,0.0,0.0436,signal_reverse,WIN,BUY,144.917,1.6608796296296982,145.4,0.42
False,,695,1,2025-05-09 16:30:00+00:00,streak_reversal,145.25,0.0,0.0489,signal_reverse,LOSS,SELL,145.747,0.528,144.744,0.528
False,,698,12,2025-05-09 17:15:00+00:00,sr_break_retest,145.344,0.0,0.0592,tp_sl,LOSS,BUY,145.122,1.7799999999999727,145.571,1.815599999999904
False,,727,1,2025-05-12 00:30:00+00:00,session_time_bias,145.901,0.0,0.0879,tp_sl,WIN,BUY,145.632,1.8551724137931411,146.189,1.9862068965517996
False,2.246,730,2,2025-05-12 01:15:00+00:00,session_time_bias,146.262,0.0,0.075,tp_sl,LOSS,BUY,145.944,1.8715686274510837,146.603,2.0058823529412244
False,,745,3,2025-05-12 05:00:00+00:00,session_time_bias,145.966,0.0,0.0644,tp_sl,WIN,BUY,145.664,2.2512437810946007,146.328,1.621
False,1.507,752,1,2025-05-12 06:45:00+00:00,vol_spike_mr,146.109,0.0,0.0625,tp_sl,LOSS,SELL,146.283,1.2560386473430885,145.933,1.2811594202897525
False,,755,1,2025-05-12 07:30:00+00:00,post_news_vol,147.875,0.0,0.0253,tp_sl,WIN,BUY,145.566,8.98508430609599,150.231,5.499
False,1.887,764,2,2025-05-12 09:45:00+00:00,dt_sr_channel_reversal,148.062,0.0,0.0249,tp_sl,LOSS,SELL,148.532,1.80395913154544,147.581,1.8400383141762922
False,,769,2,2025-05-12 11:00:00+00:00,htf_false_breakout,148.156,0.0,0.0254,signal_reverse,WIN,SELL,148.613,1.787109374999929,147.689,1.074
False,,773,13,2025-05-12 12:00:00+00:00,xs_momentum,148.149,0.0,0.0259,tp_sl,LOSS,BUY,147.731,1.666666666666736,148.576,1.7000000000000437
False,,788,2,2025-05-12 15:45:00+00:00,orb_trap,148.092,0.0,0.0295,signal_reverse,LOSS,SELL,148.538,1.19,147.637,1.19
False,,792,11,2025-05-12 16:45:00+00:00,xs_momentum,148.518,0.0,0.0333,signal_reverse,LOSS,BUY,148.183,0.699,148.859,0.699
True,,822,1,2025-05-13 00:15:00+00:00,dt_bb_rsi_mr,148.155,0.0,0.0959,signal_reverse,LOSS,BUY,148.022,2.673,148.314,2.673
False,,825,2,2025-05-13 01:00:00+00:00,session_time_bias,147.877,0.0,0.0856,tp_sl,WIN,BUY,147.599,1.8610738255033341,148.174,1.196
False,,841,2,2025-05-13 05:00:00+00:00,streak_reversal,147.661,0.0,0.0648,tp_sl,WIN,BUY,146.994,5.012531328320731,148.341,3.068
False,,851,11,2025-05-13 07:30:00+00:00,sr_anti_hunt_bounce,147.828,0.0,0.0414,signal_reverse,LOSS,SELL,148.797,1.65,146.839,1.65
False,,864,6,2025-05-13 10:45:00+00:00,sr_fib_confluence,148.066,0.0,0.0471,tp_sl,WIN,BUY,147.841,1.6304347826086543,148.296,0.998
False,,872,1,2025-05-13 12:45:00+00:00,vol_spike_mr,147.994,0.0,0.0433,signal_reverse,LOSS,BUY,147.709,1.407,148.285,1.407
False,,875,11,2025-05-13 13:30:00+00:00,vix_carry_unwind,147.732,0.0,0.0376,tp_sl,WIN,SELL,148.288,3.333333333333365,147.064,2.4
False,,888,2,2025-05-13 16:45:00+00:00,vol_spike_mr,147.611,0.0,0.0383,signal_reverse,WIN,BUY,147.284,1.8666666666667555,147.944,0.455
False,,892,16,2025-05-13 17:45:00+00:00,xs_momentum,147.604,0.0,0.0451,tp_sl,WIN,SELL,147.973,2.251016260162634,147.227,1.378
False,,921,2,2025-05-14 01:00:00+00:00,vix_carry_unwind,147.207,0.0,0.0917,tp_sl,WIN,SELL,147.698,3.5273381294965396,146.652,2.396
False,,938,1,2025-05-14 05:15:00+00:00,session_time_bias,146.954,0.0,0.0669,signal_reverse,WIN,BUY,146.739,1.6602067183462854,147.211,0.797
False,,941,5,2025-05-14 06:00:00+00:00,streak_reversal,147.093,0.0,0.069,tp_sl,WIN,SELL,147.849,6.046666666666624,146.322,3.701
False,,948,1,2025-05-14 07:45:00+00:00,streak_reversal,146.983,0.0,0.0448,signal_reverse,LOSS,BUY,146.317,4.028,147.663,4.028
False,,951,1,2025-05-14 08:30:00+00:00,vix_carry_unwind,146.44,0.0,0.0325,tp_sl,WIN,SELL,147.04,2.9999999999999716,145.72,2.16
False,,954,5,2025-05-14 09:15:00+00:00,streak_reversal,145.849,0.0,0.0281,tp_sl,WIN,BUY,145.48,1.598124098124121,146.226,0.978
False,,962,9,2025-05-14 11:15:00+00:00,streak_reversal,146.079,0.0,0.0305,tp_sl,WIN,SELL,146.449,1.7410015649452448,145.7,1.065
False,,974,2,2025-05-14 14:15:00+00:00,streak_reversal,146.128,0.0,0.0285,signal_reverse,LOSS,SELL,146.54,1.457,145.707,1.457
False,,978,1,2025-05-14 15:15:00+00:00,xs_momentum,146.447,0.0,0.0288,signal_reverse,WIN,BUY,146.084,1.6666666666667154,146.818,0.438
False,,981,1,2025-05-14 16:00:00+00:00,xs_momentum,146.583,0.0,0.033,tp_sl,WIN,BUY,146.245,1.6625615763547077,146.927,1.695812807881715
False,,984,1,2025-05-14 16:45:00+00:00,london_fix_reversal,146.69,0.0,0.0293,signal_reverse,WIN,SELL,147.034,1.4992721979620318,146.34,0.872
False,,987,1,2025-05-14 17:30:00+00:00,xs_momentum,146.563,0.0,0.0341,tp_sl,WIN,BUY,146.202,1.6666666666667225,146.932,1.02
False,,1016,1,2025-05-15 00:45:00+00:00,vix_carry_unwind,146.2,0.0,0.0817,tp_sl,WIN,SELL,146.751,3.5333333333334793,145.576,2.4
False,,1019,1,2025-05-15 01:30:00+00:00,session_time_bias,146.21,0.0,0.0817,signal_reverse,WIN,BUY,145.828,2.448931623931663,146.631,0.42
False,,1034,3,2025-05-15 05:15:00+00:00,session_time_bias,146.105,0.0,0.0579,tp_sl,LOSS,BUY,145.769,2.2539149888141754,146.508,2.704697986577125
False,,1039,2,2025-05-15 06:30:00+00:00,intraday_seasonality,145.681,0.0,0.0536,tp_sl,WIN,BUY,145.388,1.81677018633534,145.979,1.112
False,,1043,3,2025-05-15 07:30:00+00:00,streak_reversal,145.799,0.0,0.0371,tp_sl,WIN,SELL,146.163,2.0809523809524375,145.427,1.274
False,,1049,13,2025-05-15 09:00:00+00:00,dt_sr_channel_reversal,145.837,0.0,0.0361,tp_sl,WIN,BUY,145.552,1.5833333333333144,146.128,0.969
False,,1064,1,2025-05-15 12:45:00+00:00,vix_carry_unwind,145.792,0.0,0.0357,tp_sl,WIN,SELL,146.336,2.9899267399266756,145.139,2.153
False,,1067,1,2025-05-15 13:30:00+00:00,vix_carry_unwind,145.806,0.0,0.033,tp_sl,WIN,SELL,146.377,3.008771929824667,145.12,2.166
False,,1070,1,2025-05-15 14:15:00+00:00,inducement_ob,145.806,0.0,0.0299,tp_sl,WIN,BUY,145.29,2.456349206349273,146.332,1.503
True,,1077,18,2025-05-15 16:00:00+00:00,dt_bb_rsi_mr,145.659,0.0,0.0333,tp_sl,LOSS,BUY,145.514,0.7184908789386654,145.832,0.8621890547264267
False,,1109,1,2025-05-16 00:00:00+00:00,vix_carry_unwind,145.302,0.0,0.0959,tp_sl,WIN,SELL,145.772,3.533333333333308,144.77,2.4
False,,1112,23,2025-05-16 00:45:00+00:00,vix_carry_unwind,145.074,0.0,0.0892,tp_sl,LOSS,SELL,145.53,3.189510489510435,144.561,3.5874125874126244
False,,1137,2,2025-05-16 07:00:00+00:00,streak_reversal,145.032,0.0,0.0445,tp_sl,WIN,BUY,144.595,2.9965753424657535,145.479,1.834
False,,1142,7,2025-05-16 08:15:00+00:00,streak_reversal,145.349,0.0,0.0455,signal_reverse,LOSS,SELL,145.687,0.923,145.003,0.923
False,,1151,8,2025-05-16 10:30:00+00:00,sr_fib_confluence,145.528,0.0,0.0478,tp_sl,WIN,BUY,145.27,1.8995098039215128,145.792,1.162
False,,1161,3,2025-05-16 13:00:00+00:00,sr_fib_confluence,145.44,0.0,0.0494,tp_sl,WIN,BUY,145.249,1.5026246719159866,145.635,1.5326771653542974
False,,1166,1,2025-05-16 14:15:00+00:00,xs_momentum,145.81,0.0,0.043,tp_sl,WIN,BUY,145.484,2.237442922374341,146.143,1.369
False,,1169,3,2025-05-16 15:00:00+00:00,intraday_seasonality,145.931,0.0,0.0418,tp_sl,WIN,BUY,145.594,2.250000000000038,146.276,1.377
False,2.69,1174,17,2025-05-16 16:15:00+00:00,intraday_seasonality,145.971,0.0,0.0459,tp_sl,LOSS,BUY,145.642,2.2488584474886806,146.306,2.293835616438388
False,,1197,2,2025-05-19 00:00:00+00:00,vix_carry_unwind,145.223,0.0,0.0867,tp_sl,WIN,SELL,145.692,3.1875283446712572,144.696,2.151
False,,1201,1,2025-05-19 01:00:00+00:00,session_time_bias,145.031,0.0,0.0768,tp_sl,WIN,BUY,144.721,1.8666666666666536,145.363,1.2
False,,1204,2,2025-05-19 01:45:00+00:00,session_time_bias,145.144,0.0,0.0759,tp_sl,WIN,BUY,144.828,1.8815476190476537,145.483,1.211
False,,1219,5,2025-05-19 05:30:00+00:00,session_time_bias,145.242,0.0,0.0674,tp_sl,LOSS,BUY,144.953,2.2526041666666163,145.588,2.7031250000000284
False,,1226,10,2025-05-19 07:15:00+00:00,sr_anti_hunt_bounce,144.832,0.0,0.0464,signal_reverse,WIN,SELL,145.81,6.9880952380953785,143.834,0.307
False,,1238,3,2025-05-19 10:15:00+00:00,streak_reversal,144.755,0.0,0.0451,signal_reverse,WIN,BUY,144.372,2.662037037036985,145.147,1.403
False,,1243,5,2025-05-19 11:30:00+00:00,dual_sr_bounce,144.903,0.0,0.0478,tp_sl,LOSS,SELL,145.073,1.250000000000117,144.729,1.275000000000111
False,,1250,2,2025-05-19 13:15:00+00:00,wick_imbalance_reversion,144.867,0.0,0.0445,tp_sl,LOSS,SELL,145.131,1.873522458628952,144.597,1.9109929078014625
True,,1254,1,2025-05-19 14:15:00+00:00,dt_bb_rsi_mr,145.078,0.0,0.0424,tp_sl,WIN,SELL,145.217,0.9387668918920655,144.911,1.1265202702703634
False,,1257,19,2025-05-19 15:00:00+00:00,sr_anti_hunt_bounce,144.842,0.0,0.0416,tp_sl,LOSS,SELL,145.821,6.484547461368779,143.843,6.614238410596034
True,,1281,6,2025-05-19 21:00:00+00:00,dt_sr_channel_reversal,144.855,0.0,0.1058,tp_sl,WIN,BUY,144.772,0.7932692307693292,144.954,0.9519230769232497
False,,1299,4,2025-05-20 01:30:00+00:00,session_time_bias,144.852,0.0,0.0873,tp_sl,WIN,BUY,144.578,1.8723744292236066,145.145,2.0068493150683424
False,,1315,7,2025-05-20 05:30:00+00:00,streak_reversal,144.51,0.0,0.0587,tp_sl,LOSS,BUY,144.117,2.6700680272109696,144.91,2.7234693877551233
False,1.903,1324,2,2025-05-20 07:45:00+00:00,intraday_seasonality,144.119,0.0,0.0433,tp_sl,LOSS,SELL,144.384,1.7722222222223158,143.847,1.8076666666667052
False,,1328,17,2025-05-20 08:45:00+00:00,streak_reversal,144.481,0.0,0.0433,signal_reverse,LOSS,SELL,144.935,2.753,144.017,2.753
False,1.896,1347,1,2025-05-20 13:30:00+00:00,sr_fib_confluence,144.947,0.0,0.0502,tp_sl,LOSS,BUY,144.75,1.5799999999999272,145.149,1.611599999999953
False,,1350,1,2025-05-20 14:15:00+00:00,streak_reversal,144.604,0.0,0.0461,tp_sl,WIN,BUY,144.241,2.6715686274510584,144.975,1.635
False,,1356,6,2025-05-20 15:45:00+00:00,london_fix_reversal,144.725,0.0,0.0461,tp_sl,WIN,BUY,144.521,1.501225490195967,144.934,0.919
False,2.944,1364,16,2025-05-20 17:45:00+00:00,streak_reversal,144.645,0.0,0.0592,tp_sl,LOSS,BUY,144.339,2.4533333333333758,144.958,2.5024000000000797
False,2.659,1391,6,2025-05-21 00:30:00+00:00,session_time_bias,144.274,0.0,0.1081,tp_sl,LOSS,BUY,143.986,2.4387005649717786,144.591,2.6864406779661634
False,,1411,1,2025-05-21 05:30:00+00:00,streak_reversal,143.641,0.0,0.0679,tp_sl,WIN,BUY,142.988,5.137795275590354,144.306,3.144
False,,1417,4,2025-05-21 07:00:00+00:00,streak_reversal,143.85,0.0,0.0439,signal_reverse,LOSS,SELL,144.516,1.736,143.17,1.736
False,2.125,1423,6,2025-05-21 08:30:00+00:00,sr_fib_confluence,144.106,0.0,0.0428,tp_sl,LOSS,BUY,143.837,1.7708333333334056,144.381,1.8062500000000326
False,,1431,2,2025-05-21 10:30:00+00:00,vol_spike_mr,143.551,0.0,0.0411,signal_reverse,WIN,BUY,143.354,1.2499999999999425,143.753,0.728
False,,1436,1,2025-05-21 11:45:00+00:00,sr_break_retest,143.742,0.0,0.0411,signal_reverse,WIN,SELL,144.004,1.6613924050632192,143.474,0.076
False,,1439,3,2025-05-21 12:30:00+00:00,sr_break_retest,143.819,0.0,0.0406,signal_reverse,LOSS,BUY,143.553,0.031,144.09,0.031
False,,1444,4,2025-05-21 13:45:00+00:00,xs_momentum,143.707,0.0,0.039,tp_sl,WIN,SELL,144.068,2.246376811594278,143.338,1.375
False,,1458,1,2025-05-21 17:15:00+00:00,streak_reversal,143.332,0.0,0.0471,tp_sl,WIN,BUY,142.914,2.664543524416247,143.759,1.631
True,,1462,1,2025-05-21 18:15:00+00:00,dt_sr_channel_reversal,143.562,0.0,0.0465,tp_sl,WIN,BUY,143.5,0.3909853249476983,143.637,0.46918238993713063
False,,1488,20,2025-05-22 00:45:00+00:00,session_time_bias,143.482,0.0,0.0682,tp_sl,LOSS,BUY,143.133,1.8666666666666225,143.856,1.9999999999999745
False,,1510,1,2025-05-22 06:15:00+00:00,vol_spike_mr,143.228,0.0,0.0607,tp_sl,WIN,BUY,142.999,1.6079812206572157,143.461,0.984
False,,1513,1,2025-05-22 07:00:00+00:00,streak_reversal,143.331,0.0,0.0464,tp_sl,WIN,SELL,143.622,2.0833333333332655,143.033,1.275
False,,1516,2,2025-05-22 07:45:00+00:00,streak_reversal,143.053,0.0,0.0436,tp_sl,WIN,BUY,142.7,2.37136465324398,143.414,1.451
False,1.5,1520,1,2025-05-22 08:45:00+00:00,dual_sr_bounce,143.27,0.0,0.0385,tp_sl,LOSS,SELL,143.482,1.2500000000000402,143.055,1.2749999999999873
False,,1523,3,2025-05-22 09:30:00+00:00,intraday_seasonality,143.351,0.0,0.0371,tp_sl,WIN,BUY,142.957,2.252380952380853,143.754,1.378
True,,1528,3,2025-05-22 10:45:00+00:00,dt_bb_rsi_mr,143.644,0.0,0.0399,tp_sl,WIN,SELL,143.807,1.0000000000000668,143.448,1.2000000000000803
False,,1533,1,2025-05-22 12:00:00+00:00,streak_reversal,143.311,0.0,0.0399,tp_sl,WIN,BUY,142.997,1.9274028629856756,143.632,1.18
False,2.119,1537,2,2025-05-22 13:00:00+00:00,wick_imbalance_reversion,143.481,0.0,0.0374,tp_sl,LOSS,SELL,143.777,1.7658730158729323,143.178,1.8011904761903808
False,,1541,3,2025-05-22 14:00:00+00:00,intraday_seasonality,143.874,0.0,0.0353,tp_sl,WIN,BUY,143.561,1.7602996254681607,144.194,1.077
False,,1546,3,2025-05-22 15:15:00+00:00,sr_fib_confluence,143.779,0.0,0.0337,tp_sl,WIN,BUY,143.481,1.6039426523298184,144.084,1.6360215053764087
False,,1551,2,2025-05-22 16:30:00+00:00,xs_momentum,144.017,0.0,0.0385,tp_sl,WIN,BUY,143.726,1.6714559386974315,144.313,1.7048850574714258
False,,1583,1,2025-05-23 00:30:00+00:00,session_time_bias,143.858,0.0,0.0996,tp_sl,WIN,BUY,143.545,2.439583333333273,144.202,1.612
False,,1603,2,2025-05-23 05:30:00+00:00,session_time_bias,143.554,0.0,0.0814,tp_sl,LOSS,BUY,143.372,1.7138364779874715,143.772,2.056603773585073
False,,1610,13,2025-05-23 07:15:00+00:00,streak_reversal,143.338,0.0,0.0586,tp_sl,LOSS,BUY,142.672,6.006006006006177,144.018,6.126126126126188
False,,1626,1,2025-05-23 11:15:00+00:00,vix_carry_unwind,143.153,0.0,0.0481,tp_sl,WIN,SELL,143.604,3.345679012345794,142.611,4.014814814814827
False,,1629,1,2025-05-23 12:00:00+00:00,vix_carry_unwind,142.681,0.0,0.0357,tp_sl,WIN,SELL,143.225,2.9899267399266756,142.028,2.153
False,,1632,1,2025-05-23 12:45:00+00:00,wick_imbalance_reversion,142.614,0.0,0.0339,tp_sl,WIN,BUY,142.242,1.9401041666666785,142.994,1.187
False,,1635,1,2025-05-23 13:30:00+00:00,dt_sr_channel_reversal,142.817,0.0,0.032,signal_reverse,LOSS,BUY,142.442,0.911,143.2,0.911
False,,1638,12,2025-05-23 14:15:00+00:00,xs_momentum,142.633,0.0,0.0322,tp_sl,LOSS,SELL,142.959,1.6709401709401086,142.3,1.7043589743589285
False,,1652,15,2025-05-23 17:45:00+00:00,dt_bb_rsi_mr,142.601,0.0,0.05,tp_sl,WIN,BUY,142.335,1.8018018018016995,142.873,1.8378378378377795
False,,1678,2,2025-05-26 00:30:00+00:00,session_time_bias,142.744,0.0,0.0931,tp_sl,LOSS,BUY,142.487,1.8727493917274254,143.019,2.0072992700728265
False,,1682,1,2025-05-26 01:30:00+00:00,session_time_bias,142.56,0.0,0.0898,signal_reverse,LOSS,BUY,142.294,1.919,142.845,1.919
False,,1696,2,2025-05-26 05:00:00+00:00,session_time_bias,142.633,0.0,0.0674,tp_sl,WIN,BUY,142.419,1.6666666666667052,142.889,1.2
False,,1700,1,2025-05-26 06:00:00+00:00,dual_sr_bounce,142.578,0.0,0.0634,tp_sl,WIN,BUY,142.234,2.524509803921571,142.928,1.545
False,,1707,12,2025-05-26 07:45:00+00:00,tokyo_range_breakout_up,142.896,0.0,0.0516,tp_sl,LOSS,BUY,142.671,1.7857142857142405,143.126,1.821428571428584
False,,1722,2,2025-05-26 11:30:00+00:00,streak_reversal,142.95,0.0,0.0691,tp_sl,WIN,SELL,143.367,4.441489361702018,142.524,2.718
True,,1726,2,2025-05-26 12:30:00+00:00,dt_bb_rsi_mr,142.952,0.0,0.0722,tp_sl,WIN,SELL,143.001,0.5509259259260565,142.892,0.6611111111112677
True,,1735,5,2025-05-26 14:45:00+00:00,dt_bb_rsi_mr,142.787,0.0,0.0794,tp_sl,WIN,BUY,142.708,0.9999999999997381,142.882,0.72
False,1.339,1742,16,2025-05-26 16:30:00+00:00,london_fix_reversal,142.747,0.0,0.0957,tp_sl,LOSS,SELL,142.836,1.2619047619048323,142.657,1.287142857142953
False,,1762,1,2025-05-26 21:30:00+00:00,vix_carry_unwind,142.737,0.0,0.1447,tp_sl,WIN,SELL,143.005,3.5223684210525095,142.434,2.392
False,,1772,2,2025-05-27 00:00:00+00:00,vix_carry_unwind,142.373,0.0,0.1483,tp_sl,WIN,SELL,142.677,3.533333333333306,142.029,2.4
False,,1778,6,2025-05-27 01:30:00+00:00,session_time_bias,142.34,0.0,0.1203,signal_reverse,WIN,BUY,142.08,2.448427672956011,142.626,0.08
False,,1792,1,2025-05-27 05:00:00+00:00,session_time_bias,143.134,0.0,0.0648,tp_sl,WIN,BUY,142.911,1.6729323308270418,143.401,2.0075187969924504
False,,1796,2,2025-05-27 06:00:00+00:00,streak_reversal,143.075,0.0,0.0583,tp_sl,WIN,BUY,142.685,2.635135135135043,143.472,2.687837837837767
False,,1800,1,2025-05-27 07:00:00+00:00,intraday_seasonality,143.377,0.0,0.0382,signal_reverse,LOSS,SELL,143.757,1.918,142.988,1.918
False,,1803,8,2025-05-27 07:45:00+00:00,streak_reversal,143.724,0.0,0.0369,signal_reverse,LOSS,SELL,144.121,1.301,143.318,1.301
False,,1814,5,2025-05-27 10:30:00+00:00,streak_reversal,144.044,0.0,0.043,signal_reverse,LOSS,SELL,144.447,0.675,143.634,0.675
False,,1823,3,2025-05-27 12:45:00+00:00,streak_reversal,144.032,0.0,0.0485,tp_sl,WIN,BUY,143.37,4.944029850746438,144.708,3.026
False,,1828,3,2025-05-27 14:00:00+00:00,xs_momentum,144.274,0.0,0.0418,tp_sl,WIN,BUY,143.937,2.250000000000038,144.619,1.377
False,,1834,17,2025-05-27 15:30:00+00:00,xs_momentum,144.363,0.0,0.0418,tp_sl,LOSS,BUY,144.112,1.6722222222222172,144.619,1.7056666666665403
False,,1871,1,2025-05-28 00:45:00+00:00,session_time_bias,144.136,0.0,0.1203,signal_reverse,WIN,BUY,143.875,2.46415094339598,144.424,0.401
False,,1874,4,2025-05-28 01:30:00+00:00,session_time_bias,144.329,0.0,0.0763,tp_sl,WIN,BUY,143.919,2.4554890219560805,144.781,1.624
False,,1888,2,2025-05-28 05:00:00+00:00,session_time_bias,144.448,0.0,0.051,tp_sl,WIN,BUY,144.166,1.6666666666668324,144.786,1.2
False,,1892,2,2025-05-28 06:00:00+00:00,sr_fib_confluence,144.333,0.0,0.0469,tp_sl,WIN,BUY,144.042,1.5806159420290926,144.629,0.967
False,,1896,9,2025-05-28 07:00:00+00:00,sr_fib_confluence,144.194,0.0,0.0332,tp_sl,WIN,SELL,144.552,1.828231292517084,143.828,1.119
False,,1911,6,2025-05-28 10:45:00+00:00,streak_reversal,144.264,0.0,0.0448,tp_sl,LOSS,SELL,144.496,1.6034482758619828,144.026,1.6355172413792107
False,,1920,3,2025-05-28 13:00:00+00:00,xs_momentum,144.78,0.0,0.0436,tp_sl,WIN,BUY,144.456,2.2511574074075313,145.111,1.378
False,,1926,1,2025-05-28 14:30:00+00:00,streak_reversal,144.574,0.0,0.041,tp_sl,WIN,BUY,144.009,3.692810457516325,145.151,2.26
False,,1929,5,2025-05-28 15:15:00+00:00,xs_momentum,144.928,0.0,0.0397,tp_sl,WIN,BUY,144.572,2.2521097046414607,145.291,1.378
False,,1937,2,2025-05-28 17:15:00+00:00,streak_reversal,144.882,0.0,0.0565,signal_reverse,LOSS,BUY,144.672,0.029,145.097,0.029
False,,1984,1,2025-05-29 05:00:00+00:00,streak_reversal,145.755,0.0,0.0529,signal_reverse,LOSS,SELL,146.375,0.989,145.124,0.989
False,,1987,1,2025-05-29 05:45:00+00:00,streak_reversal,145.93,0.0,0.0546,tp_sl,WIN,SELL,146.689,4.7995780590718615,145.157,2.937
False,,1990,1,2025-05-29 06:30:00+00:00,vol_spike_mr,145.591,0.0,0.0513,signal_reverse,LOSS,BUY,145.381,1.418,145.805,1.418
False,,1993,2,2025-05-29 07:15:00+00:00,sr_fib_confluence,145.389,0.0,0.0385,tp_sl,WIN,SELL,145.669,1.6568047337278173,145.103,1.014
False,,1997,4,2025-05-29 08:15:00+00:00,sr_fib_confluence,145.288,0.0,0.0387,tp_sl,WIN,SELL,145.516,1.3591269841269322,145.055,1.3863095238095284
False,,2003,1,2025-05-29 09:45:00+00:00,sr_fib_confluence,145.219,0.0,0.0409,tp_sl,WIN,SELL,145.457,1.4989517819707165,144.975,1.5289308176100522
False,,2008,1,2025-05-29 11:00:00+00:00,sr_break_retest,145.0,0.0,0.0428,tp_sl,WIN,SELL,145.219,1.4418859649122782,144.776,0.882
True,,2011,1,2025-05-29 11:45:00+00:00,dt_sr_channel_reversal,145.085,0.0,0.0436,signal_reverse,LOSS,BUY,145.025,1.872,145.158,1.872
False,,2014,2,2025-05-29 12:30:00+00:00,xs_momentum,144.549,0.0,0.0359,tp_sl,WIN,SELL,144.845,1.639042357274481,144.246,1.003
False,,2018,1,2025-05-29 13:30:00+00:00,wick_imbalance_reversion,144.403,0.0,0.0343,signal_reverse,LOSS,BUY,143.991,0.506,144.824,0.506
False,,2022,1,2025-05-29 14:30:00+00:00,xs_momentum,144.384,0.0,0.0347,tp_sl,WIN,SELL,144.792,2.2559852670349803,143.967,1.381
False,,2025,1,2025-05-29 15:15:00+00:00,xs_momentum,144.23,0.0,0.0359,tp_sl,WIN,SELL,144.521,1.6666666666666126,143.932,1.02
False,,2030,3,2025-05-29 16:30:00+00:00,xs_momentum,144.109,0.0,0.0421,tp_sl,WIN,SELL,144.373,1.6614255765200139,143.84,1.017
False,,2035,2,2025-05-29 17:45:00+00:00,vol_spike_mr,144.054,0.0,0.0493,signal_reverse,LOSS,BUY,143.829,0.452,144.284,0.452
False,,2060,1,2025-05-30 00:00:00+00:00,vix_carry_unwind,143.821,0.0,0.0981,tp_sl,WIN,SELL,144.282,3.546153846153725,143.299,2.409
False,,2063,1,2025-05-30 00:45:00+00:00,vix_carry_unwind,143.757,0.0,0.0792,tp_sl,WIN,SELL,144.325,3.528157349896562,143.114,2.396
False,,2066,13,2025-05-30 01:30:00+00:00,vix_carry_unwind,143.811,0.0,0.0733,tp_sl,LOSS,SELL,144.426,3.533333333333348,143.115,3.9999999999999885
False,,2083,1,2025-05-30 05:45:00+00:00,streak_reversal,143.837,0.0,0.0612,tp_sl,WIN,BUY,143.569,1.8971631205674648,144.109,1.9351063829787616
False,1.5,2089,10,2025-05-30 07:15:00+00:00,dual_sr_bounce,144.097,0.0,0.0389,tp_sl,LOSS,BUY,143.889,1.249999999999884,144.31,1.2749999999999058
False,,2102,5,2025-05-30 10:30:00+00:00,wick_imbalance_reversion,143.871,0.0,0.0411,tp_sl,WIN,SELL,144.226,2.252109704641281,143.508,2.2971518987340738
False,,2109,1,2025-05-30 12:15:00+00:00,vol_spike_mr,143.602,0.0,0.0387,tp_sl,WIN,BUY,143.328,1.6319444444444826,143.882,0.999
False,,2113,2,2025-05-30 13:15:00+00:00,streak_reversal,143.983,0.0,0.0353,tp_sl,WIN,SELL,144.224,1.3576779026217656,143.736,0.831
False,,2119,5,2025-05-30 14:45:00+00:00,vol_spike_mr,144.26,0.0,0.0315,tp_sl,WIN,SELL,144.558,1.4991624790620413,143.955,1.5291457286432764
False,,2126,14,2025-05-30 16:30:00+00:00,streak_reversal,143.982,0.0,0.0372,tp_sl,LOSS,BUY,143.566,2.310185185185295,144.406,2.356388888889032
False,2.447,2157,2,2025-06-02 00:30:00+00:00,session_time_bias,143.644,0.0,0.117,tp_sl,LOSS,BUY,143.378,2.44006116207968,143.937,2.688073394495471
False,,2162,12,2025-06-02 01:45:00+00:00,session_time_bias,143.471,0.0,0.1054,tp_sl,WIN,BUY,143.244,1.873553719008214,143.714,1.205
False,,2176,2,2025-06-02 05:15:00+00:00,sr_anti_hunt_bounce,143.44,0.0,0.0863,tp_sl,WIN,SELL,144.62,11.791666666666742,142.238,7.216
False,3.206,2180,5,2025-06-02 06:15:00+00:00,streak_reversal,143.223,0.0,0.0863,tp_sl,LOSS,BUY,142.954,2.683333333333451,143.496,2.7369999999999095
False,,2187,2,2025-06-02 08:00:00+00:00,streak_reversal,142.849,0.0,0.056,tp_sl,WIN,BUY,142.346,4.339080459770089,143.363,2.656
False,,2200,3,2025-06-02 11:15:00+00:00,streak_reversal,142.653,0.0,0.0537,signal_reverse,WIN,BUY,141.988,5.502754820936567,143.333,1.339
False,1.75,2205,2,2025-06-02 12:30:00+00:00,xs_momentum,142.776,0.0,0.057,tp_sl,LOSS,SELL,142.966,1.6666666666666468,142.583,1.7000000000000892
False,,2209,1,2025-06-02 13:30:00+00:00,dual_sr_bounce,142.952,0.0,0.0541,tp_sl,WIN,SELL,143.097,1.2500000000000882,142.804,1.274999999999938
False,,2214,1,2025-06-02 14:45:00+00:00,htf_false_breakout,142.675,0.0,0.0455,signal_reverse,WIN,BUY,142.413,1.9021739130436017,142.943,0.38
False,,2217,3,2025-06-02 15:30:00+00:00,dual_sr_bounce,142.736,0.0,0.0479,signal_reverse,LOSS,SELL,142.9,1.737,142.568,1.737
False,,2222,1,2025-06-02 16:45:00+00:00,london_fix_reversal,142.923,0.0,0.0549,signal_reverse,LOSS,SELL,143.076,0.618,142.768,0.618
True,,2225,4,2025-06-02 17:30:00+00:00,dt_bb_rsi_mr,142.961,0.0,0.0638,tp_sl,WIN,SELL,143.074,0.9741379310344788,142.825,1.1689655172414726
False,,2253,1,2025-06-03 00:30:00+00:00,session_time_bias,142.729,0.0,0.125,tp_sl,WIN,BUY,142.538,1.866666666666496,142.933,1.2
False,,2256,2,2025-06-03 01:15:00+00:00,session_time_bias,143.053,0.0,0.1081,tp_sl,WIN,BUY,142.763,2.4528248587570762,143.372,1.622
False,,2271,2,2025-06-03 05:00:00+00:00,streak_reversal,142.955,0.0,0.0707,tp_sl,WIN,BUY,142.377,4.73360655737717,143.544,2.897
False,,2275,3,2025-06-03 06:00:00+00:00,sr_break_retest,143.068,0.0,0.0679,signal_reverse,LOSS,BUY,142.869,2.325,143.27,2.325
False,,2280,1,2025-06-03 07:15:00+00:00,streak_reversal,142.661,0.0,0.0448,signal_reverse,WIN,BUY,142.286,2.586206896551724,143.044,1.11
False,1.507,2283,8,2025-06-03 08:00:00+00:00,sr_fib_confluence,142.769,0.0,0.0461,tp_sl,LOSS,SELL,142.975,1.4657210401890017,142.558,1.4950354609929513
False,,2296,2,2025-06-03 11:15:00+00:00,streak_reversal,143.145,0.0,0.0533,tp_sl,WIN,SELL,143.811,5.464480874317095,142.465,3.344
False,,2300,1,2025-06-03 12:15:00+00:00,xs_momentum,143.259,0.0,0.0551,tp_sl,WIN,BUY,143.063,1.666666666666837,143.46,1.02
False,,2303,1,2025-06-03 13:00:00+00:00,dt_sr_channel_reversal,143.33,0.0,0.0527,signal_reverse,LOSS,SELL,143.505,1.265,143.151,1.265
False,,2306,1,2025-06-03 13:45:00+00:00,xs_momentum,143.538,0.0,0.0506,tp_sl,WIN,BUY,143.259,2.2513440860215206,143.823,2.2963709677419555
False,,2310,5,2025-06-03 14:45:00+00:00,xs_momentum,143.777,0.0,0.043,tp_sl,WIN,BUY,143.449,2.248858447488486,144.112,1.376
False,,2317,7,2025-06-03 16:30:00+00:00,xs_momentum,144.071,0.0,0.0496,signal_reverse,LOSS,BUY,143.845,1.159,144.301,1.159
False,,2350,2,2025-06-04 00:45:00+00:00,session_time_bias,144.005,0.0,0.1012,tp_sl,LOSS,BUY,143.698,2.4354497354496045,144.343,2.682539682539634
False,,2354,5,2025-06-04 01:45:00+00:00,session_time_bias,143.771,0.0,0.0885,tp_sl,WIN,BUY,143.501,1.8724537037036904,144.06,1.204
False,,2369,5,2025-06-04 05:30:00+00:00,streak_reversal,144.222,0.0,0.0669,signal_reverse,LOSS,BUY,142.975,2.762,145.493,2.762
False,1.839,2376,1,2025-06-04 07:15:00+00:00,sr_fib_confluence,143.804,0.0,0.0474,tp_sl,LOSS,SELL,144.014,1.532846715328525,143.589,1.563503649635075
False,,2379,2,2025-06-04 08:00:00+00:00,dual_sr_bounce,144.072,0.0,0.0455,tp_sl,WIN,SELL,144.4,2.2960372960373943,143.737,1.405
False,,2385,3,2025-06-04 09:30:00+00:00,streak_reversal,144.038,0.0,0.0481,signal_reverse,LOSS,SELL,144.333,1.437,143.736,1.437
False,1.581,2392,3,2025-06-04 11:15:00+00:00,sr_break_retest,144.261,0.0,0.0478,tp_sl,LOSS,BUY,144.082,1.3174019607843694,144.444,1.3437499999999898
False,,2397,5,2025-06-04 12:30:00+00:00,xs_momentum,143.571,0.0,0.0385,tp_sl,WIN,SELL,143.851,1.6617357001972408,143.284,1.6949704142011957
False,,2404,3,2025-06-04 14:15:00+00:00,vol_spike_mr,143.232,0.0,0.0336,signal_reverse,LOSS,BUY,142.951,1.441,143.519,1.441
False,,2409,4,2025-06-04 15:30:00+00:00,xs_momentum,142.928,0.0,0.0339,tp_sl,WIN,SELL,143.344,2.2477477477477006,142.504,1.376
False,,2417,22,2025-06-04 17:30:00+00:00,xs_momentum,142.7,0.0,0.049,tp_sl,WIN,SELL,143.039,2.246136865342003,142.354,1.375
False,,2443,8,2025-06-05 00:00:00+00:00,vix_carry_unwind,142.618,0.0,0.1081,signal_reverse,LOSS,SELL,143.034,2.403,142.147,2.403
False,,2463,6,2025-06-05 05:00:00+00:00,session_time_bias,143.032,0.0,0.0658,tp_sl,WIN,BUY,142.737,2.245547073791476,143.385,1.617
True,1.188,2471,2,2025-06-05 07:00:00+00:00,dt_bb_rsi_mr,143.163,0.0,0.052,tp_sl,LOSS,SELL,143.287,0.9900000000000091,143.015,1.1880000000001019
True,,2475,3,2025-06-05 08:00:00+00:00,dt_bb_rsi_mr,143.339,0.0,0.0516,tp_sl,WIN,SELL,143.464,0.9999999999998124,143.187,1.19999999999991
False,,2480,2,2025-06-05 09:15:00+00:00,streak_reversal,143.141,0.0,0.056,tp_sl,WIN,BUY,142.785,3.0747126436783043,143.505,1.882
False,,2484,3,2025-06-05 10:15:00+00:00,streak_reversal,143.094,0.0,0.057,tp_sl,WIN,BUY,142.69,3.545321637426668,143.507,2.17
False,,2492,1,2025-06-05 12:15:00+00:00,streak_reversal,143.178,0.0,0.0575,tp_sl,WIN,BUY,142.856,2.853982300884875,143.507,2.9110619469025827
False,3.413,2497,5,2025-06-05 13:30:00+00:00,vix_carry_unwind,142.974,0.0,0.0319,tp_sl,LOSS,SELL,143.565,2.99915397631135,142.265,3.59898477157362
False,,2504,2,2025-06-05 15:15:00+00:00,streak_reversal,143.66,0.0,0.0292,signal_reverse,LOSS,SELL,144.198,0.993,143.111,0.993
False,,2508,2,2025-06-05 16:15:00+00:00,london_fix_reversal,143.752,0.0,0.0332,signal_reverse,WIN,SELL,144.056,1.501650165016402,143.443,0.082
False,,2513,14,2025-06-05 17:30:00+00:00,xs_momentum,143.815,0.0,0.0402,tp_sl,LOSS,BUY,143.401,2.2509057971015647,144.238,2.2959239130434663
False,,2541,2,2025-06-06 00:30:00+00:00,session_time_bias,143.683,0.0,0.1081,tp_sl,WIN,BUY,143.462,1.873728813559381,143.92,1.205
False,,2545,2,2025-06-06 01:30:00+00:00,session_time_bias,143.772,0.0,0.1045,tp_sl,WIN,BUY,143.473,2.4472677595627776,144.101,1.618
False,,2559,2,2025-06-06 05:00:00+00:00,session_time_bias,143.886,0.0,0.0829,tp_sl,WIN,BUY,143.653,2.235576923076803,144.165,1.61
False,,2564,2,2025-06-06 06:15:00+00:00,wick_imbalance_reversion,144.015,0.0,0.077,tp_sl,WIN,BUY,143.819,1.7485119047620907,144.214,1.07
False,,2568,1,2025-06-06 07:15:00+00:00,htf_false_breakout,143.953,0.0,0.0546,signal_reverse,WIN,SELL,144.272,2.682072829131602,143.627,0.336
False,1.808,2572,2,2025-06-06 08:15:00+00:00,dt_sr_channel_reversal,143.929,0.0,0.058,tp_sl,LOSS,SELL,144.113,1.6443452380952652,143.741,1.6772321428571197
False,,2576,1,2025-06-06 09:15:00+00:00,dt_bb_rsi_mr,144.114,0.0,0.0607,tp_sl,WIN,SELL,144.307,1.8068535825544676,143.916,1.106
False,,2579,7,2025-06-06 10:00:00+00:00,dt_sr_channel_reversal,144.09,0.0,0.0565,signal_reverse,LOSS,SELL,144.265,1.939,143.91,1.939
False,,2588,1,2025-06-06 12:15:00+00:00,vol_spike_mr,144.226,0.0,0.0591,signal_reverse,LOSS,SELL,144.435,3.655,144.011,3.655
False,,2591,1,2025-06-06 13:00:00+00:00,xs_momentum,144.647,0.0,0.0395,tp_sl,WIN,BUY,144.381,1.6719077568133267,144.918,1.705345911949543
False,,2596,1,2025-06-06 14:15:00+00:00,streak_reversal,144.677,0.0,0.0336,tp_sl,WIN,BUY,144.168,2.722816399287095,145.197,1.666
False,,2605,2,2025-06-06 16:30:00+00:00,dt_sr_channel_reversal,144.901,0.0,0.0406,signal_reverse,WIN,SELL,145.163,1.5858585858586938,144.634,0.004
False,,2609,17,2025-06-06 17:30:00+00:00,xs_momentum,144.951,0.0,0.05,tp_sl,LOSS,BUY,144.705,1.6666666666666872,145.203,1.6999999999999749
False,3.604,2635,2,2025-06-09 00:00:00+00:00,vix_carry_unwind,144.649,0.0,0.1614,tp_sl,LOSS,SELL,144.929,3.543881856540085,144.332,4.012658227848194
False,,2640,2,2025-06-09 01:15:00+00:00,vix_carry_unwind,144.619,0.0,0.1118,tp_sl,WIN,SELL,145.024,3.5479532163743728,144.161,2.411
False,,2655,1,2025-06-09 05:00:00+00:00,streak_reversal,144.393,0.0,0.0821,tp_sl,WIN,BUY,144.078,2.992063492063478,144.713,1.831
False,2.073,2658,3,2025-06-09 05:45:00+00:00,dt_fib_reversal,144.421,0.0,0.0821,tp_sl,LOSS,BUY,144.235,1.7698412698412844,144.61,1.8052380952383373
False,,2667,11,2025-06-09 08:00:00+00:00,streak_reversal,144.105,0.0,0.0613,tp_sl,WIN,BUY,143.66,4.198113207547106,144.558,2.569
False,,2680,1,2025-06-09 11:15:00+00:00,streak_reversal,144.319,0.0,0.0625,signal_reverse,LOSS,SELL,144.764,1.721,143.865,1.721
False,,2683,3,2025-06-09 12:00:00+00:00,sr_fib_confluence,144.527,0.0,0.0586,tp_sl,WIN,BUY,144.302,2.027027027027232,144.757,1.241
False,1.847,2689,5,2025-06-09 13:30:00+00:00,xs_momentum,144.719,0.0,0.0541,tp_sl,LOSS,BUY,144.526,1.6666666666666208,144.916,1.7000000000000808
False,,2696,3,2025-06-09 15:15:00+00:00,sr_fib_confluence,144.421,0.0,0.0523,signal_reverse,LOSS,BUY,144.233,0.28,144.613,0.28
False,,2701,9,2025-06-09 16:30:00+00:00,sr_fib_confluence,144.402,0.0,0.0615,signal_reverse,LOSS,SELL,144.572,1.187,144.229,1.187
False,,2733,2,2025-06-10 00:30:00+00:00,session_time_bias,144.595,0.0,0.1314,tp_sl,WIN,BUY,144.358,2.4422680412370252,144.856,1.614
False,,2737,1,2025-06-10 01:30:00+00:00,session_time_bias,144.863,0.0,0.1012,tp_sl,WIN,BUY,144.554,2.4486772486773316,145.203,2.6984126984127252
False,,2752,1,2025-06-10 05:15:00+00:00,sr_fib_confluence,144.644,0.0,0.0639,signal_reverse,LOSS,BUY,144.411,0.698,144.881,0.698
False,,2756,1,2025-06-10 06:15:00+00:00,dt_fib_reversal,144.533,0.0,0.0616,signal_reverse,WIN,BUY,144.315,1.5535714285714366,144.754,0.348
False,,2759,15,2025-06-10 07:00:00+00:00,sr_fib_confluence,144.762,0.0,0.043,tp_sl,WIN,SELL,145.009,1.6390728476821343,144.509,1.003
False,,2776,4,2025-06-10 11:15:00+00:00,streak_reversal,144.519,0.0,0.0586,signal_reverse,WIN,BUY,144.152,3.3108108108108723,144.894,0.396
False,,2783,2,2025-06-10 13:00:00+00:00,sr_break_retest,144.568,0.0,0.056,tp_sl,WIN,SELL,144.755,1.6741071428571428,144.376,1.025
False,,2787,4,2025-06-10 14:00:00+00:00,streak_reversal,144.695,0.0,0.051,signal_reverse,LOSS,SELL,145.147,1.988,144.233,1.988
False,,2793,8,2025-06-10 15:30:00+00:00,sr_fib_confluence,144.924,0.0,0.0523,tp_sl,WIN,BUY,144.741,1.5277777777778094,145.111,0.935
False,,2829,4,2025-06-11 00:30:00+00:00,session_time_bias,144.834,0.0,0.0981,tp_sl,WIN,BUY,144.517,2.4371794871795007,145.183,1.611
False,,2847,4,2025-06-11 05:00:00+00:00,session_time_bias,145.099,0.0,0.0713,tp_sl,WIN,BUY,144.897,1.666666666666795,145.341,1.2
False,,2859,14,2025-06-11 08:00:00+00:00,streak_reversal,145.075,0.0,0.057,tp_sl,WIN,BUY,144.498,5.065789473684091,145.665,3.1
False,,2875,1,2025-06-11 12:00:00+00:00,streak_reversal,145.303,0.0,0.0591,tp_sl,WIN,SELL,145.597,2.6742424242425757,145.002,2.727727272727262
False,,2878,12,2025-06-11 12:45:00+00:00,vix_carry_unwind,144.726,0.0,0.0363,tp_sl,WIN,SELL,145.264,3.0074487895718174,144.079,2.165
False,,2892,6,2025-06-11 16:15:00+00:00,xs_momentum,144.484,0.0,0.0387,tp_sl,WIN,SELL,144.773,1.6714836223506329,144.189,1.023
False,,2943,2,2025-06-12 05:00:00+00:00,session_time_bias,143.98,0.0,0.0701,tp_sl,LOSS,BUY,143.704,2.242547425474295,144.311,2.6910569105692463
False,,2953,1,2025-06-12 07:30:00+00:00,streak_reversal,144.097,0.0,0.0436,tp_sl,WIN,SELL,144.592,3.322147651006933,143.592,2.033
False,,2956,9,2025-06-12 08:15:00+00:00,streak_reversal,143.834,0.0,0.0422,signal_reverse,LOSS,BUY,143.424,1.935,144.254,1.935
False,,2968,1,2025-06-12 11:15:00+00:00,wick_imbalance_reversion,143.609,0.0,0.0442,signal_reverse,WIN,BUY,143.278,2.256235827664474,143.948,0.02
False,,2971,1,2025-06-12 12:00:00+00:00,sr_break_retest,143.733,0.0,0.0422,signal_reverse,LOSS,BUY,143.503,3.506,143.969,3.506
False,,2974,2,2025-06-12 12:45:00+00:00,vol_spike_mr,143.294,0.0,0.0371,signal_reverse,LOSS,BUY,143.032,0.417,143.562,0.417
False,,2978,1,2025-06-12 13:45:00+00:00,sr_break_retest,143.467,0.0,0.0334,signal_reverse,WIN,BUY,143.185,1.502659574468079,143.755,0.864
False,,2981,3,2025-06-12 14:30:00+00:00,intraday_seasonality,143.635,0.0,0.0343,tp_sl,WIN,BUY,143.224,2.244990892532009,144.054,1.374
False,,2987,19,2025-06-12 16:00:00+00:00,dual_sr_bounce,143.683,0.0,0.0381,tp_sl,LOSS,BUY,143.463,1.2499999999999936,143.907,1.2750000000000161
False,,3010,4,2025-06-12 21:45:00+00:00,vix_carry_unwind,143.549,0.0,0.0932,tp_sl,WIN,SELL,143.927,3.201412429378587,143.124,2.161
False,,3019,1,2025-06-13 00:00:00+00:00,vix_carry_unwind,143.096,0.0,0.0892,tp_sl,WIN,SELL,143.602,3.533333333333364,142.524,2.4
False,,3022,10,2025-06-13 00:45:00+00:00,vix_carry_unwind,143.027,0.0,0.075,signal_reverse,LOSS,SELL,143.63,3.644,142.345,3.644
False,,3040,7,2025-06-13 05:15:00+00:00,session_time_bias,143.789,0.0,0.0442,signal_reverse,LOSS,BUY,143.35,0.371,144.315,0.371
False,,3049,3,2025-06-13 07:30:00+00:00,streak_reversal,143.766,0.0,0.0355,signal_reverse,LOSS,SELL,144.101,0.306,143.424,0.306
True,0.679,3054,1,2025-06-13 08:45:00+00:00,dt_sr_channel_reversal,143.787,0.0,0.0369,tp_sl,LOSS,SELL,143.886,0.5658143939395253,143.667,0.6789772727273657
False,,3057,1,2025-06-13 09:30:00+00:00,streak_reversal,144.124,0.0,0.0378,tp_sl,WIN,SELL,144.581,2.659883720930292,143.657,1.628
False,,3062,3,2025-06-13 10:45:00+00:00,streak_reversal,144.344,0.0,0.0369,signal_reverse,WIN,SELL,144.629,1.619318181818324,144.053,1.193
False,,3067,3,2025-06-13 12:00:00+00:00,streak_reversal,144.105,0.0,0.0401,tp_sl,WIN,BUY,143.835,1.6718106995883604,144.382,1.7052469135800994
False,,3072,2,2025-06-13 13:15:00+00:00,xs_momentum,144.395,0.0,0.0402,tp_sl,LOSS,BUY,144.044,2.2489316239315826,144.753,2.2939102564101597
False,,3076,5,2025-06-13 14:15:00+00:00,dual_sr_bounce,144.117,0.0,0.0387,signal_reverse,LOSS,BUY,143.85,0.503,144.39,0.503
False,,3083,9,2025-06-13 16:00:00+00:00,dual_sr_bounce,144.013,0.0,0.0475,tp_sl,WIN,SELL,144.349,2.381796690307178,143.671,1.458
True,,3105,2,2025-06-16 00:15:00+00:00,dt_bb_rsi_mr,144.432,0.0,0.0892,tp_sl,WIN,SELL,144.575,1.0000000000000049,144.261,1.2000000000000852
False,,3110,13,2025-06-16 01:30:00+00:00,session_time_bias,144.286,0.0,0.0898,tp_sl,WIN,BUY,143.937,2.4593896713614836,144.671,1.627
False,,3125,2,2025-06-16 05:15:00+00:00,sr_fib_confluence,144.086,0.0,0.075,tp_sl,WIN,SELL,144.259,1.5000000000001186,143.91,0.918
False,1.43,3129,2,2025-06-16 06:15:00+00:00,sr_fib_confluence,144.16,0.0,0.0719,tp_sl,LOSS,SELL,144.32,1.3263888888888669,143.998,1.3529166666666963
False,,3133,2,2025-06-16 07:15:00+00:00,streak_reversal,144.339,0.0,0.0533,tp_sl,WIN,SELL,144.643,2.499999999999823,144.027,1.53
False,,3147,2,2025-06-16 10:45:00+00:00,streak_reversal,144.053,0.0,0.0546,tp_sl,WIN,BUY,143.732,2.703081232493166,144.382,1.654
False,,3151,3,2025-06-16 11:45:00+00:00,ema200_trend_reversal,144.12,0.0,0.0586,tp_sl,WIN,BUY,143.951,1.5240240240241743,144.293,0.933
False,,3156,5,2025-06-16 13:00:00+00:00,streak_reversal,143.92,0.0,0.049,tp_sl,WIN,BUY,143.491,3.3528645833333925,144.358,2.052
False,1.524,3163,8,2025-06-16 14:45:00+00:00,vol_spike_mr,144.042,0.0,0.0405,tp_sl,LOSS,SELL,144.274,1.4999999999999194,143.805,1.5299999999999068
False,,3173,2,2025-06-16 17:15:00+00:00,streak_reversal,144.301,0.0,0.0578,signal_reverse,LOSS,SELL,144.566,0.975,144.03,0.975
False,,3202,11,2025-06-17 00:30:00+00:00,session_time_bias,144.988,0.0,0.1028,tp_sl,LOSS,BUY,144.756,1.8666666666665184,145.236,1.999999999999923
False,,3220,1,2025-06-17 05:00:00+00:00,sr_break_retest,144.547,0.0,0.0599,signal_reverse,LOSS,SELL,144.763,0.731,144.327,0.731
False,,3223,7,2025-06-17 05:45:00+00:00,streak_reversal,144.651,0.0,0.0634,tp_sl,WIN,SELL,145.136,3.560049019607949,144.158,2.179
False,,3234,7,2025-06-17 08:30:00+00:00,streak_reversal,144.806,0.0,0.0404,tp_sl,WIN,SELL,145.105,1.8530020703934547,144.502,1.134
False,,3244,5,2025-06-17 11:00:00+00:00,streak_reversal,144.602,0.0,0.0468,tp_sl,WIN,BUY,144.278,2.3321342925658706,144.933,1.427
False,,3251,2,2025-06-17 12:45:00+00:00,vol_spike_mr,144.836,0.0,0.0417,tp_sl,WIN,SELL,145.031,1.2499999999999563,144.637,0.765
False,,3255,3,2025-06-17 13:45:00+00:00,streak_reversal,144.884,0.0,0.0418,tp_sl,LOSS,SELL,145.25,2.4388888888889446,144.511,2.487666666666731
True,,3260,3,2025-06-17 15:00:00+00:00,dt_sr_channel_reversal,145.083,0.0,0.0427,tp_sl,WIN,SELL,145.23,0.9999999999999413,144.906,1.2000000000000068
False,,3265,1,2025-06-17 16:15:00+00:00,sr_anti_hunt_bounce,145.042,0.0,0.0486,tp_sl,WIN,BUY,143.741,9.426328502415535,146.369,5.769
False,,3268,2,2025-06-17 17:00:00+00:00,streak_reversal,145.242,0.0,0.0532,tp_sl,WIN,SELL,145.612,2.6678657074340797,144.863,1.633
True,,3273,5,2025-06-17 18:15:00+00:00,dt_bb_rsi_mr,145.257,0.0,0.0578,signal_reverse,WIN,SELL,145.385,1.000000000000112,145.103,0.259
True,,3296,1,2025-06-18 00:00:00+00:00,dt_sr_channel_reversal,145.37,0.0,0.1063,tp_sl,WIN,SELL,145.431,0.5086805555554482,145.297,0.6104166666666799
False,,3299,6,2025-06-18 00:45:00+00:00,session_time_bias,145.327,0.0,0.1071,signal_reverse,LOSS,BUY,145.035,1.466,145.649,1.466
False,,3316,1,2025-06-18 05:00:00+00:00,sr_fib_confluence,144.983,0.0,0.0927,tp_sl,WIN,SELL,145.123,1.5053763440861805,144.841,0.921
False,,3319,1,2025-06-18 05:45:00+00:00,sr_fib_confluence,145.002,0.0,0.088,tp_sl,WIN,SELL,145.162,1.632653061224455,144.839,0.999
False,,3322,1,2025-06-18 06:30:00+00:00,sr_fib_confluence,144.942,0.0,0.0829,tp_sl,WIN,SELL,145.121,1.71474358974367,144.76,1.049
False,,3325,12,2025-06-18 07:15:00+00:00,sr_fib_confluence,144.976,0.0,0.0625,tp_sl,WIN,SELL,145.155,1.7227564102564832,144.793,1.054
False,,3340,2,2025-06-18 11:00:00+00:00,intraday_seasonality,144.844,0.0,0.0722,signal_reverse,LOSS,BUY,144.642,0.044,145.051,0.044
False,,3345,1,2025-06-18 12:15:00+00:00,xs_momentum,144.782,0.0,0.0747,tp_sl,LOSS,SELL,144.927,1.6666666666667844,144.634,1.6999999999999176
False,,3348,2,2025-06-18 13:00:00+00:00,dual_sr_bounce,144.821,0.0,0.064,tp_sl,WIN,SELL,145.026,2.091836734694005,144.612,1.28
False,,3352,3,2025-06-18 14:00:00+00:00,xs_momentum,144.765,0.0,0.055,tp_sl,WIN,SELL,144.955,1.6666666666666468,144.571,1.02
False,,3357,10,2025-06-18 15:15:00+00:00,xs_momentum,144.594,0.0,0.0502,tp_sl,WIN,SELL,144.875,2.2466666666666697,144.307,1.375
False,,3394,1,2025-06-19 00:30:00+00:00,session_time_bias,144.941,0.0,0.1099,tp_sl,WIN,BUY,144.655,2.4629310344826845,145.256,1.629
False,,3397,1,2025-06-19 01:15:00+00:00,session_time_bias,144.995,0.0,0.0981,tp_sl,WIN,BUY,144.751,1.8730769230767936,145.256,1.205
False,,3412,2,2025-06-19 05:00:00+00:00,session_time_bias,145.107,0.0,0.0918,tp_sl,WIN,BUY,144.95,1.6666666666666625,145.295,1.2
False,,3416,1,2025-06-19 06:00:00+00:00,vol_spike_mr,145.209,0.0,0.0863,tp_sl,WIN,BUY,144.988,2.2083333333333144,145.434,1.351
False,,3421,1,2025-06-19 07:15:00+00:00,dt_bb_rsi_mr,145.322,0.0,0.0644,signal_reverse,LOSS,SELL,145.503,0.703,145.136,0.703
False,,3426,1,2025-06-19 08:30:00+00:00,htf_false_breakout,145.331,0.0,0.065,tp_sl,WIN,SELL,145.456,1.25,145.203,0.765
False,,3429,2,2025-06-19 09:15:00+00:00,dt_sr_channel_reversal,145.341,0.0,0.065,tp_sl,LOSS,SELL,145.506,1.6500000000002046,145.172,1.6830000000001633
False,,3433,1,2025-06-19 10:15:00+00:00,sr_break_retest,145.444,0.0,0.0677,tp_sl,WIN,BUY,145.284,1.6579861111110834,145.606,1.6911458333333702
False,,3436,1,2025-06-19 11:00:00+00:00,wick_imbalance_reversion,145.681,0.0,0.0619,tp_sl,WIN,SELL,145.878,1.8730158730160644,145.481,1.146
False,,3440,4,2025-06-19 12:00:00+00:00,xs_momentum,145.694,0.0,0.0607,tp_sl,LOSS,BUY,145.453,2.258566978193217,145.941,2.3037383177572517
False,,3446,2,2025-06-19 13:30:00+00:00,dual_sr_bounce,145.472,0.0,0.0586,tp_sl,WIN,BUY,145.229,2.2741433021807422,145.72,1.392
False,,3450,7,2025-06-19 14:30:00+00:00,intraday_seasonality,145.598,0.0,0.0565,signal_reverse,WIN,BUY,145.349,2.2447447447444957,145.852,0.779
False,,3459,3,2025-06-19 16:45:00+00:00,streak_reversal,145.71,0.0,0.0698,tp_sl,WIN,SELL,146.106,4.123263888888691,145.307,2.523
True,1.126,3466,2,2025-06-19 18:30:00+00:00,dt_bb_rsi_mr,145.498,0.0,0.0804,tp_sl,LOSS,BUY,145.412,0.938405797101399,145.602,1.1260869565217406
False,,3491,2,2025-06-20 00:45:00+00:00,session_time_bias,145.261,0.0,0.1149,tp_sl,WIN,BUY,145.054,1.8666666666666691,145.483,1.2
False,,3495,1,2025-06-20 01:45:00+00:00,session_time_bias,145.345,0.0,0.1181,signal_reverse,LOSS,BUY,145.144,0.829,145.56,0.829
False,,3508,3,2025-06-20 05:00:00+00:00,session_time_bias,145.363,0.0,0.1003,tp_sl,WIN,BUY,145.22,1.656976744186192,145.534,1.193
True,,3513,3,2025-06-20 06:15:00+00:00,dt_sr_channel_reversal,145.394,0.0,0.0927,tp_sl,WIN,SELL,145.456,0.6574820788531363,145.321,0.7889784946236412
False,3.253,3524,9,2025-06-20 09:00:00+00:00,dual_sr_bounce,145.299,0.0,0.0747,tp_sl,LOSS,SELL,145.534,2.7107279693484805,145.058,2.7649425287354568
False,,3535,1,2025-06-20 11:45:00+00:00,dt_bb_rsi_mr,145.582,0.0,0.0813,signal_reverse,LOSS,SELL,145.726,0.975,145.434,0.975
False,,3539,2,2025-06-20 12:45:00+00:00,xs_momentum,145.597,0.0,0.0677,tp_sl,WIN,BUY,145.383,2.230902777777821,145.816,2.2755208333332297
False,,3543,3,2025-06-20 13:45:00+00:00,dt_bb_rsi_mr,145.738,0.0,0.0615,signal_reverse,LOSS,SELL,145.922,1.8,145.55,1.8
False,,3549,3,2025-06-20 15:15:00+00:00,xs_momentum,145.86,0.0,0.0581,tp_sl,WIN,BUY,145.681,1.6589506172840207,146.043,1.015
False,,3554,3,2025-06-20 16:30:00+00:00,streak_reversal,145.813,0.0,0.0684,tp_sl,WIN,BUY,145.609,2.0833333333331785,146.021,1.275
False,,3559,6,2025-06-20 17:45:00+00:00,xs_momentum,145.91,0.0,0.0813,tp_sl,WIN,BUY,145.758,1.6758241758242134,146.066,1.7093406593407163
False,,3586,1,2025-06-23 00:45:00+00:00,session_time_bias,146.467,0.0,0.1004,tp_sl,WIN,BUY,146.23,1.8666666666668668,146.721,2.0000000000001505
False,,3589,1,2025-06-23 01:30:00+00:00,session_time_bias,146.732,0.0,0.0944,tp_sl,LOSS,BUY,146.48,1.8666666666667373,147.002,2.0000000000000755
False,,3603,1,2025-06-23 05:00:00+00:00,session_time_bias,147.083,0.0,0.0648,tp_sl,WIN,BUY,146.784,2.243107769423442,147.441,1.615
False,,3607,5,2025-06-23 06:00:00+00:00,dt_sr_channel_reversal,147.199,0.0,0.0595,tp_sl,WIN,SELL,147.459,1.7873563218390232,146.935,1.094
False,,3615,2,2025-06-23 08:00:00+00:00,tokyo_range_breakout_up,147.495,0.0,0.0422,tp_sl,WIN,BUY,147.265,1.4989177489176775,147.731,0.917
False,,3619,10,2025-06-23 09:00:00+00:00,streak_reversal,147.774,0.0,0.0404,tp_sl,WIN,SELL,148.23,2.836438923395513,147.308,1.736
False,,3631,5,2025-06-23 12:00:00+00:00,streak_reversal,147.54,0.0,0.0419,signal_reverse,LOSS,BUY,147.081,1.516,148.009,1.516
False,,3638,1,2025-06-23 13:45:00+00:00,xs_momentum,147.301,0.0,0.0397,tp_sl,WIN,SELL,147.657,2.2521097046414607,146.938,2.2971518987342536
False,,3641,2,2025-06-23 14:30:00+00:00,xs_momentum,146.651,0.0,0.0325,tp_sl,WIN,SELL,146.972,1.6623488773747448,146.323,1.017
False,,3647,1,2025-06-23 16:00:00+00:00,intraday_seasonality,146.533,0.0,0.0383,signal_reverse,LOSS,BUY,146.139,1.008,146.934,1.008
False,,3650,2,2025-06-23 16:45:00+00:00,xs_momentum,146.354,0.0,0.0383,tp_sl,WIN,SELL,146.647,1.671428571428513,146.056,1.023
False,,3702,7,2025-06-24 05:45:00+00:00,streak_reversal,145.308,0.0,0.0669,signal_reverse,LOSS,BUY,144.852,0.041,145.773,0.041
False,,3713,3,2025-06-24 08:30:00+00:00,streak_reversal,145.02,0.0,0.0414,tp_sl,WIN,BUY,144.354,4.246284501061692,145.701,2.599
False,,3720,1,2025-06-24 10:15:00+00:00,htf_false_breakout,145.03,0.0,0.0439,signal_reverse,WIN,BUY,144.791,1.6216216216214911,145.275,0.392
False,,3725,2,2025-06-24 11:30:00+00:00,streak_reversal,144.933,0.0,0.0492,tp_sl,WIN,BUY,144.364,4.311868686868856,145.514,2.639
False,,3729,5,2025-06-24 12:30:00+00:00,xs_momentum,144.957,0.0,0.0455,tp_sl,WIN,SELL,145.195,1.666666666666741,144.713,1.02
False,,3736,6,2025-06-24 14:15:00+00:00,xs_momentum,144.572,0.0,0.0378,tp_sl,LOSS,SELL,144.945,2.248995983935752,144.191,2.293975903614419
False,,3744,3,2025-06-24 16:15:00+00:00,london_fix_reversal,144.823,0.0,0.0432,tp_sl,WIN,SELL,145.077,1.6344086021505182,144.565,1.6670967741935139
False,,3749,11,2025-06-24 17:30:00+00:00,dt_bb_rsi_mr,144.673,0.0,0.0544,tp_sl,WIN,BUY,144.429,1.7953431372549409,144.922,1.099
True,,3762,1,2025-06-24 20:45:00+00:00,dt_bb_rsi_mr,144.869,0.0,0.1028,tp_sl,WIN,SELL,144.971,0.9501557632398081,144.747,0.684
False,2.657,3777,1,2025-06-25 00:30:00+00:00,session_time_bias,145.039,0.0,0.1012,tp_sl,LOSS,BUY,144.73,2.4486772486773316,145.379,2.6984126984127252
False,,3780,12,2025-06-25 01:15:00+00:00,session_time_bias,144.886,0.0,0.0885,tp_sl,LOSS,BUY,144.617,1.8666666666666587,145.174,1.9999999999998785
False,,3795,1,2025-06-25 05:00:00+00:00,session_time_bias,145.025,0.0,0.0799,tp_sl,WIN,BUY,144.838,1.7283950617286652,145.249,1.244
False,,3799,2,2025-06-25 06:00:00+00:00,dual_sr_bounce,145.081,0.0,0.0713,tp_sl,WIN,BUY,144.929,1.2500000000000375,145.235,1.275000000000104
True,,3804,2,2025-06-25 07:15:00+00:00,dt_bb_rsi_mr,145.294,0.0,0.0533,signal_reverse,LOSS,SELL,145.416,0.598,145.147,0.598
False,,3808,15,2025-06-25 08:15:00+00:00,streak_reversal,145.437,0.0,0.0542,signal_reverse,LOSS,SELL,146.103,2.958,144.757,2.958
False,,3825,2,2025-06-25 12:30:00+00:00,xs_momentum,145.855,0.0,0.0644,tp_sl,WIN,BUY,145.685,1.6749174917490586,146.027,1.025
False,1.99,3830,1,2025-06-25 13:45:00+00:00,xs_momentum,145.875,0.0,0.0603,tp_sl,LOSS,BUY,145.703,1.6586538461537041,146.051,1.6918269230769258
False,,3835,4,2025-06-25 15:00:00+00:00,post_news_vol,145.616,0.0,0.0502,tp_sl,WIN,SELL,146.054,3.5066666666666606,145.169,2.146
False,,3841,7,2025-06-25 16:30:00+00:00,sr_fib_confluence,145.408,0.0,0.0588,tp_sl,WIN,SELL,145.551,1.2499999999998603,145.263,1.275000000000067
False,,3897,2,2025-06-26 06:30:00+00:00,vix_carry_unwind,144.339,0.0,0.0549,tp_sl,WIN,SELL,144.863,3.3333333333333792,143.711,2.4
False,,3915,5,2025-06-26 11:00:00+00:00,streak_reversal,144.264,0.0,0.0458,tp_sl,WIN,SELL,144.894,4.436619718309828,143.621,2.715
False,,3922,4,2025-06-26 12:45:00+00:00,vol_spike_mr,144.297,0.0,0.0394,tp_sl,WIN,SELL,144.661,2.2070707070707667,143.925,1.351
False,1.5,3930,6,2025-06-26 14:45:00+00:00,dual_sr_bounce,144.412,0.0,0.0347,tp_sl,LOSS,BUY,144.186,1.2499999999999623,144.643,1.274999999999968
True,,3953,1,2025-06-26 20:30:00+00:00,dt_bb_rsi_mr,144.39,0.0,0.094,tp_sl,WIN,SELL,144.493,0.8760683760685509,144.267,1.0512820512822125
False,1.798,3994,1,2025-06-27 06:45:00+00:00,ema_cross,144.228,0.0,0.0696,tp_sl,LOSS,SELL,144.414,1.498655913978507,144.039,1.5286290322582696
False,,4007,9,2025-06-27 10:00:00+00:00,streak_reversal,144.522,0.0,0.0537,tp_sl,WIN,SELL,145.095,4.738292011019203,143.937,2.9
True,,4021,1,2025-06-27 13:30:00+00:00,dt_bb_rsi_mr,144.68,0.0,0.0451,tp_sl,WIN,SELL,144.802,0.8796462829737104,144.533,0.633
False,,4026,2,2025-06-27 14:45:00+00:00,streak_reversal,144.87,0.0,0.0424,tp_sl,WIN,SELL,145.164,1.9876126126125333,144.57,1.216
True,,4030,1,2025-06-27 15:45:00+00:00,dt_sr_channel_reversal,144.735,0.0,0.0418,tp_sl,WIN,SELL,144.809,0.49847222222221416,144.645,0.5981666666667707
False,,4036,14,2025-06-27 17:15:00+00:00,streak_reversal,144.716,0.0,0.0532,tp_sl,WIN,SELL,145.04,2.3321342925658706,144.385,2.3787769784172044
False,,4091,3,2025-06-30 07:15:00+00:00,doji_breakout,143.95,0.0,0.0489,tp_sl,LOSS,SELL,144.17,1.6604010025062512,143.724,1.6936090225563036
False,,4099,11,2025-06-30 09:15:00+00:00,dual_sr_bounce,144.19,0.0,0.0512,tp_sl,WIN,BUY,143.942,1.9553805774278334,144.444,1.9944881889763453
False,,4112,1,2025-06-30 12:30:00+00:00,streak_reversal,144.454,0.0,0.0677,tp_sl,WIN,SELL,144.751,3.0989583333334756,144.15,1.897
False,,4115,1,2025-06-30 13:15:00+00:00,ema200_trend_reversal,144.412,0.0,0.0647,tp_sl,WIN,SELL,144.564,1.5721649484536433,144.256,0.962
False,,4118,1,2025-06-30 14:00:00+00:00,ema200_trend_reversal,144.397,0.0,0.0576,tp_sl,WIN,SELL,144.588,1.758409785932687,144.201,1.076
False,,4123,5,2025-06-30 15:15:00+00:00,dual_sr_bounce,144.28,0.0,0.0472,tp_sl,WIN,BUY,144.114,1.2531328320801292,144.45,0.767
False,,4146,10,2025-06-30 21:00:00+00:00,vix_carry_unwind,144.029,0.0,0.0902,tp_sl,WIN,SELL,144.462,3.5469945355192265,143.539,2.41
False,,4187,1,2025-07-01 07:15:00+00:00,wick_imbalance_reversion,143.329,0.0,0.0508,tp_sl,WIN,SELL,143.565,1.848958333333206,143.087,1.88593749999999
False,,4196,8,2025-07-01 09:30:00+00:00,doji_breakout,142.861,0.0,0.0474,tp_sl,WIN,SELL,143.378,3.7773722627738135,142.333,2.312
False,,4208,4,2025-07-01 12:30:00+00:00,streak_reversal,143.076,0.0,0.0451,tp_sl,WIN,SELL,143.742,4.629629629629761,142.395,2.833
False,,4217,23,2025-07-01 14:45:00+00:00,streak_reversal,143.432,0.0,0.0361,tp_sl,LOSS,SELL,143.898,2.677203065134115,142.957,2.7307471264366963
False,,4275,1,2025-07-02 05:15:00+00:00,vol_spike_mr,143.685,0.0,0.0784,tp_sl,LOSS,SELL,143.823,1.250000000000155,143.545,1.2750000000000805
True,,4278,2,2025-07-02 06:00:00+00:00,dt_bb_rsi_mr,143.727,0.0,0.0731,tp_sl,LOSS,SELL,143.844,0.9913488700566193,143.587,1.1896186440678467
False,,4284,5,2025-07-02 07:30:00+00:00,wick_imbalance_reversion,143.831,0.0,0.0524,tp_sl,LOSS,SELL,144.111,2.264784946236562,143.544,2.310080645161307
False,,4291,3,2025-07-02 09:15:00+00:00,streak_reversal,144.168,0.0,0.0496,tp_sl,WIN,SELL,144.486,2.4300254452925802,143.843,1.487
False,,4296,4,2025-07-02 10:30:00+00:00,streak_reversal,143.924,0.0,0.0508,tp_sl,WIN,BUY,143.629,2.311197916666563,144.226,1.414
False,,4303,1,2025-07-02 12:15:00+00:00,sr_fib_confluence,143.678,0.0,0.0401,signal_reverse,WIN,BUY,143.377,1.862139917695534,143.986,1.16
False,,4306,1,2025-07-02 13:00:00+00:00,sr_fib_confluence,143.722,0.0,0.0349,tp_sl,LOSS,SELL,144.013,1.6157407407408502,143.425,1.6480555555557115
False,,4310,8,2025-07-02 14:00:00+00:00,post_news_vol,144.075,0.0,0.0319,signal_reverse,LOSS,BUY,143.472,1.927,144.691,1.927
False,,4320,7,2025-07-02 16:30:00+00:00,sr_fib_confluence,143.735,0.0,0.0435,signal_reverse,WIN,SELL,143.982,1.6017316017316214,143.484,0.835
False,,4370,3,2025-07-03 05:00:00+00:00,streak_reversal,143.902,0.0,0.0908,tp_sl,WIN,SELL,144.377,4.9999999999999405,143.418,3.06
False,,4376,1,2025-07-03 06:30:00+00:00,dt_fib_reversal,143.885,0.0,0.0908,tp_sl,WIN,SELL,144.028,1.4999999999998324,143.74,1.5300000000000804
False,,4380,2,2025-07-03 07:30:00+00:00,dual_sr_bounce,143.797,0.0,0.0619,tp_sl,WIN,BUY,143.58,2.0714285714285823,144.019,1.268
False,,4388,4,2025-07-03 09:30:00+00:00,dt_fib_reversal,143.852,0.0,0.0677,tp_sl,WIN,SELL,143.996,1.5017361111112255,143.704,0.919
False,7.667,4394,5,2025-07-03 11:00:00+00:00,streak_reversal,143.851,0.0,0.0747,tp_sl,LOSS,SELL,144.406,6.3888888888889594,143.284,6.516666666666568
False,,4401,2,2025-07-03 12:45:00+00:00,dt_bb_rsi_mr,144.996,0.0,0.0367,signal_reverse,WIN,SELL,145.314,1.7984934086627098,144.671,1.638
False,,4405,2,2025-07-03 13:45:00+00:00,xs_momentum,144.784,0.0,0.0353,tp_sl,WIN,BUY,144.383,2.2565543071161285,145.194,1.381
False,,4409,15,2025-07-03 14:45:00+00:00,xs_momentum,145.103,0.0,0.0337,tp_sl,LOSS,BUY,144.685,2.2491039426524235,145.53,2.2940860215054353
False,,4450,4,2025-07-04 01:00:00+00:00,session_time_bias,144.662,0.0,0.1371,tp_sl,WIN,BUY,144.489,1.8577060931899005,144.847,1.194
False,,4470,3,2025-07-04 06:00:00+00:00,dt_fib_reversal,144.301,0.0,0.0958,signal_reverse,WIN,BUY,144.15,1.6759259259259807,144.454,1.008
False,,4475,1,2025-07-04 07:15:00+00:00,dt_fib_reversal,144.356,0.0,0.065,signal_reverse,WIN,BUY,144.179,1.775000000000091,144.538,0.45
False,,4478,14,2025-07-04 08:00:00+00:00,dual_sr_bounce,144.348,0.0,0.065,tp_sl,LOSS,SELL,144.473,1.25,144.22,1.2749999999999773
False,,4494,2,2025-07-04 12:00:00+00:00,dual_sr_bounce,144.381,0.0,0.089,signal_reverse,LOSS,SELL,144.472,0.671,144.287,0.671
False,,4498,5,2025-07-04 13:00:00+00:00,intraday_seasonality,144.462,0.0,0.0848,tp_sl,WIN,BUY,144.296,2.2522522522521244,144.632,1.378
True,,4505,2,2025-07-04 14:45:00+00:00,dt_bb_rsi_mr,144.513,0.0,0.0872,signal_reverse,LOSS,SELL,144.585,0.41,144.426,0.41
False,,4509,12,2025-07-04 15:45:00+00:00,sr_fib_confluence,144.536,0.0,0.0951,tp_sl,LOSS,BUY,144.436,1.515151515151429,144.638,1.545454545454604
False,,4547,2,2025-07-07 01:30:00+00:00,session_time_bias,144.452,0.0,0.1275,tp_sl,WIN,BUY,144.265,1.8666666666666742,144.652,2.0000000000001705
False,,4561,3,2025-07-07 05:00:00+00:00,session_time_bias,145.039,0.0,0.0871,tp_sl,WIN,BUY,144.815,2.255892255892214,145.307,1.624
False,,4567,3,2025-07-07 06:30:00+00:00,streak_reversal,145.065,0.0,0.0806,signal_reverse,LOSS,SELL,145.29,1.133,144.836,1.133
False,,4572,2,2025-07-07 07:45:00+00:00,streak_reversal,145.191,0.0,0.0631,signal_reverse,WIN,SELL,145.52,3.1957928802590287,144.855,0.019
False,,4577,7,2025-07-07 09:00:00+00:00,streak_reversal,145.365,0.0,0.0596,signal_reverse,LOSS,SELL,145.656,0.679,145.067,0.679
False,,4587,1,2025-07-07 11:30:00+00:00,sr_break_retest,145.427,0.0,0.0691,tp_sl,WIN,BUY,145.27,1.6755319148939072,145.588,1.7090425531915314
False,,4590,2,2025-07-07 12:15:00+00:00,xs_momentum,145.583,0.0,0.067,tp_sl,WIN,BUY,145.423,1.6580756013745275,145.748,1.015
False,,4595,6,2025-07-07 13:30:00+00:00,xs_momentum,145.745,0.0,0.0647,tp_sl,WIN,BUY,145.584,1.666666666666616,145.91,1.02
False,,4603,2,2025-07-07 15:30:00+00:00,xs_momentum,145.891,0.0,0.0705,tp_sl,WIN,BUY,145.744,1.6573033707866063,146.042,1.014
False,,4607,3,2025-07-07 16:30:00+00:00,xs_momentum,146.118,0.0,0.0593,tp_sl,WIN,BUY,145.929,1.6666666666666599,146.31,1.02
False,,4640,1,2025-07-08 00:45:00+00:00,session_time_bias,146.169,0.0,0.1037,tp_sl,WIN,BUY,145.867,2.456097560975576,146.502,1.624
False,,4657,3,2025-07-08 05:00:00+00:00,session_time_bias,146.073,0.0,0.0669,tp_sl,WIN,BUY,145.858,1.6602067183462854,146.33,1.195
False,,4663,3,2025-07-08 06:30:00+00:00,ema_cross,146.223,0.0,0.0685,tp_sl,LOSS,BUY,146.033,1.5013227513227392,146.416,1.531349206349176
False,,4685,4,2025-07-08 12:00:00+00:00,xs_momentum,146.594,0.0,0.0586,tp_sl,WIN,BUY,146.41,1.6591591591591865,146.782,1.692342342342319
False,,4691,6,2025-07-08 13:30:00+00:00,xs_momentum,146.866,0.0,0.057,tp_sl,WIN,BUY,146.682,1.6742424242421934,147.054,1.025
False,,4699,13,2025-07-08 15:30:00+00:00,xs_momentum,146.822,0.0,0.057,tp_sl,LOSS,BUY,146.638,1.6742424242424518,147.01,1.7077272727272492
True,,4718,2,2025-07-08 20:15:00+00:00,dt_bb_rsi_mr,146.54,0.0,0.131,tp_sl,WIN,BUY,146.456,1.0000000000000377,146.641,0.72
False,,4737,1,2025-07-09 01:00:00+00:00,session_time_bias,146.949,0.0,0.1181,tp_sl,LOSS,BUY,146.747,1.8666666666665268,147.165,1.9999999999998126
False,,4740,2,2025-07-09 01:45:00+00:00,session_time_bias,146.879,0.0,0.1118,tp_sl,WIN,BUY,146.599,2.451461988303948,147.187,1.621
False,2.361,4753,6,2025-07-09 05:00:00+00:00,streak_reversal,147.03,0.0,0.0898,tp_sl,LOSS,BUY,146.83,2.083333333333511,147.234,2.1250000000000804
False,,4761,2,2025-07-09 07:00:00+00:00,streak_reversal,146.785,0.0,0.065,tp_sl,WIN,BUY,146.207,5.783333333333189,147.375,3.539
False,1.44,4765,1,2025-07-09 08:00:00+00:00,dt_fib_reversal,146.768,0.0,0.0602,tp_sl,LOSS,BUY,146.633,1.250000000000179,146.906,1.2749999999999562
False,,4777,3,2025-07-09 11:00:00+00:00,intraday_seasonality,146.663,0.0,0.0637,tp_sl,WIN,BUY,146.434,2.246732026143977,146.897,1.375
False,,4785,3,2025-07-09 13:00:00+00:00,streak_reversal,146.409,0.0,0.0514,tp_sl,WIN,BUY,145.985,3.4767759562840195,146.842,2.128
False,,4790,7,2025-07-09 14:15:00+00:00,ema200_trend_reversal,146.377,0.0,0.0494,tp_sl,WIN,BUY,146.148,1.8044619422573671,146.611,1.104
False,,4803,9,2025-07-09 17:30:00+00:00,ema200_trend_reversal,146.343,0.0,0.0673,tp_sl,WIN,BUY,146.178,1.4999999999999276,146.512,0.918
False,,4849,6,2025-07-10 05:00:00+00:00,sr_fib_confluence,146.302,0.0,0.0791,tp_sl,LOSS,BUY,146.146,1.429663608562434,146.461,1.4582568807337242
False,,4857,2,2025-07-10 07:00:00+00:00,sr_fib_confluence,146.249,0.0,0.0551,tp_sl,WIN,BUY,146.054,1.6525423728812982,146.448,1.6855932203388182
False,,4861,4,2025-07-10 08:00:00+00:00,sr_fib_confluence,146.309,0.0,0.0537,tp_sl,WIN,BUY,146.158,1.2500000000000375,146.464,0.765
False,,4867,8,2025-07-10 09:30:00+00:00,sr_fib_confluence,146.206,0.0,0.0591,tp_sl,WIN,BUY,146.027,1.621212121212197,146.387,1.6536363636364824
False,,4882,1,2025-07-10 13:15:00+00:00,sr_break_retest,146.427,0.0,0.055,tp_sl,WIN,BUY,146.256,1.4985380116960394,146.602,1.5285087719298305
False,,4885,1,2025-07-10 14:00:00+00:00,intraday_seasonality,146.572,0.0,0.0527,tp_sl,WIN,BUY,146.359,1.7927170868347753,146.79,1.097
False,1.972,4888,12,2025-07-10 14:45:00+00:00,intraday_seasonality,146.515,0.0,0.0468,tp_sl,LOSS,BUY,146.276,1.7848258706466276,146.759,1.8205223880595813
True,,4902,10,2025-07-10 18:15:00+00:00,dt_bb_rsi_mr,146.264,0.0,0.0698,tp_sl,LOSS,BUY,146.158,0.9999999999999486,146.392,1.1999999999998847
False,,4927,1,2025-07-11 00:30:00+00:00,session_time_bias,146.442,0.0,0.1401,tp_sl,WIN,BUY,146.219,2.4435897435896576,146.687,2.6923076923077423
False,,4930,2,2025-07-11 01:15:00+00:00,session_time_bias,146.802,0.0,0.109,tp_sl,WIN,BUY,146.516,2.443589743589727,147.117,1.615
False,,4947,12,2025-07-11 05:30:00+00:00,streak_reversal,146.904,0.0,0.0707,tp_sl,LOSS,BUY,146.289,5.040983606557452,147.531,5.141803278688451
False,,4965,3,2025-07-11 10:00:00+00:00,streak_reversal,146.976,0.0,0.0591,tp_sl,LOSS,BUY,146.778,1.8030303030302135,147.179,1.839090909090983
False,,4973,1,2025-07-11 12:00:00+00:00,wick_imbalance_reversion,147.056,0.0,0.0591,tp_sl,LOSS,BUY,146.807,2.2651515151515222,147.311,2.3104545454546352
False,,4976,2,2025-07-11 12:45:00+00:00,wick_imbalance_reversion,146.974,0.0,0.0537,tp_sl,WIN,BUY,146.702,2.2451790633607187,147.251,1.374
False,,4980,1,2025-07-11 13:45:00+00:00,intraday_seasonality,147.291,0.0,0.0465,tp_sl,WIN,BUY,146.987,2.2530864197531426,147.602,1.379
False,,4984,24,2025-07-11 14:45:00+00:00,streak_reversal,147.346,0.0,0.0461,tp_sl,WIN,BUY,147.063,2.0833333333333193,147.635,1.275
False,,5026,2,2025-07-14 01:15:00+00:00,session_time_bias,146.997,0.0,0.1037,tp_sl,WIN,BUY,146.695,2.456097560975576,147.33,1.624
False,,5042,16,2025-07-14 05:15:00+00:00,session_time_bias,147.384,0.0,0.0674,tp_sl,LOSS,BUY,147.17,1.666666666666483,147.64,1.9999999999997797
False,,5068,12,2025-07-14 11:45:00+00:00,sr_anti_hunt_bounce,147.419,0.0,0.0565,tp_sl,WIN,BUY,146.452,8.41304347826088,148.406,5.149
False,,5086,14,2025-07-14 16:15:00+00:00,xs_momentum,147.756,0.0,0.0532,signal_reverse,LOSS,BUY,147.546,0.09,147.97,0.09
False,,5119,1,2025-07-15 00:30:00+00:00,session_time_bias,147.633,0.0,0.1614,tp_sl,WIN,BUY,147.484,1.8772151898734948,147.792,1.208
False,,5122,2,2025-07-15 01:15:00+00:00,session_time_bias,147.73,0.0,0.1449,tp_sl,WIN,BUY,147.514,2.453787878787947,147.968,1.623
False,,5139,1,2025-07-15 05:30:00+00:00,streak_reversal,147.582,0.0,0.115,tp_sl,WIN,BUY,147.414,2.233333333333197,147.752,1.367
False,,5147,12,2025-07-15 07:30:00+00:00,ema_cross,147.728,0.0,0.0844,tp_sl,LOSS,BUY,147.612,1.5151515151516135,147.847,1.5454545454545425
False,,5165,1,2025-07-15 12:00:00+00:00,intraday_seasonality,147.944,0.0,0.0878,tp_sl,WIN,BUY,147.82,1.6666666666666872,148.069,1.6999999999999749
False,,5168,1,2025-07-15 12:45:00+00:00,intraday_seasonality,147.895,0.0,0.0537,tp_sl,WIN,BUY,147.69,1.6942148760331612,148.105,1.7280991735537727
False,,5171,1,2025-07-15 13:30:00+00:00,post_news_vol,148.467,0.0,0.0433,tp_sl,WIN,BUY,147.688,5.373563218390818,149.262,3.289
False,,5174,5,2025-07-15 14:15:00+00:00,xs_momentum,148.873,0.0,0.0392,tp_sl,WIN,BUY,148.607,1.666666666666572,149.145,1.02
False,,5181,15,2025-07-15 16:00:00+00:00,xs_momentum,148.906,0.0,0.045,signal_reverse,LOSS,BUY,148.658,0.352,149.158,0.352
False,,5216,2,2025-07-16 00:45:00+00:00,session_time_bias,148.986,0.0,0.1192,tp_sl,LOSS,BUY,148.787,1.858878504672981,149.199,1.9906542056074192
False,,5220,7,2025-07-16 01:45:00+00:00,session_time_bias,148.838,0.0,0.1159,tp_sl,WIN,BUY,148.568,2.4500000000002005,149.135,1.62
False,,5236,8,2025-07-16 05:45:00+00:00,streak_reversal,148.837,0.0,0.0863,tp_sl,WIN,BUY,148.17,6.666666666666572,149.517,4.08
False,2.278,5249,13,2025-07-16 09:00:00+00:00,intraday_seasonality,148.794,0.0,0.0613,tp_sl,LOSS,BUY,148.558,2.23270440251557,149.036,2.2773584905660256
False,,5266,1,2025-07-16 13:15:00+00:00,htf_false_breakout,148.816,0.0,0.049,tp_sl,WIN,BUY,148.233,4.557291666666519,149.411,2.789
False,1.992,5269,2,2025-07-16 14:00:00+00:00,ema_cross,148.832,0.0,0.0483,tp_sl,LOSS,BUY,148.616,1.660256410256212,149.052,1.6934615384614586
False,1.503,5273,1,2025-07-16 15:00:00+00:00,vol_spike_mr,148.165,0.0,0.0367,tp_sl,LOSS,BUY,147.951,1.2524366471735136,148.384,1.2774853801169008
False,,5278,5,2025-07-16 16:15:00+00:00,london_fix_reversal,148.165,0.0,0.0193,tp_sl,LOSS,BUY,147.554,1.7603266090298164,148.788,1.795533141210393
False,,5311,4,2025-07-17 00:30:00+00:00,session_time_bias,148.317,0.0,0.0924,tp_sl,WIN,BUY,148.059,1.8666666666666412,148.593,1.2
False,,5329,2,2025-07-17 05:00:00+00:00,streak_reversal,148.396,0.0,0.0784,tp_sl,WIN,BUY,147.729,6.060606060606233,149.076,3.709
False,,5343,7,2025-07-17 08:30:00+00:00,sr_break_retest,148.684,0.0,0.0565,tp_sl,WIN,BUY,148.494,1.6594202898552932,148.879,1.016
False,,5352,1,2025-07-17 10:45:00+00:00,streak_reversal,148.646,0.0,0.0607,tp_sl,WIN,BUY,147.98,6.230529595015754,149.326,3.813
False,,5355,1,2025-07-17 11:30:00+00:00,intraday_seasonality,148.721,0.0,0.0607,tp_sl,WIN,BUY,148.48,2.258566978193217,148.968,1.382
False,,5358,1,2025-07-17 12:15:00+00:00,xs_momentum,148.796,0.0,0.0596,tp_sl,LOSS,BUY,148.616,1.6590214067276237,148.981,1.692201834862369
False,,5362,12,2025-07-17 13:15:00+00:00,dt_bb_rsi_mr,148.561,0.0,0.0421,tp_sl,LOSS,BUY,148.293,1.8008948545862087,148.835,1.8369127516777917
False,,5408,17,2025-07-18 00:45:00+00:00,session_time_bias,148.591,0.0,0.1203,tp_sl,WIN,BUY,148.333,2.432704402515774,148.875,1.608
False,,5427,6,2025-07-18 05:30:00+00:00,session_time_bias,148.77,0.0,0.0969,tp_sl,WIN,BUY,148.622,1.6573033707866063,148.947,1.193
False,1.928,5437,13,2025-07-18 08:00:00+00:00,sr_fib_confluence,148.674,0.0,0.0625,tp_sl,LOSS,BUY,148.484,1.8349358974358683,148.869,1.8716346153845749
True,,5452,1,2025-07-18 11:45:00+00:00,dt_bb_rsi_mr,148.51,0.0,0.0684,tp_sl,LOSS,BUY,148.416,0.9956140350877113,148.624,1.1947368421054332
False,,5455,2,2025-07-18 12:30:00+00:00,dt_sr_channel_reversal,148.386,0.0,0.0631,tp_sl,LOSS,BUY,148.209,1.723300970873599,148.568,1.757766990291253
False,,5459,5,2025-07-18 13:30:00+00:00,intraday_seasonality,148.368,0.0,0.0527,tp_sl,WIN,BUY,148.102,2.24089635854329,148.64,1.371
False,,5471,16,2025-07-18 16:30:00+00:00,london_fix_reversal,148.678,0.0,0.054,tp_sl,WIN,BUY,148.523,1.250000000000009,148.836,1.2750000000001516
False,,5503,1,2025-07-21 00:30:00+00:00,session_time_bias,148.415,0.0,0.0879,tp_sl,WIN,BUY,148.142,1.8839080459770232,148.708,1.212
False,,5506,13,2025-07-21 01:15:00+00:00,session_time_bias,148.448,0.0,0.0879,tp_sl,LOSS,BUY,148.092,2.452873563218277,148.84,2.703448275862041
False,,5522,4,2025-07-21 05:15:00+00:00,streak_reversal,148.312,0.0,0.0846,signal_reverse,LOSS,BUY,147.983,4.797,148.647,4.797
False,,5528,6,2025-07-21 06:45:00+00:00,vix_carry_unwind,147.926,0.0,0.0707,signal_reverse,WIN,SELL,148.291,2.9849726775957093,147.489,1.219
False,,5537,5,2025-07-21 09:00:00+00:00,sr_break_retest,147.883,0.0,0.0464,signal_reverse,WIN,SELL,148.059,1.250000000000081,147.705,0.179
False,,5544,4,2025-07-21 10:45:00+00:00,streak_reversal,147.763,0.0,0.056,signal_reverse,LOSS,BUY,147.368,2.897,148.167,2.897
False,,5550,3,2025-07-21 12:15:00+00:00,xs_momentum,147.395,0.0,0.052,tp_sl,LOSS,SELL,147.605,1.673333333333403,147.182,1.7067999999999302
False,,5555,1,2025-07-21 13:30:00+00:00,dt_sr_channel_reversal,147.633,0.0,0.051,signal_reverse,LOSS,BUY,147.449,2.257,147.821,2.257
False,,5560,4,2025-07-21 14:45:00+00:00,xs_momentum,147.42,0.0,0.0455,tp_sl,WIN,SELL,147.672,1.8297101449275197,147.162,1.8663043478261523
False,1.863,5566,8,2025-07-21 16:15:00+00:00,xs_momentum,147.113,0.0,0.05,tp_sl,LOSS,SELL,147.337,1.6666666666666354,146.886,1.7000000000000148
False,,5600,2,2025-07-22 00:45:00+00:00,session_time_bias,147.496,0.0,0.109,tp_sl,WIN,BUY,147.21,2.443589743589727,147.811,1.615
False,,5617,4,2025-07-22 05:00:00+00:00,sr_fib_confluence,147.662,0.0,0.0871,tp_sl,WIN,BUY,147.513,1.4983164983165709,147.813,1.5282828282827474
False,,5623,1,2025-07-22 06:30:00+00:00,streak_reversal,147.905,0.0,0.0871,tp_sl,WIN,SELL,148.17,2.676767676767539,147.635,1.638
False,,5628,4,2025-07-22 07:45:00+00:00,streak_reversal,147.718,0.0,0.0619,signal_reverse,LOSS,BUY,147.051,2.267,148.397,2.267
False,,5634,1,2025-07-22 09:15:00+00:00,sr_fib_confluence,147.569,0.0,0.058,tp_sl,WIN,SELL,147.766,1.7633928571430297,147.367,1.079
False,,5637,5,2025-07-22 10:00:00+00:00,sr_fib_confluence,147.404,0.0,0.058,tp_sl,WIN,SELL,147.598,1.7336309523808981,147.205,1.7683035714285262
False,,5644,2,2025-07-22 11:45:00+00:00,vol_spike_mr,147.202,0.0,0.056,signal_reverse,LOSS,BUY,147.057,1.267,147.35,1.267
False,,5648,2,2025-07-22 12:45:00+00:00,xs_momentum,146.797,0.0,0.0478,tp_sl,WIN,SELL,147.023,1.6666666666666137,146.565,1.02
False,,5652,1,2025-07-22 13:45:00+00:00,xs_momentum,146.568,0.0,0.0433,tp_sl,WIN,SELL,146.809,1.666666666666523,146.321,1.02
False,,5655,3,2025-07-22 14:30:00+00:00,xs_momentum,146.464,0.0,0.0418,tp_sl,WIN,SELL,146.715,1.6722222222222172,146.208,1.023
False,1.892,5660,16,2025-07-22 15:45:00+00:00,xs_momentum,146.357,0.0,0.0405,tp_sl,LOSS,SELL,146.615,1.666666666666618,146.093,1.6999999999999575
False,4.246,5694,7,2025-07-23 00:15:00+00:00,vix_carry_unwind,146.19,0.0,0.0741,tp_sl,LOSS,SELL,146.799,3.5381782945737767,145.501,4.005813953488497
False,,5713,1,2025-07-23 05:00:00+00:00,sr_fib_confluence,147.016,0.0,0.0454,tp_sl,WIN,BUY,146.736,1.469298245614045,147.3,0.899
False,,5718,3,2025-07-23 06:15:00+00:00,sr_fib_confluence,146.841,0.0,0.0452,signal_reverse,LOSS,BUY,146.554,0.781,147.133,0.781
False,,5723,7,2025-07-23 07:30:00+00:00,sr_fib_confluence,146.778,0.0,0.0346,tp_sl,WIN,SELL,147.093,1.6799645390072273,146.455,1.028
False,,5733,3,2025-07-23 10:00:00+00:00,sr_anti_hunt_bounce,146.376,0.0,0.0425,tp_sl,WIN,SELL,147.361,6.443355119825607,145.37,3.943
False,,5742,12,2025-07-23 12:15:00+00:00,streak_reversal,146.389,0.0,0.0425,tp_sl,WIN,SELL,147.056,4.357298474945658,145.709,2.667
False,,5756,13,2025-07-23 15:45:00+00:00,sr_fib_confluence,146.544,0.0,0.0376,tp_sl,WIN,SELL,146.799,1.5269461077844038,146.284,0.934
False,,5793,1,2025-07-24 01:00:00+00:00,vix_carry_unwind,146.081,0.0,0.0931,tp_sl,WIN,SELL,146.566,3.539416058394236,145.532,2.404
False,2.504,5814,9,2025-07-24 06:15:00+00:00,streak_reversal,146.211,0.0,0.0648,tp_sl,LOSS,SELL,146.489,2.0864661654135594,145.928,2.1281954887218264
False,,5826,12,2025-07-24 09:15:00+00:00,streak_reversal,146.597,0.0,0.0478,tp_sl,WIN,SELL,146.819,1.6360294117646808,146.37,1.001
False,,5840,3,2025-07-24 12:45:00+00:00,vol_spike_mr,146.791,0.0,0.0528,tp_sl,WIN,SELL,147.008,1.7682926829268386,146.569,1.8036585365852782
False,,5846,1,2025-07-24 14:15:00+00:00,dual_sr_bounce,146.596,0.0,0.0407,tp_sl,WIN,BUY,146.404,1.2499999999999705,146.793,1.27499999999997
False,1.829,5850,23,2025-07-24 15:15:00+00:00,dt_bb_rsi_mr,146.763,0.0,0.0387,tp_sl,LOSS,SELL,147.055,1.8055555555554923,146.464,1.841666666666662
False,,5888,1,2025-07-25 00:45:00+00:00,session_time_bias,147.221,0.0,0.1054,tp_sl,WIN,BUY,146.923,2.458953168044199,147.549,1.626
False,,5891,9,2025-07-25 01:30:00+00:00,session_time_bias,147.428,0.0,0.0996,tp_sl,LOSS,BUY,147.189,1.8666666666666831,147.684,2.0000000000000018
False,,5906,1,2025-07-25 05:15:00+00:00,session_time_bias,147.141,0.0,0.0829,tp_sl,LOSS,BUY,146.906,2.2516025641024293,147.422,2.701923076922861
False,,5909,1,2025-07-25 06:00:00+00:00,vol_spike_mr,146.951,0.0,0.0713,signal_reverse,LOSS,BUY,146.699,0.085,147.207,0.085
False,3.6,5912,4,2025-07-25 06:45:00+00:00,vix_carry_unwind,147.048,0.0,0.069,tp_sl,LOSS,SELL,147.423,3.0,146.598,3.599999999999909
False,,5918,2,2025-07-25 08:15:00+00:00,vol_spike_mr,147.728,0.0,0.0442,signal_reverse,LOSS,SELL,147.912,0.912,147.54,0.912
False,,5922,12,2025-07-25 09:15:00+00:00,intraday_seasonality,147.841,0.0,0.0464,tp_sl,LOSS,BUY,147.525,2.2619047619047348,148.165,2.3071428571429107
False,2.291,5936,4,2025-07-25 12:45:00+00:00,xs_momentum,147.861,0.0,0.0504,tp_sl,LOSS,BUY,147.572,2.241602067183627,148.156,2.286434108527132
False,,5942,14,2025-07-25 14:15:00+00:00,orb_trap,147.656,0.0,0.0405,tp_sl,WIN,BUY,147.41,1.5860215053763687,147.907,0.971
False,,5985,1,2025-07-28 01:00:00+00:00,session_time_bias,147.641,0.0,0.1288,tp_sl,WIN,BUY,147.455,1.8750841750844103,147.84,1.206
False,,5988,16,2025-07-28 01:45:00+00:00,session_time_bias,147.879,0.0,0.1203,tp_sl,WIN,BUY,147.621,2.432704402515774,148.163,1.608
False,,6010,1,2025-07-28 07:15:00+00:00,dual_sr_bounce,147.938,0.0,0.0542,tp_sl,WIN,BUY,147.787,1.2500000000000475,148.091,1.2750000000001669
False,,6015,12,2025-07-28 08:30:00+00:00,sr_break_retest,148.29,0.0,0.05,tp_sl,WIN,BUY,148.128,1.2499999999999563,148.456,0.765
False,1.26,6029,3,2025-07-28 12:00:00+00:00,vol_spike_mr,148.145,0.0,0.0504,tp_sl,LOSS,BUY,147.984,1.2532299741601685,148.31,1.2782945736433233
False,,6039,1,2025-07-28 14:30:00+00:00,streak_reversal,148.126,0.0,0.0472,tp_sl,WIN,BUY,147.85,2.080200501253164,148.408,1.273
False,,6045,16,2025-07-28 16:00:00+00:00,xs_momentum,148.495,0.0,0.0545,signal_reverse,WIN,BUY,148.29,1.6666666666667684,148.704,0.046
False,,6080,1,2025-07-29 00:45:00+00:00,session_time_bias,148.693,0.0,0.1301,tp_sl,LOSS,BUY,148.51,1.8666666666665697,148.889,1.9999999999999791
False,2.231,6084,1,2025-07-29 01:45:00+00:00,session_time_bias,148.605,0.0,0.109,tp_sl,LOSS,BUY,148.387,1.8595441595441882,148.838,1.9914529914530263
False,,6098,4,2025-07-29 05:15:00+00:00,streak_reversal,148.222,0.0,0.0763,tp_sl,WIN,BUY,147.555,5.89970501474943,148.902,3.611
False,,6109,7,2025-07-29 08:00:00+00:00,sr_fib_confluence,148.409,0.0,0.0489,tp_sl,WIN,BUY,148.188,1.6666666666668604,148.636,1.02
False,,6122,2,2025-07-29 11:15:00+00:00,sr_anti_hunt_bounce,148.599,0.0,0.058,tp_sl,WIN,BUY,147.649,8.482142857142755,149.568,5.191
False,,6132,1,2025-07-29 13:45:00+00:00,streak_reversal,148.57,0.0,0.0519,tp_sl,WIN,BUY,148.318,2.0867768595041136,148.828,1.277
False,,6136,7,2025-07-29 14:45:00+00:00,streak_reversal,148.485,0.0,0.0458,tp_sl,WIN,BUY,148.266,1.599756690997564,148.709,0.979
True,,6147,1,2025-07-29 17:30:00+00:00,dt_bb_rsi_mr,148.446,0.0,0.0597,tp_sl,WIN,BUY,148.36,0.6962365591399768,148.55,0.8354838709679723
True,,6155,1,2025-07-29 19:30:00+00:00,dt_bb_rsi_mr,148.423,0.0,0.0718,tp_sl,WIN,BUY,148.378,0.4417475728158497,148.478,0.5300970873788541
False,,6195,1,2025-07-30 05:30:00+00:00,streak_reversal,147.898,0.0,0.077,tp_sl,WIN,BUY,147.558,3.0357142857143162,148.244,1.858
False,,6200,1,2025-07-30 06:45:00+00:00,streak_reversal,147.907,0.0,0.0707,tp_sl,WIN,BUY,147.569,2.7663934426229977,148.251,1.693
False,,6203,4,2025-07-30 07:30:00+00:00,streak_reversal,148.032,0.0,0.05,signal_reverse,WIN,SELL,148.422,2.993589743589863,147.636,0.492
False,,6209,2,2025-07-30 09:00:00+00:00,streak_reversal,147.894,0.0,0.0533,signal_reverse,WIN,BUY,147.552,2.8073770491803374,148.244,1.123
False,2.733,6213,8,2025-07-30 10:00:00+00:00,streak_reversal,148.083,0.0,0.0551,tp_sl,LOSS,SELL,148.397,2.6624293785310607,147.762,2.715677966101884
False,,6223,1,2025-07-30 12:30:00+00:00,xs_momentum,148.704,0.0,0.0481,tp_sl,WIN,BUY,148.48,1.6666666666666246,148.934,1.6999999999998012
False,,6226,13,2025-07-30 13:15:00+00:00,xs_momentum,148.997,0.0,0.0455,tp_sl,WIN,BUY,148.767,1.6666666666667984,149.232,1.02
False,,6241,5,2025-07-30 17:00:00+00:00,streak_reversal,148.868,0.0,0.0673,tp_sl,WIN,BUY,148.429,3.9924242424242284,149.316,2.443
False,2.117,6271,3,2025-07-31 00:30:00+00:00,session_time_bias,149.378,0.0,0.117,tp_sl,LOSS,BUY,149.175,1.8590214067280049,149.595,1.9908256880735133
False,,6290,4,2025-07-31 05:15:00+00:00,sr_break_retest,148.907,0.0,0.0658,tp_sl,LOSS,BUY,148.689,1.660305343511459,149.128,1.6935114503815971
False,,6299,1,2025-07-31 07:30:00+00:00,tokyo_range_breakout_up,149.663,0.0,0.0355,tp_sl,LOSS,BUY,149.389,1.4981785063752628,149.943,1.5281420765027527
False,,6313,5,2025-07-31 11:00:00+00:00,streak_reversal,149.885,0.0,0.0428,tp_sl,WIN,BUY,149.219,4.385964912280826,150.565,2.684
False,,6320,2,2025-07-31 12:45:00+00:00,xs_momentum,150.198,0.0,0.0417,tp_sl,WIN,BUY,149.938,1.6666666666667906,150.464,1.7000000000001374
False,,6324,24,2025-07-31 13:45:00+00:00,xs_momentum,150.569,0.0,0.04,signal_reverse,WIN,BUY,150.217,2.245222929936255,150.929,1.111
False,,6368,2,2025-08-01 00:45:00+00:00,session_time_bias,150.746,0.0,0.1149,tp_sl,WIN,BUY,150.538,1.8741741741741698,150.969,1.205
False,2.157,6372,4,2025-08-01 01:45:00+00:00,session_time_bias,150.92,0.0,0.1012,tp_sl,LOSS,BUY,150.684,1.8732804232803526,151.173,2.007936507936396
False,,6387,2,2025-08-01 05:30:00+00:00,streak_reversal,150.467,0.0,0.088,tp_sl,WIN,BUY,149.8,6.802721088435277,151.147,4.163
False,2.288,6393,13,2025-08-01 07:00:00+00:00,intraday_seasonality,150.582,0.0,0.0657,tp_sl,LOSS,BUY,150.359,2.255892255892214,150.81,2.301010101010121
True,,6408,3,2025-08-01 10:45:00+00:00,dt_bb_rsi_mr,150.365,0.0,0.065,tp_sl,WIN,BUY,150.266,0.9999999999999432,150.486,1.2000000000000455
False,2.041,6416,1,2025-08-01 12:45:00+00:00,vol_spike_mr,148.637,0.0,0.0283,tp_sl,LOSS,BUY,148.238,1.7355072463768395,149.045,1.7702173913043542
False,,6425,17,2025-08-01 15:00:00+00:00,xs_momentum,148.052,0.0,0.0225,tp_sl,WIN,SELL,148.678,2.2461170848267566,147.413,2.291039426523357
False,,6481,4,2025-08-04 05:00:00+00:00,session_time_bias,147.701,0.0,0.0725,tp_sl,WIN,BUY,147.432,2.2549019607844127,148.023,1.624
False,,6488,1,2025-08-04 06:45:00+00:00,dual_sr_bounce,147.649,0.0,0.0669,tp_sl,WIN,BUY,147.484,1.279069767442019,147.817,1.3046511627908242
False,1.5,6491,6,2025-08-04 07:30:00+00:00,tokyo_range_breakout_up,148.001,0.0,0.0458,tp_sl,LOSS,BUY,147.824,1.249999999999864,148.183,1.2749999999999935
False,,6499,4,2025-08-04 09:30:00+00:00,streak_reversal,147.706,0.0,0.0485,tp_sl,WIN,BUY,147.04,4.975124378109382,148.386,3.045
False,,6506,3,2025-08-04 11:15:00+00:00,streak_reversal,147.483,0.0,0.0489,signal_reverse,LOSS,BUY,146.954,2.451,148.023,2.451
False,,6513,1,2025-08-04 13:00:00+00:00,xs_momentum,146.976,0.0,0.04,tp_sl,LOSS,SELL,147.238,1.6719745222929212,146.708,1.7054140127388955
False,,6516,1,2025-08-04 13:45:00+00:00,xs_momentum,147.079,0.0,0.0376,tp_sl,WIN,SELL,147.357,1.6666666666666825,146.795,1.02
False,,6521,1,2025-08-04 15:00:00+00:00,streak_reversal,147.294,0.0,0.0339,tp_sl,WIN,SELL,147.96,3.6036036036037062,146.614,2.205
False,,6524,18,2025-08-04 15:45:00+00:00,xs_momentum,147.087,0.0,0.0351,tp_sl,WIN,SELL,147.384,1.6620111731844338,146.783,1.017
False,,6579,2,2025-08-05 05:30:00+00:00,streak_reversal,147.194,0.0,0.0791,tp_sl,WIN,SELL,147.389,1.781345565748919,146.996,1.09
False,1.708,6585,2,2025-08-05 07:00:00+00:00,intraday_seasonality,147.184,0.0,0.0551,tp_sl,LOSS,SELL,147.38,1.6666666666665961,146.983,1.6999999999998316
False,,6590,24,2025-08-05 08:15:00+00:00,streak_reversal,147.439,0.0,0.0556,tp_sl,LOSS,SELL,148.105,5.6980056980058595,146.758,5.81196581196587
False,,6616,2,2025-08-05 14:45:00+00:00,vix_carry_unwind,147.439,0.0,0.0397,tp_sl,WIN,SELL,147.911,2.9905063291139022,146.872,2.153
False,,6625,13,2025-08-05 17:00:00+00:00,streak_reversal,147.542,0.0,0.0556,tp_sl,LOSS,SELL,148.168,4.7117794486215425,146.902,4.8060150375941095
False,,6656,4,2025-08-06 00:45:00+00:00,session_time_bias,147.594,0.0,0.1371,tp_sl,WIN,BUY,147.365,2.4580645161290335,147.846,1.626
False,1.454,6677,2,2025-08-06 06:00:00+00:00,dual_sr_bounce,147.409,0.0,0.0898,tp_sl,LOSS,SELL,147.529,1.2500000000000473,147.287,1.274999999999989
False,,6681,4,2025-08-06 07:00:00+00:00,streak_reversal,147.63,0.0,0.0684,tp_sl,WIN,SELL,147.88,2.6315789473684212,147.375,1.611
True,,6687,1,2025-08-06 08:30:00+00:00,dt_bb_rsi_mr,147.735,0.0,0.0637,tp_sl,LOSS,SELL,147.837,1.000000000000038,147.612,1.1999999999999897
False,,6690,3,2025-08-06 09:15:00+00:00,dt_bb_rsi_mr,147.773,0.0,0.0657,tp_sl,WIN,SELL,147.949,1.7845117845115968,147.592,1.092
False,,6697,12,2025-08-06 11:00:00+00:00,streak_reversal,147.569,0.0,0.0631,signal_reverse,LOSS,BUY,147.225,2.825,147.919,2.825
False,,6713,1,2025-08-06 15:00:00+00:00,xs_momentum,147.247,0.0,0.0536,tp_sl,LOSS,SELL,147.442,1.6666666666666083,147.048,1.6999999999998336
False,,6716,10,2025-08-06 15:45:00+00:00,london_fix_reversal,147.246,0.0,0.0451,tp_sl,WIN,SELL,147.499,1.822541966426632,146.987,1.8589928057551524
True,,6753,3,2025-08-07 01:00:00+00:00,dt_bb_rsi_mr,147.559,0.0,0.1118,tp_sl,WIN,SELL,147.673,1.000000000000038,147.422,0.72
False,3.978,6769,6,2025-08-07 05:00:00+00:00,streak_reversal,147.281,0.0,0.0806,tp_sl,LOSS,BUY,146.891,3.637071651090488,147.678,3.709813084112186
False,,6781,12,2025-08-07 08:00:00+00:00,vix_carry_unwind,146.985,0.0,0.0485,tp_sl,LOSS,SELL,147.433,3.3457711442787454,146.447,4.0149253731344094
False,,6795,2,2025-08-07 11:30:00+00:00,ema200_trend_reversal,147.404,0.0,0.0516,tp_sl,WIN,SELL,147.593,1.5013227513227392,147.211,1.531349206349176
False,,6799,5,2025-08-07 12:30:00+00:00,dual_sr_bounce,147.228,0.0,0.0468,tp_sl,WIN,BUY,147.055,1.2499999999998854,147.406,1.2749999999999486
False,,6808,14,2025-08-07 14:45:00+00:00,streak_reversal,147.486,0.0,0.0392,tp_sl,WIN,SELL,147.802,1.9739583333333144,147.164,1.208
True,,6852,5,2025-08-08 01:45:00+00:00,dt_sr_channel_reversal,147.272,0.0,0.0988,tp_sl,WIN,SELL,147.401,0.9999999999999277,147.117,0.72
False,,6867,2,2025-08-08 05:30:00+00:00,streak_reversal,147.354,0.0,0.0863,tp_sl,WIN,SELL,147.822,4.675000000000011,146.878,2.861
False,,6874,2,2025-08-08 07:15:00+00:00,ema200_trend_reversal,147.294,0.0,0.0575,tp_sl,WIN,SELL,147.494,1.769911504424678,147.091,1.083
False,2.157,6878,1,2025-08-08 08:15:00+00:00,ema200_trend_reversal,147.288,0.0,0.0537,tp_sl,LOSS,SELL,147.505,1.7975206611570342,147.066,1.8334710743800762
True,,6881,3,2025-08-08 09:00:00+00:00,dt_bb_rsi_mr,147.582,0.0,0.0485,tp_sl,LOSS,SELL,147.715,0.9999999999998964,147.421,1.1999999999999607
False,,6896,10,2025-08-08 12:45:00+00:00,xs_momentum,147.846,0.0,0.0551,tp_sl,LOSS,BUY,147.65,1.6666666666665961,148.047,1.6999999999998316
False,,6908,2,2025-08-08 15:45:00+00:00,london_fix_reversal,147.711,0.0,0.0541,tp_sl,WIN,BUY,147.566,1.2500000000000882,147.859,0.765
False,,6912,12,2025-08-08 16:45:00+00:00,london_fix_reversal,147.743,0.0,0.0615,tp_sl,LOSS,BUY,147.606,1.249999999999906,147.882,1.2749999999998887
False,,6942,5,2025-08-11 00:30:00+00:00,session_time_bias,147.724,0.0,0.1417,tp_sl,LOSS,BUY,147.556,1.8666666666667375,147.904,2.000000000000076
False,,6960,7,2025-08-11 05:00:00+00:00,session_time_bias,147.516,0.0,0.125,tp_sl,WIN,BUY,147.4,1.6787439613523658,147.655,2.014492753622921
False,2.0,6969,1,2025-08-11 07:15:00+00:00,intraday_seasonality,147.584,0.0,0.0985,tp_sl,LOSS,BUY,147.474,1.6666666666668732,147.697,1.7000000000000213
True,,6973,1,2025-08-11 08:15:00+00:00,dt_bb_rsi_mr,147.415,0.0,0.0813,tp_sl,WIN,BUY,147.353,0.7760416666670267,147.49,0.931250000000361
False,,6980,4,2025-08-11 10:00:00+00:00,sr_anti_hunt_bounce,147.719,0.0,0.0823,tp_sl,WIN,BUY,146.814,11.4662447257384,148.643,7.017
False,,6988,7,2025-08-11 12:00:00+00:00,xs_momentum,147.92,0.0,0.0774,tp_sl,WIN,BUY,147.781,1.6567460317462166,148.062,1.014
False,,6997,3,2025-08-11 14:15:00+00:00,xs_momentum,148.016,0.0,0.0675,tp_sl,WIN,BUY,147.861,1.666666666666679,148.174,1.02
False,,7003,10,2025-08-11 15:45:00+00:00,xs_momentum,148.004,0.0,0.0668,tp_sl,WIN,BUY,147.848,1.6578014184397203,148.163,1.015
False,,7038,16,2025-08-12 00:30:00+00:00,session_time_bias,148.35,0.0,0.1614,tp_sl,WIN,BUY,148.203,1.856118143460012,148.507,1.192
False,,7056,3,2025-08-12 05:00:00+00:00,streak_reversal,148.333,0.0,0.1092,tp_sl,WIN,BUY,148.168,2.088607594936608,148.501,1.278
False,2.511,7062,7,2025-08-12 06:30:00+00:00,dual_sr_bounce,148.184,0.0,0.0958,tp_sl,LOSS,SELL,148.373,2.092592592592584,147.992,2.1344444444445623
False,,7083,1,2025-08-12 11:45:00+00:00,streak_reversal,148.451,0.0,0.0929,tp_sl,WIN,BUY,148.119,4.750000000000146,148.791,2.907
False,,7087,1,2025-08-12 12:45:00+00:00,streak_reversal,148.037,0.0,0.0533,tp_sl,WIN,BUY,147.607,3.5314207650273723,148.477,2.161
False,4.038,7092,5,2025-08-12 14:00:00+00:00,liquidity_sweep,148.338,0.0,0.0343,tp_sl,LOSS,BUY,147.722,3.3652094717668946,148.966,3.4325136612022136
False,,7099,19,2025-08-12 15:45:00+00:00,london_fix_reversal,147.812,0.0,0.0303,tp_sl,LOSS,BUY,147.482,1.5942028985507852,148.149,1.6260869565217597
False,,7135,1,2025-08-13 00:45:00+00:00,session_time_bias,147.811,0.0,0.1449,tp_sl,WIN,BUY,147.646,1.8666666666666227,147.987,1.2
False,,7139,2,2025-08-13 01:45:00+00:00,session_time_bias,148.068,0.0,0.1328,tp_sl,WIN,BUY,147.833,2.4482638888887465,148.327,1.619
False,,7152,4,2025-08-13 05:00:00+00:00,sr_fib_confluence,147.967,0.0,0.0938,tp_sl,LOSS,BUY,147.817,1.621376811594273,148.119,1.6538043478261522
False,,7158,5,2025-08-13 06:30:00+00:00,streak_reversal,147.772,0.0,0.0948,signal_reverse,LOSS,BUY,147.322,3.728,148.23,3.728
False,,7166,8,2025-08-13 08:30:00+00:00,streak_reversal,147.347,0.0,0.0619,signal_reverse,WIN,BUY,146.791,5.301587301587352,147.915,0.476
False,,7176,2,2025-08-13 11:00:00+00:00,streak_reversal,147.48,0.0,0.0684,tp_sl,WIN,SELL,147.888,4.298245614035068,147.063,2.631
False,,7180,1,2025-08-13 12:00:00+00:00,xs_momentum,147.233,0.0,0.0613,tp_sl,LOSS,SELL,147.409,1.6666666666664915,147.052,1.699999999999859
False,,7183,3,2025-08-13 12:45:00+00:00,streak_reversal,147.395,0.0,0.0575,tp_sl,WIN,SELL,147.772,3.3333333333333197,147.011,2.04
False,,7189,1,2025-08-13 14:15:00+00:00,streak_reversal,147.156,0.0,0.0536,signal_reverse,LOSS,BUY,146.861,0.141,147.457,0.141
False,1.696,7194,8,2025-08-13 15:30:00+00:00,xs_momentum,147.2,0.0,0.0565,tp_sl,LOSS,SELL,147.385,1.6666666666666872,147.011,1.7000000000001028
True,,7208,4,2025-08-13 19:00:00+00:00,dt_sr_channel_reversal,147.456,0.0,0.0871,tp_sl,WIN,SELL,147.541,1.0000000000000935,147.354,1.2000000000000455
False,,7228,1,2025-08-14 00:00:00+00:00,vix_carry_unwind,146.871,0.0,0.1466,tp_sl,WIN,SELL,147.179,3.533333333333348,146.523,2.4
False,,7231,1,2025-08-14 00:45:00+00:00,vix_carry_unwind,146.675,0.0,0.1342,tp_sl,WIN,SELL,147.011,3.533333333333351,146.295,2.4
False,,7235,13,2025-08-14 01:45:00+00:00,vix_carry_unwind,146.483,0.0,0.109,tp_sl,WIN,SELL,146.896,3.5262108262107965,146.016,2.395
False,,7259,3,2025-08-14 07:45:00+00:00,streak_reversal,146.543,0.0,0.0464,tp_sl,WIN,SELL,147.209,4.761904761904897,145.863,2.914
False,1.839,7264,13,2025-08-14 09:00:00+00:00,dual_sr_bounce,146.488,0.0,0.0474,tp_sl,LOSS,SELL,146.698,1.532846715328525,146.273,1.563503649635075
False,1.991,7279,1,2025-08-14 12:45:00+00:00,vol_spike_mr,146.94,0.0,0.0387,tp_sl,LOSS,SELL,147.236,1.7658730158731015,146.637,1.80119047619055
False,,7282,10,2025-08-14 13:30:00+00:00,streak_reversal,147.362,0.0,0.0359,tp_sl,LOSS,SELL,147.858,2.8380952380952555,146.855,2.894857142857096
False,,7295,12,2025-08-14 16:45:00+00:00,xs_momentum,147.855,0.0,0.0482,signal_reverse,LOSS,BUY,147.622,0.787,148.092,0.787
False,,7352,2,2025-08-15 07:00:00+00:00,sr_fib_confluence,147.066,0.0,0.067,tp_sl,WIN,SELL,147.241,1.8041237113403232,146.887,1.104
False,,7364,9,2025-08-15 10:00:00+00:00,streak_reversal,146.881,0.0,0.0637,tp_sl,WIN,SELL,147.442,5.506535947712426,146.308,3.37
False,3.118,7375,17,2025-08-15 12:45:00+00:00,vix_carry_unwind,146.877,0.0,0.0496,tp_sl,LOSS,SELL,147.271,3.0089058524173864,146.404,3.610687022900864
True,,7394,17,2025-08-15 17:30:00+00:00,dt_bb_rsi_mr,147.248,0.0,0.0655,tp_sl,WIN,SELL,147.361,0.9999999999999959,147.112,1.2000000000000957
False,,7440,5,2025-08-18 05:00:00+00:00,session_time_bias,147.399,0.0,0.0908,signal_reverse,WIN,BUY,147.24,1.6666666666666468,147.589,0.597
False,,7448,3,2025-08-18 07:00:00+00:00,vix_carry_unwind,147.136,0.0,0.058,tp_sl,LOSS,SELL,147.507,3.318452380952408,146.69,3.982142857142839
False,,7454,11,2025-08-18 08:30:00+00:00,streak_reversal,147.319,0.0,0.0524,tp_sl,WIN,BUY,146.653,5.376344086021658,147.999,3.29
False,2.575,7468,3,2025-08-18 12:00:00+00:00,streak_reversal,147.581,0.0,0.065,tp_sl,LOSS,SELL,147.819,2.3833333333334394,147.337,2.430999999999983
False,,7473,2,2025-08-18 13:15:00+00:00,dt_bb_rsi_mr,147.837,0.0,0.0621,tp_sl,WIN,SELL,148.02,1.8151815181518527,147.65,1.111
False,,7477,1,2025-08-18 14:15:00+00:00,streak_reversal,147.734,0.0,0.0586,tp_sl,WIN,BUY,147.232,4.6962616822429695,148.247,2.874
False,,7482,21,2025-08-18 15:30:00+00:00,streak_reversal,147.787,0.0,0.056,tp_sl,WIN,BUY,147.326,4.114583333333398,148.257,2.518
False,,7518,1,2025-08-19 00:30:00+00:00,session_time_bias,147.856,0.0,0.1635,tp_sl,LOSS,BUY,147.709,1.8773504273504398,148.013,2.01282051282065
False,2.085,7521,1,2025-08-19 01:15:00+00:00,session_time_bias,147.937,0.0,0.1401,tp_sl,LOSS,BUY,147.766,1.8758241758239815,148.12,2.010989010988931
False,,7537,15,2025-08-19 05:15:00+00:00,streak_reversal,147.719,0.0,0.0846,tp_sl,WIN,BUY,147.139,5.678104575163251,148.309,3.475
False,,7571,4,2025-08-19 13:45:00+00:00,streak_reversal,147.652,0.0,0.0598,tp_sl,WIN,BUY,147.161,4.682539682539755,148.154,2.866
True,0.845,7581,2,2025-08-19 16:15:00+00:00,dt_bb_rsi_mr,147.633,0.0,0.062,tp_sl,LOSS,BUY,147.557,0.7044753086418083,147.724,0.8453703703702752
True,,7585,2,2025-08-19 17:15:00+00:00,dt_sr_channel_reversal,147.572,0.0,0.0679,tp_sl,LOSS,BUY,147.474,0.8990825688074604,147.69,1.0788990825689004
True,,7589,6,2025-08-19 18:15:00+00:00,dt_sr_channel_reversal,147.505,0.0,0.074,tp_sl,WIN,BUY,147.405,0.9999999999999432,147.625,1.2000000000000455
False,2.228,7614,1,2025-08-20 00:30:00+00:00,session_time_bias,147.808,0.0,0.15,tp_sl,LOSS,BUY,147.65,1.8568627450981559,147.977,1.9882352941177779
False,2.419,7617,18,2025-08-20 01:15:00+00:00,session_time_bias,147.583,0.0,0.1203,tp_sl,LOSS,BUY,147.369,2.0160377358489496,147.814,2.1792452830188167
False,2.709,7637,4,2025-08-20 06:15:00+00:00,intraday_seasonality,147.218,0.0,0.0837,tp_sl,LOSS,SELL,147.451,2.257281553397937,146.981,2.3024271844658792
False,,7643,1,2025-08-20 07:45:00+00:00,streak_reversal,147.615,0.0,0.058,signal_reverse,WIN,SELL,147.889,2.4479166666664702,147.335,0.277
False,,7646,7,2025-08-20 08:30:00+00:00,sr_fib_confluence,147.565,0.0,0.0596,tp_sl,LOSS,BUY,147.38,1.7048929663608703,147.755,1.738990825688046
False,,7657,2,2025-08-20 11:15:00+00:00,streak_reversal,147.5,0.0,0.0699,tp_sl,WIN,SELL,147.937,4.7043010752685115,147.053,2.879
False,,7663,1,2025-08-20 12:45:00+00:00,vol_spike_mr,147.283,0.0,0.0619,tp_sl,WIN,BUY,147.152,1.2499999999999458,147.417,1.274999999999896
False,,7667,3,2025-08-20 13:45:00+00:00,xs_momentum,147.139,0.0,0.051,tp_sl,WIN,SELL,147.343,1.659891598915866,146.93,1.693089430894248
False,,7674,9,2025-08-20 15:30:00+00:00,streak_reversal,147.146,0.0,0.0498,tp_sl,WIN,SELL,147.527,3.029100529100481,146.756,1.854
False,1.712,7731,2,2025-08-21 05:45:00+00:00,ema200_trend_reversal,147.415,0.0,0.098,tp_sl,LOSS,SELL,147.555,1.5814393939395706,147.273,1.613068181818278
True,,7735,8,2025-08-21 06:45:00+00:00,dt_bb_rsi_mr,147.55,0.0,0.0908,tp_sl,WIN,SELL,147.645,0.999999999999988,147.436,0.72
False,,7746,3,2025-08-21 09:30:00+00:00,intraday_seasonality,147.7,0.0,0.0707,tp_sl,WIN,BUY,147.493,2.2463768115940135,147.91,1.375
False,,7752,11,2025-08-21 11:00:00+00:00,sr_anti_hunt_bounce,147.88,0.0,0.073,tp_sl,WIN,BUY,146.961,10.32771535580543,148.818,6.321
False,,7765,2,2025-08-21 14:15:00+00:00,xs_momentum,148.129,0.0,0.0494,tp_sl,WIN,BUY,147.918,1.6601049868764732,148.344,1.6933070866141013
False,,7770,12,2025-08-21 15:30:00+00:00,xs_momentum,148.301,0.0,0.0445,tp_sl,LOSS,BUY,147.983,2.2576832151299864,148.626,2.302836879432675
False,,7806,2,2025-08-22 00:30:00+00:00,session_time_bias,148.453,0.0,0.1417,tp_sl,WIN,BUY,148.285,1.8666666666667375,148.633,1.2
False,,7811,7,2025-08-22 01:45:00+00:00,session_time_bias,148.557,0.0,0.1262,tp_sl,WIN,BUY,148.368,1.8666666666667249,148.759,1.2
False,,7826,1,2025-08-22 05:30:00+00:00,streak_reversal,148.621,0.0,0.0991,tp_sl,WIN,BUY,148.334,3.295019157088066,148.913,2.017
False,,7830,2,2025-08-22 06:30:00+00:00,streak_reversal,148.444,0.0,0.0898,tp_sl,WIN,BUY,148.244,2.074652777777667,148.647,1.27
False,,7838,6,2025-08-22 08:30:00+00:00,streak_reversal,148.577,0.0,0.0722,tp_sl,WIN,BUY,148.343,2.601851851851696,148.816,1.592
False,2.006,7846,9,2025-08-22 10:30:00+00:00,sr_break_retest,148.702,0.0,0.0823,tp_sl,LOSS,BUY,148.57,1.6772151898733314,148.838,1.710759493670654
False,,7858,1,2025-08-22 13:30:00+00:00,dual_sr_bounce,148.538,0.0,0.0697,tp_sl,WIN,SELL,148.753,2.388888888888927,148.318,2.436666666666712
False,1.773,7861,2,2025-08-22 14:15:00+00:00,vol_spike_mr,147.065,0.0,0.0309,tp_sl,LOSS,BUY,146.765,1.4778325123153269,147.371,1.5073891625616334
False,,7865,5,2025-08-22 15:15:00+00:00,streak_reversal,146.671,0.0,0.03,tp_sl,WIN,BUY,146.046,2.9904306220095696,147.309,1.83
False,,7872,8,2025-08-22 17:00:00+00:00,streak_reversal,146.645,0.0,0.043,tp_sl,WIN,BUY,145.993,3.793604651162811,147.311,2.322
False,,7920,2,2025-08-25 05:15:00+00:00,vol_spike_mr,147.331,0.0,0.0969,tp_sl,WIN,SELL,147.443,1.2546816479402112,147.217,1.2797752808988878
False,2.496,7925,4,2025-08-25 06:30:00+00:00,ema_cross,147.091,0.0,0.0898,tp_sl,LOSS,SELL,147.301,2.187500000000083,146.877,2.231250000000055
False,,7940,8,2025-08-25 10:15:00+00:00,streak_reversal,147.415,0.0,0.0707,tp_sl,WIN,SELL,147.748,3.6231884057972046,147.075,2.217
False,3.838,7957,15,2025-08-25 14:30:00+00:00,streak_reversal,147.428,0.0,0.069,tp_sl,LOSS,SELL,147.744,3.4706959706959375,147.106,3.540109890109819
False,,7998,1,2025-08-26 00:45:00+00:00,session_time_bias,147.121,0.0,0.0861,tp_sl,WIN,BUY,146.759,2.4409909909909833,147.519,1.614
False,,8001,3,2025-08-26 01:30:00+00:00,session_time_bias,147.36,0.0,0.0867,tp_sl,WIN,BUY,147.077,1.9233560090703399,147.664,1.241
False,,8016,2,2025-08-26 05:15:00+00:00,dt_bb_rsi_mr,147.809,0.0,0.0757,tp_sl,WIN,SELL,148.015,1.8055555555554093,147.599,1.105
False,,8020,1,2025-08-26 06:15:00+00:00,streak_reversal,147.756,0.0,0.0757,tp_sl,WIN,SELL,148.423,5.847953216374186,147.076,3.579
False,,8028,10,2025-08-26 08:15:00+00:00,streak_reversal,147.565,0.0,0.0508,tp_sl,WIN,BUY,147.291,2.1484374999998224,147.846,1.315
True,,8042,1,2025-08-26 11:45:00+00:00,dt_bb_rsi_mr,147.462,0.0,0.0613,tp_sl,LOSS,BUY,147.358,0.9866352201259614,147.588,1.1839622641511
True,,8045,1,2025-08-26 12:30:00+00:00,dt_sr_channel_reversal,147.484,0.0,0.0586,tp_sl,WIN,BUY,147.438,0.4166666666665438,147.54,0.4999999999999549
False,,8050,1,2025-08-26 13:45:00+00:00,ema200_trend_reversal,147.535,0.0,0.0576,tp_sl,LOSS,SELL,147.674,1.2767584097860754,147.393,1.302293577981729
False,,8053,1,2025-08-26 14:30:00+00:00,ema200_trend_reversal,147.576,0.0,0.0519,tp_sl,WIN,SELL,147.75,1.4393939393940396,147.398,1.4681818181818171
False,1.817,8064,2,2025-08-26 17:15:00+00:00,xs_momentum,147.306,0.0,0.0692,tp_sl,LOSS,SELL,147.485,1.674454828660507,147.123,1.7079439252336321
True,1.137,8095,3,2025-08-27 01:00:00+00:00,dt_bb_rsi_mr,147.556,0.0,0.1314,tp_sl,LOSS,SELL,147.648,0.9471649484534793,147.446,1.1365979381441165
False,,8113,11,2025-08-27 05:30:00+00:00,streak_reversal,147.877,0.0,0.112,tp_sl,WIN,BUY,147.435,5.735930735930687,148.327,3.51
False,,8127,2,2025-08-27 09:00:00+00:00,post_news_vol,147.944,0.0,0.0722,tp_sl,WIN,BUY,147.664,3.111111111111124,148.23,1.904
False,2.01,8140,9,2025-08-27 12:15:00+00:00,xs_momentum,148.084,0.0,0.0663,tp_sl,LOSS,BUY,147.92,1.6751700680271373,148.252,1.7086734693877788
True,1.2,8152,4,2025-08-27 15:15:00+00:00,dt_bb_rsi_mr,147.734,0.0,0.056,tp_sl,LOSS,BUY,147.622,0.9999999999999533,147.869,1.1999999999999946
False,,8158,4,2025-08-27 16:45:00+00:00,vol_spike_mr,147.367,0.0,0.0588,tp_sl,WIN,BUY,147.196,1.4985380116960394,147.541,0.917
False,,8213,4,2025-08-28 06:30:00+00:00,streak_reversal,147.251,0.0,0.0854,tp_sl,WIN,SELL,147.612,3.5726072607259187,146.883,2.186
False,,8220,3,2025-08-28 08:15:00+00:00,dual_sr_bounce,147.357,0.0,0.0591,tp_sl,LOSS,BUY,147.092,2.4090909090910433,147.628,2.457272727272911
False,,8235,1,2025-08-28 12:00:00+00:00,xs_momentum,146.879,0.0,0.0625,tp_sl,LOSS,SELL,147.114,2.2676282051280556,146.638,2.3129807692306223
False,,8238,2,2025-08-28 12:45:00+00:00,sr_fib_confluence,147.093,0.0,0.05,signal_reverse,LOSS,SELL,147.327,0.731,146.854,0.731
False,,8244,10,2025-08-28 14:15:00+00:00,xs_momentum,146.918,0.0,0.0461,tp_sl,WIN,SELL,147.144,1.6666666666668226,146.687,1.7000000000002176
False,,8258,13,2025-08-28 17:45:00+00:00,streak_reversal,146.798,0.0,0.0661,tp_sl,WIN,SELL,147.032,2.090773809523684,146.559,1.28
True,,8289,1,2025-08-29 01:30:00+00:00,dt_bb_rsi_mr,146.993,0.0,0.1099,tp_sl,WIN,SELL,147.058,0.5621408045975573,146.915,0.6745689655172159
False,,8305,13,2025-08-29 05:30:00+00:00,streak_reversal,146.987,0.0,0.0969,tp_sl,WIN,SELL,147.532,6.114232209738016,146.432,3.742
False,,8323,9,2025-08-29 10:00:00+00:00,intraday_seasonality,147.151,0.0,0.0699,tp_sl,LOSS,SELL,147.361,2.2580645161291177,146.936,2.3032258064516697
False,,8334,1,2025-08-29 12:45:00+00:00,vol_spike_mr,147.309,0.0,0.0684,tp_sl,WIN,SELL,147.483,1.833333333333461,147.131,1.122
False,,8340,1,2025-08-29 14:15:00+00:00,sr_fib_confluence,146.987,0.0,0.057,tp_sl,WIN,SELL,147.228,2.196969696969766,146.74,1.345
False,,8345,20,2025-08-29 15:30:00+00:00,xs_momentum,146.863,0.0,0.0532,tp_sl,LOSS,SELL,147.059,1.659604519773947,146.663,1.6927966101694454
False,,8383,2,2025-09-01 01:00:00+00:00,session_time_bias,147.278,0.0,0.1678,tp_sl,WIN,BUY,147.092,2.447807017543593,147.483,1.618
False,,8399,3,2025-09-01 05:00:00+00:00,sr_fib_confluence,147.001,0.0,0.0938,tp_sl,WIN,SELL,147.183,1.974637681159478,146.816,1.208
False,,8407,8,2025-09-01 07:00:00+00:00,sr_fib_confluence,147.069,0.0,0.065,tp_sl,WIN,SELL,147.225,1.5666666666666629,146.909,0.959
False,1.629,8420,8,2025-09-01 10:15:00+00:00,ema200_trend_reversal,147.055,0.0,0.0644,tp_sl,LOSS,SELL,147.2,1.4356435643565368,146.907,1.464356435643493
True,,8430,4,2025-09-01 12:45:00+00:00,dt_bb_rsi_mr,147.195,0.0,0.0823,tp_sl,LOSS,SELL,147.267,0.9229957805909571,147.107,1.1075949367089326
False,,8437,20,2025-09-01 14:30:00+00:00,xs_momentum,147.279,0.0,0.086,tp_sl,LOSS,BUY,147.158,1.6666666666667083,147.403,1.6999999999999802
False,,8463,1,2025-09-01 21:00:00+00:00,vix_carry_unwind,147.179,0.0,0.22,tp_sl,WIN,SELL,147.355,3.5166666666663104,146.98,2.388
False,,8466,5,2025-09-01 21:45:00+00:00,vix_carry_unwind,147.169,0.0,0.1746,tp_sl,WIN,SELL,147.391,3.520105820105831,146.918,2.39
False,,8477,3,2025-09-02 00:30:00+00:00,session_time_bias,147.347,0.0,0.1848,tp_sl,WIN,BUY,147.218,1.866666666666847,147.485,2.0000000000000755
False,,8482,1,2025-09-02 01:45:00+00:00,session_time_bias,147.557,0.0,0.1226,tp_sl,WIN,BUY,147.362,1.874679487179411,147.766,1.206
False,,8495,3,2025-09-02 05:00:00+00:00,session_time_bias,147.788,0.0,0.0871,tp_sl,WIN,BUY,147.623,1.6666666666668732,147.986,2.0000000000000755
False,,8500,2,2025-09-02 06:15:00+00:00,streak_reversal,147.974,0.0,0.0854,signal_reverse,LOSS,SELL,148.599,2.814,147.338,2.814
False,,8504,1,2025-09-02 07:15:00+00:00,vol_spike_mr,148.424,0.0,0.0504,signal_reverse,LOSS,SELL,148.647,1.845,148.196,1.845
False,,8509,2,2025-09-02 08:30:00+00:00,streak_reversal,148.334,0.0,0.0389,tp_sl,WIN,BUY,147.986,2.085828343313348,148.69,1.277
False,,8519,3,2025-09-02 11:00:00+00:00,streak_reversal,148.593,0.0,0.0419,tp_sl,WIN,BUY,147.988,3.89784946236553,149.209,2.385
False,1.761,8524,3,2025-09-02 12:15:00+00:00,xs_momentum,148.821,0.0,0.0425,tp_sl,LOSS,BUY,148.566,1.6666666666668228,149.082,1.700000000000148
False,,8529,2,2025-09-02 13:30:00+00:00,streak_reversal,148.384,0.0,0.0387,tp_sl,LOSS,BUY,148.046,2.088477366254999,148.729,2.130246913580085
False,,8535,14,2025-09-02 15:00:00+00:00,dt_fib_reversal,148.216,0.0,0.0359,tp_sl,WIN,BUY,147.908,1.7619047619047836,148.531,1.7971428571429118
False,,8573,2,2025-09-03 00:30:00+00:00,session_time_bias,148.696,0.0,0.1386,tp_sl,WIN,BUY,148.525,1.8576086956520539,148.879,1.193
False,,8591,7,2025-09-03 05:00:00+00:00,session_time_bias,148.642,0.0,0.0863,tp_sl,WIN,BUY,148.417,2.249999999999943,148.912,1.62
False,1.527,8600,1,2025-09-03 07:15:00+00:00,tokyo_range_breakout_up,148.968,0.0,0.0496,tp_sl,LOSS,BUY,148.802,1.2722646310434016,149.138,1.2977099236642435
False,,8603,17,2025-09-03 08:00:00+00:00,streak_reversal,148.695,0.0,0.0464,tp_sl,LOSS,BUY,148.047,4.630952380952229,149.357,4.723571428571306
False,,8624,6,2025-09-03 13:15:00+00:00,streak_reversal,148.696,0.0,0.0527,tp_sl,LOSS,BUY,148.059,5.357142857142762,149.347,5.464285714285713
False,,8639,11,2025-09-03 17:00:00+00:00,xs_momentum,147.918,0.0,0.0548,tp_sl,LOSS,SELL,148.143,1.6666666666666246,147.688,1.7000000000000117
False,,8669,3,2025-09-04 00:30:00+00:00,session_time_bias,148.147,0.0,0.1288,tp_sl,LOSS,BUY,147.962,1.8666666666666225,148.345,2.0000000000000755
False,,8674,6,2025-09-04 01:45:00+00:00,session_time_bias,148.025,0.0,0.109,tp_sl,WIN,BUY,147.737,2.457834757834728,148.342,1.626
False,,8687,8,2025-09-04 05:00:00+00:00,session_time_bias,148.26,0.0,0.088,tp_sl,WIN,BUY,148.096,1.6666666666666008,148.456,1.2
False,,8697,3,2025-09-04 07:30:00+00:00,tokyo_range_breakout_up,148.332,0.0,0.0613,tp_sl,LOSS,BUY,148.156,1.6666666666664915,148.513,1.699999999999859
False,,8702,1,2025-09-04 08:45:00+00:00,vol_spike_mr,148.221,0.0,0.0546,tp_sl,WIN,BUY,148.073,1.2500000000000573,148.373,0.765
False,,8705,10,2025-09-04 09:30:00+00:00,intraday_seasonality,148.319,0.0,0.0556,tp_sl,LOSS,BUY,148.054,2.2578347578348903,148.588,2.3029914529915056
False,,8718,4,2025-09-04 12:45:00+00:00,intraday_seasonality,148.434,0.0,0.0496,tp_sl,WIN,BUY,148.139,2.2582697201018966,148.736,1.382
False,,8734,16,2025-09-04 16:45:00+00:00,streak_reversal,148.623,0.0,0.0568,tp_sl,LOSS,BUY,148.434,1.5960451977401067,148.815,1.627966101695005
True,,8753,1,2025-09-04 21:30:00+00:00,dt_bb_rsi_mr,148.409,0.0,0.1236,tp_sl,WIN,BUY,148.32,0.9999999999999847,148.516,0.72
False,,8767,12,2025-09-05 01:00:00+00:00,session_time_bias,148.189,0.0,0.1417,tp_sl,LOSS,BUY,148.02,1.8759259259259884,148.37,2.01111111111124
False,,8784,3,2025-09-05 05:15:00+00:00,streak_reversal,148.196,0.0,0.125,tp_sl,WIN,BUY,147.914,4.0821256038647284,148.483,2.498
False,,8789,6,2025-09-05 06:30:00+00:00,sr_break_retest,148.242,0.0,0.1215,tp_sl,LOSS,BUY,148.123,1.6666666666667522,148.362,1.699999999999991
True,0.436,8797,1,2025-09-05 08:30:00+00:00,dt_bb_rsi_mr,148.168,0.0,0.0929,tp_sl,LOSS,BUY,148.138,0.42857142857144476,148.199,0.435714285714539
False,,8800,2,2025-09-05 09:15:00+00:00,streak_reversal,148.124,0.0,0.097,signal_reverse,WIN,BUY,147.458,9.950248756219187,148.804,0.612
False,,8806,1,2025-09-05 10:45:00+00:00,dt_sr_channel_reversal,148.149,0.0,0.0985,signal_reverse,WIN,BUY,148.044,1.5909090909093664,148.257,0.985
False,,8809,1,2025-09-05 11:30:00+00:00,dual_sr_bounce,148.208,0.0,0.0985,tp_sl,WIN,SELL,148.29,1.2499999999997244,148.123,1.2749999999999082
False,,8812,1,2025-09-05 12:15:00+00:00,vix_carry_unwind,147.938,0.0,0.0739,tp_sl,WIN,SELL,148.232,3.342803030302897,147.585,4.011363636363412
False,,8815,10,2025-09-05 13:00:00+00:00,xs_momentum,147.099,0.0,0.0402,tp_sl,WIN,SELL,147.448,2.238247863248014,146.743,1.37
False,1.947,8827,2,2025-09-05 16:00:00+00:00,xs_momentum,146.825,0.0,0.0424,tp_sl,LOSS,SELL,147.089,1.6666666666667698,146.557,1.6999999999999504
False,5.161,8831,15,2025-09-05 17:00:00+00:00,streak_reversal,147.221,0.0,0.0477,tp_sl,LOSS,SELL,147.887,4.301075268817144,146.541,4.3870967741934095
False,2.561,8863,20,2025-09-08 01:15:00+00:00,session_time_bias,148.361,0.0,0.0797,tp_sl,LOSS,BUY,147.969,2.4499999999999744,148.793,2.6999999999999247
False,,8886,1,2025-09-08 07:00:00+00:00,streak_reversal,147.724,0.0,0.0537,signal_reverse,LOSS,BUY,147.35,1.603,148.104,1.603
False,,8889,3,2025-09-08 07:45:00+00:00,sr_fib_confluence,147.519,0.0,0.0533,tp_sl,LOSS,SELL,147.702,1.5027322404371897,147.332,1.5327868852459985
False,,8894,14,2025-09-08 09:00:00+00:00,sr_fib_confluence,147.716,0.0,0.0556,tp_sl,LOSS,SELL,147.931,1.8376068376068666,147.496,1.8743589743590088
False,,8914,3,2025-09-08 14:00:00+00:00,streak_reversal,147.707,0.0,0.055,tp_sl,WIN,SELL,148.233,4.619883040935709,147.17,2.827
False,,8921,12,2025-09-08 15:45:00+00:00,xs_momentum,147.583,0.0,0.0546,tp_sl,WIN,SELL,147.841,2.246376811594137,147.319,1.375
False,,8980,6,2025-09-09 06:30:00+00:00,streak_reversal,147.052,0.0,0.0806,tp_sl,WIN,SELL,147.528,4.447040498442307,146.567,2.722
False,,8988,1,2025-09-09 08:30:00+00:00,vix_carry_unwind,146.69,0.0,0.0422,tp_sl,WIN,SELL,147.204,3.3387445887445053,146.073,2.404
False,3.371,8991,12,2025-09-09 09:15:00+00:00,vix_carry_unwind,146.398,0.0,0.0399,tp_sl,LOSS,SELL,146.94,3.328220858895817,145.746,3.9938650306749106
False,,9007,2,2025-09-09 13:15:00+00:00,sr_anti_hunt_bounce,146.784,0.0,0.049,tp_sl,WIN,SELL,147.764,7.656250000000142,145.784,4.686
False,2.249,9011,2,2025-09-09 14:15:00+00:00,vol_spike_mr,146.923,0.0,0.0387,tp_sl,LOSS,SELL,147.262,2.093621399176805,146.577,2.1354938271604182
True,1.019,9015,9,2025-09-09 15:15:00+00:00,dt_bb_rsi_mr,147.182,0.0,0.0371,tp_sl,LOSS,SELL,147.351,1.000000000000066,146.979,1.1999999999999782
True,,9026,11,2025-09-09 18:00:00+00:00,dt_bb_rsi_mr,147.339,0.0,0.0597,tp_sl,LOSS,SELL,147.463,0.9999999999999615,147.19,1.1999999999999538
False,,9073,1,2025-09-10 05:45:00+00:00,streak_reversal,147.41,0.0,0.1065,tp_sl,WIN,SELL,148.077,8.230452674897002,146.73,5.037
False,,9080,19,2025-09-10 07:30:00+00:00,liquidity_sweep,147.409,0.0,0.065,tp_sl,WIN,SELL,147.649,2.4083333333331325,147.163,2.456499999999835
False,,9102,15,2025-09-10 13:00:00+00:00,sr_break_retest,147.442,0.0,0.0479,tp_sl,WIN,SELL,147.638,1.5012722646309795,147.241,0.919
True,,9134,1,2025-09-10 21:00:00+00:00,dt_bb_rsi_mr,147.422,0.0,0.125,tp_sl,WIN,SELL,147.474,0.5871212121210011,147.36,0.704545454545266
False,,9178,4,2025-09-11 08:00:00+00:00,tokyo_range_breakout_up,147.831,0.0,0.0929,tp_sl,WIN,BUY,147.606,3.2142857142856327,148.061,1.967
False,1.921,9184,10,2025-09-11 09:30:00+00:00,intraday_seasonality,147.972,0.0,0.0929,tp_sl,LOSS,BUY,147.856,1.6666666666663688,148.091,1.6999999999999966
False,2.894,9196,5,2025-09-11 12:30:00+00:00,sr_fib_confluence,147.606,0.0,0.0528,tp_sl,LOSS,BUY,147.31,2.4119241192410783,147.909,2.460162601625886
False,,9203,2,2025-09-11 14:15:00+00:00,streak_reversal,147.163,0.0,0.0421,tp_sl,WIN,BUY,146.925,1.5995525727070063,147.406,0.979
False,,9208,12,2025-09-11 15:30:00+00:00,dt_sr_channel_reversal,147.166,0.0,0.0416,tp_sl,WIN,BUY,146.967,1.3189845474612985,147.369,0.807
False,,9273,18,2025-09-12 07:45:00+00:00,streak_reversal,147.449,0.0,0.073,tp_sl,LOSS,SELL,148.034,6.5823970037454,146.851,6.714044943820365
False,,9298,3,2025-09-12 14:00:00+00:00,sr_fib_confluence,147.679,0.0,0.0565,tp_sl,WIN,BUY,147.481,1.786786786786698,147.882,1.094
False,1.5,9305,2,2025-09-12 15:45:00+00:00,dual_sr_bounce,147.862,0.0,0.0581,tp_sl,LOSS,BUY,147.727,1.250000000000179,148.0,1.2749999999999562
False,,9310,8,2025-09-12 17:00:00+00:00,dual_sr_bounce,147.616,0.0,0.0725,tp_sl,WIN,SELL,147.776,1.5686274509803588,147.452,0.96
False,,9342,10,2025-09-15 01:00:00+00:00,session_time_bias,147.568,0.0,0.1574,tp_sl,LOSS,BUY,147.417,1.8563786008229148,147.729,1.9876543209876711
False,,9361,6,2025-09-15 05:45:00+00:00,streak_reversal,147.501,0.0,0.1348,tp_sl,WIN,SELL,147.703,3.1510416666669094,147.296,1.928
False,1.795,9382,1,2025-09-15 11:00:00+00:00,sr_break_retest,147.329,0.0,0.089,tp_sl,LOSS,SELL,147.438,1.4954337899545354,147.217,1.5253424657532522
False,,9395,4,2025-09-15 14:15:00+00:00,streak_reversal,147.439,0.0,0.0765,tp_sl,WIN,SELL,147.587,1.8089430894309821,147.287,1.107
False,,9401,22,2025-09-15 15:45:00+00:00,orb_trap,147.267,0.0,0.0765,tp_sl,LOSS,SELL,147.6,4.065040650406273,146.927,4.146341463414329
False,,9425,15,2025-09-15 21:45:00+00:00,vix_carry_unwind,147.319,0.0,0.1486,tp_sl,WIN,SELL,147.555,3.1954954954955697,147.053,2.157
False,,9465,18,2025-09-16 07:45:00+00:00,streak_reversal,146.882,0.0,0.0619,tp_sl,LOSS,SELL,147.165,2.6984126984126804,146.593,2.752380952381102
True,,9485,1,2025-09-16 12:45:00+00:00,dt_sr_channel_reversal,147.086,0.0,0.0542,tp_sl,WIN,SELL,147.153,0.55902777777798,147.005,0.6708333333335759
False,,9492,9,2025-09-16 14:30:00+00:00,xs_momentum,146.566,0.0,0.0472,tp_sl,WIN,SELL,146.787,1.6604010025062512,146.34,1.6936090225565175
False,,9505,21,2025-09-16 17:45:00+00:00,xs_momentum,146.366,0.0,0.0685,tp_sl,LOSS,SELL,146.546,1.6666666666667298,146.182,1.700000000000117
False,,9553,11,2025-09-17 05:45:00+00:00,streak_reversal,146.493,0.0,0.1106,tp_sl,WIN,SELL,147.127,8.119658119658023,145.847,4.969
False,,9567,2,2025-09-17 09:15:00+00:00,ema_cross,146.376,0.0,0.0756,tp_sl,WIN,SELL,146.525,1.7344961240307524,146.223,1.7691860465113673
False,1.931,9571,7,2025-09-17 10:15:00+00:00,ema_cross,146.282,0.0,0.0691,tp_sl,LOSS,SELL,146.451,1.799645390070797,146.109,1.835638297872352
False,,9580,3,2025-09-17 12:30:00+00:00,sr_fib_confluence,146.417,0.0,0.0714,tp_sl,WIN,SELL,146.555,1.5201465201463868,146.275,1.5505494505493895
False,,9586,5,2025-09-17 14:00:00+00:00,dual_sr_bounce,146.256,0.0,0.0661,tp_sl,LOSS,SELL,146.374,1.2500000000000597,146.135,1.275000000000067
False,,9593,4,2025-09-17 15:45:00+00:00,dual_sr_bounce,146.351,0.0,0.069,tp_sl,WIN,SELL,146.464,1.2500000000001126,146.235,0.765
False,,9600,1,2025-09-17 17:30:00+00:00,streak_reversal,146.309,0.0,0.0902,tp_sl,WIN,SELL,146.479,2.073170731707511,146.135,2.1146341463416474
False,4.24,9603,1,2025-09-17 18:15:00+00:00,vix_carry_unwind,145.921,0.0,0.049,tp_sl,LOSS,SELL,146.454,3.5333333333333647,145.317,4.000000000000089
True,0.924,9607,1,2025-09-17 19:15:00+00:00,dt_bb_rsi_mr,146.54,0.0,0.0325,tp_sl,LOSS,SELL,146.715,0.7697368421052612,146.329,0.9236842105263133
True,,9612,13,2025-09-17 20:30:00+00:00,dt_bb_rsi_mr,146.939,0.0,0.0537,tp_sl,WIN,SELL,147.144,1.000000000000061,146.693,0.72
True,,9627,1,2025-09-18 00:15:00+00:00,dt_bb_rsi_mr,146.929,0.0,0.085,tp_sl,WIN,SELL,146.974,0.2958333333333485,146.876,0.3549999999999424
False,,9630,12,2025-09-18 01:00:00+00:00,session_time_bias,147.086,0.0,0.085,tp_sl,LOSS,BUY,146.72,2.4388888888889446,147.489,2.6866666666668
False,,9646,3,2025-09-18 05:00:00+00:00,session_time_bias,147.253,0.0,0.0829,tp_sl,WIN,BUY,147.018,2.251602564102703,147.534,2.701923076923134
False,,9656,2,2025-09-18 07:30:00+00:00,post_news_vol,147.058,0.0,0.0533,signal_reverse,LOSS,SELL,147.551,2.475,146.554,2.475
False,,9660,1,2025-09-18 08:30:00+00:00,streak_reversal,147.371,0.0,0.0516,tp_sl,WIN,SELL,148.018,5.132275132274976,146.712,3.141
False,,9669,2,2025-09-18 10:45:00+00:00,streak_reversal,147.263,0.0,0.0551,tp_sl,WIN,BUY,146.597,5.649717514124455,147.944,3.458
False,,9673,2,2025-09-18 11:45:00+00:00,dual_sr_bounce,147.391,0.0,0.0533,tp_sl,WIN,BUY,147.016,3.073770491803512,147.774,1.881
False,,9677,2,2025-09-18 12:45:00+00:00,xs_momentum,147.797,0.0,0.0496,tp_sl,WIN,BUY,147.502,2.25826972010168,148.099,2.3034351145038046
False,,9681,23,2025-09-18 13:45:00+00:00,intraday_seasonality,148.059,0.0,0.0405,signal_reverse,LOSS,BUY,147.711,0.804,148.415,0.804
False,2.24,9726,8,2025-09-19 01:00:00+00:00,session_time_bias,148.082,0.0,0.1466,tp_sl,LOSS,BUY,147.919,1.86666666666689,148.256,2.000000000000076
False,,9742,4,2025-09-19 05:00:00+00:00,ema_cross,147.453,0.0,0.0579,tp_sl,LOSS,SELL,147.719,1.784116331096291,147.182,1.8197986577181597
False,,9752,3,2025-09-19 07:30:00+00:00,dual_sr_bounce,147.847,0.0,0.0365,tp_sl,WIN,BUY,147.594,1.4232209737827546,148.106,0.871
False,,9757,11,2025-09-19 08:45:00+00:00,sr_fib_confluence,147.858,0.0,0.0387,tp_sl,WIN,BUY,147.57,1.7162698412696336,148.153,1.7505952380951548
False,,9771,2,2025-09-19 12:15:00+00:00,xs_momentum,148.109,0.0,0.0481,tp_sl,WIN,BUY,147.806,2.246913580246975,148.419,1.375
False,,9776,12,2025-09-19 13:30:00+00:00,intraday_seasonality,147.853,0.0,0.0445,tp_sl,LOSS,SELL,148.169,2.2458628841607298,147.53,2.2907801418440252
False,,9820,5,2025-09-22 00:30:00+00:00,session_time_bias,148.186,0.0,0.209,tp_sl,WIN,BUY,148.037,2.4404371584703535,148.35,1.613
False,,9844,1,2025-09-22 06:30:00+00:00,vol_spike_mr,148.04,0.0,0.1198,tp_sl,WIN,BUY,147.95,1.2500000000000475,148.131,0.765
False,,9848,2,2025-09-22 07:30:00+00:00,dt_fib_reversal,148.072,0.0,0.0691,tp_sl,LOSS,BUY,147.879,2.056737588652426,148.27,2.0978723404256314
False,,9852,8,2025-09-22 08:30:00+00:00,streak_reversal,147.832,0.0,0.0625,tp_sl,WIN,BUY,147.166,6.410256410256593,148.512,3.923
True,0.467,9862,1,2025-09-22 11:00:00+00:00,dt_sr_channel_reversal,147.9,0.0,0.0714,tp_sl,LOSS,BUY,147.865,0.38919413919440987,147.943,0.46703296703316693
True,,9865,1,2025-09-22 11:45:00+00:00,dt_sr_channel_reversal,147.844,0.0,0.0714,tp_sl,WIN,BUY,147.789,0.6089743589744298,147.911,0.7307692307694407
False,,9870,1,2025-09-22 13:00:00+00:00,streak_reversal,147.795,0.0,0.0628,tp_sl,WIN,BUY,147.129,6.666666666666856,148.475,4.08
False,,9874,1,2025-09-22 14:00:00+00:00,intraday_seasonality,147.894,0.0,0.0598,tp_sl,WIN,BUY,147.658,2.246031746031598,148.135,1.375
False,1.951,9877,10,2025-09-22 14:45:00+00:00,intraday_seasonality,147.882,0.0,0.0615,tp_sl,LOSS,BUY,147.716,1.625816993463967,148.051,1.6583333333330734
False,,9889,7,2025-09-22 17:45:00+00:00,streak_reversal,147.692,0.0,0.0949,tp_sl,WIN,BUY,147.038,8.386752136752161,148.36,5.133
False,,9904,1,2025-09-22 21:30:00+00:00,vix_carry_unwind,147.735,0.0,0.1507,tp_sl,WIN,SELL,147.991,3.510502283104758,147.445,2.384
False,,9917,4,2025-09-23 00:45:00+00:00,streak_reversal,147.678,0.0,0.2125,tp_sl,WIN,BUY,147.037,10.67222222222218,148.319,6.409
False,,9936,2,2025-09-23 05:30:00+00:00,streak_reversal,147.761,0.0,0.1438,tp_sl,WIN,BUY,147.465,4.930555555555335,148.062,3.017
False,,9940,1,2025-09-23 06:30:00+00:00,streak_reversal,147.709,0.0,0.1391,tp_sl,WIN,BUY,147.458,4.0456989247311705,147.964,2.476
False,,9949,5,2025-09-23 08:45:00+00:00,streak_reversal,147.571,0.0,0.0774,tp_sl,WIN,BUY,146.905,7.936507936508161,148.251,4.857
False,1.819,9957,6,2025-09-23 10:45:00+00:00,dual_sr_bounce,147.705,0.0,0.0813,tp_sl,LOSS,SELL,147.848,1.7916666666668135,147.558,1.8275000000002706
False,,9968,1,2025-09-23 13:30:00+00:00,dual_sr_bounce,147.775,0.0,0.0784,tp_sl,LOSS,BUY,147.675,1.249999999999929,147.877,1.2750000000000483
False,,9973,2,2025-09-23 14:45:00+00:00,dual_sr_bounce,147.768,0.0,0.0634,tp_sl,WIN,BUY,147.645,1.2500000000000113,147.894,1.2750000000000519
False,,9977,2,2025-09-23 15:45:00+00:00,london_fix_reversal,147.829,0.0,0.0647,tp_sl,WIN,SELL,147.95,1.2542955326460794,147.705,1.279381443298954
False,,9981,1,2025-09-23 16:45:00+00:00,dual_sr_bounce,147.777,0.0,0.0644,tp_sl,LOSS,BUY,147.647,1.2499999999999563,147.909,1.2749999999999664
False,,9984,14,2025-09-23 17:30:00+00:00,streak_reversal,147.534,0.0,0.0667,tp_sl,WIN,BUY,146.876,5.9309309309311695,148.206,3.63
False,,10012,13,2025-09-24 00:30:00+00:00,session_time_bias,147.765,0.0,0.15,tp_sl,WIN,BUY,147.557,2.4450980392159365,147.994,1.616
False,,10030,3,2025-09-24 05:00:00+00:00,session_time_bias,147.918,0.0,0.1348,tp_sl,WIN,BUY,147.773,2.2526041666668384,148.091,1.622
False,,10035,7,2025-09-24 06:15:00+00:00,sr_anti_hunt_bounce,148.046,0.0,0.115,tp_sl,WIN,BUY,146.856,15.855555555555915,149.259,9.704
False,,10059,1,2025-09-24 12:15:00+00:00,xs_momentum,148.52,0.0,0.0793,tp_sl,WIN,BUY,148.385,1.6565040650405303,148.659,1.6896341463412299
False,,10062,15,2025-09-24 13:00:00+00:00,xs_momentum,148.729,0.0,0.0721,tp_sl,LOSS,BUY,148.585,1.6570881226054903,148.876,1.6902298850575546
False,,10079,5,2025-09-24 17:15:00+00:00,xs_momentum,148.731,0.0,0.0949,tp_sl,WIN,BUY,148.601,1.6666666666666083,148.864,1.699999999999955
False,,10110,1,2025-09-25 01:00:00+00:00,session_time_bias,148.624,0.0,0.1796,tp_sl,WIN,BUY,148.449,2.465258215962617,148.817,2.7183098591550996
False,,10126,2,2025-09-25 05:00:00+00:00,session_time_bias,148.682,0.0,0.1166,tp_sl,WIN,BUY,148.515,2.2522522522521244,148.882,1.622
False,,10130,2,2025-09-25 06:00:00+00:00,ema_cross,148.854,0.0,0.1182,tp_sl,LOSS,BUY,148.736,1.6095890410955946,148.973,1.6417808219176078
False,,10135,1,2025-09-25 07:15:00+00:00,dual_sr_bounce,148.726,0.0,0.0823,tp_sl,WIN,BUY,148.562,2.0780590717298666,148.894,1.272
False,,10140,15,2025-09-25 08:30:00+00:00,sr_anti_hunt_bounce,148.768,0.0,0.0747,tp_sl,WIN,BUY,147.824,10.852490421456196,149.732,6.642
False,,10160,1,2025-09-25 13:30:00+00:00,xs_momentum,149.28,0.0,0.057,tp_sl,WIN,BUY,149.098,1.6590909090912087,149.466,1.6922727272729658
False,,10164,2,2025-09-25 14:30:00+00:00,xs_momentum,149.534,0.0,0.0514,tp_sl,WIN,BUY,149.333,1.6530054644810017,149.74,1.6860655737705519
False,,10168,8,2025-09-25 15:30:00+00:00,xs_momentum,149.805,0.0,0.0546,tp_sl,WIN,BUY,149.613,1.6739130434782212,150.002,1.024
False,,10206,4,2025-09-26 01:00:00+00:00,session_time_bias,149.743,0.0,0.1301,tp_sl,WIN,BUY,149.502,2.4534013605441674,150.008,1.622
False,,10222,4,2025-09-26 05:00:00+00:00,session_time_bias,149.664,0.0,0.1166,tp_sl,WIN,BUY,149.497,2.2522522522521244,149.864,1.622
False,1.91,10231,3,2025-09-26 07:15:00+00:00,ema_cross,149.845,0.0,0.0903,tp_sl,LOSS,BUY,149.726,1.6550925925926665,149.967,1.6881944444446302
False,,10236,5,2025-09-26 08:30:00+00:00,streak_reversal,149.698,0.0,0.0903,tp_sl,WIN,BUY,149.032,9.259259259259128,150.378,5.667
False,2.326,10246,4,2025-09-26 11:00:00+00:00,intraday_seasonality,149.846,0.0,0.0942,tp_sl,LOSS,BUY,149.691,2.2584541062801984,150.005,2.3036231884058602
False,,10252,2,2025-09-26 12:30:00+00:00,streak_reversal,149.646,0.0,0.0813,tp_sl,WIN,BUY,148.98,8.333333333333215,150.326,5.1
True,0.698,10258,1,2025-09-26 14:00:00+00:00,dt_sr_channel_reversal,149.681,0.0,0.0647,tp_sl,LOSS,BUY,149.625,0.5818298969070829,149.749,0.6981958762886167
True,,10261,6,2025-09-26 14:45:00+00:00,dt_bb_rsi_mr,149.508,0.0,0.0621,tp_sl,WIN,BUY,149.407,0.9999999999999909,149.629,0.72
False,,10269,7,2025-09-26 16:45:00+00:00,london_fix_reversal,149.553,0.0,0.072,tp_sl,LOSS,BUY,149.414,1.496415770609486,149.695,1.5263440860215964
False,2.253,10301,1,2025-09-29 01:00:00+00:00,session_time_bias,149.288,0.0,0.1656,tp_sl,LOSS,BUY,149.143,1.8774891774891236,149.443,2.0129870129870278
False,,10304,1,2025-09-29 01:45:00+00:00,session_time_bias,149.103,0.0,0.1483,tp_sl,LOSS,BUY,148.941,1.8763565891474443,149.276,2.0116279069767655
False,,10320,2,2025-09-29 05:45:00+00:00,vol_spike_mr,148.791,0.0,0.098,signal_reverse,LOSS,BUY,148.654,0.116,148.93,0.116
False,,10324,2,2025-09-29 06:45:00+00:00,htf_false_breakout,148.831,0.0,0.0991,signal_reverse,LOSS,BUY,148.631,2.555,149.034,2.555
False,,10328,1,2025-09-29 07:45:00+00:00,post_news_vol,148.566,0.0,0.0707,tp_sl,WIN,SELL,148.927,3.931159420289678,148.197,2.406
False,,10332,2,2025-09-29 08:45:00+00:00,htf_false_breakout,148.529,0.0,0.0677,signal_reverse,WIN,BUY,148.409,1.2500000000000473,148.652,0.542
False,,10336,3,2025-09-29 09:45:00+00:00,intraday_seasonality,148.606,0.0,0.0707,signal_reverse,WIN,BUY,148.4,2.2463768115940135,148.817,0.587
False,,10341,2,2025-09-29 11:00:00+00:00,streak_reversal,148.716,0.0,0.0793,tp_sl,WIN,SELL,149.356,7.8048780487803215,148.063,4.777
False,,10346,4,2025-09-29 12:15:00+00:00,xs_momentum,148.771,0.0,0.0684,tp_sl,LOSS,BUY,148.558,2.245614035087771,148.989,2.2905263157895206
False,,10353,15,2025-09-29 14:00:00+00:00,dual_sr_bounce,148.57,0.0,0.0592,tp_sl,LOSS,SELL,148.79,2.075471698113197,148.345,2.1169811320754985
False,,10395,1,2025-09-30 00:30:00+00:00,session_time_bias,148.637,0.0,0.1678,tp_sl,WIN,BUY,148.451,2.4478070175439672,148.842,1.618
False,,10399,1,2025-09-30 01:30:00+00:00,session_time_bias,148.683,0.0,0.1433,tp_sl,WIN,BUY,148.464,2.4565543071159017,148.924,1.625
False,2.677,10413,5,2025-09-30 05:00:00+00:00,streak_reversal,148.391,0.0,0.0927,tp_sl,LOSS,BUY,148.183,2.231182795698729,148.602,2.2758064516128136
False,,10427,21,2025-09-30 08:30:00+00:00,post_news_vol,147.877,0.0,0.058,tp_sl,WIN,SELL,148.183,2.738095238095285,147.564,1.676
False,,10450,1,2025-09-30 14:15:00+00:00,vix_carry_unwind,147.806,0.0,0.056,tp_sl,WIN,SELL,148.178,3.325892857142877,147.359,2.395
False,,10453,6,2025-09-30 15:00:00+00:00,vix_carry_unwind,147.887,0.0,0.0494,tp_sl,WIN,SELL,148.309,3.3267716535434144,147.38,2.395
False,,10462,6,2025-09-30 17:15:00+00:00,xs_momentum,147.715,0.0,0.0692,tp_sl,LOSS,SELL,147.893,1.6666666666667447,147.533,1.700000000000122
False,,10480,11,2025-09-30 21:45:00+00:00,vix_carry_unwind,147.849,0.0,0.1111,tp_sl,LOSS,SELL,148.198,3.5249158249157078,147.454,3.9898989898988058
False,,10510,2,2025-10-01 05:15:00+00:00,vix_carry_unwind,147.48,0.0,0.0821,tp_sl,WIN,SELL,147.83,3.33333333333355,147.06,2.4
False,,10538,1,2025-10-01 12:15:00+00:00,vix_carry_unwind,146.892,0.0,0.0451,tp_sl,WIN,SELL,147.371,3.327546296296428,146.316,2.396
False,,10541,3,2025-10-01 13:00:00+00:00,vix_carry_unwind,146.8,0.0,0.0424,tp_sl,WIN,SELL,147.295,3.3445945945946254,146.206,2.408
False,,10546,1,2025-10-01 14:15:00+00:00,xs_momentum,146.896,0.0,0.039,tp_sl,WIN,SELL,147.165,1.671842650103588,146.621,1.023
False,,10555,17,2025-10-01 16:30:00+00:00,dt_fib_reversal,147.223,0.0,0.0441,tp_sl,WIN,SELL,147.463,1.5789473684211126,146.978,1.61052631578946
True,,10587,1,2025-10-02 00:30:00+00:00,dt_bb_rsi_mr,147.242,0.0,0.1555,tp_sl,WIN,SELL,147.324,0.9999999999999223,147.144,1.1999999999999762
False,,10592,18,2025-10-02 01:45:00+00:00,vix_carry_unwind,146.973,0.0,0.1301,tp_sl,WIN,SELL,147.287,3.2017006802722476,146.62,2.161
False,,10617,2,2025-10-02 08:00:00+00:00,ema_cross,146.973,0.0,0.0528,tp_sl,WIN,SELL,147.179,1.680216802168111,146.762,1.7138211382114317
False,2.245,10633,1,2025-10-02 12:00:00+00:00,streak_reversal,146.818,0.0,0.0602,tp_sl,LOSS,SELL,147.043,2.0833333333332806,146.588,2.1250000000000147
False,,10636,2,2025-10-02 12:45:00+00:00,streak_reversal,147.151,0.0,0.0556,tp_sl,WIN,SELL,147.333,1.552706552706598,146.966,0.95
True,1.2,10640,4,2025-10-02 13:45:00+00:00,dt_sr_channel_reversal,147.217,0.0,0.0532,tp_sl,LOSS,SELL,147.335,1.0000000000001985,147.075,1.2000000000000937
False,,10646,3,2025-10-02 15:15:00+00:00,dt_sr_channel_reversal,147.372,0.0,0.0527,tp_sl,WIN,SELL,147.555,1.5406162464986313,147.185,1.5714285714286709
True,,10651,1,2025-10-02 16:30:00+00:00,dt_sr_channel_reversal,147.237,0.0,0.0563,tp_sl,WIN,SELL,147.283,0.3802521008404202,147.183,0.45630252100850427
False,,10654,22,2025-10-02 17:15:00+00:00,sr_break_retest,147.166,0.0,0.0679,tp_sl,LOSS,SELL,147.302,1.249999999999906,147.027,1.2749999999998887
True,1.122,10683,1,2025-10-03 00:30:00+00:00,dt_bb_rsi_mr,147.304,0.0,0.1678,tp_sl,LOSS,SELL,147.375,0.9347587719299093,147.219,1.1217105263158165
False,,10701,1,2025-10-03 05:00:00+00:00,dt_sr_channel_reversal,147.654,0.0,0.0908,signal_reverse,LOSS,SELL,147.809,0.245,147.497,0.245
False,,10705,2,2025-10-03 06:00:00+00:00,sr_break_retest,147.613,0.0,0.077,tp_sl,WIN,SELL,147.799,1.659226190476204,147.424,1.015
False,,10725,1,2025-10-03 11:00:00+00:00,sr_fib_confluence,147.364,0.0,0.0722,tp_sl,WIN,SELL,147.499,1.5000000000002147,147.226,1.5299999999999474
False,1.5,10730,6,2025-10-03 12:15:00+00:00,dual_sr_bounce,147.285,0.0,0.0684,tp_sl,LOSS,SELL,147.403,1.2500000000000597,147.163,1.275000000000067
False,,10738,6,2025-10-03 14:15:00+00:00,vol_spike_mr,147.431,0.0,0.0475,tp_sl,WIN,SELL,147.629,1.5025252525251778,147.228,0.92
False,,10747,5,2025-10-03 16:30:00+00:00,streak_reversal,147.516,0.0,0.0598,tp_sl,WIN,SELL,147.729,1.8973214285714792,147.3,1.161
False,2.419,10813,11,2025-10-06 09:00:00+00:00,intraday_seasonality,150.361,0.0,0.0404,tp_sl,LOSS,BUY,150.0,2.246376811594278,150.73,2.291304347826065
False,,10826,4,2025-10-06 12:15:00+00:00,vol_spike_mr,149.95,0.0,0.0404,tp_sl,WIN,BUY,149.748,1.2525879917183464,150.155,0.767
False,,10833,2,2025-10-06 14:00:00+00:00,intraday_seasonality,149.95,0.0,0.0392,tp_sl,WIN,BUY,149.592,2.2395833333332504,150.316,1.371
False,,10844,14,2025-10-06 16:45:00+00:00,ema_cross,150.163,0.0,0.0549,tp_sl,WIN,BUY,149.922,1.974043715847063,150.408,1.208
False,,10875,5,2025-10-07 00:30:00+00:00,session_time_bias,150.545,0.0,0.1262,tp_sl,LOSS,BUY,150.356,1.8666666666667249,150.747,1.9999999999999818
False,,10893,3,2025-10-07 05:00:00+00:00,session_time_bias,150.476,0.0,0.0889,tp_sl,WIN,BUY,150.314,1.666666666666616,150.67,1.9999999999998803
False,,10907,12,2025-10-07 08:30:00+00:00,tokyo_range_breakout_up,150.754,0.0,0.0663,tp_sl,WIN,BUY,150.588,1.7006802721087468,150.924,1.7346938775508927
False,,10921,2,2025-10-07 12:00:00+00:00,xs_momentum,150.947,0.0,0.0802,tp_sl,LOSS,BUY,150.812,1.6666666666665544,151.085,1.6999999999999416
False,,10925,3,2025-10-07 13:00:00+00:00,xs_momentum,150.873,0.0,0.0668,tp_sl,WIN,BUY,150.716,1.675531914893605,151.034,1.7090425531915314
False,,10930,2,2025-10-07 14:15:00+00:00,xs_momentum,151.057,0.0,0.0581,tp_sl,WIN,BUY,150.877,1.6666666666664667,151.241,1.02
False,,10934,4,2025-10-07 15:15:00+00:00,xs_momentum,151.138,0.0,0.0523,tp_sl,WIN,BUY,150.938,1.6666666666668088,151.342,1.7000000000000646
False,,10940,2,2025-10-07 16:45:00+00:00,xs_momentum,151.327,0.0,0.0563,tp_sl,WIN,BUY,151.128,1.666666666666584,151.529,1.7000000000000686
False,,10944,1,2025-10-07 17:45:00+00:00,xs_momentum,151.524,0.0,0.0661,tp_sl,WIN,BUY,151.338,1.6666666666666734,151.715,1.6999999999998445
False,,10989,3,2025-10-08 05:00:00+00:00,session_time_bias,152.379,0.0,0.0719,tp_sl,WIN,BUY,152.179,1.6666666666668088,152.619,1.2
False,,10996,3,2025-10-08 06:45:00+00:00,streak_reversal,152.353,0.0,0.0663,tp_sl,WIN,BUY,152.081,2.089743589743438,152.63,1.279
False,,11004,1,2025-10-08 08:45:00+00:00,tokyo_range_breakout_up,152.744,0.0,0.0451,tp_sl,WIN,BUY,152.564,1.2500000000000475,152.928,0.765
False,,11018,21,2025-10-08 12:15:00+00:00,streak_reversal,152.63,0.0,0.0468,tp_sl,WIN,BUY,152.157,3.405275779376673,153.113,2.084
False,,11068,20,2025-10-09 00:45:00+00:00,session_time_bias,152.714,0.0,0.0981,tp_sl,WIN,BUY,152.397,2.4371794871795007,153.063,1.611
False,,11092,2,2025-10-09 06:45:00+00:00,intraday_seasonality,152.984,0.0,0.0685,tp_sl,WIN,BUY,152.7,2.2486772486772337,153.273,1.376
False,,11099,1,2025-10-09 08:30:00+00:00,sr_fib_confluence,152.89,0.0,0.0455,tp_sl,LOSS,BUY,152.627,1.841491841491757,153.159,1.8783216783216239
False,,11102,12,2025-10-09 09:15:00+00:00,vol_spike_mr,152.718,0.0,0.0404,tp_sl,LOSS,BUY,152.298,2.6086956521738354,153.146,2.66086956521728
False,,11119,2,2025-10-09 13:30:00+00:00,sr_anti_hunt_bounce,152.93,0.0,0.0306,tp_sl,WIN,BUY,151.806,5.483739837398378,154.077,3.356
False,,11123,4,2025-10-09 14:30:00+00:00,intraday_seasonality,152.996,0.0,0.0306,tp_sl,WIN,BUY,152.535,2.252032520325096,153.467,1.378
False,,11163,1,2025-10-10 00:30:00+00:00,session_time_bias,153.103,0.0,0.1081,tp_sl,LOSS,BUY,152.882,1.8666666666664913,153.339,1.9999999999999154
False,,11166,2,2025-10-10 01:15:00+00:00,session_time_bias,152.927,0.0,0.1037,tp_sl,WIN,BUY,152.697,1.8666666666667067,153.173,1.2
False,,11181,5,2025-10-10 05:00:00+00:00,session_time_bias,152.78,0.0,0.0806,tp_sl,WIN,BUY,152.538,2.258566978193217,153.07,1.626
False,,11188,1,2025-10-10 06:45:00+00:00,vol_spike_mr,152.536,0.0,0.0616,tp_sl,WIN,BUY,152.234,2.154761904761975,152.843,2.1978571428570195
False,2.682,11199,20,2025-10-10 09:30:00+00:00,intraday_seasonality,152.832,0.0,0.0455,tp_sl,LOSS,BUY,152.512,2.2435897435896908,153.16,2.2884615384614846
False,,11221,1,2025-10-10 15:00:00+00:00,xs_momentum,152.021,0.0,0.04,tp_sl,WIN,SELL,152.282,1.666666666666599,151.754,1.6999999999999529
False,,11224,11,2025-10-10 15:45:00+00:00,vix_carry_unwind,151.931,0.0,0.0332,tp_sl,WIN,SELL,152.497,2.993827160493811,151.252,2.156
False,,11261,13,2025-10-13 01:00:00+00:00,session_time_bias,151.944,0.0,0.0741,signal_reverse,LOSS,BUY,151.623,0.317,152.288,0.317
False,,11277,3,2025-10-13 05:00:00+00:00,sr_fib_confluence,151.86,0.0,0.0821,tp_sl,WIN,SELL,151.995,1.2857142857144699,151.723,0.787
False,,11282,1,2025-10-13 06:15:00+00:00,sr_fib_confluence,151.819,0.0,0.0777,tp_sl,LOSS,SELL,151.986,1.5015015015016722,151.649,1.5315315315316749
False,,11285,1,2025-10-13 07:00:00+00:00,tokyo_range_breakout_up,152.263,0.0,0.0485,tp_sl,WIN,BUY,152.096,1.2499999999999236,152.434,0.765
False,,11290,9,2025-10-13 08:15:00+00:00,sr_break_retest,152.367,0.0,0.05,tp_sl,LOSS,BUY,152.137,1.7692307692306906,152.602,1.8046153846151687
False,,11301,6,2025-10-13 11:00:00+00:00,streak_reversal,152.057,0.0,0.057,tp_sl,WIN,BUY,151.597,4.035087719298315,152.527,2.469
False,,11313,2,2025-10-13 14:00:00+00:00,intraday_seasonality,152.35,0.0,0.056,tp_sl,WIN,BUY,152.099,2.2470238095240496,152.607,1.375
False,,11321,6,2025-10-13 16:00:00+00:00,streak_reversal,152.237,0.0,0.0684,tp_sl,WIN,BUY,151.57,6.802721088435567,152.917,4.163
False,2.938,11358,8,2025-10-14 01:15:00+00:00,session_time_bias,152.482,0.0,0.1328,tp_sl,LOSS,BUY,152.247,2.4482638888890427,152.741,2.6979166666668184
False,,11373,1,2025-10-14 05:00:00+00:00,session_time_bias,151.884,0.0,0.0757,tp_sl,LOSS,BUY,151.693,1.673976608187108,152.113,2.008771929824679
False,,11378,1,2025-10-14 06:15:00+00:00,dt_sr_channel_reversal,151.77,0.0,0.0644,tp_sl,WIN,BUY,151.51,1.9402985074626187,152.035,1.187
False,,11384,1,2025-10-14 07:45:00+00:00,sr_break_retest,151.968,0.0,0.0451,signal_reverse,WIN,BUY,151.729,1.6608796296296982,152.212,0.667
False,,11387,1,2025-10-14 08:30:00+00:00,sr_fib_confluence,152.005,0.0,0.0461,signal_reverse,LOSS,SELL,152.293,0.979,151.71,0.979
False,,11390,6,2025-10-14 09:15:00+00:00,sr_fib_confluence,152.069,0.0,0.0468,signal_reverse,LOSS,BUY,151.817,0.223,152.325,0.223
False,,11398,6,2025-10-14 11:15:00+00:00,sr_fib_confluence,152.045,0.0,0.0504,tp_sl,WIN,BUY,151.842,1.5762273901809871,152.253,0.965
False,,11406,1,2025-10-14 13:15:00+00:00,intraday_seasonality,151.971,0.0,0.0479,tp_sl,WIN,SELL,152.267,2.25826972010168,151.669,1.382
False,,11411,2,2025-10-14 14:30:00+00:00,orb_trap,151.983,0.0,0.0433,tp_sl,WIN,SELL,152.164,1.2528735632184276,151.797,1.2779310344828432
False,,11416,1,2025-10-14 15:45:00+00:00,streak_reversal,151.78,0.0,0.0439,tp_sl,WIN,BUY,151.139,4.481351981351881,152.434,2.743
True,,11420,3,2025-10-14 16:45:00+00:00,dt_bb_rsi_mr,151.747,0.0,0.0462,tp_sl,WIN,BUY,151.618,0.8867816091955367,151.901,0.638
True,0.803,11425,5,2025-10-14 18:00:00+00:00,dt_bb_rsi_mr,151.744,0.0,0.0574,tp_sl,LOSS,BUY,151.658,0.6692506459950165,151.848,0.8031007751940198
False,2.943,11452,4,2025-10-15 00:45:00+00:00,session_time_bias,151.567,0.0,0.1081,tp_sl,LOSS,BUY,151.277,2.4528248587570762,151.886,2.7033898305086175
False,,11474,2,2025-10-15 06:15:00+00:00,vol_spike_mr,151.038,0.0,0.0744,signal_reverse,WIN,BUY,150.792,2.119252873563251,151.288,0.765
False,,11478,2,2025-10-15 07:15:00+00:00,streak_reversal,151.251,0.0,0.0556,tp_sl,WIN,SELL,151.878,5.363247863248087,150.61,3.282
False,,11486,10,2025-10-15 09:15:00+00:00,sr_fib_confluence,151.393,0.0,0.0516,tp_sl,WIN,BUY,151.174,1.7394179894179864,151.617,1.774206349206486
False,,11499,1,2025-10-15 12:30:00+00:00,xs_momentum,151.612,0.0,0.056,tp_sl,WIN,BUY,151.352,2.2485632183909647,151.879,1.376
False,,11503,1,2025-10-15 13:30:00+00:00,dt_fib_reversal,151.509,0.0,0.051,signal_reverse,WIN,SELL,151.724,1.7479674796748246,151.289,0.646
False,,11506,4,2025-10-15 14:15:00+00:00,sr_fib_confluence,151.361,0.0,0.049,signal_reverse,LOSS,BUY,151.135,2.387,151.592,2.387
False,,11512,1,2025-10-15 15:45:00+00:00,london_fix_reversal,151.217,0.0,0.0436,signal_reverse,LOSS,BUY,151.036,0.039,151.402,0.039
False,,11515,1,2025-10-15 16:30:00+00:00,xs_momentum,151.208,0.0,0.0493,tp_sl,WIN,SELL,151.514,2.248774509803966,150.896,1.376
False,,11519,12,2025-10-15 17:30:00+00:00,sr_fib_confluence,151.284,0.0,0.0561,tp_sl,WIN,SELL,151.471,1.4204545454545454,151.092,1.4488636363636105
False,,11548,1,2025-10-16 00:45:00+00:00,session_time_bias,150.72,0.0,0.0892,signal_reverse,LOSS,BUY,150.452,0.416,151.007,0.416
False,,11552,4,2025-10-16 01:45:00+00:00,session_time_bias,150.61,0.0,0.0892,tp_sl,WIN,BUY,150.259,2.4552447552447725,150.997,1.624
False,,11565,5,2025-10-16 05:00:00+00:00,session_time_bias,151.136,0.0,0.0784,tp_sl,WIN,BUY,150.953,1.6590909090909505,151.355,1.195
False,1.809,11572,2,2025-10-16 06:45:00+00:00,sr_fib_confluence,151.203,0.0,0.0737,tp_sl,LOSS,BUY,151.005,1.68803418803411,151.404,1.7217948717948215
False,,11576,8,2025-10-16 07:45:00+00:00,sr_fib_confluence,151.248,0.0,0.0451,tp_sl,WIN,BUY,150.963,1.9791666666666432,151.539,1.211
False,,11590,4,2025-10-16 11:15:00+00:00,intraday_seasonality,151.363,0.0,0.0565,tp_sl,LOSS,BUY,151.104,2.2536231884057245,151.628,2.2986956521739774
True,,11602,1,2025-10-16 14:15:00+00:00,dt_bb_rsi_mr,150.906,0.0,0.0448,signal_reverse,LOSS,BUY,150.766,0.982,151.074,0.982
False,,11605,1,2025-10-16 15:00:00+00:00,dt_bb_rsi_mr,150.827,0.0,0.0468,signal_reverse,LOSS,BUY,150.586,0.616,151.074,0.616
False,,11608,1,2025-10-16 15:45:00+00:00,xs_momentum,150.74,0.0,0.0486,tp_sl,WIN,SELL,150.956,1.6731266149868802,150.52,1.024
False,,11611,2,2025-10-16 16:30:00+00:00,xs_momentum,150.432,0.0,0.0469,tp_sl,WIN,SELL,150.755,2.255244755244692,150.103,1.38
False,,11615,7,2025-10-16 17:30:00+00:00,xs_momentum,150.335,0.0,0.0493,tp_sl,WIN,SELL,150.585,1.6666666666666667,150.08,1.02
False,4.006,11670,14,2025-10-17 07:15:00+00:00,vix_carry_unwind,149.615,0.0,0.0417,tp_sl,LOSS,SELL,150.135,3.338675213675274,148.99,4.006410256410256
False,,11686,1,2025-10-17 11:15:00+00:00,vol_spike_mr,150.264,0.0,0.0367,signal_reverse,WIN,SELL,150.53,1.5018832391712935,149.993,0.158
False,,11689,3,2025-10-17 12:00:00+00:00,xs_momentum,150.371,0.0,0.0367,tp_sl,WIN,BUY,149.972,2.2551789077211564,150.779,1.38
False,,11694,1,2025-10-17 13:15:00+00:00,streak_reversal,150.241,0.0,0.0378,tp_sl,WIN,BUY,150.009,1.4006024096384788,150.478,0.857
False,,11697,4,2025-10-17 14:00:00+00:00,xs_momentum,150.578,0.0,0.0343,tp_sl,LOSS,BUY,150.274,1.662112932604622,150.889,1.6953551912568108
False,,11703,17,2025-10-17 15:30:00+00:00,streak_reversal,150.293,0.0,0.0378,tp_sl,WIN,BUY,150.013,1.6867469879516428,150.579,1.032
False,1.753,11756,7,2025-10-20 05:00:00+00:00,sr_fib_confluence,150.57,0.0,0.075,tp_sl,LOSS,SELL,150.743,1.4999999999998714,150.394,1.5300000000000022
False,,11765,3,2025-10-20 07:15:00+00:00,streak_reversal,150.784,0.0,0.0546,tp_sl,WIN,SELL,151.009,1.8977591036414025,150.553,1.161
False,,11772,1,2025-10-20 09:00:00+00:00,streak_reversal,150.429,0.0,0.0481,signal_reverse,WIN,BUY,150.044,2.8580246913579517,150.823,1.23
False,,11775,1,2025-10-20 09:45:00+00:00,sr_fib_confluence,150.724,0.0,0.0474,signal_reverse,LOSS,SELL,150.907,0.285,150.536,0.285
False,,11779,3,2025-10-20 10:45:00+00:00,streak_reversal,150.706,0.0,0.0528,tp_sl,WIN,BUY,150.405,2.4525745257451064,151.014,1.501
False,,11793,14,2025-10-20 14:15:00+00:00,streak_reversal,150.531,0.0,0.0514,tp_sl,WIN,BUY,150.015,4.234972677595737,151.058,2.592
False,,11834,2,2025-10-21 00:30:00+00:00,vix_carry_unwind,150.547,0.0,0.1214,signal_reverse,LOSS,SELL,150.883,1.929,150.169,1.929
False,,11838,1,2025-10-21 01:30:00+00:00,session_time_bias,150.887,0.0,0.0996,tp_sl,WIN,BUY,150.573,2.4526041666665943,151.233,1.622
False,,11852,1,2025-10-21 05:00:00+00:00,session_time_bias,151.245,0.0,0.0571,tp_sl,WIN,BUY,150.905,2.246136865342191,151.652,1.617
False,,11859,5,2025-10-21 06:45:00+00:00,vol_spike_mr,151.256,0.0,0.0564,tp_sl,WIN,BUY,151.026,1.497821350762651,151.489,0.917
False,,11867,4,2025-10-21 08:45:00+00:00,tokyo_range_breakout_up,151.611,0.0,0.0401,tp_sl,WIN,BUY,151.367,1.5020576131687617,151.859,1.5320987654320808
False,,11880,3,2025-10-21 12:00:00+00:00,xs_momentum,152.021,0.0,0.0461,tp_sl,WIN,BUY,151.787,1.6607565011821355,152.26,1.016
False,,11885,12,2025-10-21 13:15:00+00:00,streak_reversal,151.851,0.0,0.0405,tp_sl,LOSS,BUY,151.208,4.1505376344084945,152.507,4.233548387096672
False,,11930,1,2025-10-22 00:30:00+00:00,session_time_bias,151.672,0.0,0.1614,tp_sl,LOSS,BUY,151.523,1.8772151898734948,151.831,2.0126582278483576
False,,11933,9,2025-10-22 01:15:00+00:00,session_time_bias,151.718,0.0,0.1449,tp_sl,WIN,BUY,151.553,1.8666666666666227,151.894,1.2
False,,11948,2,2025-10-22 05:00:00+00:00,sr_fib_confluence,151.744,0.0,0.1052,tp_sl,WIN,BUY,151.611,1.6158536585365022,151.879,0.989
False,,11955,2,2025-10-22 06:45:00+00:00,streak_reversal,151.741,0.0,0.0991,tp_sl,WIN,BUY,151.343,4.568965517241471,152.146,2.796
False,,11959,13,2025-10-22 07:45:00+00:00,post_news_vol,151.828,0.0,0.0663,tp_sl,LOSS,BUY,151.467,3.690476190476024,152.197,3.764285714285678
False,,11983,4,2025-10-22 13:45:00+00:00,xs_momentum,151.978,0.0,0.0586,tp_sl,LOSS,BUY,151.801,1.6588785046729821,152.159,1.6920560747663462
False,,11989,1,2025-10-22 15:15:00+00:00,streak_reversal,151.779,0.0,0.0565,tp_sl,WIN,BUY,151.33,4.046546546546707,152.237,2.476
False,,11992,1,2025-10-22 16:00:00+00:00,london_fix_reversal,151.807,0.0,0.0626,tp_sl,LOSS,BUY,151.673,1.2500000000001912,151.943,1.275000000000025
False,,11995,1,2025-10-22 16:45:00+00:00,london_fix_reversal,151.769,0.0,0.0573,tp_sl,LOSS,BUY,151.619,1.2820512820513306,151.922,1.3076923076922358
False,,11998,2,2025-10-22 17:30:00+00:00,streak_reversal,151.619,0.0,0.0632,tp_sl,WIN,BUY,151.35,2.3005698005698942,151.894,1.408
False,,12007,16,2025-10-22 19:45:00+00:00,sr_anti_hunt_bounce,151.987,0.0,0.0747,tp_sl,WIN,BUY,150.771,12.28754208754204,153.208,7.398
False,,12028,1,2025-10-23 01:00:00+00:00,session_time_bias,152.281,0.0,0.1328,tp_sl,WIN,BUY,152.102,1.866666666666757,152.473,1.2
False,,12031,6,2025-10-23 01:45:00+00:00,session_time_bias,152.421,0.0,0.1262,tp_sl,WIN,BUY,152.233,1.858415841584224,152.622,1.194
False,,12044,5,2025-10-23 05:00:00+00:00,intraday_seasonality,152.386,0.0,0.1065,tp_sl,WIN,BUY,152.254,1.625514403292457,152.52,1.6580246913583272
False,,12054,3,2025-10-23 07:30:00+00:00,streak_reversal,152.448,0.0,0.0644,tp_sl,WIN,BUY,151.802,6.402640264026207,153.108,3.918
False,,12060,6,2025-10-23 09:00:00+00:00,sr_break_retest,152.612,0.0,0.0663,tp_sl,WIN,BUY,152.45,1.6581632653063545,152.778,1.015
False,2.31,12068,5,2025-10-23 11:00:00+00:00,intraday_seasonality,152.752,0.0,0.0707,tp_sl,LOSS,BUY,152.546,2.2463768115940135,152.963,2.2913043478261534
False,,12075,1,2025-10-23 12:45:00+00:00,streak_reversal,152.536,0.0,0.0707,tp_sl,WIN,BUY,151.87,7.2463768115941,153.216,4.435
False,,12078,11,2025-10-23 13:30:00+00:00,dual_sr_bounce,152.675,0.0,0.0628,tp_sl,WIN,BUY,152.55,1.25,152.803,0.765
True,,12101,7,2025-10-23 19:15:00+00:00,dt_bb_rsi_mr,152.551,0.0,0.1,tp_sl,WIN,BUY,152.477,0.9999999999997818,152.64,0.72
False,,12123,1,2025-10-24 00:45:00+00:00,session_time_bias,152.655,0.0,0.1594,tp_sl,WIN,BUY,152.505,1.866666666666461,152.815,1.9999999999999574
False,,12126,13,2025-10-24 01:30:00+00:00,session_time_bias,152.859,0.0,0.1449,tp_sl,WIN,BUY,152.694,1.876136363636311,153.036,1.207
False,2.011,12141,6,2025-10-24 05:15:00+00:00,session_time_bias,153.031,0.0,0.0991,tp_sl,LOSS,BUY,152.885,1.6762452107280783,153.206,2.011494252873694
False,,12149,3,2025-10-24 07:15:00+00:00,sr_fib_confluence,152.774,0.0,0.0644,tp_sl,WIN,BUY,152.591,1.815181518152134,152.962,1.8514851485149684
False,4.614,12156,13,2025-10-24 09:00:00+00:00,streak_reversal,152.932,0.0,0.0644,tp_sl,LOSS,BUY,152.544,3.8448844884487245,153.329,3.921782178217722
False,,12172,1,2025-10-24 13:00:00+00:00,sr_anti_hunt_bounce,152.746,0.0,0.0465,tp_sl,WIN,BUY,151.795,7.04320987654333,153.716,4.31
False,,12175,16,2025-10-24 13:45:00+00:00,post_news_vol,152.819,0.0,0.0418,tp_sl,LOSS,BUY,152.224,3.9666666666666592,153.426,4.045999999999974
False,,12222,2,2025-10-27 01:30:00+00:00,session_time_bias,152.788,0.0,0.1063,tp_sl,WIN,BUY,152.563,1.8736111111112546,153.029,1.205
False,1.975,12236,3,2025-10-27 05:00:00+00:00,session_time_bias,153.237,0.0,0.0918,tp_sl,LOSS,BUY,153.079,1.6755319148939072,153.426,2.0106382978725676
False,,12241,22,2025-10-27 06:15:00+00:00,streak_reversal,153.014,0.0,0.0908,tp_sl,LOSS,BUY,152.58,4.56140350877197,153.456,4.652631578947445
True,,12265,1,2025-10-27 12:15:00+00:00,dt_sr_channel_reversal,152.736,0.0,0.0586,tp_sl,WIN,BUY,152.695,0.37162162162179574,152.786,0.4459459459461549
False,,12270,13,2025-10-27 13:30:00+00:00,xs_momentum,153.172,0.0,0.0514,tp_sl,LOSS,BUY,152.969,1.6666666666667815,153.38,1.7000000000000568
True,,12293,6,2025-10-27 19:15:00+00:00,dt_sr_channel_reversal,152.904,0.0,0.0804,tp_sl,LOSS,BUY,152.813,0.992753623188615,153.014,1.1913043478263998
False,,12317,4,2025-10-28 01:15:00+00:00,vix_carry_unwind,152.442,0.0,0.1128,tp_sl,WIN,SELL,152.841,3.52595870206499,151.991,2.395
False,,12336,9,2025-10-28 06:00:00+00:00,streak_reversal,151.923,0.0,0.0663,signal_reverse,WIN,SELL,152.393,3.615384615384825,151.444,0.383
False,,12348,9,2025-10-28 09:00:00+00:00,dt_sr_channel_reversal,151.988,0.0,0.0448,signal_reverse,WIN,BUY,151.767,1.5287356321838899,152.215,0.359
False,,12359,1,2025-10-28 11:45:00+00:00,intraday_seasonality,152.035,0.0,0.0528,tp_sl,WIN,BUY,151.76,2.242547425474295,152.317,1.372
False,,12362,1,2025-10-28 12:30:00+00:00,sr_break_retest,152.178,0.0,0.0512,tp_sl,WIN,BUY,151.988,1.5026246719159866,152.373,0.92
False,,12365,2,2025-10-28 13:15:00+00:00,sr_fib_confluence,152.275,0.0,0.0483,tp_sl,LOSS,BUY,152.109,1.282051282051209,152.445,1.3076923076922113
False,,12369,8,2025-10-28 14:15:00+00:00,streak_reversal,152.08,0.0,0.0479,tp_sl,WIN,BUY,151.699,2.9071246819338015,152.469,1.779
True,,12386,1,2025-10-28 18:30:00+00:00,dt_bb_rsi_mr,152.183,0.0,0.0673,tp_sl,WIN,SELL,152.241,0.5272727272729195,152.113,0.6327272727273484
False,,12397,9,2025-10-28 21:15:00+00:00,vix_carry_unwind,152.059,0.0,0.0982,tp_sl,WIN,SELL,152.454,3.5258928571429187,151.612,2.395
False,,12408,2,2025-10-29 00:00:00+00:00,vix_carry_unwind,151.708,0.0,0.0951,tp_sl,WIN,SELL,152.181,3.527114427860916,151.173,2.396
False,,12412,1,2025-10-29 01:00:00+00:00,session_time_bias,151.657,0.0,0.0867,signal_reverse,WIN,BUY,151.297,2.4448979591838245,152.053,1.459
False,,12428,1,2025-10-29 05:00:00+00:00,session_time_bias,152.193,0.0,0.0707,tp_sl,WIN,BUY,151.919,2.2404371584700042,152.521,2.6885245901639587
True,,12431,3,2025-10-29 05:45:00+00:00,dt_bb_rsi_mr,152.351,0.0,0.0634,tp_sl,WIN,SELL,152.487,0.9999999999999681,152.188,1.19999999999992
False,,12436,3,2025-10-29 07:00:00+00:00,streak_reversal,152.114,0.0,0.05,tp_sl,WIN,BUY,151.715,3.0705128205126515,152.522,1.879
False,,12447,2,2025-10-29 09:45:00+00:00,streak_reversal,152.233,0.0,0.0512,tp_sl,WIN,BUY,151.667,4.461942257217818,152.811,2.731
False,,12462,3,2025-10-29 13:30:00+00:00,wick_imbalance_reversion,151.97,0.0,0.051,tp_sl,WIN,BUY,151.747,1.815718157181538,152.198,1.111
False,,12467,3,2025-10-29 14:45:00+00:00,orb_trap,152.024,0.0,0.0532,tp_sl,WIN,SELL,152.275,2.132768361581908,151.767,1.305
False,1.691,12473,4,2025-10-29 16:15:00+00:00,vol_spike_mr,152.03,0.0,0.0545,tp_sl,LOSS,SELL,152.204,1.409214092141026,151.854,1.437398373983625
False,2.805,12506,9,2025-10-30 00:30:00+00:00,session_time_bias,152.62,0.0,0.0823,tp_sl,LOSS,BUY,152.24,2.4473118279570003,153.038,2.6967741935484284
False,,12524,5,2025-10-30 05:00:00+00:00,session_time_bias,152.807,0.0,0.0407,tp_sl,WIN,BUY,152.328,2.2562893081761937,153.381,2.7075471698113787
False,,12531,1,2025-10-30 06:45:00+00:00,intraday_seasonality,153.35,0.0,0.0401,tp_sl,WIN,BUY,152.865,2.251937984496191,153.843,1.378
False,,12536,2,2025-10-30 08:00:00+00:00,tokyo_range_breakout_up,153.712,0.0,0.0307,tp_sl,WIN,BUY,153.394,1.5015723270440002,154.037,0.919
False,,12549,1,2025-10-30 11:15:00+00:00,sr_break_retest,153.921,0.0,0.043,tp_sl,WIN,BUY,153.669,1.672185430463561,154.179,1.023
False,,12552,3,2025-10-30 12:00:00+00:00,xs_momentum,154.171,0.0,0.0433,tp_sl,WIN,BUY,153.921,1.6722222222222172,154.427,1.7056666666665403
False,,12559,4,2025-10-30 13:45:00+00:00,xs_momentum,154.2,0.0,0.0416,tp_sl,WIN,BUY,153.949,1.6666666666666567,154.457,1.02
False,,12566,21,2025-10-30 15:30:00+00:00,streak_reversal,154.115,0.0,0.0436,tp_sl,LOSS,BUY,153.873,1.6840277777778252,154.363,1.717708333333216
False,,12603,11,2025-10-31 00:45:00+00:00,session_time_bias,153.901,0.0,0.1203,tp_sl,WIN,BUY,153.643,2.432704402515774,154.185,1.608
False,,12620,4,2025-10-31 05:00:00+00:00,session_time_bias,153.961,0.0,0.0863,tp_sl,WIN,BUY,153.795,1.6583333333335304,154.16,1.194
False,,12626,1,2025-10-31 06:30:00+00:00,liquidity_sweep,154.179,0.0,0.0731,tp_sl,WIN,BUY,153.732,3.785310734463206,154.634,2.317
False,,12633,5,2025-10-31 08:15:00+00:00,wick_imbalance_reversion,154.365,0.0,0.0496,tp_sl,LOSS,BUY,154.133,1.774809160305248,154.603,1.8103053435113399
False,,12640,9,2025-10-31 10:00:00+00:00,sr_fib_confluence,154.111,0.0,0.0556,tp_sl,WIN,BUY,153.935,1.5028490028488506,154.29,0.92
False,,12657,14,2025-10-31 14:15:00+00:00,orb_trap,154.083,0.0,0.0498,tp_sl,LOSS,BUY,153.792,2.308201058200989,154.38,2.3543650793650763
False,,12695,21,2025-11-03 00:45:00+00:00,session_time_bias,154.183,0.0,0.1635,tp_sl,LOSS,BUY,153.991,2.4542735042737207,154.394,2.7051282051283683
False,2.685,12720,5,2025-11-03 07:00:00+00:00,tokyo_range_breakout_up,154.256,0.0,0.1,tp_sl,LOSS,BUY,154.09,2.5641025641028556,154.427,2.61538461538486
True,,12752,1,2025-11-03 15:00:00+00:00,dt_bb_rsi_mr,154.021,0.0,0.0826,tp_sl,WIN,BUY,153.945,0.9999999999999133,154.112,1.1999999999998212
True,,12756,6,2025-11-03 16:00:00+00:00,dt_sr_channel_reversal,154.1,0.0,0.0807,tp_sl,WIN,BUY,154.051,0.5853413654619314,154.158,0.7024096385542492
False,,12790,1,2025-11-04 00:30:00+00:00,session_time_bias,154.316,0.0,0.1903,tp_sl,WIN,BUY,154.191,1.8666666666666996,154.45,1.2
False,1.893,12793,1,2025-11-04 01:15:00+00:00,session_time_bias,154.469,0.0,0.1656,tp_sl,LOSS,BUY,154.325,1.8666666666666225,154.623,1.9999999999999527
False,,12812,12,2025-11-04 06:00:00+00:00,streak_reversal,153.649,0.0,0.0757,tp_sl,WIN,BUY,153.066,5.109649122806858,154.243,3.127
False,,12827,3,2025-11-04 09:45:00+00:00,streak_reversal,153.484,0.0,0.0471,signal_reverse,WIN,BUY,153.105,2.7475845410627744,153.871,0.587
False,,12839,3,2025-11-04 12:45:00+00:00,sr_break_retest,153.52,0.0,0.057,tp_sl,WIN,SELL,153.711,1.673976608187108,153.326,1.70745614035084
False,,12845,4,2025-11-04 14:15:00+00:00,streak_reversal,153.468,0.0,0.056,tp_sl,WIN,SELL,154.134,5.952380952380867,152.788,3.643
False,1.5,12851,3,2025-11-04 15:45:00+00:00,london_fix_reversal,153.379,0.0,0.0565,tp_sl,LOSS,SELL,153.517,1.2500000000001434,153.237,1.275000000000013
True,,12857,1,2025-11-04 17:15:00+00:00,dt_bb_rsi_mr,153.55,0.0,0.0755,tp_sl,LOSS,SELL,153.622,0.7363945578232135,153.463,0.8836734693877982
True,,12870,3,2025-11-04 20:30:00+00:00,dt_bb_rsi_mr,153.651,0.0,0.1467,tp_sl,WIN,SELL,153.721,0.9333333333332424,153.567,0.672
False,,12885,1,2025-11-05 00:15:00+00:00,vix_carry_unwind,153.481,0.0,0.15,tp_sl,WIN,SELL,153.752,3.180392156862661,153.177,2.146
False,,12888,1,2025-11-05 01:00:00+00:00,vix_carry_unwind,153.107,0.0,0.1214,tp_sl,WIN,SELL,153.478,3.5333333333331516,152.687,2.4
False,,12891,3,2025-11-05 01:45:00+00:00,session_time_bias,153.169,0.0,0.1045,signal_reverse,WIN,BUY,152.87,2.4472677595627776,153.498,1.111
False,,12904,4,2025-11-05 05:00:00+00:00,session_time_bias,153.537,0.0,0.0829,tp_sl,WIN,BUY,153.302,2.251602564102703,153.818,1.621
False,,12910,1,2025-11-05 06:30:00+00:00,vol_spike_mr,153.715,0.0,0.0814,tp_sl,WIN,SELL,153.849,1.2578616352203225,153.579,1.2830188679247556
False,,12919,3,2025-11-05 08:45:00+00:00,streak_reversal,153.498,0.0,0.056,tp_sl,WIN,BUY,153.239,2.2341954022987784,153.763,1.367
False,,12924,6,2025-11-05 10:00:00+00:00,streak_reversal,153.743,0.0,0.057,tp_sl,WIN,SELL,154.308,4.956140350877173,153.166,3.033
False,,12934,4,2025-11-05 12:30:00+00:00,streak_reversal,153.701,0.0,0.067,signal_reverse,LOSS,SELL,154.019,2.887,153.376,2.887
False,,12940,3,2025-11-05 14:00:00+00:00,xs_momentum,153.987,0.0,0.0628,tp_sl,WIN,BUY,153.762,2.249999999999943,154.217,2.295000000000016
False,,12945,1,2025-11-05 15:15:00+00:00,vol_spike_mr,154.186,0.0,0.0555,signal_reverse,LOSS,SELL,154.426,1.111,153.941,1.111
False,1.991,12950,5,2025-11-05 16:30:00+00:00,xs_momentum,154.243,0.0,0.0615,tp_sl,LOSS,BUY,154.062,1.6590214067278843,154.427,1.692201834862369
False,,12982,1,2025-11-06 00:30:00+00:00,session_time_bias,153.971,0.0,0.1594,tp_sl,LOSS,BUY,153.821,1.8770833333334735,154.132,2.012500000000017
False,,12986,12,2025-11-06 01:30:00+00:00,session_time_bias,153.939,0.0,0.15,tp_sl,WIN,BUY,153.781,1.8568627450981559,154.108,1.193
False,,13000,8,2025-11-06 05:00:00+00:00,intraday_seasonality,153.902,0.0,0.1052,tp_sl,WIN,BUY,153.767,1.6361788617885162,154.038,1.001
False,,13010,1,2025-11-06 07:30:00+00:00,dual_sr_bounce,153.806,0.0,0.0774,tp_sl,WIN,SELL,153.911,1.249999999999878,153.698,1.2750000000000312
False,,13014,1,2025-11-06 08:30:00+00:00,dt_sr_channel_reversal,153.758,0.0,0.0714,tp_sl,LOSS,BUY,153.596,1.7857142857142232,153.924,1.8214285714286014
False,,13020,3,2025-11-06 10:00:00+00:00,dt_sr_channel_reversal,153.737,0.0,0.0677,signal_reverse,LOSS,BUY,153.572,0.208,153.907,0.208
False,,13025,3,2025-11-06 11:15:00+00:00,wick_imbalance_reversion,153.701,0.0,0.0802,tp_sl,WIN,SELL,153.85,1.8415637860083098,153.548,1.127
False,,13030,3,2025-11-06 12:30:00+00:00,xs_momentum,153.642,0.0,0.0739,tp_sl,WIN,SELL,153.788,1.6666666666667658,153.492,1.7000000000002369
False,,13035,1,2025-11-06 13:45:00+00:00,streak_reversal,153.508,0.0,0.069,signal_reverse,WIN,BUY,153.254,2.793040293039939,153.768,0.126
False,,13038,1,2025-11-06 14:30:00+00:00,xs_momentum,153.483,0.0,0.0682,tp_sl,WIN,SELL,153.689,2.2463768115940135,153.272,2.2913043478261534
False,,13042,1,2025-11-06 15:30:00+00:00,xs_momentum,153.201,0.0,0.0586,tp_sl,WIN,SELL,153.378,1.6588785046727166,153.02,1.015
False,,13045,2,2025-11-06 16:15:00+00:00,xs_momentum,153.108,0.0,0.0593,tp_sl,WIN,SELL,153.292,1.6297935103245105,152.92,1.6623893805309504
False,1.795,13049,7,2025-11-06 17:15:00+00:00,xs_momentum,152.889,0.0,0.0643,tp_sl,LOSS,SELL,153.079,1.659420289855046,152.694,1.6926086956523843
False,,13076,3,2025-11-07 00:00:00+00:00,vix_carry_unwind,152.898,0.0,0.1192,signal_reverse,LOSS,SELL,153.275,3.724,152.471,3.724
False,,13096,1,2025-11-07 05:00:00+00:00,session_time_bias,153.189,0.0,0.0854,tp_sl,WIN,BUY,153.021,1.658415841584057,153.39,1.194
False,,13100,6,2025-11-07 06:00:00+00:00,streak_reversal,153.388,0.0,0.0863,signal_reverse,LOSS,SELL,153.802,0.052,152.967,0.052
False,,13108,2,2025-11-07 08:00:00+00:00,dual_sr_bounce,153.408,0.0,0.065,tp_sl,WIN,BUY,153.279,1.2999999999996703,153.541,0.796
False,,13113,6,2025-11-07 09:15:00+00:00,ema200_trend_reversal,153.452,0.0,0.0644,tp_sl,WIN,SELL,153.622,1.6831683168318405,153.278,1.7168316831684662
False,,13121,6,2025-11-07 11:15:00+00:00,sr_fib_confluence,153.09,0.0,0.067,tp_sl,WIN,SELL,153.235,1.5034364261169362,152.941,0.92
False,1.8,13129,1,2025-11-07 13:15:00+00:00,sr_fib_confluence,153.11,0.0,0.0661,tp_sl,LOSS,SELL,153.252,1.5000000000001317,152.964,1.5300000000000804
False,,13132,1,2025-11-07 14:00:00+00:00,xs_momentum,153.346,0.0,0.0609,signal_reverse,WIN,SELL,153.518,1.6747572815532548,153.17,0.83
False,,13135,1,2025-11-07 14:45:00+00:00,sr_break_retest,153.331,0.0,0.0527,signal_reverse,LOSS,BUY,153.165,1.853,153.501,1.853
False,2.103,13138,15,2025-11-07 15:30:00+00:00,sr_fib_confluence,153.106,0.0,0.0461,tp_sl,LOSS,SELL,153.344,1.7524509803922348,152.863,1.7874999999999874
False,,13174,2,2025-11-10 00:30:00+00:00,session_time_bias,153.812,0.0,0.0973,tp_sl,WIN,BUY,153.491,2.445547073791172,154.165,1.617
False,,13179,6,2025-11-10 01:45:00+00:00,session_time_bias,153.836,0.0,0.1071,tp_sl,WIN,BUY,153.544,2.4549019607843645,154.158,1.624
False,,13192,9,2025-11-10 05:00:00+00:00,session_time_bias,154.044,0.0,0.0871,tp_sl,WIN,BUY,153.879,1.6666666666665861,154.242,1.2
False,,13205,1,2025-11-10 08:15:00+00:00,dual_sr_bounce,154.012,0.0,0.0619,tp_sl,WIN,BUY,153.881,1.2499999999999458,154.146,1.274999999999896
False,,13210,15,2025-11-10 09:30:00+00:00,sr_break_retest,154.175,0.0,0.0663,tp_sl,LOSS,BUY,154.029,1.4965986394558712,154.325,1.5265306122451103
False,,13237,4,2025-11-10 16:15:00+00:00,streak_reversal,153.943,0.0,0.0761,tp_sl,WIN,BUY,153.399,6.183712121212311,154.498,3.784
False,,13270,1,2025-11-11 00:30:00+00:00,session_time_bias,154.271,0.0,0.1747,tp_sl,WIN,BUY,154.091,2.4602739726026512,154.469,1.627
False,,13273,2,2025-11-11 01:15:00+00:00,session_time_bias,154.432,0.0,0.1574,tp_sl,LOSS,BUY,154.281,1.8666666666668776,154.594,2.000000000000076
False,,13288,12,2025-11-11 05:00:00+00:00,streak_reversal,154.26,0.0,0.115,tp_sl,WIN,BUY,153.949,4.144444444444465,154.577,2.536
False,5.014,13311,9,2025-11-11 10:45:00+00:00,streak_reversal,154.243,0.0,0.0878,tp_sl,LOSS,BUY,153.934,4.1779279279279695,154.559,4.261486486486421
False,2.707,13322,4,2025-11-11 13:30:00+00:00,xs_momentum,153.698,0.0,0.0634,tp_sl,LOSS,SELL,153.921,2.255892255892214,153.47,2.301010101010121
False,,13328,8,2025-11-11 15:00:00+00:00,sr_fib_confluence,154.069,0.0,0.057,tp_sl,WIN,SELL,154.26,1.7348484848484573,153.874,1.062
False,,13366,1,2025-11-12 00:30:00+00:00,session_time_bias,154.259,0.0,0.1678,tp_sl,WIN,BUY,154.073,2.4478070175439672,154.464,1.618
False,,13370,6,2025-11-12 01:30:00+00:00,session_time_bias,154.322,0.0,0.1678,tp_sl,WIN,BUY,154.134,2.4697368421053505,154.529,1.634
False,,13384,1,2025-11-12 05:00:00+00:00,session_time_bias,154.753,0.0,0.0969,tp_sl,LOSS,BUY,154.603,1.6760299625468889,154.932,2.0112359550562027
False,,13387,1,2025-11-12 05:45:00+00:00,streak_reversal,154.644,0.0,0.0871,tp_sl,WIN,BUY,154.233,4.149831649831608,155.063,2.54
False,,13393,2,2025-11-12 07:15:00+00:00,streak_reversal,154.551,0.0,0.0644,tp_sl,WIN,BUY,154.269,2.7970297029702857,154.84,1.712
False,,13400,3,2025-11-12 09:00:00+00:00,intraday_seasonality,154.806,0.0,0.0631,tp_sl,WIN,BUY,154.576,2.241100323624489,155.042,1.372
False,,13413,3,2025-11-12 12:15:00+00:00,streak_reversal,154.742,0.0,0.0765,tp_sl,WIN,BUY,154.209,6.2745098039215454,155.286,3.84
False,,13418,2,2025-11-12 13:30:00+00:00,xs_momentum,154.954,0.0,0.0747,tp_sl,WIN,BUY,154.814,1.6666666666668426,155.097,1.02
False,,13427,19,2025-11-12 15:45:00+00:00,streak_reversal,154.746,0.0,0.0697,tp_sl,LOSS,BUY,154.208,5.98148148148141,155.295,6.101111111110906
False,,13462,1,2025-11-13 00:30:00+00:00,session_time_bias,154.845,0.0,0.1555,tp_sl,WIN,BUY,154.688,1.917479674796626,155.014,1.237
False,,13480,4,2025-11-13 05:00:00+00:00,session_time_bias,154.879,0.0,0.1015,tp_sl,WIN,BUY,154.688,2.2450980392156503,155.108,1.616
True,1.06,13492,1,2025-11-13 08:00:00+00:00,dt_bb_rsi_mr,154.736,0.0,0.0707,tp_sl,LOSS,BUY,154.654,0.883152173913167,154.833,1.059782608695615
False,,13495,7,2025-11-13 08:45:00+00:00,streak_reversal,154.519,0.0,0.0657,tp_sl,WIN,BUY,154.01,5.151515151515059,155.04,3.153
False,3.217,13510,8,2025-11-13 12:30:00+00:00,streak_reversal,154.678,0.0,0.0722,tp_sl,LOSS,BUY,154.405,3.037037037037117,154.957,3.097777777777664
False,1.922,13520,1,2025-11-13 15:00:00+00:00,dt_sr_channel_reversal,154.505,0.0,0.0615,tp_sl,LOSS,BUY,154.342,1.6013071895424207,154.672,1.633333333333219
False,,13523,1,2025-11-13 15:45:00+00:00,streak_reversal,154.199,0.0,0.0565,tp_sl,WIN,BUY,153.924,2.4774774774775286,154.48,1.516
False,,13527,16,2025-11-13 16:45:00+00:00,sr_break_retest,154.401,0.0,0.0568,tp_sl,WIN,BUY,154.224,1.4971751412430214,154.581,1.5271186440679108
False,1.969,13558,2,2025-11-14 00:30:00+00:00,session_time_bias,154.693,0.0,0.1214,tp_sl,LOSS,BUY,154.497,1.8666666666666472,154.903,2.000000000000076
False,,13563,17,2025-11-14 01:45:00+00:00,session_time_bias,154.511,0.0,0.1203,tp_sl,LOSS,BUY,154.251,2.448427672956011,154.797,2.6981132075471828
False,,13583,3,2025-11-14 06:45:00+00:00,wick_imbalance_reversion,154.605,0.0,0.0871,tp_sl,WIN,BUY,154.414,1.927609427609397,154.799,1.18
False,,13590,2,2025-11-14 08:30:00+00:00,streak_reversal,154.514,0.0,0.0586,tp_sl,WIN,BUY,154.103,3.7087087087086643,154.934,2.27
False,1.5,13605,1,2025-11-14 12:15:00+00:00,vol_spike_mr,154.313,0.0,0.0591,tp_sl,LOSS,BUY,154.176,1.2499999999998967,154.454,1.2749999999998223
False,,13608,2,2025-11-14 13:00:00+00:00,dt_bb_rsi_mr,153.866,0.0,0.0424,tp_sl,WIN,BUY,153.6,1.8018018018016995,154.138,1.8378378378377795
False,1.443,13613,1,2025-11-14 14:15:00+00:00,dual_sr_bounce,154.096,0.0,0.0369,tp_sl,LOSS,SELL,154.308,1.2500000000000333,153.879,1.2749999999999437
False,,13616,3,2025-11-14 15:00:00+00:00,sr_fib_confluence,154.288,0.0,0.0357,signal_reverse,LOSS,SELL,154.621,0.975,153.948,0.975
False,,13622,19,2025-11-14 16:30:00+00:00,streak_reversal,154.577,0.0,0.0432,tp_sl,LOSS,SELL,154.835,1.6612903225806013,154.315,1.6945161290323085
False,,13653,9,2025-11-17 00:30:00+00:00,session_time_bias,154.574,0.0,0.1037,tp_sl,WIN,BUY,154.272,2.456097560975576,154.907,1.624
False,,13672,1,2025-11-17 05:15:00+00:00,session_time_bias,154.642,0.0,0.1039,tp_sl,WIN,BUY,154.454,2.259036144578313,154.867,1.627
False,,13678,2,2025-11-17 06:45:00+00:00,streak_reversal,154.684,0.0,0.1027,tp_sl,WIN,BUY,154.121,6.696428571428571,155.257,4.098
False,,13685,14,2025-11-17 08:30:00+00:00,sr_anti_hunt_bounce,154.76,0.0,0.0714,tp_sl,WIN,BUY,153.838,10.137362637362788,155.701,6.204
False,,13711,3,2025-11-17 15:00:00+00:00,xs_momentum,155.277,0.0,0.0682,tp_sl,LOSS,BUY,155.124,1.6666666666666956,155.434,1.6999999999998996
False,,13716,3,2025-11-17 16:15:00+00:00,xs_momentum,155.147,0.0,0.0691,tp_sl,WIN,BUY,154.985,1.6666666666669088,155.312,1.02
False,,13722,7,2025-11-17 17:45:00+00:00,streak_reversal,155.167,0.0,0.0871,tp_sl,WIN,BUY,154.6,6.67647058823524,155.746,4.086
False,,13750,1,2025-11-18 00:45:00+00:00,session_time_bias,155.266,0.0,0.1656,tp_sl,WIN,BUY,155.122,1.8666666666666225,155.42,1.2
False,2.24,13754,9,2025-11-18 01:45:00+00:00,session_time_bias,155.208,0.0,0.1466,tp_sl,LOSS,BUY,155.045,1.86666666666689,155.382,2.000000000000076
False,,13767,3,2025-11-18 05:00:00+00:00,session_time_bias,155.097,0.0,0.0829,tp_sl,WIN,BUY,154.862,2.251602564102703,155.378,1.621
False,,13788,8,2025-11-18 10:15:00+00:00,sr_anti_hunt_bounce,155.291,0.0,0.0565,tp_sl,WIN,BUY,154.294,8.67391304347828,156.309,5.308
False,,13804,6,2025-11-18 14:15:00+00:00,sr_anti_hunt_bounce,155.282,0.0,0.0581,tp_sl,WIN,BUY,154.289,9.197530864197587,156.295,5.629
False,,13812,5,2025-11-18 16:15:00+00:00,london_fix_reversal,155.489,0.0,0.0504,tp_sl,WIN,BUY,155.322,1.2531328320801292,155.659,1.2781954887217104
False,,13845,1,2025-11-19 00:30:00+00:00,session_time_bias,155.437,0.0,0.1656,tp_sl,WIN,BUY,155.286,1.9640692640695006,155.6,1.27
False,2.546,13848,6,2025-11-19 01:15:00+00:00,session_time_bias,155.5,0.0,0.1555,tp_sl,LOSS,BUY,155.299,2.445934959349684,155.721,2.6951219512195563
False,,13863,4,2025-11-19 05:00:00+00:00,streak_reversal,155.331,0.0,0.1003,tp_sl,WIN,BUY,154.664,7.751937984496345,156.011,4.744
False,,13876,4,2025-11-19 08:15:00+00:00,tokyo_range_breakout_up,155.665,0.0,0.0707,tp_sl,WIN,BUY,155.499,1.8115942028984477,155.835,1.8478260869563858
False,,13882,2,2025-11-19 09:45:00+00:00,intraday_seasonality,155.953,0.0,0.0607,tp_sl,WIN,BUY,155.778,1.6433021806854575,156.133,1.6761682242990603
False,,13889,3,2025-11-19 11:30:00+00:00,streak_reversal,156.153,0.0,0.0631,tp_sl,WIN,BUY,155.487,6.4724919093852975,156.833,3.961
False,,13896,1,2025-11-19 13:15:00+00:00,xs_momentum,156.183,0.0,0.0576,tp_sl,WIN,BUY,156.002,1.6590214067276237,156.368,1.015
False,,13899,1,2025-11-19 14:00:00+00:00,xs_momentum,156.333,0.0,0.056,tp_sl,WIN,BUY,156.147,1.6592261904759502,156.523,1.015
False,,13902,10,2025-11-19 14:45:00+00:00,xs_momentum,156.635,0.0,0.0519,tp_sl,WIN,BUY,156.434,1.6597796143252035,156.84,1.69297520661175
False,,13943,1,2025-11-20 01:00:00+00:00,session_time_bias,157.107,0.0,0.1109,tp_sl,WIN,BUY,156.892,1.8666666666666,157.337,1.2
False,,13946,12,2025-11-20 01:45:00+00:00,session_time_bias,157.428,0.0,0.0981,tp_sl,WIN,BUY,157.109,2.4500000000000015,157.779,1.62
False,,13960,4,2025-11-20 05:15:00+00:00,session_time_bias,157.482,0.0,0.0744,tp_sl,WIN,BUY,157.287,1.6738505747125914,157.715,1.205
False,,13969,2,2025-11-20 07:30:00+00:00,streak_reversal,157.534,0.0,0.0537,tp_sl,LOSS,BUY,157.283,2.079889807162522,157.791,2.121487603305744
False,,13977,4,2025-11-20 09:30:00+00:00,dt_fib_reversal,157.178,0.0,0.0528,tp_sl,WIN,BUY,156.978,1.6327913279134116,157.383,1.6654471544717215
False,,13985,1,2025-11-20 11:30:00+00:00,sr_anti_hunt_bounce,157.48,0.0,0.0613,tp_sl,WIN,BUY,156.28,11.320754716981025,158.704,6.928
False,1.84,13989,3,2025-11-20 12:30:00+00:00,xs_momentum,157.697,0.0,0.0631,tp_sl,LOSS,BUY,157.527,1.6585760517798065,157.872,1.6917475728152647
False,,13994,2,2025-11-20 13:45:00+00:00,xs_momentum,157.578,0.0,0.0413,tp_sl,WIN,BUY,157.325,1.6666666666666468,157.837,1.02
False,,13998,1,2025-11-20 14:45:00+00:00,xs_momentum,157.616,0.0,0.039,tp_sl,WIN,BUY,157.347,1.671842650103588,157.891,1.023
False,,14004,9,2025-11-20 16:15:00+00:00,sr_fib_confluence,157.507,0.0,0.0372,tp_sl,WIN,BUY,157.102,2.250000000000006,157.92,1.377
False,2.054,14040,10,2025-11-21 01:15:00+00:00,session_time_bias,157.438,0.0,0.0892,tp_sl,LOSS,BUY,157.171,1.8666666666666227,157.724,2.0000000000000098
True,0.921,14055,3,2025-11-21 05:00:00+00:00,dt_sr_channel_reversal,157.221,0.0,0.0707,tp_sl,LOSS,BUY,157.127,0.7675887978142667,157.333,0.9211065573771666
True,0.794,14061,2,2025-11-21 06:30:00+00:00,dt_sr_channel_reversal,157.164,0.0,0.0701,tp_sl,LOSS,BUY,157.074,0.7274728997288555,157.271,0.8729674796747191
False,,14065,4,2025-11-21 07:30:00+00:00,streak_reversal,156.781,0.0,0.0481,tp_sl,WIN,BUY,156.115,4.938271604938201,157.461,3.022
False,2.218,14072,22,2025-11-21 09:15:00+00:00,dt_sr_channel_reversal,156.852,0.0,0.0417,tp_sl,LOSS,BUY,156.564,1.848290598290557,157.147,1.885256410256503
False,,14096,1,2025-11-21 15:15:00+00:00,vix_carry_unwind,156.403,0.0,0.0367,tp_sl,WIN,SELL,156.914,2.9922027290449384,155.789,2.154
False,,14099,1,2025-11-21 16:00:00+00:00,vix_carry_unwind,156.633,0.0,0.0356,tp_sl,WIN,SELL,157.196,2.9920212765955934,155.958,2.154
False,,14102,8,2025-11-21 16:45:00+00:00,xs_momentum,156.559,0.0,0.0354,tp_sl,WIN,SELL,156.983,2.244268077601475,156.127,1.373
False,1.952,14133,14,2025-11-24 00:30:00+00:00,session_time_bias,156.789,0.0,0.1159,tp_sl,LOSS,BUY,156.583,1.8666666666666225,157.009,1.9999999999999896
False,,14152,2,2025-11-24 05:15:00+00:00,session_time_bias,156.56,0.0,0.1078,tp_sl,WIN,BUY,156.421,1.729166666666515,156.726,1.245
False,,14159,2,2025-11-24 07:00:00+00:00,ema_cross,156.737,0.0,0.0813,tp_sl,WIN,BUY,156.609,1.6041666666666288,156.868,1.6362499999999613
False,,14164,1,2025-11-24 08:15:00+00:00,ema_cross,156.725,0.0,0.0707,tp_sl,WIN,BUY,156.557,1.829710144927417,156.897,1.8663043478259467
False,,14169,13,2025-11-24 09:30:00+00:00,streak_reversal,156.743,0.0,0.0613,tp_sl,WIN,BUY,156.106,6.014150943396388,157.394,3.681
False,,14184,3,2025-11-24 13:15:00+00:00,intraday_seasonality,156.934,0.0,0.0697,tp_sl,WIN,BUY,156.732,2.2499999999998486,157.141,1.377
False,,14190,2,2025-11-24 14:45:00+00:00,xs_momentum,157.054,0.0,0.064,tp_sl,WIN,BUY,156.835,2.2363945578231252,157.278,1.369
False,,14194,1,2025-11-24 15:45:00+00:00,sr_fib_confluence,156.796,0.0,0.0527,tp_sl,WIN,BUY,156.56,1.9887955182071462,157.038,1.217
False,,14197,12,2025-11-24 16:30:00+00:00,xs_momentum,156.913,0.0,0.0573,tp_sl,LOSS,BUY,156.718,1.6666666666666083,157.112,1.6999999999998336
False,,14232,12,2025-11-25 01:15:00+00:00,session_time_bias,156.683,0.0,0.1262,tp_sl,WIN,BUY,156.434,2.460726072607341,156.957,1.628
False,,14247,2,2025-11-25 05:00:00+00:00,session_time_bias,156.841,0.0,0.1106,tp_sl,LOSS,BUY,156.711,1.6666666666666083,156.997,2.000000000000076
False,,14257,1,2025-11-25 07:30:00+00:00,streak_reversal,156.563,0.0,0.0756,tp_sl,WIN,BUY,156.156,4.738372093022912,156.979,2.9
False,,14263,7,2025-11-25 09:00:00+00:00,streak_reversal,156.388,0.0,0.0619,tp_sl,WIN,BUY,156.094,2.8015873015874604,156.689,1.715
False,,14272,2,2025-11-25 11:15:00+00:00,intraday_seasonality,156.47,0.0,0.058,signal_reverse,LOSS,BUY,156.219,0.536,156.727,0.536
False,,14276,1,2025-11-25 12:15:00+00:00,xs_momentum,156.386,0.0,0.0625,tp_sl,WIN,SELL,156.62,2.251602564102703,156.147,1.378
False,,14279,1,2025-11-25 13:00:00+00:00,xs_momentum,156.144,0.0,0.0546,tp_sl,WIN,SELL,156.335,1.659420289855046,155.949,1.016
False,,14282,3,2025-11-25 13:45:00+00:00,xs_momentum,156.133,0.0,0.0479,tp_sl,WIN,SELL,156.351,1.6666666666666694,155.91,1.7000000000000246
False,1.993,14287,6,2025-11-25 15:00:00+00:00,xs_momentum,155.983,0.0,0.0445,tp_sl,LOSS,SELL,156.217,1.6607565011819339,155.744,1.6939716312055684
False,,14295,2,2025-11-25 17:00:00+00:00,intraday_seasonality,156.076,0.0,0.0497,signal_reverse,LOSS,BUY,155.742,1.254,156.417,1.254
True,,14323,2,2025-11-26 00:00:00+00:00,dt_bb_rsi_mr,156.158,0.0,0.1226,tp_sl,LOSS,SELL,156.256,0.9395032051280339,156.041,1.1274038461536953
False,2.932,14327,1,2025-11-26 01:00:00+00:00,session_time_bias,156.349,0.0,0.109,tp_sl,LOSS,BUY,156.063,2.443589743589727,156.664,2.6923076923076725
False,,14343,7,2025-11-26 05:00:00+00:00,session_time_bias,156.158,0.0,0.0639,tp_sl,WIN,BUY,155.854,2.2469135802467646,156.522,1.618
False,,14352,16,2025-11-26 07:15:00+00:00,tokyo_range_breakout_up,156.408,0.0,0.0508,tp_sl,WIN,BUY,156.242,1.3020833333332593,156.578,0.797
False,1.713,14371,4,2025-11-26 12:00:00+00:00,xs_momentum,156.555,0.0,0.0542,tp_sl,LOSS,BUY,156.356,1.659722222222134,156.759,1.6929166666666144
False,,14377,10,2025-11-26 13:30:00+00:00,xs_momentum,156.636,0.0,0.0468,tp_sl,LOSS,BUY,156.335,2.251243781094389,156.944,2.2962686567162893
False,,14389,5,2025-11-26 16:30:00+00:00,london_fix_reversal,156.358,0.0,0.0536,tp_sl,WIN,BUY,156.201,1.2533333333333303,156.518,0.767
False,,14421,1,2025-11-27 00:30:00+00:00,session_time_bias,156.117,0.0,0.1536,signal_reverse,LOSS,BUY,155.962,3.042,156.283,3.042
False,,14424,3,2025-11-27 01:15:00+00:00,vix_carry_unwind,155.804,0.0,0.1238,tp_sl,LOSS,SELL,156.169,3.541423948220078,155.391,4.009708737864184
False,,14439,2,2025-11-27 05:00:00+00:00,intraday_seasonality,155.893,0.0,0.0806,tp_sl,WIN,BUY,155.653,2.2429906542056925,156.137,1.373
False,,14443,3,2025-11-27 06:00:00+00:00,streak_reversal,156.006,0.0,0.077,signal_reverse,LOSS,SELL,156.451,1.833,155.552,1.833
False,,14448,14,2025-11-27 07:15:00+00:00,tokyo_range_breakout_up,156.25,0.0,0.0625,tp_sl,WIN,BUY,156.025,2.1634615384614837,156.48,1.324
False,,14467,7,2025-11-27 12:00:00+00:00,ema200_trend_reversal,156.297,0.0,0.0783,tp_sl,WIN,SELL,156.409,1.3554216867467823,156.182,0.83
False,,14477,5,2025-11-27 14:30:00+00:00,streak_reversal,156.337,0.0,0.0848,tp_sl,WIN,SELL,157.001,8.975225225225513,155.659,5.493
False,,14485,15,2025-11-27 16:30:00+00:00,london_fix_reversal,156.302,0.0,0.1015,tp_sl,WIN,BUY,156.203,1.5025252525251778,156.403,0.92
False,,14505,1,2025-11-27 21:30:00+00:00,streak_reversal,156.293,0.0,0.275,tp_sl,WIN,BUY,155.643,16.241666666666532,156.948,9.818
False,4.257,14515,2,2025-11-28 00:00:00+00:00,vix_carry_unwind,156.165,0.0,0.2198,tp_sl,LOSS,SELL,156.371,3.5477011494254516,155.932,4.017241379310415
False,,14521,3,2025-11-28 01:30:00+00:00,session_time_bias,156.405,0.0,0.15,tp_sl,LOSS,BUY,156.246,1.86666666666644,156.575,1.9999999999998528
False,,14540,1,2025-11-28 06:15:00+00:00,dt_bb_rsi_mr,156.36,0.0,0.0731,tp_sl,WIN,SELL,156.572,1.7937853107345179,156.144,1.098
False,,14543,1,2025-11-28 07:00:00+00:00,dt_fib_reversal,156.371,0.0,0.0512,signal_reverse,WIN,SELL,156.602,1.8175853018374075,156.136,0.094
False,,14546,1,2025-11-28 07:45:00+00:00,sr_fib_confluence,156.296,0.0,0.0478,tp_sl,WIN,BUY,156.07,1.6666666666666137,156.528,1.02
False,,14549,2,2025-11-28 08:30:00+00:00,sr_fib_confluence,156.344,0.0,0.0448,tp_sl,LOSS,BUY,156.075,1.8563218390805356,156.619,1.8934482758621032
False,,14553,16,2025-11-28 09:30:00+00:00,sr_fib_confluence,156.252,0.0,0.0382,tp_sl,WIN,SELL,156.582,1.9411764705881416,155.916,1.188
False,,14571,1,2025-11-28 14:00:00+00:00,vol_spike_mr,156.04,0.0,0.056,signal_reverse,WIN,BUY,155.899,1.2574404761906013,156.184,2.745
False,,14574,1,2025-11-28 14:45:00+00:00,sr_fib_confluence,156.235,0.0,0.0475,signal_reverse,LOSS,SELL,156.408,0.087,156.058,0.087
False,,14577,1,2025-11-28 15:30:00+00:00,sr_fib_confluence,156.246,0.0,0.049,tp_sl,LOSS,BUY,156.055,1.4973958333333037,156.442,1.5273437499998543
False,,14581,16,2025-11-28 16:30:00+00:00,sr_break_retest,156.123,0.0,0.0493,tp_sl,LOSS,SELL,156.314,1.4031862745097816,155.929,1.4312499999999688
False,,14611,1,2025-12-01 00:00:00+00:00,vix_carry_unwind,155.862,0.0,0.1417,tp_sl,WIN,SELL,156.181,3.5425925925924022,155.501,2.407
False,,14614,1,2025-12-01 00:45:00+00:00,vix_carry_unwind,155.786,0.0,0.1275,tp_sl,WIN,SELL,156.138,3.5166666666665947,155.388,2.388
False,,14617,3,2025-12-01 01:30:00+00:00,vix_carry_unwind,155.701,0.0,0.0917,tp_sl,WIN,SELL,156.192,3.5273381294965396,155.146,2.396
False,,14632,2,2025-12-01 05:15:00+00:00,session_time_bias,155.477,0.0,0.075,tp_sl,WIN,BUY,155.285,1.6666666666666337,155.707,1.2
False,,14638,5,2025-12-01 06:45:00+00:00,streak_reversal,155.572,0.0,0.0777,tp_sl,LOSS,BUY,155.298,2.462462462462271,155.85,2.511711711711619
False,,14646,1,2025-12-01 08:45:00+00:00,sr_anti_hunt_bounce,155.474,0.0,0.0524,tp_sl,WIN,SELL,156.682,9.744623655913825,154.241,5.964
False,,14649,4,2025-12-01 09:30:00+00:00,streak_reversal,155.337,0.0,0.0537,signal_reverse,LOSS,BUY,155.013,0.727,155.666,0.727
False,,14660,1,2025-12-01 12:15:00+00:00,xs_momentum,154.994,0.0,0.0596,tp_sl,WIN,SELL,155.174,1.6590214067278843,154.809,1.692201834862369
False,1.813,14664,2,2025-12-01 13:15:00+00:00,xs_momentum,154.763,0.0,0.0541,tp_sl,LOSS,SELL,154.956,1.6666666666666208,154.566,1.7000000000000808
False,,14668,4,2025-12-01 14:15:00+00:00,xs_momentum,154.93,0.0,0.0475,tp_sl,LOSS,SELL,155.15,1.666666666666658,154.705,1.7000000000000213
False,1.35,14674,1,2025-12-01 15:45:00+00:00,london_fix_reversal,155.089,0.0,0.0455,tp_sl,LOSS,SELL,155.261,1.2499999999998928,154.913,1.275000000000002
False,1.463,14677,6,2025-12-01 16:30:00+00:00,london_fix_reversal,155.255,0.0,0.0511,tp_sl,LOSS,SELL,155.419,1.2499999999999478,155.088,1.2749999999999642
True,,14686,13,2025-12-01 18:45:00+00:00,dt_sr_channel_reversal,155.48,0.0,0.0763,tp_sl,WIN,SELL,155.577,1.0000000000000866,155.363,0.72
False,,14707,1,2025-12-02 00:00:00+00:00,sr_anti_hunt_bounce,155.496,0.0,0.1848,signal_reverse,LOSS,SELL,156.678,2.036,154.305,2.036
False,,14711,1,2025-12-02 01:00:00+00:00,session_time_bias,155.765,0.0,0.1574,tp_sl,LOSS,BUY,155.614,1.8563786008229148,155.926,1.9876543209876711
False,,14714,5,2025-12-02 01:45:00+00:00,session_time_bias,155.639,0.0,0.1594,tp_sl,WIN,BUY,155.489,1.866666666666461,155.799,1.2
False,,14727,4,2025-12-02 05:00:00+00:00,session_time_bias,155.728,0.0,0.1182,tp_sl,WIN,BUY,155.607,1.6552511415525635,155.873,1.192
False,,14733,1,2025-12-02 06:30:00+00:00,streak_reversal,155.778,0.0,0.115,signal_reverse,LOSS,SELL,156.182,0.323,155.367,0.323
False,,14739,1,2025-12-02 08:00:00+00:00,tokyo_range_breakout_up,155.827,0.0,0.0878,tp_sl,WIN,BUY,155.661,2.2522522522521244,155.997,1.378
False,,14744,3,2025-12-02 09:15:00+00:00,streak_reversal,156.056,0.0,0.0783,tp_sl,WIN,SELL,156.481,5.130522088353199,155.621,3.14
False,,14755,6,2025-12-02 12:00:00+00:00,xs_momentum,155.968,0.0,0.0813,tp_sl,WIN,BUY,155.788,2.2500000000000853,156.152,1.377
False,2.0,14767,1,2025-12-02 15:00:00+00:00,xs_momentum,156.169,0.0,0.0661,tp_sl,LOSS,BUY,156.011,1.6666666666666468,156.331,1.6999999999998898
False,,14770,3,2025-12-02 15:45:00+00:00,sr_fib_confluence,155.875,0.0,0.0581,tp_sl,WIN,BUY,155.709,1.5432098765431221,156.045,0.944
False,1.868,14805,2,2025-12-03 00:30:00+00:00,session_time_bias,155.785,0.0,0.15,tp_sl,LOSS,BUY,155.627,1.8568627450981559,155.954,1.9882352941177779
False,,14810,1,2025-12-03 01:45:00+00:00,session_time_bias,155.667,0.0,0.1518,tp_sl,WIN,BUY,155.509,1.8765873015870023,155.836,1.207
False,,14823,3,2025-12-03 05:00:00+00:00,streak_reversal,155.649,0.0,0.1232,tp_sl,WIN,BUY,155.352,4.238095238095037,155.951,2.594
False,,14828,18,2025-12-03 06:15:00+00:00,sr_anti_hunt_bounce,155.511,0.0,0.1182,tp_sl,WIN,SELL,156.693,16.18721461187222,154.306,9.907
False,,14851,4,2025-12-03 12:00:00+00:00,xs_momentum,155.371,0.0,0.0867,tp_sl,LOSS,SELL,155.496,1.6666666666666667,155.244,1.6999999999999698
False,,14857,1,2025-12-03 13:30:00+00:00,xs_momentum,155.368,0.0,0.0675,tp_sl,WIN,SELL,155.522,1.6577060931899845,155.21,1.015
False,,14861,1,2025-12-03 14:30:00+00:00,vix_carry_unwind,155.421,0.0,0.0541,tp_sl,WIN,SELL,155.807,3.326149425287271,154.958,2.395
False,,14864,3,2025-12-03 15:15:00+00:00,vix_carry_unwind,155.264,0.0,0.0468,tp_sl,WIN,SELL,155.712,3.3457711442787454,154.726,2.409
False,,14873,17,2025-12-03 17:30:00+00:00,xs_momentum,155.133,0.0,0.0561,tp_sl,WIN,SELL,155.352,1.660353535353317,154.909,1.016
False,,14919,1,2025-12-04 05:00:00+00:00,streak_reversal,155.483,0.0,0.0991,tp_sl,WIN,SELL,155.878,4.530651340996295,155.081,2.773
False,,14924,1,2025-12-04 06:15:00+00:00,dual_sr_bounce,155.375,0.0,0.0854,tp_sl,LOSS,BUY,155.248,1.2499999999999887,155.503,1.274999999999904
False,,14928,2,2025-12-04 07:15:00+00:00,dual_sr_bounce,155.288,0.0,0.0644,tp_sl,WIN,SELL,155.511,2.21122112211217,155.06,2.255445544554475
False,,14933,4,2025-12-04 08:30:00+00:00,vix_carry_unwind,154.912,0.0,0.0512,tp_sl,WIN,SELL,155.333,3.3202099737531703,154.406,2.391
False,,14946,6,2025-12-04 11:45:00+00:00,post_news_vol,154.518,0.0,0.0537,tp_sl,LOSS,SELL,154.895,3.119834710743783,154.132,3.182231404958734
False,,14954,1,2025-12-04 13:45:00+00:00,xs_momentum,154.792,0.0,0.0498,tp_sl,WIN,SELL,155.003,1.673280423280255,154.577,1.7067460317459593
False,,14959,1,2025-12-04 15:00:00+00:00,streak_reversal,154.794,0.0,0.0455,tp_sl,WIN,SELL,155.08,2.077294685990302,154.501,1.271
True,0.889,14968,6,2025-12-04 17:15:00+00:00,dt_bb_rsi_mr,154.883,0.0,0.0607,tp_sl,LOSS,SELL,154.983,0.8237704918031352,154.762,0.988524590163902
True,1.2,14976,5,2025-12-04 19:15:00+00:00,dt_bb_rsi_mr,154.976,0.0,0.0779,tp_sl,LOSS,SELL,155.071,0.999999999999988,154.862,1.2000000000000455
False,,15016,1,2025-12-05 05:15:00+00:00,vix_carry_unwind,154.718,0.0,0.0846,tp_sl,WIN,SELL,155.058,3.3251633986928515,154.311,2.394
False,,15023,1,2025-12-05 07:00:00+00:00,sr_break_retest,154.505,0.0,0.057,tp_sl,WIN,SELL,154.695,1.673976608187108,154.31,1.024
False,2.019,15027,7,2025-12-05 08:00:00+00:00,sr_fib_confluence,154.788,0.0,0.0481,tp_sl,LOSS,SELL,155.027,1.7654320987655105,154.545,1.800740740740728
True,,15037,3,2025-12-05 10:30:00+00:00,dt_bb_rsi_mr,155.065,0.0,0.057,tp_sl,LOSS,SELL,155.179,1.000000000000038,154.928,1.1999999999999458
False,1.99,15045,13,2025-12-05 12:30:00+00:00,vol_spike_mr,155.175,0.0,0.0631,tp_sl,LOSS,SELL,155.346,1.6585760517798065,155.001,1.6917475728152647
False,2.317,15060,22,2025-12-05 16:15:00+00:00,intraday_seasonality,155.417,0.0,0.0563,tp_sl,LOSS,BUY,155.148,2.2549019607844127,155.69,2.299999999999924
False,,15091,1,2025-12-08 00:00:00+00:00,vix_carry_unwind,155.215,0.0,0.1635,tp_sl,WIN,SELL,155.465,3.202136752136653,154.934,2.162
False,,15094,2,2025-12-08 00:45:00+00:00,vix_carry_unwind,155.052,0.0,0.15,tp_sl,WIN,SELL,155.351,3.51372549019636,154.714,2.386
True,,15113,1,2025-12-08 05:30:00+00:00,dt_bb_rsi_mr,155.175,0.0,0.1198,tp_sl,WIN,SELL,155.247,1.000000000000038,155.089,0.72
False,,15116,5,2025-12-08 06:15:00+00:00,sr_fib_confluence,155.268,0.0,0.1039,tp_sl,WIN,BUY,155.119,1.7871485943775967,155.419,1.094
False,,15123,3,2025-12-08 08:00:00+00:00,dt_bb_rsi_mr,155.333,0.0,0.0707,tp_sl,LOSS,SELL,155.499,1.8115942028987566,155.162,1.8478260869566947
False,,15128,7,2025-12-08 09:15:00+00:00,dt_sr_channel_reversal,155.434,0.0,0.0684,signal_reverse,LOSS,SELL,155.602,1.021,155.262,1.021
False,,15139,8,2025-12-08 12:00:00+00:00,xs_momentum,155.613,0.0,0.0765,tp_sl,LOSS,BUY,155.471,1.6764705882351068,155.759,1.7100000000000897
False,,15149,1,2025-12-08 14:30:00+00:00,xs_momentum,155.706,0.0,0.0581,tp_sl,WIN,BUY,155.527,1.6589506172840207,155.889,1.692129629629617
False,,15153,12,2025-12-08 15:30:00+00:00,xs_momentum,155.978,0.0,0.0527,tp_sl,LOSS,BUY,155.71,2.2549019607844127,156.252,2.299999999999924
False,,15189,1,2025-12-09 00:30:00+00:00,session_time_bias,155.91,0.0,0.1614,tp_sl,WIN,BUY,155.717,2.436286919831152,156.122,1.61
False,,15207,1,2025-12-09 05:00:00+00:00,session_time_bias,156.035,0.0,0.1065,tp_sl,LOSS,BUY,155.9,1.6563786008229422,156.196,1.9876543209876711
False,,15210,2,2025-12-09 05:45:00+00:00,ema_cross,156.01,0.0,0.0938,tp_sl,WIN,BUY,155.837,1.8749999999998395,156.186,1.148
False,,15218,1,2025-12-09 07:45:00+00:00,tokyo_range_breakout_up,156.198,0.0,0.0657,tp_sl,WIN,BUY,156.032,1.6835016835015877,156.368,1.7171717171715908
False,2.689,15222,1,2025-12-09 08:45:00+00:00,intraday_seasonality,156.335,0.0,0.0631,tp_sl,LOSS,BUY,156.105,2.2411003236247646,156.571,2.285922330097227
False,,15229,5,2025-12-09 10:30:00+00:00,sr_fib_confluence,156.073,0.0,0.0591,tp_sl,WIN,BUY,155.882,1.742424242424208,156.269,1.7772727272725577
False,,15240,1,2025-12-09 13:15:00+00:00,xs_momentum,156.485,0.0,0.0628,tp_sl,LOSS,BUY,156.319,1.666666666666572,156.655,1.699999999999875
False,,15243,1,2025-12-09 14:00:00+00:00,xs_momentum,156.42,0.0,0.0592,tp_sl,WIN,BUY,156.243,1.6745283018866102,156.601,1.025
False,,15247,3,2025-12-09 15:00:00+00:00,xs_momentum,156.803,0.0,0.0458,tp_sl,WIN,BUY,156.575,1.666666666666603,157.036,1.02
False,,15252,14,2025-12-09 16:15:00+00:00,xs_momentum,156.913,0.0,0.0459,signal_reverse,LOSS,BUY,156.669,0.64,157.161,0.64
False,1.875,15289,7,2025-12-10 01:30:00+00:00,session_time_bias,156.744,0.0,0.1417,tp_sl,LOSS,BUY,156.576,1.8666666666667375,156.924,2.000000000000076
False,,15304,2,2025-12-10 05:15:00+00:00,session_time_bias,156.666,0.0,0.125,tp_sl,WIN,BUY,156.51,2.2584541062801984,156.853,1.626
False,,15321,13,2025-12-10 09:30:00+00:00,intraday_seasonality,156.822,0.0,0.0844,tp_sl,LOSS,BUY,156.65,2.2402597402595483,156.998,2.2850649350649386
False,,15337,23,2025-12-10 13:30:00+00:00,streak_reversal,156.607,0.0,0.0872,tp_sl,WIN,BUY,155.941,9.259259259259522,157.287,5.667
False,,15385,5,2025-12-11 01:30:00+00:00,session_time_bias,155.702,0.0,0.085,signal_reverse,LOSS,BUY,155.334,0.397,156.107,0.397
False,,15399,3,2025-12-11 05:00:00+00:00,session_time_bias,155.916,0.0,0.069,tp_sl,WIN,BUY,155.634,2.2533333333333303,156.254,1.622
False,1.501,15404,3,2025-12-11 06:15:00+00:00,sr_fib_confluence,156.098,0.0,0.0737,tp_sl,LOSS,BUY,155.923,1.4957264957265928,156.276,1.5256410256411441
False,,15409,1,2025-12-11 07:30:00+00:00,intraday_seasonality,155.895,0.0,0.058,signal_reverse,LOSS,SELL,156.146,0.875,155.638,0.875
False,,15413,2,2025-12-11 08:30:00+00:00,streak_reversal,155.849,0.0,0.0546,tp_sl,WIN,BUY,155.455,3.3123249299718425,156.252,2.027
False,,15419,1,2025-12-11 10:00:00+00:00,intraday_seasonality,155.825,0.0,0.0565,tp_sl,WIN,BUY,155.567,2.246376811594137,156.089,1.375
False,,15422,5,2025-12-11 10:45:00+00:00,intraday_seasonality,155.867,0.0,0.0586,tp_sl,LOSS,BUY,155.616,2.2597597597597527,156.122,2.304954954954784
False,,15431,1,2025-12-11 13:00:00+00:00,wick_imbalance_reversion,155.538,0.0,0.0565,tp_sl,WIN,SELL,155.749,1.8993993993992082,155.323,1.937387387387305
False,,15434,1,2025-12-11 13:45:00+00:00,xs_momentum,155.27,0.0,0.051,tp_sl,WIN,SELL,155.546,2.242547425474295,154.988,1.372
False,,15438,4,2025-12-11 14:45:00+00:00,xs_momentum,154.976,0.0,0.0486,tp_sl,LOSS,SELL,155.19,1.6602067183462854,154.757,1.6934108527133214
False,2.494,15446,8,2025-12-11 16:45:00+00:00,xs_momentum,155.138,0.0,0.0504,tp_sl,LOSS,SELL,155.438,2.2556390977444463,154.832,2.300751879699335
False,,15477,12,2025-12-12 00:30:00+00:00,session_time_bias,155.69,0.0,0.1314,tp_sl,LOSS,BUY,155.509,1.866666666666809,155.884,2.000000000000173
False,,15496,4,2025-12-12 05:15:00+00:00,session_time_bias,155.763,0.0,0.1182,tp_sl,WIN,BUY,155.64,1.6780821917812425,155.91,1.208
False,,15503,3,2025-12-12 07:00:00+00:00,streak_reversal,155.638,0.0,0.0783,tp_sl,WIN,BUY,154.972,8.032128514056453,156.319,4.916
True,0.776,15511,1,2025-12-12 09:00:00+00:00,dt_bb_rsi_mr,155.8,0.0,0.0619,tp_sl,LOSS,SELL,155.872,0.6785714285713528,155.715,0.8142857142856775
False,,15514,8,2025-12-12 09:45:00+00:00,streak_reversal,155.875,0.0,0.067,signal_reverse,LOSS,SELL,156.044,1.175,155.702,1.175
False,,15524,1,2025-12-12 12:15:00+00:00,vol_spike_mr,155.934,0.0,0.0722,tp_sl,LOSS,SELL,156.046,1.2499999999998106,155.819,1.274999999999851
False,,15528,1,2025-12-12 13:15:00+00:00,streak_reversal,155.951,0.0,0.0682,tp_sl,WIN,BUY,155.658,3.1884057971013298,156.25,1.951
False,,15534,2,2025-12-12 14:45:00+00:00,streak_reversal,155.911,0.0,0.0609,tp_sl,WIN,BUY,155.663,2.4110032362459695,156.165,1.476
False,,15540,3,2025-12-12 16:15:00+00:00,london_fix_reversal,155.768,0.0,0.0536,tp_sl,WIN,BUY,155.545,1.7799999999999727,155.995,1.089
False,,15573,3,2025-12-15 00:30:00+00:00,session_time_bias,155.962,0.0,0.1518,tp_sl,LOSS,BUY,155.756,2.451984126983981,156.189,2.70238095238066
False,,15601,1,2025-12-15 07:30:00+00:00,streak_reversal,155.256,0.0,0.0602,tp_sl,WIN,SELL,155.876,5.740740740740783,154.623,3.513
False,,15613,3,2025-12-15 10:30:00+00:00,streak_reversal,155.133,0.0,0.0619,tp_sl,WIN,SELL,155.8,6.34920634920653,154.453,3.886
False,,15621,3,2025-12-15 12:30:00+00:00,streak_reversal,155.05,0.0,0.0657,tp_sl,WIN,SELL,155.716,6.734006734006925,154.37,4.121
False,,15628,1,2025-12-15 14:15:00+00:00,jpy_basket_trend,155.044,0.0,0.0586,tp_sl,WIN,SELL,155.315,2.538940809968929,154.767,1.554
False,,15632,1,2025-12-15 15:15:00+00:00,streak_reversal,155.016,0.0,0.051,tp_sl,WIN,SELL,155.682,5.420054200542159,154.336,3.317
False,,15636,13,2025-12-15 16:15:00+00:00,streak_reversal,155.254,0.0,0.0515,tp_sl,LOSS,SELL,155.873,4.762820512820554,154.623,4.858076923076956
False,3.587,15667,4,2025-12-16 00:00:00+00:00,vix_carry_unwind,154.768,0.0,0.1342,tp_sl,LOSS,SELL,155.105,3.542105263157904,154.387,4.010526315789476
False,,15692,2,2025-12-16 06:15:00+00:00,streak_reversal,154.918,0.0,0.0854,tp_sl,WIN,SELL,155.565,6.402640264026207,154.259,3.918
False,,15699,5,2025-12-16 08:00:00+00:00,sr_break_retest,154.86,0.0,0.0631,tp_sl,WIN,SELL,155.031,1.6666666666668066,154.684,1.02
False,,15709,8,2025-12-16 10:30:00+00:00,streak_reversal,154.858,0.0,0.0707,tp_sl,WIN,SELL,155.05,2.0923913043480855,154.661,2.134239130435041
False,,15721,1,2025-12-16 13:30:00+00:00,sr_fib_confluence,154.836,0.0,0.0581,tp_sl,WIN,SELL,155.059,2.0679012345678625,154.608,1.266
False,,15724,2,2025-12-16 14:15:00+00:00,sr_fib_confluence,154.778,0.0,0.0486,tp_sl,WIN,SELL,154.99,1.6472868217054704,154.561,1.6802325581394608
False,1.824,15728,1,2025-12-16 15:15:00+00:00,xs_momentum,154.503,0.0,0.043,tp_sl,LOSS,SELL,154.746,1.6666666666665135,154.255,1.6999999999997855
False,,15731,1,2025-12-16 16:00:00+00:00,sr_fib_confluence,154.814,0.0,0.0441,signal_reverse,LOSS,SELL,155.06,0.239,154.564,0.239
False,,15736,7,2025-12-16 17:15:00+00:00,jpy_basket_trend,154.661,0.0,0.054,signal_reverse,LOSS,SELL,154.946,0.831,154.369,0.831
False,4.163,15767,6,2025-12-17 01:00:00+00:00,vix_carry_unwind,154.579,0.0,0.1238,tp_sl,LOSS,SELL,154.944,3.541423948220078,154.166,4.009708737864184
False,,15793,12,2025-12-17 07:30:00+00:00,streak_reversal,155.488,0.0,0.0637,tp_sl,LOSS,SELL,155.923,4.272875816993479,155.043,4.35833333333326
False,,15807,3,2025-12-17 11:00:00+00:00,dt_sr_channel_reversal,155.476,0.0,0.0747,signal_reverse,LOSS,SELL,155.606,0.885,155.343,0.885
False,,15812,2,2025-12-17 12:15:00+00:00,dt_sr_channel_reversal,155.489,0.0,0.0813,tp_sl,LOSS,SELL,155.606,1.4687500000000853,155.369,1.4981250000001722
False,,15816,2,2025-12-17 13:15:00+00:00,vol_spike_mr,155.523,0.0,0.0668,tp_sl,WIN,SELL,155.714,2.0390070921988435,155.327,1.248
False,,15821,1,2025-12-17 14:30:00+00:00,orb_trap,155.563,0.0,0.0592,signal_reverse,WIN,SELL,155.7,1.2971698113209156,155.422,0.778
False,,15824,3,2025-12-17 15:15:00+00:00,streak_reversal,155.473,0.0,0.0581,tp_sl,WIN,BUY,154.807,6.172839506173015,156.153,3.778
True,,15831,3,2025-12-17 17:00:00+00:00,dt_bb_rsi_mr,155.573,0.0,0.0661,tp_sl,WIN,SELL,155.631,0.525297619047801,155.502,0.6303571428572597
True,,15839,3,2025-12-17 19:00:00+00:00,dt_bb_rsi_mr,155.622,0.0,0.0779,signal_reverse,LOSS,SELL,155.69,0.377,155.539,0.377
False,,15861,2,2025-12-18 00:30:00+00:00,session_time_bias,155.535,0.0,0.1574,tp_sl,WIN,BUY,155.337,2.442798353909503,155.753,1.615
False,,15865,15,2025-12-18 01:30:00+00:00,session_time_bias,155.758,0.0,0.1314,tp_sl,WIN,BUY,155.521,2.4422680412370252,156.019,1.614
False,,15903,9,2025-12-18 11:00:00+00:00,streak_reversal,155.845,0.0,0.0878,tp_sl,LOSS,BUY,155.503,4.628378378378394,156.195,4.72094594594577
False,,15917,2,2025-12-18 14:30:00+00:00,streak_reversal,155.399,0.0,0.0514,tp_sl,WIN,BUY,154.808,4.84289617486341,156.002,2.964
False,,15921,15,2025-12-18 15:30:00+00:00,ema200_trend_reversal,155.562,0.0,0.0465,tp_sl,WIN,BUY,155.294,1.9876543209877413,155.836,1.216
False,,15957,7,2025-12-19 00:30:00+00:00,session_time_bias,155.723,0.0,0.1483,tp_sl,WIN,BUY,155.563,1.8569767441862217,155.894,1.193
False,,15977,3,2025-12-19 05:30:00+00:00,session_time_bias,155.956,0.0,0.0719,tp_sl,WIN,BUY,155.755,1.6736111111110101,156.197,2.008333333333212
False,,15985,1,2025-12-19 07:30:00+00:00,post_news_vol,156.533,0.0,0.0342,tp_sl,WIN,BUY,155.753,4.1052631578947425,157.329,2.512
False,,16005,9,2025-12-19 12:30:00+00:00,streak_reversal,157.281,0.0,0.0516,tp_sl,WIN,BUY,156.615,5.291005291005216,157.961,3.238
False,,16017,5,2025-12-19 15:30:00+00:00,sr_break_retest,157.475,0.0,0.0445,tp_sl,WIN,BUY,157.264,1.5011820330969725,157.691,0.919
False,,16026,11,2025-12-19 17:45:00+00:00,streak_reversal,157.446,0.0,0.0597,tp_sl,WIN,BUY,157.247,1.6061827956988393,157.65,1.6383064516128527
False,2.231,16054,3,2025-12-22 00:45:00+00:00,session_time_bias,157.56,0.0,0.1203,tp_sl,LOSS,BUY,157.363,1.8588050314465772,157.771,1.9905660377359693
False,,16072,5,2025-12-22 05:15:00+00:00,session_time_bias,157.328,0.0,0.0898,tp_sl,WIN,BUY,157.11,2.2656250000003078,157.589,1.631
False,,16080,1,2025-12-22 07:15:00+00:00,sr_anti_hunt_bounce,157.435,0.0,0.0684,tp_sl,WIN,BUY,156.57,9.114035087719087,158.319,5.578
False,2.505,16085,17,2025-12-22 08:30:00+00:00,dual_sr_bounce,157.486,0.0,0.0607,tp_sl,LOSS,BUY,157.263,2.087227414330179,157.714,2.1289719626168413
False,2.709,16104,3,2025-12-22 13:15:00+00:00,wick_imbalance_reversion,157.269,0.0,0.0536,tp_sl,LOSS,BUY,157.005,2.2578347578348903,157.539,2.3029914529915056
False,,16109,2,2025-12-22 14:30:00+00:00,streak_reversal,156.914,0.0,0.0468,tp_sl,WIN,BUY,156.248,4.9751243781095935,157.594,3.045
True,1.032,16114,5,2025-12-22 15:45:00+00:00,dt_sr_channel_reversal,156.978,0.0,0.0475,tp_sl,LOSS,BUY,156.846,1.0000000000000377,157.137,1.2000000000000024
False,,16121,4,2025-12-22 17:30:00+00:00,streak_reversal,156.807,0.0,0.0622,tp_sl,WIN,BUY,156.141,5.602240896358464,157.487,3.429
False,,16168,2,2025-12-23 05:15:00+00:00,streak_reversal,155.922,0.0,0.0763,tp_sl,WIN,BUY,155.127,7.035398230088636,156.733,4.306
False,,16185,3,2025-12-23 09:30:00+00:00,sr_break_retest,155.889,0.0,0.0474,signal_reverse,LOSS,SELL,156.118,0.401,155.657,0.401
False,,16190,4,2025-12-23 10:45:00+00:00,streak_reversal,155.919,0.0,0.052,signal_reverse,WIN,BUY,155.125,6.353333333333239,156.73,0.248
False,,16196,4,2025-12-23 12:15:00+00:00,xs_momentum,155.94,0.0,0.0602,signal_reverse,LOSS,SELL,156.183,1.861,155.691,1.861
False,,16202,2,2025-12-23 13:45:00+00:00,sr_fib_confluence,156.336,0.0,0.0494,tp_sl,WIN,BUY,156.105,1.824146981627204,156.573,1.116
False,,16206,1,2025-12-23 14:45:00+00:00,wick_imbalance_reversion,156.378,0.0,0.0502,signal_reverse,WIN,SELL,156.629,2.0066666666666606,156.122,1.084
False,,16209,4,2025-12-23 15:30:00+00:00,sr_fib_confluence,156.314,0.0,0.0479,tp_sl,WIN,BUY,156.083,1.762086513995044,156.55,1.078
False,,16215,19,2025-12-23 17:00:00+00:00,sr_fib_confluence,156.34,0.0,0.0638,tp_sl,LOSS,BUY,156.166,1.5014367816093,156.518,1.531465517241378
False,,16243,2,2025-12-24 00:00:00+00:00,vix_carry_unwind,156.132,0.0,0.1401,tp_sl,WIN,SELL,156.422,3.1853479853478492,155.806,2.149
False,,16247,1,2025-12-24 01:00:00+00:00,session_time_bias,156.136,0.0,0.1109,signal_reverse,LOSS,BUY,155.922,4.152,156.365,4.152
False,,16263,3,2025-12-24 05:00:00+00:00,sr_break_retest,155.783,0.0,0.0744,tp_sl,WIN,SELL,155.94,1.350574712643675,155.624,0.827
False,,16268,6,2025-12-24 06:15:00+00:00,doji_breakout,155.721,0.0,0.0799,tp_sl,LOSS,SELL,155.937,1.9984567901234813,155.501,2.03842592592583
False,,16278,5,2025-12-24 08:45:00+00:00,dual_sr_bounce,155.745,0.0,0.057,tp_sl,LOSS,SELL,155.887,1.2499999999998603,155.599,1.275000000000067
False,,16285,9,2025-12-24 10:30:00+00:00,dual_sr_bounce,155.919,0.0,0.0607,tp_sl,WIN,BUY,155.786,1.2500000000001912,156.056,1.275000000000025
True,,16296,2,2025-12-24 13:15:00+00:00,dt_bb_rsi_mr,155.99,0.0,0.0682,signal_reverse,LOSS,SELL,156.07,0.223,155.893,0.223
False,1.828,16300,1,2025-12-24 14:15:00+00:00,sr_fib_confluence,155.95,0.0,0.0721,tp_sl,LOSS,BUY,155.818,1.522988505747048,156.085,1.5534482758618584
False,2.513,16303,9,2025-12-24 15:00:00+00:00,xs_momentum,155.726,0.0,0.0654,tp_sl,LOSS,SELL,155.943,2.2656250000003078,155.504,2.310937500000184
True,,16330,1,2025-12-26 00:15:00+00:00,dt_bb_rsi_mr,156.143,0.0,0.0931,signal_reverse,LOSS,SELL,156.28,1.967,155.979,1.967
False,,16335,9,2025-12-26 01:30:00+00:00,session_time_bias,156.303,0.0,0.0873,tp_sl,LOSS,BUY,156.031,1.8609589041096564,156.594,1.993150684931485
False,,16349,3,2025-12-26 05:00:00+00:00,ema200_trend_reversal,156.146,0.0,0.0744,tp_sl,WIN,BUY,155.968,1.5301724137931818,156.327,0.936
False,,16370,17,2025-12-26 10:15:00+00:00,dual_sr_bounce,156.422,0.0,0.0677,tp_sl,LOSS,BUY,156.223,2.0746527777779633,156.626,2.116145833333268
False,,16396,2,2025-12-26 16:45:00+00:00,london_fix_reversal,156.632,0.0,0.0705,tp_sl,WIN,BUY,156.497,1.4210526315791507,156.769,0.87
False,,16427,5,2025-12-29 00:45:00+00:00,session_time_bias,156.288,0.0,0.1109,tp_sl,WIN,BUY,156.072,1.8739130434781877,156.519,1.205
False,1.759,16445,3,2025-12-29 05:15:00+00:00,session_time_bias,156.379,0.0,0.0854,tp_sl,LOSS,BUY,156.21,1.6666666666665577,156.581,1.9999999999999818
True,1.2,16452,2,2025-12-29 07:00:00+00:00,dt_bb_rsi_mr,156.207,0.0,0.0637,tp_sl,LOSS,BUY,156.105,1.000000000000038,156.33,1.1999999999999897
False,,16458,4,2025-12-29 08:30:00+00:00,streak_reversal,156.243,0.0,0.0644,tp_sl,WIN,SELL,156.871,6.221122112211191,155.602,3.807
False,,16465,13,2025-12-29 10:15:00+00:00,ema200_trend_reversal,156.262,0.0,0.0637,tp_sl,LOSS,SELL,156.43,1.6503267973855134,156.09,1.6833333333332068
False,,16480,5,2025-12-29 14:00:00+00:00,streak_reversal,156.198,0.0,0.0634,tp_sl,WIN,BUY,155.733,4.696969696969731,156.673,2.875
True,,16488,2,2025-12-29 16:00:00+00:00,dt_bb_rsi_mr,155.97,0.0,0.0554,tp_sl,WIN,BUY,155.849,0.9999999999998422,156.115,1.1999999999999045
False,,16495,7,2025-12-29 17:45:00+00:00,streak_reversal,156.18,0.0,0.0679,tp_sl,WIN,SELL,156.443,2.4159021406729324,155.911,1.479
False,,16523,16,2025-12-30 00:45:00+00:00,session_time_bias,156.266,0.0,0.1118,tp_sl,LOSS,BUY,156.054,1.8593567251463425,156.493,1.9912280701754725
False,,16541,14,2025-12-30 05:15:00+00:00,streak_reversal,156.056,0.0,0.1039,signal_reverse,LOSS,BUY,155.786,1.991,156.331,1.991
False,,16557,1,2025-12-30 09:15:00+00:00,dt_sr_channel_reversal,155.918,0.0,0.0691,signal_reverse,LOSS,BUY,155.757,0.106,156.083,0.106
False,,16561,5,2025-12-30 10:15:00+00:00,streak_reversal,155.867,0.0,0.073,signal_reverse,WIN,BUY,155.517,3.9325842696628577,156.224,0.135
False,,16569,2,2025-12-30 12:15:00+00:00,sr_fib_confluence,155.968,0.0,0.0765,signal_reverse,LOSS,SELL,156.127,1.388,155.805,1.388
False,,16573,2,2025-12-30 13:15:00+00:00,xs_momentum,156.146,0.0,0.0721,tp_sl,WIN,BUY,155.95,2.2605363984673374,156.347,1.383
False,,16577,1,2025-12-30 14:15:00+00:00,xs_momentum,156.238,0.0,0.0697,tp_sl,WIN,BUY,156.036,2.2499999999998486,156.445,1.377
False,,16580,1,2025-12-30 15:00:00+00:00,xs_momentum,156.346,0.0,0.069,tp_sl,WIN,BUY,156.195,1.6666666666664003,156.501,1.6999999999999031
False,,16583,1,2025-12-30 15:45:00+00:00,htf_false_breakout,156.314,0.0,0.0576,tp_sl,WIN,SELL,156.477,1.4984709480121734,156.147,0.917
False,,16586,1,2025-12-30 16:30:00+00:00,post_news_vol,156.249,0.0,0.0657,signal_reverse,LOSS,SELL,156.671,0.975,155.819,0.975
False,,16589,10,2025-12-30 17:15:00+00:00,xs_momentum,156.381,0.0,0.0679,signal_reverse,WIN,BUY,156.137,2.2400611620795594,156.63,0.552
False,,16618,14,2025-12-31 00:30:00+00:00,session_time_bias,156.45,0.0,0.1723,tp_sl,WIN,BUY,156.27,2.4297297297297322,156.648,1.605
False,,16637,4,2025-12-31 05:15:00+00:00,session_time_bias,156.604,0.0,0.1462,tp_sl,WIN,BUY,156.505,1.6666666666665961,156.722,1.2
False,,16647,5,2025-12-31 07:45:00+00:00,streak_reversal,156.573,0.0,0.1121,tp_sl,WIN,BUY,156.373,3.46264367816071,156.778,2.119
False,,16655,5,2025-12-31 09:45:00+00:00,sr_anti_hunt_bounce,156.625,0.0,0.1032,tp_sl,WIN,BUY,155.738,14.087301587301857,157.531,8.621
False,,16664,3,2025-12-31 12:00:00+00:00,streak_reversal,156.601,0.0,0.1102,tp_sl,WIN,BUY,156.355,4.180790960452029,156.853,2.559
False,,16672,5,2025-12-31 14:00:00+00:00,post_news_vol,156.908,0.0,0.0848,tp_sl,WIN,BUY,156.542,4.954954954955442,157.282,3.032
False,,16679,8,2025-12-31 15:45:00+00:00,streak_reversal,156.739,0.0,0.0705,tp_sl,WIN,BUY,156.554,2.078651685393284,156.928,1.272
True,,16708,9,2026-01-02 01:30:00+00:00,dt_sr_channel_reversal,156.651,0.0,0.1118,tp_sl,WIN,BUY,156.591,0.5208333333332336,156.722,0.6249999999999302
False,,16722,2,2026-01-02 05:00:00+00:00,session_time_bias,156.831,0.0,0.1182,tp_sl,WIN,BUY,156.666,2.26027397260302,157.029,1.627
False,,16727,4,2026-01-02 06:15:00+00:00,sr_break_retest,156.957,0.0,0.1232,tp_sl,LOSS,BUY,156.84,1.6666666666663688,157.076,1.6999999999999966
False,,16733,1,2026-01-02 07:45:00+00:00,streak_reversal,156.865,0.0,0.0942,tp_sl,WIN,BUY,156.335,7.69323671497585,157.407,4.708
False,,16737,12,2026-01-02 08:45:00+00:00,streak_reversal,156.877,0.0,0.0855,tp_sl,WIN,BUY,156.313,7.423245614035068,157.453,4.543
False,1.506,16763,1,2026-01-02 15:15:00+00:00,vol_spike_mr,156.695,0.0,0.0705,tp_sl,LOSS,BUY,156.584,1.2546816479402112,156.809,1.2797752808988878
False,,16766,2,2026-01-02 16:00:00+00:00,london_fix_reversal,156.647,0.0,0.0736,tp_sl,WIN,BUY,156.533,1.254578754578863,156.763,1.27967032967049
False,2.105,16799,3,2026-01-05 00:30:00+00:00,session_time_bias,157.196,0.0,0.1371,tp_sl,LOSS,BUY,157.022,1.8666666666665948,157.382,2.000000000000076
False,,16804,1,2026-01-05 01:45:00+00:00,session_time_bias,157.019,0.0,0.117,tp_sl,WIN,BUY,156.815,1.8666666666665752,157.237,1.2
False,,16819,2,2026-01-05 05:30:00+00:00,streak_reversal,157.132,0.0,0.098,tp_sl,WIN,BUY,156.872,2.9545454545453516,157.397,1.808
False,2.678,16823,6,2026-01-05 06:30:00+00:00,streak_reversal,157.048,0.0,0.0958,tp_sl,LOSS,BUY,156.847,2.231481481481347,157.252,2.276111111111037
False,,16831,4,2026-01-05 08:30:00+00:00,dt_fib_reversal,156.88,0.0,0.058,signal_reverse,WIN,BUY,156.682,1.7708333333332453,157.083,0.357
False,,16837,1,2026-01-05 10:00:00+00:00,dt_fib_reversal,156.868,0.0,0.0607,tp_sl,LOSS,BUY,156.7,1.5732087227413303,157.04,1.604672897196141
False,,16840,4,2026-01-05 10:45:00+00:00,streak_reversal,156.601,0.0,0.0591,signal_reverse,LOSS,BUY,156.32,0.045,156.889,0.045
False,2.668,16846,2,2026-01-05 12:15:00+00:00,xs_momentum,156.54,0.0,0.0663,tp_sl,LOSS,SELL,156.76,2.2534013605441983,156.314,2.2984693877549836
False,,16850,1,2026-01-05 13:15:00+00:00,sr_fib_confluence,156.903,0.0,0.0555,tp_sl,WIN,SELL,157.106,1.799410029498649,156.695,1.101
False,,16854,2,2026-01-05 14:15:00+00:00,ema200_trend_reversal,156.761,0.0,0.0541,tp_sl,WIN,SELL,156.965,1.760057471264482,156.552,1.077
False,,16858,1,2026-01-05 15:15:00+00:00,xs_momentum,156.601,0.0,0.0519,tp_sl,WIN,SELL,156.874,2.258953168044137,156.322,1.382
False,,16861,1,2026-01-05 16:00:00+00:00,intraday_seasonality,156.501,0.0,0.0504,signal_reverse,LOSS,BUY,156.202,1.259,156.805,1.259
False,,16864,6,2026-01-05 16:45:00+00:00,xs_momentum,156.315,0.0,0.0532,tp_sl,WIN,SELL,156.525,1.6666666666667298,156.101,1.02
False,1.88,16897,2,2026-01-06 01:00:00+00:00,session_time_bias,156.652,0.0,0.1159,tp_sl,LOSS,BUY,156.447,1.8590909090911303,156.871,1.9909090909092955
False,,16914,2,2026-01-06 05:15:00+00:00,streak_reversal,156.322,0.0,0.0863,tp_sl,WIN,BUY,155.902,4.199999999999875,156.75,2.57
False,,16936,6,2026-01-06 10:45:00+00:00,streak_reversal,156.439,0.0,0.0625,tp_sl,WIN,SELL,156.776,3.2451923076923626,156.094,1.986
False,,16944,4,2026-01-06 12:45:00+00:00,streak_reversal,156.483,0.0,0.065,tp_sl,WIN,SELL,157.117,6.341666666666583,155.836,3.881
False,,16950,2,2026-01-06 14:15:00+00:00,orb_trap,156.414,0.0,0.0598,tp_sl,WIN,BUY,156.185,2.182539682539592,156.648,1.336
True,,16955,2,2026-01-06 15:30:00+00:00,dt_bb_rsi_mr,156.613,0.0,0.056,signal_reverse,LOSS,SELL,156.725,0.8,156.478,0.8
False,,16959,1,2026-01-06 16:30:00+00:00,london_fix_reversal,156.666,0.0,0.062,signal_reverse,LOSS,SELL,156.802,0.476,156.528,0.476
False,,16992,7,2026-01-07 00:45:00+00:00,session_time_bias,156.642,0.0,0.1466,tp_sl,WIN,BUY,156.429,2.441379310344855,156.876,1.614
False,,17009,12,2026-01-07 05:00:00+00:00,streak_reversal,156.484,0.0,0.1106,tp_sl,LOSS,BUY,156.229,3.2585470085465955,156.743,3.3237179487176953
False,,17023,1,2026-01-07 08:30:00+00:00,sr_fib_confluence,156.555,0.0,0.0783,signal_reverse,WIN,SELL,156.682,1.5361445783135679,156.424,0.217
False,,17028,3,2026-01-07 09:45:00+00:00,sr_anti_hunt_bounce,156.457,0.0,0.0813,signal_reverse,LOSS,SELL,157.637,0.887,155.252,0.887
False,,17034,3,2026-01-07 11:15:00+00:00,streak_reversal,156.538,0.0,0.0878,tp_sl,WIN,SELL,156.866,4.436936936937126,156.203,2.715
False,,17039,1,2026-01-07 12:30:00+00:00,ema200_trend_reversal,156.542,0.0,0.0942,tp_sl,WIN,SELL,156.645,1.4975845410626756,156.436,0.917
False,,17042,2,2026-01-07 13:15:00+00:00,sr_anti_hunt_bounce,156.442,0.0,0.0826,tp_sl,WIN,SELL,157.627,15.592105263157926,155.233,9.542
False,,17046,1,2026-01-07 14:15:00+00:00,streak_reversal,156.489,0.0,0.0804,tp_sl,WIN,SELL,156.9,5.277777777777715,156.069,3.23
False,1.5,17050,2,2026-01-07 15:15:00+00:00,vol_spike_mr,156.599,0.0,0.0654,tp_sl,LOSS,SELL,156.719,1.2500000000000473,156.476,1.274999999999989
False,,17054,4,2026-01-07 16:15:00+00:00,london_fix_reversal,156.728,0.0,0.062,tp_sl,WIN,SELL,156.863,1.250000000000179,156.591,1.2749999999999562
False,,17087,2,2026-01-08 00:30:00+00:00,session_time_bias,156.795,0.0,0.1747,tp_sl,WIN,BUY,156.658,1.8666666666663396,156.941,1.2
False,2.24,17091,5,2026-01-08 01:30:00+00:00,session_time_bias,156.941,0.0,0.1574,tp_sl,LOSS,BUY,156.79,1.8666666666668776,157.103,2.000000000000076
False,,17106,3,2026-01-08 05:15:00+00:00,session_time_bias,156.72,0.0,0.112,tp_sl,LOSS,BUY,156.547,2.2402597402595483,156.927,2.6883116883116056
False,,17111,1,2026-01-08 06:30:00+00:00,dt_fib_reversal,156.585,0.0,0.1078,tp_sl,WIN,BUY,156.449,1.6979166666668988,156.723,1.039
False,,17114,1,2026-01-08 07:15:00+00:00,sr_fib_confluence,156.594,0.0,0.0774,tp_sl,WIN,SELL,156.713,1.4186507936508568,156.472,1.4470238095239687
False,,17118,1,2026-01-08 08:15:00+00:00,dt_fib_reversal,156.569,0.0,0.0739,signal_reverse,WIN,BUY,156.414,1.7613636363636493,156.728,1.466
False,,17121,1,2026-01-08 09:00:00+00:00,sr_fib_confluence,156.681,0.0,0.073,signal_reverse,LOSS,SELL,156.836,0.449,156.524,0.449
False,,17124,1,2026-01-08 09:45:00+00:00,streak_reversal,156.733,0.0,0.0774,signal_reverse,LOSS,SELL,157.399,0.071,156.053,0.071
False,,17128,9,2026-01-08 10:45:00+00:00,streak_reversal,156.682,0.0,0.0867,tp_sl,WIN,BUY,156.386,3.9555555555553688,156.985,2.421
False,,17141,1,2026-01-08 14:00:00+00:00,post_news_vol,157.002,0.0,0.0815,tp_sl,WIN,BUY,156.548,5.898268398268201,157.466,3.61
False,2.012,17145,2,2026-01-08 15:00:00+00:00,xs_momentum,157.027,0.0,0.0775,tp_sl,LOSS,BUY,156.891,1.6769547325101664,157.166,1.7104938271602574
False,,17149,4,2026-01-08 16:00:00+00:00,xs_momentum,156.933,0.0,0.0779,tp_sl,LOSS,BUY,156.789,1.6666666666668033,157.079,1.7000000000002518
False,,17183,1,2026-01-09 00:30:00+00:00,session_time_bias,157.013,0.0,0.1518,tp_sl,WIN,BUY,156.855,1.8765873015873407,157.182,1.207
False,,17186,4,2026-01-09 01:15:00+00:00,session_time_bias,157.114,0.0,0.1417,tp_sl,WIN,BUY,156.893,2.4499999999998563,157.357,1.62
False,,17201,3,2026-01-09 05:00:00+00:00,session_time_bias,157.297,0.0,0.1092,tp_sl,WIN,BUY,157.165,1.66666666666659,157.455,1.2
False,,17214,2,2026-01-09 08:15:00+00:00,intraday_seasonality,157.575,0.0,0.0793,tp_sl,WIN,BUY,157.391,2.2357723577236235,157.762,1.368
False,,17223,8,2026-01-09 10:30:00+00:00,streak_reversal,157.645,0.0,0.0878,tp_sl,WIN,BUY,156.997,8.761261261261359,158.307,5.362
False,,17236,1,2026-01-09 13:45:00+00:00,vol_spike_mr,157.496,0.0,0.0621,tp_sl,WIN,BUY,157.29,2.0462046204618733,157.707,2.087128712871066
False,,17239,1,2026-01-09 14:30:00+00:00,xs_momentum,157.961,0.0,0.0421,tp_sl,WIN,BUY,157.714,1.661073825503371,158.214,1.017
False,1.752,17242,1,2026-01-09 15:15:00+00:00,xs_momentum,158.138,0.0,0.0402,tp_sl,LOSS,BUY,157.878,1.6666666666667906,158.403,1.7000000000001374
False,,17245,8,2026-01-09 16:00:00+00:00,xs_momentum,157.968,0.0,0.0421,tp_sl,WIN,BUY,157.703,1.6666666666665808,158.238,1.02
False,,17280,4,2026-01-12 01:00:00+00:00,session_time_bias,157.607,0.0,0.109,tp_sl,WIN,BUY,157.389,1.8595441595441882,157.84,1.9914529914530263
False,2.3,17297,7,2026-01-12 05:15:00+00:00,streak_reversal,158.069,0.0,0.0938,tp_sl,LOSS,BUY,157.877,2.083333333333292,158.264,2.1249999999997975
False,,17306,11,2026-01-12 07:30:00+00:00,streak_reversal,157.825,0.0,0.0714,tp_sl,WIN,BUY,157.203,6.840659340659366,158.46,4.186
False,,17321,2,2026-01-12 11:15:00+00:00,sr_break_retest,157.874,0.0,0.0691,tp_sl,WIN,BUY,157.757,1.2499999999997702,157.994,0.765
False,,17326,5,2026-01-12 12:30:00+00:00,streak_reversal,157.834,0.0,0.0739,tp_sl,WIN,BUY,157.204,7.168560606060546,158.478,4.387
False,,17341,12,2026-01-12 16:15:00+00:00,london_fix_reversal,158.097,0.0,0.0691,tp_sl,LOSS,BUY,157.975,1.250000000000035,158.22,1.2749999999999129
False,,17374,1,2026-01-13 00:30:00+00:00,session_time_bias,158.181,0.0,0.1192,tp_sl,WIN,BUY,157.98,1.8744548286605058,158.396,1.206
False,,17377,2,2026-01-13 01:15:00+00:00,session_time_bias,158.394,0.0,0.109,tp_sl,WIN,BUY,158.176,1.8595441595441882,158.627,1.195
False,,17392,4,2026-01-13 05:00:00+00:00,session_time_bias,158.762,0.0,0.069,tp_sl,WIN,BUY,158.554,1.6599999999998545,159.011,1.195
False,,17405,20,2026-01-13 08:15:00+00:00,sr_break_retest,158.976,0.0,0.0533,tp_sl,LOSS,BUY,158.773,1.6666666666665486,159.184,1.7000000000000568
False,,17470,1,2026-01-14 00:30:00+00:00,session_time_bias,159.17,0.0,0.15,tp_sl,WIN,BUY,158.961,2.454901960784555,159.4,2.7058823529413902
False,,17473,3,2026-01-14 01:15:00+00:00,session_time_bias,159.412,0.0,0.1386,tp_sl,LOSS,BUY,159.239,1.8757246376813317,159.597,2.010869565217416
False,,17488,3,2026-01-14 05:00:00+00:00,session_time_bias,159.246,0.0,0.098,tp_sl,WIN,BUY,159.099,1.6666666666667658,159.422,1.2
False,,17497,4,2026-01-14 07:15:00+00:00,intraday_seasonality,159.157,0.0,0.0722,tp_sl,LOSS,BUY,158.955,2.2500000000001643,159.364,2.295000000000237
False,,17503,1,2026-01-14 08:45:00+00:00,streak_reversal,158.936,0.0,0.058,tp_sl,LOSS,BUY,158.721,1.9196428571428876,159.156,1.9580357142857503
False,2.12,17506,3,2026-01-14 09:30:00+00:00,wick_imbalance_reversion,158.871,0.0,0.0556,tp_sl,LOSS,BUY,158.665,1.7663817663816173,159.082,1.8017094017092108
False,,17512,3,2026-01-14 11:00:00+00:00,ema200_trend_reversal,158.763,0.0,0.0537,tp_sl,LOSS,BUY,158.568,1.6115702479340628,158.962,1.643801652892636
False,,17518,3,2026-01-14 12:30:00+00:00,streak_reversal,158.588,0.0,0.0428,tp_sl,WIN,BUY,158.022,3.7280701754385714,159.166,2.282
False,2.331,17523,1,2026-01-14 13:45:00+00:00,wick_imbalance_reversion,158.594,0.0,0.0421,tp_sl,LOSS,BUY,158.26,2.2427293064875635,158.935,2.2875838926173757
False,,17526,4,2026-01-14 14:30:00+00:00,streak_reversal,158.175,0.0,0.0353,tp_sl,WIN,BUY,157.69,2.7247191011235126,158.67,1.668
False,,17532,1,2026-01-14 16:00:00+00:00,dt_sr_channel_reversal,158.179,0.0,0.0401,signal_reverse,LOSS,BUY,157.895,0.17,158.469,0.17
False,2.348,17535,11,2026-01-14 16:45:00+00:00,xs_momentum,158.127,0.0,0.0427,tp_sl,LOSS,SELL,158.48,2.245222929936255,157.768,2.290127388535114
False,2.24,17566,1,2026-01-15 00:30:00+00:00,session_time_bias,158.568,0.0,0.1192,tp_sl,LOSS,BUY,158.368,1.8666666666667433,158.782,1.9999999999999873
False,,17569,6,2026-01-15 01:15:00+00:00,session_time_bias,158.411,0.0,0.1128,tp_sl,WIN,BUY,158.2,1.8666666666667597,158.637,1.9999999999999918
False,,17585,6,2026-01-15 05:15:00+00:00,streak_reversal,158.5,0.0,0.0837,tp_sl,WIN,BUY,157.852,6.286407766990093,159.16,3.847
False,,17601,16,2026-01-15 09:15:00+00:00,streak_reversal,158.478,0.0,0.0478,tp_sl,WIN,BUY,158.086,2.8860294117647975,158.879,1.766
False,,17622,6,2026-01-15 14:30:00+00:00,post_news_vol,158.828,0.0,0.0546,tp_sl,LOSS,BUY,158.447,3.318840579710092,159.218,3.3852173913042742
False,,17630,18,2026-01-15 16:30:00+00:00,london_fix_reversal,158.495,0.0,0.0615,tp_sl,WIN,BUY,158.297,1.8119266055045038,158.696,1.109
False,,17663,1,2026-01-16 00:45:00+00:00,session_time_bias,158.665,0.0,0.17,tp_sl,LOSS,BUY,158.481,2.455555555555596,158.868,2.706666666666706
False,,17666,1,2026-01-16 01:30:00+00:00,session_time_bias,158.532,0.0,0.1614,tp_sl,WIN,BUY,158.384,1.8666666666667533,158.69,1.2
False,,17680,8,2026-01-16 05:00:00+00:00,session_time_bias,158.282,0.0,0.0757,tp_sl,WIN,BUY,158.092,1.6666666666666468,158.51,1.2
False,,17690,2,2026-01-16 07:30:00+00:00,streak_reversal,158.103,0.0,0.0596,signal_reverse,WIN,BUY,157.74,3.3333333333334307,158.474,0.321
False,,17694,1,2026-01-16 08:30:00+00:00,intraday_seasonality,158.111,0.0,0.057,signal_reverse,WIN,BUY,157.855,2.2514619883040403,158.373,0.123
False,,17698,1,2026-01-16 09:30:00+00:00,streak_reversal,158.124,0.0,0.0565,signal_reverse,WIN,BUY,157.775,3.036231884057928,158.481,0.191
False,,17706,9,2026-01-16 11:30:00+00:00,sr_break_retest,158.052,0.0,0.0663,tp_sl,WIN,SELL,158.216,1.6751700680271373,157.884,1.025
False,,17717,1,2026-01-16 14:15:00+00:00,dt_sr_channel_reversal,158.056,0.0,0.0668,signal_reverse,LOSS,BUY,157.905,1.708,158.211,1.708
False,2.01,17720,1,2026-01-16 15:00:00+00:00,xs_momentum,157.852,0.0,0.0621,tp_sl,LOSS,SELL,158.021,1.6749174917490586,157.679,1.708415841584169
False,,17723,1,2026-01-16 15:45:00+00:00,london_fix_reversal,158.053,0.0,0.0479,tp_sl,WIN,SELL,158.217,1.2531806615775531,157.885,0.767
False,1.456,17726,5,2026-01-16 16:30:00+00:00,london_fix_reversal,157.991,0.0,0.0504,tp_sl,LOSS,SELL,158.158,1.253132832080343,157.821,1.278195488721924
False,,17756,1,2026-01-19 00:00:00+00:00,vix_carry_unwind,157.81,0.0,0.102,tp_sl,WIN,SELL,158.253,3.5399999999999636,157.309,2.405
False,,17759,8,2026-01-19 00:45:00+00:00,vix_carry_unwind,157.454,0.0,0.0898,signal_reverse,LOSS,SELL,157.955,3.264,156.887,3.264
False,,17777,5,2026-01-19 05:15:00+00:00,session_time_bias,157.808,0.0,0.0806,tp_sl,WIN,BUY,157.629,1.6666666666667447,158.022,1.2
False,,17784,1,2026-01-19 07:00:00+00:00,streak_reversal,157.781,0.0,0.0631,tp_sl,WIN,BUY,157.477,2.9611650485434797,158.093,1.812
False,,17787,4,2026-01-19 07:45:00+00:00,streak_reversal,158.065,0.0,0.058,tp_sl,WIN,SELL,158.325,2.3288690476189595,157.798,1.425
False,,17793,2,2026-01-19 09:15:00+00:00,dual_sr_bounce,158.067,0.0,0.0533,tp_sl,LOSS,BUY,157.915,1.250000000000028,158.223,1.2750000000000425
False,,17799,3,2026-01-19 10:45:00+00:00,streak_reversal,157.883,0.0,0.0537,tp_sl,WIN,BUY,157.67,1.7630853994490765,158.101,1.7983471074380535
False,,17805,15,2026-01-19 12:15:00+00:00,streak_reversal,157.946,0.0,0.0602,tp_sl,WIN,BUY,157.676,2.5077160493825406,158.223,1.535
False,,17822,13,2026-01-19 16:30:00+00:00,streak_reversal,158.117,0.0,0.0807,tp_sl,WIN,SELL,158.418,3.624497991967999,157.81,2.218
False,2.227,17854,1,2026-01-20 00:30:00+00:00,session_time_bias,158.248,0.0,0.1635,tp_sl,LOSS,BUY,158.103,1.8559829059825734,158.403,1.9871794871791373
False,1.894,17857,1,2026-01-20 01:15:00+00:00,session_time_bias,158.142,0.0,0.1203,tp_sl,LOSS,BUY,157.944,1.8666666666666958,158.354,2.000000000000165
False,,17873,3,2026-01-20 05:15:00+00:00,session_time_bias,158.038,0.0,0.0837,tp_sl,WIN,BUY,157.805,2.257281553397937,158.317,2.708737864077635
False,,17878,1,2026-01-20 06:30:00+00:00,vol_spike_mr,158.427,0.0,0.0784,signal_reverse,LOSS,SELL,158.565,0.939,158.287,0.939
False,3.231,17883,2,2026-01-20 07:45:00+00:00,streak_reversal,158.379,0.0,0.0537,tp_sl,LOSS,BUY,158.053,2.6928374655646383,158.711,2.746694214875959
False,,17887,1,2026-01-20 08:45:00+00:00,vol_spike_mr,157.809,0.0,0.0445,signal_reverse,LOSS,BUY,157.544,1.116,158.081,1.116
False,,17892,2,2026-01-20 10:00:00+00:00,dt_sr_channel_reversal,157.859,0.0,0.0417,signal_reverse,LOSS,BUY,157.634,0.404,158.09,0.404
False,,17896,1,2026-01-20 11:00:00+00:00,wick_imbalance_reversion,157.894,0.0,0.0455,signal_reverse,LOSS,BUY,157.574,0.874,158.222,0.874
False,,17899,1,2026-01-20 11:45:00+00:00,streak_reversal,157.755,0.0,0.0474,signal_reverse,LOSS,BUY,157.39,0.489,158.128,0.489
False,,17904,1,2026-01-20 13:00:00+00:00,xs_momentum,157.84,0.0,0.0494,tp_sl,LOSS,SELL,158.051,1.660104986876697,157.625,1.693307086614325
False,,17907,3,2026-01-20 13:45:00+00:00,dual_sr_bounce,157.835,0.0,0.0407,signal_reverse,LOSS,SELL,158.155,1.322,157.508,1.322
False,,17912,15,2026-01-20 15:00:00+00:00,sr_fib_confluence,158.084,0.0,0.0376,tp_sl,LOSS,BUY,157.81,1.6417165668663058,158.364,1.674550898203615
False,,17950,1,2026-01-21 00:30:00+00:00,session_time_bias,158.253,0.0,0.1275,tp_sl,LOSS,BUY,158.065,1.875,158.454,2.009999999999934
False,,17955,6,2026-01-21 01:45:00+00:00,session_time_bias,157.965,0.0,0.109,tp_sl,WIN,BUY,157.679,2.443589743589727,158.28,1.615
False,,17968,5,2026-01-21 05:00:00+00:00,session_time_bias,158.124,0.0,0.0846,tp_sl,WIN,BUY,157.953,1.6748366013070597,158.329,1.206
False,,17978,3,2026-01-21 07:30:00+00:00,streak_reversal,157.975,0.0,0.0663,signal_reverse,LOSS,BUY,157.76,1.296,158.196,1.296
False,,17983,3,2026-01-21 08:45:00+00:00,sr_fib_confluence,157.86,0.0,0.065,tp_sl,LOSS,SELL,158.011,1.5166666666667084,157.705,1.547000000000196
False,,17988,3,2026-01-21 10:00:00+00:00,streak_reversal,158.066,0.0,0.0657,tp_sl,WIN,SELL,158.266,2.0286195286196933,157.861,1.242
False,,17995,3,2026-01-21 11:45:00+00:00,streak_reversal,157.917,0.0,0.0699,tp_sl,LOSS,BUY,157.75,1.8010752688170943,158.088,1.8370967741935644
True,,18000,1,2026-01-21 13:00:00+00:00,dt_sr_channel_reversal,157.834,0.0,0.0661,tp_sl,WIN,BUY,157.758,0.804605263157866,157.926,0.9655263157894393
False,,18005,3,2026-01-21 14:15:00+00:00,vol_spike_mr,158.031,0.0,0.0586,signal_reverse,LOSS,SELL,158.207,2.267,157.851,2.267
False,,18010,3,2026-01-21 15:30:00+00:00,dt_bb_rsi_mr,158.227,0.0,0.0555,signal_reverse,WIN,SELL,158.431,1.806784660767079,158.018,0.756
False,,18015,9,2026-01-21 16:45:00+00:00,xs_momentum,158.169,0.0,0.0604,tp_sl,WIN,BUY,157.984,1.6666666666666872,158.357,1.7000000000001028
False,,18046,12,2026-01-22 00:30:00+00:00,session_time_bias,158.327,0.0,0.1118,tp_sl,WIN,BUY,158.115,1.8593567251463425,158.554,1.9912280701754725
False,,18064,4,2026-01-22 05:00:00+00:00,session_time_bias,158.683,0.0,0.0918,tp_sl,WIN,BUY,158.526,1.6666666666666625,158.871,1.2
False,,18071,2,2026-01-22 06:45:00+00:00,sr_break_retest,158.782,0.0,0.0948,tp_sl,WIN,BUY,158.63,1.6666666666667125,158.936,1.02
False,,18075,19,2026-01-22 07:45:00+00:00,streak_reversal,158.788,0.0,0.0699,tp_sl,LOSS,BUY,158.537,2.706093189964447,159.045,2.760215053763693
False,,18098,1,2026-01-22 13:30:00+00:00,streak_reversal,158.67,0.0,0.0621,tp_sl,WIN,BUY,158.46,2.079207920792158,158.884,1.272
True,,18106,2,2026-01-22 15:30:00+00:00,dt_bb_rsi_mr,158.401,0.0,0.0586,tp_sl,LOSS,BUY,158.294,0.9999999999999937,158.53,1.1999999999999924
False,,18110,1,2026-01-22 16:30:00+00:00,streak_reversal,158.293,0.0,0.0632,tp_sl,WIN,BUY,158.069,2.11477987421379,158.521,1.294
False,,18113,19,2026-01-22 17:15:00+00:00,dt_bb_rsi_mr,158.302,0.0,0.0649,tp_sl,WIN,BUY,158.097,1.8055555555556586,158.512,1.105
False,,18142,3,2026-01-23 00:30:00+00:00,session_time_bias,158.555,0.0,0.1417,tp_sl,WIN,BUY,158.333,2.4685185185183576,158.8,1.633
False,,18147,4,2026-01-23 01:45:00+00:00,session_time_bias,158.646,0.0,0.1386,tp_sl,WIN,BUY,158.475,1.8576086956523628,158.829,1.193
False,,18160,5,2026-01-23 05:00:00+00:00,session_time_bias,158.568,0.0,0.0898,tp_sl,WIN,BUY,158.408,1.6666666666666312,158.76,1.9999999999997797
False,,18168,1,2026-01-23 07:00:00+00:00,post_news_vol,158.939,0.0,0.058,tp_sl,WIN,BUY,158.393,4.880952380952509,159.497,2.987
False,,18172,1,2026-01-23 08:00:00+00:00,intraday_seasonality,158.356,0.0,0.0212,signal_reverse,LOSS,BUY,157.665,0.427,159.062,0.427
False,,18175,4,2026-01-23 08:45:00+00:00,dual_sr_bounce,158.12,0.0,0.0223,tp_sl,WIN,SELL,158.484,1.2499999999999338,157.747,0.765
False,,18181,1,2026-01-23 10:15:00+00:00,dt_sr_channel_reversal,158.134,0.0,0.026,signal_reverse,WIN,BUY,157.822,1.25,158.453,0.192
False,,18187,10,2026-01-23 11:45:00+00:00,sr_fib_confluence,158.121,0.0,0.0323,signal_reverse,LOSS,SELL,158.401,1.005,157.837,1.005
False,,18199,3,2026-01-23 14:45:00+00:00,sr_fib_confluence,158.262,0.0,0.0451,signal_reverse,LOSS,BUY,158.063,1.133,158.465,1.133
False,,18204,1,2026-01-23 16:00:00+00:00,sr_fib_confluence,158.204,0.0,0.0496,tp_sl,WIN,SELL,158.407,1.5000000000001095,157.998,1.530000000000158
False,,18207,1,2026-01-23 16:45:00+00:00,vix_carry_unwind,157.555,0.0,0.0381,tp_sl,WIN,SELL,158.084,3.0066287878787987,156.92,3.607954545454494
False,,18210,2,2026-01-23 17:30:00+00:00,xs_momentum,156.586,0.0,0.0269,tp_sl,WIN,SELL,157.044,1.666666666666701,156.118,1.700000000000004
False,,18259,2,2026-01-26 06:00:00+00:00,streak_reversal,154.387,0.0,0.0372,tp_sl,WIN,SELL,155.054,2.8735632183907636,153.707,1.759
False,,18269,2,2026-01-26 08:30:00+00:00,vix_carry_unwind,153.818,0.0,0.0239,tp_sl,WIN,SELL,154.632,2.9932598039215628,152.841,2.155
False,,18276,2,2026-01-26 10:15:00+00:00,sr_break_retest,153.696,0.0,0.0245,tp_sl,WIN,SELL,154.093,1.50000000000003,153.29,0.918
False,,18284,14,2026-01-26 12:15:00+00:00,streak_reversal,153.955,0.0,0.028,tp_sl,WIN,SELL,154.325,1.5984195402299013,153.576,0.978
False,,18300,3,2026-01-26 16:15:00+00:00,streak_reversal,153.991,0.0,0.0347,tp_sl,WIN,SELL,154.545,2.867012089809913,153.427,1.755
True,,18313,1,2026-01-26 19:30:00+00:00,dt_bb_rsi_mr,154.172,0.0,0.0507,tp_sl,WIN,SELL,154.318,0.9999999999999082,153.996,1.1999999999999287
True,,18322,2,2026-01-26 21:45:00+00:00,dt_bb_rsi_mr,154.189,0.0,0.0809,tp_sl,WIN,SELL,154.278,0.6556372549019914,154.082,0.7867647058823478
True,0.39,18337,1,2026-01-27 01:30:00+00:00,dt_bb_rsi_mr,154.279,0.0,0.0861,tp_sl,LOSS,SELL,154.334,0.3730292792792281,154.213,0.4476351351351121
True,,18351,2,2026-01-27 05:00:00+00:00,dt_bb_rsi_mr,154.585,0.0,0.0674,tp_sl,WIN,SELL,154.713,1.000000000000112,154.432,1.2000000000000899
False,,18356,1,2026-01-27 06:15:00+00:00,streak_reversal,154.571,0.0,0.0731,tp_sl,WIN,SELL,155.238,5.649717514124455,153.891,3.458
True,,18359,1,2026-01-27 07:00:00+00:00,dt_sr_channel_reversal,154.53,0.0,0.0528,tp_sl,LOSS,SELL,154.596,0.5386178861790651,154.45,0.646341463414832
True,,18363,1,2026-01-27 08:00:00+00:00,dt_bb_rsi_mr,154.692,0.0,0.0489,tp_sl,LOSS,SELL,154.824,0.9993734335841195,154.532,1.1992481203008152
False,,18370,2,2026-01-27 09:45:00+00:00,vix_carry_unwind,153.737,0.0,0.0301,tp_sl,WIN,SELL,154.383,2.9938271604938675,152.96,2.156
False,,18374,4,2026-01-27 10:45:00+00:00,vix_carry_unwind,153.734,0.0,0.0265,tp_sl,WIN,SELL,154.469,3.000000000000056,152.852,2.16
False,,18380,5,2026-01-27 12:15:00+00:00,xs_momentum,153.437,0.0,0.0277,tp_sl,WIN,SELL,153.829,1.6702127659575001,153.036,1.703617021276609
False,,18388,2,2026-01-27 14:15:00+00:00,xs_momentum,153.138,0.0,0.0279,tp_sl,WIN,SELL,153.513,1.6666666666667929,152.755,1.02
False,,18394,6,2026-01-27 15:45:00+00:00,xs_momentum,153.234,0.0,0.0263,tp_sl,WIN,SELL,153.631,1.663179916318025,152.828,1.6964435146443593
False,,18414,2,2026-01-27 20:45:00+00:00,vix_carry_unwind,152.357,0.0,0.0521,tp_sl,WIN,SELL,153.033,3.201579778830967,151.597,2.161
False,,18448,6,2026-01-28 05:15:00+00:00,ema_cross,152.528,0.0,0.0526,tp_sl,WIN,SELL,152.913,2.347560975609874,152.136,1.437
False,,18463,6,2026-01-28 09:00:00+00:00,streak_reversal,152.679,0.0,0.0355,tp_sl,WIN,SELL,153.177,2.7231329690346167,152.17,1.667
False,,18475,6,2026-01-28 12:00:00+00:00,ema_cross,152.508,0.0,0.0406,tp_sl,LOSS,SELL,152.882,2.333333333333343,152.128,2.37999999999996
True,,18483,2,2026-01-28 14:00:00+00:00,dt_bb_rsi_mr,152.816,0.0,0.0385,tp_sl,WIN,SELL,152.96,0.8881646216770167,152.642,0.639
False,,18488,1,2026-01-28 15:15:00+00:00,vol_spike_mr,153.46,0.0,0.0279,tp_sl,WIN,SELL,153.929,2.0851851851851833,152.981,1.276
False,,18492,8,2026-01-28 16:15:00+00:00,streak_reversal,153.736,0.0,0.0285,tp_sl,WIN,SELL,154.093,1.5177304964538507,153.373,0.929
False,,18551,1,2026-01-29 07:00:00+00:00,streak_reversal,153.047,0.0,0.0489,tp_sl,LOSS,SELL,153.388,2.5689223057646386,152.698,2.620300751879923
True,,18554,2,2026-01-29 07:45:00+00:00,dt_bb_rsi_mr,153.297,0.0,0.0468,tp_sl,WIN,SELL,153.435,0.9999999999998674,153.13,0.72
True,0.714,18562,3,2026-01-29 09:45:00+00:00,dt_sr_channel_reversal,153.3,0.0,0.0428,tp_sl,LOSS,SELL,153.405,0.6935307017545032,153.173,0.8322368421054038
False,,18567,5,2026-01-29 11:00:00+00:00,streak_reversal,153.458,0.0,0.0481,tp_sl,WIN,SELL,153.907,3.333333333333249,152.999,2.04
False,,18578,3,2026-01-29 14:00:00+00:00,wick_imbalance_reversion,153.195,0.0,0.0472,tp_sl,WIN,SELL,153.431,1.7731829573933668,152.954,1.085
False,1.489,18585,9,2026-01-29 15:45:00+00:00,london_fix_reversal,152.8,0.0,0.0309,tp_sl,LOSS,SELL,153.054,1.2520525451559747,152.54,1.2770935960591558
False,,18638,1,2026-01-30 05:00:00+00:00,dt_sr_channel_reversal,153.817,0.0,0.0553,signal_reverse,LOSS,SELL,154.056,1.803,153.574,1.803
False,,18643,7,2026-01-30 06:15:00+00:00,htf_false_breakout,153.87,0.0,0.0532,tp_sl,WIN,SELL,154.33,2.834362139917749,153.402,1.735
False,,18653,9,2026-01-30 08:45:00+00:00,streak_reversal,153.936,0.0,0.0404,signal_reverse,LOSS,SELL,154.411,0.528,153.451,0.528
False,,18664,7,2026-01-30 11:30:00+00:00,streak_reversal,154.006,0.0,0.0406,tp_sl,WIN,BUY,153.657,2.182291666666636,154.363,1.336
False,,18673,1,2026-01-30 13:45:00+00:00,streak_reversal,154.353,0.0,0.04,signal_reverse,LOSS,SELL,154.914,0.398,153.78,0.398
False,,18676,1,2026-01-30 14:30:00+00:00,orb_trap,154.345,0.0,0.0405,signal_reverse,LOSS,SELL,154.577,2.281,154.108,2.281
False,,18681,1,2026-01-30 15:45:00+00:00,london_fix_reversal,154.21,0.0,0.0339,signal_reverse,LOSS,SELL,154.441,0.641,153.973,0.641
False,,18684,1,2026-01-30 16:30:00+00:00,xs_momentum,154.335,0.0,0.0379,tp_sl,WIN,BUY,154.041,1.661958568738324,154.635,1.017
False,,18688,1,2026-01-30 17:30:00+00:00,xs_momentum,154.46,0.0,0.0457,tp_sl,WIN,BUY,154.096,2.247942386831161,154.832,1.376
False,,18716,1,2026-02-02 00:30:00+00:00,session_time_bias,155.113,0.0,0.0708,tp_sl,WIN,BUY,154.776,1.871296296296205,155.474,1.203
False,,18734,3,2026-02-02 05:00:00+00:00,dt_fib_reversal,154.833,0.0,0.0516,tp_sl,WIN,BUY,154.562,1.6217564870258345,155.109,0.993
False,,18743,24,2026-02-02 07:15:00+00:00,dual_sr_bounce,154.746,0.0,0.0378,signal_reverse,LOSS,SELL,155.233,3.064,154.248,3.064
False,,18769,1,2026-02-02 13:45:00+00:00,dt_bb_rsi_mr,155.218,0.0,0.0448,signal_reverse,LOSS,SELL,155.469,0.89,154.961,0.89
False,,18772,1,2026-02-02 14:30:00+00:00,orb_trap,155.246,0.0,0.0442,signal_reverse,LOSS,SELL,155.516,2.236,154.97,2.236
False,,18775,3,2026-02-02 15:15:00+00:00,vol_spike_mr,155.525,0.0,0.0407,signal_reverse,LOSS,SELL,155.749,0.017,155.296,0.017
False,,18780,5,2026-02-02 16:30:00+00:00,xs_momentum,155.532,0.0,0.0456,tp_sl,WIN,BUY,155.287,1.6666666666665044,155.782,1.02
True,,18810,1,2026-02-03 00:00:00+00:00,dt_bb_rsi_mr,155.483,0.0,0.1301,tp_sl,WIN,BUY,155.401,0.8354591836731445,155.581,1.0025510204079475
False,,18814,2,2026-02-03 01:00:00+00:00,session_time_bias,155.526,0.0,0.1181,signal_reverse,LOSS,BUY,155.324,0.708,155.742,0.708
False,,18830,5,2026-02-03 05:00:00+00:00,session_time_bias,155.429,0.0,0.0908,signal_reverse,LOSS,BUY,155.215,0.939,155.685,0.939
False,,18837,1,2026-02-03 06:45:00+00:00,sr_break_retest,155.42,0.0,0.0958,tp_sl,WIN,BUY,155.285,1.499999999999899,155.557,0.918
False,,18840,2,2026-02-03 07:30:00+00:00,sr_fib_confluence,155.37,0.0,0.0657,signal_reverse,LOSS,SELL,155.544,1.566,155.192,1.566
False,,18845,1,2026-02-03 08:45:00+00:00,sr_anti_hunt_bounce,155.536,0.0,0.0631,tp_sl,WIN,BUY,154.338,11.634304207119646,156.759,7.12
False,,18851,9,2026-02-03 10:15:00+00:00,sr_break_retest,155.859,0.0,0.0591,tp_sl,WIN,BUY,155.675,1.6742424242424518,156.047,1.025
False,,18862,3,2026-02-03 13:00:00+00:00,streak_reversal,155.797,0.0,0.069,tp_sl,WIN,BUY,155.386,4.5238095238094695,156.217,2.769
False,,18873,11,2026-02-03 15:45:00+00:00,sr_fib_confluence,155.713,0.0,0.0592,tp_sl,WIN,BUY,155.527,1.7531446540880646,155.903,1.073
True,0.98,18907,1,2026-02-04 00:15:00+00:00,dt_bb_rsi_mr,155.86,0.0,0.1466,tp_sl,LOSS,SELL,155.931,0.816570881225801,155.775,0.9798850574709612
False,,18910,1,2026-02-04 01:00:00+00:00,session_time_bias,156.096,0.0,0.1371,tp_sl,WIN,BUY,155.922,1.8666666666665948,156.282,1.2
False,,18928,5,2026-02-04 05:30:00+00:00,sr_break_retest,156.293,0.0,0.1078,tp_sl,WIN,BUY,156.159,1.666666666666572,156.429,1.02
False,,18938,3,2026-02-04 08:00:00+00:00,streak_reversal,156.415,0.0,0.0813,tp_sl,WIN,BUY,155.749,8.333333333333215,157.095,5.1
False,,18956,2,2026-02-04 12:30:00+00:00,streak_reversal,156.648,0.0,0.0813,tp_sl,WIN,BUY,155.982,8.33333333333357,157.328,5.1
False,,18962,5,2026-02-04 14:00:00+00:00,xs_momentum,156.501,0.0,0.0586,tp_sl,WIN,BUY,156.323,1.6666666666667447,156.683,1.700000000000122
False,1.617,18970,4,2026-02-04 16:00:00+00:00,dual_sr_bounce,156.667,0.0,0.0554,tp_sl,LOSS,BUY,156.475,1.5840220385676966,156.862,1.6157024793389239
False,,18977,5,2026-02-04 17:45:00+00:00,dual_sr_bounce,156.671,0.0,0.0612,tp_sl,WIN,BUY,156.486,1.5289256198347296,156.86,1.5595041322314993
False,,18992,11,2026-02-04 21:30:00+00:00,sr_anti_hunt_bounce,156.909,0.0,0.1358,tp_sl,WIN,BUY,156.013,11.064197530864464,157.807,6.649
False,,19006,3,2026-02-05 01:00:00+00:00,session_time_bias,156.878,0.0,0.1342,tp_sl,WIN,BUY,156.645,2.454385964912382,157.135,1.623
False,,19022,2,2026-02-05 05:00:00+00:00,session_time_bias,156.856,0.0,0.0991,tp_sl,WIN,BUY,156.659,2.2605363984673374,157.092,1.628
False,,19027,1,2026-02-05 06:15:00+00:00,vol_spike_mr,156.94,0.0,0.0898,tp_sl,WIN,BUY,156.82,1.2500000000000473,157.062,0.765
False,,19030,1,2026-02-05 07:00:00+00:00,ema_cross,157.048,0.0,0.0625,tp_sl,WIN,BUY,156.858,1.8269230769230551,157.242,1.118
False,,19035,3,2026-02-05 08:15:00+00:00,streak_reversal,157.061,0.0,0.0602,tp_sl,WIN,BUY,156.837,2.0833333333332806,157.291,1.275
False,,19044,2,2026-02-05 10:30:00+00:00,streak_reversal,157.182,0.0,0.0607,tp_sl,WIN,BUY,156.881,2.819314641744375,157.49,1.725
False,,19048,2,2026-02-05 11:30:00+00:00,streak_reversal,157.156,0.0,0.065,tp_sl,WIN,BUY,156.907,2.4916666666666742,157.411,1.525
False,1.5,19052,1,2026-02-05 12:30:00+00:00,vol_spike_mr,157.026,0.0,0.0613,tp_sl,LOSS,BUY,156.894,1.2499999999999356,157.162,1.2749999999998272
False,,19055,4,2026-02-05 13:15:00+00:00,streak_reversal,156.771,0.0,0.0536,tp_sl,WIN,BUY,156.53,2.0584045584046295,157.017,1.26
True,,19062,1,2026-02-05 15:00:00+00:00,dt_sr_channel_reversal,156.744,0.0,0.0407,tp_sl,LOSS,BUY,156.59,0.9999999999999764,156.929,1.1999999999999718
False,,19065,1,2026-02-05 15:45:00+00:00,sr_break_retest,156.836,0.0,0.0397,tp_sl,WIN,BUY,156.6,1.4978902953585467,157.078,0.917
False,,19068,13,2026-02-05 16:30:00+00:00,dual_sr_bounce,156.912,0.0,0.0438,tp_sl,WIN,SELL,157.16,1.6176470588235443,156.66,0.99
True,,19100,1,2026-02-06 00:30:00+00:00,dt_sr_channel_reversal,156.763,0.0,0.102,tp_sl,LOSS,BUY,156.638,1.0,156.913,1.2000000000000455
False,,19118,1,2026-02-06 05:00:00+00:00,streak_reversal,156.635,0.0,0.0854,tp_sl,WIN,BUY,155.968,6.6006600660065065,157.315,4.04
False,,19126,2,2026-02-06 07:00:00+00:00,streak_reversal,156.694,0.0,0.0619,tp_sl,WIN,BUY,156.028,6.349206349206259,157.374,3.886
False,,19130,2,2026-02-06 08:00:00+00:00,sr_fib_confluence,156.889,0.0,0.0607,tp_sl,WIN,BUY,156.729,1.5031152647974688,157.054,0.92
False,,19136,6,2026-02-06 09:30:00+00:00,sr_break_retest,157.028,0.0,0.0619,tp_sl,WIN,BUY,156.853,1.666666666666775,157.207,1.02
False,,19147,2,2026-02-06 12:15:00+00:00,xs_momentum,157.039,0.0,0.067,tp_sl,WIN,BUY,156.879,1.6580756013748204,157.204,1.015
False,,19153,4,2026-02-06 13:45:00+00:00,streak_reversal,156.934,0.0,0.064,tp_sl,WIN,BUY,156.603,3.375850340135884,157.272,2.066
False,1.447,19161,1,2026-02-06 15:45:00+00:00,dual_sr_bounce,156.83,0.0,0.0536,tp_sl,LOSS,SELL,156.976,1.2500000000000777,156.681,1.2749999999998751
False,,19197,2,2026-02-09 00:45:00+00:00,session_time_bias,156.885,0.0,0.0619,tp_sl,LOSS,BUY,156.38,2.44919093851123,157.441,2.6990291262135107
False,,19201,1,2026-02-09 01:45:00+00:00,session_time_bias,156.63,0.0,0.0593,signal_reverse,WIN,BUY,156.103,2.4519379844962206,157.211,0.644
False,,19215,6,2026-02-09 05:15:00+00:00,session_time_bias,156.646,0.0,0.0542,signal_reverse,LOSS,BUY,156.287,0.914,157.076,0.914
False,,19223,1,2026-02-09 07:15:00+00:00,dt_sr_channel_reversal,156.444,0.0,0.0387,tp_sl,WIN,BUY,156.164,1.6716269841269862,156.731,1.023
False,,19227,2,2026-02-09 08:15:00+00:00,sr_fib_confluence,156.751,0.0,0.0374,signal_reverse,WIN,SELL,157.052,1.7337164750956788,156.443,1.167
False,1.429,19231,4,2026-02-09 09:15:00+00:00,dual_sr_bounce,156.489,0.0,0.0385,tp_sl,LOSS,SELL,156.7,1.2500000000000402,156.273,1.2749999999999873
False,,19239,1,2026-02-09 11:15:00+00:00,streak_reversal,156.581,0.0,0.0451,signal_reverse,LOSS,BUY,156.295,0.826,156.872,0.826
False,,19242,1,2026-02-09 12:00:00+00:00,streak_reversal,156.446,0.0,0.0464,signal_reverse,WIN,BUY,156.141,2.1845238095236494,156.758,0.271
False,,19246,1,2026-02-09 13:00:00+00:00,xs_momentum,156.143,0.0,0.0418,tp_sl,WIN,SELL,156.392,1.6611111111109267,155.889,1.017
False,,19249,1,2026-02-09 13:45:00+00:00,xs_momentum,155.919,0.0,0.0371,tp_sl,WIN,SELL,156.298,2.2435897435898893,155.532,1.373
False,2.385,19252,6,2026-02-09 14:30:00+00:00,intraday_seasonality,155.611,0.0,0.0349,tp_sl,LOSS,SELL,156.014,2.2407407407405975,155.199,2.285555555555479
False,,19260,5,2026-02-09 16:30:00+00:00,streak_reversal,156.08,0.0,0.0394,signal_reverse,WIN,SELL,156.522,2.598039215686252,155.63,0.774
False,2.879,19292,1,2026-02-10 00:30:00+00:00,session_time_bias,156.23,0.0,0.0951,tp_sl,LOSS,BUY,155.901,2.451243781094453,156.592,2.701492537313394
False,,19314,12,2026-02-10 06:00:00+00:00,streak_reversal,155.305,0.0,0.0595,tp_sl,LOSS,SELL,155.81,3.48275862068982,154.79,3.5524137931035735
False,,19328,2,2026-02-10 09:30:00+00:00,dual_sr_bounce,155.296,0.0,0.05,tp_sl,WIN,SELL,155.458,1.2499999999999563,155.13,1.275000000000021
False,,19332,3,2026-02-10 10:30:00+00:00,ema_cross,155.053,0.0,0.0478,tp_sl,LOSS,SELL,155.283,1.6973039215685466,154.817,1.7312499999998965
False,,19337,2,2026-02-10 11:45:00+00:00,sr_anti_hunt_bounce,155.256,0.0,0.0533,tp_sl,WIN,SELL,156.24,8.073770491803158,154.251,4.941
False,,19342,1,2026-02-10 13:00:00+00:00,xs_momentum,155.067,0.0,0.0498,tp_sl,WIN,SELL,155.277,1.6666666666667298,154.853,1.700000000000042
False,,19345,1,2026-02-10 13:45:00+00:00,xs_momentum,154.748,0.0,0.0421,tp_sl,WIN,SELL,154.997,1.672259507829792,154.494,1.7057046979864527
False,,19348,3,2026-02-10 14:30:00+00:00,xs_momentum,154.314,0.0,0.0374,tp_sl,WIN,SELL,154.593,1.6617063492063604,154.029,1.017
False,1.971,19354,8,2026-02-10 16:00:00+00:00,xs_momentum,154.134,0.0,0.0366,tp_sl,LOSS,SELL,154.439,1.6666666666665486,153.823,1.6999999999999014
False,,19390,4,2026-02-11 01:00:00+00:00,vix_carry_unwind,153.892,0.0,0.1063,tp_sl,WIN,SELL,154.315,3.5194444444445123,153.414,2.39
False,,19414,3,2026-02-11 07:00:00+00:00,streak_reversal,153.203,0.0,0.0411,tp_sl,WIN,SELL,153.869,4.219409282700542,152.523,2.582
False,,19430,9,2026-02-11 11:00:00+00:00,streak_reversal,153.348,0.0,0.0461,tp_sl,WIN,SELL,154.014,4.7281323877069905,152.668,2.894
False,,19447,1,2026-02-11 15:15:00+00:00,dual_sr_bounce,153.366,0.0,0.0216,signal_reverse,WIN,BUY,152.725,2.2050400916380757,154.021,0.826
False,,19452,2,2026-02-11 16:30:00+00:00,xs_momentum,153.2,0.0,0.0241,tp_sl,WIN,SELL,153.827,2.2541966426858457,152.561,1.38
True,,19471,2,2026-02-11 21:15:00+00:00,dt_bb_rsi_mr,153.218,0.0,0.0629,tp_sl,WIN,SELL,153.393,1.000000000000065,153.008,0.72
False,,19486,3,2026-02-12 01:00:00+00:00,vix_carry_unwind,152.871,0.0,0.0654,tp_sl,WIN,SELL,153.495,3.1999999999999753,152.169,2.16
False,,19502,5,2026-02-12 05:00:00+00:00,streak_reversal,152.919,0.0,0.0449,tp_sl,LOSS,SELL,153.47,2.8689236111111662,152.358,2.926302083333295
True,,19509,1,2026-02-12 06:45:00+00:00,dt_sr_channel_reversal,153.297,0.0,0.0377,tp_sl,WIN,SELL,153.526,1.0000000000000586,153.023,1.1999999999999957
False,,19513,2,2026-02-12 07:45:00+00:00,sr_break_retest,153.025,0.0,0.0286,tp_sl,WIN,SELL,153.365,1.5014684287812157,152.677,0.919
False,2.316,19526,5,2026-02-12 11:00:00+00:00,streak_reversal,153.154,0.0,0.0351,tp_sl,LOSS,SELL,153.548,2.13063063063069,152.751,2.173243243243258
False,,19533,2,2026-02-12 12:45:00+00:00,streak_reversal,153.659,0.0,0.0369,tp_sl,WIN,SELL,154.325,3.7878787878788955,152.978,2.318
False,,19541,2,2026-02-12 14:45:00+00:00,sr_fib_confluence,153.007,0.0,0.0334,tp_sl,WIN,SELL,153.376,1.9636524822693806,152.63,1.202
False,,19545,1,2026-02-12 15:45:00+00:00,xs_momentum,152.635,0.0,0.0322,tp_sl,WIN,SELL,153.074,2.252136752136744,152.187,1.378
False,,19553,23,2026-02-12 17:45:00+00:00,sr_fib_confluence,152.839,0.0,0.0354,tp_sl,WIN,SELL,153.189,1.6746411483253316,152.482,1.025
False,1.925,19602,3,2026-02-13 06:00:00+00:00,dt_fib_reversal,153.176,0.0,0.0542,tp_sl,LOSS,SELL,153.431,1.6037735849056318,152.916,1.6358490566039159
True,,19607,2,2026-02-13 07:15:00+00:00,dt_bb_rsi_mr,153.411,0.0,0.0409,tp_sl,LOSS,SELL,153.57,0.9999999999999485,153.22,1.199999999999974
False,,19612,9,2026-02-13 08:30:00+00:00,streak_reversal,153.58,0.0,0.0401,tp_sl,WIN,SELL,154.246,4.115226337448501,152.9,2.519
False,,19623,8,2026-02-13 11:15:00+00:00,dual_sr_bounce,153.425,0.0,0.0485,tp_sl,LOSS,BUY,153.209,1.6169154228855862,153.647,1.6492537313433107
False,,19633,1,2026-02-13 13:45:00+00:00,xs_momentum,153.061,0.0,0.04,tp_sl,WIN,SELL,153.415,2.255838641188899,152.699,1.381
False,,19636,9,2026-02-13 14:30:00+00:00,vix_carry_unwind,152.932,0.0,0.0376,tp_sl,WIN,SELL,153.434,3.00898203592813,152.329,2.166
False,,19649,20,2026-02-13 17:45:00+00:00,xs_momentum,152.788,0.0,0.0425,tp_sl,WIN,SELL,153.074,1.647509578544033,152.495,1.008
True,,19675,1,2026-02-16 00:30:00+00:00,dt_sr_channel_reversal,152.974,0.0,0.1071,tp_sl,LOSS,SELL,153.093,0.9999999999999981,152.831,1.19999999999995
False,,19695,5,2026-02-16 05:30:00+00:00,dt_fib_reversal,153.195,0.0,0.0898,tp_sl,WIN,SELL,153.34,1.5104166666667733,153.047,0.924
False,2.923,19702,9,2026-02-16 07:15:00+00:00,streak_reversal,153.276,0.0,0.0663,tp_sl,LOSS,SELL,153.558,2.8741496598639418,152.989,2.9316326530610985
False,,19713,4,2026-02-16 10:00:00+00:00,streak_reversal,153.567,0.0,0.0602,signal_reverse,WIN,SELL,154.029,4.28240740740746,153.095,0.907
False,,19719,4,2026-02-16 11:30:00+00:00,streak_reversal,153.424,0.0,0.0657,signal_reverse,LOSS,BUY,153.03,0.667,153.827,0.667
False,,19725,10,2026-02-16 13:00:00+00:00,xs_momentum,153.397,0.0,0.0697,tp_sl,WIN,BUY,153.247,1.6666666666667298,153.55,1.02
False,,19737,2,2026-02-16 16:00:00+00:00,london_fix_reversal,153.404,0.0,0.0736,tp_sl,LOSS,SELL,153.541,1.5018315018313853,153.265,1.5318681318680754
False,,19741,2,2026-02-16 17:00:00+00:00,streak_reversal,153.526,0.0,0.0813,signal_reverse,WIN,SELL,154.031,5.558608058608001,153.01,0.651
False,,19770,1,2026-02-17 00:15:00+00:00,vix_carry_unwind,153.303,0.0,0.1203,tp_sl,WIN,SELL,153.676,3.51761006289295,152.881,2.389
False,,19773,2,2026-02-17 01:00:00+00:00,vix_carry_unwind,153.338,0.0,0.109,tp_sl,WIN,SELL,153.753,3.5475783475782983,152.868,2.41
False,,19792,2,2026-02-17 05:45:00+00:00,sr_break_retest,152.941,0.0,0.0696,tp_sl,WIN,SELL,153.149,1.673387096774047,152.73,1.024
False,,19800,1,2026-02-17 07:45:00+00:00,streak_reversal,153.07,0.0,0.0516,tp_sl,WIN,SELL,153.572,3.98809523809522,152.557,2.441
False,,19804,20,2026-02-17 08:45:00+00:00,post_news_vol,152.714,0.0,0.0481,tp_sl,LOSS,SELL,153.422,5.246913580246773,151.991,5.351851851851826
False,,19826,1,2026-02-17 14:15:00+00:00,wick_imbalance_reversion,153.39,0.0,0.0502,signal_reverse,LOSS,SELL,153.614,0.548,153.161,0.548
False,,19829,1,2026-02-17 15:00:00+00:00,xs_momentum,153.595,0.0,0.0479,tp_sl,WIN,BUY,153.299,2.25826972010168,153.897,2.3034351145038046
False,,19833,1,2026-02-17 16:00:00+00:00,dt_sr_channel_reversal,153.72,0.0,0.0469,signal_reverse,WIN,SELL,153.951,1.6142191142190374,153.485,1.109
False,,19836,8,2026-02-17 16:45:00+00:00,xs_momentum,153.568,0.0,0.0479,signal_reverse,LOSS,BUY,153.253,1.896,153.889,1.896
False,,19887,2,2026-02-18 05:30:00+00:00,session_time_bias,153.578,0.0,0.0938,tp_sl,LOSS,BUY,153.427,1.639492753623242,153.759,1.967391304347952
False,,19895,10,2026-02-18 07:30:00+00:00,streak_reversal,153.616,0.0,0.067,signal_reverse,LOSS,SELL,153.812,1.474,153.415,1.474
False,,19908,1,2026-02-18 10:45:00+00:00,dt_bb_rsi_mr,153.806,0.0,0.0677,signal_reverse,WIN,SELL,153.978,1.796874999999846,153.63,1.125
False,,19911,1,2026-02-18 11:30:00+00:00,streak_reversal,153.679,0.0,0.0699,tp_sl,WIN,BUY,153.355,3.4856630824371617,154.01,2.133
False,,19914,2,2026-02-18 12:15:00+00:00,sr_break_retest,153.643,0.0,0.067,signal_reverse,LOSS,SELL,153.81,0.629,153.472,0.629
False,,19918,1,2026-02-18 13:15:00+00:00,streak_reversal,153.724,0.0,0.0634,signal_reverse,LOSS,SELL,153.958,2.218,153.485,2.218
False,,19921,1,2026-02-18 14:00:00+00:00,xs_momentum,153.988,0.0,0.0586,tp_sl,WIN,BUY,153.809,1.674454828660507,154.171,1.7079439252336321
False,,19926,8,2026-02-18 15:15:00+00:00,xs_momentum,154.35,0.0,0.0468,tp_sl,WIN,BUY,154.128,1.6604477611940043,154.577,1.6936567164178207
False,,19963,3,2026-02-19 00:30:00+00:00,session_time_bias,154.803,0.0,0.1214,tp_sl,WIN,BUY,154.546,2.446031746031741,155.086,1.617
False,,19968,6,2026-02-19 01:45:00+00:00,session_time_bias,154.96,0.0,0.1138,tp_sl,WIN,BUY,154.751,1.8666666666667149,155.184,2.0000000000001603
False,,19981,4,2026-02-19 05:00:00+00:00,session_time_bias,155.176,0.0,0.0701,tp_sl,WIN,BUY,154.971,1.6666666666665373,155.422,1.2
False,,19987,3,2026-02-19 06:30:00+00:00,streak_reversal,155.073,0.0,0.0674,tp_sl,WIN,BUY,154.806,2.083333333333215,155.345,1.275
False,,19992,10,2026-02-19 07:45:00+00:00,streak_reversal,154.974,0.0,0.0508,tp_sl,LOSS,BUY,154.706,2.0898437499998757,155.246,2.131640625000042
False,,20004,6,2026-02-19 10:45:00+00:00,sr_fib_confluence,154.7,0.0,0.0528,tp_sl,WIN,SELL,154.872,1.4024390243901237,154.524,0.858
False,1.674,20012,2,2026-02-19 12:45:00+00:00,sr_fib_confluence,154.796,0.0,0.0565,tp_sl,LOSS,SELL,154.976,1.5724637681159948,154.611,1.6039130434782454
False,,20016,1,2026-02-19 13:45:00+00:00,sr_fib_confluence,154.924,0.0,0.0483,tp_sl,WIN,BUY,154.688,1.8141025641026631,155.165,1.8503846153847163
False,,20020,6,2026-02-19 14:45:00+00:00,xs_momentum,155.214,0.0,0.0427,tp_sl,LOSS,BUY,154.884,2.2448979591837586,155.551,2.2897959183673757
False,,20028,10,2026-02-19 16:45:00+00:00,sr_fib_confluence,154.972,0.0,0.0496,tp_sl,WIN,BUY,154.754,1.6111111111111194,155.194,0.986
False,,20061,1,2026-02-20 01:00:00+00:00,session_time_bias,155.099,0.0,0.1028,tp_sl,WIN,BUY,154.795,2.4513440860215128,155.434,1.621
False,,20077,2,2026-02-20 05:00:00+00:00,session_time_bias,155.24,0.0,0.0863,tp_sl,WIN,BUY,155.015,2.2500000000002274,155.51,1.62
True,,20086,1,2026-02-20 07:15:00+00:00,dt_bb_rsi_mr,155.075,0.0,0.0596,tp_sl,WIN,BUY,154.995,0.7301223241588789,155.17,0.8761467889907067
False,,20094,6,2026-02-20 09:15:00+00:00,streak_reversal,155.436,0.0,0.0451,tp_sl,LOSS,BUY,155.136,2.0833333333334125,155.743,2.125000000000081
False,,20102,8,2026-02-20 11:15:00+00:00,dual_sr_bounce,155.206,0.0,0.0496,tp_sl,WIN,SELL,155.48,2.092875318066207,154.926,1.281
False,2.5,20116,1,2026-02-20 14:45:00+00:00,streak_reversal,155.392,0.0,0.049,tp_sl,LOSS,BUY,155.126,2.083333333333437,155.664,2.1250000000001545
True,,20119,5,2026-02-20 15:30:00+00:00,dt_bb_rsi_mr,154.885,0.0,0.0349,tp_sl,WIN,BUY,154.705,1.000000000000038,155.101,1.2000000000000455
False,,20127,3,2026-02-20 17:30:00+00:00,dual_sr_bounce,155.072,0.0,0.042,tp_sl,WIN,SELL,155.292,1.2499999999999936,154.847,1.2750000000000161
False,1.605,20177,1,2026-02-23 06:15:00+00:00,sr_break_retest,154.22,0.0,0.0696,tp_sl,LOSS,SELL,154.386,1.3373655913980085,154.051,1.364112903225822
False,3.801,20180,20,2026-02-23 07:00:00+00:00,streak_reversal,154.536,0.0,0.0508,tp_sl,LOSS,SELL,154.989,3.541666666666554,154.073,3.6124999999997964
False,,20204,13,2026-02-23 13:00:00+00:00,streak_reversal,154.815,0.0,0.0546,tp_sl,LOSS,BUY,154.303,4.456521739130583,155.338,4.545652173913061
False,1.701,20219,4,2026-02-23 16:45:00+00:00,xs_momentum,154.286,0.0,0.0523,tp_sl,LOSS,SELL,154.5,1.673177083333366,154.068,1.7066406249999222
True,1.03,20231,4,2026-02-23 19:45:00+00:00,dt_bb_rsi_mr,154.605,0.0,0.0649,tp_sl,LOSS,SELL,154.719,1.000000000000038,154.468,1.1999999999999458
True,0.406,20249,1,2026-02-24 00:15:00+00:00,dt_bb_rsi_mr,154.699,0.0,0.1226,tp_sl,LOSS,SELL,154.734,0.33854166666649543,154.657,0.4062499999996852
False,,20252,1,2026-02-24 01:00:00+00:00,session_time_bias,154.942,0.0,0.1203,tp_sl,WIN,BUY,154.743,1.8745283018868144,155.155,1.206
False,,20269,3,2026-02-24 05:15:00+00:00,session_time_bias,155.287,0.0,0.0846,tp_sl,LOSS,BUY,155.057,2.246732026143698,155.562,2.6960784313726047
False,,20274,1,2026-02-24 06:30:00+00:00,streak_reversal,155.072,0.0,0.0821,tp_sl,WIN,BUY,154.858,2.0317460317460787,155.289,2.072380952380995
False,,20279,1,2026-02-24 07:45:00+00:00,post_news_vol,156.105,0.0,0.0367,tp_sl,WIN,BUY,154.598,8.512241054613902,157.641,5.209
False,,20284,15,2026-02-24 09:00:00+00:00,streak_reversal,155.833,0.0,0.0355,tp_sl,WIN,BUY,155.167,3.6429872495447304,156.513,2.23
False,,20304,5,2026-02-24 14:00:00+00:00,xs_momentum,156.106,0.0,0.0451,tp_sl,LOSS,BUY,155.875,1.6666666666667864,156.343,1.700000000000204
False,,20312,13,2026-02-24 16:00:00+00:00,streak_reversal,155.741,0.0,0.0438,tp_sl,LOSS,BUY,155.156,3.823529411764758,156.337,3.89999999999999
False,,20348,1,2026-02-25 01:00:00+00:00,session_time_bias,155.691,0.0,0.1118,tp_sl,WIN,BUY,155.477,1.8739766081870157,155.92,1.205
False,,20351,2,2026-02-25 01:45:00+00:00,session_time_bias,155.778,0.0,0.1037,tp_sl,LOSS,BUY,155.549,1.8598915989160352,156.023,1.991869918699224
False,,20364,11,2026-02-25 05:00:00+00:00,streak_reversal,155.728,0.0,0.052,tp_sl,WIN,BUY,155.061,4.016064257028226,156.408,2.458
False,,20393,1,2026-02-25 12:15:00+00:00,streak_reversal,156.667,0.0,0.0492,tp_sl,WIN,BUY,156.062,4.583333333333256,157.285,2.805
False,1.674,20397,4,2026-02-25 13:15:00+00:00,xs_momentum,156.682,0.0,0.049,tp_sl,LOSS,BUY,156.468,1.673177083333366,156.901,1.7066406249999222
False,,20408,12,2026-02-25 16:00:00+00:00,london_fix_reversal,156.449,0.0,0.0489,tp_sl,LOSS,BUY,156.243,1.502433090024209,156.659,1.5324817518247595
False,,20453,2,2026-02-26 05:00:00+00:00,session_time_bias,155.928,0.0,0.0713,tp_sl,LOSS,BUY,155.727,1.6597796143252035,156.169,1.9917355371901972
False,,20457,1,2026-02-26 06:00:00+00:00,ema200_trend_reversal,155.968,0.0,0.0663,tp_sl,WIN,BUY,155.761,1.5897435897434555,156.178,0.973
False,,20470,15,2026-02-26 09:15:00+00:00,orb_trap,156.03,0.0,0.0528,tp_sl,WIN,BUY,155.792,1.9376693766938533,156.274,1.186
False,,20492,1,2026-02-26 14:45:00+00:00,streak_reversal,155.932,0.0,0.0546,tp_sl,WIN,BUY,155.666,2.31884057971026,156.204,1.419
False,,20496,1,2026-02-26 15:45:00+00:00,london_fix_reversal,156.037,0.0,0.049,tp_sl,WIN,BUY,155.846,1.4973958333335258,156.233,1.5273437500000764
False,,20500,1,2026-02-26 16:45:00+00:00,streak_reversal,156.139,0.0,0.0523,tp_sl,WIN,BUY,155.599,4.218749999999938,156.69,2.582
False,2.24,20532,13,2026-02-27 00:45:00+00:00,session_time_bias,155.897,0.0,0.1081,tp_sl,LOSS,BUY,155.676,1.8666666666667322,156.133,2.0000000000001563
False,,20549,1,2026-02-27 05:00:00+00:00,htf_false_breakout,155.689,0.0,0.0725,signal_reverse,WIN,BUY,155.51,1.4985994397759805,155.871,0.838
False,,20552,4,2026-02-27 05:45:00+00:00,streak_reversal,155.815,0.0,0.0757,signal_reverse,LOSS,SELL,156.297,1.467,155.324,1.467
False,,20558,9,2026-02-27 07:15:00+00:00,sr_fib_confluence,156.081,0.0,0.057,tp_sl,WIN,BUY,155.91,1.49853801169579,156.255,0.917
False,,20569,8,2026-02-27 10:00:00+00:00,sr_fib_confluence,156.018,0.0,0.0586,tp_sl,LOSS,BUY,155.838,1.621621621621683,156.202,1.654054054054168
False,,20587,1,2026-02-27 14:30:00+00:00,streak_reversal,155.967,0.0,0.0555,tp_sl,WIN,BUY,155.549,3.7020648967553162,156.394,2.266
False,,20591,2,2026-02-27 15:30:00+00:00,streak_reversal,155.964,0.0,0.0502,tp_sl,WIN,BUY,155.534,3.4400000000000546,156.403,2.105
False,,20627,2,2026-03-02 00:30:00+00:00,session_time_bias,156.396,0.0,0.0807,tp_sl,WIN,BUY,156.008,2.452109704641264,156.823,1.622
False,,20645,3,2026-03-02 05:00:00+00:00,session_time_bias,156.683,0.0,0.0583,tp_sl,WIN,BUY,156.437,1.6610360360360616,156.978,1.196
False,1.259,20657,2,2026-03-02 08:00:00+00:00,tokyo_range_breakout_up,157.158,0.0,0.0448,tp_sl,LOSS,BUY,156.977,1.2500000000000393,157.343,1.275000000000036
False,,20661,4,2026-03-02 09:00:00+00:00,streak_reversal,156.851,0.0,0.0419,tp_sl,WIN,BUY,156.408,2.860215053763407,157.304,1.75
False,,20667,5,2026-03-02 10:30:00+00:00,streak_reversal,156.801,0.0,0.0448,tp_sl,WIN,BUY,156.43,2.5632183908048147,157.181,1.569
False,,20675,1,2026-03-02 12:30:00+00:00,xs_momentum,157.22,0.0,0.0496,tp_sl,WIN,BUY,157.002,1.6666666666666694,157.443,1.7000000000000246
False,,20679,5,2026-03-02 13:30:00+00:00,xs_momentum,157.537,0.0,0.0475,tp_sl,WIN,BUY,157.317,1.666666666666658,157.762,1.02
False,2.0,20686,4,2026-03-02 15:15:00+00:00,xs_momentum,157.701,0.0,0.0451,tp_sl,LOSS,BUY,157.47,1.666666666666582,157.938,1.6999999999999995
False,2.007,20692,9,2026-03-02 16:45:00+00:00,xs_momentum,157.485,0.0,0.0479,tp_sl,LOSS,BUY,157.251,1.6726190476191503,157.724,1.7060714285715253
False,,20723,2,2026-03-03 00:30:00+00:00,session_time_bias,157.455,0.0,0.0959,tp_sl,WIN,BUY,157.13,2.4431077694236705,157.813,1.615
False,,20743,5,2026-03-03 05:30:00+00:00,session_time_bias,157.398,0.0,0.0725,tp_sl,LOSS,BUY,157.199,1.666666666666584,157.636,1.9999999999999962
False,,20750,1,2026-03-03 07:15:00+00:00,intraday_seasonality,157.338,0.0,0.0537,tp_sl,WIN,BUY,157.065,2.258953168044137,157.617,1.382
False,,20758,6,2026-03-03 09:15:00+00:00,sr_anti_hunt_bounce,157.69,0.0,0.0468,tp_sl,WIN,BUY,156.72,6.984412470023966,158.681,4.274
False,,20769,1,2026-03-03 12:00:00+00:00,sr_fib_confluence,157.615,0.0,0.0458,tp_sl,WIN,BUY,157.391,1.5845070422534813,157.845,0.97
False,,20774,2,2026-03-03 13:15:00+00:00,dual_sr_bounce,157.792,0.0,0.0433,tp_sl,WIN,BUY,157.511,1.9425287356321814,158.08,1.189
False,,20781,5,2026-03-03 15:00:00+00:00,sr_anti_hunt_bounce,157.71,0.0,0.0421,tp_sl,WIN,BUY,156.681,6.907158836689051,158.76,4.227
True,,20802,3,2026-03-03 20:15:00+00:00,dt_bb_rsi_mr,157.542,0.0,0.0714,tp_sl,WIN,BUY,157.4,0.925324675324572,157.713,1.1103896103895603
False,,20821,2,2026-03-04 01:00:00+00:00,session_time_bias,157.596,0.0,0.0892,tp_sl,WIN,BUY,157.33,1.8608391608393209,157.881,1.196
False,,20837,1,2026-03-04 05:00:00+00:00,session_time_bias,157.421,0.0,0.069,tp_sl,WIN,BUY,157.139,2.2533333333333303,157.759,1.622
False,2.153,20854,2,2026-03-04 09:15:00+00:00,streak_reversal,157.293,0.0,0.0474,tp_sl,LOSS,BUY,157.048,1.7944038929440664,157.544,1.83029197080279
False,,20858,3,2026-03-04 10:15:00+00:00,dt_sr_channel_reversal,157.147,0.0,0.0394,tp_sl,WIN,BUY,156.832,1.9090909090908952,157.469,1.168
False,,20863,12,2026-03-04 11:30:00+00:00,sr_break_retest,157.232,0.0,0.0399,tp_sl,WIN,BUY,156.933,1.8353783231084588,157.538,1.123
False,1.432,20877,2,2026-03-04 15:00:00+00:00,sr_fib_confluence,157.337,0.0,0.0397,tp_sl,LOSS,BUY,157.117,1.392405063291132,157.562,1.4202531645569798
False,,20882,11,2026-03-04 16:15:00+00:00,dt_bb_rsi_mr,157.033,0.0,0.0419,tp_sl,WIN,BUY,156.744,1.802083333333293,157.327,1.103
False,,20916,1,2026-03-05 00:45:00+00:00,vix_carry_unwind,156.548,0.0,0.1054,tp_sl,WIN,SELL,156.976,3.5333333333334176,156.064,2.4
False,,20919,7,2026-03-05 01:30:00+00:00,vix_carry_unwind,156.6,0.0,0.0892,signal_reverse,LOSS,SELL,157.106,2.584,156.028,2.584
False,,20933,2,2026-03-05 05:00:00+00:00,intraday_seasonality,157.09,0.0,0.0669,tp_sl,WIN,BUY,156.8,2.2416020671834067,157.385,1.372
True,,20938,1,2026-03-05 06:15:00+00:00,dt_bb_rsi_mr,157.16,0.0,0.0674,tp_sl,WIN,SELL,157.288,1.000000000000112,157.007,1.2000000000000899
False,,20943,1,2026-03-05 07:30:00+00:00,ema200_trend_reversal,157.106,0.0,0.05,tp_sl,LOSS,SELL,157.322,1.6666666666666812,156.885,1.700000000000028
False,,20950,4,2026-03-05 09:15:00+00:00,vol_spike_mr,157.004,0.0,0.0422,tp_sl,WIN,BUY,156.759,1.5963203463201865,157.255,1.628246753246638
False,,20968,4,2026-03-05 13:45:00+00:00,xs_momentum,157.76,0.0,0.0532,tp_sl,LOSS,BUY,157.494,2.259887005649589,158.032,2.3050847457626387
False,,20977,6,2026-03-05 16:00:00+00:00,london_fix_reversal,157.677,0.0,0.0479,tp_sl,WIN,BUY,157.44,1.6904761904762768,157.918,1.035
False,,21013,16,2026-03-06 01:00:00+00:00,session_time_bias,157.507,0.0,0.102,tp_sl,WIN,BUY,157.2,2.4533333333333758,157.845,1.622
False,,21035,19,2026-03-06 06:30:00+00:00,post_news_vol,157.889,0.0,0.0799,tp_sl,WIN,BUY,157.474,3.83487654320981,158.311,2.347
False,2.704,21057,5,2026-03-06 12:00:00+00:00,xs_momentum,157.99,0.0,0.0663,tp_sl,LOSS,BUY,157.77,2.2534013605441983,158.216,2.2984693877549836
False,,21064,1,2026-03-06 13:45:00+00:00,inducement_ob,157.878,0.0,0.0402,tp_sl,WIN,BUY,157.293,3.750000000000051,158.475,2.295
False,,21069,1,2026-03-06 15:00:00+00:00,streak_reversal,157.624,0.0,0.0365,signal_reverse,WIN,BUY,157.003,3.60949612403103,158.258,0.264
False,,21073,7,2026-03-06 16:00:00+00:00,london_fix_reversal,157.705,0.0,0.039,tp_sl,WIN,BUY,157.432,1.5843023255814417,157.983,0.97
False,,21100,1,2026-03-08 21:45:00+00:00,sr_anti_hunt_bounce,158.113,0.0,0.0894,tp_sl,WIN,BUY,156.795,10.71490514905134,159.432,6.435
False,,21111,10,2026-03-09 00:30:00+00:00,session_time_bias,158.564,0.0,0.0867,tp_sl,WIN,BUY,158.289,1.8666666666667633,158.858,1.2
False,,21129,1,2026-03-09 05:00:00+00:00,streak_reversal,158.711,0.0,0.0731,tp_sl,LOSS,BUY,158.465,2.0833333333333655,158.961,2.12499999999985
False,,21140,1,2026-03-09 07:45:00+00:00,dual_sr_bounce,158.446,0.0,0.0455,signal_reverse,LOSS,SELL,158.749,1.476,158.136,1.476
False,,21145,13,2026-03-09 09:00:00+00:00,streak_reversal,158.466,0.0,0.0433,tp_sl,LOSS,BUY,157.928,3.5888888888890356,159.016,3.660666666666733
False,,21162,1,2026-03-09 13:15:00+00:00,vol_spike_mr,158.316,0.0,0.0439,tp_sl,WIN,BUY,158.102,1.497668997669027,158.535,0.917
False,,21166,4,2026-03-09 14:15:00+00:00,dual_sr_bounce,158.321,0.0,0.0402,tp_sl,WIN,SELL,158.526,1.3141025641024622,158.112,1.340384615384475
False,,21172,2,2026-03-09 15:45:00+00:00,streak_reversal,158.087,0.0,0.0413,tp_sl,WIN,BUY,157.62,3.0756578947368496,158.564,1.882
False,,21176,3,2026-03-09 16:45:00+00:00,london_fix_reversal,158.143,0.0,0.0438,tp_sl,WIN,BUY,157.951,1.252723311547002,158.338,1.2777777777778416
False,,21210,14,2026-03-10 01:15:00+00:00,session_time_bias,157.736,0.0,0.0823,tp_sl,WIN,BUY,157.446,1.8666666666666558,158.046,1.2
False,,21226,10,2026-03-10 05:15:00+00:00,streak_reversal,157.656,0.0,0.0757,signal_reverse,LOSS,BUY,157.19,1.941,158.131,1.941
True,,21246,1,2026-03-10 10:15:00+00:00,dt_bb_rsi_mr,157.717,0.0,0.0516,signal_reverse,LOSS,SELL,157.843,0.444,157.565,0.444
False,,21249,4,2026-03-10 11:00:00+00:00,sr_fib_confluence,157.758,0.0,0.0496,tp_sl,WIN,BUY,157.586,1.316793893129658,157.934,1.3431297709923684
False,,21255,1,2026-03-10 12:30:00+00:00,sr_fib_confluence,157.942,0.0,0.0537,tp_sl,LOSS,BUY,157.742,1.6528925619836121,158.147,1.6859504132232044
False,,21258,2,2026-03-10 13:15:00+00:00,streak_reversal,157.713,0.0,0.0514,tp_sl,WIN,BUY,157.142,4.678961748633818,158.296,2.864
False,,21262,3,2026-03-10 14:15:00+00:00,orb_trap,157.721,0.0,0.0506,tp_sl,WIN,SELL,157.973,2.036290322580627,157.463,1.246
False,,21268,8,2026-03-10 15:45:00+00:00,london_fix_reversal,157.6,0.0,0.0483,tp_sl,WIN,BUY,157.405,1.4999999999999474,157.799,1.5299999999998501
False,,21303,1,2026-03-11 00:30:00+00:00,session_time_bias,158.062,0.0,0.117,tp_sl,WIN,BUY,157.857,1.8743119266054062,158.281,2.0091743119265515
False,,21308,3,2026-03-11 01:45:00+00:00,session_time_bias,158.281,0.0,0.1118,tp_sl,WIN,BUY,158.057,1.9616959064325499,158.522,1.268
False,,21321,2,2026-03-11 05:00:00+00:00,streak_reversal,158.106,0.0,0.0908,tp_sl,WIN,BUY,157.756,3.6842105263157294,158.463,2.255
False,,21328,1,2026-03-11 06:45:00+00:00,dt_fib_reversal,158.006,0.0,0.0821,tp_sl,WIN,BUY,157.82,1.7698412698412844,158.195,1.083
False,,21333,1,2026-03-11 08:00:00+00:00,sr_break_retest,158.238,0.0,0.0602,tp_sl,WIN,BUY,158.058,1.674382716049439,158.423,1.025
False,,21343,4,2026-03-11 10:30:00+00:00,streak_reversal,158.325,0.0,0.0631,tp_sl,WIN,BUY,157.839,4.716828478964526,158.82,2.887
False,,21355,1,2026-03-11 13:30:00+00:00,wick_imbalance_reversion,158.601,0.0,0.0541,tp_sl,LOSS,BUY,158.394,1.788793103448119,158.813,1.8245689655171695
False,,21369,2,2026-03-11 17:00:00+00:00,xs_momentum,158.837,0.0,0.0733,tp_sl,WIN,BUY,158.609,2.260726072607174,159.07,1.384
False,,21404,2,2026-03-12 01:45:00+00:00,session_time_bias,158.866,0.0,0.1214,tp_sl,WIN,BUY,158.609,2.446031746031741,159.149,1.617
False,,21417,6,2026-03-12 05:00:00+00:00,intraday_seasonality,159.056,0.0,0.0918,tp_sl,LOSS,BUY,158.896,1.702127659574432,159.219,1.7361702127658418
False,,21425,1,2026-03-12 07:00:00+00:00,streak_reversal,158.843,0.0,0.065,tp_sl,WIN,BUY,158.358,4.858333333333178,159.339,2.973
False,,21429,1,2026-03-12 08:00:00+00:00,streak_reversal,158.7,0.0,0.0607,tp_sl,WIN,BUY,158.404,2.764797507788038,159.001,1.692
False,,21432,3,2026-03-12 08:45:00+00:00,dual_sr_bounce,158.88,0.0,0.0602,signal_reverse,WIN,SELL,159.201,2.978395061728318,158.551,1.102
False,,21437,7,2026-03-12 10:00:00+00:00,streak_reversal,158.744,0.0,0.0637,tp_sl,WIN,BUY,158.379,3.586601307189346,159.118,2.195
False,2.549,21447,6,2026-03-12 12:30:00+00:00,dual_sr_bounce,158.87,0.0,0.0631,tp_sl,LOSS,SELL,159.114,2.3705501618120732,158.62,2.4179611650483754
False,,21456,2,2026-03-12 14:45:00+00:00,xs_momentum,159.186,0.0,0.0565,tp_sl,WIN,BUY,159.002,1.6591591591591865,159.374,1.015
False,,21460,11,2026-03-12 15:45:00+00:00,xs_momentum,159.212,0.0,0.055,tp_sl,WIN,BUY,159.022,1.6666666666666468,159.406,1.7000000000000892
False,,21495,7,2026-03-13 00:30:00+00:00,session_time_bias,159.178,0.0,0.1159,tp_sl,WIN,BUY,158.972,1.8742424242423732,159.399,1.205
False,,21514,2,2026-03-13 05:15:00+00:00,streak_reversal,159.341,0.0,0.0763,tp_sl,WIN,BUY,159.043,2.632743362831979,159.644,1.611
False,,21519,2,2026-03-13 06:30:00+00:00,streak_reversal,159.347,0.0,0.077,tp_sl,WIN,BUY,159.035,2.7827380952383556,159.665,1.703
False,,21529,1,2026-03-13 09:00:00+00:00,streak_reversal,159.337,0.0,0.0542,tp_sl,WIN,BUY,159.142,1.6249999999999432,159.535,0.994
False,,21540,2,2026-03-13 11:45:00+00:00,streak_reversal,159.287,0.0,0.0613,tp_sl,WIN,BUY,159.102,1.7531446540877966,159.477,1.073
False,1.867,21545,2,2026-03-13 13:00:00+00:00,streak_reversal,159.284,0.0,0.0565,tp_sl,LOSS,BUY,159.086,1.786786786786698,159.487,1.8225225225225958
False,,21553,1,2026-03-13 15:00:00+00:00,post_news_vol,159.395,0.0,0.0541,tp_sl,WIN,BUY,158.884,4.410919540230038,159.917,2.699
False,,21564,11,2026-03-13 17:45:00+00:00,streak_reversal,159.573,0.0,0.0712,tp_sl,WIN,BUY,159.356,2.091346153846438,159.795,1.28
False,,21593,6,2026-03-16 01:00:00+00:00,session_time_bias,159.417,0.0,0.117,tp_sl,WIN,BUY,159.149,2.455351681957342,159.712,1.624
False,3.041,21610,24,2026-03-16 05:15:00+00:00,streak_reversal,159.413,0.0,0.0969,tp_sl,LOSS,BUY,159.168,2.743445692883955,159.662,2.7983146067416977
False,,21637,2,2026-03-16 12:00:00+00:00,intraday_seasonality,159.058,0.0,0.0722,tp_sl,WIN,BUY,158.854,2.268518518518666,159.267,1.388
False,,21645,1,2026-03-16 14:00:00+00:00,streak_reversal,158.856,0.0,0.0586,tp_sl,WIN,BUY,158.452,3.777258566978211,159.269,2.312
False,,21649,2,2026-03-16 15:00:00+00:00,dual_sr_bounce,159.095,0.0,0.056,signal_reverse,LOSS,SELL,159.327,1.773,158.858,1.773
False,2.139,21653,8,2026-03-16 16:00:00+00:00,sr_fib_confluence,159.265,0.0,0.0583,tp_sl,LOSS,BUY,159.06,1.7826086956522826,159.474,1.8182608695652738
False,,21676,8,2026-03-16 21:45:00+00:00,vix_carry_unwind,159.068,0.0,0.0902,signal_reverse,LOSS,SELL,159.501,1.361,158.578,1.361
False,,21688,6,2026-03-17 00:45:00+00:00,session_time_bias,159.321,0.0,0.1181,tp_sl,WIN,BUY,159.056,2.4530864197532027,159.613,1.622
False,,21705,2,2026-03-17 05:00:00+00:00,streak_reversal,159.24,0.0,0.1065,tp_sl,WIN,BUY,158.999,2.9732510288063363,159.485,1.82
False,,21713,3,2026-03-17 07:00:00+00:00,streak_reversal,159.337,0.0,0.0813,tp_sl,LOSS,BUY,159.147,2.3854166666666288,159.532,2.433124999999947
False,,21719,2,2026-03-17 08:30:00+00:00,streak_reversal,159.097,0.0,0.0699,tp_sl,WIN,BUY,158.517,6.245519713261775,159.69,3.822
False,,21723,6,2026-03-17 09:30:00+00:00,dt_fib_reversal,159.149,0.0,0.0684,tp_sl,LOSS,BUY,158.996,1.6140350877193261,159.306,1.646315789473587
False,,21731,5,2026-03-17 11:30:00+00:00,sr_break_retest,158.993,0.0,0.0714,tp_sl,WIN,SELL,159.145,1.6758241758242134,158.837,1.026
False,,21739,7,2026-03-17 13:30:00+00:00,xs_momentum,158.838,0.0,0.0581,tp_sl,LOSS,SELL,159.081,2.2530864197531426,158.59,2.298148148148121
False,,21748,1,2026-03-17 15:45:00+00:00,london_fix_reversal,159.026,0.0,0.0506,tp_sl,WIN,SELL,159.181,1.250000000000009,158.868,0.765
False,,21751,18,2026-03-17 16:30:00+00:00,intraday_seasonality,158.953,0.0,0.0532,tp_sl,WIN,SELL,159.235,2.2354497354497322,158.666,1.368
False,,21772,2,2026-03-17 21:45:00+00:00,vix_carry_unwind,158.984,0.0,0.1196,tp_sl,WIN,SELL,159.278,3.198188405796998,158.653,2.159
False,,21784,9,2026-03-18 00:45:00+00:00,session_time_bias,159.07,0.0,0.1342,signal_reverse,LOSS,BUY,158.837,1.153,159.327,1.153
False,,21801,2,2026-03-18 05:00:00+00:00,streak_reversal,158.714,0.0,0.1039,signal_reverse,LOSS,BUY,158.492,0.352,158.94,0.352
False,,21806,1,2026-03-18 06:15:00+00:00,streak_reversal,158.606,0.0,0.1052,tp_sl,WIN,BUY,158.412,2.3577235772357077,158.803,1.443
False,2.278,21809,5,2026-03-18 07:00:00+00:00,streak_reversal,158.77,0.0,0.0739,tp_sl,LOSS,SELL,158.954,2.092803030303065,158.582,2.1346590909090617
True,,21816,1,2026-03-18 08:45:00+00:00,dt_bb_rsi_mr,158.937,0.0,0.0699,tp_sl,LOSS,SELL,159.03,1.0000000000001907,158.825,1.2000000000001065
False,,21819,6,2026-03-18 09:30:00+00:00,sr_fib_confluence,158.908,0.0,0.0699,tp_sl,WIN,BUY,158.752,1.6845878136200676,159.068,1.718279569892365
False,,21827,2,2026-03-18 11:30:00+00:00,vol_spike_mr,159.007,0.0,0.0663,tp_sl,LOSS,SELL,159.146,1.4200680272107529,158.865,1.4484693877548982
False,,21831,1,2026-03-18 12:30:00+00:00,xs_momentum,159.373,0.0,0.0565,tp_sl,WIN,BUY,159.18,1.6739130434782212,159.569,1.7073913043477857
False,,21835,13,2026-03-18 13:30:00+00:00,xs_momentum,159.512,0.0,0.0527,tp_sl,LOSS,BUY,159.244,2.2549019607844127,159.786,2.299999999999924
False,,21852,2,2026-03-18 17:45:00+00:00,streak_reversal,159.399,0.0,0.0787,tp_sl,WIN,BUY,159.163,2.5177304964537273,159.641,1.541
False,,21879,3,2026-03-19 00:30:00+00:00,session_time_bias,159.77,0.0,0.1275,tp_sl,LOSS,BUY,159.582,1.875,159.971,2.009999999999934
False,,21884,12,2026-03-19 01:45:00+00:00,session_time_bias,159.669,0.0,0.1275,tp_sl,LOSS,BUY,159.482,1.8666666666666742,159.869,1.9999999999998863
False,,21898,2,2026-03-19 05:15:00+00:00,session_time_bias,159.683,0.0,0.1027,tp_sl,WIN,BUY,159.543,1.6666666666668426,159.851,1.2
False,,21902,1,2026-03-19 06:15:00+00:00,sr_anti_hunt_bounce,159.713,0.0,0.1027,tp_sl,WIN,BUY,158.768,11.250000000000256,160.677,6.885
False,,21906,1,2026-03-19 07:15:00+00:00,vol_spike_mr,159.397,0.0,0.0537,tp_sl,WIN,BUY,159.107,2.4035812672175587,159.694,1.471
False,2.248,21914,13,2026-03-19 09:15:00+00:00,dt_sr_channel_reversal,159.265,0.0,0.0399,tp_sl,LOSS,BUY,158.946,1.9580777096114146,159.591,1.997239263803636
False,,21929,1,2026-03-19 13:00:00+00:00,xs_momentum,158.864,0.0,0.0405,tp_sl,WIN,SELL,159.122,1.666666666666618,158.6,1.6999999999999575
False,,21932,7,2026-03-19 13:45:00+00:00,xs_momentum,158.21,0.0,0.0327,tp_sl,LOSS,SELL,158.53,1.666666666666779,157.883,1.7000000000000348
False,,21941,9,2026-03-19 16:00:00+00:00,xs_momentum,158.107,0.0,0.0327,tp_sl,WIN,SELL,158.448,1.6626016260162733,157.76,1.018
False,,21962,10,2026-03-19 21:15:00+00:00,vix_carry_unwind,157.779,0.0,0.0724,signal_reverse,LOSS,SELL,158.316,1.27,157.171,1.27
False,,22001,5,2026-03-20 07:00:00+00:00,sr_fib_confluence,158.357,0.0,0.0793,tp_sl,WIN,BUY,158.233,1.514227642276432,158.484,0.927
False,,22008,12,2026-03-20 08:45:00+00:00,streak_reversal,158.476,0.0,0.0765,signal_reverse,LOSS,SELL,158.967,1.624,157.974,1.624
False,,22023,1,2026-03-20 12:30:00+00:00,xs_momentum,158.614,0.0,0.058,tp_sl,WIN,BUY,158.422,1.7187499999999594,158.811,1.7531249999999585
False,,22026,1,2026-03-20 13:15:00+00:00,xs_momentum,158.822,0.0,0.0555,tp_sl,WIN,BUY,158.634,1.6666666666666599,159.014,1.7000000000000937
False,,22029,6,2026-03-20 14:00:00+00:00,xs_momentum,159.14,0.0,0.0523,tp_sl,WIN,BUY,158.87,2.2500000000000853,159.416,1.377
False,,22038,2,2026-03-20 16:15:00+00:00,xs_momentum,159.232,0.0,0.0545,tp_sl,WIN,BUY,159.028,1.659891598916097,159.44,1.016
False,,22043,2,2026-03-20 17:30:00+00:00,xs_momentum,159.2,0.0,0.0622,tp_sl,WIN,BUY,159.001,1.6736694677870259,159.404,1.024
False,,22071,11,2026-03-23 00:30:00+00:00,session_time_bias,159.438,0.0,0.0867,tp_sl,WIN,BUY,159.078,2.4448979591838245,159.834,1.616
False,,22089,4,2026-03-23 05:00:00+00:00,session_time_bias,159.44,0.0,0.0725,tp_sl,WIN,BUY,159.171,2.2549019607844127,159.762,1.624
False,,22114,1,2026-03-23 11:15:00+00:00,wick_imbalance_reversion,158.77,0.0,0.0277,tp_sl,WIN,BUY,158.241,2.2517730496453985,159.31,1.378
False,,22117,2,2026-03-23 12:00:00+00:00,sr_fib_confluence,158.925,0.0,0.0264,tp_sl,WIN,SELL,159.4,1.934281842818402,158.439,1.184
False,,22123,7,2026-03-23 13:30:00+00:00,xs_momentum,158.548,0.0,0.0255,tp_sl,WIN,SELL,159.099,2.242547425474295,157.985,1.372
False,,22132,6,2026-03-23 15:45:00+00:00,streak_reversal,158.687,0.0,0.0272,signal_reverse,WIN,SELL,159.051,1.576479076479119,158.315,0.764
False,1.614,22140,2,2026-03-23 17:45:00+00:00,streak_reversal,158.452,0.0,0.0376,tp_sl,LOSS,BUY,158.187,1.3451776649746943,158.723,1.3720812182742141
False,,22167,12,2026-03-24 00:30:00+00:00,session_time_bias,158.634,0.0,0.0924,tp_sl,LOSS,BUY,158.295,2.4524154589372578,159.007,2.702898550724774
True,,22185,1,2026-03-24 05:00:00+00:00,dt_sr_channel_reversal,158.683,0.0,0.0821,tp_sl,WIN,SELL,158.725,0.391865079365332,158.634,0.4702380952383443
False,,22190,2,2026-03-24 06:15:00+00:00,streak_reversal,158.662,0.0,0.0799,tp_sl,WIN,SELL,159.015,3.263888888888552,158.303,1.997
False,,22194,5,2026-03-24 07:15:00+00:00,vol_spike_mr,158.548,0.0,0.056,tp_sl,WIN,BUY,158.28,2.313218390804699,158.822,1.416
False,,22202,5,2026-03-24 09:15:00+00:00,streak_reversal,158.752,0.0,0.0551,tp_sl,WIN,SELL,159.39,5.40960451977415,158.1,3.311
False,,22212,9,2026-03-24 11:45:00+00:00,streak_reversal,158.758,0.0,0.0596,tp_sl,WIN,SELL,159.376,5.665137614678701,158.129,3.467
False,,22223,5,2026-03-24 14:30:00+00:00,ema200_trend_reversal,158.715,0.0,0.0514,tp_sl,LOSS,SELL,158.93,1.7622950819670082,158.495,1.7975409836063576
False,,22231,1,2026-03-24 16:30:00+00:00,london_fix_reversal,158.868,0.0,0.0528,tp_sl,WIN,BUY,158.709,1.2532808398949922,159.03,1.2783464566929412
False,,22234,4,2026-03-24 17:15:00+00:00,vol_spike_mr,159.06,0.0,0.0552,tp_sl,WIN,SELL,159.316,1.9154228855720938,158.798,1.172
True,,22251,10,2026-03-24 21:30:00+00:00,dt_sr_channel_reversal,158.652,0.0,0.0728,tp_sl,WIN,BUY,158.501,0.9999999999998811,158.833,1.1999999999999327
False,,22281,9,2026-03-25 05:00:00+00:00,session_time_bias,158.922,0.0,0.098,tp_sl,WIN,BUY,158.775,1.6666666666667658,159.098,2.0000000000001834
False,1.977,22292,1,2026-03-25 07:45:00+00:00,intraday_seasonality,159.14,0.0,0.0747,tp_sl,LOSS,BUY,158.997,1.6475095785441964,159.287,1.6804597701151915
False,,22295,1,2026-03-25 08:30:00+00:00,sr_fib_confluence,158.834,0.0,0.0591,signal_reverse,LOSS,BUY,158.619,0.182,159.054,0.182
False,,22299,10,2026-03-25 09:30:00+00:00,sr_break_retest,158.886,0.0,0.0586,tp_sl,WIN,SELL,159.052,1.5015015015014161,158.716,0.919
False,,22314,1,2026-03-25 13:15:00+00:00,post_news_vol,159.046,0.0,0.0586,tp_sl,WIN,BUY,158.637,3.8239875389410507,159.464,2.34
False,,22319,4,2026-03-25 14:30:00+00:00,streak_reversal,159.121,0.0,0.0586,tp_sl,WIN,BUY,158.691,4.018691588785111,159.56,2.459
False,,22325,10,2026-03-25 16:00:00+00:00,london_fix_reversal,159.25,0.0,0.0568,tp_sl,WIN,BUY,159.073,1.4971751412427805,159.43,1.5271186440676698
False,1.933,22361,22,2026-03-26 01:00:00+00:00,session_time_bias,159.492,0.0,0.1371,tp_sl,LOSS,BUY,159.318,1.8666666666665948,159.678,2.000000000000076
False,,22385,2,2026-03-26 07:00:00+00:00,vol_spike_mr,159.349,0.0,0.0833,tp_sl,WIN,BUY,159.202,1.8803418803416276,159.498,1.9179487179486205
False,,22392,5,2026-03-26 08:45:00+00:00,streak_reversal,159.468,0.0,0.0878,tp_sl,WIN,BUY,159.313,2.094594594594226,159.626,1.282
False,,22404,14,2026-03-26 11:45:00+00:00,sr_anti_hunt_bounce,159.656,0.0,0.0942,tp_sl,LOSS,BUY,158.736,13.345410628019131,160.596,13.61231884057952
False,,22422,7,2026-03-26 16:15:00+00:00,sr_anti_hunt_bounce,159.656,0.0,0.0779,tp_sl,WIN,BUY,158.712,10.968992248061955,160.618,6.713
False,,22481,1,2026-03-27 07:00:00+00:00,sr_anti_hunt_bounce,159.776,0.0,0.0855,tp_sl,WIN,BUY,158.853,12.149122807017713,160.718,7.435
False,,22486,18,2026-03-27 08:15:00+00:00,streak_reversal,159.889,0.0,0.0783,tp_sl,LOSS,BUY,159.715,2.0983935742973348,160.067,2.140361445783131
False,,22516,5,2026-03-27 15:45:00+00:00,london_fix_reversal,160.168,0.0,0.055,tp_sl,WIN,BUY,160.026,1.2499999999998603,160.314,1.275000000000067
False,1.861,22552,19,2026-03-30 01:00:00+00:00,session_time_bias,159.905,0.0,0.0973,tp_sl,LOSS,BUY,159.661,1.8603053435115895,160.166,1.9923664122139244
False,,22573,2,2026-03-30 06:15:00+00:00,dt_sr_channel_reversal,159.761,0.0,0.0837,tp_sl,WIN,BUY,159.593,1.6262135922331864,159.931,0.995
False,,22582,2,2026-03-30 08:30:00+00:00,dual_sr_bounce,159.684,0.0,0.0607,tp_sl,WIN,SELL,159.821,1.285046728972122,159.543,0.786
False,,22587,20,2026-03-30 09:45:00+00:00,streak_reversal,159.593,0.0,0.0607,tp_sl,LOSS,BUY,159.301,2.7336448598129883,159.892,2.7883177570093385
False,,22610,19,2026-03-30 15:30:00+00:00,orb_trap,159.395,0.0,0.0555,signal_reverse,LOSS,SELL,159.788,3.023,158.994,3.023
False,,22647,2,2026-03-31 00:45:00+00:00,session_time_bias,159.894,0.0,0.1275,tp_sl,LOSS,BUY,159.707,1.8666666666666742,160.094,2.0000000000001705
False,,22651,12,2026-03-31 01:45:00+00:00,session_time_bias,159.755,0.0,0.1238,tp_sl,LOSS,BUY,159.503,2.4411003236245055,160.032,2.689320388349387
False,,22665,3,2026-03-31 05:15:00+00:00,sr_fib_confluence,159.582,0.0,0.0991,tp_sl,WIN,SELL,159.708,1.4463601532566963,159.454,0.885
False,,22670,2,2026-03-31 06:30:00+00:00,sr_fib_confluence,159.705,0.0,0.0854,signal_reverse,LOSS,SELL,159.853,0.399,159.555,0.399
False,,22674,1,2026-03-31 07:30:00+00:00,sr_fib_confluence,159.702,0.0,0.0663,signal_reverse,LOSS,BUY,159.548,0.612,159.86,0.612
False,,22677,2,2026-03-31 08:15:00+00:00,sr_fib_confluence,159.621,0.0,0.0684,signal_reverse,WIN,SELL,159.771,1.5789473684211124,159.468,0.979
False,,22681,3,2026-03-31 09:15:00+00:00,sr_fib_confluence,159.585,0.0,0.0691,tp_sl,LOSS,SELL,159.711,1.34751773049674,159.455,1.3744680851066569
False,,22686,1,2026-03-31 10:30:00+00:00,sr_fib_confluence,159.74,0.0,0.0756,tp_sl,LOSS,BUY,159.611,1.50193798449608,159.872,1.5319767441861736
False,,22690,5,2026-03-31 11:30:00+00:00,vix_carry_unwind,159.407,0.0,0.0586,tp_sl,WIN,SELL,159.777,3.3258258258256177,158.965,2.395
False,,22697,1,2026-03-31 13:15:00+00:00,xs_momentum,159.288,0.0,0.0523,tp_sl,WIN,SELL,159.489,1.673611111111247,159.083,1.7070833333335145
False,,22701,2,2026-03-31 14:15:00+00:00,xs_momentum,159.12,0.0,0.0494,tp_sl,WIN,SELL,159.405,2.244094488189173,158.829,1.373
False,,22705,3,2026-03-31 15:15:00+00:00,dt_sr_channel_reversal,159.007,0.0,0.0421,signal_reverse,WIN,BUY,158.721,1.918344519015632,159.299,1.11
False,,22710,1,2026-03-31 16:30:00+00:00,xs_momentum,158.907,0.0,0.0414,tp_sl,WIN,SELL,159.177,1.6666666666665544,158.632,1.02
False,,22714,8,2026-03-31 17:30:00+00:00,xs_momentum,158.794,0.0,0.0468,signal_reverse,WIN,SELL,159.057,1.6666666666667698,158.525,0.495
False,,22742,1,2026-04-01 00:30:00+00:00,session_time_bias,158.642,0.0,0.1004,tp_sl,WIN,BUY,158.406,1.8601049868766226,158.895,1.9921259842518575
False,,22746,3,2026-04-01 01:30:00+00:00,session_time_bias,158.871,0.0,0.0867,signal_reverse,LOSS,BUY,158.597,1.187,159.164,1.187
False,,22760,1,2026-04-01 05:00:00+00:00,session_time_bias,158.912,0.0,0.0731,tp_sl,LOSS,BUY,158.715,1.6666666666665961,159.148,1.9999999999999154
False,,22763,3,2026-04-01 05:45:00+00:00,streak_reversal,158.684,0.0,0.0725,signal_reverse,LOSS,BUY,158.119,3.237,159.26,3.237
False,,22768,1,2026-04-01 07:00:00+00:00,intraday_seasonality,158.32,0.0,0.0512,signal_reverse,WIN,BUY,158.11,1.6535433070866767,158.535,0.551
False,,22771,2,2026-04-01 07:45:00+00:00,sr_fib_confluence,158.77,0.0,0.0433,tp_sl,WIN,SELL,159.033,1.7499999999999243,158.503,1.785000000000044
False,,22775,13,2026-04-01 08:45:00+00:00,vix_carry_unwind,158.574,0.0,0.0406,tp_sl,WIN,SELL,159.106,3.328124999999993,157.935,2.396
False,,22795,4,2026-04-01 13:45:00+00:00,streak_reversal,158.614,0.0,0.0442,tp_sl,WIN,SELL,159.28,4.694835680751307,157.934,2.873
False,,22805,3,2026-04-01 16:15:00+00:00,london_fix_reversal,158.642,0.0,0.0489,tp_sl,WIN,SELL,158.848,1.502433090024209,158.432,1.5324817518247595
False,,22811,13,2026-04-01 17:45:00+00:00,streak_reversal,158.696,0.0,0.0532,tp_sl,LOSS,SELL,159.018,2.320143884892021,158.367,2.366546762589869
False,,22839,1,2026-04-02 00:45:00+00:00,session_time_bias,158.67,0.0,0.1128,tp_sl,WIN,BUY,158.46,1.8592920353980784,158.895,1.9911504424778257
False,,22842,2,2026-04-02 01:30:00+00:00,session_time_bias,159.193,0.0,0.0873,tp_sl,WIN,BUY,158.92,1.8666666666667289,159.485,1.2
False,,22856,7,2026-04-02 05:00:00+00:00,intraday_seasonality,159.4,0.0,0.0777,tp_sl,WIN,BUY,159.149,2.2597597597597527,159.655,1.383
False,,22875,4,2026-04-02 09:45:00+00:00,streak_reversal,159.573,0.0,0.0602,tp_sl,WIN,BUY,158.907,6.172839506173015,160.254,3.778
False,,22885,3,2026-04-02 12:15:00+00:00,streak_reversal,159.588,0.0,0.0714,tp_sl,WIN,BUY,158.922,7.326007326007222,160.268,4.484
True,1.2,22892,1,2026-04-02 14:00:00+00:00,dt_bb_rsi_mr,159.498,0.0,0.0628,tp_sl,LOSS,BUY,159.398,0.9999999999999432,159.618,1.2000000000000455
False,,22897,1,2026-04-02 15:15:00+00:00,dt_fib_reversal,159.295,0.0,0.0536,tp_sl,WIN,BUY,159.149,1.2500000000000777,159.444,0.765
False,,22901,1,2026-04-02 16:15:00+00:00,sr_break_retest,159.376,0.0,0.062,tp_sl,WIN,BUY,159.224,1.4043209876540965,159.53,0.859
False,,22906,3,2026-04-02 17:30:00+00:00,sr_break_retest,159.554,0.0,0.074,tp_sl,WIN,BUY,159.388,1.6666666666668561,159.724,1.7000000000001592
False,,22935,11,2026-04-03 00:45:00+00:00,session_time_bias,159.601,0.0,0.1417,tp_sl,WIN,BUY,159.433,1.8666666666667375,159.781,1.2
False,,22952,4,2026-04-03 05:00:00+00:00,session_time_bias,159.637,0.0,0.1268,tp_sl,WIN,BUY,159.523,1.6666666666668226,159.773,1.2
False,,22962,12,2026-04-03 07:30:00+00:00,streak_reversal,159.587,0.0,0.0942,tp_sl,LOSS,BUY,159.406,2.620772946859991,159.771,2.6731884057970756
False,,22977,4,2026-04-03 11:15:00+00:00,streak_reversal,159.554,0.0,0.1327,tp_sl,WIN,BUY,158.888,13.605442176871135,160.234,8.327
False,,22983,12,2026-04-03 12:45:00+00:00,inducement_ob,159.621,0.0,0.0985,tp_sl,LOSS,BUY,159.43,2.904040404040777,159.817,2.9621212121213603
False,,22997,13,2026-04-03 16:15:00+00:00,sr_fib_confluence,159.628,0.0,0.1196,tp_sl,LOSS,BUY,159.543,1.517857142857285,159.714,1.5482142857144205
False,,23032,22,2026-04-06 01:15:00+00:00,session_time_bias,159.665,0.0,0.1192,tp_sl,LOSS,BUY,159.402,2.458566978193216,159.955,2.710280373831701
False,,23059,6,2026-04-06 08:00:00+00:00,vol_spike_mr,159.387,0.0,0.0722,tp_sl,WIN,BUY,159.264,1.3703703703703873,159.513,0.839
False,,23067,2,2026-04-06 10:00:00+00:00,dt_sr_channel_reversal,159.431,0.0,0.0793,tp_sl,WIN,BUY,159.308,1.504065040650425,159.557,1.5341463414633918
False,1.909,23073,4,2026-04-06 11:30:00+00:00,sr_fib_confluence,159.566,0.0,0.0844,tp_sl,LOSS,BUY,159.444,1.5909090909094896,159.691,1.6227272727274358
False,,23086,3,2026-04-06 14:45:00+00:00,xs_momentum,159.709,0.0,0.0661,tp_sl,WIN,BUY,159.496,2.245614035087771,159.927,1.374
False,,23091,7,2026-04-06 16:00:00+00:00,streak_reversal,159.674,0.0,0.0761,tp_sl,WIN,BUY,159.484,2.1590909090908834,159.868,1.321
False,,23125,4,2026-04-07 00:30:00+00:00,session_time_bias,159.773,0.0,0.1678,tp_sl,WIN,BUY,159.587,2.4478070175439672,159.978,1.618
False,,23143,7,2026-04-07 05:00:00+00:00,dual_sr_bounce,159.733,0.0,0.1513,tp_sl,LOSS,SELL,159.862,2.2514619883040403,159.602,2.296491228070121
False,1.513,23156,1,2026-04-07 08:15:00+00:00,vol_spike_mr,159.635,0.0,0.0813,tp_sl,LOSS,BUY,159.535,1.2604166666669414,159.738,1.2856250000002234
False,,23159,3,2026-04-07 09:00:00+00:00,dt_bb_rsi_mr,159.561,0.0,0.0747,tp_sl,WIN,BUY,159.406,1.791187739463606,159.72,1.8270114942529239
False,,23164,4,2026-04-07 10:15:00+00:00,intraday_seasonality,159.716,0.0,0.0722,tp_sl,WIN,BUY,159.514,2.2499999999998486,159.923,1.377
False,,23170,3,2026-04-07 11:45:00+00:00,dual_sr_bounce,159.829,0.0,0.0765,tp_sl,LOSS,BUY,159.723,1.2549019607845098,159.938,1.2800000000000262
False,,23176,2,2026-04-07 13:15:00+00:00,dual_sr_bounce,159.804,0.0,0.0721,tp_sl,WIN,BUY,159.696,1.2500000000001699,159.915,1.2750000000001014
False,,23181,1,2026-04-07 14:30:00+00:00,dual_sr_bounce,159.864,0.0,0.0738,tp_sl,WIN,BUY,159.758,1.249999999999866,159.973,1.2749999999999437
False,,23185,14,2026-04-07 15:30:00+00:00,post_news_vol,159.971,0.0,0.0675,tp_sl,LOSS,BUY,159.692,3.0017921146950552,160.256,3.0618279569889686
False,,23243,4,2026-04-08 06:00:00+00:00,vol_spike_mr,158.275,0.0,0.0639,signal_reverse,LOSS,BUY,158.031,0.506,158.523,0.506
False,,23249,2,2026-04-08 07:30:00+00:00,intraday_seasonality,158.166,0.0,0.0451,signal_reverse,WIN,BUY,157.841,2.2627314814813975,158.499,1.139
False,,23253,3,2026-04-08 08:30:00+00:00,streak_reversal,158.397,0.0,0.0458,tp_sl,WIN,SELL,159.063,4.694835680751107,157.717,2.873
False,,23258,3,2026-04-08 09:45:00+00:00,streak_reversal,158.482,0.0,0.0485,signal_reverse,WIN,SELL,159.148,4.975124378109382,157.802,0.299
False,,23263,2,2026-04-08 11:00:00+00:00,sr_anti_hunt_bounce,158.395,0.0,0.056,tp_sl,WIN,SELL,159.359,8.304597701149467,157.413,5.082
False,1.485,23268,1,2026-04-08 12:15:00+00:00,dt_bb_rsi_mr,158.216,0.0,0.0474,tp_sl,LOSS,BUY,158.032,1.3442822384428443,158.404,1.3711678832116598
False,,23271,16,2026-04-08 13:00:00+00:00,vix_carry_unwind,158.005,0.0,0.043,tp_sl,LOSS,SELL,158.491,3.3333333333334165,157.421,4.000000000000022
True,,23289,1,2026-04-08 17:30:00+00:00,dt_sr_channel_reversal,158.484,0.0,0.0592,tp_sl,WIN,SELL,158.609,1.0,158.334,0.72
True,,23295,2,2026-04-08 19:00:00+00:00,dt_bb_rsi_mr,158.686,0.0,0.0587,tp_sl,WIN,SELL,158.812,0.9999999999998124,158.534,1.19999999999991
False,,23317,2,2026-04-09 00:30:00+00:00,session_time_bias,158.758,0.0,0.1159,tp_sl,WIN,BUY,158.552,1.8666666666666225,158.978,1.2
True,,23321,1,2026-04-09 01:30:00+00:00,dt_bb_rsi_mr,158.837,0.0,0.117,signal_reverse,LOSS,SELL,158.946,0.041,158.706,0.041
False,,23335,3,2026-04-09 05:00:00+00:00,session_time_bias,158.769,0.0,0.1078,tp_sl,WIN,BUY,158.635,1.666666666666572,158.929,1.2
False,,23340,2,2026-04-09 06:15:00+00:00,intraday_seasonality,158.868,0.0,0.1106,tp_sl,WIN,SELL,158.999,1.6773504273503594,158.735,1.027
False,,23346,3,2026-04-09 07:45:00+00:00,tokyo_range_breakout_up,158.977,0.0,0.0739,tp_sl,WIN,BUY,158.811,1.8939393939392863,159.147,1.159
False,,23351,8,2026-04-09 09:00:00+00:00,streak_reversal,158.962,0.0,0.0691,tp_sl,WIN,BUY,158.428,5.673758865248509,159.506,3.472
False,,23361,1,2026-04-09 11:30:00+00:00,streak_reversal,158.864,0.0,0.0793,tp_sl,WIN,BUY,158.583,3.434959349593491,159.152,2.102
False,,23364,3,2026-04-09 12:15:00+00:00,streak_reversal,158.994,0.0,0.0756,signal_reverse,LOSS,SELL,159.305,0.081,158.676,0.081
False,,23372,1,2026-04-09 14:15:00+00:00,dual_sr_bounce,159.106,0.0,0.0609,tp_sl,WIN,BUY,158.978,1.250000000000243,159.238,1.275000000000038
False,1.99,23375,1,2026-04-09 15:00:00+00:00,xs_momentum,159.263,0.0,0.0609,tp_sl,LOSS,BUY,159.092,1.6585760517800825,159.438,1.6917475728155407
False,,23378,1,2026-04-09 15:45:00+00:00,sr_fib_confluence,158.875,0.0,0.0532,signal_reverse,LOSS,BUY,158.65,2.022,159.105,2.022
False,,23381,1,2026-04-09 16:30:00+00:00,london_fix_reversal,158.704,0.0,0.0532,signal_reverse,WIN,BUY,158.546,1.249999999999991,158.864,0.076
False,2.681,23384,4,2026-04-09 17:15:00+00:00,xs_momentum,158.684,0.0,0.0638,tp_sl,LOSS,SELL,158.943,2.2341954022987784,158.419,2.2788793103448914
False,,23413,3,2026-04-10 00:30:00+00:00,session_time_bias,159.229,0.0,0.1555,tp_sl,LOSS,BUY,159.076,1.866666666666591,159.393,1.9999999999998446
False,,23431,3,2026-04-10 05:00:00+00:00,session_time_bias,159.229,0.0,0.1348,tp_sl,WIN,BUY,159.121,1.6796874999998046,159.358,1.209
False,,23438,4,2026-04-10 06:45:00+00:00,vol_spike_mr,159.291,0.0,0.1215,tp_sl,WIN,BUY,159.142,2.0892018779343737,159.442,1.279
False,1.967,23449,11,2026-04-10 09:30:00+00:00,vol_spike_mr,159.24,0.0,0.0867,tp_sl,LOSS,BUY,159.098,1.9000000000001669,159.386,1.9380000000001019
True,,23463,2,2026-04-10 13:00:00+00:00,dt_sr_channel_reversal,159.128,0.0,0.0784,tp_sl,WIN,BUY,159.06,0.851302083333394,159.21,0.613
False,,23468,2,2026-04-10 14:15:00+00:00,dual_sr_bounce,159.113,0.0,0.0756,tp_sl,WIN,SELL,159.287,2.0983935742973348,158.935,1.284
False,,23472,2,2026-04-10 15:15:00+00:00,orb_trap,159.136,0.0,0.0697,tp_sl,WIN,BUY,158.94,2.1851851851854085,159.337,1.337
False,,23477,16,2026-04-10 16:30:00+00:00,london_fix_reversal,159.344,0.0,0.0779,tp_sl,LOSS,BUY,159.235,1.2596899224807965,159.454,1.2848837209305843
False,,23508,21,2026-04-13 00:30:00+00:00,session_time_bias,159.799,0.0,0.1371,tp_sl,LOSS,BUY,159.57,2.4580645161290335,160.051,2.7096774193549416
False,,23537,3,2026-04-13 07:45:00+00:00,streak_reversal,159.605,0.0,0.0956,tp_sl,WIN,BUY,158.947,9.669117647058806,160.275,5.918
False,,23545,7,2026-04-13 09:45:00+00:00,ema_cross,159.733,0.0,0.1,tp_sl,WIN,BUY,159.625,1.6666666666664625,159.844,1.700000000000028
False,2.706,23558,2,2026-04-13 13:00:00+00:00,wick_imbalance_reversion,159.791,0.0,0.0923,tp_sl,LOSS,BUY,159.638,2.254901960784353,159.948,2.299999999999864
False,,23562,3,2026-04-13 14:00:00+00:00,vol_spike_mr,159.588,0.0,0.0794,tp_sl,WIN,BUY,159.47,1.4978902953590862,159.709,0.917
True,1.2,23573,1,2026-04-13 16:45:00+00:00,dt_bb_rsi_mr,159.534,0.0,0.0705,tp_sl,LOSS,BUY,159.439,0.999999999999988,159.648,1.2000000000000455
False,,23576,13,2026-04-13 17:30:00+00:00,streak_reversal,159.394,0.0,0.0796,tp_sl,LOSS,BUY,159.013,4.103942652329684,159.784,4.186021505376253
False,,23622,1,2026-04-14 05:00:00+00:00,session_time_bias,159.042,0.0,0.112,tp_sl,WIN,BUY,158.867,2.2619047619049195,159.251,1.629
False,,23625,1,2026-04-14 05:45:00+00:00,sr_break_retest,159.133,0.0,0.112,tp_sl,WIN,BUY,159.004,1.6666666666666272,159.264,1.6999999999999598
False,,23630,1,2026-04-14 07:00:00+00:00,vix_carry_unwind,159.036,0.0,0.073,tp_sl,WIN,SELL,159.333,3.3426966292136364,158.679,2.407
False,,23633,4,2026-04-14 07:45:00+00:00,vix_carry_unwind,159.061,0.0,0.0684,tp_sl,WIN,SELL,159.376,3.324561403509039,158.681,2.394
False,,23640,1,2026-04-14 09:30:00+00:00,streak_reversal,158.891,0.0,0.0625,tp_sl,WIN,BUY,158.537,3.4054487179489,159.253,2.084
False,,23646,3,2026-04-14 11:00:00+00:00,streak_reversal,158.755,0.0,0.0637,tp_sl,WIN,BUY,158.455,2.949346405228584,159.062,1.805
False,,23651,3,2026-04-14 12:15:00+00:00,xs_momentum,158.769,0.0,0.0637,tp_sl,WIN,SELL,158.998,2.246732026143698,158.535,1.375
False,,23656,1,2026-04-14 13:30:00+00:00,xs_momentum,158.773,0.0,0.0592,tp_sl,WIN,SELL,159.011,2.248427672956075,158.53,1.376
False,,23661,1,2026-04-14 14:45:00+00:00,htf_false_breakout,158.755,0.0,0.057,signal_reverse,WIN,BUY,158.618,1.250000000000155,158.896,0.45
False,,23664,12,2026-04-14 15:30:00+00:00,streak_reversal,158.823,0.0,0.0592,tp_sl,WIN,SELL,159.234,3.8757861635219735,158.404,2.372
False,,23681,5,2026-04-14 19:45:00+00:00,sr_anti_hunt_bounce,158.847,0.0,0.0974,tp_sl,WIN,SELL,159.785,12.349122807017622,157.905,7.435
False,,23689,2,2026-04-14 21:45:00+00:00,vix_carry_unwind,158.812,0.0,0.1294,tp_sl,WIN,SELL,159.114,3.552941176470834,158.47,2.414
False,,23700,1,2026-04-15 00:30:00+00:00,session_time_bias,158.863,0.0,0.1614,tp_sl,WIN,BUY,158.669,2.457383966244635,159.077,1.625
False,,23704,6,2026-04-15 01:30:00+00:00,session_time_bias,158.966,0.0,0.1417,tp_sl,WIN,BUY,158.798,1.8666666666667375,159.146,1.2
False,,23719,6,2026-04-15 05:15:00+00:00,streak_reversal,158.926,0.0,0.1268,tp_sl,WIN,BUY,158.666,3.8112745098042167,159.19,2.333
False,,23728,1,2026-04-15 07:30:00+00:00,intraday_seasonality,158.936,0.0,0.0867,tp_sl,LOSS,BUY,158.768,2.244444444444298,159.108,2.289333333333161
False,,23731,1,2026-04-15 08:15:00+00:00,vol_spike_mr,158.762,0.0,0.073,signal_reverse,WIN,BUY,158.651,1.2499999999998213,158.876,0.056
False,,23734,5,2026-04-15 09:00:00+00:00,sr_fib_confluence,158.848,0.0,0.0684,tp_sl,LOSS,SELL,159.031,1.9298245614038478,158.661,1.9684210526317034
False,,23741,3,2026-04-15 10:45:00+00:00,dual_sr_bounce,158.983,0.0,0.0637,tp_sl,WIN,BUY,158.774,2.058823529411564,159.198,1.26
False,2.442,23746,12,2026-04-15 12:00:00+00:00,xs_momentum,159.145,0.0,0.0631,tp_sl,LOSS,BUY,158.913,2.257281553397937,159.383,2.3024271844658792
False,2.076,23761,1,2026-04-15 15:45:00+00:00,london_fix_reversal,159.033,0.0,0.0598,tp_sl,LOSS,BUY,158.852,1.7301587301587809,159.219,1.7647619047620213
False,,23764,1,2026-04-15 16:30:00+00:00,london_fix_reversal,158.871,0.0,0.0573,signal_reverse,WIN,BUY,158.695,1.5028490028488506,159.05,0.356
False,,23767,12,2026-04-15 17:15:00+00:00,streak_reversal,158.975,0.0,0.0679,tp_sl,LOSS,SELL,159.35,3.4403669724770642,158.592,3.509174311926543
False,,23796,4,2026-04-16 00:30:00+00:00,session_time_bias,158.791,0.0,0.1555,signal_reverse,LOSS,BUY,158.59,0.713,159.012,0.713
False,,23814,1,2026-04-16 05:00:00+00:00,sr_fib_confluence,158.706,0.0,0.0871,signal_reverse,LOSS,SELL,158.862,1.376,158.547,1.376
False,,23817,2,2026-04-16 05:45:00+00:00,intraday_seasonality,158.861,0.0,0.088,tp_sl,WIN,BUY,158.64,2.2534013605441983,159.086,1.379
False,2.649,23821,5,2026-04-16 06:45:00+00:00,intraday_seasonality,158.78,0.0,0.088,tp_sl,LOSS,SELL,159.002,2.2619047619047348,158.554,2.307142857142882
True,,23828,2,2026-04-16 08:30:00+00:00,dt_bb_rsi_mr,158.972,0.0,0.065,signal_reverse,LOSS,SELL,159.072,0.42,158.852,0.42
False,,23836,1,2026-04-16 10:30:00+00:00,dt_bb_rsi_mr,159.049,0.0,0.0714,tp_sl,WIN,SELL,159.178,1.4194139194138777,158.917,1.4478021978023177
False,,23841,9,2026-04-16 11:45:00+00:00,streak_reversal,158.948,0.0,0.073,signal_reverse,LOSS,SELL,159.535,2.27,158.348,2.27
False,,23852,1,2026-04-16 14:30:00+00:00,xs_momentum,159.183,0.0,0.0592,tp_sl,WIN,BUY,158.947,2.2327044025158376,159.425,1.366
False,,23856,3,2026-04-16 15:30:00+00:00,streak_reversal,159.157,0.0,0.0565,tp_sl,WIN,BUY,158.871,2.5750750750750373,159.449,1.576
False,,23862,16,2026-04-16 17:00:00+00:00,xs_momentum,159.274,0.0,0.0685,tp_sl,LOSS,BUY,159.031,2.2530864197531426,159.523,2.298148148148121
False,,23893,16,2026-04-17 00:45:00+00:00,session_time_bias,159.346,0.0,0.1356,tp_sl,WIN,BUY,159.115,2.451773049645446,159.6,1.621
False,,23912,4,2026-04-17 05:30:00+00:00,sr_break_retest,159.499,0.0,0.1307,tp_sl,LOSS,BUY,159.389,1.6540404040406222,159.61,1.6871212121210213
False,,23918,2,2026-04-17 07:00:00+00:00,streak_reversal,159.325,0.0,0.0903,tp_sl,WIN,BUY,158.822,6.979166666666636,159.837,4.271
False,5.41,23922,18,2026-04-17 08:00:00+00:00,streak_reversal,159.203,0.0,0.0833,tp_sl,LOSS,BUY,158.852,4.508547008546916,159.562,4.598717948717935
False,,23942,1,2026-04-17 13:00:00+00:00,xs_momentum,158.231,0.0,0.0451,tp_sl,WIN,SELL,158.462,1.666666666666582,157.994,1.02
False,,23945,1,2026-04-17 13:45:00+00:00,vix_carry_unwind,158.184,0.0,0.0359,tp_sl,WIN,SELL,158.769,3.3428571428571887,157.482,2.407
False,2.0,23948,2,2026-04-17 14:30:00+00:00,xs_momentum,157.638,0.0,0.0329,tp_sl,LOSS,SELL,157.956,1.66666666666649,157.313,1.6999999999998883
False,,23952,5,2026-04-17 15:30:00+00:00,streak_reversal,158.148,0.0,0.0317,tp_sl,WIN,SELL,158.814,3.3670033670034627,157.468,2.061
False,3.813,23959,17,2026-04-17 17:15:00+00:00,streak_reversal,158.222,0.0,0.0425,tp_sl,LOSS,SELL,158.85,3.6111111111112573,157.581,3.683333333333427
False,,23991,4,2026-04-20 01:15:00+00:00,session_time_bias,159.01,0.0,0.117,tp_sl,LOSS,BUY,158.806,1.866666666666836,159.228,2.0000000000001625
False,,24008,2,2026-04-20 05:30:00+00:00,streak_reversal,158.99,0.0,0.1078,tp_sl,WIN,SELL,159.404,5.166666666666586,158.569,3.162
False,,24015,22,2026-04-20 07:15:00+00:00,vix_carry_unwind,158.806,0.0,0.0684,tp_sl,LOSS,SELL,159.091,2.999999999999964,158.465,3.599999999999837
False,,24039,8,2026-04-20 13:15:00+00:00,sr_anti_hunt_bounce,158.625,0.0,0.0621,tp_sl,WIN,SELL,159.548,9.14191419141927,157.683,5.595
False,,24050,20,2026-04-20 16:00:00+00:00,streak_reversal,158.654,0.0,0.0563,tp_sl,WIN,SELL,159.062,3.42436974789915,158.239,2.096
False,,24088,12,2026-04-21 01:30:00+00:00,session_time_bias,158.951,0.0,0.1635,tp_sl,LOSS,BUY,158.759,2.4542735042737207,159.162,2.7051282051283683
False,,24102,1,2026-04-21 05:00:00+00:00,doji_breakout,158.886,0.0,0.1568,tp_sl,WIN,SELL,159.047,2.9242424242423484,158.722,1.79
False,1.867,24109,1,2026-04-21 06:45:00+00:00,sr_fib_confluence,158.795,0.0,0.1369,tp_sl,LOSS,SELL,158.905,1.7328042328040103,158.684,1.7674603174601176
False,4.121,24112,5,2026-04-21 07:30:00+00:00,streak_reversal,158.931,0.0,0.0929,tp_sl,LOSS,SELL,159.215,4.04761904761902,158.642,4.128571428571652
False,,24125,15,2026-04-21 10:45:00+00:00,streak_reversal,159.197,0.0,0.0915,tp_sl,WIN,BUY,158.89,4.330985915493022,159.511,2.651
False,,24143,6,2026-04-21 15:15:00+00:00,xs_momentum,159.415,0.0,0.0586,tp_sl,WIN,BUY,159.236,1.674454828660507,159.598,1.025
False,,24152,1,2026-04-21 17:30:00+00:00,sr_fib_confluence,159.199,0.0,0.0643,tp_sl,WIN,BUY,158.997,1.7608695652172726,159.406,1.078
False,,24181,16,2026-04-22 00:45:00+00:00,session_time_bias,159.295,0.0,0.1118,tp_sl,WIN,BUY,159.017,2.436842105263275,159.601,1.611
False,,24200,10,2026-04-22 05:30:00+00:00,session_time_bias,159.196,0.0,0.1065,tp_sl,WIN,BUY,159.061,1.6563786008229422,159.357,1.193
False,,24221,7,2026-04-22 10:45:00+00:00,streak_reversal,159.231,0.0,0.0929,tp_sl,WIN,BUY,158.92,4.452380952380963,159.549,2.725
False,,24232,4,2026-04-22 13:30:00+00:00,streak_reversal,159.17,0.0,0.069,tp_sl,WIN,BUY,158.976,2.133699633699567,159.368,2.176373626373571
False,,24243,12,2026-04-22 16:15:00+00:00,xs_momentum,159.492,0.0,0.077,tp_sl,LOSS,BUY,159.295,2.2605363984673374,159.692,2.3057471264365534
False,,24278,3,2026-04-23 01:00:00+00:00,session_time_bias,159.378,0.0,0.1275,tp_sl,WIN,BUY,159.192,1.8583333333330643,159.577,1.194
False,,24294,6,2026-04-23 05:00:00+00:00,session_time_bias,159.553,0.0,0.1182,tp_sl,WIN,BUY,159.388,2.2602739726026306,159.751,1.627
False,,24306,7,2026-04-23 08:00:00+00:00,dual_sr_bounce,159.636,0.0,0.0956,tp_sl,WIN,BUY,159.495,2.0833333333335284,159.781,1.275
False,2.078,24317,3,2026-04-23 10:45:00+00:00,vol_spike_mr,159.712,0.0,0.1016,tp_sl,LOSS,BUY,159.602,1.7317708333335347,159.826,1.7664062500002409
False,,24322,2,2026-04-23 12:00:00+00:00,vol_spike_mr,159.441,0.0,0.0823,tp_sl,WIN,BUY,159.323,1.4978902953587265,159.562,1.5278481012658147
True,,24327,3,2026-04-23 13:15:00+00:00,dt_sr_channel_reversal,159.537,0.0,0.069,signal_reverse,LOSS,BUY,159.446,0.501,159.646,0.501
False,,24333,3,2026-04-23 14:45:00+00:00,streak_reversal,159.403,0.0,0.0682,tp_sl,WIN,BUY,159.207,2.1376811594201994,159.604,1.308
False,,24339,2,2026-04-23 16:15:00+00:00,dt_fib_reversal,159.458,0.0,0.077,tp_sl,WIN,BUY,159.302,1.791187739463606,159.617,1.8270114942529239
False,,24343,1,2026-04-23 17:15:00+00:00,xs_momentum,159.749,0.0,0.0755,tp_sl,WIN,BUY,159.585,1.6751700680271373,159.917,1.025
False,,24372,15,2026-04-24 00:30:00+00:00,session_time_bias,159.764,0.0,0.1417,tp_sl,WIN,BUY,159.595,1.8759259259256724,159.945,1.207
False,1.983,24390,5,2026-04-24 05:00:00+00:00,session_time_bias,159.792,0.0,0.1462,tp_sl,LOSS,BUY,159.694,1.6525423728812982,159.909,1.9830508474574615
False,,24397,4,2026-04-24 06:45:00+00:00,vol_spike_mr,159.687,0.0,0.1232,tp_sl,WIN,BUY,159.516,2.440476190476407,159.861,1.494
False,,24406,4,2026-04-24 09:00:00+00:00,intraday_seasonality,159.706,0.0,0.0915,tp_sl,WIN,BUY,159.546,2.241784037558248,159.868,1.372
False,,24414,5,2026-04-24 11:00:00+00:00,streak_reversal,159.516,0.0,0.089,tp_sl,WIN,BUY,159.21,4.2009132420095945,159.829,2.571
False,,24422,1,2026-04-24 13:00:00+00:00,dt_sr_channel_reversal,159.512,0.0,0.0721,tp_sl,WIN,BUY,159.375,1.5804597701151386,159.653,1.6120689655173435
False,,24426,5,2026-04-24 14:00:00+00:00,streak_reversal,159.472,0.0,0.0634,tp_sl,WIN,BUY,159.226,2.491582491582522,159.724,1.525
False,,24433,19,2026-04-24 15:45:00+00:00,streak_reversal,159.361,0.0,0.0603,tp_sl,WIN,BUY,159.109,2.4278846153845937,159.619,1.486
False,,24468,1,2026-04-27 00:45:00+00:00,session_time_bias,159.486,0.0,0.1848,tp_sl,LOSS,BUY,159.357,1.866666666666435,159.624,1.9999999999996638
False,,24485,4,2026-04-27 05:00:00+00:00,streak_reversal,159.249,0.0,0.1307,signal_reverse,LOSS,SELL,159.768,2.383,158.721,2.383
False,,24492,2,2026-04-27 06:45:00+00:00,wick_imbalance_reversion,159.246,0.0,0.1135,tp_sl,WIN,SELL,159.381,1.7653508771928728,159.11,1.08
False,,24504,14,2026-04-27 09:45:00+00:00,htf_false_breakout,159.224,0.0,0.0878,tp_sl,LOSS,BUY,158.998,3.06306306306335,159.456,3.1243243243247245
False,,24521,1,2026-04-27 14:00:00+00:00,streak_reversal,159.248,0.0,0.0804,tp_sl,WIN,SELL,159.77,6.698717948718051,158.715,4.1
False,,24524,1,2026-04-27 14:45:00+00:00,orb_trap,159.219,0.0,0.0747,tp_sl,WIN,BUY,159.026,2.3015873015872383,159.416,1.409
False,,24527,10,2026-04-27 15:30:00+00:00,sr_anti_hunt_bounce,159.253,0.0,0.0756,signal_reverse,LOSS,SELL,160.179,1.826,158.308,1.826
False,,24563,1,2026-04-28 00:30:00+00:00,session_time_bias,159.399,0.0,0.1747,tp_sl,WIN,BUY,159.262,1.8780821917808737,159.546,2.0136986301368682
False,,24567,5,2026-04-28 01:30:00+00:00,session_time_bias,159.484,0.0,0.1678,tp_sl,WIN,BUY,159.342,1.8666666666669285,159.636,1.2
