_is_range_tp_override,actual_sl_m,bar_idx,bars_held,entry_time,entry_type,ep,exec_lag_jitter,exit_friction_m,exit_reason,outcome,sig,sl,sl_m,tp,tp_m
False,,200,6,2025-05-09 09:30:00+00:00,sr_fib_confluence,1.12513,0.0,0.067,tp_sl,WIN,BUY,1.12354,1.6408934707903688,1.12676,1.004
False,,208,5,2025-05-09 11:30:00+00:00,session_time_bias,1.12496,0.0,0.065,signal_reverse,LOSS,SELL,1.12721,1.46,1.12227,1.46
False,,215,2,2025-05-09 13:15:00+00:00,session_time_bias,1.12624,0.0,0.0634,signal_reverse,LOSS,SELL,1.12789,0.955,1.12426,0.955
False,1.75,219,1,2025-05-09 14:15:00+00:00,xs_momentum,1.12876,0.0,0.0546,tp_sl,LOSS,BUY,1.12684,1.6739130434782215,1.13073,1.7073913043478322
False,,222,1,2025-05-09 15:00:00+00:00,htf_false_breakout,1.12631,0.0,0.0514,signal_reverse,LOSS,SELL,1.13148,0.668,1.12103,0.668
False,,225,3,2025-05-09 15:45:00+00:00,ema200_trend_reversal,1.1269,0.0,0.0536,signal_reverse,WIN,SELL,1.12894,1.74501424501429,1.12481,0.833
False,,286,1,2025-05-12 07:00:00+00:00,trendline_sweep,1.11583,0.0,0.0492,tp_sl,WIN,SELL,1.12604,7.733585858585722,1.10542,4.733
False,2.0,290,1,2025-05-12 08:00:00+00:00,session_time_bias,1.10919,0.0,0.0349,tp_sl,LOSS,SELL,1.11229,1.6666666666666023,1.10547,1.9999999999999707
False,,293,12,2025-05-12 08:45:00+00:00,htf_false_breakout,1.1137,0.0,0.0335,signal_reverse,LOSS,BUY,1.10444,1.619,1.12316,1.619
False,,307,15,2025-05-12 12:15:00+00:00,lin_reg_channel,1.11027,0.0,0.0392,tp_sl,LOSS,SELL,1.11385,2.158634538152707,1.10661,2.2018072289157744
False,,324,1,2025-05-12 16:30:00+00:00,london_fix_reversal,1.11014,0.0,0.0453,signal_reverse,LOSS,BUY,1.10829,1.286,1.11202,1.286
False,,382,1,2025-05-13 07:00:00+00:00,sr_fib_confluence,1.11071,0.0,0.0722,tp_sl,WIN,BUY,1.10911,1.7870370370371487,1.11236,1.094
False,,385,3,2025-05-13 07:45:00+00:00,session_time_bias,1.11142,0.0,0.0657,tp_sl,WIN,SELL,1.11307,1.6666666666668195,1.10943,1.2
False,,390,3,2025-05-13 09:00:00+00:00,session_time_bias,1.11075,0.0,0.0625,tp_sl,WIN,SELL,1.11248,1.6586538461538238,1.10868,1.194
False,2.15,396,7,2025-05-13 10:30:00+00:00,session_time_bias,1.11028,0.0,0.065,tp_sl,LOSS,SELL,1.11207,1.7916666666666359,1.10813,2.1500000000000963
False,,406,2,2025-05-13 13:00:00+00:00,post_news_vol,1.11381,0.0,0.057,tp_sl,WIN,BUY,1.10946,3.9545454545455234,1.11825,2.42
False,,410,1,2025-05-13 14:00:00+00:00,session_time_bias,1.11313,0.0,0.0536,signal_reverse,LOSS,SELL,1.11508,1.817,1.11079,1.817
False,,413,6,2025-05-13 14:45:00+00:00,xs_momentum,1.11617,0.0,0.0468,tp_sl,WIN,BUY,1.11394,1.6666666666666488,1.11845,1.02
False,,484,1,2025-05-14 08:30:00+00:00,session_time_bias,1.12329,0.0,0.0464,signal_reverse,LOSS,SELL,1.12562,1.121,1.1205,1.121
False,,490,3,2025-05-14 10:00:00+00:00,htf_false_breakout,1.12443,0.0,0.0448,signal_reverse,WIN,SELL,1.12806,2.505747126436812,1.12072,1.159
False,,495,6,2025-05-14 11:15:00+00:00,sr_fib_confluence,1.12211,0.0,0.0464,signal_reverse,LOSS,BUY,1.11997,0.579,1.1243,0.579
False,,503,1,2025-05-14 13:15:00+00:00,sr_fib_confluence,1.12204,0.0,0.0439,signal_reverse,LOSS,SELL,1.12382,0.039,1.12021,0.039
False,,506,2,2025-05-14 14:00:00+00:00,sr_fib_confluence,1.12156,0.0,0.043,tp_sl,WIN,SELL,1.12384,1.5639269406393255,1.11923,0.957
False,,510,2,2025-05-14 15:00:00+00:00,xs_momentum,1.12042,0.0,0.0436,signal_reverse,LOSS,SELL,1.12281,0.115,1.11798,0.115
True,,514,1,2025-05-14 16:00:00+00:00,dt_sr_channel_reversal,1.12067,0.0,0.0515,signal_reverse,LOSS,BUY,1.11956,1.718,1.122,1.718
True,,517,2,2025-05-14 16:45:00+00:00,dt_bb_rsi_mr,1.11887,0.0,0.0475,signal_reverse,LOSS,BUY,1.11746,0.343,1.12056,0.343
False,,576,3,2025-05-15 07:30:00+00:00,sr_fib_confluence,1.12027,0.0,0.0631,tp_sl,WIN,BUY,1.11832,1.9012944983818292,1.12227,1.164
False,1.646,581,8,2025-05-15 08:45:00+00:00,sr_fib_confluence,1.12106,0.0,0.0613,tp_sl,LOSS,BUY,1.11943,1.540880503144694,1.12273,1.5716981132074956
True,1.2,591,1,2025-05-15 11:15:00+00:00,dt_bb_rsi_mr,1.11943,0.0,0.067,tp_sl,LOSS,BUY,1.11847,0.9999999999999127,1.1206,1.1999999999999411
False,,594,1,2025-05-15 12:00:00+00:00,dt_fib_reversal,1.11895,0.0,0.065,tp_sl,WIN,BUY,1.11728,1.675000000000093,1.12066,1.7085000000001127
False,,599,3,2025-05-15 13:15:00+00:00,session_time_bias,1.12024,0.0,0.0475,tp_sl,WIN,SELL,1.1232,2.2474747474746684,1.11668,1.618
True,0.901,605,2,2025-05-15 14:45:00+00:00,dt_bb_rsi_mr,1.11863,0.0,0.0455,tp_sl,LOSS,BUY,1.11749,0.8256340579711338,1.12,0.9907608695653284
False,,609,6,2025-05-15 15:45:00+00:00,london_fix_reversal,1.11886,0.0,0.0451,tp_sl,LOSS,BUY,1.11712,1.2529976019183673,1.12064,1.278057553956725
False,,672,1,2025-05-16 07:30:00+00:00,session_time_bias,1.12119,0.0,0.0774,signal_reverse,WIN,SELL,1.12258,1.6567460317460474,1.11952,1.143
False,,675,1,2025-05-16 08:15:00+00:00,sr_fib_confluence,1.1203,0.0,0.0774,signal_reverse,LOSS,BUY,1.11885,0.536,1.12177,0.536
False,,678,2,2025-05-16 09:00:00+00:00,sr_fib_confluence,1.12021,0.0,0.0765,tp_sl,WIN,SELL,1.12127,1.2499999999999603,1.11912,1.2749999999997976
False,,682,3,2025-05-16 10:00:00+00:00,session_time_bias,1.11894,0.0,0.0714,tp_sl,LOSS,SELL,1.12046,1.6758241758241743,1.11711,2.010989010989009
False,,687,7,2025-05-16 11:15:00+00:00,session_time_bias,1.12004,0.0,0.0722,tp_sl,WIN,SELL,1.12209,2.268518518518577,1.11759,1.633
False,1.958,696,2,2025-05-16 13:30:00+00:00,ema200_trend_reversal,1.11974,0.0,0.0705,tp_sl,LOSS,BUY,1.11823,1.6947565543072414,1.12128,1.7286516853933813
False,,701,1,2025-05-16 14:45:00+00:00,xs_momentum,1.11534,0.0,0.055,tp_sl,WIN,SELL,1.1179,2.2514619883040403,1.11272,1.378
False,,705,19,2025-05-16 15:45:00+00:00,xs_momentum,1.11395,0.0,0.0541,tp_sl,LOSS,SELL,1.11588,1.6666666666666745,1.11198,1.700000000000073
False,,772,4,2025-05-19 10:30:00+00:00,htf_false_breakout,1.12726,0.0,0.0546,tp_sl,WIN,SELL,1.12917,1.603641456582503,1.12532,0.981
False,,780,5,2025-05-19 12:30:00+00:00,xs_momentum,1.12672,0.0,0.056,tp_sl,LOSS,BUY,1.12479,1.6666666666666745,1.1287,1.700000000000073
False,,787,5,2025-05-19 14:15:00+00:00,xs_momentum,1.12432,0.0,0.0532,tp_sl,WIN,SELL,1.12628,1.6666666666668595,1.12231,1.02
False,,795,2,2025-05-19 16:15:00+00:00,london_fix_reversal,1.12365,0.0,0.0593,tp_sl,WIN,SELL,1.12507,1.2500000000000344,1.12221,0.765
True,,855,3,2025-05-20 07:15:00+00:00,dt_bb_rsi_mr,1.12701,0.0,0.0677,tp_sl,WIN,SELL,1.12797,1.0000000000000748,1.12585,1.2000000000000437
False,,860,10,2025-05-20 08:30:00+00:00,session_time_bias,1.12509,0.0,0.0644,tp_sl,WIN,SELL,1.12679,1.6749174917493752,1.12306,1.206
False,,872,2,2025-05-20 11:30:00+00:00,session_time_bias,1.12474,0.0,0.0707,tp_sl,WIN,SELL,1.12627,1.6666666666667245,1.12289,2.0000000000000693
True,,876,1,2025-05-20 12:30:00+00:00,dt_bb_rsi_mr,1.12323,0.0,0.0684,signal_reverse,LOSS,BUY,1.12228,0.505,1.12437,0.505
False,1.882,881,1,2025-05-20 13:45:00+00:00,sr_fib_confluence,1.12447,0.0,0.0634,tp_sl,LOSS,SELL,1.12619,1.7424242424242187,1.12271,1.7772727272726403
False,,885,24,2025-05-20 14:45:00+00:00,xs_momentum,1.1269,0.0,0.0555,tp_sl,WIN,BUY,1.12437,2.2418879056046697,1.12949,1.372
False,,950,1,2025-05-21 07:00:00+00:00,htf_false_breakout,1.13186,0.0,0.0613,signal_reverse,LOSS,SELL,1.1369,1.066,1.12671,1.066
False,,956,3,2025-05-21 08:30:00+00:00,session_time_bias,1.13187,0.0,0.0613,signal_reverse,LOSS,SELL,1.13362,1.292,1.12976,1.292
False,,964,1,2025-05-21 10:30:00+00:00,session_time_bias,1.13519,0.0,0.0551,tp_sl,WIN,SELL,1.13715,1.6666666666668595,1.13282,1.2
False,,968,4,2025-05-21 11:30:00+00:00,trendline_sweep,1.1327,0.0,0.0551,tp_sl,WIN,SELL,1.1384,4.830508474576304,1.12688,2.956
False,,974,3,2025-05-21 13:00:00+00:00,trendline_sweep,1.13259,0.0,0.0527,tp_sl,LOSS,SELL,1.13491,1.9537815126051532,1.13022,1.9928571428571182
False,,979,8,2025-05-21 14:15:00+00:00,orb_trap,1.13355,0.0,0.0486,signal_reverse,LOSS,SELL,1.13685,0.555,1.13018,0.555
True,,1047,1,2025-05-22 07:15:00+00:00,dt_bb_rsi_mr,1.13095,0.0,0.0663,tp_sl,WIN,BUY,1.12997,0.9999999999999806,1.13213,1.2000000000000672
False,,1051,1,2025-05-22 08:15:00+00:00,session_time_bias,1.13241,0.0,0.0546,tp_sl,WIN,SELL,1.1344,1.6666666666667629,1.13003,2.000000000000041
False,,1054,7,2025-05-22 09:00:00+00:00,session_time_bias,1.1299,0.0,0.0528,tp_sl,WIN,SELL,1.13268,2.256097560975587,1.12657,1.624
False,,1064,3,2025-05-22 11:30:00+00:00,session_time_bias,1.13057,0.0,0.0596,tp_sl,WIN,SELL,1.13301,2.2400611620795186,1.12763,1.613
False,,1071,2,2025-05-22 13:15:00+00:00,session_time_bias,1.12962,0.0,0.0532,tp_sl,WIN,SELL,1.13228,2.252824858757143,1.12643,1.622
False,,1075,1,2025-05-22 14:15:00+00:00,dt_bb_rsi_mr,1.12906,0.0,0.051,signal_reverse,LOSS,BUY,1.12685,1.143,1.13132,1.143
False,,1078,11,2025-05-22 15:00:00+00:00,xs_momentum,1.12721,0.0,0.049,tp_sl,WIN,SELL,1.13009,2.2526041666666785,1.12427,1.379
False,,1147,5,2025-05-23 08:15:00+00:00,session_time_bias,1.13353,0.0,0.0677,tp_sl,LOSS,SELL,1.13512,1.666666666666483,1.13161,1.9999999999999185
False,,1155,3,2025-05-23 10:15:00+00:00,session_time_bias,1.13468,0.0,0.065,tp_sl,LOSS,SELL,1.13691,2.2333333333333094,1.132,2.6800000000000157
False,,1161,1,2025-05-23 11:45:00+00:00,sr_fib_confluence,1.13221,0.0,0.0401,signal_reverse,WIN,BUY,1.12892,2.0370370370369497,1.13558,0.154
False,,1165,1,2025-05-23 12:45:00+00:00,session_time_bias,1.13322,0.0,0.0355,tp_sl,WIN,SELL,1.13735,2.2540983606557017,1.12827,1.623
False,,1168,1,2025-05-23 13:30:00+00:00,sr_fib_confluence,1.13276,0.0,0.0341,tp_sl,WIN,SELL,1.13597,1.7436594202899345,1.12948,1.067
False,1.733,1171,14,2025-05-23 14:15:00+00:00,sr_fib_confluence,1.1334,0.0,0.033,tp_sl,LOSS,SELL,1.13661,1.6885964912280302,1.13012,1.7223684210526375
False,,1240,5,2025-05-26 07:30:00+00:00,session_time_bias,1.13948,0.0,0.0722,tp_sl,WIN,SELL,1.14098,1.675925925925803,1.13767,1.207
False,,1247,15,2025-05-26 09:15:00+00:00,session_time_bias,1.13799,0.0,0.0714,tp_sl,WIN,SELL,1.13949,1.65750915750928,1.13617,1.193
False,,1264,13,2025-05-26 13:30:00+00:00,xs_momentum,1.13776,0.0,0.0784,signal_reverse,LOSS,SELL,1.13909,0.757,1.1364,0.757
False,1.85,1334,1,2025-05-27 07:00:00+00:00,dt_bb_rsi_mr,1.13667,0.0,0.0722,tp_sl,LOSS,BUY,1.13506,1.796296296296222,1.13832,1.832222222222235
False,2.0,1337,17,2025-05-27 07:45:00+00:00,session_time_bias,1.13397,0.0,0.0613,tp_sl,LOSS,SELL,1.13574,1.6666666666666927,1.13186,1.9999999999999054
False,,1356,1,2025-05-27 12:30:00+00:00,sr_fib_confluence,1.13644,0.0,0.0677,signal_reverse,LOSS,SELL,1.13765,0.396,1.13522,0.396
False,,1359,1,2025-05-27 13:15:00+00:00,sr_fib_confluence,1.13693,0.0,0.0675,tp_sl,LOSS,BUY,1.13554,1.496415770609333,1.13835,1.526344086021644
False,,1362,1,2025-05-27 14:00:00+00:00,intraday_seasonality,1.13583,0.0,0.0609,signal_reverse,LOSS,BUY,1.13398,1.675,1.13772,1.675
False,,1365,3,2025-05-27 14:45:00+00:00,adx_trend_continuation,1.13402,0.0,0.0592,tp_sl,WIN,SELL,1.1387,4.418238993710729,1.12924,2.704
False,,1373,14,2025-05-27 16:45:00+00:00,xs_momentum,1.1331,0.0,0.0657,tp_sl,LOSS,SELL,1.13485,1.7156862745097237,1.13132,1.749999999999927
False,,1432,1,2025-05-28 07:30:00+00:00,sr_fib_confluence,1.13257,0.0,0.0677,signal_reverse,LOSS,BUY,1.13137,0.25,1.1338,0.25
False,,1435,1,2025-05-28 08:15:00+00:00,session_time_bias,1.13194,0.0,0.0684,signal_reverse,LOSS,SELL,1.13408,1.389,1.12938,1.389
False,1.821,1438,10,2025-05-28 09:00:00+00:00,sr_fib_confluence,1.13352,0.0,0.0684,tp_sl,LOSS,BUY,1.13207,1.517543859649014,1.13499,1.5478947368420317
False,,1450,3,2025-05-28 12:00:00+00:00,sr_fib_confluence,1.13109,0.0,0.0707,tp_sl,WIN,SELL,1.13264,1.6847826086955873,1.1295,1.031
False,,1455,2,2025-05-28 13:15:00+00:00,session_time_bias,1.12983,0.0,0.0615,tp_sl,LOSS,SELL,1.13212,2.2467320261437065,1.12708,2.6960784313725785
False,,1459,1,2025-05-28 14:15:00+00:00,sr_fib_confluence,1.13197,0.0,0.0576,tp_sl,WIN,SELL,1.13377,1.6513761467890127,1.13013,1.6844036697247236
False,,1462,8,2025-05-28 15:00:00+00:00,xs_momentum,1.12973,0.0,0.0527,tp_sl,WIN,SELL,1.13239,2.2408963585435435,1.12701,1.371
False,,1526,4,2025-05-29 07:00:00+00:00,sr_fib_confluence,1.12797,0.0,0.058,tp_sl,LOSS,BUY,1.1263,1.4955357142857975,1.12968,1.5254464285715292
False,,1532,6,2025-05-29 08:30:00+00:00,sr_fib_confluence,1.12696,0.0,0.0602,tp_sl,WIN,BUY,1.12535,1.496913580247057,1.12861,1.5268518518518626
False,,1540,3,2025-05-29 10:30:00+00:00,session_time_bias,1.12874,0.0,0.0644,tp_sl,WIN,SELL,1.131,2.2442244224422168,1.12601,1.616
False,,1545,1,2025-05-29 11:45:00+00:00,session_time_bias,1.12705,0.0,0.0644,signal_reverse,LOSS,SELL,1.12873,2.515,1.12502,2.515
False,,1548,1,2025-05-29 12:30:00+00:00,xs_momentum,1.13271,0.0,0.0512,tp_sl,WIN,BUY,1.12984,2.25721784776913,1.13563,2.3023622047245262
False,,1551,3,2025-05-29 13:15:00+00:00,xs_momentum,1.13553,0.0,0.0442,tp_sl,WIN,BUY,1.13317,1.6607981220658183,1.13794,1.016
False,,1557,5,2025-05-29 14:45:00+00:00,xs_momentum,1.13506,0.0,0.0436,tp_sl,WIN,BUY,1.13265,1.6724537037037122,1.13752,1.7059027777778357
False,,1564,13,2025-05-29 16:30:00+00:00,xs_momentum,1.13769,0.0,0.0519,signal_reverse,LOSS,BUY,1.1348,0.988,1.14064,0.988
False,,1622,4,2025-05-30 07:00:00+00:00,sr_fib_confluence,1.13336,0.0,0.0691,tp_sl,WIN,SELL,1.13507,1.82624113475169,1.1316,1.118
False,2.01,1629,12,2025-05-30 08:45:00+00:00,session_time_bias,1.13234,0.0,0.0619,tp_sl,LOSS,SELL,1.1341,1.6746031746029375,1.13024,2.009523809523652
False,1.875,1643,3,2025-05-30 12:15:00+00:00,xs_momentum,1.13505,0.0,0.0602,tp_sl,LOSS,BUY,1.13325,1.6666666666666887,1.13688,1.6999999999999527
False,2.256,1648,4,2025-05-30 13:30:00+00:00,session_time_bias,1.13228,0.0,0.0498,tp_sl,LOSS,SELL,1.13509,2.2354497354497536,1.1289,2.6825396825396335
True,,1654,2,2025-05-30 15:00:00+00:00,dt_bb_rsi_mr,1.13502,0.0,0.0439,signal_reverse,WIN,SELL,1.13586,0.5928030303032067,1.134,0.276
False,,1658,13,2025-05-30 16:00:00+00:00,sr_fib_confluence,1.13529,0.0,0.0496,tp_sl,WIN,BUY,1.13296,1.7222222222223202,1.13766,1.054
False,,1718,1,2025-06-02 07:00:00+00:00,post_news_vol,1.14121,0.0,0.0747,tp_sl,WIN,BUY,1.13806,3.6111111111110326,1.14441,2.21
False,,1723,10,2025-06-02 08:15:00+00:00,orb_trap,1.14152,0.0,0.065,signal_reverse,LOSS,SELL,1.14429,0.44,1.13868,0.44
False,,1737,2,2025-06-02 11:45:00+00:00,lin_reg_channel,1.14149,0.0,0.0657,tp_sl,WIN,BUY,1.13968,1.8181818181818423,1.14332,1.113
False,,1741,1,2025-06-02 12:45:00+00:00,session_time_bias,1.14177,0.0,0.0657,tp_sl,WIN,SELL,1.14342,1.6666666666665952,1.1398,1.2
False,,1746,9,2025-06-02 14:00:00+00:00,london_ny_swing,1.14421,0.0,0.0527,tp_sl,LOSS,BUY,1.14124,2.499999999999958,1.14725,2.549999999999856
False,,1814,1,2025-06-03 07:00:00+00:00,sr_fib_confluence,1.14253,0.0,0.0756,tp_sl,WIN,SELL,1.1441,1.8313953488373305,1.14092,1.121
False,,1817,2,2025-06-03 07:45:00+00:00,session_time_bias,1.14152,0.0,0.0707,tp_sl,WIN,SELL,1.14304,1.6576086956521723,1.13969,1.193
False,,1825,2,2025-06-03 09:45:00+00:00,session_time_bias,1.14109,0.0,0.0714,tp_sl,WIN,SELL,1.14261,1.666666666666849,1.13927,1.2
False,,1829,4,2025-06-03 10:45:00+00:00,session_time_bias,1.13972,0.0,0.0663,tp_sl,WIN,SELL,1.14192,2.253401360544253,1.13706,1.622
False,,1836,5,2025-06-03 12:30:00+00:00,xs_momentum,1.13806,0.0,0.0663,tp_sl,WIN,SELL,1.13975,1.726190476190456,1.13633,1.7607142857143332
False,,1843,2,2025-06-03 14:15:00+00:00,wick_imbalance_reversion,1.13869,0.0,0.0546,signal_reverse,LOSS,BUY,1.1361,0.535,1.14134,0.535
False,,1847,6,2025-06-03 15:15:00+00:00,xs_momentum,1.13774,0.0,0.056,tp_sl,WIN,SELL,1.14025,2.2470238095238595,1.13517,1.375
False,,1910,1,2025-06-04 07:00:00+00:00,wick_imbalance_reversion,1.1384,0.0,0.0783,tp_sl,WIN,BUY,1.13653,2.2590361445781313,1.14032,1.383
False,,1913,2,2025-06-04 07:45:00+00:00,session_time_bias,1.13861,0.0,0.0747,tp_sl,LOSS,SELL,1.14006,1.666666666666866,1.13687,2.000000000000086
False,,1917,1,2025-06-04 08:45:00+00:00,session_time_bias,1.1398,0.0,0.0747,signal_reverse,WIN,SELL,1.14176,2.260536398467439,1.13744,0.954
False,,1920,5,2025-06-04 09:30:00+00:00,session_time_bias,1.13828,0.0,0.0747,tp_sl,WIN,SELL,1.14024,2.2413793103449637,1.13594,1.614
False,,1927,1,2025-06-04 11:15:00+00:00,session_time_bias,1.13824,0.0,0.0823,tp_sl,WIN,SELL,1.14003,2.2573839662448987,1.1361,1.625
False,,1933,4,2025-06-04 12:45:00+00:00,post_news_vol,1.14101,0.0,0.067,tp_sl,WIN,BUY,1.13685,4.295532646048323,1.14526,2.629
False,,1939,1,2025-06-04 14:15:00+00:00,dt_bb_rsi_mr,1.1415,0.0,0.0555,signal_reverse,LOSS,SELL,1.14354,1.615,1.13941,1.615
False,,1945,5,2025-06-04 15:45:00+00:00,xs_momentum,1.14238,0.0,0.0541,tp_sl,WIN,BUY,1.13976,2.262931034482844,1.14506,1.385
False,,2008,5,2025-06-05 07:30:00+00:00,session_time_bias,1.14175,0.0,0.0802,tp_sl,WIN,SELL,1.14356,2.2427983539093552,1.13957,1.615
False,,2015,1,2025-06-05 09:15:00+00:00,session_time_bias,1.14184,0.0,0.0793,tp_sl,WIN,SELL,1.14369,2.2459349593496847,1.13963,1.617
False,,2020,2,2025-06-05 10:30:00+00:00,session_time_bias,1.14255,0.0,0.0793,tp_sl,WIN,SELL,1.1439,1.6361788617887763,1.14094,1.178
False,,2024,2,2025-06-05 11:30:00+00:00,session_time_bias,1.14206,0.0,0.0793,tp_sl,WIN,SELL,1.1439,2.2459349593496847,1.13984,1.617
False,,2028,1,2025-06-05 12:30:00+00:00,intraday_seasonality,1.14416,0.0,0.0637,tp_sl,WIN,BUY,1.14247,1.6584967320261244,1.14589,1.6916666666667122
False,,2032,4,2025-06-05 13:30:00+00:00,session_time_bias,1.14838,0.0,0.041,tp_sl,WIN,SELL,1.15092,1.6612200435729834,1.14533,1.196
False,,2041,13,2025-06-05 15:45:00+00:00,london_fix_reversal,1.14398,0.0,0.0439,tp_sl,LOSS,BUY,1.14219,1.2529137529138865,1.14581,1.277972027972093
True,,2104,1,2025-06-06 07:30:00+00:00,dt_bb_rsi_mr,1.14292,0.0,0.0878,signal_reverse,LOSS,BUY,1.14219,0.959,1.14381,0.959
False,,2108,1,2025-06-06 08:30:00+00:00,session_time_bias,1.14237,0.0,0.0878,tp_sl,WIN,SELL,1.14404,2.2522522522523043,1.14037,1.622
False,,2112,2,2025-06-06 09:30:00+00:00,orb_trap,1.14207,0.0,0.0855,signal_reverse,LOSS,BUY,1.14018,0.197,1.144,0.197
False,,2116,1,2025-06-06 10:30:00+00:00,dt_sr_channel_reversal,1.1422,0.0,0.0915,signal_reverse,LOSS,BUY,1.14113,0.408,1.14328,0.408
False,,2119,1,2025-06-06 11:15:00+00:00,dt_sr_channel_reversal,1.14213,0.0,0.097,signal_reverse,LOSS,BUY,1.14113,0.672,1.14316,0.672
False,,2122,1,2025-06-06 12:00:00+00:00,session_time_bias,1.14054,0.0,0.0802,tp_sl,WIN,SELL,1.14189,1.6666666666666203,1.13892,1.9999999999999443
False,,2125,1,2025-06-06 12:45:00+00:00,xs_momentum,1.1396,0.0,0.0575,tp_sl,WIN,SELL,1.14148,1.6592920353982932,1.13769,1.6924778761061803
False,,2130,2,2025-06-06 14:00:00+00:00,sr_fib_confluence,1.14035,0.0,0.0451,tp_sl,WIN,SELL,1.14323,2.0743405275779487,1.13741,1.269
False,,2134,23,2025-06-06 15:00:00+00:00,xs_momentum,1.13847,0.0,0.0436,signal_reverse,LOSS,SELL,1.14171,0.622,1.13516,0.622
False,2.583,2198,7,2025-06-09 07:00:00+00:00,trendline_sweep,1.142,0.0,0.0985,tp_sl,LOSS,SELL,1.14354,2.335858585858413,1.14042,2.3825757575757223
False,,2207,1,2025-06-09 09:15:00+00:00,session_time_bias,1.14336,0.0,0.0813,tp_sl,WIN,SELL,1.14516,2.2500000000000298,1.1412,1.62
False,,2210,2,2025-06-09 10:00:00+00:00,lin_reg_channel,1.14281,0.0,0.0833,tp_sl,LOSS,BUY,1.14165,1.495726495726331,1.144,1.5256410256407722
False,,2215,1,2025-06-09 11:15:00+00:00,trendline_sweep,1.14153,0.0,0.0833,tp_sl,WIN,SELL,1.14488,4.3055555555558644,1.1381,2.635
False,,2218,2,2025-06-09 12:00:00+00:00,session_time_bias,1.1408,0.0,0.0756,tp_sl,WIN,SELL,1.14223,1.666666666666483,1.13908,1.2
False,2.336,2222,7,2025-06-09 13:00:00+00:00,xs_momentum,1.13944,0.0,0.0697,tp_sl,LOSS,SELL,1.14146,2.2499999999999374,1.13737,2.2949999999998125
False,,2231,1,2025-06-09 15:15:00+00:00,sr_fib_confluence,1.14182,0.0,0.0721,signal_reverse,LOSS,SELL,1.14313,0.753,1.14048,0.753
False,,2234,8,2025-06-09 16:00:00+00:00,sr_fib_confluence,1.14166,0.0,0.0788,tp_sl,WIN,BUY,1.14052,1.3431372549018783,1.14282,1.3699999999997539
False,4.82,2294,16,2025-06-10 07:00:00+00:00,trendline_sweep,1.13776,0.0,0.0631,tp_sl,LOSS,SELL,1.14258,4.6844660194175525,1.13283,4.778155339805847
False,,2312,1,2025-06-10 11:30:00+00:00,dt_sr_channel_reversal,1.14258,0.0,0.0677,tp_sl,LOSS,SELL,1.14396,1.432291666666798,1.14118,1.4609375000002034
False,,2315,2,2025-06-10 12:15:00+00:00,session_time_bias,1.14264,0.0,0.0677,signal_reverse,LOSS,SELL,1.14482,1.49,1.14003,1.49
False,,2319,3,2025-06-10 13:15:00+00:00,xs_momentum,1.14461,0.0,0.0628,tp_sl,LOSS,BUY,1.14295,1.6666666666667052,1.14631,1.7000000000000348
False,,2324,2,2025-06-10 14:30:00+00:00,dual_sr_bounce,1.14323,0.0,0.0647,tp_sl,LOSS,BUY,1.14178,1.494845360824692,1.14471,1.5247422680410165
False,,2329,1,2025-06-10 15:45:00+00:00,london_fix_reversal,1.14224,0.0,0.0682,signal_reverse,LOSS,BUY,1.14108,0.452,1.14342,0.452
False,,2332,5,2025-06-10 16:30:00+00:00,london_fix_reversal,1.1421,0.0,0.0753,tp_sl,WIN,BUY,1.14098,1.2546816479400615,1.14324,0.768
False,,2397,2,2025-06-11 08:45:00+00:00,sr_fib_confluence,1.14315,0.0,0.0747,tp_sl,WIN,BUY,1.1416,1.7816091954022302,1.14474,1.09
False,,2401,10,2025-06-11 09:45:00+00:00,sr_fib_confluence,1.14355,0.0,0.0747,tp_sl,WIN,BUY,1.14228,1.4655172413792128,1.14486,1.4948275862068123
False,,2414,4,2025-06-11 13:00:00+00:00,post_news_vol,1.14698,0.0,0.0502,tp_sl,WIN,BUY,1.14077,4.966666666666697,1.15332,3.04
False,,2420,17,2025-06-11 14:30:00+00:00,xs_momentum,1.14823,0.0,0.049,tp_sl,WIN,BUY,1.14535,2.2526041666666785,1.15117,1.379
False,2.716,2488,1,2025-06-12 07:30:00+00:00,session_time_bias,1.15064,0.0,0.0739,tp_sl,LOSS,SELL,1.15263,2.2632575757575157,1.14825,2.7159090909089683
False,,2491,2,2025-06-12 08:15:00+00:00,post_news_vol,1.15358,0.0,0.067,tp_sl,WIN,BUY,1.14965,4.046391752577274,1.15758,2.476
False,,2495,1,2025-06-12 09:15:00+00:00,session_time_bias,1.15569,0.0,0.0591,tp_sl,LOSS,SELL,1.15753,1.666666666666685,1.15349,1.9999999999999816
False,,2499,1,2025-06-12 10:15:00+00:00,post_news_vol,1.15909,0.0,0.0485,tp_sl,WIN,BUY,1.15398,3.8184079601989986,1.16431,2.337
False,,2504,1,2025-06-12 11:30:00+00:00,wick_imbalance_reversion,1.15854,0.0,0.0445,signal_reverse,LOSS,SELL,1.16144,0.788,1.15557,0.788
False,,2507,1,2025-06-12 12:15:00+00:00,intraday_seasonality,1.15966,0.0,0.0471,tp_sl,WIN,BUY,1.15656,2.2524154589371514,1.16284,1.378
False,,2510,1,2025-06-12 13:00:00+00:00,wick_imbalance_reversion,1.16004,0.0,0.0397,signal_reverse,LOSS,SELL,1.16319,0.174,1.15682,0.174
False,,2514,7,2025-06-12 14:00:00+00:00,xs_momentum,1.15874,0.0,0.0392,signal_reverse,LOSS,BUY,1.15599,0.816,1.16155,0.816
False,,2523,1,2025-06-12 16:15:00+00:00,xs_momentum,1.15734,0.0,0.0504,signal_reverse,LOSS,SELL,1.15955,0.251,1.15509,0.251
False,,2583,1,2025-06-13 07:15:00+00:00,lin_reg_channel,1.15474,0.0,0.0422,tp_sl,WIN,SELL,1.15718,1.5854978354978413,1.15224,0.97
False,,2586,1,2025-06-13 08:00:00+00:00,orb_trap,1.15413,0.0,0.043,signal_reverse,LOSS,BUY,1.15186,0.96,1.15644,0.96
False,,2593,3,2025-06-13 09:45:00+00:00,doji_breakout,1.15227,0.0,0.0464,tp_sl,WIN,SELL,1.15477,1.7797619047619864,1.14973,1.8153571428571245
False,,2598,5,2025-06-13 11:00:00+00:00,session_time_bias,1.14959,0.0,0.0445,tp_sl,LOSS,SELL,1.15203,1.6666666666666352,1.14667,2.000000000000023
False,,2605,2,2025-06-13 12:45:00+00:00,session_time_bias,1.15155,0.0,0.0516,tp_sl,WIN,SELL,1.15438,2.248677248677353,1.14814,1.619
False,,2610,4,2025-06-13 14:00:00+00:00,sr_fib_confluence,1.15406,0.0,0.0465,tp_sl,WIN,BUY,1.15238,1.2499999999998828,1.15578,1.2749999999999233
False,,2616,6,2025-06-13 15:30:00+00:00,sr_fib_confluence,1.15633,0.0,0.0475,tp_sl,LOSS,BUY,1.15415,1.6540404040404741,1.15856,1.6871212121211963
False,,2667,15,2025-06-16 07:00:00+00:00,dt_bb_rsi_mr,1.15674,0.0,0.0602,signal_reverse,LOSS,SELL,1.15867,1.167,1.15476,1.167
False,,2684,1,2025-06-16 11:15:00+00:00,session_time_bias,1.15776,0.0,0.0699,signal_reverse,WIN,SELL,1.15985,2.2401433691754997,1.15526,0.441
False,,2687,1,2025-06-16 12:00:00+00:00,session_time_bias,1.15724,0.0,0.0699,signal_reverse,LOSS,SELL,1.15932,0.204,1.15474,0.204
False,,2691,1,2025-06-16 13:00:00+00:00,xs_momentum,1.15948,0.0,0.0621,tp_sl,WIN,BUY,1.1572,2.2607260726073415,1.16181,1.384
False,,2694,2,2025-06-16 13:45:00+00:00,xs_momentum,1.16012,0.0,0.0576,tp_sl,WIN,BUY,1.15766,2.2553516819572947,1.16263,1.38
False,,2698,2,2025-06-16 14:45:00+00:00,htf_false_breakout,1.15904,0.0,0.0546,tp_sl,WIN,SELL,1.16313,3.5579710144926997,1.15486,2.177
False,,2702,8,2025-06-16 15:45:00+00:00,sr_fib_confluence,1.15798,0.0,0.057,signal_reverse,LOSS,BUY,1.15648,0.323,1.15951,0.323
False,,2763,1,2025-06-17 07:00:00+00:00,trendline_sweep,1.15552,0.0,0.0765,tp_sl,WIN,SELL,1.15851,3.5098039215686327,1.15248,2.148
False,,2767,17,2025-06-17 08:00:00+00:00,session_time_bias,1.15548,0.0,0.0747,tp_sl,LOSS,SELL,1.15744,2.260536398467439,1.15312,2.7126436781608247
False,,2786,5,2025-06-17 12:45:00+00:00,inducement_ob,1.15495,0.0,0.0657,tp_sl,WIN,SELL,1.15864,3.7289562289564353,1.15118,2.282
False,,2794,1,2025-06-17 14:45:00+00:00,dt_bb_rsi_mr,1.1527,0.0,0.051,signal_reverse,LOSS,BUY,1.15049,0.59,1.15496,0.59
False,,2798,1,2025-06-17 15:45:00+00:00,london_fix_reversal,1.15344,0.0,0.0502,signal_reverse,LOSS,BUY,1.15157,0.9,1.15536,0.9
False,,2801,1,2025-06-17 16:30:00+00:00,xs_momentum,1.15199,0.0,0.0545,tp_sl,WIN,SELL,1.15477,2.256097560975587,1.14916,1.381
False,1.858,2859,4,2025-06-18 07:00:00+00:00,sr_fib_confluence,1.15185,0.0,0.0802,tp_sl,LOSS,BUY,1.1504,1.7798353909466489,1.15332,1.815432098765346
False,,2865,2,2025-06-18 08:30:00+00:00,sr_fib_confluence,1.15033,0.0,0.0783,tp_sl,WIN,BUY,1.14862,2.0582329317267476,1.15207,1.26
False,,2869,4,2025-06-18 09:30:00+00:00,session_time_bias,1.15046,0.0,0.0774,tp_sl,WIN,SELL,1.15186,1.6666666666667473,1.14877,1.2
False,,2875,4,2025-06-18 11:00:00+00:00,intraday_seasonality,1.14989,0.0,0.0747,tp_sl,LOSS,SELL,1.15135,1.6858237547893415,1.14839,1.7195402298849907
False,,2881,2,2025-06-18 12:30:00+00:00,session_time_bias,1.15051,0.0,0.073,tp_sl,WIN,SELL,1.15251,2.2565543071161684,1.1481,1.625
False,,2885,1,2025-06-18 13:30:00+00:00,session_time_bias,1.14922,0.0,0.069,tp_sl,WIN,SELL,1.15073,1.666666666666605,1.1474,1.2
False,,2888,3,2025-06-18 14:15:00+00:00,ema_cross,1.15014,0.0,0.0532,signal_reverse,LOSS,SELL,1.15277,2.454,1.14745,2.454
False,,2893,4,2025-06-18 15:30:00+00:00,dt_bb_rsi_mr,1.15221,0.0,0.0514,tp_sl,WIN,SELL,1.15402,1.4890710382514751,1.15035,1.5188524590164791
False,,2955,3,2025-06-19 07:00:00+00:00,dual_sr_bounce,1.14638,0.0,0.073,tp_sl,WIN,SELL,1.14824,2.078651685393404,1.1445,1.272
False,,2961,11,2025-06-19 08:30:00+00:00,session_time_bias,1.14688,0.0,0.0677,tp_sl,LOSS,SELL,1.14849,1.6753472222220955,1.14495,2.010416666666653
False,,2974,3,2025-06-19 11:45:00+00:00,session_time_bias,1.14799,0.0,0.0722,tp_sl,WIN,SELL,1.15001,2.250000000000184,1.14555,1.62
False,1.563,2979,4,2025-06-19 13:00:00+00:00,squeeze_release_momentum,1.14807,0.0,0.069,tp_sl,LOSS,BUY,1.14673,1.4725274725276032,1.14976,1.8587912087911616
False,,2985,2,2025-06-19 14:30:00+00:00,intraday_seasonality,1.14695,0.0,0.0661,tp_sl,WIN,SELL,1.14909,2.254385964912325,1.14476,1.38
False,,2992,1,2025-06-19 16:15:00+00:00,london_fix_reversal,1.14597,0.0,0.0736,signal_reverse,LOSS,BUY,1.1446,0.411,1.14736,0.411
False,2.697,3053,9,2025-06-20 07:30:00+00:00,session_time_bias,1.15125,0.0,0.0855,tp_sl,LOSS,SELL,1.15296,2.247807017543685,1.14921,2.6973684210524804
False,,3064,3,2025-06-20 10:15:00+00:00,session_time_bias,1.15254,0.0,0.0823,tp_sl,WIN,SELL,1.15386,1.6772151898734438,1.15095,1.208
False,,3069,4,2025-06-20 11:30:00+00:00,session_time_bias,1.15136,0.0,0.0844,tp_sl,WIN,SELL,1.15309,2.24025974025971,1.14929,1.613
False,,3077,2,2025-06-20 13:30:00+00:00,session_time_bias,1.15101,0.0,0.0697,tp_sl,WIN,SELL,1.15303,2.2499999999999374,1.14858,1.62
False,,3082,5,2025-06-20 14:45:00+00:00,orb_trap,1.15141,0.0,0.0586,tp_sl,WIN,BUY,1.1485,2.7180685358255054,1.15438,1.663
False,1.802,3090,11,2025-06-20 16:45:00+00:00,london_ny_swing,1.15368,0.0,0.0663,tp_sl,LOSS,BUY,1.15216,1.5016501650164462,1.15522,1.531683168316797
False,,3148,4,2025-06-23 07:15:00+00:00,trendline_sweep,1.14959,0.0,0.0637,tp_sl,WIN,SELL,1.15307,3.415032679738512,1.14603,2.09
False,,3154,1,2025-06-23 08:45:00+00:00,session_time_bias,1.14807,0.0,0.0619,tp_sl,WIN,SELL,1.15043,2.246031746031869,1.14524,1.617
True,,3157,2,2025-06-23 09:30:00+00:00,dt_bb_rsi_mr,1.14704,0.0,0.052,signal_reverse,LOSS,BUY,1.14579,0.288,1.14854,0.288
False,,3161,8,2025-06-23 10:30:00+00:00,session_time_bias,1.14658,0.0,0.0546,tp_sl,WIN,SELL,1.14857,1.6666666666667629,1.1442,1.2
False,,3175,2,2025-06-23 14:00:00+00:00,xs_momentum,1.15202,0.0,0.0468,tp_sl,WIN,BUY,1.14901,2.2512437810946935,1.1551,1.378
False,,3179,3,2025-06-23 15:00:00+00:00,xs_momentum,1.15361,0.0,0.0448,tp_sl,WIN,BUY,1.15127,1.6726190476190617,1.156,1.024
False,,3184,1,2025-06-23 16:15:00+00:00,xs_momentum,1.15367,0.0,0.0528,tp_sl,WIN,BUY,1.15154,1.6732283464566398,1.15583,1.024
False,,3243,1,2025-06-24 07:00:00+00:00,adx_trend_continuation,1.16091,0.0,0.065,tp_sl,LOSS,BUY,1.15883,2.083333333333215,1.16304,2.1249999999999325
False,,3246,4,2025-06-24 07:45:00+00:00,session_time_bias,1.15908,0.0,0.056,signal_reverse,LOSS,SELL,1.16168,0.931,1.15595,0.931
False,,3252,4,2025-06-24 09:15:00+00:00,doji_breakout,1.16111,0.0,0.0575,signal_reverse,LOSS,BUY,1.1572,1.496,1.16511,1.496
False,,3261,3,2025-06-24 11:30:00+00:00,session_time_bias,1.16067,0.0,0.0644,tp_sl,WIN,SELL,1.16235,1.6666666666668128,1.15864,1.2
False,,3266,1,2025-06-24 12:45:00+00:00,session_time_bias,1.15993,0.0,0.0644,tp_sl,WIN,SELL,1.16158,1.641914191419126,1.15794,1.182
True,,3269,1,2025-06-24 13:30:00+00:00,dt_bb_rsi_mr,1.15844,0.0,0.0609,tp_sl,WIN,BUY,1.15741,1.0000000000000837,1.15968,1.2000000000000144
False,,3273,1,2025-06-24 14:30:00+00:00,dt_bb_rsi_mr,1.16274,0.0,0.0486,signal_reverse,WIN,SELL,1.16506,1.8023255813954517,1.16037,0.197
False,,3276,22,2025-06-24 15:15:00+00:00,xs_momentum,1.16257,0.0,0.0468,tp_sl,LOSS,BUY,1.16034,1.6666666666666488,1.16485,1.7000000000000015
False,,3340,2,2025-06-25 07:15:00+00:00,wick_imbalance_reversion,1.16078,0.0,0.0855,signal_reverse,LOSS,BUY,1.15906,1.368,1.16254,1.368
False,,3344,5,2025-06-25 08:15:00+00:00,sr_fib_confluence,1.15993,0.0,0.0774,tp_sl,WIN,SELL,1.16171,2.1230158730157713,1.15811,1.299
False,,3351,12,2025-06-25 10:00:00+00:00,session_time_bias,1.15996,0.0,0.0783,tp_sl,WIN,SELL,1.16183,2.2590361445781313,1.15771,1.627
False,2.377,3366,2,2025-06-25 13:45:00+00:00,session_time_bias,1.16004,0.0,0.0756,tp_sl,LOSS,SELL,1.1619,2.238955823293127,1.15781,2.6867469879517523
False,,3370,3,2025-06-25 14:45:00+00:00,london_ny_swing,1.16216,0.0,0.0682,tp_sl,WIN,BUY,1.16046,1.8478260869565595,1.1639,1.131
False,,3375,6,2025-06-25 16:00:00+00:00,xs_momentum,1.16303,0.0,0.072,tp_sl,WIN,BUY,1.16148,1.6666666666666023,1.16461,1.02
False,,3437,1,2025-06-26 07:30:00+00:00,session_time_bias,1.17017,0.0,0.0619,signal_reverse,LOSS,SELL,1.17192,2.971,1.16806,2.971
False,,3440,8,2025-06-26 08:15:00+00:00,session_time_bias,1.17288,0.0,0.0551,tp_sl,WIN,SELL,1.17485,1.6666666666666712,1.17052,1.2
False,,3450,1,2025-06-26 10:45:00+00:00,session_time_bias,1.17142,0.0,0.056,tp_sl,WIN,SELL,1.17337,1.6738505747125072,1.16909,1.205
False,,3453,1,2025-06-26 11:30:00+00:00,sr_fib_confluence,1.16992,0.0,0.0551,signal_reverse,LOSS,BUY,1.16792,0.212,1.17196,0.212
False,,3457,1,2025-06-26 12:30:00+00:00,intraday_seasonality,1.17104,0.0,0.052,signal_reverse,LOSS,BUY,1.16823,0.624,1.1739,0.624
False,,3461,5,2025-06-26 13:30:00+00:00,session_time_bias,1.1714,0.0,0.0475,tp_sl,WIN,SELL,1.17361,1.672979797979824,1.16875,1.205
False,,3469,2,2025-06-26 15:30:00+00:00,orb_trap,1.17127,0.0,0.0472,tp_sl,WIN,BUY,1.16731,2.9761904761904407,1.17531,1.821
False,,3473,2,2025-06-26 16:30:00+00:00,london_fix_reversal,1.17383,0.0,0.0511,tp_sl,LOSS,BUY,1.17219,1.253180661577682,1.1755,1.278244274809178
False,,3532,4,2025-06-27 07:15:00+00:00,sr_fib_confluence,1.17132,0.0,0.065,tp_sl,WIN,BUY,1.16991,1.4166666666666217,1.17277,0.867
False,,3538,11,2025-06-27 08:45:00+00:00,sr_fib_confluence,1.17101,0.0,0.0644,tp_sl,WIN,BUY,1.16933,1.6584158415840307,1.17271,1.015
False,,3552,1,2025-06-27 12:15:00+00:00,wick_imbalance_reversion,1.17152,0.0,0.0663,tp_sl,WIN,BUY,1.16932,2.2534013605440264,1.17378,2.298469387754866
False,,3555,1,2025-06-27 13:00:00+00:00,session_time_bias,1.17362,0.0,0.0502,signal_reverse,WIN,SELL,1.17643,2.2533333333333516,1.17024,0.628
False,2.01,3558,15,2025-06-27 13:45:00+00:00,sr_fib_confluence,1.17269,0.0,0.049,tp_sl,LOSS,BUY,1.17026,1.9010416666666305,1.17517,1.9390625000000743
True,,3627,1,2025-06-30 07:00:00+00:00,dt_sr_channel_reversal,1.17376,0.0,0.0677,tp_sl,WIN,SELL,1.17438,0.655381944444459,1.173,0.786458333333397
False,,3630,1,2025-06-30 07:45:00+00:00,session_time_bias,1.17222,0.0,0.0657,tp_sl,WIN,SELL,1.17445,2.2558922558920074,1.16954,1.624
False,,3634,21,2025-06-30 08:45:00+00:00,orb_trap,1.17301,0.0,0.065,tp_sl,LOSS,BUY,1.17018,2.8333333333334654,1.1759,2.890000000000059
True,,3658,1,2025-06-30 14:45:00+00:00,dt_bb_rsi_mr,1.17381,0.0,0.0576,tp_sl,LOSS,SELL,1.1749,1.0000000000000324,1.1725,1.2000000000000797
False,,3661,1,2025-06-30 15:30:00+00:00,ema_cross,1.17539,0.0,0.0541,signal_reverse,WIN,BUY,1.17318,1.9109195402297703,1.17765,0.573
False,,3664,1,2025-06-30 16:15:00+00:00,london_fix_reversal,1.17552,0.0,0.054,signal_reverse,LOSS,SELL,1.17738,0.648,1.17363,0.648
False,,3724,4,2025-07-01 07:15:00+00:00,wick_imbalance_reversion,1.17856,0.0,0.0774,tp_sl,WIN,BUY,1.17666,2.2519841269840772,1.18048,1.378
False,,3730,1,2025-07-01 08:45:00+00:00,ema_cross,1.18043,0.0,0.0619,tp_sl,WIN,BUY,1.1783,2.0238095238094598,1.18259,1.239
False,,3733,17,2025-07-01 09:30:00+00:00,post_news_vol,1.18217,0.0,0.0565,signal_reverse,LOSS,BUY,1.17798,2.678,1.18645,2.678
False,,3752,2,2025-07-01 14:15:00+00:00,sr_fib_confluence,1.17921,0.0,0.0532,tp_sl,WIN,SELL,1.18117,1.6666666666666712,1.1772,1.6999999999999595
False,,3756,6,2025-07-01 15:15:00+00:00,xs_momentum,1.17707,0.0,0.0519,tp_sl,WIN,SELL,1.17908,1.666666666666575,1.17501,1.02
False,,3819,1,2025-07-02 07:00:00+00:00,sr_fib_confluence,1.17822,0.0,0.0867,tp_sl,WIN,SELL,1.17954,1.7666666666666941,1.17686,1.081
False,,3822,5,2025-07-02 07:45:00+00:00,session_time_bias,1.17734,0.0,0.0823,tp_sl,WIN,SELL,1.1791,2.2362869198312585,1.17521,1.61
False,,3832,1,2025-07-02 10:15:00+00:00,trendline_sweep,1.17722,0.0,0.0783,tp_sl,WIN,SELL,1.17877,1.8775100401606364,1.17563,1.149
False,,3840,1,2025-07-02 12:15:00+00:00,sr_fib_confluence,1.17768,0.0,0.058,tp_sl,WIN,SELL,1.17976,1.860119047618942,1.17555,1.8973214285713684
False,,3843,3,2025-07-02 13:00:00+00:00,sr_fib_confluence,1.17724,0.0,0.0483,tp_sl,WIN,SELL,1.17995,2.089743589743616,1.17447,1.279
False,,3851,1,2025-07-02 15:00:00+00:00,sr_fib_confluence,1.17766,0.0,0.0458,signal_reverse,LOSS,SELL,1.17992,0.646,1.17535,0.646
False,,3854,17,2025-07-02 15:45:00+00:00,sr_fib_confluence,1.179,0.0,0.0498,signal_reverse,WIN,BUY,1.17711,1.501322751322718,1.18093,0.48
False,,3915,1,2025-07-03 07:00:00+00:00,doji_breakout,1.17985,0.0,0.097,tp_sl,WIN,BUY,1.17839,2.1766169154228945,1.18133,1.332
True,,3925,2,2025-07-03 09:30:00+00:00,dt_bb_rsi_mr,1.17911,0.0,0.0878,tp_sl,WIN,BUY,1.17837,0.9999999999999499,1.17999,0.72
False,,3930,3,2025-07-03 10:45:00+00:00,dual_sr_bounce,1.17919,0.0,0.0833,tp_sl,WIN,SELL,1.18017,1.2499999999999336,1.1782,1.275000000000012
False,2.434,3937,2,2025-07-03 12:30:00+00:00,xs_momentum,1.17341,0.0,0.0537,tp_sl,LOSS,SELL,1.17614,2.258953168044012,1.17062,2.3041322314049695
False,,3941,1,2025-07-03 13:30:00+00:00,wick_imbalance_reversion,1.1772,0.0,0.0461,signal_reverse,LOSS,BUY,1.17413,0.85,1.18034,0.85
False,,3944,3,2025-07-03 14:15:00+00:00,sr_fib_confluence,1.17616,0.0,0.0427,tp_sl,WIN,SELL,1.17882,1.814058956916051,1.17344,1.11
False,,3949,3,2025-07-03 15:30:00+00:00,sr_fib_confluence,1.176,0.0,0.0461,tp_sl,WIN,SELL,1.1777,1.2500000000000255,1.17426,1.2750000000000914
False,,4015,5,2025-07-04 08:00:00+00:00,orb_trap,1.17755,0.0,0.0855,tp_sl,WIN,BUY,1.176,2.050438596491221,1.17914,1.255
False,,4024,5,2025-07-04 10:15:00+00:00,wick_imbalance_reversion,1.17799,0.0,0.0942,tp_sl,LOSS,BUY,1.17678,1.7632850241545561,1.17924,1.7985507246377503
False,,4035,1,2025-07-04 13:00:00+00:00,dt_fib_reversal,1.17692,0.0,0.0937,tp_sl,WIN,BUY,1.17586,1.5920398009951808,1.17801,0.974
False,,4038,1,2025-07-04 13:45:00+00:00,doji_breakout,1.17802,0.0,0.0896,tp_sl,WIN,BUY,1.17544,3.690476190475943,1.18066,2.259
False,,4045,5,2025-07-04 15:30:00+00:00,xs_momentum,1.17839,0.0,0.0909,tp_sl,LOSS,BUY,1.17724,1.666666666666644,1.17957,1.6999999999998097
False,,4126,1,2025-07-07 11:45:00+00:00,dt_sr_channel_reversal,1.17297,0.0,0.0878,signal_reverse,LOSS,BUY,1.17204,1.257,1.17391,1.257
False,2.013,4130,1,2025-07-07 12:45:00+00:00,xs_momentum,1.17213,0.0,0.0855,tp_sl,LOSS,SELL,1.1734,1.6776315789472567,1.17082,1.7111842105262192
False,,4133,2,2025-07-07 13:30:00+00:00,intraday_seasonality,1.17388,0.0,0.0804,signal_reverse,LOSS,BUY,1.17212,0.52,1.17568,0.52
False,,4137,6,2025-07-07 14:30:00+00:00,sr_fib_confluence,1.17432,0.0,0.0784,signal_reverse,LOSS,BUY,1.17297,2.257,1.1757,2.257
False,,4145,1,2025-07-07 16:30:00+00:00,xs_momentum,1.1709,0.0,0.065,tp_sl,WIN,SELL,1.17262,1.6666666666665908,1.16915,1.7000000000000561
False,,4207,5,2025-07-08 08:00:00+00:00,session_time_bias,1.17565,0.0,0.0783,tp_sl,WIN,SELL,1.17701,1.6465863453813447,1.17401,1.186
False,,4214,1,2025-07-08 09:45:00+00:00,doji_breakout,1.17416,0.0,0.0844,tp_sl,WIN,SELL,1.17618,2.629870129870057,1.17209,1.609
False,,4217,5,2025-07-08 10:30:00+00:00,trendline_sweep,1.17261,0.0,0.0855,tp_sl,WIN,SELL,1.17632,4.890350877192882,1.16881,2.993
False,,4224,1,2025-07-08 12:15:00+00:00,dt_bb_rsi_mr,1.17193,0.0,0.0833,signal_reverse,WIN,BUY,1.17054,1.7841880341877665,1.17335,0.128
False,,4227,1,2025-07-08 13:00:00+00:00,xs_momentum,1.171,0.0,0.0756,tp_sl,WIN,SELL,1.17238,1.6666666666666168,1.16959,1.7000000000000615
False,,4231,4,2025-07-08 14:00:00+00:00,xs_momentum,1.16886,0.0,0.0647,tp_sl,LOSS,SELL,1.17047,1.6666666666668264,1.16721,1.700000000000012
False,,4237,2,2025-07-08 15:30:00+00:00,dt_sr_channel_reversal,1.17084,0.0,0.0621,signal_reverse,WIN,BUY,1.16923,1.5924092409241917,1.17248,0.272
False,1.5,4241,1,2025-07-08 16:30:00+00:00,london_fix_reversal,1.17018,0.0,0.0657,tp_sl,LOSS,SELL,1.17146,1.2499999999999167,1.16888,1.274999999999928
False,,4299,1,2025-07-09 07:00:00+00:00,trendline_sweep,1.17206,0.0,0.089,tp_sl,WIN,SELL,1.17359,2.0890410958904093,1.17051,1.278
False,,4302,10,2025-07-09 07:45:00+00:00,sr_fib_confluence,1.17068,0.0,0.0802,tp_sl,WIN,SELL,1.17205,1.687242798353998,1.16929,1.033
False,,4314,3,2025-07-09 10:45:00+00:00,sr_fib_confluence,1.17013,0.0,0.0774,tp_sl,WIN,SELL,1.17155,1.6964285714283185,1.16867,1.038
False,1.803,4319,3,2025-07-09 12:00:00+00:00,sr_fib_confluence,1.1701,0.0,0.073,tp_sl,LOSS,SELL,1.17169,1.7883895131086045,1.16847,1.8241573033707865
False,,4324,1,2025-07-09 13:15:00+00:00,sr_fib_confluence,1.17146,0.0,0.064,signal_reverse,LOSS,BUY,1.17019,1.22,1.17276,1.22
False,1.372,4327,8,2025-07-09 14:00:00+00:00,dual_sr_bounce,1.17157,0.0,0.0609,tp_sl,LOSS,BUY,1.1702,1.3349514563105864,1.17298,1.3616504854368672
False,,4337,5,2025-07-09 16:30:00+00:00,london_fix_reversal,1.17074,0.0,0.0753,tp_sl,WIN,BUY,1.16962,1.2546816479400615,1.17188,1.2797752808988778
False,1.65,4398,12,2025-07-10 07:45:00+00:00,orb_trap,1.17335,0.0,0.0929,tp_sl,LOSS,BUY,1.17225,1.5833333333332382,1.17449,1.6149999999998903
False,,4412,3,2025-07-10 11:15:00+00:00,session_time_bias,1.17166,0.0,0.1,tp_sl,WIN,SELL,1.17274,1.6666666666663124,1.17036,1.2
False,,4417,3,2025-07-10 12:30:00+00:00,xs_momentum,1.17033,0.0,0.0942,tp_sl,WIN,SELL,1.17188,2.258454106280186,1.16874,1.382
False,,4422,1,2025-07-10 13:45:00+00:00,xs_momentum,1.1692,0.0,0.0765,tp_sl,WIN,SELL,1.17103,2.2357723577236017,1.16733,2.2804878048780957
False,,4425,9,2025-07-10 14:30:00+00:00,intraday_seasonality,1.16726,0.0,0.0621,tp_sl,LOSS,SELL,1.16895,1.6749174917491552,1.16553,1.7084158415842043
False,,4493,2,2025-07-11 07:30:00+00:00,session_time_bias,1.16918,0.0,0.0793,tp_sl,WIN,SELL,1.17102,2.245934959349414,1.16697,1.617
False,2.238,4497,19,2025-07-11 08:30:00+00:00,session_time_bias,1.16846,0.0,0.0793,tp_sl,LOSS,SELL,1.17029,2.2357723577236017,1.16626,2.682926829268268
False,,4518,2,2025-07-11 13:45:00+00:00,inducement_ob,1.1688,0.0,0.0609,tp_sl,WIN,SELL,1.17034,1.496763754045412,1.16722,0.916
False,,4522,4,2025-07-11 14:45:00+00:00,orb_trap,1.16926,0.0,0.0615,tp_sl,WIN,BUY,1.16605,3.1454248366012325,1.17254,1.925
False,2.0,4528,18,2025-07-11 16:15:00+00:00,sr_fib_confluence,1.16928,0.0,0.0691,tp_sl,LOSS,BUY,1.16766,1.6666666666665975,1.17093,1.700000000000012
False,,4591,19,2025-07-14 08:00:00+00:00,session_time_bias,1.1682,0.0,0.0714,tp_sl,WIN,SELL,1.17025,2.26190476190494,1.16572,1.629
False,,4612,3,2025-07-14 13:15:00+00:00,session_time_bias,1.1677,0.0,0.0826,tp_sl,LOSS,SELL,1.16896,1.6557017543857093,1.16619,1.9868421052630265
False,,4618,3,2025-07-14 14:45:00+00:00,trendline_sweep,1.1683,0.0,0.0784,tp_sl,WIN,SELL,1.17029,2.4895833333332673,1.16627,1.524
False,,4624,18,2025-07-14 16:15:00+00:00,post_news_vol,1.16611,0.0,0.0698,tp_sl,LOSS,SELL,1.17007,4.1232638888888395,1.16208,4.205729166666811
False,,4683,1,2025-07-15 07:00:00+00:00,sr_fib_confluence,1.16755,0.0,0.1102,tp_sl,WIN,BUY,1.16651,1.7655367231641177,1.16862,1.8008474576274376
False,,4687,1,2025-07-15 08:00:00+00:00,session_time_bias,1.16885,0.0,0.0942,tp_sl,WIN,SELL,1.17,1.666666666666644,1.16748,1.2
False,,4692,2,2025-07-15 09:15:00+00:00,session_time_bias,1.1684,0.0,0.0915,signal_reverse,WIN,SELL,1.17,2.26525821596227,1.16647,0.085
False,1.699,4696,4,2025-07-15 10:15:00+00:00,sr_fib_confluence,1.168,0.0,0.0956,tp_sl,LOSS,BUY,1.16685,1.6911764705882122,1.16918,1.7249999999998067
False,,4702,1,2025-07-15 11:45:00+00:00,sr_fib_confluence,1.1669,0.0,0.0942,tp_sl,WIN,SELL,1.16804,1.666666666666644,1.16572,1.02
False,,4705,2,2025-07-15 12:30:00+00:00,sr_fib_confluence,1.16691,0.0,0.0765,tp_sl,WIN,SELL,1.16829,1.6274509803921082,1.16549,0.996
False,,4709,1,2025-07-15 13:30:00+00:00,session_time_bias,1.16474,0.0,0.0565,tp_sl,WIN,SELL,1.16658,1.6591591591590262,1.16253,1.195
False,,4712,4,2025-07-15 14:15:00+00:00,xs_momentum,1.16213,0.0,0.0532,tp_sl,WIN,SELL,1.16409,1.6666666666666712,1.16012,1.6999999999999595
False,,4719,21,2025-07-15 16:00:00+00:00,xs_momentum,1.16066,0.0,0.0598,signal_reverse,WIN,SELL,1.16253,1.6666666666666816,1.15876,0.532
False,,4781,5,2025-07-16 07:30:00+00:00,session_time_bias,1.16152,0.0,0.1032,tp_sl,LOSS,SELL,1.16256,1.6666666666663068,1.16026,1.9999999999997091
False,,4788,1,2025-07-16 09:15:00+00:00,session_time_bias,1.16176,0.0,0.1032,tp_sl,WIN,SELL,1.16281,1.6534391534390593,1.16051,1.19
False,,4791,6,2025-07-16 10:00:00+00:00,session_time_bias,1.16124,0.0,0.1016,tp_sl,WIN,SELL,1.16229,1.6406249999999927,1.15997,1.181
False,,4799,1,2025-07-16 12:00:00+00:00,session_time_bias,1.15993,0.0,0.0942,tp_sl,LOSS,SELL,1.16108,1.666666666666644,1.15855,1.9999999999999085
False,,4802,1,2025-07-16 12:45:00+00:00,session_time_bias,1.15979,0.0,0.0739,tp_sl,WIN,SELL,1.16176,2.234848484848491,1.15743,1.609
False,,4805,3,2025-07-16 13:30:00+00:00,xs_momentum,1.15776,0.0,0.064,tp_sl,WIN,SELL,1.15938,1.6581632653061098,1.1561,1.015
False,2.517,4810,1,2025-07-16 14:45:00+00:00,sr_fib_confluence,1.15919,0.0,0.0523,tp_sl,LOSS,SELL,1.1617,2.097222222222269,1.15662,2.139166666666655
False,,4814,3,2025-07-16 15:45:00+00:00,ema200_trend_reversal,1.16281,0.0,0.0258,signal_reverse,LOSS,SELL,1.16825,0.443,1.15726,0.443
False,,4878,13,2025-07-17 07:45:00+00:00,session_time_bias,1.15892,0.0,0.0684,tp_sl,WIN,SELL,1.16052,1.6754385964912188,1.15701,1.206
False,,4893,3,2025-07-17 11:30:00+00:00,session_time_bias,1.15769,0.0,0.0793,tp_sl,LOSS,SELL,1.15954,2.2459349593496847,1.15548,2.6951219512195674
False,,4899,2,2025-07-17 13:00:00+00:00,sr_fib_confluence,1.15924,0.0,0.0592,tp_sl,WIN,SELL,1.16105,1.713836477987547,1.15738,1.049
False,,4904,18,2025-07-17 14:15:00+00:00,sr_fib_confluence,1.15905,0.0,0.057,tp_sl,WIN,SELL,1.16071,1.51515151515155,1.15735,0.927
False,2.703,4978,12,2025-07-18 08:45:00+00:00,session_time_bias,1.16338,0.0,0.0878,tp_sl,LOSS,SELL,1.16504,2.2522522522523043,1.16138,2.7027027027027053
False,,4992,1,2025-07-18 12:15:00+00:00,session_time_bias,1.16467,0.0,0.0774,signal_reverse,LOSS,SELL,1.16617,1.19,1.16287,1.19
False,,4995,2,2025-07-18 13:00:00+00:00,session_time_bias,1.1652,0.0,0.0721,signal_reverse,LOSS,SELL,1.16664,1.409,1.16347,1.409
False,,4999,2,2025-07-18 14:00:00+00:00,htf_false_breakout,1.16549,0.0,0.0609,tp_sl,WIN,SELL,1.16768,2.127831715210499,1.16325,1.302
False,,5003,4,2025-07-18 15:00:00+00:00,xs_momentum,1.16505,0.0,0.0609,signal_reverse,LOSS,BUY,1.16273,1.724,1.16742,1.724
False,,5009,3,2025-07-18 16:30:00+00:00,sr_fib_confluence,1.16331,0.0,0.0644,tp_sl,WIN,SELL,1.16495,1.5705128205128611,1.16165,0.961
False,1.452,5068,4,2025-07-21 07:15:00+00:00,dt_bb_rsi_mr,1.1639,0.0,0.1032,tp_sl,LOSS,SELL,1.16472,1.3095238095239297,1.16305,1.3357142857141897
False,,5074,8,2025-07-21 08:45:00+00:00,sr_fib_confluence,1.16427,0.0,0.0855,tp_sl,WIN,BUY,1.16282,1.9078947368420411,1.16575,1.9460526315786657
False,,5084,1,2025-07-21 11:15:00+00:00,wick_imbalance_reversion,1.1662,0.0,0.0793,tp_sl,WIN,BUY,1.16469,1.8495934959351619,1.16775,1.132
False,,5091,3,2025-07-21 13:00:00+00:00,intraday_seasonality,1.16616,0.0,0.0784,tp_sl,WIN,BUY,1.16436,2.2500000000000298,1.168,2.294999999999936
False,,5096,1,2025-07-21 14:15:00+00:00,xs_momentum,1.16823,0.0,0.073,tp_sl,WIN,BUY,1.16628,2.267441860465254,1.17022,1.388
False,,5099,1,2025-07-21 15:00:00+00:00,xs_momentum,1.17061,0.0,0.0668,tp_sl,WIN,BUY,1.16904,1.6755319148937278,1.17222,1.025
False,,5103,1,2025-07-21 16:00:00+00:00,htf_false_breakout,1.17011,0.0,0.0705,signal_reverse,LOSS,SELL,1.1728,0.236,1.16738,0.236
False,,5106,2,2025-07-21 16:45:00+00:00,dt_sr_channel_reversal,1.16994,0.0,0.0728,signal_reverse,WIN,SELL,1.17135,1.530797101449167,1.16851,0.593
False,,5175,11,2025-07-22 10:00:00+00:00,doji_breakout,1.17091,0.0,0.0833,tp_sl,LOSS,BUY,1.16815,3.5363247863246103,1.17372,3.607051282051313
False,,5188,1,2025-07-22 13:15:00+00:00,dt_fib_reversal,1.16893,0.0,0.069,tp_sl,WIN,BUY,1.16721,1.8956043956043698,1.17069,1.16
False,,5194,2,2025-07-22 14:45:00+00:00,sr_anti_hunt_bounce,1.17231,0.0,0.0586,tp_sl,WIN,BUY,1.16502,6.8146417445483145,1.17975,4.171
False,,5198,5,2025-07-22 15:45:00+00:00,xs_momentum,1.17481,0.0,0.0536,tp_sl,WIN,BUY,1.17286,1.6666666666667678,1.1768,1.02
False,,5262,8,2025-07-23 07:45:00+00:00,dual_sr_bounce,1.17426,0.0,0.0747,tp_sl,LOSS,BUY,1.17278,1.695402298850707,1.17576,1.7293103448276088
True,,5276,6,2025-07-23 11:15:00+00:00,dt_bb_rsi_mr,1.17267,0.0,0.0802,tp_sl,LOSS,BUY,1.17186,0.9999999999999721,1.17365,1.1999999999999666
False,,5287,3,2025-07-23 14:00:00+00:00,intraday_seasonality,1.17306,0.0,0.069,tp_sl,WIN,BUY,1.17156,1.6483516483514669,1.17459,1.009
False,,5296,2,2025-07-23 16:15:00+00:00,post_news_vol,1.17514,0.0,0.0536,tp_sl,WIN,BUY,1.1704,3.7933333333333152,1.17997,2.322
True,,5366,1,2025-07-24 09:45:00+00:00,dt_sr_channel_reversal,1.17531,0.0,0.0903,tp_sl,LOSS,BUY,1.17474,0.7928240740741794,1.176,0.9513888888889537
False,,5370,3,2025-07-24 10:45:00+00:00,dt_fib_reversal,1.17497,0.0,0.0929,tp_sl,WIN,BUY,1.17383,1.619047619047758,1.17612,0.991
False,1.856,5375,1,2025-07-24 12:00:00+00:00,dt_sr_channel_reversal,1.17511,0.0,0.089,tp_sl,LOSS,BUY,1.17385,1.723744292237177,1.17661,2.068493150684795
False,,5382,1,2025-07-24 13:45:00+00:00,xs_momentum,1.1772,0.0,0.0527,tp_sl,WIN,BUY,1.17452,2.2549019607843452,1.17994,1.38
False,,5385,22,2025-07-24 14:30:00+00:00,xs_momentum,1.17782,0.0,0.0483,tp_sl,LOSS,BUY,1.17565,1.6730769230769524,1.18004,1.7065384615383856
False,,5451,6,2025-07-25 07:00:00+00:00,sr_fib_confluence,1.17562,0.0,0.0802,tp_sl,LOSS,BUY,1.17413,1.8415637860082332,1.17715,1.8783950617283376
False,,5460,6,2025-07-25 09:15:00+00:00,dt_bb_rsi_mr,1.17369,0.0,0.0747,tp_sl,LOSS,BUY,1.17214,1.7911877394635958,1.17528,1.8270114942530258
False,,5471,11,2025-07-25 12:00:00+00:00,htf_false_breakout,1.17244,0.0,0.0765,tp_sl,WIN,BUY,1.17015,2.696078431372448,1.17478,1.65
False,,5484,2,2025-07-25 15:15:00+00:00,sr_fib_confluence,1.17381,0.0,0.0565,signal_reverse,LOSS,BUY,1.17205,1.329,1.17561,1.329
False,,5548,1,2025-07-28 07:15:00+00:00,post_news_vol,1.17083,0.0,0.0707,tp_sl,WIN,SELL,1.17503,4.57427536231888,1.16653,2.799
False,,5569,2,2025-07-28 12:30:00+00:00,xs_momentum,1.16579,0.0,0.0602,tp_sl,WIN,SELL,1.16759,1.6666666666666887,1.16395,1.6999999999999527
False,,5573,7,2025-07-28 13:30:00+00:00,xs_momentum,1.1633,0.0,0.0546,tp_sl,WIN,SELL,1.16522,1.6739130434782215,1.16133,1.7073913043478322
False,,5582,7,2025-07-28 15:45:00+00:00,xs_momentum,1.16082,0.0,0.055,tp_sl,WIN,SELL,1.16273,1.673976608186999,1.15887,1.7074561403507467
False,,5652,7,2025-07-29 09:15:00+00:00,sr_fib_confluence,1.15793,0.0,0.0551,tp_sl,WIN,SELL,1.16005,1.7937853107343598,1.15578,1.098
False,,5661,4,2025-07-29 11:30:00+00:00,session_time_bias,1.15434,0.0,0.0546,tp_sl,WIN,SELL,1.15633,1.6666666666665764,1.15197,1.2
False,2.0,5667,2,2025-07-29 13:00:00+00:00,xs_momentum,1.15191,0.0,0.0546,tp_sl,LOSS,SELL,1.15382,1.6666666666665797,1.14995,1.6999999999999382
False,1.765,5671,12,2025-07-29 14:00:00+00:00,session_time_bias,1.15288,0.0,0.0479,tp_sl,LOSS,SELL,1.15505,1.6603053435114794,1.15027,1.9923664122137414
False,,5741,2,2025-07-30 07:30:00+00:00,session_time_bias,1.15546,0.0,0.0774,tp_sl,WIN,SELL,1.15736,2.2718253968252125,1.15317,1.636
False,,5747,3,2025-07-30 09:00:00+00:00,session_time_bias,1.15531,0.0,0.0833,tp_sl,WIN,SELL,1.15706,2.2542735042734696,1.1532,1.623
False,,5752,2,2025-07-30 10:15:00+00:00,session_time_bias,1.15413,0.0,0.0802,tp_sl,WIN,SELL,1.15549,1.6769547325103091,1.1525,1.207
False,,5756,1,2025-07-30 11:15:00+00:00,session_time_bias,1.15299,0.0,0.0765,tp_sl,WIN,SELL,1.1544,1.656862745097922,1.15131,1.193
False,,5759,1,2025-07-30 12:00:00+00:00,xs_momentum,1.15196,0.0,0.0707,tp_sl,WIN,SELL,1.15349,1.666666666666483,1.15039,1.69999999999989
False,,5762,4,2025-07-30 12:45:00+00:00,xs_momentum,1.14722,0.0,0.0533,tp_sl,WIN,SELL,1.14997,2.2472677595628214,1.14443,1.375
False,,5772,6,2025-07-30 15:15:00+00:00,xs_momentum,1.14784,0.0,0.055,tp_sl,WIN,SELL,1.1504,2.2514619883040403,1.14522,1.378
True,,5835,1,2025-07-31 07:00:00+00:00,dt_bb_rsi_mr,1.14556,0.0,0.0677,tp_sl,WIN,SELL,1.14652,1.0000000000000748,1.1444,1.2000000000000437
False,,5838,2,2025-07-31 07:45:00+00:00,dt_fib_reversal,1.1448,0.0,0.0607,tp_sl,WIN,SELL,1.14676,1.8380062305296,1.14279,1.125
False,,5843,4,2025-07-31 09:00:00+00:00,session_time_bias,1.14434,0.0,0.0602,tp_sl,WIN,SELL,1.14615,1.6743827160494553,1.14217,1.206
False,,5852,4,2025-07-31 11:15:00+00:00,session_time_bias,1.14386,0.0,0.0625,tp_sl,WIN,SELL,1.1456,1.6666666666664833,1.14179,1.2
False,,5858,1,2025-07-31 12:45:00+00:00,session_time_bias,1.14275,0.0,0.0596,tp_sl,WIN,SELL,1.14519,2.2400611620793147,1.13982,1.613
False,2.0,5862,2,2025-07-31 13:45:00+00:00,session_time_bias,1.14108,0.0,0.0555,tp_sl,LOSS,SELL,1.14296,1.666666666666778,1.13882,2.0000000000001337
True,,5867,2,2025-07-31 15:00:00+00:00,dt_bb_rsi_mr,1.14442,0.0,0.0523,tp_sl,WIN,SELL,1.1456,0.9842013888888835,1.143,1.1810416666666972
False,,5871,8,2025-07-31 16:00:00+00:00,london_fix_reversal,1.14258,0.0,0.0545,tp_sl,WIN,SELL,1.14412,1.2500000000001557,1.14101,0.765
False,,5932,1,2025-08-01 07:15:00+00:00,dt_fib_reversal,1.14281,0.0,0.0783,tp_sl,WIN,SELL,1.14431,1.8172690763053552,1.14127,1.8536144578314568
False,,5935,4,2025-08-01 08:00:00+00:00,trendline_sweep,1.14142,0.0,0.0756,tp_sl,WIN,SELL,1.14528,4.48643410852709,1.13749,2.746
False,,5941,3,2025-08-01 09:30:00+00:00,session_time_bias,1.13993,0.0,0.073,tp_sl,LOSS,SELL,1.14142,1.6666666666668575,1.13815,2.0000000000001292
False,,5948,1,2025-08-01 11:15:00+00:00,trendline_sweep,1.14108,0.0,0.0677,tp_sl,WIN,SELL,1.14308,2.0920138888889475,1.13903,1.28
False,2.0,5952,1,2025-08-01 12:15:00+00:00,session_time_bias,1.13969,0.0,0.0663,tp_sl,LOSS,SELL,1.14132,1.6666666666667098,1.13773,1.9999999999999611
False,,5957,13,2025-08-01 13:30:00+00:00,session_time_bias,1.15664,0.0,0.0299,tp_sl,WIN,SELL,1.16136,2.2499999999999374,1.15097,1.62
False,,6027,1,2025-08-04 07:00:00+00:00,squeeze_release_momentum,1.15654,0.0,0.0637,tp_sl,WIN,SELL,1.15807,1.5000000000000306,1.15437,1.275
False,,6031,3,2025-08-04 08:00:00+00:00,session_time_bias,1.15612,0.0,0.0619,tp_sl,WIN,SELL,1.15791,1.7063492063491772,1.15397,1.229
False,,6038,3,2025-08-04 09:45:00+00:00,session_time_bias,1.15637,0.0,0.0619,tp_sl,WIN,SELL,1.15812,1.666666666666589,1.15427,1.2
False,,6044,2,2025-08-04 11:15:00+00:00,session_time_bias,1.1579,0.0,0.0613,tp_sl,WIN,SELL,1.15968,1.67452830188687,1.15577,1.206
False,,6050,7,2025-08-04 12:45:00+00:00,session_time_bias,1.15743,0.0,0.056,tp_sl,WIN,SELL,1.15937,1.6666666666666745,1.15511,1.2
False,,6064,4,2025-08-04 16:15:00+00:00,london_fix_reversal,1.1565,0.0,0.0528,tp_sl,WIN,BUY,1.15459,1.5026246719158887,1.15844,0.92
False,,6124,1,2025-08-05 07:15:00+00:00,post_news_vol,1.15603,0.0,0.0855,signal_reverse,LOSS,BUY,1.15412,1.921,1.15797,1.921
False,,6127,1,2025-08-05 08:00:00+00:00,session_time_bias,1.1542,0.0,0.073,tp_sl,WIN,SELL,1.15568,1.657303370786397,1.15244,1.193
False,,6131,1,2025-08-05 09:00:00+00:00,dt_sr_channel_reversal,1.15385,0.0,0.0714,signal_reverse,LOSS,BUY,1.15236,0.011,1.15536,0.011
False,,6134,1,2025-08-05 09:45:00+00:00,wick_imbalance_reversion,1.15426,0.0,0.073,signal_reverse,LOSS,BUY,1.15226,1.011,1.15629,1.011
False,,6139,1,2025-08-05 11:00:00+00:00,trendline_sweep,1.15382,0.0,0.0739,tp_sl,WIN,SELL,1.15564,2.0738636363638494,1.15195,1.269
False,,6143,1,2025-08-05 12:00:00+00:00,intraday_seasonality,1.15403,0.0,0.0677,tp_sl,WIN,SELL,1.15618,2.2482638888888147,1.15182,1.376
False,,6146,2,2025-08-05 12:45:00+00:00,session_time_bias,1.15366,0.0,0.065,tp_sl,LOSS,SELL,1.15532,1.6666666666667052,1.15166,2.0000000000000018
False,,6150,1,2025-08-05 13:45:00+00:00,trendline_sweep,1.1542,0.0,0.0598,tp_sl,WIN,SELL,1.15661,2.2936507936508055,1.15174,1.404
False,,6155,2,2025-08-05 15:00:00+00:00,liquidity_sweep,1.15786,0.0,0.0494,signal_reverse,WIN,BUY,1.1513,5.170603674540637,1.16456,0.019
False,,6159,1,2025-08-05 16:00:00+00:00,xs_momentum,1.1585,0.0,0.0568,signal_reverse,LOSS,BUY,1.15586,0.393,1.16119,0.393
False,,6224,4,2025-08-06 08:15:00+00:00,session_time_bias,1.15715,0.0,0.0929,tp_sl,LOSS,SELL,1.15832,1.666666666666483,1.15576,1.9999999999997797
False,,6232,1,2025-08-06 10:15:00+00:00,session_time_bias,1.15956,0.0,0.0747,signal_reverse,LOSS,SELL,1.16152,1.402,1.15719,1.402
False,,6235,4,2025-08-06 11:00:00+00:00,session_time_bias,1.16058,0.0,0.0714,signal_reverse,WIN,SELL,1.16263,2.2435897435895575,1.15814,0.044
False,,6241,1,2025-08-06 12:30:00+00:00,xs_momentum,1.16101,0.0,0.073,tp_sl,WIN,BUY,1.15953,1.6573033707866462,1.16251,1.6904494382022694
False,,6246,6,2025-08-06 13:45:00+00:00,xs_momentum,1.16356,0.0,0.0592,tp_sl,WIN,BUY,1.1618,1.6588050314465153,1.16536,1.015
False,,6254,10,2025-08-06 15:45:00+00:00,xs_momentum,1.1647,0.0,0.0527,tp_sl,WIN,BUY,1.16202,2.2549019607843452,1.16744,1.38
False,,6320,4,2025-08-07 08:15:00+00:00,orb_trap,1.1677,0.0,0.0774,signal_reverse,LOSS,SELL,1.17123,0.226,1.16411,0.226
False,,6326,1,2025-08-07 09:45:00+00:00,sr_fib_confluence,1.16712,0.0,0.0774,signal_reverse,LOSS,BUY,1.16582,1.107,1.16846,1.107
False,,6329,1,2025-08-07 10:30:00+00:00,sr_fib_confluence,1.16661,0.0,0.0813,tp_sl,WIN,SELL,1.16781,1.5000000000001124,1.16538,1.5300000000001424
False,,6332,1,2025-08-07 11:15:00+00:00,sr_fib_confluence,1.16535,0.0,0.0707,tp_sl,WIN,SELL,1.16705,1.8478260869565595,1.16362,1.131
False,,6335,1,2025-08-07 12:00:00+00:00,xs_momentum,1.16393,0.0,0.065,tp_sl,LOSS,SELL,1.16559,1.6666666666667052,1.16223,1.7000000000000348
True,,6338,1,2025-08-07 12:45:00+00:00,dt_sr_channel_reversal,1.16517,0.0,0.0591,tp_sl,LOSS,BUY,1.16447,0.6325757575757636,1.166,0.7590909090908355
False,,6341,1,2025-08-07 13:30:00+00:00,xs_momentum,1.16492,0.0,0.0532,tp_sl,WIN,SELL,1.16689,1.6737288135593729,1.1629,1.7072033898305339
False,,6344,2,2025-08-07 14:15:00+00:00,xs_momentum,1.16223,0.0,0.0472,tp_sl,WIN,SELL,1.16523,2.2556390977444463,1.15917,1.38
False,,6348,2,2025-08-07 15:15:00+00:00,wick_imbalance_reversion,1.16337,0.0,0.0479,signal_reverse,WIN,BUY,1.16109,1.7430025445293245,1.1657,0.286
False,,6352,8,2025-08-07 16:15:00+00:00,sr_fib_confluence,1.16423,0.0,0.0573,tp_sl,WIN,SELL,1.16609,1.5883190883192455,1.16234,1.6200854700855127
False,,6414,1,2025-08-08 07:45:00+00:00,session_time_bias,1.1658,0.0,0.089,tp_sl,WIN,SELL,1.16703,1.6780821917808653,1.16433,1.208
False,,6417,2,2025-08-08 08:30:00+00:00,session_time_bias,1.16447,0.0,0.0823,tp_sl,WIN,SELL,1.16625,2.2573839662446176,1.16233,1.625
False,,6421,4,2025-08-08 09:30:00+00:00,sr_fib_confluence,1.16366,0.0,0.0793,tp_sl,WIN,SELL,1.16514,1.7987804878050184,1.16216,1.101
False,,6427,11,2025-08-08 11:00:00+00:00,sr_fib_confluence,1.16413,0.0,0.0774,tp_sl,LOSS,SELL,1.16559,1.746031746031818,1.16263,1.7809523809523116
False,,6443,23,2025-08-08 15:00:00+00:00,sr_anti_hunt_bounce,1.16614,0.0,0.069,signal_reverse,LOSS,BUY,1.15908,1.643,1.17334,1.643
False,,6507,1,2025-08-11 07:00:00+00:00,sr_fib_confluence,1.16595,0.0,0.114,tp_sl,LOSS,BUY,1.16498,1.6959064327487408,1.16693,1.7298245614033885
False,,6511,3,2025-08-11 08:00:00+00:00,dt_fib_reversal,1.16522,0.0,0.1048,tp_sl,WIN,BUY,1.16422,1.626344086021774,1.16625,0.995
False,,6516,7,2025-08-11 09:15:00+00:00,session_time_bias,1.16419,0.0,0.0956,tp_sl,WIN,SELL,1.1657,2.2303921568626626,1.16237,1.606
False,,6525,1,2025-08-11 11:30:00+00:00,session_time_bias,1.16278,0.0,0.0855,tp_sl,WIN,SELL,1.16405,1.666666666666483,1.16126,1.2
False,,6529,5,2025-08-11 12:30:00+00:00,xs_momentum,1.16176,0.0,0.0774,tp_sl,WIN,SELL,1.16316,1.666666666666483,1.16034,1.699999999999982
False,,6536,3,2025-08-11 14:15:00+00:00,xs_momentum,1.16014,0.0,0.0675,tp_sl,WIN,SELL,1.16169,1.6666666666666023,1.15856,1.02
False,1.768,6545,15,2025-08-11 16:30:00+00:00,xs_momentum,1.16022,0.0,0.0728,tp_sl,LOSS,SELL,1.16176,1.666666666666483,1.15866,1.69999999999989
False,,6606,2,2025-08-12 07:45:00+00:00,session_time_bias,1.16196,0.0,0.089,tp_sl,WIN,SELL,1.16318,1.666666666666331,1.16051,1.2
False,,6610,1,2025-08-12 08:45:00+00:00,session_time_bias,1.16131,0.0,0.0915,tp_sl,WIN,SELL,1.1625,1.6784037558682816,1.15988,1.208
False,2.712,6613,11,2025-08-12 09:30:00+00:00,session_time_bias,1.1602,0.0,0.089,tp_sl,LOSS,SELL,1.16185,2.260273972602643,1.15823,2.7123287671231107
False,,6626,1,2025-08-12 12:45:00+00:00,session_time_bias,1.16412,0.0,0.0575,signal_reverse,WIN,SELL,1.16666,2.256637168141443,1.16106,1.566
False,,6629,6,2025-08-12 13:30:00+00:00,post_news_vol,1.16532,0.0,0.0442,tp_sl,WIN,BUY,1.15722,5.704225352112673,1.17358,3.491
False,1.685,6637,1,2025-08-12 15:30:00+00:00,xs_momentum,1.16952,0.0,0.0397,tp_sl,LOSS,BUY,1.16689,1.6666666666666237,1.17221,1.6999999999999786
False,,6640,15,2025-08-12 16:15:00+00:00,xs_momentum,1.16803,0.0,0.0421,signal_reverse,LOSS,BUY,1.16539,0.38,1.17072,0.38
False,,6703,1,2025-08-13 08:00:00+00:00,post_news_vol,1.17135,0.0,0.0823,tp_sl,WIN,BUY,1.1683,3.850210970464062,1.17445,2.356
False,,6715,3,2025-08-13 11:00:00+00:00,sr_fib_confluence,1.17111,0.0,0.0802,tp_sl,WIN,BUY,1.16974,1.6872427983537237,1.1725,1.033
False,,6721,1,2025-08-13 12:30:00+00:00,sr_fib_confluence,1.17057,0.0,0.0765,tp_sl,LOSS,BUY,1.16937,1.4019607843137671,1.17178,1.4300000000000423
False,,6727,1,2025-08-13 14:00:00+00:00,intraday_seasonality,1.1709,0.0,0.0705,tp_sl,WIN,BUY,1.16889,2.256554307115919,1.17295,1.381
False,1.713,6730,11,2025-08-13 14:45:00+00:00,intraday_seasonality,1.17196,0.0,0.0675,tp_sl,LOSS,BUY,1.17045,1.6308243727597964,1.17351,1.6634408602150161
False,,6795,3,2025-08-14 07:00:00+00:00,wick_imbalance_reversion,1.16897,0.0,0.0903,tp_sl,LOSS,BUY,1.16759,1.9212962962962388,1.17039,1.959722222222293
False,,6801,1,2025-08-14 08:30:00+00:00,doji_breakout,1.16775,0.0,0.0833,tp_sl,WIN,BUY,1.16659,1.495726495726331,1.16894,0.915
False,,6805,2,2025-08-14 09:30:00+00:00,htf_false_breakout,1.16836,0.0,0.0783,tp_sl,WIN,BUY,1.16531,3.6847389558233554,1.17148,2.255
False,,6825,1,2025-08-14 14:30:00+00:00,xs_momentum,1.16595,0.0,0.0541,tp_sl,WIN,SELL,1.16856,2.2485632183907964,1.16329,1.376
False,,6828,2,2025-08-14 15:15:00+00:00,xs_momentum,1.16495,0.0,0.0536,tp_sl,WIN,SELL,1.16759,2.2578347578347464,1.16225,1.382
False,,6832,1,2025-08-14 16:15:00+00:00,dt_sr_channel_reversal,1.1639,0.0,0.0558,signal_reverse,LOSS,BUY,1.1618,0.445,1.16604,0.445
False,,6906,4,2025-08-15 10:45:00+00:00,lin_reg_channel,1.16865,0.0,0.097,tp_sl,WIN,BUY,1.16765,1.5049751243780265,1.16968,0.921
False,,6913,4,2025-08-15 12:30:00+00:00,xs_momentum,1.16955,0.0,0.0774,tp_sl,WIN,BUY,1.16764,2.271825396825477,1.17149,1.39
False,,6921,24,2025-08-15 14:30:00+00:00,xs_momentum,1.17149,0.0,0.0603,tp_sl,LOSS,BUY,1.16975,1.6746794871793562,1.17327,1.7081730769229306
False,,7001,1,2025-08-18 10:30:00+00:00,dt_sr_channel_reversal,1.16806,0.0,0.0833,tp_sl,WIN,BUY,1.1669,1.495726495726331,1.16925,0.915
False,,7013,4,2025-08-18 13:30:00+00:00,dual_sr_bounce,1.16753,0.0,0.0784,tp_sl,WIN,SELL,1.16879,1.5729166666667016,1.16624,1.6043749999999912
False,,7021,1,2025-08-18 15:30:00+00:00,orb_trap,1.16708,0.0,0.0765,signal_reverse,LOSS,BUY,1.16509,0.665,1.16911,0.665
False,,7024,4,2025-08-18 16:15:00+00:00,xs_momentum,1.1665,0.0,0.0848,tp_sl,WIN,SELL,1.16827,2.2362869198312585,1.1647,1.369
False,,7083,3,2025-08-19 07:00:00+00:00,intraday_seasonality,1.16752,0.0,0.089,tp_sl,WIN,BUY,1.16628,1.6894977168947911,1.16877,1.034
False,,7089,5,2025-08-19 08:30:00+00:00,session_time_bias,1.16734,0.0,0.0878,signal_reverse,LOSS,SELL,1.16858,1.378,1.16585,1.378
False,,7107,1,2025-08-19 13:00:00+00:00,sr_fib_confluence,1.16716,0.0,0.0815,tp_sl,WIN,BUY,1.16582,1.7424242424244112,1.16853,1.066
False,,7110,2,2025-08-19 13:45:00+00:00,ema200_trend_reversal,1.16761,0.0,0.0804,tp_sl,LOSS,BUY,1.16649,1.442307692307747,1.16876,1.4711538461539475
False,,7114,2,2025-08-19 14:45:00+00:00,sr_fib_confluence,1.16715,0.0,0.0775,tp_sl,WIN,SELL,1.16856,1.7489711934155825,1.1657,1.07
False,,7118,10,2025-08-19 15:45:00+00:00,trendline_sweep,1.16575,0.0,0.0738,tp_sl,WIN,SELL,1.16869,3.4607843137254357,1.16275,2.118
False,,7181,3,2025-08-20 07:30:00+00:00,session_time_bias,1.16395,0.0,0.0844,tp_sl,WIN,SELL,1.16524,1.6774891774894976,1.16239,1.208
False,,7193,5,2025-08-20 10:30:00+00:00,session_time_bias,1.16468,0.0,0.0823,tp_sl,WIN,SELL,1.166,1.6666666666669048,1.1631,1.2
False,,7203,1,2025-08-20 13:00:00+00:00,session_time_bias,1.16643,0.0,0.073,signal_reverse,LOSS,SELL,1.16836,0.774,1.16411,0.774
False,,7206,3,2025-08-20 13:45:00+00:00,session_time_bias,1.1658,0.0,0.069,tp_sl,WIN,SELL,1.16784,2.2435897435898013,1.16335,1.615
False,1.585,7212,1,2025-08-20 15:15:00+00:00,london_ny_swing,1.16624,0.0,0.069,tp_sl,LOSS,BUY,1.16488,1.5018315018315804,1.16764,1.5318681318682608
False,1.859,7215,6,2025-08-20 16:00:00+00:00,ema200_trend_reversal,1.16532,0.0,0.0728,tp_sl,LOSS,SELL,1.16675,1.5489130434780298,1.16387,1.5798913043478222
False,2.243,7276,1,2025-08-21 07:15:00+00:00,sr_fib_confluence,1.16427,0.0,0.0929,tp_sl,LOSS,SELL,1.16557,1.8690476190478098,1.16293,1.9064285714285947
False,,7279,12,2025-08-21 08:00:00+00:00,session_time_bias,1.16522,0.0,0.0833,tp_sl,LOSS,SELL,1.16697,2.2542735042734696,1.16311,2.7051282051282772
False,,7293,3,2025-08-21 11:30:00+00:00,session_time_bias,1.16444,0.0,0.0878,tp_sl,WIN,SELL,1.16568,1.666666666666483,1.16297,1.2
False,,7301,1,2025-08-21 13:30:00+00:00,session_time_bias,1.16344,0.0,0.073,tp_sl,WIN,SELL,1.16537,2.2480620155038866,1.16112,1.619
False,,7304,2,2025-08-21 14:15:00+00:00,xs_momentum,1.16195,0.0,0.0647,tp_sl,WIN,SELL,1.16356,1.6666666666668264,1.1603,1.700000000000012
False,,7309,5,2025-08-21 15:30:00+00:00,xs_momentum,1.1613,0.0,0.0532,tp_sl,WIN,SELL,1.16326,1.6596045197739695,1.1593,1.016
False,,7372,12,2025-08-22 07:15:00+00:00,lin_reg_channel,1.15952,0.0,0.089,tp_sl,LOSS,SELL,1.16047,1.2899543378994773,1.15856,1.3157534246574243
False,2.0,7388,2,2025-08-22 11:15:00+00:00,session_time_bias,1.1596,0.0,0.0929,tp_sl,LOSS,SELL,1.16077,1.6666666666668004,1.1582,2.000000000000097
False,,7393,4,2025-08-22 12:30:00+00:00,session_time_bias,1.16074,0.0,0.0956,tp_sl,WIN,SELL,1.16228,2.2671568627452565,1.15888,1.632
False,,7402,1,2025-08-22 14:45:00+00:00,xs_momentum,1.1718,0.0,0.0418,tp_sl,WIN,BUY,1.1693,1.6666666666666312,1.17435,1.02
False,,7407,10,2025-08-22 16:00:00+00:00,xs_momentum,1.17214,0.0,0.0462,tp_sl,WIN,BUY,1.16971,1.6724137931033791,1.17461,1.024
True,,7481,3,2025-08-25 10:30:00+00:00,dt_bb_rsi_mr,1.16875,0.0,0.0903,tp_sl,WIN,BUY,1.16803,1.0000000000000748,1.16962,1.1999999999999664
False,1.712,7495,2,2025-08-25 14:00:00+00:00,ema_cross,1.17035,0.0,0.0794,tp_sl,LOSS,BUY,1.16908,1.6139240506328039,1.17165,1.646202531645477
False,,7563,1,2025-08-26 07:00:00+00:00,ema_cross,1.16107,0.0,0.0644,tp_sl,LOSS,SELL,1.16276,1.6749174917491552,1.15934,1.7084158415842043
False,,7566,1,2025-08-26 07:45:00+00:00,session_time_bias,1.1621,0.0,0.0613,tp_sl,WIN,SELL,1.16449,2.2484276729560415,1.15924,1.619
False,2.0,7573,7,2025-08-26 09:30:00+00:00,session_time_bias,1.16339,0.0,0.0607,tp_sl,LOSS,SELL,1.16518,1.6666666666667944,1.16125,2.000000000000029
False,,7582,4,2025-08-26 11:45:00+00:00,session_time_bias,1.16525,0.0,0.0657,tp_sl,WIN,SELL,1.16747,2.2390572390571046,1.1626,1.612
False,,7588,17,2025-08-26 13:15:00+00:00,session_time_bias,1.16443,0.0,0.0654,tp_sl,LOSS,SELL,1.1666,2.2656250000000395,1.16182,2.7187500000000013
False,,7659,1,2025-08-27 07:00:00+00:00,adx_trend_continuation,1.16102,0.0,0.0956,tp_sl,WIN,SELL,1.16347,3.5906862745098165,1.15853,2.198
False,,7680,1,2025-08-27 12:15:00+00:00,xs_momentum,1.15922,0.0,0.0783,tp_sl,WIN,SELL,1.1606,1.6566265060239809,1.15782,1.014
False,,7684,1,2025-08-27 13:15:00+00:00,lin_reg_channel,1.15932,0.0,0.0697,tp_sl,WIN,SELL,1.16053,1.3518518518518263,1.15808,0.827
False,,7687,2,2025-08-27 14:00:00+00:00,lin_reg_channel,1.15917,0.0,0.0628,tp_sl,WIN,SELL,1.16067,1.5000000000000568,1.15764,0.918
False,,7757,1,2025-08-28 07:30:00+00:00,session_time_bias,1.1639,0.0,0.0942,tp_sl,WIN,SELL,1.16505,1.6787439613527135,1.16251,1.209
False,2.349,7760,4,2025-08-28 08:15:00+00:00,session_time_bias,1.16318,0.0,0.0855,tp_sl,LOSS,SELL,1.16489,2.2478070175439773,1.16113,2.6973684210527726
False,2.013,7766,1,2025-08-28 09:45:00+00:00,session_time_bias,1.16478,0.0,0.0844,tp_sl,LOSS,SELL,1.16608,1.6774891774892091,1.16323,2.012987012987224
False,,7775,1,2025-08-28 12:00:00+00:00,xs_momentum,1.16752,0.0,0.0707,tp_sl,WIN,BUY,1.16599,1.6666666666667245,1.16909,1.02
False,,7779,2,2025-08-28 13:00:00+00:00,sr_fib_confluence,1.16655,0.0,0.056,tp_sl,WIN,BUY,1.16434,1.9717261904762213,1.16881,1.207
False,,7783,15,2025-08-28 14:00:00+00:00,xs_momentum,1.16844,0.0,0.0523,tp_sl,WIN,BUY,1.16573,2.2638888888889173,1.17121,1.386
False,1.453,7858,8,2025-08-29 08:45:00+00:00,sr_fib_confluence,1.16762,0.0,0.0765,tp_sl,LOSS,BUY,1.16646,1.3725490196076922,1.16881,1.3999999999997674
False,,7868,2,2025-08-29 11:15:00+00:00,dual_sr_bounce,1.16626,0.0,0.0855,tp_sl,WIN,SELL,1.16721,1.2500000000000084,1.16529,1.2749999999999968
True,,7873,1,2025-08-29 12:30:00+00:00,dt_bb_rsi_mr,1.16565,0.0,0.0813,tp_sl,WIN,BUY,1.16484,1.0000000000001674,1.16661,0.72
False,,7876,1,2025-08-29 13:15:00+00:00,ema200_trend_reversal,1.16626,0.0,0.0738,tp_sl,WIN,BUY,1.16475,1.7843137254903916,1.16781,1.092
False,1.946,7882,23,2025-08-29 14:45:00+00:00,xs_momentum,1.17048,0.0,0.0586,tp_sl,LOSS,BUY,1.16869,1.6744548286604073,1.17231,1.7079439252335242
False,,7959,3,2025-09-01 10:00:00+00:00,lin_reg_channel,1.17213,0.0,0.0855,tp_sl,WIN,BUY,1.17098,1.5021929824560478,1.17329,0.919
False,,7964,3,2025-09-01 11:15:00+00:00,adx_trend_continuation,1.17264,0.0,0.089,tp_sl,LOSS,BUY,1.17099,2.2602739726029473,1.17433,2.305479452054933
False,,7972,10,2025-09-01 13:15:00+00:00,dt_fib_reversal,1.17108,0.0,0.0848,tp_sl,LOSS,BUY,1.16984,1.677927927927818,1.17235,1.7114864864865666
False,,7984,12,2025-09-01 16:15:00+00:00,london_fix_reversal,1.17034,0.0,0.1,tp_sl,WIN,BUY,1.1695,1.2562189054725812,1.1712,1.2813432835819003
False,,8046,1,2025-09-02 07:45:00+00:00,trendline_sweep,1.16453,0.0,0.0663,tp_sl,WIN,SELL,1.17413,9.795918367346992,1.15473,5.995
False,,8050,1,2025-09-02 08:45:00+00:00,post_news_vol,1.1644,0.0,0.0575,tp_sl,WIN,SELL,1.16941,4.432153392330534,1.1593,2.712
False,,8053,2,2025-09-02 09:30:00+00:00,dt_sr_channel_reversal,1.16321,0.0,0.0556,tp_sl,WIN,BUY,1.16091,1.965811965811939,1.16555,1.203
False,,8057,3,2025-09-02 10:30:00+00:00,dt_sr_channel_reversal,1.16318,0.0,0.0556,tp_sl,WIN,BUY,1.16104,1.8233618233618123,1.16535,1.116
False,,8062,1,2025-09-02 11:45:00+00:00,doji_breakout,1.16465,0.0,0.057,signal_reverse,LOSS,BUY,1.16107,1.877,1.16831,1.877
False,,8065,2,2025-09-02 12:30:00+00:00,xs_momentum,1.16189,0.0,0.0528,tp_sl,LOSS,SELL,1.16394,1.6734417344172954,1.15979,1.7069105691056268
False,,8069,1,2025-09-02 13:30:00+00:00,post_news_vol,1.1647,0.0,0.0494,tp_sl,WIN,BUY,1.15941,4.166666666666513,1.1701,2.55
False,,8072,6,2025-09-02 14:15:00+00:00,sr_fib_confluence,1.16731,0.0,0.0458,tp_sl,LOSS,BUY,1.16503,1.6666666666665642,1.16964,1.7000000000000188
False,,8139,1,2025-09-03 07:00:00+00:00,sr_anti_hunt_bounce,1.16294,0.0,0.1032,tp_sl,WIN,SELL,1.16933,10.14550264550285,1.15642,6.209
False,,8145,20,2025-09-03 08:30:00+00:00,session_time_bias,1.16451,0.0,0.0722,tp_sl,LOSS,SELL,1.16654,2.250000000000184,1.16208,2.7000000000001716
False,,8238,5,2025-09-04 07:45:00+00:00,session_time_bias,1.16492,0.0,0.097,tp_sl,WIN,SELL,1.16604,1.6666666666666488,1.16358,1.2
False,,8246,10,2025-09-04 09:45:00+00:00,session_time_bias,1.16421,0.0,0.0833,tp_sl,WIN,SELL,1.16597,2.254273504273185,1.16211,1.623
False,,8259,12,2025-09-04 13:00:00+00:00,session_time_bias,1.16379,0.0,0.0609,tp_sl,LOSS,SELL,1.16611,2.2572815533981867,1.161,2.708737864077738
False,,8331,2,2025-09-05 07:00:00+00:00,lin_reg_channel,1.16721,0.0,0.1102,tp_sl,WIN,BUY,1.16647,1.2500000000000975,1.16796,0.765
False,,8351,1,2025-09-05 12:00:00+00:00,xs_momentum,1.16997,0.0,0.0844,tp_sl,WIN,BUY,1.16869,1.6666666666666274,1.17128,1.7000000000000062
False,,8354,1,2025-09-05 12:45:00+00:00,xs_momentum,1.17346,0.0,0.056,tp_sl,LOSS,BUY,1.17152,1.6738505747125072,1.17545,1.7073275862068453
False,,8357,1,2025-09-05 13:30:00+00:00,xs_momentum,1.17351,0.0,0.0475,tp_sl,WIN,BUY,1.1713,1.672979797979824,1.17577,1.706439393939387
False,,8362,3,2025-09-05 14:45:00+00:00,xs_momentum,1.17366,0.0,0.0445,tp_sl,WIN,BUY,1.17131,1.6666666666667194,1.17606,1.02
False,,8432,16,2025-09-08 08:15:00+00:00,sr_fib_confluence,1.17292,0.0,0.0802,tp_sl,WIN,BUY,1.17139,1.8930041152264032,1.17449,1.159
False,,8452,19,2025-09-08 13:15:00+00:00,xs_momentum,1.1751,0.0,0.073,tp_sl,LOSS,BUY,1.17317,2.2480620155038866,1.17707,2.293023255813794
False,,8529,1,2025-09-09 08:30:00+00:00,orb_trap,1.17592,0.0,0.0747,tp_sl,WIN,BUY,1.1739,2.3180076628353765,1.17797,1.419
False,,8546,2,2025-09-09 12:45:00+00:00,wick_imbalance_reversion,1.17379,0.0,0.0739,tp_sl,WIN,BUY,1.17215,1.865530303030413,1.17547,1.142
False,,8550,2,2025-09-09 13:45:00+00:00,ema200_trend_reversal,1.17417,0.0,0.0705,tp_sl,LOSS,BUY,1.17264,1.7228464419476255,1.17574,1.7573033707866528
False,,8556,11,2025-09-09 15:15:00+00:00,dt_bb_rsi_mr,1.17248,0.0,0.056,tp_sl,LOSS,BUY,1.17047,1.7931547619048125,1.17453,1.829017857142964
False,,8620,2,2025-09-10 07:15:00+00:00,wick_imbalance_reversion,1.17044,0.0,0.0747,signal_reverse,LOSS,BUY,1.16848,0.414,1.17245,0.414
False,1.815,8624,3,2025-09-10 08:15:00+00:00,session_time_bias,1.16918,0.0,0.073,tp_sl,LOSS,SELL,1.17067,1.666666666666608,1.16741,1.9999999999998797
False,,8629,3,2025-09-10 09:30:00+00:00,sr_fib_confluence,1.17107,0.0,0.0765,tp_sl,WIN,SELL,1.1724,1.5686274509804807,1.1697,1.600000000000033
False,,8634,6,2025-09-10 10:45:00+00:00,session_time_bias,1.16996,0.0,0.0783,tp_sl,WIN,SELL,1.17135,1.6666666666666168,1.1683,1.2
False,,8642,2,2025-09-10 12:45:00+00:00,session_time_bias,1.16996,0.0,0.058,signal_reverse,LOSS,SELL,1.17184,1.884,1.16772,1.884
False,,8646,2,2025-09-10 13:45:00+00:00,session_time_bias,1.17192,0.0,0.0555,signal_reverse,LOSS,SELL,1.17445,0.669,1.16888,0.669
False,1.672,8650,5,2025-09-10 14:45:00+00:00,xs_momentum,1.17281,0.0,0.056,tp_sl,LOSS,BUY,1.17095,1.6666666666666816,1.17472,1.7000000000001143
False,1.55,8657,11,2025-09-10 16:30:00+00:00,sr_fib_confluence,1.17089,0.0,0.0713,tp_sl,LOSS,BUY,1.16948,1.498226950354504,1.17232,1.528191489361769
False,,8716,8,2025-09-11 07:15:00+00:00,trendline_sweep,1.16895,0.0,0.097,tp_sl,WIN,SELL,1.17034,2.08955223880574,1.16752,1.279
False,,8728,3,2025-09-11 10:15:00+00:00,htf_false_breakout,1.16867,0.0,0.097,signal_reverse,LOSS,BUY,1.16747,0.418,1.16989,0.418
False,,8733,2,2025-09-11 11:30:00+00:00,adx_trend_continuation,1.16804,0.0,0.0915,tp_sl,LOSS,SELL,1.16952,2.0774647887322435,1.16654,2.119014084506757
False,,8738,1,2025-09-11 12:45:00+00:00,xs_momentum,1.17158,0.0,0.0474,tp_sl,WIN,BUY,1.16929,1.6666666666667262,1.1739,1.02
False,,8741,12,2025-09-11 13:30:00+00:00,post_news_vol,1.17343,0.0,0.0421,tp_sl,LOSS,BUY,1.16128,8.154362416107453,1.18583,8.317449664429596
False,,8814,1,2025-09-12 07:45:00+00:00,orb_trap,1.17409,0.0,0.0985,tp_sl,LOSS,BUY,1.17299,1.6792929292928285,1.17523,1.712878787879008
False,,8817,5,2025-09-12 08:30:00+00:00,sr_fib_confluence,1.17216,0.0,0.0867,tp_sl,WIN,BUY,1.1707,1.9333333333335645,1.17363,1.183
False,,8834,4,2025-09-12 12:45:00+00:00,dt_sr_channel_reversal,1.17129,0.0,0.0774,tp_sl,WIN,BUY,1.16975,1.8353174603173241,1.17287,1.123
False,,8848,2,2025-09-12 16:15:00+00:00,london_fix_reversal,1.17205,0.0,0.0728,tp_sl,WIN,BUY,1.17044,1.7481884057972106,1.17369,1.07
False,,8907,1,2025-09-15 07:00:00+00:00,intraday_seasonality,1.17334,0.0,0.1102,tp_sl,LOSS,SELL,1.17433,1.6807909604520745,1.17232,1.7144067796609201
False,,8910,6,2025-09-15 07:45:00+00:00,inducement_ob,1.17327,0.0,0.1066,tp_sl,LOSS,SELL,1.17505,2.923497267759423,1.17145,2.981967213114415
False,,8918,1,2025-09-15 09:45:00+00:00,session_time_bias,1.17453,0.0,0.0929,tp_sl,LOSS,SELL,1.1761,2.2499999999998317,1.17264,2.6999999999999247
False,,8927,3,2025-09-15 12:00:00+00:00,xs_momentum,1.17656,0.0,0.0878,tp_sl,WIN,BUY,1.17531,1.677927927927818,1.17782,1.027
False,,8933,1,2025-09-15 13:30:00+00:00,xs_momentum,1.17662,0.0,0.0804,tp_sl,LOSS,BUY,1.17532,1.6666666666667678,1.17795,1.699999999999921
False,,8938,3,2025-09-15 14:45:00+00:00,xs_momentum,1.17583,0.0,0.0804,tp_sl,WIN,BUY,1.17453,1.6666666666667678,1.17716,1.699999999999921
False,,8945,4,2025-09-15 16:30:00+00:00,lin_reg_channel,1.17626,0.0,0.0848,tp_sl,WIN,BUY,1.17527,1.2499999999998974,1.17726,1.275000000000019
False,,9014,7,2025-09-16 09:45:00+00:00,intraday_seasonality,1.18141,0.0,0.0793,tp_sl,WIN,BUY,1.17956,2.2662601626015797,1.18331,1.387
False,,9025,2,2025-09-16 12:30:00+00:00,sr_fib_confluence,1.17989,0.0,0.065,tp_sl,WIN,BUY,1.178,1.891666666666847,1.18182,1.9295000000001394
False,,9030,1,2025-09-16 13:45:00+00:00,xs_momentum,1.18243,0.0,0.0586,tp_sl,WIN,BUY,1.18066,1.658878504672974,1.18424,1.6920560747665039
False,,9033,6,2025-09-16 14:30:00+00:00,xs_momentum,1.18463,0.0,0.056,tp_sl,WIN,BUY,1.18277,1.6592261904761565,1.18653,1.015
False,,9041,15,2025-09-16 16:30:00+00:00,xs_momentum,1.18704,0.0,0.0593,signal_reverse,LOSS,BUY,1.18515,0.738,1.18896,0.738
True,,9101,1,2025-09-17 07:30:00+00:00,dt_bb_rsi_mr,1.18446,0.0,0.1016,tp_sl,LOSS,BUY,1.184,0.7096354166666318,1.185,0.8515625000000275
False,,9104,1,2025-09-17 08:15:00+00:00,dt_fib_reversal,1.18457,0.0,0.1016,tp_sl,WIN,BUY,1.18345,1.7578125000000664,1.18572,1.076
False,1.77,9107,3,2025-09-17 09:00:00+00:00,intraday_seasonality,1.18461,0.0,0.1032,tp_sl,LOSS,BUY,1.18357,1.6534391534390593,1.18568,1.6865079365078828
True,,9112,4,2025-09-17 10:15:00+00:00,dt_bb_rsi_mr,1.18379,0.0,0.0942,tp_sl,WIN,BUY,1.1831,1.0000000000001152,1.18462,0.72
False,,9127,14,2025-09-17 14:00:00+00:00,ema_cross,1.18525,0.0,0.0837,tp_sl,LOSS,BUY,1.18379,1.9444444444444522,1.18674,1.9833333333331518
False,,9197,9,2025-09-18 07:30:00+00:00,sr_fib_confluence,1.18345,0.0,0.0619,tp_sl,WIN,BUY,1.18164,1.730158730158857,1.18531,1.059
False,1.368,9208,4,2025-09-18 10:15:00+00:00,sr_fib_confluence,1.18365,0.0,0.0637,tp_sl,LOSS,BUY,1.18237,1.2499999999999167,1.18495,1.274999999999928
False,,9223,5,2025-09-18 14:00:00+00:00,dt_sr_channel_reversal,1.17754,0.0,0.0479,tp_sl,WIN,BUY,1.17499,1.9465648854960536,1.18014,1.191
False,,9292,2,2025-09-19 07:15:00+00:00,wick_imbalance_reversion,1.17748,0.0,0.0739,signal_reverse,LOSS,BUY,1.17548,2.011,1.17951,2.011
False,,9296,12,2025-09-19 08:15:00+00:00,session_time_bias,1.17553,0.0,0.0677,tp_sl,WIN,SELL,1.17769,2.2482638888888147,1.17295,1.619
False,,9310,1,2025-09-19 11:45:00+00:00,session_time_bias,1.17362,0.0,0.0699,tp_sl,WIN,SELL,1.17516,1.65770609319008,1.17176,1.194
False,,9314,1,2025-09-19 12:45:00+00:00,xs_momentum,1.17353,0.0,0.0677,tp_sl,LOSS,SELL,1.17513,1.6579861111111018,1.17191,1.6911458333333331
False,,9317,3,2025-09-19 13:30:00+00:00,sr_fib_confluence,1.17524,0.0,0.0609,signal_reverse,LOSS,SELL,1.1769,1.287,1.17354,1.287
False,,9322,1,2025-09-19 14:45:00+00:00,sr_fib_confluence,1.17577,0.0,0.0609,signal_reverse,LOSS,BUY,1.17401,1.481,1.17757,1.481
False,,9326,3,2025-09-19 15:45:00+00:00,sr_fib_confluence,1.17514,0.0,0.0609,tp_sl,WIN,SELL,1.17689,1.6990291262135127,1.17335,1.04
False,1.801,9389,2,2025-09-22 07:30:00+00:00,session_time_bias,1.17505,0.0,0.089,tp_sl,LOSS,SELL,1.17626,1.6666666666666352,1.17359,2.000000000000023
False,1.788,9394,3,2025-09-22 08:45:00+00:00,session_time_bias,1.17617,0.0,0.0833,tp_sl,LOSS,SELL,1.17746,1.6559829059832218,1.17461,1.9871794871796953
False,,9407,6,2025-09-22 12:00:00+00:00,xs_momentum,1.17833,0.0,0.0802,tp_sl,LOSS,BUY,1.17698,1.6666666666666203,1.17971,1.6999999999999527
False,,9415,1,2025-09-22 14:00:00+00:00,intraday_seasonality,1.17686,0.0,0.0705,signal_reverse,LOSS,SELL,1.17832,0.107,1.17536,0.107
False,,9418,1,2025-09-22 14:45:00+00:00,intraday_seasonality,1.17692,0.0,0.0721,signal_reverse,LOSS,SELL,1.17837,0.443,1.17544,0.443
False,,9423,6,2025-09-22 16:00:00+00:00,xs_momentum,1.17836,0.0,0.0753,tp_sl,WIN,BUY,1.17688,1.657303370786397,1.17986,1.014
False,,9485,4,2025-09-23 07:30:00+00:00,dt_fib_reversal,1.17907,0.0,0.0793,tp_sl,WIN,BUY,1.17743,1.9918699186992384,1.18073,1.219
False,,9493,10,2025-09-23 09:30:00+00:00,intraday_seasonality,1.18037,0.0,0.0756,tp_sl,LOSS,BUY,1.17844,2.2480620155038866,1.18235,2.293023255813794
False,,9517,2,2025-09-23 15:30:00+00:00,dt_bb_rsi_mr,1.17922,0.0,0.073,tp_sl,WIN,BUY,1.17766,1.812015503875963,1.18109,1.305
False,1.951,9580,2,2025-09-24 07:15:00+00:00,dt_bb_rsi_mr,1.17893,0.0,0.0903,tp_sl,LOSS,BUY,1.17763,1.7939814814818236,1.18024,1.8298611111112255
False,,9585,4,2025-09-24 08:30:00+00:00,session_time_bias,1.17684,0.0,0.0833,tp_sl,WIN,SELL,1.17814,1.6666666666667678,1.17528,1.2
False,,9600,1,2025-09-24 12:15:00+00:00,xs_momentum,1.1751,0.0,0.0802,tp_sl,WIN,SELL,1.17645,1.6769547325103091,1.17371,1.026
False,,9603,1,2025-09-24 13:00:00+00:00,xs_momentum,1.17363,0.0,0.0765,tp_sl,WIN,SELL,1.17546,2.2357723577236017,1.17176,1.368
False,,9607,19,2025-09-24 14:00:00+00:00,xs_momentum,1.17354,0.0,0.0721,tp_sl,LOSS,SELL,1.17549,2.2413793103449637,1.17155,2.2862068965517452
False,,9675,2,2025-09-25 07:00:00+00:00,sr_fib_confluence,1.17429,0.0,0.1121,tp_sl,WIN,SELL,1.17533,1.7959770114941507,1.17322,1.8318965517240797
False,,9679,3,2025-09-25 08:00:00+00:00,sr_fib_confluence,1.17379,0.0,0.0956,tp_sl,LOSS,SELL,1.17495,1.7156862745096149,1.1726,1.7499999999997091
False,,9684,8,2025-09-25 09:15:00+00:00,trendline_sweep,1.17414,0.0,0.0855,tp_sl,WIN,SELL,1.17573,2.08333333333325,1.17253,1.275
False,,9694,2,2025-09-25 11:45:00+00:00,intraday_seasonality,1.17388,0.0,0.0878,tp_sl,WIN,SELL,1.17512,1.6891891891891533,1.1726,1.7229729729731582
False,,9698,4,2025-09-25 12:45:00+00:00,session_time_bias,1.16972,0.0,0.0625,tp_sl,WIN,SELL,1.17145,1.6666666666666967,1.16763,1.2
False,,9705,5,2025-09-25 14:30:00+00:00,xs_momentum,1.16809,0.0,0.057,tp_sl,WIN,SELL,1.17056,2.2500000000000044,1.16556,1.377
False,,9712,3,2025-09-25 16:15:00+00:00,xs_momentum,1.16791,0.0,0.0638,tp_sl,WIN,SELL,1.17028,2.253968253968429,1.1655,2.2990476190477507
False,,9773,12,2025-09-26 07:30:00+00:00,session_time_bias,1.16729,0.0,0.1,tp_sl,WIN,SELL,1.16876,2.2564102564103496,1.16553,1.625
False,,9790,1,2025-09-26 11:45:00+00:00,session_time_bias,1.16671,0.0,0.0915,tp_sl,LOSS,SELL,1.1679,1.6666666666666394,1.16529,1.9999999999999674
False,,9793,5,2025-09-26 12:30:00+00:00,session_time_bias,1.16768,0.0,0.0833,tp_sl,LOSS,SELL,1.16942,2.2329059829060927,1.16558,2.6794871794873685
True,,9800,1,2025-09-26 14:15:00+00:00,dt_sr_channel_reversal,1.16882,0.0,0.0661,tp_sl,LOSS,SELL,1.1695,0.7168859649123318,1.168,0.8602631578948449
False,,9804,7,2025-09-26 15:15:00+00:00,htf_false_breakout,1.16961,0.0,0.0598,tp_sl,WIN,SELL,1.17103,1.3571428571428663,1.16815,0.831
False,,9867,4,2025-09-29 07:00:00+00:00,adx_trend_continuation,1.173,0.0,0.0985,signal_reverse,LOSS,BUY,1.17124,2.545,1.17479,2.545
False,,9873,1,2025-09-29 08:30:00+00:00,orb_trap,1.17196,0.0,0.0813,signal_reverse,WIN,BUY,1.16981,2.6979166666668553,1.17417,0.125
False,,9877,7,2025-09-29 09:30:00+00:00,session_time_bias,1.17203,0.0,0.0844,tp_sl,WIN,SELL,1.17332,1.6666666666666274,1.1705,1.2
False,,9887,1,2025-09-29 12:00:00+00:00,session_time_bias,1.17239,0.0,0.0756,signal_reverse,LOSS,SELL,1.17382,1.5,1.17066,1.5
False,2.51,9890,8,2025-09-29 12:45:00+00:00,xs_momentum,1.17505,0.0,0.0644,tp_sl,LOSS,BUY,1.17277,2.2607260726071217,1.17738,2.305940594059431
False,,9900,4,2025-09-29 15:15:00+00:00,sr_fib_confluence,1.17329,0.0,0.0609,signal_reverse,LOSS,BUY,1.17201,0.724,1.17461,0.724
False,,9906,6,2025-09-29 16:45:00+00:00,sr_fib_confluence,1.17284,0.0,0.0761,tp_sl,WIN,SELL,1.17418,1.5151515151513482,1.17148,0.927
False,2.644,9965,3,2025-09-30 07:30:00+00:00,session_time_bias,1.174,0.0,0.0985,tp_sl,LOSS,SELL,1.17546,2.222222222222314,1.17224,2.666666666666642
False,1.946,9975,11,2025-09-30 10:00:00+00:00,sr_fib_confluence,1.1744,0.0,0.0878,tp_sl,LOSS,BUY,1.17319,1.6216216216217432,1.17562,1.654054054054208
False,,9988,1,2025-09-30 13:15:00+00:00,session_time_bias,1.17204,0.0,0.0738,tp_sl,LOSS,SELL,1.17346,1.6764705882353055,1.17033,2.011764705882471
False,,9993,12,2025-09-30 14:30:00+00:00,post_news_vol,1.17478,0.0,0.0609,tp_sl,WIN,BUY,1.17127,3.4061488673140254,1.17836,2.085
False,4.167,10059,1,2025-10-01 07:00:00+00:00,post_news_vol,1.17768,0.0,0.0833,tp_sl,LOSS,BUY,1.17498,3.4722222222221957,1.18045,3.5416666666666683
False,,10062,2,2025-10-01 07:45:00+00:00,sr_fib_confluence,1.175,0.0,0.0657,tp_sl,WIN,BUY,1.17294,2.0791245791247426,1.17709,1.272
False,,10066,4,2025-10-01 08:45:00+00:00,sr_fib_confluence,1.17495,0.0,0.0631,tp_sl,LOSS,BUY,1.17295,1.9498381877023199,1.177,1.9888349514564267
False,1.99,10074,5,2025-10-01 10:45:00+00:00,session_time_bias,1.17247,0.0,0.0625,tp_sl,LOSS,SELL,1.17419,1.6586538461538238,1.1704,1.9903846153846312
False,,10081,1,2025-10-01 12:30:00+00:00,sr_fib_confluence,1.17531,0.0,0.0492,signal_reverse,LOSS,SELL,1.17726,0.083,1.17331,0.083
False,,10084,5,2025-10-01 13:15:00+00:00,sr_fib_confluence,1.17542,0.0,0.0465,tp_sl,LOSS,BUY,1.17308,1.7345679012345823,1.17781,1.7692592592591885
False,,10092,3,2025-10-01 15:15:00+00:00,dual_sr_bounce,1.17256,0.0,0.0424,signal_reverse,WIN,SELL,1.17441,1.2499999999999374,1.17067,0.172
False,,10098,4,2025-10-01 16:45:00+00:00,london_fix_reversal,1.17234,0.0,0.0519,tp_sl,WIN,BUY,1.1704,1.4987080103359245,1.17431,0.917
False,,10156,4,2025-10-02 07:15:00+00:00,sr_fib_confluence,1.17464,0.0,0.0903,tp_sl,WIN,BUY,1.17359,1.4699074074074767,1.17572,0.9
True,1.2,10179,1,2025-10-02 13:00:00+00:00,dt_bb_rsi_mr,1.17389,0.0,0.0794,tp_sl,LOSS,BUY,1.1731,0.9999999999998055,1.17484,1.1999999999999353
False,1.691,10186,1,2025-10-02 14:45:00+00:00,htf_false_breakout,1.17139,0.0,0.0647,tp_sl,LOSS,BUY,1.17003,1.4089347079036247,1.17279,1.4371134020617478
False,1.693,10189,3,2025-10-02 15:30:00+00:00,xs_momentum,1.16917,0.0,0.0628,tp_sl,LOSS,SELL,1.17083,1.6666666666667052,1.16747,1.7000000000000348
False,,10259,8,2025-10-03 09:00:00+00:00,session_time_bias,1.17334,0.0,0.0929,signal_reverse,LOSS,SELL,1.17491,0.471,1.17144,0.471
False,,10270,3,2025-10-03 11:45:00+00:00,doji_breakout,1.17342,0.0,0.0942,tp_sl,WIN,BUY,1.17227,1.6787439613527135,1.17461,1.027
False,,10275,2,2025-10-03 13:00:00+00:00,sr_fib_confluence,1.17339,0.0,0.0804,tp_sl,WIN,BUY,1.17228,1.4316239316239163,1.17453,0.876
False,,10281,6,2025-10-03 14:30:00+00:00,sr_fib_confluence,1.17387,0.0,0.064,tp_sl,WIN,BUY,1.17194,1.9727891156462678,1.17584,1.207
False,,10289,12,2025-10-03 16:30:00+00:00,sr_fib_confluence,1.17388,0.0,0.0761,tp_sl,LOSS,BUY,1.17256,1.496212121212335,1.17522,1.5261363636364704
False,,10349,2,2025-10-06 07:30:00+00:00,adx_trend_continuation,1.16657,0.0,0.0586,tp_sl,WIN,SELL,1.17353,6.276276276276184,1.15946,3.841
False,1.757,10366,4,2025-10-06 11:45:00+00:00,lin_reg_channel,1.16739,0.0,0.0619,tp_sl,LOSS,SELL,1.16897,1.4999999999998879,1.16579,1.5299999999998517
False,2.7,10372,5,2025-10-06 13:15:00+00:00,session_time_bias,1.16879,0.0,0.0628,tp_sl,LOSS,SELL,1.17104,2.249999999999863,1.16609,2.6999999999999247
False,,10380,22,2025-10-06 15:15:00+00:00,trendline_sweep,1.1709,0.0,0.0621,tp_sl,WIN,SELL,1.17301,2.087458745874632,1.16875,1.278
False,,10458,1,2025-10-07 10:45:00+00:00,lin_reg_channel,1.16729,0.0,0.0956,tp_sl,WIN,SELL,1.16814,1.2500000000000255,1.16643,1.274999999999928
False,,10463,7,2025-10-07 12:00:00+00:00,xs_momentum,1.16603,0.0,0.0867,tp_sl,WIN,SELL,1.16771,2.244444444444641,1.16431,1.374
False,,10478,10,2025-10-07 15:45:00+00:00,london_fix_reversal,1.16724,0.0,0.0756,tp_sl,WIN,SELL,1.16828,1.2550200803212137,1.16617,1.2801204819276701
False,1.5,10539,1,2025-10-08 07:00:00+00:00,lin_reg_channel,1.16139,0.0,0.097,tp_sl,LOSS,SELL,1.16223,1.2500000000000695,1.16054,1.2749999999999184
False,,10542,1,2025-10-08 07:45:00+00:00,sr_fib_confluence,1.16302,0.0,0.0867,tp_sl,WIN,SELL,1.16442,1.8555555555555732,1.16161,1.136
False,,10545,1,2025-10-08 08:30:00+00:00,session_time_bias,1.16229,0.0,0.0855,tp_sl,WIN,SELL,1.16355,1.666666666666775,1.16077,1.2
False,,10548,2,2025-10-08 09:15:00+00:00,session_time_bias,1.16162,0.0,0.0802,tp_sl,WIN,SELL,1.16297,1.6769547325103091,1.15999,1.207
False,,10552,6,2025-10-08 10:15:00+00:00,intraday_seasonality,1.16254,0.0,0.0756,signal_reverse,LOSS,SELL,1.16448,1.163,1.16057,1.163
False,,10561,4,2025-10-08 12:30:00+00:00,session_time_bias,1.16343,0.0,0.0783,tp_sl,WIN,SELL,1.16481,1.6566265060242482,1.16178,1.193
False,1.871,10567,3,2025-10-08 14:00:00+00:00,dual_sr_bounce,1.16334,0.0,0.0738,tp_sl,LOSS,BUY,1.16202,1.5588235294117891,1.16469,1.5899999999999412
False,,10573,1,2025-10-08 15:30:00+00:00,xs_momentum,1.1613,0.0,0.073,tp_sl,WIN,SELL,1.16323,2.2480620155038866,1.15933,1.376
False,,10635,1,2025-10-09 07:00:00+00:00,sr_fib_confluence,1.1619,0.0,0.0956,tp_sl,WIN,SELL,1.16302,1.6544117647059449,1.16075,1.6874999999997895
False,,10638,2,2025-10-09 07:45:00+00:00,session_time_bias,1.16104,0.0,0.089,tp_sl,WIN,SELL,1.16225,1.6666666666666352,1.15958,1.2
False,,10644,9,2025-10-09 09:15:00+00:00,sr_fib_confluence,1.16206,0.0,0.0756,tp_sl,WIN,SELL,1.16373,1.9476744186047594,1.16035,1.192
False,,10655,5,2025-10-09 12:00:00+00:00,session_time_bias,1.16084,0.0,0.0765,tp_sl,WIN,SELL,1.16225,1.666666666666614,1.15914,1.2
False,,10663,1,2025-10-09 14:00:00+00:00,session_time_bias,1.15965,0.0,0.0598,tp_sl,WIN,SELL,1.1614,1.666666666666589,1.15755,1.9999999999999913
False,,10666,1,2025-10-09 14:45:00+00:00,intraday_seasonality,1.15803,0.0,0.056,tp_sl,WIN,SELL,1.16056,2.2619047619047112,1.15544,1.384
False,,10669,12,2025-10-09 15:30:00+00:00,xs_momentum,1.1548,0.0,0.0498,tp_sl,LOSS,SELL,1.1569,1.6666666666666592,1.15266,1.70000000000007
False,,10731,3,2025-10-10 07:00:00+00:00,dual_sr_bounce,1.15759,0.0,0.0915,tp_sl,WIN,BUY,1.15555,2.8638497652582133,1.15966,1.753
False,,10737,2,2025-10-10 08:30:00+00:00,session_time_bias,1.1585,0.0,0.0833,tp_sl,WIN,SELL,1.1598,1.6666666666667678,1.15694,1.2
False,,10745,2,2025-10-10 10:30:00+00:00,session_time_bias,1.15728,0.0,0.0844,tp_sl,WIN,SELL,1.159,2.24025974025971,1.15521,1.613
False,,10749,1,2025-10-10 11:30:00+00:00,session_time_bias,1.1566,0.0,0.0855,tp_sl,WIN,SELL,1.1583,2.2478070175439773,1.15454,1.618
False,,10753,2,2025-10-10 12:30:00+00:00,session_time_bias,1.15726,0.0,0.0823,tp_sl,WIN,SELL,1.15903,2.2362869198309774,1.15515,1.61
False,,10758,3,2025-10-10 13:45:00+00:00,sr_fib_confluence,1.15652,0.0,0.0756,tp_sl,LOSS,SELL,1.15783,1.5863453815263309,1.15517,1.6180722891567398
False,,10766,14,2025-10-10 15:45:00+00:00,london_fix_reversal,1.1612,0.0,0.0502,tp_sl,WIN,SELL,1.16307,1.5000000000000568,1.15928,0.918
False,,10829,2,2025-10-13 07:30:00+00:00,session_time_bias,1.16031,0.0,0.0739,tp_sl,WIN,SELL,1.1623,2.253787878788009,1.15793,1.623
False,,10833,11,2025-10-13 08:30:00+00:00,session_time_bias,1.15827,0.0,0.0722,tp_sl,WIN,SELL,1.15978,1.675925925925803,1.15647,1.207
False,,10846,13,2025-10-13 11:45:00+00:00,session_time_bias,1.15677,0.0,0.0684,tp_sl,WIN,SELL,1.1589,2.2456140350879394,1.1542,1.617
False,,10864,18,2025-10-13 16:15:00+00:00,xs_momentum,1.15738,0.0,0.0827,signal_reverse,WIN,SELL,1.1592,2.2427983539093552,1.15553,0.514
False,,10923,1,2025-10-14 07:00:00+00:00,sr_fib_confluence,1.15668,0.0,0.0813,tp_sl,WIN,SELL,1.15808,1.7395833333330724,1.15527,1.7743749999998837
False,2.723,10926,21,2025-10-14 07:45:00+00:00,intraday_seasonality,1.15487,0.0,0.0691,tp_sl,LOSS,SELL,1.157,2.269503546099277,1.15269,2.3148936170212298
False,,10950,3,2025-10-14 13:45:00+00:00,session_time_bias,1.15735,0.0,0.0647,tp_sl,LOSS,SELL,1.15952,2.2422680412371525,1.15474,2.690721649484537
False,,10957,1,2025-10-14 15:30:00+00:00,htf_false_breakout,1.15927,0.0,0.0634,tp_sl,LOSS,SELL,1.16051,1.2542087542086722,1.158,1.279292929292989
False,,11028,8,2025-10-15 09:15:00+00:00,dual_sr_bounce,1.16324,0.0,0.0855,signal_reverse,LOSS,BUY,1.16164,0.711,1.16486,0.711
False,,11038,3,2025-10-15 11:45:00+00:00,session_time_bias,1.16193,0.0,0.0867,tp_sl,WIN,SELL,1.16318,1.6666666666666312,1.16043,1.2
False,2.296,11043,8,2025-10-15 13:00:00+00:00,session_time_bias,1.16148,0.0,0.0765,tp_sl,LOSS,SELL,1.16332,2.245934959349414,1.15927,2.6951219512192965
False,,11054,3,2025-10-15 15:45:00+00:00,london_fix_reversal,1.16363,0.0,0.0668,signal_reverse,LOSS,SELL,1.16504,0.57,1.16219,0.57
False,,11115,1,2025-10-16 07:00:00+00:00,squeeze_release_momentum,1.16502,0.0,0.1048,tp_sl,WIN,SELL,1.16596,1.5161290322579692,1.1637,1.283
False,,11118,14,2025-10-16 07:45:00+00:00,session_time_bias,1.16511,0.0,0.089,tp_sl,WIN,SELL,1.16632,1.6666666666666352,1.16365,1.2
False,,11135,6,2025-10-16 12:00:00+00:00,session_time_bias,1.16508,0.0,0.0867,tp_sl,LOSS,SELL,1.16632,1.6555555555554473,1.16359,1.986666666666655
False,2.687,11143,11,2025-10-16 14:00:00+00:00,intraday_seasonality,1.16629,0.0,0.0756,tp_sl,LOSS,SELL,1.16815,2.238955823293127,1.16439,2.2837349397590962
False,,11214,1,2025-10-17 07:45:00+00:00,lin_reg_channel,1.17124,0.0,0.0739,signal_reverse,LOSS,BUY,1.16992,1.091,1.17258,1.091
False,,11217,8,2025-10-17 08:30:00+00:00,session_time_bias,1.17016,0.0,0.0699,tp_sl,WIN,SELL,1.17224,2.2401433691754997,1.16766,1.613
False,,11227,2,2025-10-17 11:00:00+00:00,session_time_bias,1.16871,0.0,0.0663,tp_sl,WIN,SELL,1.17035,1.6666666666667098,1.16675,1.2
False,,11231,4,2025-10-17 12:00:00+00:00,session_time_bias,1.16783,0.0,0.0684,tp_sl,WIN,SELL,1.16998,2.2543859649125584,1.16526,1.623
False,,11237,1,2025-10-17 13:30:00+00:00,xs_momentum,1.16749,0.0,0.0697,tp_sl,WIN,SELL,1.16951,2.2499999999999374,1.16542,1.377
False,,11241,1,2025-10-17 14:30:00+00:00,orb_trap,1.1669,0.0,0.0634,signal_reverse,LOSS,BUY,1.16517,0.43,1.16867,0.43
False,1.82,11244,3,2025-10-17 15:15:00+00:00,xs_momentum,1.16606,0.0,0.0675,tp_sl,LOSS,SELL,1.16761,1.6666666666666023,1.16448,1.7000000000000586
False,,11249,6,2025-10-17 16:30:00+00:00,xs_momentum,1.16726,0.0,0.0761,tp_sl,WIN,SELL,1.16923,2.234848484848491,1.16526,1.368
False,,11310,8,2025-10-20 07:45:00+00:00,session_time_bias,1.16619,0.0,0.0985,tp_sl,WIN,SELL,1.16765,2.222222222222314,1.16443,1.6
False,,11320,5,2025-10-20 10:15:00+00:00,session_time_bias,1.16534,0.0,0.0903,tp_sl,WIN,SELL,1.16695,2.2453703703705856,1.16339,1.617
False,,11327,4,2025-10-20 12:00:00+00:00,sr_fib_confluence,1.16575,0.0,0.0915,tp_sl,WIN,SELL,1.16684,1.5375586854460745,1.16463,1.5683098591549147
False,,11333,3,2025-10-20 13:30:00+00:00,session_time_bias,1.16495,0.0,0.0884,tp_sl,LOSS,SELL,1.16613,1.666666666666952,1.16353,2.00000000000028
False,1.328,11338,1,2025-10-20 14:45:00+00:00,dual_sr_bounce,1.16529,0.0,0.0848,tp_sl,LOSS,SELL,1.16621,1.2499999999997873,1.16434,1.274999999999981
False,,11341,6,2025-10-20 15:30:00+00:00,trendline_sweep,1.16573,0.0,0.0848,tp_sl,WIN,SELL,1.16715,1.9256756756753886,1.16427,1.179
False,,11403,6,2025-10-21 07:00:00+00:00,trendline_sweep,1.16239,0.0,0.1016,tp_sl,WIN,SELL,1.16383,2.2526041666665053,1.16091,1.379
False,,11411,3,2025-10-21 09:00:00+00:00,session_time_bias,1.1619,0.0,0.0878,tp_sl,WIN,SELL,1.16315,1.677927927927818,1.16041,1.208
False,,11420,2,2025-10-21 11:15:00+00:00,session_time_bias,1.1619,0.0,0.0774,tp_sl,WIN,SELL,1.1633,1.6567460317460474,1.16023,1.193
False,,11424,9,2025-10-21 12:15:00+00:00,xs_momentum,1.16047,0.0,0.0739,tp_sl,WIN,SELL,1.16194,1.6761363636364943,1.15896,1.026
False,,11437,19,2025-10-21 15:30:00+00:00,lin_reg_channel,1.16114,0.0,0.0682,tp_sl,WIN,SELL,1.16252,1.503623188405752,1.15973,1.5336956521739686
False,,11499,3,2025-10-22 07:00:00+00:00,trendline_sweep,1.16027,0.0,0.1066,tp_sl,WIN,SELL,1.16192,2.7185792349730153,1.15857,1.664
False,,11505,6,2025-10-22 08:30:00+00:00,session_time_bias,1.15915,0.0,0.0956,tp_sl,WIN,SELL,1.16028,1.6544117647059449,1.1578,1.191
False,,11513,7,2025-10-22 10:30:00+00:00,session_time_bias,1.15847,0.0,0.0956,tp_sl,WIN,SELL,1.1596,1.6666666666668095,1.15711,1.2
False,2.182,11524,5,2025-10-22 13:15:00+00:00,sr_fib_confluence,1.15896,0.0,0.0815,tp_sl,LOSS,SELL,1.16036,1.8181818181819065,1.15753,1.8545454545457234
False,,11537,1,2025-10-22 16:30:00+00:00,dt_sr_channel_reversal,1.1618,0.0,0.0859,tp_sl,WIN,SELL,1.16311,1.6773504273505986,1.16047,1.027
False,,11595,1,2025-10-23 07:00:00+00:00,sr_fib_confluence,1.15945,0.0,0.1182,tp_sl,WIN,SELL,1.16047,1.863636363636461,1.1584,1.141
False,,11598,5,2025-10-23 07:45:00+00:00,sr_fib_confluence,1.15992,0.0,0.1102,tp_sl,WIN,SELL,1.16103,1.892655367231618,1.15878,1.158
False,,11605,4,2025-10-23 09:30:00+00:00,session_time_bias,1.1596,0.0,0.1016,tp_sl,WIN,SELL,1.16067,1.66666666666683,1.15832,1.2
False,2.0,11611,5,2025-10-23 11:00:00+00:00,session_time_bias,1.15864,0.0,0.1102,tp_sl,LOSS,SELL,1.15963,1.6666666666666712,1.15746,1.9999999999999303
False,1.676,11619,3,2025-10-23 13:00:00+00:00,session_time_bias,1.15999,0.0,0.0937,tp_sl,LOSS,SELL,1.1611,1.6542288557216251,1.15866,1.9850746268657513
False,1.569,11629,13,2025-10-23 15:30:00+00:00,ema200_trend_reversal,1.16071,0.0,0.0909,tp_sl,LOSS,SELL,1.16177,1.545893719806915,1.15962,1.5768115942031884
False,1.889,11691,1,2025-10-24 07:00:00+00:00,lin_reg_channel,1.16097,0.0,0.1204,tp_sl,LOSS,SELL,1.16182,1.5740740740741064,1.1601,1.605555555555465
False,,11694,1,2025-10-24 07:45:00+00:00,session_time_bias,1.16175,0.0,0.0915,signal_reverse,WIN,SELL,1.16292,1.6549295774646846,1.16034,1.211
False,,11697,12,2025-10-24 08:30:00+00:00,sr_fib_confluence,1.16111,0.0,0.0855,tp_sl,LOSS,BUY,1.15974,1.7982456140348895,1.1625,1.8342105263156516
False,2.681,11711,1,2025-10-24 12:00:00+00:00,session_time_bias,1.16115,0.0,0.0903,tp_sl,LOSS,SELL,1.16276,2.2337962962964357,1.15922,2.6805555555555376
False,,11714,5,2025-10-24 12:45:00+00:00,session_time_bias,1.16335,0.0,0.067,tp_sl,WIN,SELL,1.16552,2.2422680412371525,1.16074,1.614
False,,11721,13,2025-10-24 14:30:00+00:00,dt_sr_channel_reversal,1.16268,0.0,0.0609,tp_sl,LOSS,SELL,1.16439,1.6585760517798063,1.16093,1.6917475728155145
False,,11789,2,2025-10-27 07:30:00+00:00,dt_fib_reversal,1.16247,0.0,0.114,tp_sl,WIN,BUY,1.1615,1.6959064327487408,1.16345,1.038
False,,11794,4,2025-10-27 08:45:00+00:00,session_time_bias,1.16271,0.0,0.1048,tp_sl,LOSS,SELL,1.16411,2.244623655914,1.16104,2.6935483870968713
False,,11800,3,2025-10-27 10:15:00+00:00,session_time_bias,1.16378,0.0,0.1,signal_reverse,LOSS,SELL,1.16486,0.246,1.16248,0.246
False,,11805,1,2025-10-27 11:30:00+00:00,sr_fib_confluence,1.16396,0.0,0.1,tp_sl,WIN,BUY,1.16309,1.3461538461537834,1.16486,1.3730769230768658
False,,11808,1,2025-10-27 12:15:00+00:00,session_time_bias,1.16406,0.0,0.0929,signal_reverse,LOSS,SELL,1.16523,0.157,1.16264,0.157
False,,11811,1,2025-10-27 13:00:00+00:00,sr_fib_confluence,1.16407,0.0,0.0937,tp_sl,LOSS,BUY,1.16324,1.249999999999738,1.16493,1.2749999999999184
False,,11814,1,2025-10-27 13:45:00+00:00,sr_fib_confluence,1.16363,0.0,0.0923,tp_sl,WIN,BUY,1.16244,1.7524509803918822,1.16485,1.072
False,,11817,14,2025-10-27 14:30:00+00:00,squeeze_release_momentum,1.1636,0.0,0.0909,tp_sl,LOSS,SELL,1.16445,1.2318840579710397,1.16214,2.118840579709931
False,,11886,3,2025-10-28 07:45:00+00:00,session_time_bias,1.16545,0.0,0.1102,tp_sl,WIN,SELL,1.16679,2.2598870056494684,1.16386,1.627
False,1.699,11891,5,2025-10-28 09:00:00+00:00,session_time_bias,1.16487,0.0,0.0956,tp_sl,LOSS,SELL,1.16601,1.6789215686273475,1.1635,2.014705882352752
False,,11899,3,2025-10-28 11:00:00+00:00,session_time_bias,1.16569,0.0,0.097,tp_sl,WIN,SELL,1.16719,2.2388059701493384,1.16389,1.612
False,,11904,6,2025-10-28 12:15:00+00:00,sr_anti_hunt_bounce,1.16521,0.0,0.0956,signal_reverse,LOSS,BUY,1.15617,0.779,1.17444,0.779
False,,11914,8,2025-10-28 14:45:00+00:00,intraday_seasonality,1.16612,0.0,0.0721,tp_sl,WIN,BUY,1.16417,2.2413793103447084,1.16811,1.372
False,,11981,1,2025-10-29 07:30:00+00:00,session_time_bias,1.16346,0.0,0.1204,tp_sl,WIN,SELL,1.16468,2.253086419753044,1.162,1.622
False,,11985,1,2025-10-29 08:30:00+00:00,session_time_bias,1.16292,0.0,0.1066,tp_sl,WIN,SELL,1.16395,1.680327868852547,1.16169,1.21
False,,11989,11,2025-10-29 09:30:00+00:00,sr_fib_confluence,1.16366,0.0,0.0903,tp_sl,WIN,SELL,1.16494,1.7708333333335238,1.16236,1.084
False,,12003,1,2025-10-29 13:00:00+00:00,dual_sr_bounce,1.16382,0.0,0.0848,tp_sl,WIN,BUY,1.16201,2.454954954955135,1.16568,1.502
False,2.64,12006,6,2025-10-29 13:45:00+00:00,session_time_bias,1.1636,0.0,0.0815,tp_sl,LOSS,SELL,1.16532,2.24025974025971,1.16153,2.6883116883117095
False,,12015,4,2025-10-29 16:00:00+00:00,london_fix_reversal,1.16614,0.0,0.0807,tp_sl,WIN,SELL,1.16718,1.2550200803212137,1.16508,1.2801204819276701
False,,12077,12,2025-10-30 07:30:00+00:00,session_time_bias,1.16111,0.0,0.0802,tp_sl,LOSS,SELL,1.16292,2.2427983539093552,1.15893,2.6913580246911715
False,,12092,2,2025-10-30 11:15:00+00:00,session_time_bias,1.16064,0.0,0.0823,tp_sl,WIN,SELL,1.16196,1.6666666666666237,1.15907,1.2
False,,12096,1,2025-10-30 12:15:00+00:00,session_time_bias,1.15787,0.0,0.0739,tp_sl,WIN,SELL,1.15987,2.263257575757768,1.15548,2.7159090909092205
False,,12103,1,2025-10-30 14:00:00+00:00,sr_fib_confluence,1.15807,0.0,0.0565,tp_sl,WIN,SELL,1.15998,1.7192192192190798,1.15612,1.052
False,,12108,22,2025-10-30 15:15:00+00:00,xs_momentum,1.15735,0.0,0.0603,signal_reverse,WIN,SELL,1.15971,2.2676282051281156,1.15494,0.658
False,1.913,12171,5,2025-10-31 07:00:00+00:00,ema_cross,1.15563,0.0,0.1032,tp_sl,LOSS,SELL,1.15675,1.7857142857143533,1.15448,1.8214285714286969
False,,12178,3,2025-10-31 08:45:00+00:00,sr_fib_confluence,1.15698,0.0,0.1,tp_sl,WIN,SELL,1.15812,1.75641025641049,1.15581,1.075
False,,12183,5,2025-10-31 10:00:00+00:00,session_time_bias,1.15714,0.0,0.0915,tp_sl,WIN,SELL,1.15873,2.241784037558673,1.15522,1.614
False,,12190,1,2025-10-31 11:45:00+00:00,sr_fib_confluence,1.15661,0.0,0.0915,tp_sl,WIN,SELL,1.15787,1.7723004694836073,1.15533,1.8077464788732296
False,,12193,3,2025-10-31 12:30:00+00:00,sr_fib_confluence,1.15566,0.0,0.0855,tp_sl,WIN,SELL,1.15703,1.8092105263156633,1.15425,1.84539473684207
False,,12199,1,2025-10-31 14:00:00+00:00,xs_momentum,1.15332,0.0,0.0721,tp_sl,WIN,SELL,1.15477,1.666666666666866,1.15184,1.02
False,,12203,16,2025-10-31 15:00:00+00:00,xs_momentum,1.15276,0.0,0.0654,tp_sl,LOSS,SELL,1.15436,1.666666666666483,1.15113,1.6999999999998496
False,,12266,1,2025-11-03 07:45:00+00:00,session_time_bias,1.15389,0.0,0.1226,tp_sl,WIN,SELL,1.15509,2.264150943396396,1.15244,2.7169811320756754
False,,12269,1,2025-11-03 08:30:00+00:00,session_time_bias,1.15159,0.0,0.1,tp_sl,WIN,SELL,1.15268,1.666666666666654,1.15029,1.2
False,,12273,1,2025-11-03 09:30:00+00:00,session_time_bias,1.15146,0.0,0.0942,tp_sl,WIN,SELL,1.15261,1.6545893719808964,1.15009,1.191
False,,12277,10,2025-11-03 10:30:00+00:00,session_time_bias,1.15162,0.0,0.0915,tp_sl,WIN,SELL,1.15281,1.6784037558685942,1.15019,1.208
False,1.842,12291,3,2025-11-03 14:00:00+00:00,session_time_bias,1.1508,0.0,0.0923,tp_sl,LOSS,SELL,1.15194,1.6789215686276742,1.14943,2.0147058823530783
False,,12296,3,2025-11-03 15:15:00+00:00,inducement_ob,1.15086,0.0,0.0815,tp_sl,LOSS,SELL,1.15311,2.9220779220777446,1.14856,2.9805194805193977
False,,12362,2,2025-11-04 07:45:00+00:00,session_time_bias,1.15264,0.0,0.1016,tp_sl,WIN,SELL,1.15409,2.252604166666852,1.15091,1.622
False,,12366,1,2025-11-04 08:45:00+00:00,session_time_bias,1.15132,0.0,0.0929,tp_sl,WIN,SELL,1.15249,1.6785714285713231,1.14991,1.209
False,,12369,1,2025-11-04 09:30:00+00:00,sr_fib_confluence,1.15102,0.0,0.0903,tp_sl,WIN,SELL,1.15218,1.6087962962963502,1.14984,0.985
False,,12372,5,2025-11-04 10:15:00+00:00,session_time_bias,1.15051,0.0,0.0844,tp_sl,WIN,SELL,1.1518,1.6666666666666274,1.14897,2.0000000000001257
False,1.719,12380,4,2025-11-04 12:15:00+00:00,xs_momentum,1.14817,0.0,0.0813,tp_sl,LOSS,SELL,1.1495,1.6562500000000258,1.14682,1.6893749999999375
False,,12386,1,2025-11-04 13:45:00+00:00,xs_momentum,1.14913,0.0,0.0804,tp_sl,WIN,SELL,1.15043,1.6666666666667678,1.1478,1.699999999999921
False,,12391,2,2025-11-04 15:00:00+00:00,xs_momentum,1.1478,0.0,0.0756,tp_sl,LOSS,SELL,1.14919,1.676706827309253,1.14638,1.7102409638555771
False,,12398,10,2025-11-04 16:45:00+00:00,lin_reg_channel,1.14889,0.0,0.0859,tp_sl,WIN,SELL,1.14994,1.3461538461538403,1.14782,1.3730769230769797
False,1.777,12456,2,2025-11-05 07:15:00+00:00,squeeze_release_momentum,1.14851,0.0,0.125,tp_sl,LOSS,SELL,1.14928,1.4807692307691105,1.14741,2.1086538461539535
False,,12460,2,2025-11-05 08:15:00+00:00,session_time_bias,1.14918,0.0,0.1083,tp_sl,WIN,SELL,1.15053,2.2499999999999374,1.14756,1.62
False,,12464,2,2025-11-05 09:15:00+00:00,session_time_bias,1.1488,0.0,0.1048,tp_sl,WIN,SELL,1.14982,1.6532258064516994,1.14756,1.19
False,,12470,8,2025-11-05 10:45:00+00:00,session_time_bias,1.14824,0.0,0.1048,tp_sl,LOSS,SELL,1.14928,1.680107526881625,1.14699,2.0161290322580214
False,,12480,1,2025-11-05 13:15:00+00:00,session_time_bias,1.14856,0.0,0.0996,tp_sl,WIN,SELL,1.14961,1.6666666666666592,1.1473,2.0000000000000617
False,,12491,14,2025-11-05 16:00:00+00:00,london_fix_reversal,1.14751,0.0,0.077,tp_sl,LOSS,SELL,1.1486,1.2547892720307046,1.1464,1.2798850574715075
False,,12553,3,2025-11-06 07:30:00+00:00,dt_sr_channel_reversal,1.15091,0.0,0.13,tp_sl,WIN,SELL,1.15178,1.7499999999999183,1.15001,1.071
False,,12562,5,2025-11-06 09:45:00+00:00,orb_trap,1.15125,0.0,0.1,signal_reverse,LOSS,SELL,1.15262,0.446,1.14986,0.446
False,,12569,3,2025-11-06 11:30:00+00:00,adx_trend_continuation,1.15203,0.0,0.1048,tp_sl,WIN,BUY,1.15045,2.553763440860113,1.15365,1.563
False,,12574,2,2025-11-06 12:45:00+00:00,xs_momentum,1.15315,0.0,0.0942,tp_sl,WIN,BUY,1.1516,2.258454106280186,1.15474,1.382
False,,12580,2,2025-11-06 14:15:00+00:00,htf_false_breakout,1.15287,0.0,0.0848,signal_reverse,WIN,SELL,1.15513,3.063063063063026,1.15056,0.601
False,,12584,1,2025-11-06 15:15:00+00:00,dual_sr_bounce,1.15328,0.0,0.0804,tp_sl,WIN,BUY,1.15231,1.2499999999999336,1.15428,0.765
False,,12588,9,2025-11-06 16:15:00+00:00,xs_momentum,1.15375,0.0,0.0798,tp_sl,WIN,BUY,1.15186,2.2519841269840772,1.15568,1.378
False,,12647,10,2025-11-07 07:00:00+00:00,sr_fib_confluence,1.15315,0.0,0.1327,tp_sl,LOSS,SELL,1.15396,1.6496598639455098,1.15233,1.6826530612245016
False,,12665,1,2025-11-07 11:30:00+00:00,session_time_bias,1.15559,0.0,0.1102,signal_reverse,LOSS,SELL,1.15656,1.441,1.15441,1.441
False,,12668,2,2025-11-07 12:15:00+00:00,session_time_bias,1.15596,0.0,0.1066,signal_reverse,LOSS,SELL,1.15697,0.607,1.15474,0.607
False,,12672,2,2025-11-07 13:15:00+00:00,xs_momentum,1.15679,0.0,0.0951,tp_sl,WIN,BUY,1.1557,1.6540404040404741,1.15791,1.012
False,,12676,2,2025-11-07 14:15:00+00:00,xs_momentum,1.15737,0.0,0.0923,tp_sl,WIN,BUY,1.15624,1.6666666666668095,1.15853,1.699999999999904
False,,12682,1,2025-11-07 15:45:00+00:00,htf_false_breakout,1.15708,0.0,0.0765,signal_reverse,LOSS,SELL,1.16015,1.348,1.15394,1.348
False,1.709,12746,2,2025-11-10 07:45:00+00:00,session_time_bias,1.15671,0.0,0.097,tp_sl,LOSS,SELL,1.15783,1.6791044776120039,1.15535,2.0149253731346035
False,,12750,2,2025-11-10 08:45:00+00:00,session_time_bias,1.15715,0.0,0.089,tp_sl,WIN,SELL,1.15835,1.6552511415527094,1.15569,1.192
False,,12754,4,2025-11-10 09:45:00+00:00,session_time_bias,1.15674,0.0,0.089,tp_sl,WIN,SELL,1.15795,1.6552511415524052,1.15529,1.192
False,,12760,3,2025-11-10 11:15:00+00:00,wick_imbalance_reversion,1.1559,0.0,0.0942,tp_sl,WIN,BUY,1.15447,2.0772946859901094,1.15737,2.118840579709931
False,,12765,5,2025-11-10 12:30:00+00:00,session_time_bias,1.15675,0.0,0.0956,tp_sl,WIN,SELL,1.15789,1.6666666666668095,1.15539,1.2
False,,12779,2,2025-11-10 16:00:00+00:00,london_fix_reversal,1.15523,0.0,0.0893,tp_sl,LOSS,BUY,1.15429,1.2555555555557874,1.15619,1.2806666666668558
False,,12840,2,2025-11-11 07:15:00+00:00,ema200_trend_reversal,1.15556,0.0,0.1204,tp_sl,WIN,BUY,1.1546,1.7901234567903375,1.15655,1.8259259259257987
False,,12845,2,2025-11-11 08:30:00+00:00,session_time_bias,1.15593,0.0,0.1048,tp_sl,WIN,SELL,1.15732,2.244623655914,1.15426,1.616
False,,12850,4,2025-11-11 09:45:00+00:00,session_time_bias,1.15643,0.0,0.1016,tp_sl,LOSS,SELL,1.15759,1.8229166666668126,1.15502,2.1875000000001057
False,,12857,1,2025-11-11 11:30:00+00:00,session_time_bias,1.15698,0.0,0.1016,signal_reverse,LOSS,SELL,1.15805,0.984,1.15569,0.984
False,,12860,2,2025-11-11 12:15:00+00:00,session_time_bias,1.15718,0.0,0.1016,signal_reverse,LOSS,SELL,1.15824,1.0,1.1559,1.0
False,,12864,1,2025-11-11 13:15:00+00:00,xs_momentum,1.15948,0.0,0.0804,tp_sl,WIN,BUY,1.15818,1.6666666666667678,1.16081,1.02
False,1.988,12868,21,2025-11-11 14:15:00+00:00,xs_momentum,1.16019,0.0,0.073,tp_sl,LOSS,BUY,1.15877,1.6569767441860577,1.16165,1.6901162790697635
False,,12937,2,2025-11-12 07:30:00+00:00,sr_fib_confluence,1.15823,0.0,0.1204,tp_sl,WIN,BUY,1.15756,1.2499999999999651,1.15892,0.765
False,,12941,1,2025-11-12 08:30:00+00:00,session_time_bias,1.15824,0.0,0.1182,tp_sl,WIN,SELL,1.15917,1.6818181818182993,1.15713,1.211
False,,12944,1,2025-11-12 09:15:00+00:00,session_time_bias,1.15729,0.0,0.1102,tp_sl,WIN,SELL,1.15828,1.6807909604520745,1.1561,1.21
True,,12947,1,2025-11-12 10:00:00+00:00,dt_bb_rsi_mr,1.15724,0.0,0.1048,tp_sl,LOSS,BUY,1.15661,1.0000000000001048,1.15798,1.2000000000001256
False,,12950,1,2025-11-12 10:45:00+00:00,session_time_bias,1.15692,0.0,0.1016,tp_sl,WIN,SELL,1.15798,1.6536458333330644,1.15566,1.191
False,,12953,1,2025-11-12 11:30:00+00:00,dt_sr_channel_reversal,1.15718,0.0,0.1032,signal_reverse,WIN,BUY,1.15611,1.7063492063491064,1.15828,0.857
False,,12956,1,2025-11-12 12:15:00+00:00,sr_fib_confluence,1.15765,0.0,0.1032,tp_sl,WIN,SELL,1.15873,1.7195767195767064,1.15654,1.052
False,,12959,3,2025-11-12 13:00:00+00:00,session_time_bias,1.15723,0.0,0.0951,tp_sl,WIN,SELL,1.15834,1.6792929292928285,1.1559,1.209
False,2.059,12964,2,2025-11-12 14:15:00+00:00,xs_momentum,1.1564,0.0,0.0923,tp_sl,LOSS,SELL,1.15756,1.7156862745099415,1.15521,1.7500000000000357
False,,12968,1,2025-11-12 15:15:00+00:00,sr_fib_confluence,1.15778,0.0,0.0872,tp_sl,WIN,BUY,1.15662,1.6087962962963502,1.15896,1.640972222222148
False,,12972,2,2025-11-12 16:15:00+00:00,london_fix_reversal,1.15906,0.0,0.0893,signal_reverse,LOSS,SELL,1.16,0.699,1.15811,0.699
False,,13035,2,2025-11-13 08:00:00+00:00,post_news_vol,1.16199,0.0,0.1016,tp_sl,WIN,BUY,1.15827,5.807291666666547,1.16578,3.554
False,2.129,13039,1,2025-11-13 09:00:00+00:00,wick_imbalance_reversion,1.16321,0.0,0.073,tp_sl,LOSS,BUY,1.1614,2.0318352059925977,1.16505,2.0724719101123896
False,,13042,12,2025-11-13 09:45:00+00:00,wick_imbalance_reversion,1.16169,0.0,0.067,tp_sl,WIN,BUY,1.15951,2.2422680412371525,1.1639,1.372
False,,13056,4,2025-11-13 13:15:00+00:00,session_time_bias,1.16136,0.0,0.0738,signal_reverse,LOSS,SELL,1.16277,1.748,1.15966,1.748
False,,13063,1,2025-11-13 15:00:00+00:00,dt_bb_rsi_mr,1.16252,0.0,0.0765,signal_reverse,LOSS,SELL,1.164,2.019,1.161,2.019
False,,13066,1,2025-11-13 15:45:00+00:00,london_fix_reversal,1.16383,0.0,0.0738,signal_reverse,LOSS,SELL,1.1651,0.689,1.16253,0.689
False,,13069,3,2025-11-13 16:30:00+00:00,xs_momentum,1.16465,0.0,0.0827,tp_sl,WIN,BUY,1.1633,1.6666666666666203,1.16602,1.02
True,,13132,1,2025-11-14 08:15:00+00:00,dt_bb_rsi_mr,1.16263,0.0,0.089,tp_sl,WIN,BUY,1.16189,1.0000000000001636,1.1635,1.2000000000001356
False,,13135,3,2025-11-14 09:00:00+00:00,dt_fib_reversal,1.16282,0.0,0.0855,tp_sl,LOSS,BUY,1.16187,1.260964912280782,1.1638,1.2861842105264152
True,,13141,2,2025-11-14 10:30:00+00:00,dt_bb_rsi_mr,1.16155,0.0,0.089,tp_sl,LOSS,BUY,1.16082,1.0000000000001636,1.16243,1.2000000000001356
False,,13145,1,2025-11-14 11:30:00+00:00,ema200_trend_reversal,1.16146,0.0,0.0903,signal_reverse,WIN,BUY,1.16026,1.6782407407409412,1.1627,1.667
False,,13148,1,2025-11-14 12:15:00+00:00,sr_fib_confluence,1.16298,0.0,0.0833,signal_reverse,LOSS,SELL,1.16436,3.0,1.16158,3.0
False,,13151,2,2025-11-14 13:00:00+00:00,session_time_bias,1.16453,0.0,0.0713,signal_reverse,WIN,SELL,1.16651,2.253787878788009,1.16215,0.869
False,,13155,3,2025-11-14 14:00:00+00:00,sr_fib_confluence,1.16337,0.0,0.0682,signal_reverse,LOSS,BUY,1.16186,1.18,1.16492,1.18
False,,13162,4,2025-11-14 15:45:00+00:00,london_fix_reversal,1.16136,0.0,0.0661,signal_reverse,LOSS,BUY,1.16018,0.322,1.16257,0.322
False,,13230,5,2025-11-17 08:45:00+00:00,dual_sr_bounce,1.16034,0.0,0.1066,tp_sl,WIN,BUY,1.15909,2.0628415300546905,1.16163,1.262
False,,13239,6,2025-11-17 11:00:00+00:00,dt_bb_rsi_mr,1.15979,0.0,0.1016,tp_sl,WIN,BUY,1.15864,1.809895833333394,1.16098,1.108
False,,13247,1,2025-11-17 13:00:00+00:00,session_time_bias,1.15936,0.0,0.0965,tp_sl,WIN,SELL,1.16052,1.7948717948719388,1.15796,1.292
True,,13250,2,2025-11-17 13:45:00+00:00,dt_bb_rsi_mr,1.15911,0.0,0.0965,signal_reverse,LOSS,BUY,1.15846,0.932,1.15989,0.932
False,,13255,4,2025-11-17 15:00:00+00:00,xs_momentum,1.15836,0.0,0.0937,tp_sl,LOSS,SELL,1.15987,2.2636815920400486,1.15681,2.308955223880876
False,,13262,4,2025-11-17 16:45:00+00:00,london_fix_reversal,1.15967,0.0,0.0931,tp_sl,WIN,SELL,1.16057,1.2499999999998623,1.15875,1.2749999999999644
False,,13322,1,2025-11-18 07:45:00+00:00,session_time_bias,1.15902,0.0,0.1032,tp_sl,LOSS,SELL,1.16043,2.23544973544993,1.15733,2.682539682539986
False,,13325,1,2025-11-18 08:30:00+00:00,session_time_bias,1.15921,0.0,0.0878,tp_sl,WIN,SELL,1.16087,2.2522522522523043,1.15721,1.622
False,,13329,2,2025-11-18 09:30:00+00:00,session_time_bias,1.15904,0.0,0.0867,tp_sl,WIN,SELL,1.16073,2.255555555555825,1.157,1.624
False,,13334,8,2025-11-18 10:45:00+00:00,session_time_bias,1.15813,0.0,0.0903,tp_sl,LOSS,SELL,1.15932,1.666666666666483,1.15669,1.9999999999998412
False,,13346,7,2025-11-18 13:45:00+00:00,session_time_bias,1.15963,0.0,0.0794,tp_sl,WIN,SELL,1.16097,1.698312236286803,1.15802,2.0379746835441637
False,,13356,11,2025-11-18 16:15:00+00:00,london_fix_reversal,1.15734,0.0,0.0736,tp_sl,LOSS,SELL,1.15848,1.2545787545789213,1.15618,1.2796703296703438
False,,13416,1,2025-11-19 07:15:00+00:00,dt_fib_reversal,1.15877,0.0,0.1161,tp_sl,WIN,SELL,1.15971,1.6815476190475331,1.1578,1.7151785714288248
False,,13421,3,2025-11-19 08:30:00+00:00,session_time_bias,1.15746,0.0,0.0878,tp_sl,WIN,SELL,1.15869,1.666666666666483,1.15598,1.2
False,1.933,13427,5,2025-11-19 10:00:00+00:00,session_time_bias,1.15677,0.0,0.0793,tp_sl,LOSS,SELL,1.15813,1.666666666666483,1.15513,1.999999999999834
False,,13435,3,2025-11-19 12:00:00+00:00,session_time_bias,1.15847,0.0,0.0793,tp_sl,WIN,SELL,1.15983,1.666666666666483,1.15683,1.2
False,,13440,1,2025-11-19 13:15:00+00:00,session_time_bias,1.15829,0.0,0.073,tp_sl,WIN,SELL,1.15971,1.6569767441860577,1.15658,1.193
False,,13443,3,2025-11-19 14:00:00+00:00,session_time_bias,1.15633,0.0,0.0713,tp_sl,WIN,SELL,1.15779,1.6666666666667354,1.15457,1.2
False,,13448,3,2025-11-19 15:15:00+00:00,xs_momentum,1.15487,0.0,0.0721,tp_sl,WIN,SELL,1.15632,1.666666666666866,1.15339,1.7000000000000093
False,,13512,2,2025-11-20 07:15:00+00:00,trendline_sweep,1.1517,0.0,0.097,tp_sl,WIN,SELL,1.15339,2.512437810945494,1.14999,1.538
False,,13519,4,2025-11-20 09:00:00+00:00,session_time_bias,1.1518,0.0,0.097,tp_sl,LOSS,SELL,1.15292,1.6791044776120039,1.15045,2.0149253731342722
False,2.187,13525,4,2025-11-20 10:30:00+00:00,dual_sr_bounce,1.15287,0.0,0.097,tp_sl,LOSS,BUY,1.15147,2.08955223880574,1.15429,2.131343283582067
False,,13531,5,2025-11-20 12:00:00+00:00,session_time_bias,1.15114,0.0,0.097,tp_sl,WIN,SELL,1.15224,1.6542288557212936,1.1498,1.191
False,,13538,2,2025-11-20 13:45:00+00:00,session_time_bias,1.15267,0.0,0.0682,tp_sl,LOSS,SELL,1.15475,2.2644927536230597,1.15017,2.717391304347768
True,,13543,1,2025-11-20 15:00:00+00:00,dt_sr_channel_reversal,1.15317,0.0,0.0628,tp_sl,WIN,SELL,1.15414,0.9727083333335163,1.152,1.167250000000175
False,,13608,2,2025-11-21 07:15:00+00:00,trendline_sweep,1.154,0.0,0.1048,tp_sl,WIN,SELL,1.1553,2.0967741935485145,1.15267,1.283
False,,13613,1,2025-11-21 08:30:00+00:00,session_time_bias,1.15474,0.0,0.0855,tp_sl,WIN,SELL,1.15645,2.247807017543685,1.1527,1.618
False,,13617,1,2025-11-21 09:30:00+00:00,trendline_sweep,1.15332,0.0,0.0802,tp_sl,WIN,SELL,1.15656,4.0020576131689,1.15001,2.449
False,,13620,5,2025-11-21 10:15:00+00:00,session_time_bias,1.15146,0.0,0.0747,tp_sl,WIN,SELL,1.15291,1.6666666666666108,1.14973,1.2
False,,13627,1,2025-11-21 12:00:00+00:00,xs_momentum,1.15048,0.0,0.0747,tp_sl,LOSS,SELL,1.15194,1.6762452107279762,1.149,1.7097701149423723
False,,13630,3,2025-11-21 12:45:00+00:00,sr_fib_confluence,1.15237,0.0,0.067,tp_sl,WIN,SELL,1.15398,1.6666666666665975,1.15072,1.02
False,,13635,5,2025-11-21 14:00:00+00:00,session_time_bias,1.15116,0.0,0.0647,tp_sl,WIN,SELL,1.15277,1.6666666666668264,1.14922,1.2
False,,13642,1,2025-11-21 15:45:00+00:00,xs_momentum,1.15022,0.0,0.0621,tp_sl,WIN,SELL,1.15189,1.6584158415842505,1.14851,1.015
False,,13645,1,2025-11-21 16:30:00+00:00,xs_momentum,1.14923,0.0,0.0632,tp_sl,LOSS,SELL,1.151,1.6666666666666927,1.14743,1.7000000000000768
False,,13702,2,2025-11-24 07:00:00+00:00,trendline_sweep,1.15176,0.0,0.1182,tp_sl,WIN,SELL,1.15336,2.893939393938974,1.15014,1.771
False,,13708,3,2025-11-24 08:30:00+00:00,session_time_bias,1.15307,0.0,0.0915,tp_sl,WIN,SELL,1.15425,1.6666666666666394,1.15165,1.2
False,,13713,3,2025-11-24 09:45:00+00:00,session_time_bias,1.15291,0.0,0.089,tp_sl,LOSS,SELL,1.15413,1.6666666666666352,1.15145,2.000000000000023
False,,13718,2,2025-11-24 11:00:00+00:00,session_time_bias,1.15343,0.0,0.0855,tp_sl,LOSS,SELL,1.15471,1.6776315789475487,1.1519,2.0131578947368833
False,,13722,1,2025-11-24 12:00:00+00:00,dt_sr_channel_reversal,1.1538,0.0,0.0823,signal_reverse,LOSS,SELL,1.1552,1.392,1.15239,1.392
False,,13727,3,2025-11-24 13:15:00+00:00,session_time_bias,1.1541,0.0,0.0794,signal_reverse,WIN,SELL,1.15541,1.6666666666666237,1.15252,1.145
False,,13732,1,2025-11-24 14:30:00+00:00,sr_fib_confluence,1.15294,0.0,0.0765,signal_reverse,LOSS,BUY,1.15167,1.068,1.15424,1.068
False,,13735,10,2025-11-24 15:15:00+00:00,sr_fib_confluence,1.15208,0.0,0.0765,tp_sl,WIN,SELL,1.15335,1.554878048780655,1.15078,0.952
False,,13801,3,2025-11-25 07:45:00+00:00,trendline_sweep,1.15219,0.0,0.1102,tp_sl,LOSS,SELL,1.15318,1.6807909604520745,1.15117,1.7144067796609201
False,,13807,2,2025-11-25 09:15:00+00:00,session_time_bias,1.15297,0.0,0.1048,tp_sl,LOSS,SELL,1.154,1.6666666666668413,1.15172,2.0000000000002096
False,,13811,2,2025-11-25 10:15:00+00:00,session_time_bias,1.15369,0.0,0.0985,signal_reverse,WIN,SELL,1.15518,2.2474747474750045,1.15191,0.455
False,,13815,4,2025-11-25 11:15:00+00:00,sr_fib_confluence,1.15326,0.0,0.1,tp_sl,WIN,BUY,1.15216,1.7051282051284444,1.1544,1.7392307692309927
False,,13821,1,2025-11-25 12:45:00+00:00,xs_momentum,1.1545,0.0,0.0774,tp_sl,WIN,BUY,1.1531,1.676587301587183,1.15594,1.7101190476191221
False,,13824,1,2025-11-25 13:30:00+00:00,session_time_bias,1.15455,0.0,0.0628,tp_sl,LOSS,SELL,1.1568,2.2500000000000853,1.15185,2.7000000000001467
False,,13828,3,2025-11-25 14:30:00+00:00,xs_momentum,1.15667,0.0,0.0592,tp_sl,WIN,BUY,1.15477,1.792452830188482,1.15861,1.097
False,,13834,2,2025-11-25 16:00:00+00:00,xs_momentum,1.15684,0.0,0.0626,tp_sl,LOSS,BUY,1.15505,1.6744548286604073,1.15866,1.7079439252335242
False,,13894,1,2025-11-26 07:00:00+00:00,htf_false_breakout,1.15873,0.0,0.0929,tp_sl,WIN,SELL,1.16039,2.380952380952436,1.15702,1.457
False,,13897,3,2025-11-26 07:45:00+00:00,session_time_bias,1.15786,0.0,0.0878,tp_sl,WIN,SELL,1.15951,2.229729729729934,1.15587,1.605
False,,13902,1,2025-11-26 09:00:00+00:00,sr_fib_confluence,1.15779,0.0,0.0844,tp_sl,WIN,SELL,1.159,1.5800865800865502,1.15654,0.967
False,,13905,14,2025-11-26 09:45:00+00:00,session_time_bias,1.15711,0.0,0.0793,tp_sl,WIN,SELL,1.15848,1.676829268292566,1.15546,1.207
False,2.057,13921,2,2025-11-26 13:45:00+00:00,session_time_bias,1.15515,0.0,0.0598,tp_sl,LOSS,SELL,1.15695,1.7142857142859484,1.15299,2.0571428571430115
True,,13927,3,2025-11-26 15:15:00+00:00,dt_bb_rsi_mr,1.15894,0.0,0.057,signal_reverse,LOSS,SELL,1.16004,0.95,1.15762,0.95
False,,13932,14,2025-11-26 16:30:00+00:00,london_fix_reversal,1.15963,0.0,0.0632,tp_sl,WIN,SELL,1.16101,1.2971698113206642,1.15823,0.794
False,,13992,5,2025-11-27 07:30:00+00:00,session_time_bias,1.15861,0.0,0.1121,tp_sl,WIN,SELL,1.15992,2.2557471264366287,1.15705,1.624
False,,13999,12,2025-11-27 09:15:00+00:00,sr_fib_confluence,1.15772,0.0,0.0929,tp_sl,LOSS,SELL,1.159,1.83333333333329,1.15641,1.8700000000000065
False,,14013,5,2025-11-27 12:45:00+00:00,session_time_bias,1.15824,0.0,0.1048,signal_reverse,LOSS,SELL,1.15964,1.548,1.15657,1.548
False,,14020,3,2025-11-27 14:30:00+00:00,sr_fib_confluence,1.15927,0.0,0.1012,tp_sl,WIN,BUY,1.15834,1.5053763440858556,1.16022,0.921
False,,14025,4,2025-11-27 15:45:00+00:00,sr_fib_confluence,1.15947,0.0,0.1012,tp_sl,WIN,BUY,1.15854,1.5053763440858556,1.16042,0.921
False,,14086,6,2025-11-28 07:00:00+00:00,sr_fib_confluence,1.15837,0.0,0.0528,tp_sl,WIN,SELL,1.16036,1.6124661246613399,1.15635,0.987
False,,14094,5,2025-11-28 09:00:00+00:00,sr_fib_confluence,1.15776,0.0,0.056,tp_sl,WIN,SELL,1.1595,1.501436781609078,1.15598,1.531465517241248
False,,14101,11,2025-11-28 10:45:00+00:00,session_time_bias,1.15583,0.0,0.0613,tp_sl,LOSS,SELL,1.15759,1.6666666666666927,1.15371,1.9999999999999054
False,2.505,14115,5,2025-11-28 14:15:00+00:00,trendline_sweep,1.15712,0.0,0.0675,tp_sl,LOSS,SELL,1.15906,2.087813620071753,1.15514,2.129569892473054
False,,14124,14,2025-11-28 16:30:00+00:00,xs_momentum,1.16022,0.0,0.0657,tp_sl,LOSS,BUY,1.15853,1.658496732026342,1.16194,1.6916666666669298
False,,14182,1,2025-12-01 07:00:00+00:00,squeeze_release_momentum,1.16003,0.0,0.1,tp_sl,WIN,BUY,1.15906,1.4923076923075622,1.1614,1.271
False,,14203,1,2025-12-01 12:15:00+00:00,xs_momentum,1.16352,0.0,0.089,tp_sl,WIN,BUY,1.16231,1.6666666666666352,1.16477,1.7000000000000652
False,,14208,1,2025-12-01 13:30:00+00:00,xs_momentum,1.1647,0.0,0.0804,tp_sl,LOSS,BUY,1.1634,1.6666666666667678,1.16603,1.699999999999921
False,,14211,4,2025-12-01 14:15:00+00:00,xs_momentum,1.16373,0.0,0.0765,tp_sl,LOSS,BUY,1.16237,1.666666666666754,1.16513,1.7000000000001432
False,,14217,7,2025-12-01 15:45:00+00:00,london_fix_reversal,1.16292,0.0,0.0738,tp_sl,LOSS,BUY,1.16186,1.2549019607844367,1.16401,1.2800000000002352
False,,14289,15,2025-12-02 09:45:00+00:00,orb_trap,1.16104,0.0,0.1016,tp_sl,WIN,BUY,1.15969,2.109374999999941,1.16242,1.291
False,1.897,14312,4,2025-12-02 15:30:00+00:00,ema200_trend_reversal,1.16112,0.0,0.0738,tp_sl,LOSS,BUY,1.15961,1.7843137254901302,1.16267,1.819999999999959
False,,14378,5,2025-12-03 08:00:00+00:00,lin_reg_channel,1.16433,0.0,0.1102,tp_sl,WIN,BUY,1.16344,1.497175141242961,1.16523,0.916
False,,14395,3,2025-12-03 12:15:00+00:00,xs_momentum,1.16684,0.0,0.0929,tp_sl,WIN,BUY,1.16569,1.6547619047619604,1.16803,1.013
False,1.986,14400,2,2025-12-03 13:30:00+00:00,xs_momentum,1.16722,0.0,0.086,tp_sl,LOSS,BUY,1.16601,1.6552511415524052,1.16846,1.6883561643835203
False,,14404,2,2025-12-03 14:30:00+00:00,xs_momentum,1.16613,0.0,0.0804,tp_sl,WIN,BUY,1.16437,2.2649572649573004,1.16793,1.386
False,,14409,8,2025-12-03 15:45:00+00:00,dual_sr_bounce,1.16602,0.0,0.069,tp_sl,WIN,BUY,1.16489,1.2500000000000149,1.16718,1.2750000000000932
False,,14473,1,2025-12-04 07:45:00+00:00,squeeze_release_momentum,1.16657,0.0,0.1161,tp_sl,WIN,BUY,1.16575,1.4821428571426545,1.16784,1.357
False,,14479,16,2025-12-04 09:15:00+00:00,post_news_vol,1.16789,0.0,0.0985,tp_sl,LOSS,BUY,1.1658,3.1818181818178313,1.17004,3.2454545454543426
False,,14497,2,2025-12-04 13:45:00+00:00,wick_imbalance_reversion,1.16654,0.0,0.0794,signal_reverse,LOSS,BUY,1.16498,0.07,1.16813,0.07
False,1.895,14501,6,2025-12-04 14:45:00+00:00,wick_imbalance_reversion,1.16704,0.0,0.0756,tp_sl,LOSS,BUY,1.16558,1.7670682730924423,1.16854,1.8024096385541468
False,,14509,14,2025-12-04 16:45:00+00:00,wick_imbalance_reversion,1.16596,0.0,0.0798,tp_sl,LOSS,BUY,1.16431,1.9642857142858943,1.16764,2.003571428571549
False,,14569,3,2025-12-05 07:45:00+00:00,sr_fib_confluence,1.16633,0.0,0.1121,tp_sl,LOSS,BUY,1.16528,1.824712643678247,1.16741,1.8612068965519346
False,,14574,9,2025-12-05 09:00:00+00:00,sr_fib_confluence,1.16528,0.0,0.1066,tp_sl,LOSS,BUY,1.16418,1.7896174863388739,1.16639,1.8254098360655566
False,,14587,2,2025-12-05 12:15:00+00:00,doji_breakout,1.16467,0.0,0.0942,tp_sl,WIN,BUY,1.16344,1.787439613526695,1.16593,1.094
True,,14603,6,2025-12-05 16:15:00+00:00,dt_bb_rsi_mr,1.16345,0.0,0.077,tp_sl,WIN,BUY,1.16258,0.9999999999999154,1.16449,1.2000000000000517
False,2.822,14662,4,2025-12-08 07:00:00+00:00,post_news_vol,1.1667,0.0,0.1102,tp_sl,LOSS,BUY,1.16506,2.7683615819209755,1.16836,2.8237288135592293
False,,14668,1,2025-12-08 08:30:00+00:00,sr_fib_confluence,1.16517,0.0,0.1048,tp_sl,WIN,BUY,1.16406,1.7876344086020433,1.1663,1.094
False,,14672,13,2025-12-08 09:30:00+00:00,ema200_trend_reversal,1.16538,0.0,0.0985,tp_sl,LOSS,BUY,1.1642,1.7929292929292637,1.16659,1.8287878787878153
False,1.791,14690,2,2025-12-08 14:00:00+00:00,squeeze_release_momentum,1.16533,0.0,0.0937,tp_sl,LOSS,BUY,1.16433,1.4925373134330029,1.16675,2.1186567164177714
False,,14697,1,2025-12-08 15:45:00+00:00,london_fix_reversal,1.16256,0.0,0.0815,tp_sl,LOSS,BUY,1.1616,1.2554112554114056,1.16355,1.2805194805193916
False,,14700,6,2025-12-08 16:30:00+00:00,wick_imbalance_reversion,1.1627,0.0,0.0817,tp_sl,WIN,BUY,1.16112,1.9207317073169294,1.1643,1.175
False,,14772,5,2025-12-09 10:30:00+00:00,session_time_bias,1.16403,0.0,0.0985,tp_sl,WIN,SELL,1.16552,2.2474747474746684,1.16226,1.618
False,,14779,3,2025-12-09 12:15:00+00:00,session_time_bias,1.16348,0.0,0.0929,tp_sl,WIN,SELL,1.16463,1.6547619047619604,1.16209,1.191
False,,14784,4,2025-12-09 13:30:00+00:00,dt_fib_reversal,1.16369,0.0,0.0872,signal_reverse,LOSS,BUY,1.16255,0.035,1.16486,0.035
False,,14790,1,2025-12-09 15:00:00+00:00,xs_momentum,1.16184,0.0,0.073,tp_sl,LOSS,SELL,1.16327,1.6666666666667413,1.16038,1.6999999999998283
False,,14793,1,2025-12-09 15:45:00+00:00,orb_trap,1.16291,0.0,0.0682,signal_reverse,WIN,BUY,1.16032,2.8170289855073585,1.16556,0.94
False,,14796,4,2025-12-09 16:30:00+00:00,sr_fib_confluence,1.16354,0.0,0.0736,tp_sl,WIN,SELL,1.16517,1.785714285714272,1.16189,1.093
False,,14854,2,2025-12-10 07:00:00+00:00,sr_fib_confluence,1.16378,0.0,0.13,tp_sl,WIN,BUY,1.16302,1.5000000000000568,1.16454,1.5300000000002534
False,,14858,1,2025-12-10 08:00:00+00:00,session_time_bias,1.16444,0.0,0.1121,signal_reverse,LOSS,SELL,1.16575,2.034,1.16286,2.034
False,2.067,14862,5,2025-12-10 09:00:00+00:00,sr_fib_confluence,1.1644,0.0,0.097,tp_sl,LOSS,BUY,1.16309,1.9402985074628043,1.16572,1.9791044776118483
False,,14869,7,2025-12-10 10:45:00+00:00,sr_fib_confluence,1.16334,0.0,0.0942,signal_reverse,LOSS,SELL,1.16458,0.957,1.16206,0.957
False,1.893,14878,7,2025-12-10 13:00:00+00:00,sr_fib_confluence,1.16326,0.0,0.0872,tp_sl,LOSS,SELL,1.16452,1.747685185185224,1.16197,1.7826388888888791
False,,14887,7,2025-12-10 15:15:00+00:00,orb_trap,1.16391,0.0,0.0775,tp_sl,LOSS,SELL,1.16547,1.9341563786006102,1.16231,1.9728395061728252
False,,14951,1,2025-12-11 07:15:00+00:00,intraday_seasonality,1.16959,0.0,0.1066,tp_sl,WIN,BUY,1.16821,2.2677595628418263,1.17101,1.388
False,,14954,1,2025-12-11 08:00:00+00:00,ema_cross,1.17007,0.0,0.0956,tp_sl,WIN,BUY,1.16891,1.7156862745099415,1.17127,1.05
False,,14970,5,2025-12-11 12:00:00+00:00,xs_momentum,1.17166,0.0,0.0878,tp_sl,WIN,BUY,1.17043,1.666666666666483,1.17292,1.6999999999999749
False,,14977,1,2025-12-11 13:45:00+00:00,xs_momentum,1.17316,0.0,0.0775,tp_sl,WIN,BUY,1.17181,1.6666666666666203,1.17454,1.6999999999999527
False,,14982,4,2025-12-11 15:00:00+00:00,xs_momentum,1.1747,0.0,0.0697,tp_sl,WIN,BUY,1.17268,2.2499999999999374,1.17677,1.377
False,,14988,9,2025-12-11 16:30:00+00:00,xs_momentum,1.17496,0.0,0.0744,tp_sl,WIN,BUY,1.17293,2.250000000000184,1.17702,1.377
False,1.927,15048,4,2025-12-12 07:30:00+00:00,wick_imbalance_reversion,1.17402,0.0,0.1048,tp_sl,LOSS,BUY,1.17288,1.8279569892474687,1.17517,1.864516129032153
True,,15054,4,2025-12-12 09:00:00+00:00,dt_bb_rsi_mr,1.17318,0.0,0.097,tp_sl,LOSS,BUY,1.17251,0.999999999999923,1.17399,1.2000000000000401
False,,15076,1,2025-12-12 14:30:00+00:00,sr_fib_confluence,1.17379,0.0,0.0896,tp_sl,WIN,BUY,1.17265,1.6309523809525979,1.17496,0.998
False,,15079,2,2025-12-12 15:15:00+00:00,sr_fib_confluence,1.17362,0.0,0.0848,tp_sl,WIN,BUY,1.17241,1.6441441441441131,1.17486,1.006
False,,15085,1,2025-12-12 16:45:00+00:00,london_fix_reversal,1.17317,0.0,0.087,tp_sl,WIN,BUY,1.17201,1.504329004329055,1.17435,0.921
False,,15146,1,2025-12-15 08:00:00+00:00,dt_bb_rsi_mr,1.17308,0.0,0.1066,tp_sl,WIN,BUY,1.17227,1.325136612022167,1.17405,0.954
False,,15150,11,2025-12-15 09:00:00+00:00,sr_anti_hunt_bounce,1.17423,0.0,0.0942,tp_sl,WIN,BUY,1.16718,10.205314009661759,1.18141,6.246
False,,15163,4,2025-12-15 12:15:00+00:00,xs_momentum,1.17552,0.0,0.1032,tp_sl,WIN,BUY,1.17448,1.6534391534390593,1.17659,1.012
False,,15169,2,2025-12-15 13:45:00+00:00,sr_fib_confluence,1.17469,0.0,0.0909,tp_sl,WIN,BUY,1.17347,1.7753623188406256,1.17594,1.8108695652175733
False,,15173,6,2025-12-15 14:45:00+00:00,xs_momentum,1.17639,0.0,0.0872,tp_sl,LOSS,BUY,1.17519,1.666666666666483,1.17762,1.6999999999998496
False,,15181,3,2025-12-15 16:45:00+00:00,lin_reg_channel,1.17562,0.0,0.087,tp_sl,LOSS,BUY,1.17446,1.504329004329055,1.1768,1.534415584415515
False,,15259,1,2025-12-16 12:15:00+00:00,wick_imbalance_reversion,1.1767,0.0,0.0903,tp_sl,WIN,BUY,1.17539,1.817129629629815,1.17803,1.112
False,,15264,1,2025-12-16 13:30:00+00:00,sr_fib_confluence,1.17643,0.0,0.0654,tp_sl,WIN,BUY,1.17446,2.057291666666729,1.17845,1.259
False,,15267,1,2025-12-16 14:15:00+00:00,xs_momentum,1.17836,0.0,0.0586,tp_sl,WIN,BUY,1.17658,1.6666666666667944,1.18018,1.02
False,1.841,15272,9,2025-12-16 15:30:00+00:00,sr_fib_confluence,1.17766,0.0,0.0555,tp_sl,LOSS,BUY,1.17593,1.5339233038348359,1.17943,1.5646017699114974
False,,15338,1,2025-12-17 08:00:00+00:00,orb_trap,1.17077,0.0,0.0855,tp_sl,LOSS,SELL,1.17191,1.50219298245634,1.1696,1.5322368421052799
False,,15344,7,2025-12-17 09:30:00+00:00,lin_reg_channel,1.17149,0.0,0.0833,tp_sl,WIN,SELL,1.17272,1.5705128205125765,1.17025,0.961
False,,15353,3,2025-12-17 11:45:00+00:00,session_time_bias,1.17084,0.0,0.0802,tp_sl,LOSS,SELL,1.17266,2.2427983539096292,1.16866,2.6913580246914455
False,,15358,1,2025-12-17 13:00:00+00:00,session_time_bias,1.17203,0.0,0.0738,signal_reverse,LOSS,SELL,1.17344,0.548,1.17034,0.548
False,,15361,2,2025-12-17 13:45:00+00:00,sr_fib_confluence,1.17321,0.0,0.0713,tp_sl,WIN,BUY,1.17174,1.6761363636364943,1.17472,1.026
False,,15365,2,2025-12-17 14:45:00+00:00,xs_momentum,1.17412,0.0,0.0713,tp_sl,WIN,BUY,1.17214,2.253787878788009,1.17615,1.379
False,,15371,14,2025-12-17 16:15:00+00:00,xs_momentum,1.17512,0.0,0.0736,signal_reverse,LOSS,BUY,1.17361,0.993,1.17666,0.993
True,0.577,15434,1,2025-12-18 08:00:00+00:00,dt_bb_rsi_mr,1.17358,0.0,0.1,tp_sl,LOSS,BUY,1.17324,0.5320512820515224,1.174,0.6384615384616219
False,,15437,1,2025-12-18 08:45:00+00:00,session_time_bias,1.17314,0.0,0.1,tp_sl,WIN,SELL,1.17459,2.243589743589753,1.17139,1.615
False,,15442,8,2025-12-18 10:00:00+00:00,session_time_bias,1.17176,0.0,0.0929,tp_sl,WIN,SELL,1.17292,1.6666666666668004,1.17036,1.2
False,2.0,15452,2,2025-12-18 12:30:00+00:00,xs_momentum,1.17132,0.0,0.0942,tp_sl,LOSS,SELL,1.17247,1.666666666666644,1.17015,1.6999999999998097
False,,15456,1,2025-12-18 13:30:00+00:00,intraday_seasonality,1.17397,0.0,0.0668,tp_sl,WIN,BUY,1.17184,2.2695035460995134,1.17615,1.389
False,,15459,4,2025-12-18 14:15:00+00:00,sr_fib_confluence,1.17391,0.0,0.0576,tp_sl,LOSS,BUY,1.17187,1.8730886850153388,1.176,1.9105504587155844
False,1.907,15466,3,2025-12-18 16:00:00+00:00,sr_fib_confluence,1.17423,0.0,0.0549,tp_sl,LOSS,BUY,1.17209,1.7486338797815923,1.1764,1.783606557377195
False,,15528,22,2025-12-19 07:30:00+00:00,session_time_bias,1.17075,0.0,0.0985,tp_sl,WIN,SELL,1.17185,1.666666666666483,1.16944,1.2
False,,15552,1,2025-12-19 13:30:00+00:00,sr_fib_confluence,1.17135,0.0,0.0848,signal_reverse,LOSS,SELL,1.17227,2.832,1.1704,2.832
True,,15555,1,2025-12-19 14:15:00+00:00,dt_bb_rsi_mr,1.17318,0.0,0.0775,tp_sl,WIN,SELL,1.17399,0.9999999999999721,1.17221,0.72
False,,15558,2,2025-12-19 15:00:00+00:00,sr_fib_confluence,1.17232,0.0,0.0775,tp_sl,LOSS,BUY,1.17088,1.7798353909466489,1.17379,1.815432098765346
False,,15562,13,2025-12-19 16:00:00+00:00,london_fix_reversal,1.17154,0.0,0.077,tp_sl,WIN,BUY,1.17023,1.5038314176246745,1.17287,0.92
False,,15642,3,2025-12-22 12:00:00+00:00,xs_momentum,1.17386,0.0,0.0915,tp_sl,WIN,BUY,1.17227,2.2417840375583604,1.17549,1.372
False,,15648,3,2025-12-22 13:30:00+00:00,xs_momentum,1.17541,0.0,0.0848,tp_sl,WIN,BUY,1.17418,1.666666666666483,1.17667,1.02
False,,15654,2,2025-12-22 15:00:00+00:00,xs_momentum,1.17603,0.0,0.0815,tp_sl,WIN,BUY,1.17475,1.6666666666669157,1.17734,1.02
False,,15718,1,2025-12-23 07:00:00+00:00,lin_reg_channel,1.17728,0.0,0.1182,tp_sl,WIN,BUY,1.17645,1.5000000000001374,1.17812,0.918
False,,15724,2,2025-12-23 08:30:00+00:00,sr_anti_hunt_bounce,1.17827,0.0,0.1032,tp_sl,WIN,BUY,1.1712,11.230158730158639,1.18549,6.873
False,,15738,2,2025-12-23 12:00:00+00:00,xs_momentum,1.17996,0.0,0.0942,tp_sl,LOSS,BUY,1.17881,1.666666666666644,1.18114,1.6999999999998097
False,1.837,15743,1,2025-12-23 13:15:00+00:00,xs_momentum,1.17878,0.0,0.0872,tp_sl,LOSS,BUY,1.17757,1.678240740740633,1.18002,1.7118055555555134
False,,15748,15,2025-12-23 14:30:00+00:00,dt_fib_reversal,1.17756,0.0,0.0775,tp_sl,LOSS,BUY,1.17625,1.6255144032921391,1.17891,1.658024691357867
True,,15819,1,2025-12-24 08:15:00+00:00,dt_bb_rsi_mr,1.17826,0.0,0.0942,tp_sl,WIN,BUY,1.17765,0.8876811594204738,1.179,1.0652173913045684
False,,15838,6,2025-12-24 13:00:00+00:00,dt_fib_reversal,1.17896,0.0,0.0937,tp_sl,LOSS,BUY,1.17795,1.5049751243780265,1.17999,1.5350746268654876
False,,15852,8,2025-12-24 16:30:00+00:00,ema200_trend_reversal,1.17795,0.0,0.1015,tp_sl,WIN,BUY,1.1771,1.2878787878788143,1.17881,0.788
True,,15903,1,2025-12-26 07:45:00+00:00,dt_bb_rsi_mr,1.17738,0.0,0.0956,tp_sl,LOSS,BUY,1.17685,0.765931372548976,1.178,0.9191176470586406
False,,15906,2,2025-12-26 08:30:00+00:00,dt_sr_channel_reversal,1.17705,0.0,0.089,tp_sl,WIN,BUY,1.17577,1.7579908675801714,1.17836,1.076
False,,15910,6,2025-12-26 09:30:00+00:00,session_time_bias,1.17684,0.0,0.0903,tp_sl,LOSS,SELL,1.17805,1.6666666666667913,1.1754,2.0000000000001497
False,,15918,5,2025-12-26 11:30:00+00:00,squeeze_release_momentum,1.17797,0.0,0.0929,tp_sl,WIN,BUY,1.17692,1.4999999999999933,1.17958,1.377
False,,15925,1,2025-12-26 13:15:00+00:00,session_time_bias,1.17903,0.0,0.0848,signal_reverse,LOSS,SELL,1.18026,0.048,1.17755,0.048
False,1.754,15929,5,2025-12-26 14:15:00+00:00,sr_fib_confluence,1.17892,0.0,0.0872,tp_sl,LOSS,BUY,1.17783,1.516203703703768,1.18004,1.5465277777780715
False,,15939,12,2025-12-26 16:45:00+00:00,dt_bb_rsi_mr,1.17658,0.0,0.0838,tp_sl,WIN,BUY,1.17514,1.8020833333332043,1.17805,1.103
False,,15995,2,2025-12-29 07:00:00+00:00,sr_fib_confluence,1.17673,0.0,0.1048,signal_reverse,LOSS,SELL,1.17784,1.661,1.17559,1.661
False,,15999,1,2025-12-29 08:00:00+00:00,sr_fib_confluence,1.17746,0.0,0.0985,tp_sl,WIN,BUY,1.17627,1.8055555555552727,1.17868,1.105
False,,16003,1,2025-12-29 09:00:00+00:00,sr_fib_confluence,1.17761,0.0,0.0833,tp_sl,WIN,BUY,1.17643,1.5064102564101618,1.1788,1.536538461538308
False,1.377,16006,3,2025-12-29 09:45:00+00:00,sr_fib_confluence,1.17768,0.0,0.0802,tp_sl,LOSS,BUY,1.17658,1.3580246913581493,1.17881,1.3851851851852686
False,,16012,2,2025-12-29 11:15:00+00:00,dt_bb_rsi_mr,1.17637,0.0,0.0774,tp_sl,WIN,BUY,1.17487,1.7857142857143533,1.1779,1.093
True,,16016,1,2025-12-29 12:15:00+00:00,dt_sr_channel_reversal,1.17627,0.0,0.0793,tp_sl,LOSS,BUY,1.17567,0.7367886178862669,1.177,0.8841463414635203
False,1.955,16020,3,2025-12-29 13:15:00+00:00,session_time_bias,1.17615,0.0,0.0765,tp_sl,LOSS,SELL,1.17751,1.656504065040671,1.17452,1.9878048780488053
True,,16026,2,2025-12-29 14:45:00+00:00,dt_bb_rsi_mr,1.17824,0.0,0.0756,tp_sl,WIN,SELL,1.17907,1.0000000000001306,1.17724,1.1999999999999962
False,,16030,2,2025-12-29 15:45:00+00:00,london_fix_reversal,1.17669,0.0,0.0661,tp_sl,WIN,SELL,1.17787,1.2499999999998916,1.17548,1.2750000000001138
False,,16099,5,2025-12-30 09:00:00+00:00,sr_fib_confluence,1.17674,0.0,0.1,signal_reverse,LOSS,SELL,1.17794,1.385,1.17552,1.385
False,,16106,2,2025-12-30 10:45:00+00:00,session_time_bias,1.17731,0.0,0.097,tp_sl,WIN,SELL,1.17882,2.2636815920397173,1.17549,1.63
False,,16110,4,2025-12-30 11:45:00+00:00,sr_fib_confluence,1.17658,0.0,0.097,tp_sl,WIN,SELL,1.17773,1.7039800995023826,1.17542,1.7380597014922248
False,,16116,8,2025-12-30 13:15:00+00:00,sr_fib_confluence,1.17594,0.0,0.0896,tp_sl,WIN,SELL,1.17705,1.5833333333332382,1.17481,1.6150000000002076
False,,16126,15,2025-12-30 15:45:00+00:00,sr_fib_confluence,1.17589,0.0,0.0765,tp_sl,WIN,SELL,1.17741,1.859756097560974,1.17433,1.138
False,,16187,1,2025-12-31 07:00:00+00:00,adx_trend_continuation,1.17331,0.0,0.1161,tp_sl,WIN,SELL,1.17447,2.0833333333335005,1.17212,1.275
False,,16191,1,2025-12-31 08:00:00+00:00,session_time_bias,1.17344,0.0,0.1083,tp_sl,WIN,SELL,1.17443,1.6527777777778734,1.17224,1.19
False,,16194,1,2025-12-31 08:45:00+00:00,session_time_bias,1.17222,0.0,0.0985,tp_sl,LOSS,SELL,1.17332,1.6666666666668195,1.1709,1.9999999999999816
False,,16197,3,2025-12-31 09:30:00+00:00,sr_fib_confluence,1.17366,0.0,0.0915,tp_sl,WIN,SELL,1.17501,1.8896713615025302,1.1723,1.156
False,,16204,2,2025-12-31 11:15:00+00:00,session_time_bias,1.17393,0.0,0.0942,tp_sl,LOSS,SELL,1.17508,1.6545893719808964,1.17256,1.985507246376947
False,1.819,16208,5,2025-12-31 12:15:00+00:00,xs_momentum,1.17541,0.0,0.0942,tp_sl,LOSS,BUY,1.17426,1.666666666666644,1.17659,1.6999999999998097
False,,16215,1,2025-12-31 14:00:00+00:00,sr_fib_confluence,1.17394,0.0,0.0815,signal_reverse,LOSS,BUY,1.1727,0.786,1.17521,0.786
False,,16218,2,2025-12-31 14:45:00+00:00,trendline_sweep,1.17296,0.0,0.0815,tp_sl,WIN,SELL,1.17676,4.935064935064968,1.16908,3.02
False,,16222,2,2025-12-31 15:45:00+00:00,sr_fib_confluence,1.17436,0.0,0.0675,tp_sl,WIN,SELL,1.17601,1.7741935483872595,1.17267,1.086
False,,16226,6,2025-12-31 16:45:00+00:00,london_fix_reversal,1.17354,0.0,0.0713,tp_sl,WIN,BUY,1.17213,1.498226950354504,1.17497,1.528191489361769
False,,16274,1,2026-01-02 07:15:00+00:00,sr_fib_confluence,1.17405,0.0,0.1161,tp_sl,WIN,SELL,1.17494,1.592261904762027,1.17314,1.6241071428573546
False,,16277,1,2026-01-02 08:00:00+00:00,session_time_bias,1.17342,0.0,0.1048,tp_sl,WIN,SELL,1.17447,1.680107526881625,1.17217,1.21
False,,16288,2,2026-01-02 10:45:00+00:00,htf_false_breakout,1.17213,0.0,0.0833,signal_reverse,LOSS,BUY,1.17077,0.308,1.17353,0.308
False,,16292,3,2026-01-02 11:45:00+00:00,dt_sr_channel_reversal,1.17224,0.0,0.0855,signal_reverse,WIN,BUY,1.17094,1.7105263157895774,1.17357,0.053
False,,16298,6,2026-01-02 13:15:00+00:00,session_time_bias,1.17208,0.0,0.0848,signal_reverse,LOSS,SELL,1.17331,1.845,1.1706,1.845
False,,16306,1,2026-01-02 15:15:00+00:00,xs_momentum,1.17354,0.0,0.0815,tp_sl,WIN,BUY,1.17182,2.24025974025971,1.1753,1.371
False,,16309,1,2026-01-02 16:00:00+00:00,london_fix_reversal,1.17436,0.0,0.0788,signal_reverse,WIN,SELL,1.17564,1.4999999999999,1.17306,0.701
False,1.663,16312,4,2026-01-02 16:45:00+00:00,sr_fib_confluence,1.1738,0.0,0.0798,tp_sl,LOSS,BUY,1.17246,1.5873015873016767,1.17516,1.6190476190476522
False,,16369,7,2026-01-05 07:00:00+00:00,adx_trend_continuation,1.16851,0.0,0.1,tp_sl,WIN,SELL,1.16986,2.076923076923019,1.16713,1.271
False,,16382,9,2026-01-05 10:15:00+00:00,session_time_bias,1.16817,0.0,0.0802,tp_sl,WIN,SELL,1.16953,1.6769547325103091,1.16654,1.207
False,,16393,1,2026-01-05 13:00:00+00:00,session_time_bias,1.16646,0.0,0.0738,tp_sl,WIN,SELL,1.16787,1.666666666666614,1.16476,1.2
False,,16396,2,2026-01-05 13:45:00+00:00,htf_false_breakout,1.16751,0.0,0.0697,tp_sl,WIN,BUY,1.16502,2.7685185185186456,1.17005,1.694
False,,16400,1,2026-01-05 14:45:00+00:00,sr_fib_confluence,1.16832,0.0,0.0697,signal_reverse,LOSS,SELL,1.16944,1.484,1.16717,1.484
False,,16403,1,2026-01-05 15:30:00+00:00,sr_fib_confluence,1.16972,0.0,0.069,tp_sl,WIN,BUY,1.16859,1.2500000000000149,1.17088,1.2750000000000932
False,,16406,1,2026-01-05 16:15:00+00:00,london_fix_reversal,1.17093,0.0,0.0728,signal_reverse,LOSS,SELL,1.17208,0.635,1.16976,0.635
False,2.109,16467,5,2026-01-06 07:30:00+00:00,dual_sr_bounce,1.17341,0.0,0.1016,tp_sl,LOSS,BUY,1.17228,1.7578125000000664,1.17455,1.7929687499997764
True,,16475,5,2026-01-06 09:30:00+00:00,dt_bb_rsi_mr,1.17141,0.0,0.0813,tp_sl,LOSS,BUY,1.1706,1.0000000000001674,1.17237,1.2000000000000899
False,,16482,1,2026-01-06 11:15:00+00:00,dt_fib_reversal,1.17091,0.0,0.0823,signal_reverse,LOSS,BUY,1.16956,0.494,1.1723,0.494
False,,16485,1,2026-01-06 12:00:00+00:00,dt_sr_channel_reversal,1.17124,0.0,0.0844,signal_reverse,LOSS,BUY,1.16996,1.429,1.17254,1.429
False,,16488,4,2026-01-06 12:45:00+00:00,xs_momentum,1.17006,0.0,0.0813,tp_sl,LOSS,SELL,1.1714,1.666666666666483,1.16871,1.6999999999997573
False,,16497,2,2026-01-06 15:00:00+00:00,xs_momentum,1.16943,0.0,0.0668,tp_sl,WIN,SELL,1.17099,1.666666666666483,1.16783,1.02
False,,16501,15,2026-01-06 16:00:00+00:00,xs_momentum,1.16911,0.0,0.0684,tp_sl,WIN,SELL,1.17089,1.8112244897960021,1.1673,1.108
False,,16563,1,2026-01-07 07:30:00+00:00,session_time_bias,1.16861,0.0,0.1048,tp_sl,WIN,SELL,1.16999,2.231182795698858,1.16695,1.606
False,,16566,1,2026-01-07 08:15:00+00:00,session_time_bias,1.16745,0.0,0.0956,tp_sl,LOSS,SELL,1.16859,1.6666666666668095,1.16609,2.000000000000041
False,,16569,15,2026-01-07 09:00:00+00:00,session_time_bias,1.16827,0.0,0.0903,tp_sl,LOSS,SELL,1.16988,2.2337962962964357,1.16634,2.6805555555555376
False,,16588,4,2026-01-07 13:45:00+00:00,session_time_bias,1.16906,0.0,0.0848,tp_sl,WIN,SELL,1.17074,2.2747747747746745,1.16704,1.638
False,,16657,3,2026-01-08 07:00:00+00:00,sr_anti_hunt_bounce,1.16776,0.0,0.1182,tp_sl,WIN,SELL,1.174,11.36363636363612,1.16138,6.955
False,,16662,3,2026-01-08 08:15:00+00:00,session_time_bias,1.16742,0.0,0.1121,tp_sl,WIN,SELL,1.16839,1.681034482758914,1.16624,1.21
False,,16667,1,2026-01-08 09:30:00+00:00,session_time_bias,1.16701,0.0,0.1102,tp_sl,LOSS,SELL,1.168,1.6666666666666712,1.16583,1.9999999999999303
False,,16670,6,2026-01-08 10:15:00+00:00,session_time_bias,1.16768,0.0,0.1048,tp_sl,WIN,SELL,1.16871,1.666666666666483,1.16644,1.2
False,,16679,3,2026-01-08 12:30:00+00:00,session_time_bias,1.16717,0.0,0.1102,tp_sl,WIN,SELL,1.16814,1.652542372881268,1.166,1.19
False,,16684,2,2026-01-08 13:45:00+00:00,session_time_bias,1.16622,0.0,0.0951,tp_sl,WIN,SELL,1.16731,1.6540404040404741,1.16491,1.191
False,,16690,1,2026-01-08 15:15:00+00:00,sr_fib_confluence,1.1669,0.0,0.0884,tp_sl,WIN,SELL,1.16817,1.7957746478872043,1.1656,1.099
False,,16693,1,2026-01-08 16:00:00+00:00,london_fix_reversal,1.16573,0.0,0.0905,tp_sl,WIN,SELL,1.16666,1.2500000000000875,1.16479,0.765
False,,16696,2,2026-01-08 16:45:00+00:00,london_fix_reversal,1.16535,0.0,0.0918,tp_sl,WIN,SELL,1.16627,1.2500000000001286,1.16442,1.274999999999973
False,,16753,1,2026-01-09 07:00:00+00:00,ema_cross,1.16444,0.0,0.1161,tp_sl,WIN,SELL,1.16537,1.6517857142854333,1.1635,1.011
False,,16756,1,2026-01-09 07:45:00+00:00,intraday_seasonality,1.16501,0.0,0.1083,tp_sl,WIN,SELL,1.16636,2.2500000000003073,1.16363,1.377
False,,16759,6,2026-01-09 08:30:00+00:00,session_time_bias,1.1642,0.0,0.1016,tp_sl,WIN,SELL,1.16526,1.6536458333330644,1.16294,1.191
False,,16769,4,2026-01-09 11:00:00+00:00,session_time_bias,1.16433,0.0,0.1,tp_sl,WIN,SELL,1.16542,1.6794871794872508,1.16302,1.209
False,2.0,16775,3,2026-01-09 12:30:00+00:00,session_time_bias,1.16404,0.0,0.1048,tp_sl,LOSS,SELL,1.16508,1.666666666666483,1.16281,1.9999999999998515
False,,16780,1,2026-01-09 13:45:00+00:00,inducement_ob,1.16441,0.0,0.0721,tp_sl,WIN,SELL,1.16696,2.9310344827586805,1.16181,1.794
False,,16783,1,2026-01-09 14:30:00+00:00,london_ny_swing,1.16332,0.0,0.0661,tp_sl,WIN,SELL,1.16569,2.500000000000017,1.16089,1.53
False,,16852,3,2026-01-12 08:00:00+00:00,dt_sr_channel_reversal,1.16778,0.0,0.0802,tp_sl,LOSS,SELL,1.16928,1.8621399176953368,1.16624,1.8993827160492436
False,,16859,8,2026-01-12 09:45:00+00:00,orb_trap,1.16807,0.0,0.0756,signal_reverse,LOSS,SELL,1.1707,0.465,1.1654,0.465
False,,16869,2,2026-01-12 12:15:00+00:00,session_time_bias,1.16814,0.0,0.0833,signal_reverse,LOSS,SELL,1.16945,1.436,1.16658,1.436
False,,16873,2,2026-01-12 13:15:00+00:00,session_time_bias,1.16887,0.0,0.073,tp_sl,WIN,SELL,1.17078,2.2286821705425193,1.16657,1.605
False,,16881,1,2026-01-12 15:15:00+00:00,dual_sr_bounce,1.16756,0.0,0.0784,tp_sl,LOSS,SELL,1.16856,1.2500000000001399,1.16654,1.2750000000000261
False,,16884,23,2026-01-12 16:00:00+00:00,intraday_seasonality,1.16744,0.0,0.0798,tp_sl,WIN,SELL,1.16933,2.2519841269840772,1.16551,1.378
False,,16946,5,2026-01-13 07:30:00+00:00,session_time_bias,1.16593,0.0,0.1102,tp_sl,LOSS,SELL,1.16691,1.652542372881268,1.16477,1.9830508474574462
False,,16956,9,2026-01-13 10:00:00+00:00,session_time_bias,1.16712,0.0,0.1,tp_sl,WIN,SELL,1.1682,1.666666666666654,1.16582,2.0000000000001212
False,,16967,1,2026-01-13 12:45:00+00:00,trendline_sweep,1.16545,0.0,0.097,tp_sl,WIN,SELL,1.16787,3.6069651741291215,1.16299,2.207
False,,16970,3,2026-01-13 13:30:00+00:00,sr_fib_confluence,1.16663,0.0,0.0756,tp_sl,WIN,SELL,1.16776,1.3654618473896754,1.16547,0.836
False,,16975,1,2026-01-13 14:45:00+00:00,sr_fib_confluence,1.16626,0.0,0.073,tp_sl,WIN,SELL,1.1677,1.6763565891471668,1.16479,1.7098837209301514
True,,17040,2,2026-01-14 07:00:00+00:00,dt_bb_rsi_mr,1.16481,0.0,0.13,tp_sl,WIN,SELL,1.16531,0.9999999999998899,1.16421,0.72
False,,17044,9,2026-01-14 08:00:00+00:00,session_time_bias,1.1644,0.0,0.1226,tp_sl,LOSS,SELL,1.1656,2.2641509433959772,1.16297,2.716981132075256
False,,17056,3,2026-01-14 11:00:00+00:00,session_time_bias,1.16494,0.0,0.1032,tp_sl,WIN,SELL,1.16634,2.2354497354495773,1.16325,1.61
False,2.347,17061,1,2026-01-14 12:15:00+00:00,session_time_bias,1.1645,0.0,0.1048,tp_sl,LOSS,SELL,1.1659,2.2715053763442836,1.1628,2.7258064516132117
False,,17064,1,2026-01-14 13:00:00+00:00,session_time_bias,1.16501,0.0,0.0872,signal_reverse,LOSS,SELL,1.16662,0.41,1.16307,0.41
False,,17067,14,2026-01-14 13:45:00+00:00,session_time_bias,1.16492,0.0,0.0837,tp_sl,LOSS,SELL,1.16661,2.2555555555555293,1.16289,2.706666666666635
False,,17137,21,2026-01-15 07:15:00+00:00,trendline_sweep,1.16264,0.0,0.1102,tp_sl,WIN,SELL,1.16434,2.8954802259884755,1.16089,1.772
False,,17161,1,2026-01-15 13:15:00+00:00,session_time_bias,1.16179,0.0,0.0937,tp_sl,WIN,SELL,1.1629,1.6666666666666488,1.16045,1.999999999999846
False,,17166,6,2026-01-15 14:30:00+00:00,xs_momentum,1.15947,0.0,0.073,tp_sl,LOSS,SELL,1.1609,1.6666666666667413,1.15801,1.6999999999998283
False,,17174,14,2026-01-15 16:30:00+00:00,xs_momentum,1.16074,0.0,0.0798,tp_sl,LOSS,SELL,1.16215,1.676587301587183,1.15931,1.7101190476191221
False,,17235,19,2026-01-16 07:45:00+00:00,session_time_bias,1.16112,0.0,0.1121,signal_reverse,LOSS,SELL,1.16242,1.397,1.15955,1.397
False,,17256,8,2026-01-16 13:00:00+00:00,trendline_sweep,1.1614,0.0,0.1012,tp_sl,WIN,SELL,1.16271,2.110215053763656,1.16006,1.291
False,1.833,17266,1,2026-01-16 15:30:00+00:00,xs_momentum,1.1589,0.0,0.0713,tp_sl,LOSS,SELL,1.16037,1.6761363636364943,1.15739,1.7096590909091132
False,,17269,9,2026-01-16 16:15:00+00:00,xs_momentum,1.15974,0.0,0.0713,tp_sl,WIN,SELL,1.16131,1.6666666666667194,1.15814,1.02
True,,17329,1,2026-01-19 07:15:00+00:00,dt_bb_rsi_mr,1.16349,0.0,0.0823,tp_sl,WIN,SELL,1.16389,0.5116033755275454,1.163,0.6139240506329984
False,,17332,5,2026-01-19 08:00:00+00:00,session_time_bias,1.16207,0.0,0.0793,tp_sl,WIN,SELL,1.16345,1.6768292682928367,1.16042,1.207
False,1.685,17341,16,2026-01-19 10:15:00+00:00,session_time_bias,1.16219,0.0,0.0774,tp_sl,LOSS,SELL,1.16358,1.6567460317460474,1.16051,1.9880952380953099
True,,17360,2,2026-01-19 15:00:00+00:00,dt_bb_rsi_mr,1.1637,0.0,0.0884,signal_reverse,LOSS,SELL,1.16428,0.473,1.163,0.473
False,,17364,10,2026-01-19 16:00:00+00:00,xs_momentum,1.16441,0.0,0.0918,tp_sl,WIN,BUY,1.16276,2.2602739726029473,1.16609,1.383
False,,17428,1,2026-01-20 08:00:00+00:00,post_news_vol,1.17005,0.0,0.0793,tp_sl,WIN,BUY,1.16665,4.136178861788636,1.1735,2.531
False,1.753,17444,4,2026-01-20 12:00:00+00:00,xs_momentum,1.17392,0.0,0.0657,tp_sl,LOSS,BUY,1.17227,1.658249158249256,1.17559,1.6914141414141648
False,,17450,12,2026-01-20 13:30:00+00:00,xs_momentum,1.1736,0.0,0.0486,tp_sl,LOSS,BUY,1.17144,1.6731266149871973,1.1758,1.7065891472869688
True,,17526,4,2026-01-21 08:30:00+00:00,dt_bb_rsi_mr,1.17097,0.0,0.0833,tp_sl,LOSS,BUY,1.17019,1.0000000000000038,1.17191,1.2000000000000615
False,,17534,2,2026-01-21 10:30:00+00:00,htf_false_breakout,1.17081,0.0,0.0878,tp_sl,WIN,BUY,1.16939,1.9256756756756888,1.17227,1.179
False,,17540,2,2026-01-21 12:00:00+00:00,sr_fib_confluence,1.17213,0.0,0.0823,tp_sl,WIN,BUY,1.17073,1.7616033755271618,1.17354,1.7968354430378568
False,,17544,2,2026-01-21 13:00:00+00:00,xs_momentum,1.17362,0.0,0.0794,tp_sl,WIN,BUY,1.17184,2.2573839662448987,1.17544,1.382
False,1.546,17548,4,2026-01-21 14:00:00+00:00,sr_fib_confluence,1.17251,0.0,0.0647,tp_sl,LOSS,BUY,1.17126,1.2886597938144055,1.17379,1.3144329896908629
True,0.545,17554,1,2026-01-21 15:30:00+00:00,dt_bb_rsi_mr,1.17143,0.0,0.0603,tp_sl,LOSS,BUY,1.17096,0.45452724358975893,1.172,0.5454326923077107
False,1.649,17559,9,2026-01-21 16:45:00+00:00,london_fix_reversal,1.17038,0.0,0.0615,tp_sl,LOSS,BUY,1.16874,1.498470948012271,1.17204,1.528440366972427
False,,17625,7,2026-01-22 09:15:00+00:00,squeeze_release_momentum,1.16934,0.0,0.0878,tp_sl,WIN,BUY,1.16823,1.499999999999925,1.17104,1.378
False,,17636,3,2026-01-22 12:00:00+00:00,xs_momentum,1.17043,0.0,0.089,tp_sl,WIN,BUY,1.16923,1.6552511415524052,1.17167,1.013
False,,17641,2,2026-01-22 13:15:00+00:00,xs_momentum,1.17136,0.0,0.0826,tp_sl,WIN,BUY,1.1701,1.666666666666775,1.17265,1.02
False,,17645,2,2026-01-22 14:15:00+00:00,xs_momentum,1.17148,0.0,0.0794,tp_sl,WIN,BUY,1.16972,2.2362869198312585,1.17328,1.369
False,,17649,2,2026-01-22 15:15:00+00:00,xs_momentum,1.17288,0.0,0.0775,tp_sl,WIN,BUY,1.17153,1.6666666666666203,1.17426,1.6999999999999527
False,,17654,1,2026-01-22 16:30:00+00:00,xs_momentum,1.17427,0.0,0.0779,tp_sl,LOSS,BUY,1.17283,1.6666666666667413,1.17573,1.7000000000000866
True,,17712,1,2026-01-23 07:00:00+00:00,dt_bb_rsi_mr,1.17426,0.0,0.1204,tp_sl,LOSS,BUY,1.17372,0.9999999999999721,1.17491,1.1999999999999664
False,,17718,24,2026-01-23 08:30:00+00:00,orb_trap,1.17457,0.0,0.0855,tp_sl,LOSS,BUY,1.17155,3.969298245614036,1.17764,4.048684210526311
False,,17748,1,2026-01-23 16:00:00+00:00,sr_fib_confluence,1.17475,0.0,0.0817,tp_sl,WIN,BUY,1.17369,1.290650406504126,1.17583,1.3164634146342953
False,,17751,1,2026-01-23 16:45:00+00:00,xs_momentum,1.17712,0.0,0.0744,tp_sl,WIN,BUY,1.17562,1.6666666666667298,1.17865,1.7000000000000348
False,,17815,6,2026-01-26 08:45:00+00:00,orb_trap,1.18541,0.0,0.0586,tp_sl,WIN,BUY,1.18218,2.9054054054054355,1.18869,1.778
False,1.714,17823,7,2026-01-26 10:45:00+00:00,ema_cross,1.1861,0.0,0.0591,tp_sl,LOSS,BUY,1.1843,1.643939393939465,1.18795,1.676818181818206
False,,17838,3,2026-01-26 14:30:00+00:00,london_ny_swing,1.187,0.0,0.0628,tp_sl,WIN,BUY,1.18469,2.3083333333333567,1.18936,1.413
False,1.729,17843,5,2026-01-26 15:45:00+00:00,xs_momentum,1.18958,0.0,0.0592,tp_sl,LOSS,BUY,1.18782,1.6588050314465153,1.19138,1.691981132075475
True,0.912,17904,2,2026-01-27 07:00:00+00:00,dt_bb_rsi_mr,1.18732,0.0,0.0878,tp_sl,LOSS,BUY,1.18676,0.760135135135164,1.188,0.9121621621621367
False,,17911,3,2026-01-27 08:45:00+00:00,dt_fib_reversal,1.18612,0.0,0.0783,tp_sl,WIN,BUY,1.18477,1.6265060240963403,1.18749,1.6590361445782669
False,,17917,5,2026-01-27 10:15:00+00:00,ema_cross,1.18815,0.0,0.0677,tp_sl,WIN,BUY,1.18651,1.7013888888889328,1.18981,1.041
False,,17924,1,2026-01-27 12:00:00+00:00,xs_momentum,1.19067,0.0,0.065,tp_sl,WIN,BUY,1.18901,1.6583333333335393,1.19236,1.691500000000179
False,,17927,6,2026-01-27 12:45:00+00:00,xs_momentum,1.1929,0.0,0.056,tp_sl,WIN,BUY,1.1903,2.2485632183907964,1.19557,1.376
False,,17936,6,2026-01-27 15:00:00+00:00,xs_momentum,1.19672,0.0,0.0436,tp_sl,WIN,BUY,1.19433,1.6608796296295623,1.19916,1.016
False,,18005,1,2026-01-28 08:15:00+00:00,orb_trap,1.19976,0.0,0.0496,tp_sl,LOSS,BUY,1.19755,1.6921119592875997,1.20203,1.7259541984733349
True,,18009,1,2026-01-28 09:15:00+00:00,dt_bb_rsi_mr,1.19836,0.0,0.0492,tp_sl,WIN,BUY,1.19784,0.4008838383840255,1.199,0.4810606060607297
False,,18012,4,2026-01-28 10:00:00+00:00,dt_fib_reversal,1.1986,0.0,0.0504,tp_sl,LOSS,BUY,1.19664,1.5245478036177476,1.20061,1.5550387596900577
True,,18019,5,2026-01-28 11:45:00+00:00,dt_bb_rsi_mr,1.19687,0.0,0.0508,tp_sl,WIN,BUY,1.19559,0.9999999999999591,1.1984,0.72
True,,18026,4,2026-01-28 13:30:00+00:00,dt_bb_rsi_mr,1.1963,0.0,0.0502,tp_sl,WIN,BUY,1.19505,0.9999999999999787,1.1978,0.72
False,1.428,18038,9,2026-01-28 16:30:00+00:00,london_fix_reversal,1.19339,0.0,0.0394,tp_sl,LOSS,BUY,1.19126,1.2499999999999603,1.19555,1.2750000000000588
False,2.696,18100,6,2026-01-29 08:00:00+00:00,orb_trap,1.19816,0.0,0.067,tp_sl,LOSS,BUY,1.19561,2.628865979381268,1.20076,2.681443298968921
True,,18112,6,2026-01-29 11:00:00+00:00,dt_bb_rsi_mr,1.19484,0.0,0.0657,tp_sl,WIN,BUY,1.19385,1.0000000000000469,1.19603,1.1999999999999664
False,2.702,18127,1,2026-01-29 14:45:00+00:00,xs_momentum,1.19706,0.0,0.055,tp_sl,LOSS,BUY,1.1945,2.2514619883042353,1.19968,2.296491228070378
False,,18130,1,2026-01-29 15:30:00+00:00,wick_imbalance_reversion,1.19138,0.0,0.0395,tp_sl,WIN,BUY,1.1878,2.2536687631026866,1.19504,1.379
False,,18134,15,2026-01-29 16:30:00+00:00,london_fix_reversal,1.19448,0.0,0.0419,tp_sl,WIN,BUY,1.19248,1.250000000000001,1.19652,1.2750000000000261
False,,18192,2,2026-01-30 07:00:00+00:00,adx_trend_continuation,1.19175,0.0,0.0551,signal_reverse,LOSS,SELL,1.19426,1.754,1.18918,1.754
False,,18196,4,2026-01-30 08:00:00+00:00,sr_fib_confluence,1.19402,0.0,0.056,signal_reverse,LOSS,BUY,1.19212,1.914,1.19596,1.914
False,,18202,1,2026-01-30 09:30:00+00:00,session_time_bias,1.19135,0.0,0.0551,tp_sl,WIN,SELL,1.1933,1.6596045197741578,1.189,1.195
False,,18206,2,2026-01-30 10:30:00+00:00,session_time_bias,1.19158,0.0,0.0551,signal_reverse,LOSS,SELL,1.19355,1.61,1.18921,1.61
False,,18210,1,2026-01-30 11:30:00+00:00,sr_fib_confluence,1.19361,0.0,0.0556,tp_sl,WIN,BUY,1.1917,1.6310541310539988,1.19555,0.998
False,,18213,1,2026-01-30 12:15:00+00:00,session_time_bias,1.19415,0.0,0.0537,tp_sl,WIN,SELL,1.19688,2.2589531680441954,1.19086,1.626
False,,18217,1,2026-01-30 13:15:00+00:00,session_time_bias,1.19165,0.0,0.0502,tp_sl,WIN,SELL,1.19373,1.666666666666572,1.18915,1.2
False,,18220,2,2026-01-30 14:00:00+00:00,wick_imbalance_reversion,1.1916,0.0,0.0472,signal_reverse,LOSS,BUY,1.18862,0.756,1.19465,0.756
False,,18224,8,2026-01-30 15:00:00+00:00,xs_momentum,1.18891,0.0,0.0455,tp_sl,WIN,SELL,1.19202,2.2524154589371514,1.18574,1.378
False,,18290,1,2026-02-02 07:30:00+00:00,trendline_sweep,1.18558,0.0,0.067,tp_sl,WIN,SELL,1.18715,1.623711340206064,1.18397,0.994
False,,18294,2,2026-02-02 08:30:00+00:00,trendline_sweep,1.18559,0.0,0.0644,tp_sl,WIN,SELL,1.18714,1.5429042904290378,1.184,0.944
False,,18298,11,2026-02-02 09:30:00+00:00,session_time_bias,1.18544,0.0,0.0613,tp_sl,WIN,SELL,1.18782,2.248427672955832,1.18258,1.619
True,0.965,18311,1,2026-02-02 12:45:00+00:00,dt_bb_rsi_mr,1.18502,0.0,0.0644,tp_sl,LOSS,BUY,1.18421,0.8044554455444384,1.186,0.9653465346534139
False,,18314,1,2026-02-02 13:30:00+00:00,session_time_bias,1.1823,0.0,0.0586,tp_sl,WIN,SELL,1.18408,1.6666666666665868,1.18016,1.2
False,,18318,1,2026-02-02 14:30:00+00:00,orb_trap,1.18235,0.0,0.055,signal_reverse,LOSS,BUY,1.17994,1.54,1.18481,1.54
False,,18321,2,2026-02-02 15:15:00+00:00,xs_momentum,1.18036,0.0,0.0514,tp_sl,WIN,SELL,1.1831,2.2472677595628214,1.17756,1.375
False,,18325,6,2026-02-02 16:15:00+00:00,xs_momentum,1.18015,0.0,0.054,tp_sl,WIN,SELL,1.18296,2.2647849462365337,1.17729,1.386
True,,18385,1,2026-02-03 07:15:00+00:00,dt_bb_rsi_mr,1.18156,0.0,0.0915,tp_sl,LOSS,SELL,1.18204,0.663145539905913,1.181,0.7957746478872206
False,,18388,1,2026-02-03 08:00:00+00:00,trendline_sweep,1.18108,0.0,0.0844,tp_sl,WIN,SELL,1.18293,2.4025974025972823,1.1792,1.47
False,,18391,1,2026-02-03 08:45:00+00:00,session_time_bias,1.18117,0.0,0.0783,tp_sl,WIN,SELL,1.18255,1.6666666666666168,1.17951,1.2
False,,18394,4,2026-02-03 09:30:00+00:00,trendline_sweep,1.17996,0.0,0.0747,tp_sl,WIN,SELL,1.18296,3.4482758620690963,1.1769,2.11
False,,18401,7,2026-02-03 11:15:00+00:00,sr_fib_confluence,1.17905,0.0,0.0739,tp_sl,LOSS,SELL,1.18058,1.7329545454545439,1.1775,1.7676136363636852
False,,18410,1,2026-02-03 13:30:00+00:00,sr_fib_confluence,1.17962,0.0,0.0721,tp_sl,WIN,SELL,1.18097,1.5517241379309912,1.17824,1.582758620689611
False,2.025,18413,3,2026-02-03 14:15:00+00:00,sr_fib_confluence,1.17897,0.0,0.0682,tp_sl,LOSS,SELL,1.18062,1.7934782608694884,1.17728,1.829347826086825
True,,18418,2,2026-02-03 15:30:00+00:00,dt_bb_rsi_mr,1.18059,0.0,0.0628,tp_sl,LOSS,SELL,1.18159,1.000000000000112,1.17939,1.2000000000000899
False,,18481,2,2026-02-04 07:15:00+00:00,lin_reg_channel,1.1829,0.0,0.0929,tp_sl,WIN,BUY,1.18185,1.4999999999996763,1.18397,0.918
False,,18485,1,2026-02-04 08:15:00+00:00,session_time_bias,1.18294,0.0,0.0855,tp_sl,WIN,SELL,1.1842,1.666666666666483,1.18142,1.2
False,1.545,18488,1,2026-02-04 09:00:00+00:00,lin_reg_channel,1.183,0.0,0.0833,tp_sl,LOSS,BUY,1.18183,1.4957264957266156,1.18419,1.5256410256410569
False,,18491,3,2026-02-04 09:45:00+00:00,session_time_bias,1.18129,0.0,0.0802,tp_sl,WIN,SELL,1.18313,2.263374485597007,1.17909,1.63
False,,18496,8,2026-02-04 11:00:00+00:00,session_time_bias,1.18074,0.0,0.0802,tp_sl,LOSS,SELL,1.18258,2.263374485596733,1.17854,2.7160493827160246
False,,18508,5,2026-02-04 14:00:00+00:00,trendline_sweep,1.18069,0.0,0.0654,tp_sl,WIN,SELL,1.18403,3.480902777777915,1.17728,2.13
False,,18516,4,2026-02-04 16:00:00+00:00,xs_momentum,1.17929,0.0,0.0615,tp_sl,LOSS,SELL,1.18111,1.6666666666667886,1.17744,1.7000000000000959
False,,18576,1,2026-02-05 07:00:00+00:00,sr_fib_confluence,1.17973,0.0,0.0929,signal_reverse,LOSS,SELL,1.18086,0.1,1.17859,0.1
False,,18579,3,2026-02-05 07:45:00+00:00,sr_fib_confluence,1.17995,0.0,0.0915,tp_sl,WIN,BUY,1.1787,1.7605633802813399,1.18122,1.077
False,,18584,2,2026-02-05 09:00:00+00:00,trendline_sweep,1.17922,0.0,0.0833,tp_sl,WIN,SELL,1.18196,3.514957264957234,1.17642,2.151
False,,18590,8,2026-02-05 10:30:00+00:00,session_time_bias,1.1789,0.0,0.0802,tp_sl,LOSS,SELL,1.18024,1.6666666666666203,1.17728,1.9999999999999443
False,,18600,1,2026-02-05 13:00:00+00:00,trendline_sweep,1.17907,0.0,0.0721,tp_sl,LOSS,SELL,1.18093,2.1360153256707095,1.17717,2.1787356321839653
False,,18603,1,2026-02-05 13:45:00+00:00,london_ny_swing,1.18122,0.0,0.0647,tp_sl,WIN,BUY,1.17972,1.546391752577378,1.18275,0.946
False,,18606,2,2026-02-05 14:30:00+00:00,sr_fib_confluence,1.18081,0.0,0.0581,signal_reverse,LOSS,BUY,1.17891,1.551,1.18275,1.551
False,,18610,19,2026-02-05 15:30:00+00:00,trendline_sweep,1.17859,0.0,0.0523,tp_sl,LOSS,SELL,1.1835,4.097222222222234,1.17357,4.17916666666666
False,,18672,4,2026-02-06 07:00:00+00:00,sr_fib_confluence,1.17924,0.0,0.1,signal_reverse,LOSS,BUY,1.17824,0.969,1.18027,0.969
False,,18678,3,2026-02-06 08:30:00+00:00,sr_fib_confluence,1.17888,0.0,0.097,signal_reverse,LOSS,SELL,1.17991,1.179,1.17782,1.179
False,,18683,1,2026-02-06 09:45:00+00:00,session_time_bias,1.17911,0.0,0.097,signal_reverse,LOSS,SELL,1.18062,0.119,1.17729,0.119
False,,18687,1,2026-02-06 10:45:00+00:00,session_time_bias,1.17912,0.0,0.0903,tp_sl,WIN,SELL,1.18073,2.2337962962964357,1.17719,1.608
False,,18690,7,2026-02-06 11:30:00+00:00,session_time_bias,1.17885,0.0,0.0903,tp_sl,LOSS,SELL,1.18047,2.245370370370277,1.17691,2.6944444444445175
False,,18699,2,2026-02-06 13:45:00+00:00,xs_momentum,1.18102,0.0,0.0884,tp_sl,WIN,BUY,1.17983,1.6784037558685942,1.18224,1.7119718309859662
False,,18706,1,2026-02-06 15:30:00+00:00,xs_momentum,1.18145,0.0,0.0747,tp_sl,WIN,BUY,1.18005,1.666666666666483,1.18288,1.02
False,,18710,12,2026-02-06 16:30:00+00:00,xs_momentum,1.18172,0.0,0.077,tp_sl,LOSS,BUY,1.18027,1.6666666666666108,1.1832,1.7000000000000093
False,,18783,3,2026-02-09 10:45:00+00:00,lin_reg_channel,1.186,0.0,0.0722,tp_sl,WIN,BUY,1.18488,1.2500000000000473,1.18715,1.2749999999998411
False,,18788,3,2026-02-09 12:00:00+00:00,xs_momentum,1.18748,0.0,0.0756,tp_sl,WIN,BUY,1.18604,1.6666666666667413,1.18894,1.6999999999998283
False,,18793,1,2026-02-09 13:15:00+00:00,xs_momentum,1.18962,0.0,0.0705,tp_sl,WIN,BUY,1.18814,1.6666666666668575,1.19114,1.02
False,,18796,1,2026-02-09 14:00:00+00:00,xs_momentum,1.19086,0.0,0.0661,tp_sl,WIN,BUY,1.18928,1.6666666666666,1.19248,1.02
False,1.99,18799,5,2026-02-09 14:45:00+00:00,xs_momentum,1.19189,0.0,0.0634,tp_sl,LOSS,BUY,1.19025,1.6582491582490317,1.19357,1.6914141414139405
False,,18806,8,2026-02-09 16:30:00+00:00,xs_momentum,1.18997,0.0,0.0626,tp_sl,WIN,BUY,1.18755,2.2585669781930013,1.19243,1.382
False,,18866,1,2026-02-10 07:30:00+00:00,dt_fib_reversal,1.19036,0.0,0.0915,tp_sl,WIN,BUY,1.18911,1.7605633802816525,1.19163,1.077
False,,18870,10,2026-02-10 08:30:00+00:00,squeeze_release_momentum,1.19139,0.0,0.0823,tp_sl,LOSS,BUY,1.19022,1.4936708860758974,1.1932,2.2810126582276697
True,0.687,18883,2,2026-02-10 11:45:00+00:00,dt_bb_rsi_mr,1.19042,0.0,0.0867,tp_sl,LOSS,BUY,1.18993,0.6499999999999654,1.191,0.780000000000077
True,,18888,1,2026-02-10 13:00:00+00:00,dt_bb_rsi_mr,1.18939,0.0,0.0826,tp_sl,WIN,BUY,1.18863,1.0000000000001235,1.1903,1.2000000000000315
False,,18892,1,2026-02-10 14:00:00+00:00,post_news_vol,1.19161,0.0,0.0713,tp_sl,WIN,BUY,1.18768,4.469696969696982,1.19562,2.735
False,,18895,2,2026-02-10 14:45:00+00:00,sr_fib_confluence,1.19154,0.0,0.0668,tp_sl,LOSS,BUY,1.18995,1.6932624113475085,1.19317,1.727127659574468
False,1.696,18899,3,2026-02-10 15:45:00+00:00,sr_fib_confluence,1.19145,0.0,0.0621,tp_sl,LOSS,BUY,1.18974,1.69141914191406,1.1932,1.7252475247524555
False,,18960,2,2026-02-11 07:00:00+00:00,sr_fib_confluence,1.19118,0.0,0.0915,tp_sl,WIN,BUY,1.19009,1.537558685445762,1.1923,0.941
False,,18965,8,2026-02-11 08:15:00+00:00,lin_reg_channel,1.19162,0.0,0.0915,tp_sl,WIN,BUY,1.19055,1.50234741784021,1.1927,0.919
False,,18976,3,2026-02-11 11:00:00+00:00,sr_fib_confluence,1.19141,0.0,0.0915,tp_sl,LOSS,BUY,1.19032,1.5375586854460745,1.19253,1.5683098591552276
False,2.73,18981,4,2026-02-11 12:15:00+00:00,intraday_seasonality,1.1901,0.0,0.0878,tp_sl,LOSS,BUY,1.18842,2.2747747747746745,1.19182,2.320270270270228
False,,18993,4,2026-02-11 15:15:00+00:00,xs_momentum,1.18562,0.0,0.0475,tp_sl,LOSS,SELL,1.18783,1.672979797979824,1.18336,1.706439393939387
False,,18999,6,2026-02-11 16:45:00+00:00,sr_fib_confluence,1.18821,0.0,0.0523,signal_reverse,LOSS,SELL,1.19043,0.23,1.18595,0.23
False,,19056,2,2026-02-12 07:00:00+00:00,sr_fib_confluence,1.18624,0.0,0.0855,tp_sl,LOSS,SELL,1.18743,1.5570175438596237,1.18504,1.588157894736787
False,,19060,7,2026-02-12 08:00:00+00:00,sr_fib_confluence,1.18786,0.0,0.0855,tp_sl,WIN,BUY,1.18671,1.524122807017595,1.18905,0.933
False,,19069,2,2026-02-12 10:15:00+00:00,ema200_trend_reversal,1.18795,0.0,0.0844,tp_sl,WIN,SELL,1.18925,1.6991341991340843,1.18661,1.04
False,1.686,19087,4,2026-02-12 14:45:00+00:00,squeeze_release_momentum,1.18836,0.0,0.0738,tp_sl,LOSS,BUY,1.18709,1.4941176470589463,1.19016,2.1199999999998345
False,,19093,9,2026-02-12 16:15:00+00:00,london_fix_reversal,1.18641,0.0,0.0691,tp_sl,WIN,SELL,1.18763,1.2542955326460243,1.18517,0.768
False,,19154,1,2026-02-13 07:30:00+00:00,dt_sr_channel_reversal,1.18528,0.0,0.1032,signal_reverse,WIN,BUY,1.18418,1.7460317460319061,1.18641,0.603
False,,19158,3,2026-02-13 08:30:00+00:00,session_time_bias,1.18578,0.0,0.1016,signal_reverse,LOSS,SELL,1.1872,1.156,1.18407,1.156
False,,19163,1,2026-02-13 09:45:00+00:00,sr_fib_confluence,1.18609,0.0,0.1032,signal_reverse,LOSS,BUY,1.18504,0.841,1.18717,0.841
False,,19166,11,2026-02-13 10:30:00+00:00,session_time_bias,1.18546,0.0,0.1032,tp_sl,LOSS,SELL,1.18687,2.2354497354495773,1.18378,2.6825396825396335
False,1.77,19179,3,2026-02-13 13:45:00+00:00,london_ny_swing,1.18746,0.0,0.0697,tp_sl,LOSS,BUY,1.18587,1.7685185185185088,1.18909,1.8038888888888889
False,2.133,19184,2,2026-02-13 15:00:00+00:00,sr_fib_confluence,1.18702,0.0,0.064,tp_sl,LOSS,BUY,1.18528,1.777210884353829,1.1888,1.8127551020408874
False,,19188,1,2026-02-13 16:00:00+00:00,london_fix_reversal,1.18586,0.0,0.0663,tp_sl,WIN,BUY,1.18407,1.7739273927392434,1.18768,1.086
False,,19249,2,2026-02-16 07:30:00+00:00,session_time_bias,1.18639,0.0,0.1204,tp_sl,WIN,SELL,1.1876,2.253086419753044,1.18493,1.622
False,,19253,12,2026-02-16 08:30:00+00:00,session_time_bias,1.18619,0.0,0.1016,tp_sl,LOSS,SELL,1.18725,1.66666666666683,1.1849,2.000000000000265
False,,19267,2,2026-02-16 12:00:00+00:00,session_time_bias,1.18599,0.0,0.1182,tp_sl,WIN,SELL,1.18691,1.6818181818182993,1.18488,2.018181818181717
False,1.812,19271,4,2026-02-16 13:00:00+00:00,session_time_bias,1.18514,0.0,0.1101,tp_sl,LOSS,SELL,1.1861,1.6812865497077094,1.18399,2.0175438596490953
False,,19277,8,2026-02-16 14:30:00+00:00,orb_trap,1.18538,0.0,0.098,tp_sl,WIN,SELL,1.18652,1.7838541666669037,1.18421,1.092
False,,19343,1,2026-02-17 07:00:00+00:00,trendline_sweep,1.18389,0.0,0.125,tp_sl,WIN,SELL,1.18496,2.0673076923075717,1.18279,1.265
False,,19346,1,2026-02-17 07:45:00+00:00,wick_imbalance_reversion,1.18332,0.0,0.1204,tp_sl,WIN,BUY,1.18237,1.7746913580248043,1.1843,1.086
False,,19349,2,2026-02-17 08:30:00+00:00,sr_fib_confluence,1.18392,0.0,0.1102,signal_reverse,LOSS,SELL,1.18499,1.475,1.18282,1.475
False,2.119,19353,8,2026-02-17 09:30:00+00:00,sr_fib_confluence,1.1846,0.0,0.1102,tp_sl,LOSS,BUY,1.18355,1.7655367231637413,1.18566,1.8008474576270614
False,,19365,2,2026-02-17 12:30:00+00:00,session_time_bias,1.1828,0.0,0.0903,tp_sl,WIN,SELL,1.18399,1.6550925925923332,1.18137,1.192
False,,19369,5,2026-02-17 13:30:00+00:00,trendline_sweep,1.18179,0.0,0.0826,tp_sl,WIN,SELL,1.18425,3.2346491228068803,1.17928,1.98
False,2.0,19376,3,2026-02-17 15:15:00+00:00,xs_momentum,1.18076,0.0,0.073,tp_sl,LOSS,SELL,1.18219,1.6666666666667413,1.1793,1.6999999999998283
False,,19381,1,2026-02-17 16:30:00+00:00,sr_fib_confluence,1.18311,0.0,0.0728,signal_reverse,LOSS,SELL,1.18481,0.733,1.18138,0.733
False,,19439,4,2026-02-18 07:00:00+00:00,sr_fib_confluence,1.18385,0.0,0.1121,tp_sl,WIN,SELL,1.1848,1.6522988505748177,1.18287,1.011
False,,19445,5,2026-02-18 08:30:00+00:00,sr_fib_confluence,1.1828,0.0,0.1032,tp_sl,LOSS,SELL,1.18397,1.8650793650792477,1.1816,1.9023809523807622
False,,19452,7,2026-02-18 10:15:00+00:00,sr_fib_confluence,1.18382,0.0,0.097,tp_sl,WIN,SELL,1.18488,1.5920398009948495,1.18273,0.974
False,,19461,2,2026-02-18 12:30:00+00:00,intraday_seasonality,1.18446,0.0,0.0985,signal_reverse,LOSS,BUY,1.18339,1.212,1.18556,1.212
False,,19465,1,2026-02-18 13:30:00+00:00,session_time_bias,1.18313,0.0,0.0872,tp_sl,WIN,SELL,1.18434,1.6782407407409412,1.18168,1.208
False,,19468,7,2026-02-18 14:15:00+00:00,xs_momentum,1.18168,0.0,0.0794,tp_sl,WIN,SELL,1.18299,1.6666666666669048,1.18033,1.02
False,,19477,6,2026-02-18 16:30:00+00:00,london_fix_reversal,1.18103,0.0,0.077,tp_sl,WIN,SELL,1.18212,1.2547892720307046,1.17992,1.2798850574715075
False,,19539,3,2026-02-19 08:00:00+00:00,session_time_bias,1.17972,0.0,0.1083,signal_reverse,LOSS,SELL,1.18072,1.717,1.17853,1.717
False,,19544,4,2026-02-19 09:15:00+00:00,sr_fib_confluence,1.18014,0.0,0.097,tp_sl,LOSS,BUY,1.17891,1.8407960199006261,1.1814,1.877611940298811
False,,19550,1,2026-02-19 10:45:00+00:00,session_time_bias,1.17881,0.0,0.0956,tp_sl,WIN,SELL,1.17994,1.6666666666668095,1.17745,1.2
False,,19553,3,2026-02-19 11:30:00+00:00,session_time_bias,1.17769,0.0,0.0942,tp_sl,WIN,SELL,1.17884,1.6787439613527135,1.1763,1.209
False,,19558,1,2026-02-19 12:45:00+00:00,xs_momentum,1.17684,0.0,0.0903,tp_sl,WIN,SELL,1.17804,1.6550925925926414,1.17563,1.6881944444444943
False,,19561,1,2026-02-19 13:30:00+00:00,xs_momentum,1.17558,0.0,0.073,tp_sl,WIN,SELL,1.17702,1.676356589147425,1.17411,1.026
False,,19565,1,2026-02-19 14:30:00+00:00,orb_trap,1.17523,0.0,0.0634,tp_sl,WIN,BUY,1.17304,2.213804713804638,1.17747,1.355
False,,19568,7,2026-02-19 15:15:00+00:00,sr_fib_confluence,1.17644,0.0,0.0576,tp_sl,WIN,SELL,1.17856,1.9495412844036077,1.17427,1.193
False,,19631,1,2026-02-20 07:00:00+00:00,sr_fib_confluence,1.17606,0.0,0.1083,tp_sl,WIN,SELL,1.1768,1.2499999999996774,1.17529,0.765
False,,19634,5,2026-02-20 07:45:00+00:00,trendline_sweep,1.17505,0.0,0.1016,tp_sl,LOSS,SELL,1.1767,2.5651041666668175,1.17338,2.6164062500000362
False,,19641,3,2026-02-20 09:30:00+00:00,session_time_bias,1.17657,0.0,0.089,tp_sl,WIN,SELL,1.17822,2.2602739726029473,1.17458,1.627
False,,19646,10,2026-02-20 10:45:00+00:00,session_time_bias,1.17627,0.0,0.0867,tp_sl,LOSS,SELL,1.17796,2.2555555555555293,1.17424,2.706666666666635
False,,19659,1,2026-02-20 14:00:00+00:00,session_time_bias,1.17638,0.0,0.0661,tp_sl,WIN,SELL,1.17852,2.254385964912325,1.17381,1.623
True,,19665,1,2026-02-20 15:30:00+00:00,dt_bb_rsi_mr,1.17954,0.0,0.0494,tp_sl,WIN,SELL,1.18081,1.0000000000000822,1.17801,0.72
False,,19668,5,2026-02-20 16:15:00+00:00,london_fix_reversal,1.17799,0.0,0.05,tp_sl,WIN,SELL,1.17967,1.2500000000000695,1.17628,0.765
False,,19729,4,2026-02-23 07:30:00+00:00,adx_trend_continuation,1.18241,0.0,0.0903,tp_sl,LOSS,BUY,1.1808,2.245370370370277,1.18406,2.290277777777485
False,,19739,5,2026-02-23 10:00:00+00:00,session_time_bias,1.17952,0.0,0.0833,tp_sl,WIN,SELL,1.18128,2.2649572649573004,1.17739,1.631
False,,19747,2,2026-02-23 12:00:00+00:00,xs_momentum,1.17824,0.0,0.089,tp_sl,WIN,SELL,1.17988,2.237442922374487,1.17658,1.369
False,1.61,19752,5,2026-02-23 13:15:00+00:00,sr_fib_confluence,1.17921,0.0,0.0815,tp_sl,LOSS,SELL,1.18024,1.3419913419911942,1.17815,1.368831168831024
False,,19759,2,2026-02-23 15:00:00+00:00,sr_fib_confluence,1.1806,0.0,0.0756,signal_reverse,LOSS,BUY,1.1791,1.452,1.18213,1.452
False,,19763,1,2026-02-23 16:00:00+00:00,london_fix_reversal,1.17918,0.0,0.0798,signal_reverse,LOSS,SELL,1.18023,1.16,1.17811,1.16
False,1.796,19766,10,2026-02-23 16:45:00+00:00,sr_fib_confluence,1.18042,0.0,0.0788,tp_sl,LOSS,BUY,1.17894,1.7352941176471943,1.18192,1.7700000000000233
False,2.07,19823,4,2026-02-24 07:00:00+00:00,dual_sr_bounce,1.17739,0.0,0.1016,tp_sl,LOSS,SELL,1.17858,1.8619791666667216,1.17617,1.8992187500000561
False,,19830,13,2026-02-24 08:45:00+00:00,session_time_bias,1.17827,0.0,0.0915,tp_sl,WIN,SELL,1.17947,1.6784037558685942,1.17684,1.208
False,,19847,1,2026-02-24 13:00:00+00:00,session_time_bias,1.17775,0.0,0.0884,tp_sl,WIN,SELL,1.17893,1.6666666666666394,1.17633,1.2
False,2.278,19851,7,2026-02-24 14:00:00+00:00,session_time_bias,1.17689,0.0,0.086,tp_sl,LOSS,SELL,1.17852,2.237442922374487,1.17493,2.6849315068492627
True,,19861,5,2026-02-24 16:30:00+00:00,dt_bb_rsi_mr,1.17871,0.0,0.0838,tp_sl,WIN,SELL,1.17931,0.7427083333333417,1.178,0.8912499999999546
False,,19924,2,2026-02-25 08:15:00+00:00,sr_fib_confluence,1.17925,0.0,0.0956,signal_reverse,LOSS,BUY,1.17805,0.662,1.18049,0.662
False,,19928,2,2026-02-25 09:15:00+00:00,sr_fib_confluence,1.17878,0.0,0.0985,tp_sl,WIN,SELL,1.1799,1.6919191919195102,1.17765,1.035
False,,19932,3,2026-02-25 10:15:00+00:00,session_time_bias,1.1783,0.0,0.1,tp_sl,WIN,SELL,1.17942,1.7307692307692963,1.17695,1.246
False,2.341,19937,5,2026-02-25 11:30:00+00:00,intraday_seasonality,1.17722,0.0,0.0985,tp_sl,LOSS,SELL,1.1787,2.2474747474750045,1.1757,2.2924242424243904
False,,19944,1,2026-02-25 13:15:00+00:00,sr_fib_confluence,1.17829,0.0,0.0951,tp_sl,WIN,SELL,1.17935,1.6161616161617747,1.1772,0.989
False,1.5,19948,2,2026-02-25 14:15:00+00:00,sr_fib_confluence,1.17817,0.0,0.086,tp_sl,LOSS,SELL,1.17908,1.2500000000001286,1.17724,1.274999999999973
True,1.2,19952,1,2026-02-25 15:15:00+00:00,dt_bb_rsi_mr,1.17907,0.0,0.0775,tp_sl,LOSS,SELL,1.17988,0.9999999999999721,1.1781,1.1999999999999666
False,,19956,2,2026-02-25 16:15:00+00:00,london_fix_reversal,1.18019,0.0,0.0807,tp_sl,LOSS,SELL,1.18123,1.2500000000000295,1.17913,1.275000000000046
False,,20012,6,2026-02-26 08:00:00+00:00,session_time_bias,1.18061,0.0,0.0929,tp_sl,WIN,SELL,1.18178,1.6666666666668004,1.17921,1.2
False,,20020,2,2026-02-26 10:00:00+00:00,sr_fib_confluence,1.17972,0.0,0.097,tp_sl,WIN,SELL,1.18082,1.6542288557216251,1.17858,1.012
False,,20024,7,2026-02-26 11:00:00+00:00,sr_fib_confluence,1.18033,0.0,0.097,signal_reverse,LOSS,SELL,1.18145,1.522,1.1792,1.522
False,,20033,2,2026-02-26 13:15:00+00:00,session_time_bias,1.18113,0.0,0.098,tp_sl,WIN,SELL,1.18257,2.252604166666852,1.1794,1.622
False,2.441,20039,1,2026-02-26 14:45:00+00:00,dual_sr_bounce,1.18134,0.0,0.0923,tp_sl,LOSS,BUY,1.17996,2.034313725490135,1.18275,2.075000000000075
False,,20043,3,2026-02-26 15:45:00+00:00,sr_fib_confluence,1.17983,0.0,0.0705,tp_sl,WIN,SELL,1.1812,1.5449438202246115,1.17842,1.5758426966291834
False,,20106,3,2026-02-27 07:30:00+00:00,sr_anti_hunt_bounce,1.18117,0.0,0.0942,tp_sl,WIN,BUY,1.17429,9.963768115941978,1.18818,6.098
False,,20111,2,2026-02-27 08:45:00+00:00,trendline_sweep,1.18088,0.0,0.0929,tp_sl,WIN,SELL,1.18271,2.607142857142808,1.17902,1.596
False,,20115,15,2026-02-27 09:45:00+00:00,session_time_bias,1.17939,0.0,0.0833,tp_sl,LOSS,SELL,1.18116,2.2649572649573004,1.17727,2.717948717948874
False,1.809,20132,1,2026-02-27 14:00:00+00:00,sr_fib_confluence,1.17992,0.0,0.0815,tp_sl,LOSS,SELL,1.18127,1.7532467532467044,1.17854,1.7883116883116386
False,,20135,10,2026-02-27 14:45:00+00:00,inducement_ob,1.17962,0.0,0.0697,signal_reverse,LOSS,SELL,1.18322,2.873,1.17595,2.873
False,,20202,2,2026-03-02 07:30:00+00:00,session_time_bias,1.17144,0.0,0.0607,tp_sl,WIN,SELL,1.17321,1.658878504672974,1.16931,1.194
False,,20209,9,2026-03-02 09:15:00+00:00,dual_sr_bounce,1.17365,0.0,0.052,tp_sl,WIN,SELL,1.17521,1.2533333333331953,1.17205,0.767
False,,20220,2,2026-03-02 12:00:00+00:00,session_time_bias,1.17244,0.0,0.0586,tp_sl,WIN,SELL,1.17429,1.666666666666583,1.17022,1.9999999999998996
False,,20226,4,2026-03-02 13:30:00+00:00,session_time_bias,1.17017,0.0,0.0523,tp_sl,LOSS,SELL,1.17217,1.6666666666666683,1.16777,1.999999999999965
False,,20232,2,2026-03-02 15:00:00+00:00,xs_momentum,1.17054,0.0,0.0502,tp_sl,WIN,SELL,1.17262,1.666666666666572,1.16841,1.699999999999946
False,1.67,20236,4,2026-03-02 16:00:00+00:00,xs_momentum,1.16782,0.0,0.0549,tp_sl,LOSS,SELL,1.16986,1.6666666666666652,1.16575,1.6999999999999258
False,,20320,2,2026-03-03 13:00:00+00:00,xs_momentum,1.16025,0.0,0.051,tp_sl,WIN,SELL,1.16301,2.242547425474324,1.15743,1.372
False,,20324,1,2026-03-03 14:00:00+00:00,xs_momentum,1.15841,0.0,0.051,tp_sl,WIN,SELL,1.16045,1.659891598916032,1.15632,1.016
False,,20327,1,2026-03-03 14:45:00+00:00,xs_momentum,1.15664,0.0,0.0475,tp_sl,WIN,SELL,1.15884,1.6666666666668195,1.15439,1.700000000000102
False,1.933,20331,3,2026-03-03 15:45:00+00:00,xs_momentum,1.15719,0.0,0.039,tp_sl,LOSS,SELL,1.15987,1.6666666666666898,1.15445,1.6999999999999933
False,,20395,1,2026-03-04 07:45:00+00:00,session_time_bias,1.16152,0.0,0.067,tp_sl,WIN,SELL,1.16371,2.2594501718212285,1.15889,1.627
False,,20401,2,2026-03-04 09:15:00+00:00,dual_sr_bounce,1.16146,0.0,0.0586,tp_sl,WIN,BUY,1.16008,1.2500000000000873,1.16288,1.274999999999981
False,,20405,13,2026-03-04 10:15:00+00:00,session_time_bias,1.16349,0.0,0.05,tp_sl,LOSS,SELL,1.16641,2.2499999999998805,1.15998,2.6999999999999247
False,,20420,4,2026-03-04 14:00:00+00:00,session_time_bias,1.16279,0.0,0.0479,tp_sl,WIN,SELL,1.16573,2.2455470737913132,1.15926,1.617
False,,20427,9,2026-03-04 15:45:00+00:00,dual_sr_bounce,1.16405,0.0,0.0483,tp_sl,LOSS,BUY,1.16243,1.2499999999999905,1.16571,1.274999999999898
False,,20490,1,2026-03-05 07:30:00+00:00,sr_fib_confluence,1.16124,0.0,0.0677,tp_sl,WIN,SELL,1.163,1.8402777777778063,1.15943,1.8770833333331867
False,2.009,20493,2,2026-03-05 08:15:00+00:00,session_time_bias,1.15824,0.0,0.0607,tp_sl,LOSS,SELL,1.16003,1.6744548286604073,1.15609,2.009345794392406
False,,20497,9,2026-03-05 09:15:00+00:00,trendline_sweep,1.16254,0.0,0.0471,tp_sl,WIN,SELL,1.16578,2.3490338164250635,1.15923,1.438
False,,20508,5,2026-03-05 12:00:00+00:00,session_time_bias,1.1608,0.0,0.056,tp_sl,WIN,SELL,1.1634,2.2485632183906046,1.15767,1.619
False,,20515,5,2026-03-05 13:45:00+00:00,session_time_bias,1.15966,0.0,0.0514,tp_sl,WIN,SELL,1.1624,2.2472677595628214,1.15637,1.618
False,,20525,2,2026-03-05 16:15:00+00:00,xs_momentum,1.15604,0.0,0.0469,tp_sl,LOSS,SELL,1.15843,1.6666666666665606,1.15361,1.699999999999895
False,,20588,1,2026-03-06 08:00:00+00:00,session_time_bias,1.16097,0.0,0.0823,tp_sl,WIN,SELL,1.16227,1.6561181434600845,1.15939,1.192
False,,20591,1,2026-03-06 08:45:00+00:00,session_time_bias,1.1602,0.0,0.0756,tp_sl,WIN,SELL,1.16213,2.2480620155038866,1.15787,1.619
False,,20594,5,2026-03-06 09:30:00+00:00,session_time_bias,1.15772,0.0,0.0714,tp_sl,WIN,SELL,1.15924,1.6758241758241743,1.15589,1.207
False,,20601,1,2026-03-06 11:15:00+00:00,session_time_bias,1.15773,0.0,0.0684,tp_sl,WIN,SELL,1.15931,1.6666666666666,1.15583,1.2
False,2.713,20604,5,2026-03-06 12:00:00+00:00,xs_momentum,1.15519,0.0,0.0644,tp_sl,LOSS,SELL,1.15747,2.2607260726073415,1.15286,2.305940594059651
False,2.549,20611,4,2026-03-06 13:45:00+00:00,xs_momentum,1.15538,0.0,0.0458,tp_sl,LOSS,SELL,1.15847,2.2566909975667833,1.15222,2.301824817518109
False,,20617,3,2026-03-06 15:15:00+00:00,sr_fib_confluence,1.15751,0.0,0.0418,tp_sl,LOSS,SELL,1.16043,1.9499999999998963,1.15452,1.9890000000000185
False,,20685,3,2026-03-09 07:15:00+00:00,dt_fib_reversal,1.15502,0.0,0.0474,tp_sl,WIN,SELL,1.15747,1.794403892943963,1.15251,1.8302919708029979
False,,20695,2,2026-03-09 09:45:00+00:00,session_time_bias,1.15532,0.0,0.0414,signal_reverse,LOSS,SELL,1.15809,0.669,1.152,0.669
False,,20699,10,2026-03-09 10:45:00+00:00,session_time_bias,1.15593,0.0,0.043,tp_sl,LOSS,SELL,1.15845,1.6666666666667036,1.15291,2.000000000000015
False,,20711,1,2026-03-09 13:45:00+00:00,session_time_bias,1.15748,0.0,0.0468,tp_sl,WIN,SELL,1.16049,2.251243781094528,1.15386,1.621
False,,20715,3,2026-03-09 14:45:00+00:00,dual_sr_bounce,1.15737,0.0,0.0445,tp_sl,WIN,BUY,1.15561,1.2500000000000788,1.15917,1.2750000000001087
False,,20720,12,2026-03-09 16:00:00+00:00,london_fix_reversal,1.15896,0.0,0.0511,tp_sl,WIN,SELL,1.16061,1.25954198473294,1.15728,0.771
False,2.0,20780,1,2026-03-10 07:00:00+00:00,dt_sr_channel_reversal,1.16287,0.0,0.0765,tp_sl,LOSS,SELL,1.16428,1.666666666666614,1.16142,1.6999999999999043
False,,20783,16,2026-03-10 07:45:00+00:00,post_news_vol,1.1661,0.0,0.0663,signal_reverse,LOSS,BUY,1.16139,3.663,1.17092,3.663
False,,20801,3,2026-03-10 12:15:00+00:00,sr_fib_confluence,1.16268,0.0,0.0565,tp_sl,LOSS,SELL,1.16471,1.7681159420289838,1.1606,1.8034782608694864
False,,20806,2,2026-03-10 13:30:00+00:00,session_time_bias,1.16379,0.0,0.055,tp_sl,WIN,SELL,1.16634,2.236842105263009,1.16073,1.611
False,,20812,7,2026-03-10 15:00:00+00:00,orb_trap,1.16446,0.0,0.0565,tp_sl,LOSS,SELL,1.16584,1.2500000000000873,1.16304,1.274999999999981
False,1.679,20876,1,2026-03-11 07:00:00+00:00,sr_fib_confluence,1.16284,0.0,0.0929,tp_sl,LOSS,BUY,1.16178,1.523809523809356,1.16393,1.5542857142856827
False,,20879,2,2026-03-11 07:45:00+00:00,session_time_bias,1.16162,0.0,0.073,tp_sl,WIN,SELL,1.16362,2.2565543071161684,1.15921,1.625
False,,20883,1,2026-03-11 08:45:00+00:00,intraday_seasonality,1.16118,0.0,0.0699,tp_sl,WIN,SELL,1.16328,2.2580645161290223,1.15903,1.382
False,1.752,20887,2,2026-03-11 09:45:00+00:00,session_time_bias,1.15914,0.0,0.0631,tp_sl,LOSS,SELL,1.1609,1.7152103559870815,1.15701,2.058252427184584
False,,20891,3,2026-03-11 10:45:00+00:00,session_time_bias,1.16053,0.0,0.065,tp_sl,WIN,SELL,1.16219,1.6666666666667052,1.15853,1.2
False,,20896,2,2026-03-11 12:00:00+00:00,session_time_bias,1.15935,0.0,0.0663,tp_sl,WIN,SELL,1.16099,1.6751700680273096,1.15738,1.206
False,,20902,1,2026-03-11 13:30:00+00:00,session_time_bias,1.15818,0.0,0.0586,tp_sl,LOSS,SELL,1.16058,2.242990654205568,1.1553,2.691588785046723
False,,20905,1,2026-03-11 14:15:00+00:00,orb_trap,1.15919,0.0,0.0514,tp_sl,WIN,SELL,1.16268,2.8620218579235006,1.15563,1.752
True,,20973,1,2026-03-12 07:15:00+00:00,dt_bb_rsi_mr,1.15491,0.0,0.0844,tp_sl,LOSS,SELL,1.15566,0.979437229437446,1.154,1.1753246753248776
False,,20977,1,2026-03-12 08:15:00+00:00,session_time_bias,1.1548,0.0,0.0813,tp_sl,WIN,SELL,1.15613,1.666666666666483,1.1532,1.2
False,1.741,20980,1,2026-03-12 09:00:00+00:00,session_time_bias,1.15455,0.0,0.0823,tp_sl,LOSS,SELL,1.15586,1.6455696202532644,1.15299,1.9746835443038049
False,,20984,2,2026-03-12 10:00:00+00:00,session_time_bias,1.15569,0.0,0.0833,tp_sl,WIN,SELL,1.15699,1.6666666666667678,1.15413,1.2
False,,20991,1,2026-03-12 11:45:00+00:00,session_time_bias,1.15558,0.0,0.0793,tp_sl,WIN,SELL,1.15694,1.666666666666483,1.15394,1.999999999999834
False,,20994,2,2026-03-12 12:30:00+00:00,session_time_bias,1.15346,0.0,0.073,tp_sl,WIN,SELL,1.15546,2.237827715355746,1.15108,1.611
False,,20998,3,2026-03-12 13:30:00+00:00,session_time_bias,1.15339,0.0,0.0628,tp_sl,WIN,SELL,1.15562,2.2333333333333094,1.15071,1.608
False,,21003,1,2026-03-12 14:45:00+00:00,xs_momentum,1.15199,0.0,0.0581,tp_sl,WIN,SELL,1.15378,1.6589506172841277,1.15016,1.015
False,,21007,21,2026-03-12 15:45:00+00:00,xs_momentum,1.15211,0.0,0.0586,tp_sl,WIN,SELL,1.1539,1.6744548286604073,1.15028,1.025
False,,21070,1,2026-03-13 07:30:00+00:00,post_news_vol,1.14664,0.0,0.0867,tp_sl,WIN,SELL,1.15042,5.044444444444333,1.14278,3.087
False,,21076,13,2026-03-13 09:00:00+00:00,intraday_seasonality,1.14573,0.0,0.0663,tp_sl,LOSS,SELL,1.14743,1.726190476190456,1.14401,1.7607142857143332
False,,21093,4,2026-03-13 13:15:00+00:00,session_time_bias,1.14768,0.0,0.055,tp_sl,WIN,SELL,1.14958,1.6666666666666778,1.1454,1.2
False,,21100,1,2026-03-13 15:00:00+00:00,ema_cross,1.14589,0.0,0.0527,tp_sl,WIN,SELL,1.14795,1.7296918767506495,1.14379,1.7642857142856476
False,,21105,14,2026-03-13 16:15:00+00:00,xs_momentum,1.14386,0.0,0.0554,tp_sl,WIN,SELL,1.14589,1.673553719008218,1.1418,1.7070247933882905
False,,21164,1,2026-03-16 07:00:00+00:00,ema_cross,1.14304,0.0,0.0929,tp_sl,WIN,SELL,1.14424,1.7142857142858428,1.14181,1.7485714285715912
False,1.892,21169,6,2026-03-16 08:15:00+00:00,sr_fib_confluence,1.14414,0.0,0.0739,tp_sl,LOSS,SELL,1.14569,1.7518939393938096,1.14257,1.7869318181817917
False,2.698,21178,12,2026-03-16 10:30:00+00:00,session_time_bias,1.14684,0.0,0.0677,tp_sl,LOSS,SELL,1.14899,2.248263888889046,1.14424,2.697916666666763
False,2.293,21192,8,2026-03-16 14:00:00+00:00,xs_momentum,1.15021,0.0,0.0628,tp_sl,LOSS,BUY,1.14796,2.249999999999863,1.15251,2.294999999999936
False,,21202,4,2026-03-16 16:30:00+00:00,lin_reg_channel,1.14926,0.0,0.0583,tp_sl,WIN,BUY,1.14753,1.4999999999999796,1.15102,0.918
False,,21263,1,2026-03-17 07:45:00+00:00,session_time_bias,1.14943,0.0,0.0765,tp_sl,WIN,SELL,1.15084,1.656862745097922,1.14775,1.193
False,,21270,13,2026-03-17 09:30:00+00:00,session_time_bias,1.15099,0.0,0.0586,tp_sl,LOSS,SELL,1.15349,2.2447447447448474,1.148,2.693693693693737
False,,21285,16,2026-03-17 13:15:00+00:00,xs_momentum,1.15352,0.0,0.055,tp_sl,LOSS,BUY,1.15163,1.6593567251461623,1.15545,1.6925438596490505
False,,21358,2,2026-03-18 07:30:00+00:00,session_time_bias,1.1526,0.0,0.1032,tp_sl,WIN,SELL,1.15364,1.6534391534390593,1.15135,1.19
False,,21363,1,2026-03-18 08:45:00+00:00,sr_fib_confluence,1.15316,0.0,0.0878,tp_sl,WIN,SELL,1.15446,1.7454954954955284,1.15185,1.068
False,,21366,1,2026-03-18 09:30:00+00:00,sr_fib_confluence,1.15376,0.0,0.0823,signal_reverse,LOSS,SELL,1.15511,0.81,1.15238,0.81
False,,21369,2,2026-03-18 10:15:00+00:00,sr_fib_confluence,1.15373,0.0,0.0844,tp_sl,WIN,BUY,1.15249,1.612554112554007,1.155,0.987
False,,21373,1,2026-03-18 11:15:00+00:00,sr_fib_confluence,1.15326,0.0,0.0714,tp_sl,WIN,BUY,1.15202,1.3736263736263443,1.15454,1.4010989010990518
False,,21376,1,2026-03-18 12:00:00+00:00,trendline_sweep,1.15343,0.0,0.0625,tp_sl,WIN,SELL,1.15692,3.3493589743591397,1.14988,2.05
False,,21379,1,2026-03-18 12:45:00+00:00,session_time_bias,1.15067,0.0,0.057,tp_sl,WIN,SELL,1.15323,2.2514619883040403,1.14759,1.621
False,,21382,13,2026-03-18 13:30:00+00:00,session_time_bias,1.15047,0.0,0.0514,tp_sl,LOSS,SELL,1.1532,2.240437158469881,1.14719,2.6885245901638934
False,,21454,1,2026-03-19 07:30:00+00:00,session_time_bias,1.14592,0.0,0.0722,tp_sl,WIN,SELL,1.14754,1.8055555555555418,1.14397,1.3
False,,21458,2,2026-03-19 08:30:00+00:00,session_time_bias,1.14454,0.0,0.0619,tp_sl,LOSS,SELL,1.1469,2.246031746031869,1.14171,2.6952380952382002
False,,21463,4,2026-03-19 09:45:00+00:00,sr_fib_confluence,1.1478,0.0,0.0516,tp_sl,WIN,SELL,1.15006,1.7989417989417769,1.14548,1.101
False,,21469,4,2026-03-19 11:15:00+00:00,session_time_bias,1.14708,0.0,0.0565,tp_sl,WIN,SELL,1.14899,1.6666666666665797,1.14478,1.2
False,2.625,21477,1,2026-03-19 13:15:00+00:00,session_time_bias,1.14808,0.0,0.0455,tp_sl,LOSS,SELL,1.15119,2.2524154589371514,1.14435,2.7028985507246457
False,,21480,1,2026-03-19 14:00:00+00:00,session_time_bias,1.15121,0.0,0.0374,signal_reverse,LOSS,SELL,1.15499,0.128,1.14667,0.128
False,,21483,1,2026-03-19 14:45:00+00:00,xs_momentum,1.15169,0.0,0.038,tp_sl,WIN,BUY,1.14798,2.247474747474803,1.15548,1.375
False,,21487,3,2026-03-19 15:45:00+00:00,dual_sr_bounce,1.15143,0.0,0.0359,tp_sl,WIN,BUY,1.14925,1.250000000000005,1.15366,1.2750000000000736
False,,21548,5,2026-03-20 07:00:00+00:00,squeeze_release_momentum,1.15728,0.0,0.0878,tp_sl,WIN,BUY,1.15617,1.499999999999925,1.15898,1.378
False,,21555,2,2026-03-20 08:45:00+00:00,session_time_bias,1.1567,0.0,0.0855,tp_sl,WIN,SELL,1.15796,1.666666666666483,1.15518,1.2
False,,21559,2,2026-03-20 09:45:00+00:00,session_time_bias,1.15481,0.0,0.0783,tp_sl,WIN,SELL,1.15631,1.7971887550203505,1.15302,1.294
False,2.07,21563,2,2026-03-20 10:45:00+00:00,sr_fib_confluence,1.1559,0.0,0.0699,tp_sl,LOSS,SELL,1.15765,1.8727598566309165,1.15413,1.9102150537635156
False,,21567,3,2026-03-20 11:45:00+00:00,trendline_sweep,1.15699,0.0,0.0657,tp_sl,WIN,SELL,1.15906,2.087542087542082,1.15489,1.278
False,,21572,2,2026-03-20 13:00:00+00:00,session_time_bias,1.15568,0.0,0.0598,tp_sl,WIN,SELL,1.15743,1.666666666666589,1.15358,1.2
False,,21576,2,2026-03-20 14:00:00+00:00,session_time_bias,1.1536,0.0,0.0586,tp_sl,WIN,SELL,1.15601,2.2585669781930013,1.1507,1.626
False,,21580,2,2026-03-20 15:00:00+00:00,orb_trap,1.15482,0.0,0.056,signal_reverse,LOSS,BUY,1.15085,0.621,1.15888,0.621
False,,21584,10,2026-03-20 16:00:00+00:00,sr_fib_confluence,1.15562,0.0,0.0549,tp_sl,WIN,SELL,1.15785,1.8237704918033963,1.15335,1.116
False,1.774,21647,1,2026-03-23 07:45:00+00:00,session_time_bias,1.15264,0.0,0.0684,tp_sl,LOSS,SELL,1.15423,1.6666666666666,1.15074,2.0000000000000133
False,,21650,2,2026-03-23 08:30:00+00:00,trendline_sweep,1.15312,0.0,0.0613,tp_sl,WIN,SELL,1.15532,2.0754716981131884,1.15087,1.27
False,,21654,4,2026-03-23 09:30:00+00:00,session_time_bias,1.14986,0.0,0.057,tp_sl,WIN,SELL,1.15176,1.6666666666666778,1.14758,1.2
False,,21660,1,2026-03-23 11:00:00+00:00,sr_fib_confluence,1.15641,0.0,0.0322,signal_reverse,LOSS,SELL,1.16087,0.827,1.15187,0.827
False,,21663,1,2026-03-23 11:45:00+00:00,sr_fib_confluence,1.15572,0.0,0.0258,tp_sl,WIN,BUY,1.15043,2.0998677248677358,1.16112,1.285
False,,21666,11,2026-03-23 12:30:00+00:00,xs_momentum,1.16003,0.0,0.0247,tp_sl,WIN,BUY,1.15413,2.2465145754119407,1.16606,1.375
False,,21679,1,2026-03-23 15:45:00+00:00,intraday_seasonality,1.15847,0.0,0.0278,signal_reverse,WIN,SELL,1.16355,2.2492625368731543,1.15328,0.241
False,,21682,7,2026-03-23 16:30:00+00:00,dual_sr_bounce,1.15933,0.0,0.0322,tp_sl,WIN,BUY,1.15673,1.2499999999999691,1.16198,1.2750000000000477
False,2.332,21744,19,2026-03-24 08:00:00+00:00,sr_fib_confluence,1.16013,0.0,0.0625,tp_sl,LOSS,BUY,1.15787,2.1634615384616205,1.16242,2.2067307692309215
False,,21765,2,2026-03-24 13:15:00+00:00,session_time_bias,1.15694,0.0,0.0523,tp_sl,LOSS,SELL,1.15893,1.6597222222221784,1.15455,1.991666666666577
False,,21771,5,2026-03-24 14:45:00+00:00,dual_sr_bounce,1.1588,0.0,0.049,tp_sl,WIN,SELL,1.1604,1.2499999999998623,1.15717,0.765
False,,21778,1,2026-03-24 16:30:00+00:00,intraday_seasonality,1.15876,0.0,0.054,tp_sl,LOSS,BUY,1.15595,2.2647849462365337,1.16162,2.3100806451613285
False,,21836,1,2026-03-25 07:00:00+00:00,sr_fib_confluence,1.16009,0.0,0.0855,tp_sl,WIN,SELL,1.16132,1.6228070175436808,1.15883,1.6552631578947121
False,2.055,21839,1,2026-03-25 07:45:00+00:00,sr_fib_confluence,1.15966,0.0,0.0793,tp_sl,LOSS,SELL,1.1611,1.758130081300958,1.15818,1.7932926829267442
False,,21842,2,2026-03-25 08:30:00+00:00,session_time_bias,1.16108,0.0,0.0691,tp_sl,WIN,SELL,1.16263,1.657801418439711,1.15921,1.194
False,,21846,9,2026-03-25 09:30:00+00:00,session_time_bias,1.15952,0.0,0.0684,tp_sl,LOSS,SELL,1.16112,1.6754385964912188,1.15761,2.0105263157895563
False,,21857,2,2026-03-25 12:15:00+00:00,session_time_bias,1.15946,0.0,0.0619,tp_sl,WIN,SELL,1.16121,1.6587301587302405,1.15737,1.194
False,,21861,2,2026-03-25 13:15:00+00:00,session_time_bias,1.15837,0.0,0.0621,tp_sl,WIN,SELL,1.16065,2.2607260726073415,1.15563,1.628
False,,21866,4,2026-03-25 14:30:00+00:00,london_ny_swing,1.15775,0.0,0.0615,tp_sl,WIN,SELL,1.15951,1.7320261437906588,1.15595,1.06
False,,21872,15,2026-03-25 16:00:00+00:00,xs_momentum,1.15608,0.0,0.0593,tp_sl,LOSS,SELL,1.15862,2.241887905604866,1.1535,2.2867256637169397
False,,21932,1,2026-03-26 07:00:00+00:00,trendline_sweep,1.15582,0.0,0.0867,tp_sl,WIN,SELL,1.15739,2.1000000000001386,1.15421,1.285
False,,21935,12,2026-03-26 07:45:00+00:00,session_time_bias,1.15528,0.0,0.0855,tp_sl,LOSS,SELL,1.15698,2.2478070175439773,1.15322,2.6973684210527726
False,,21949,1,2026-03-26 11:15:00+00:00,session_time_bias,1.1543,0.0,0.0802,tp_sl,WIN,SELL,1.15612,2.2427983539093552,1.15213,1.615
False,1.77,21954,2,2026-03-26 12:30:00+00:00,xs_momentum,1.15265,0.0,0.073,tp_sl,LOSS,SELL,1.15413,1.6573033707866462,1.15115,1.6904494382022694
False,,21958,2,2026-03-26 13:30:00+00:00,sr_fib_confluence,1.15488,0.0,0.0705,tp_sl,WIN,SELL,1.15671,2.0599250936329816,1.15301,1.261
False,,21962,3,2026-03-26 14:30:00+00:00,sr_fib_confluence,1.15424,0.0,0.0634,tp_sl,WIN,SELL,1.15589,1.6666666666668195,1.15255,1.02
False,,21967,1,2026-03-26 15:45:00+00:00,sr_fib_confluence,1.15408,0.0,0.0628,tp_sl,WIN,SELL,1.15584,1.7583333333333062,1.15228,1.076
False,,22028,1,2026-03-27 07:00:00+00:00,sr_fib_confluence,1.15302,0.0,0.1032,tp_sl,WIN,SELL,1.15404,1.626984126984212,1.15197,0.996
False,,22031,10,2026-03-27 07:45:00+00:00,session_time_bias,1.1518,0.0,0.0956,tp_sl,WIN,SELL,1.15294,1.6666666666668095,1.15044,1.2
False,,22043,3,2026-03-27 10:45:00+00:00,session_time_bias,1.15099,0.0,0.0833,tp_sl,WIN,SELL,1.1523,1.6666666666667678,1.14943,1.2
False,1.704,22048,1,2026-03-27 12:00:00+00:00,xs_momentum,1.15023,0.0,0.0855,tp_sl,LOSS,SELL,1.15149,1.666666666666775,1.14893,1.7000000000000932
False,,22051,1,2026-03-27 12:45:00+00:00,session_time_bias,1.15142,0.0,0.0833,tp_sl,LOSS,SELL,1.15272,1.6666666666667678,1.14986,2.0000000000000075
False,,22054,1,2026-03-27 13:30:00+00:00,sr_fib_confluence,1.15295,0.0,0.073,tp_sl,WIN,SELL,1.15453,1.841085271317756,1.15133,1.127
False,,22057,3,2026-03-27 14:15:00+00:00,dt_fib_reversal,1.1527,0.0,0.0705,tp_sl,LOSS,SELL,1.15431,1.8164794007489884,1.15105,1.852808988764058
False,,22062,1,2026-03-27 15:30:00+00:00,dt_fib_reversal,1.15362,0.0,0.0654,tp_sl,WIN,SELL,1.15541,1.8663194444446436,1.15179,1.90364583333343
False,,22066,3,2026-03-27 16:30:00+00:00,london_fix_reversal,1.15196,0.0,0.067,tp_sl,WIN,SELL,1.15321,1.2499999999999734,1.15069,1.2750000000001371
False,,22124,1,2026-03-30 07:00:00+00:00,trendline_sweep,1.15051,0.0,0.0878,tp_sl,WIN,SELL,1.15257,2.792792792792785,1.1484,1.709
False,,22127,2,2026-03-30 07:45:00+00:00,session_time_bias,1.1497,0.0,0.0867,tp_sl,WIN,SELL,1.15095,1.6666666666666312,1.1482,1.2
False,,22137,6,2026-03-30 10:15:00+00:00,session_time_bias,1.14911,0.0,0.0823,tp_sl,WIN,SELL,1.15042,1.6666666666669048,1.14752,2.000000000000173
False,,22149,1,2026-03-30 13:15:00+00:00,trendline_sweep,1.14781,0.0,0.0661,tp_sl,WIN,SELL,1.14979,2.0877192982457347,1.14578,1.278
False,,22152,3,2026-03-30 14:00:00+00:00,xs_momentum,1.14621,0.0,0.0654,tp_sl,WIN,SELL,1.14781,1.6666666666667143,1.14458,1.6999999999998496
False,,22158,3,2026-03-30 15:30:00+00:00,intraday_seasonality,1.1457,0.0,0.0609,tp_sl,WIN,SELL,1.14802,2.2572815533981867,1.14333,1.381
False,,22224,11,2026-03-31 08:00:00+00:00,session_time_bias,1.14661,0.0,0.0867,tp_sl,WIN,SELL,1.14797,1.8111111111111335,1.14498,1.304
False,2.0,22243,3,2026-03-31 12:45:00+00:00,session_time_bias,1.1502,0.0,0.0637,tp_sl,LOSS,SELL,1.1519,1.6666666666667007,1.14816,2.000000000000041
False,2.341,22250,7,2026-03-31 14:30:00+00:00,orb_trap,1.15187,0.0,0.0519,tp_sl,LOSS,SELL,1.15468,2.320936639118431,1.149,2.367355371900866
False,,22259,3,2026-03-31 16:45:00+00:00,intraday_seasonality,1.15408,0.0,0.0465,tp_sl,WIN,BUY,1.15085,2.2395833333333566,1.15737,1.371
False,2.077,22319,2,2026-04-01 07:45:00+00:00,session_time_bias,1.15813,0.0,0.0625,tp_sl,LOSS,SELL,1.15993,1.7307692307692537,1.15597,2.0769230769230194
False,,22323,3,2026-04-01 08:45:00+00:00,dt_sr_channel_reversal,1.15956,0.0,0.0556,signal_reverse,LOSS,SELL,1.16187,0.026,1.15721,0.026
False,,22328,8,2026-04-01 10:00:00+00:00,adx_trend_continuation,1.15966,0.0,0.057,tp_sl,WIN,BUY,1.1567,2.602339181286458,1.16269,1.593
False,,22338,3,2026-04-01 12:30:00+00:00,xs_momentum,1.16136,0.0,0.0607,tp_sl,WIN,BUY,1.15941,1.8302180685357796,1.16336,1.12
False,,22344,1,2026-04-01 14:00:00+00:00,xs_momentum,1.16106,0.0,0.0546,tp_sl,WIN,BUY,1.15848,2.2463768115942453,1.1637,1.375
False,,22347,11,2026-04-01 14:45:00+00:00,xs_momentum,1.1623,0.0,0.0527,signal_reverse,LOSS,BUY,1.15964,2.5,1.16502,2.5
False,,22417,8,2026-04-02 08:15:00+00:00,lin_reg_channel,1.15268,0.0,0.0657,tp_sl,WIN,SELL,1.15407,1.405723905723919,1.15126,1.433838383838514
False,,22427,12,2026-04-02 10:45:00+00:00,intraday_seasonality,1.15116,0.0,0.0714,tp_sl,LOSS,SELL,1.15322,2.2619047619046957,1.14907,2.3071428571427703
False,,22444,7,2026-04-02 15:00:00+00:00,sr_fib_confluence,1.15559,0.0,0.0565,tp_sl,LOSS,BUY,1.15372,1.689189189189253,1.15751,1.7229729729729581
False,,22510,3,2026-04-03 07:30:00+00:00,session_time_bias,1.15441,0.0,0.1275,tp_sl,WIN,SELL,1.15555,2.2385620915035656,1.15304,1.612
False,,22515,13,2026-04-03 08:45:00+00:00,session_time_bias,1.15424,0.0,0.13,tp_sl,LOSS,SELL,1.15536,2.2500000000005294,1.15288,2.7000000000003688
False,,22530,3,2026-04-03 12:30:00+00:00,session_time_bias,1.15324,0.0,0.0956,tp_sl,WIN,SELL,1.15437,1.6666666666668095,1.15187,1.2
False,,22535,1,2026-04-03 13:45:00+00:00,sr_fib_confluence,1.15337,0.0,0.0884,tp_sl,WIN,SELL,1.15472,1.9014084507041722,1.15199,1.164
False,,22538,5,2026-04-03 14:30:00+00:00,xs_momentum,1.15251,0.0,0.0884,tp_sl,WIN,SELL,1.15369,1.666666666666952,1.1513,1.7000000000002538
False,,22545,4,2026-04-03 16:15:00+00:00,xs_momentum,1.15184,0.0,0.0985,tp_sl,WIN,SELL,1.15297,1.6544117647059449,1.1507,1.013
False,1.986,22604,1,2026-04-06 07:00:00+00:00,dt_fib_reversal,1.15292,0.0,0.0929,tp_sl,LOSS,SELL,1.15408,1.6547619047619604,1.15174,1.6878571428570663
False,,22616,2,2026-04-06 10:00:00+00:00,doji_breakout,1.15505,0.0,0.0793,tp_sl,WIN,SELL,1.15643,1.676829268292566,1.15365,1.026
False,,22620,7,2026-04-06 11:00:00+00:00,sr_fib_confluence,1.15431,0.0,0.0765,tp_sl,WIN,BUY,1.153,1.5490196078430973,1.15566,1.5799999999998495
False,,22630,2,2026-04-06 13:30:00+00:00,session_time_bias,1.15554,0.0,0.0848,signal_reverse,LOSS,SELL,1.1572,1.413,1.15354,1.413
False,,22634,1,2026-04-06 14:30:00+00:00,dt_sr_channel_reversal,1.15614,0.0,0.0713,signal_reverse,WIN,SELL,1.1576,1.6666666666667354,1.15464,2.607
False,,22639,1,2026-04-06 15:45:00+00:00,london_fix_reversal,1.15446,0.0,0.069,signal_reverse,WIN,BUY,1.1531,1.5018315018313364,1.15586,0.071
False,,22642,2,2026-04-06 16:30:00+00:00,london_fix_reversal,1.15469,0.0,0.0788,tp_sl,LOSS,BUY,1.15341,1.5000000000001614,1.15599,1.5299999999999139
True,1.2,22700,3,2026-04-07 07:00:00+00:00,dt_bb_rsi_mr,1.15403,0.0,0.1032,tp_sl,LOSS,SELL,1.15465,0.9999999999998546,1.15327,1.1999999999999664
False,,22705,1,2026-04-07 08:15:00+00:00,session_time_bias,1.156,0.0,0.0793,signal_reverse,LOSS,SELL,1.15785,1.683,1.15379,1.683
False,,22708,3,2026-04-07 09:00:00+00:00,session_time_bias,1.15688,0.0,0.0747,tp_sl,WIN,SELL,1.15843,1.7816091954024855,1.15501,1.283
False,,22713,6,2026-04-07 10:15:00+00:00,sr_fib_confluence,1.15558,0.0,0.0691,tp_sl,WIN,BUY,1.15376,1.9326241134753188,1.15743,1.183
False,,22721,1,2026-04-07 12:15:00+00:00,xs_momentum,1.15612,0.0,0.0657,tp_sl,WIN,BUY,1.1539,2.239057239057329,1.15838,1.37
False,,22725,3,2026-04-07 13:15:00+00:00,sr_fib_confluence,1.15601,0.0,0.0647,tp_sl,WIN,BUY,1.15435,1.7182130584192836,1.15771,1.052
False,,22730,14,2026-04-07 14:30:00+00:00,xs_momentum,1.15788,0.0,0.0634,tp_sl,LOSS,BUY,1.15624,1.658249158249256,1.15956,1.6914141414141648
False,,22797,4,2026-04-08 07:15:00+00:00,adx_trend_continuation,1.16958,0.0,0.0504,tp_sl,LOSS,BUY,1.16688,2.093023255813895,1.17233,2.134883720930173
False,,22803,9,2026-04-08 08:45:00+00:00,orb_trap,1.16817,0.0,0.052,tp_sl,WIN,BUY,1.1654,2.2199999999999775,1.17101,2.2643999999999664
False,,22816,4,2026-04-08 12:00:00+00:00,xs_momentum,1.1707,0.0,0.0586,tp_sl,WIN,BUY,1.16819,2.2597597597599606,1.17325,1.383
False,,22823,13,2026-04-08 13:45:00+00:00,xs_momentum,1.16952,0.0,0.051,tp_sl,LOSS,BUY,1.16747,1.666666666666754,1.17161,1.7000000000000528
False,,22895,3,2026-04-09 07:45:00+00:00,wick_imbalance_reversion,1.16634,0.0,0.0985,tp_sl,WIN,BUY,1.16488,2.222222222222314,1.16784,1.36
False,,22901,8,2026-04-09 09:15:00+00:00,ema_cross,1.16766,0.0,0.0915,tp_sl,WIN,BUY,1.16661,1.4906103286382553,1.16874,1.5204225352111267
False,,22915,2,2026-04-09 12:45:00+00:00,xs_momentum,1.16865,0.0,0.089,tp_sl,WIN,BUY,1.16702,2.237442922374487,1.17032,1.369
False,,22920,4,2026-04-09 14:00:00+00:00,xs_momentum,1.16848,0.0,0.0794,tp_sl,WIN,BUY,1.16672,2.2362869198312585,1.17028,1.369
False,,22926,5,2026-04-09 15:30:00+00:00,xs_momentum,1.17,0.0,0.064,tp_sl,WIN,BUY,1.16837,1.6666666666667098,1.17167,1.6999999999999442
True,,22988,1,2026-04-10 07:00:00+00:00,dt_bb_rsi_mr,1.16864,0.0,0.1121,tp_sl,LOSS,BUY,1.16834,0.5172413793102879,1.169,0.6120689655174228
False,,22992,4,2026-04-10 08:00:00+00:00,orb_trap,1.1686,0.0,0.1016,tp_sl,WIN,BUY,1.16762,1.5234375000002658,1.16959,1.5539062500000143
False,,22999,4,2026-04-10 09:45:00+00:00,post_news_vol,1.17108,0.0,0.0783,tp_sl,WIN,BUY,1.16666,5.3313253012047,1.1756,3.263
False,,23008,1,2026-04-10 12:00:00+00:00,xs_momentum,1.17148,0.0,0.0833,tp_sl,WIN,BUY,1.16973,2.2542735042734696,1.17328,1.38
False,,23011,1,2026-04-10 12:45:00+00:00,xs_momentum,1.17213,0.0,0.0774,tp_sl,WIN,BUY,1.17073,1.6567460317460474,1.17354,1.014
False,2.0,23016,9,2026-04-10 14:00:00+00:00,xs_momentum,1.17344,0.0,0.0697,tp_sl,LOSS,BUY,1.17194,1.666666666666483,1.17497,1.6999999999997881
False,,23027,6,2026-04-10 16:45:00+00:00,dual_sr_bounce,1.17211,0.0,0.0753,tp_sl,WIN,BUY,1.17025,2.0880149812733655,1.174,1.278
False,,23093,5,2026-04-13 09:15:00+00:00,orb_trap,1.16884,0.0,0.0903,tp_sl,WIN,BUY,1.16771,1.562500000000059,1.16998,0.956
False,,23113,1,2026-04-13 14:15:00+00:00,london_ny_swing,1.17133,0.0,0.0747,tp_sl,WIN,BUY,1.16919,2.549603174603224,1.17352,1.56
False,,23116,3,2026-04-13 15:00:00+00:00,sr_fib_confluence,1.17081,0.0,0.0721,tp_sl,WIN,BUY,1.16923,1.8199233716474368,1.17243,1.114
False,,23121,1,2026-04-13 16:15:00+00:00,xs_momentum,1.17135,0.0,0.0779,tp_sl,WIN,BUY,1.16941,2.2480620155038866,1.17332,1.376
False,,23182,9,2026-04-14 07:30:00+00:00,post_news_vol,1.1788,0.0,0.0793,tp_sl,WIN,BUY,1.1771,2.0833333333334423,1.18055,1.275
False,,23201,3,2026-04-14 12:15:00+00:00,xs_momentum,1.18006,0.0,0.0783,tp_sl,WIN,BUY,1.1782,2.238955823293394,1.18195,1.37
False,,23208,3,2026-04-14 14:00:00+00:00,xs_momentum,1.18013,0.0,0.0697,tp_sl,WIN,BUY,1.17811,2.2499999999999374,1.1822,1.377
False,,23215,10,2026-04-14 15:45:00+00:00,sr_fib_confluence,1.1791,0.0,0.069,tp_sl,WIN,BUY,1.17748,1.785714285714272,1.18076,1.093
True,,23290,7,2026-04-15 10:30:00+00:00,dt_sr_channel_reversal,1.17796,0.0,0.0844,tp_sl,WIN,BUY,1.17719,0.9999999999999187,1.17889,0.72
False,,23300,3,2026-04-15 13:00:00+00:00,dual_sr_bounce,1.17867,0.0,0.0738,signal_reverse,LOSS,SELL,1.18043,0.559,1.17687,0.559
False,,23305,3,2026-04-15 14:15:00+00:00,xs_momentum,1.17997,0.0,0.0697,tp_sl,WIN,BUY,1.17795,2.2499999999999374,1.18204,1.377
False,,23312,15,2026-04-15 16:00:00+00:00,xs_momentum,1.18025,0.0,0.0788,signal_reverse,LOSS,BUY,1.17833,0.616,1.1822,0.616
False,,23386,2,2026-04-16 10:30:00+00:00,dt_sr_channel_reversal,1.17782,0.0,0.0855,tp_sl,WIN,BUY,1.17683,1.304824561403584,1.17884,1.3309210526315038
False,,23390,1,2026-04-16 11:30:00+00:00,dual_sr_bounce,1.17833,0.0,0.0878,tp_sl,WIN,SELL,1.17988,2.083333333333179,1.17676,1.275
False,,23402,7,2026-04-16 14:30:00+00:00,wick_imbalance_reversion,1.17803,0.0,0.0826,tp_sl,WIN,BUY,1.17632,2.2478070175439773,1.17978,1.376
False,,23488,1,2026-04-17 12:00:00+00:00,xs_momentum,1.17992,0.0,0.1032,tp_sl,WIN,BUY,1.17851,2.2354497354495773,1.18135,1.368
False,,23491,1,2026-04-17 12:45:00+00:00,xs_momentum,1.18358,0.0,0.0739,tp_sl,WIN,BUY,1.18211,1.6761363636364943,1.18509,1.026
False,,23494,3,2026-04-17 13:30:00+00:00,xs_momentum,1.18362,0.0,0.0609,tp_sl,LOSS,BUY,1.1819,1.674757281553375,1.18538,1.7082524271843822
False,2.15,23499,8,2026-04-17 14:45:00+00:00,sr_fib_confluence,1.18142,0.0,0.0546,tp_sl,LOSS,BUY,1.17913,1.9927536231885243,1.18376,2.032608695652264
True,,23565,1,2026-04-20 07:15:00+00:00,dt_bb_rsi_mr,1.17657,0.0,0.0915,tp_sl,WIN,SELL,1.17704,0.6631455399062257,1.176,0.7957746478875334
False,,23570,2,2026-04-20 08:30:00+00:00,session_time_bias,1.17613,0.0,0.0915,tp_sl,WIN,SELL,1.17773,2.26525821596227,1.1742,1.631
False,,23575,7,2026-04-20 09:45:00+00:00,orb_trap,1.1766,0.0,0.089,tp_sl,WIN,BUY,1.17494,2.271689497717177,1.17829,1.39
False,2.688,23584,5,2026-04-20 12:00:00+00:00,session_time_bias,1.17573,0.0,0.0844,tp_sl,LOSS,SELL,1.17746,2.24025974025971,1.17366,2.6883116883117095
False,,23596,1,2026-04-20 15:00:00+00:00,wick_imbalance_reversion,1.17749,0.0,0.0721,tp_sl,WIN,BUY,1.17554,2.2413793103447084,1.17948,1.372
False,,23600,13,2026-04-20 16:00:00+00:00,wick_imbalance_reversion,1.17867,0.0,0.0779,tp_sl,LOSS,BUY,1.17673,2.2480620155038866,1.18064,2.293023255814052
False,1.86,23661,1,2026-04-21 07:15:00+00:00,dt_fib_reversal,1.17752,0.0,0.114,tp_sl,LOSS,BUY,1.17664,1.5497076023392053,1.17843,1.5807017543860362
False,,23664,23,2026-04-21 08:00:00+00:00,session_time_bias,1.17566,0.0,0.1,signal_reverse,LOSS,SELL,1.17712,1.815,1.17391,1.815
False,1.963,23690,1,2026-04-21 14:30:00+00:00,sr_fib_confluence,1.17719,0.0,0.086,tp_sl,LOSS,BUY,1.17588,1.7922374429225574,1.17853,1.8280821917808443
False,,23693,6,2026-04-21 15:15:00+00:00,post_news_vol,1.17459,0.0,0.0705,tp_sl,WIN,SELL,1.17871,4.634831460674084,1.17038,2.837
False,,23756,4,2026-04-22 07:00:00+00:00,dt_sr_channel_reversal,1.175,0.0,0.0878,signal_reverse,LOSS,SELL,1.17623,0.527,1.17352,0.527
False,,23762,1,2026-04-22 08:30:00+00:00,sr_fib_confluence,1.1751,0.0,0.0844,tp_sl,WIN,BUY,1.17352,2.045454545454392,1.1767,1.252
False,2.327,23765,9,2026-04-22 09:15:00+00:00,sr_fib_confluence,1.17521,0.0,0.0867,tp_sl,LOSS,BUY,1.17374,1.955555555555636,1.1767,1.994666666666589
False,,23776,3,2026-04-22 12:00:00+00:00,sr_fib_confluence,1.17314,0.0,0.0867,tp_sl,WIN,SELL,1.17442,1.7111111111110706,1.17183,1.047
False,,23781,5,2026-04-22 13:15:00+00:00,sr_fib_confluence,1.17318,0.0,0.0756,tp_sl,WIN,SELL,1.17469,1.8273092369477237,1.17163,1.118
False,,23788,1,2026-04-22 15:00:00+00:00,dt_bb_rsi_mr,1.17202,0.0,0.0682,signal_reverse,LOSS,BUY,1.17037,0.789,1.17371,0.789
False,,23791,23,2026-04-22 15:45:00+00:00,xs_momentum,1.17123,0.0,0.069,signal_reverse,WIN,SELL,1.17274,1.666666666666605,1.16968,0.609
False,,23850,9,2026-04-23 07:30:00+00:00,session_time_bias,1.16969,0.0,0.1032,tp_sl,WIN,SELL,1.17074,1.6534391534390593,1.16844,1.9841269841269418
False,,23861,5,2026-04-23 10:15:00+00:00,session_time_bias,1.16826,0.0,0.089,tp_sl,LOSS,SELL,1.16946,1.6552511415524052,1.16681,1.986301369862947
False,,23868,1,2026-04-23 12:00:00+00:00,sr_fib_confluence,1.16949,0.0,0.0823,tp_sl,WIN,SELL,1.17097,1.8670886075950823,1.16799,1.143
False,,23871,2,2026-04-23 12:45:00+00:00,sr_fib_confluence,1.16911,0.0,0.0756,tp_sl,WIN,SELL,1.17074,1.8992248062015995,1.16744,1.162
False,,23875,1,2026-04-23 13:45:00+00:00,sr_fib_confluence,1.16902,0.0,0.069,signal_reverse,LOSS,SELL,1.17072,1.753,1.16728,1.753
False,,23878,2,2026-04-23 14:30:00+00:00,xs_momentum,1.17078,0.0,0.0682,tp_sl,WIN,BUY,1.16925,1.6666666666667245,1.17235,1.02
False,2.098,23882,5,2026-04-23 15:30:00+00:00,sr_fib_confluence,1.17033,0.0,0.0682,tp_sl,LOSS,BUY,1.16872,1.7481884057969692,1.17197,1.7831521739129714
False,,23946,1,2026-04-24 07:30:00+00:00,dual_sr_bounce,1.16854,0.0,0.114,tp_sl,WIN,BUY,1.16736,2.0760233918128317,1.16975,1.271
False,,23949,3,2026-04-24 08:15:00+00:00,sr_fib_confluence,1.16919,0.0,0.1,signal_reverse,LOSS,BUY,1.1681,1.154,1.17031,1.154
False,,23954,2,2026-04-24 09:30:00+00:00,sr_fib_confluence,1.16883,0.0,0.0985,tp_sl,WIN,BUY,1.168,1.2500000000001146,1.16967,0.765
False,,23958,1,2026-04-24 10:30:00+00:00,sr_fib_confluence,1.17009,0.0,0.0942,tp_sl,WIN,BUY,1.16884,1.7995169082124427,1.17135,1.101
False,,23964,14,2026-04-24 12:00:00+00:00,xs_momentum,1.17161,0.0,0.0802,tp_sl,LOSS,BUY,1.16979,2.2427983539093552,1.17346,2.2876543209875093
False,,23982,12,2026-04-24 16:30:00+00:00,london_fix_reversal,1.17157,0.0,0.0807,tp_sl,LOSS,BUY,1.17033,1.495983935742874,1.17283,1.5259036144579028
False,,24047,12,2026-04-27 08:45:00+00:00,post_news_vol,1.17488,0.0,0.0915,tp_sl,LOSS,BUY,1.17243,3.4624413145541566,1.17739,3.531690140845221
False,,24071,1,2026-04-27 14:45:00+00:00,dual_sr_bounce,1.17354,0.0,0.0756,tp_sl,WIN,SELL,1.17481,1.5361445783131507,1.17224,0.94
True,0.566,24074,1,2026-04-27 15:30:00+00:00,dt_bb_rsi_mr,1.17346,0.0,0.0784,tp_sl,LOSS,BUY,1.17302,0.5596354166667594,1.174,0.6715625000000558
False,,24078,8,2026-04-27 16:30:00+00:00,dt_fib_reversal,1.17297,0.0,0.0905,tp_sl,LOSS,BUY,1.17178,1.5990990990993732,1.17417,1.6310810810813245
False,,24138,7,2026-04-28 07:30:00+00:00,session_time_bias,1.16944,0.0,0.0956,tp_sl,WIN,SELL,1.17095,2.2303921568626626,1.16762,1.606
False,,24148,7,2026-04-28 10:00:00+00:00,session_time_bias,1.16904,0.0,0.089,tp_sl,WIN,SELL,1.17026,1.6780821917808653,1.16756,1.208
False,,24158,3,2026-04-28 12:30:00+00:00,htf_false_breakout,1.16952,0.0,0.0823,tp_sl,WIN,BUY,1.16716,2.9957805907172506,1.17194,1.833
False,1.741,24163,5,2026-04-28 13:45:00+00:00,trendline_sweep,1.1696,0.0,0.0747,tp_sl,LOSS,SELL,1.17096,1.626984126984212,1.1682,1.659523809523949
False,,24172,5,2026-04-28 16:00:00+00:00,london_fix_reversal,1.17123,0.0,0.0788,tp_sl,WIN,SELL,1.1723,1.2549019607841756,1.17014,0.768
False,,24233,2,2026-04-29 07:15:00+00:00,dual_sr_bounce,1.17043,0.0,0.1,tp_sl,WIN,SELL,1.17164,1.8717948717948365,1.16918,1.146
False,,24237,9,2026-04-29 08:15:00+00:00,sr_fib_confluence,1.1698,0.0,0.0942,signal_reverse,LOSS,SELL,1.17129,1.71,1.16829,1.71
False,,24248,2,2026-04-29 11:00:00+00:00,sr_fib_confluence,1.17056,0.0,0.0985,signal_reverse,LOSS,BUY,1.16945,0.818,1.17169,0.818
False,,24254,2,2026-04-29 12:30:00+00:00,session_time_bias,1.16989,0.0,0.0915,tp_sl,WIN,SELL,1.17107,1.6666666666666394,1.16847,1.2
False,,24258,8,2026-04-29 13:30:00+00:00,session_time_bias,1.16862,0.0,0.0826,tp_sl,LOSS,SELL,1.17033,2.247807017543685,1.16657,2.6973684210524804
False,,24268,7,2026-04-29 16:00:00+00:00,london_fix_reversal,1.16911,0.0,0.0753,tp_sl,WIN,SELL,1.17045,1.4981273408238052,1.16775,1.5280898876402313
False,,24328,3,2026-04-30 07:00:00+00:00,sr_fib_confluence,1.16813,0.0,0.0929,tp_sl,WIN,BUY,1.16693,1.7142857142855255,1.16935,1.7485714285712741
False,,24333,2,2026-04-30 08:15:00+00:00,sr_fib_confluence,1.16875,0.0,0.0802,tp_sl,LOSS,BUY,1.16737,1.7078189300411013,1.17017,1.7419753086420384
False,1.816,24337,3,2026-04-30 09:15:00+00:00,dt_fib_reversal,1.1686,0.0,0.0747,tp_sl,LOSS,SELL,1.16991,1.51340996168604,1.16725,1.5436781609196484
False,,24343,15,2026-04-30 10:45:00+00:00,post_news_vol,1.17153,0.0,0.0657,tp_sl,WIN,BUY,1.16711,4.46969696969687,1.17605,2.735
False,,24360,13,2026-04-30 15:00:00+00:00,xs_momentum,1.17346,0.0,0.0494,tp_sl,LOSS,BUY,1.17135,1.6666666666665704,1.17562,1.7000000000000173
False,,24425,3,2026-05-01 07:15:00+00:00,post_news_vol,1.17402,0.0,0.0956,tp_sl,WIN,BUY,1.17137,3.9093137254903367,1.17674,2.392
False,,24430,10,2026-05-01 08:30:00+00:00,adx_trend_continuation,1.17456,0.0,0.0813,tp_sl,WIN,BUY,1.17115,4.260416666666544,1.17803,2.607
False,,24444,1,2026-05-01 12:00:00+00:00,xs_momentum,1.17588,0.0,0.0747,tp_sl,WIN,BUY,1.17442,1.666666666666866,1.17735,1.02
False,,24448,2,2026-05-01 13:00:00+00:00,xs_momentum,1.17599,0.0,0.0721,tp_sl,LOSS,BUY,1.17454,1.6666666666666108,1.17747,1.6999999999997542
False,,24452,5,2026-05-01 14:00:00+00:00,xs_momentum,1.17792,0.0,0.0592,tp_sl,LOSS,BUY,1.17616,1.6666666666666927,1.17972,1.7000000000000768
False,,24459,4,2026-05-01 15:45:00+00:00,sr_fib_confluence,1.17553,0.0,0.0586,tp_sl,LOSS,BUY,1.17362,1.783489096573064,1.17748,1.8191588785045338
False,,24523,8,2026-05-04 07:45:00+00:00,session_time_bias,1.17172,0.0,0.0903,tp_sl,WIN,SELL,1.17333,2.2453703703705856,1.16978,2.6944444444445175
False,,24535,5,2026-05-04 10:45:00+00:00,session_time_bias,1.1704,0.0,0.0714,tp_sl,WIN,SELL,1.17193,1.6758241758241743,1.16857,1.207
False,,24542,2,2026-05-04 12:30:00+00:00,intraday_seasonality,1.17087,0.0,0.0707,signal_reverse,LOSS,BUY,1.1688,0.272,1.17297,0.272
False,,24546,2,2026-05-04 13:30:00+00:00,sr_fib_confluence,1.17149,0.0,0.0668,tp_sl,WIN,SELL,1.17297,1.5780141843971074,1.16997,0.966
False,,24550,2,2026-05-04 14:30:00+00:00,trendline_sweep,1.1708,0.0,0.069,tp_sl,WIN,SELL,1.17269,2.0787545787545327,1.16887,1.272
False,,24557,1,2026-05-04 16:15:00+00:00,london_fix_reversal,1.16913,0.0,0.0632,signal_reverse,LOSS,BUY,1.16753,0.947,1.17076,0.947
